{"type": "FeatureCollection", "features": [{"type": "Feature", "properties": {"id": "city-56701000", "name": "ГО Пенза", "region": "Пензенская область", "isCity": true, "sourceOktmo": "56-701-000-000", "sourceAgg": "Пенза", "excelNames": ["ГО Пенза"], "oktmo": "56701000", "vgp": [{"year": 2019, "value": 416425103.38906753}, {"year": 2020, "value": 446906068.6561414}, {"year": 2021, "value": 448961198.74098366}, {"year": 2022, "value": 582304987.9151936}, {"year": 2023, "value": 642998814.0350639}, {"year": 2024, "value": 783039255.3675101}], "population": [{"year": 2019, "value": 522317.0}, {"year": 2020, "value": 520300.0}, {"year": 2021, "value": 516450.0}, {"year": 2022, "value": 509513.0}, {"year": 2023, "value": 492376.0}, {"year": 2024, "value": 488299.0}, {"year": 2025, "value": 487978.0}], "shipments": [{"year": 2019, "value": 156196199.5}, {"year": 2020, "value": 174372716.1}, {"year": 2021, "value": 207960371.8}, {"year": 2022, "value": 225829611.2}, {"year": 2023, "value": 252371151.0}, {"year": 2024, "value": 313040151.9}], "employees": [{"year": 2019, "value": 129489.0}, {"year": 2020, "value": 128701.0}, {"year": 2021, "value": 128034.0}, {"year": 2022, "value": 126172.0}, {"year": 2023, "value": 125017.0}, {"year": 2024, "value": 126934.0}], "investments": [{"year": 2019, "value": 19496934.0}, {"year": 2020, "value": 23594963.0}, {"year": 2021, "value": 24956687.0}, {"year": 2022, "value": 26077451.0}, {"year": 2023, "value": 33473871.0}, {"year": 2024, "value": 38567350.0}], "vgp2024": 783039255.3675101, "pop2024": 488299.0, "ship2024": 313040151.9, "emp2024": 126934.0, "inv2024": 38567350.0}, "geometry": {"type": "MultiPolygon", "coordinates": [[[[45.2292603, 53.1979969], [45.2269655, 53.19686240000001], [45.222317499999996, 53.1976108], [45.221470599999996, 53.19720039999999], [45.2192521, 53.1961155], [45.2188464, 53.1960197], [45.21719819999999, 53.195679500000004], [45.2171433, 53.19590839999999], [45.2165619, 53.1966896], [45.2125278, 53.19950469999999], [45.2110145, 53.2004931], [45.2108282, 53.2004219], [45.21076819999999, 53.2003989], [45.210715799999996, 53.2003789], [45.2105103, 53.200300299999995], [45.2087347, 53.2013757], [45.2068851, 53.202121], [45.2048952, 53.2027457], [45.1961992, 53.20384930000001], [45.1941381, 53.204110899999996], [45.187328199999996, 53.2049618], [45.18450179999999, 53.2053589], [45.18277609999999, 53.2033452], [45.18207099999999, 53.20302989999999], [45.1819024, 53.2032812], [45.182228699999996, 53.2053466], [45.181451, 53.20581640000001], [45.14467379999999, 53.210642899999996], [45.1171563, 53.208123699999994], [45.1221345, 53.2013507], [45.12224, 53.20098349999999], [45.1248532, 53.1918877], [45.139114899999996, 53.1812116], [45.1447437, 53.18032229999999], [45.1490064, 53.1779895], [45.1574613, 53.17216019999999], [45.148172499999994, 53.167417799999996], [45.1385953, 53.1627843], [45.148792, 53.1552366], [45.14273849999999, 53.152324199999995], [45.1426435, 53.1522785], [45.1369834, 53.155802200000004], [45.136316099999995, 53.1562176], [45.1346511, 53.1573066], [45.12855859999999, 53.1576232], [45.12653519999999, 53.15682989999999], [45.1254439, 53.1564021], [45.1203344, 53.153776900000004], [45.1184476, 53.15282739999999], [45.1180734, 53.15263910000001], [45.117158399999994, 53.1522009], [45.11399159999999, 53.1506843], [45.113189799999994, 53.15030480000001], [45.1081623, 53.148027899999995], [45.096168999999996, 53.1427201], [45.09482479999999, 53.141833500000004], [45.09567179999999, 53.1393944], [45.092830799999994, 53.1377791], [45.0897306, 53.13612880000001], [45.08509959999999, 53.1340385], [45.0846104, 53.1335417], [45.0836471, 53.13294530000001], [45.07635320000001, 53.13241850000001], [45.073881099999994, 53.13259239999999], [45.06768199999999, 53.132052099999996], [45.06660359999999, 53.1305102], [45.073898899999996, 53.129121], [45.071896599999995, 53.12510129999999], [45.0874664, 53.123389399999986], [45.08586679999999, 53.1213551], [45.0879559, 53.11966199999999], [45.086022699999994, 53.115384500000005], [45.08280349999999, 53.114603], [45.0796546, 53.1168279], [45.066827599999996, 53.11944470000001], [45.065122699999996, 53.1198888], [45.063241299999994, 53.1222185], [45.0646781, 53.124617799999996], [45.0620908, 53.12705390000001], [45.0620984, 53.1271329], [45.06235699999999, 53.12983620000001], [45.06124729999999, 53.1305243], [45.062886, 53.1330056], [45.06237699999999, 53.13583069999999], [45.0609077, 53.1384031], [45.0569867, 53.1422765], [45.05055350000001, 53.1444911], [45.04879940000001, 53.14485990000001], [45.04862849999999, 53.14489379999999], [45.0469698, 53.1452223], [45.0432663, 53.1458112], [45.040952999999995, 53.1478011], [45.040264099999995, 53.14969589999999], [45.035205299999994, 53.149082899999996], [45.03210159999999, 53.14888109999998], [45.03087969999999, 53.1487742], [45.029698599999996, 53.1484927], [45.030895699999995, 53.1476632], [45.0276268, 53.1457922], [45.027586199999995, 53.1457041], [45.0275431, 53.14561059999999], [45.028306, 53.1440606], [45.0280728, 53.1440389], [45.0291607, 53.14262430000001], [45.0300856, 53.141538100000005], [45.03034319999999, 53.141223399999994], [45.030767, 53.14069570000001], [45.03324949999999, 53.1377069], [45.0346999, 53.13548269999999], [45.029009599999995, 53.1335018], [45.02161639999999, 53.133734], [45.0219313, 53.131527], [45.0236101, 53.1302642], [45.031372, 53.125583500000005], [45.0253222, 53.1220653], [45.0227441, 53.123581900000005], [45.022917899999996, 53.1220029], [45.0229418, 53.12178549999999], [45.02666, 53.121378199999995], [45.0281626, 53.121668299999996], [45.029553199999995, 53.118125], [45.0314379, 53.11336270000001], [45.0383869, 53.10857279999999], [45.0433941, 53.107278900000004], [45.0556304, 53.1034403], [45.0602461, 53.0990157], [45.05914669999999, 53.099020399999986], [45.051642599999994, 53.099052300000004], [45.0394299, 53.1017136], [45.02037349999999, 53.10749280000001], [45.01482940000001, 53.105198099999996], [45.0108164, 53.10675069999999], [45.0042494, 53.1065999], [45.0013923, 53.1077703], [45.00035979999999, 53.1136885], [44.99743539999999, 53.1146585], [44.998511699999995, 53.1168096], [44.99274429999999, 53.118416800000006], [44.989766, 53.11846], [44.985141399999996, 53.122495900000004], [44.9854851, 53.12268819999999], [44.98614709999999, 53.123165699999994], [44.9866285, 53.1236833], [44.986835799999994, 53.1240324], [44.9866285, 53.12427709999999], [44.9863544, 53.12434129999999], [44.98595319999999, 53.124192900000004], [44.98562559999999, 53.1240003], [44.98527119999999, 53.123892], [44.9845758, 53.12380370000001], [44.9844086, 53.12390400000001], [44.9843953, 53.124244999999995], [44.984315, 53.124578099999994], [44.984268199999995, 53.12485490000001], [44.9843953, 53.1250355], [44.984642699999995, 53.1251558], [44.98497029999999, 53.12520399999999], [44.98514409999999, 53.12524009999999], [44.985338, 53.1252481], [44.9857392, 53.1250796], [44.986, 53.1249231], [44.9861605, 53.124895], [44.9863477, 53.1250515], [44.986300799999995, 53.1252879], [44.9863308, 53.12540249999999], [44.9864798, 53.1255393], [44.98668829999999, 53.1260397], [44.98683989999999, 53.1265061], [44.98674509999999, 53.1269041], [44.9868968, 53.12746149999999], [44.9872001, 53.1276776], [44.9879204, 53.1278027], [44.9885648, 53.1276889], [44.9888681, 53.1278482], [44.98879229999999, 53.12826900000001], [44.988508, 53.128667099999994], [44.988299500000004, 53.12898549999999], [44.9885648, 53.1293267], [44.988830199999995, 53.1296565], [44.98898869999999, 53.13035849999999], [44.98898869999999, 53.13066059999999], [44.9886617, 53.131073199999996], [44.9881289, 53.131317], [44.98738959999999, 53.1315672], [44.98683989999999, 53.131806], [44.986422899999994, 53.13207890000001], [44.9862334, 53.132442899999994], [44.986385, 53.1327272], [44.9867072, 53.132875], [44.9871622, 53.13297740000001], [44.987730799999994, 53.1330115], [44.988375299999994, 53.133000100000004], [44.98884919999999, 53.1332162], [44.9889818, 53.1335005], [44.988830199999995, 53.133784799999994], [44.9886975, 53.13411459999999], [44.9886786, 53.13452399999999], [44.98939879999999, 53.1348196], [44.9894842, 53.13497910000001], [44.9870398, 53.135025399999996], [44.98689639999999, 53.13553989999998], [44.9876281, 53.1382253], [44.9875655, 53.1392336], [44.9860007, 53.13561039999999], [44.9810626, 53.1364182], [44.9756453, 53.134025199999996], [44.97687809999999, 53.1318847], [44.97327179999999, 53.13116680000001], [44.968544599999994, 53.133911199999986], [44.967214399999996, 53.1330147], [44.9668516, 53.132932600000004], [44.964715899999995, 53.1305898], [44.9643435, 53.130176500000005], [44.9635452, 53.129312999999996], [44.9634885, 53.129259299999994], [44.9633692, 53.1291283], [44.96237429999999, 53.128045500000006], [44.95898609999999, 53.12916329999999], [44.9592454, 53.1307405], [44.9585922, 53.13101760000001], [44.958389, 53.1311058], [44.95317759999999, 53.1337264], [44.9547046, 53.1367213], [44.968767299999996, 53.1378666], [44.9643859, 53.1435049], [44.96318960000001, 53.14504430000001], [44.9629186, 53.145393], [44.957107199999996, 53.1434434], [44.947127599999995, 53.1436139], [44.93992589999999, 53.1431999], [44.936729799999995, 53.143298], [44.92851879999999, 53.1430938], [44.92796680000001, 53.14473819999999], [44.9277202, 53.1454731], [44.92737379999999, 53.1465049], [44.927, 53.1476184], [44.942357699999995, 53.153733599999995], [44.94273449999999, 53.149813400000006], [44.94815369999999, 53.14444660000001], [44.9501118, 53.144788199999994], [44.9566626, 53.14709260000001], [44.956618, 53.1477546], [44.953232699999994, 53.1477276], [44.9532598, 53.1475651], [44.9507697, 53.1474281], [44.947147199999996, 53.1471827], [44.9464439, 53.1540205], [44.9460562, 53.15521530000001], [44.9493426, 53.1567321], [44.9497717, 53.1580446], [44.95154509999999, 53.158210499999996], [44.9494383, 53.16002149999999], [44.943883299999996, 53.1640929], [44.9419778, 53.16355870000001], [44.939549199999995, 53.16578390000001], [44.937335499999996, 53.16817919999999], [44.9313159, 53.174692099999994], [44.922081399999996, 53.171775999999994], [44.9305291, 53.162419799999995], [44.9278768, 53.1618705], [44.922473, 53.16547729999999], [44.91685089999999, 53.16922950000001], [44.9180367, 53.1735793], [44.9123909, 53.179454], [44.9093475, 53.182558300000004], [44.904949499999994, 53.1881709], [44.9023059, 53.188857699999986], [44.9015191, 53.1887806], [44.90059229999999, 53.187584], [44.8979458, 53.1870954], [44.89577129999999, 53.188853800000004], [44.8884491, 53.1884784], [44.889787899999995, 53.1982766], [44.889799200000006, 53.198359199999985], [44.8901832, 53.2017925], [44.89018469999999, 53.2018063], [44.8898432, 53.2021674], [44.8838646, 53.208487500000004], [44.87604579999999, 53.2090629], [44.87555509999999, 53.209099], [44.87545349999999, 53.20910649999998], [44.8754813, 53.2091894], [44.875601, 53.2095466], [44.877453800000005, 53.2150757], [44.87852809999999, 53.2164638], [44.87513049999999, 53.2176328], [44.869656, 53.222575799999994], [44.86535309999999, 53.2290183], [44.85937989999999, 53.227705199999996], [44.858809199999996, 53.2315163], [44.86063239999999, 53.232062499999984], [44.85682789999999, 53.234680499999996], [44.858781099999995, 53.235927199999985], [44.85459279999999, 53.2378959], [44.8438047, 53.240058], [44.8395965, 53.2432334], [44.82975849999999, 53.245713899999984], [44.83160639999999, 53.2479865], [44.8463069, 53.25399929999999], [44.8462803, 53.257207099999995], [44.850781899999994, 53.25945919999999], [44.8704299, 53.2821884], [44.8876448, 53.2808212], [44.8894066, 53.2802616], [44.89046359999999, 53.281133700000005], [44.8912138, 53.2817518], [44.892022399999995, 53.2826832], [44.8925155, 53.28394479999999], [44.892476, 53.28512390000001], [44.8927916, 53.286326499999994], [44.8936593, 53.2870574], [44.894743999999996, 53.28783550000001], [44.8957695, 53.28821279999999], [44.8968617, 53.288588299999994], [44.8981047, 53.28831280000001], [44.89922099999999, 53.28763849999999], [44.9018691, 53.287350700000005], [44.9042765, 53.2872931], [44.906058, 53.2865735], [44.9079358, 53.2857676], [44.909620999999994, 53.285364599999994], [44.91212469999999, 53.285364599999994], [44.9139543, 53.285364599999994], [44.9157358, 53.2849041], [44.9179988, 53.28427080000001], [44.9220914, 53.2841556], [44.92469659999999, 53.2842157], [44.925243699999996, 53.2842011], [44.925517, 53.2841339], [44.92648679999999, 53.28397679999998], [44.92805280000001, 53.28383449999999], [44.92998759999999, 53.2840117], [44.9318059, 53.283752799999995], [44.933314, 53.2839746], [44.9347387, 53.28404020000001], [44.93826909999999, 53.2832921], [44.9413506, 53.2828603], [44.9442395, 53.28248610000001], [44.94751359999999, 53.2821694], [44.950258, 53.28199669999999], [44.9562661, 53.2802409], [44.9767847, 53.2789948], [44.9885333, 53.2737308], [44.996415299999995, 53.2741952], [44.9972879, 53.273679099999995], [44.997382, 53.273631300000005], [45.0004418, 53.27344289999999], [45.00049909999999, 53.2734466], [45.0009012, 53.2734493], [45.00113629999999, 53.2733585], [45.001528799999996, 53.27326010000001], [45.0020552, 53.273238299999996], [45.0035469, 53.272887399999995], [45.0114438, 53.272842100000005], [45.0146256, 53.2712919], [45.01780519999999, 53.27211679999999], [45.0185703, 53.2707295], [45.01898909999999, 53.2690666], [45.0249743, 53.26946519999999], [45.0458522, 53.26934289999999], [45.0476286, 53.26754869999999], [45.0489149, 53.264916199999995], [45.04866609999999, 53.256811500000005], [45.0636742, 53.2545761], [45.0685718, 53.25392639999999], [45.0741406, 53.25333449999999], [45.078847999999994, 53.2535874], [45.0803985, 53.2492628], [45.0805276, 53.24863150000001], [45.0810342, 53.2463721], [45.081333099999995, 53.245227099999994], [45.0818987, 53.2431841], [45.09065869999999, 53.2433188], [45.09205519999999, 53.24404439999999], [45.093641299999994, 53.245623599999995], [45.09403819999999, 53.24658659999999], [45.0922036, 53.2474469], [45.09185719999999, 53.248015900000006], [45.09179429999999, 53.248132999999996], [45.09153309999999, 53.24883830000001], [45.0897246, 53.2499422], [45.0908732, 53.2517009], [45.08790929999999, 53.25280849999999], [45.08648579999999, 53.2538069], [45.086776, 53.2541701], [45.08779140000001, 53.25641890000001], [45.098201499999995, 53.26061800000001], [45.1048877, 53.2686275], [45.108706399999996, 53.270730199999996], [45.1094773, 53.271096899999996], [45.110262, 53.2710941], [45.111313, 53.27082939999999], [45.11221869999999, 53.27076739999999], [45.112820299999996, 53.2708625], [45.113656899999995, 53.2708625], [45.1139888, 53.27097], [45.1155237, 53.27202849999999], [45.1181995, 53.271714300000006], [45.1200525, 53.2708749], [45.1216566, 53.2704945], [45.12375149999999, 53.2704573], [45.12442219999999, 53.2705276], [45.12477479999999, 53.270357999999995], [45.12583959999999, 53.2704738], [45.1267938, 53.2702009], [45.128840399999994, 53.269899099999996], [45.1318134, 53.271226399999996], [45.131930999999994, 53.27153239999999], [45.1324011, 53.271801100000005], [45.1326086, 53.27229319999999], [45.132574, 53.2730705], [45.13276929999999, 53.27346519999999], [45.1339489, 53.2737557], [45.1456609, 53.280355299999975], [45.1528349, 53.27864809999999], [45.1574853, 53.28033479999999], [45.1578306, 53.2804072], [45.15810019999999, 53.2804676], [45.15895259999999, 53.28041730000001], [45.1595275, 53.2802465], [45.16000319999999, 53.28015709999998], [45.16028479999999, 53.280221499999996], [45.16070969999999, 53.280475900000006], [45.161129, 53.28052480000001], [45.16173369999999, 53.28041499999999], [45.16213489999999, 53.2801381], [45.1620724, 53.2798789], [45.1612646, 53.2791714], [45.16111149999999, 53.278759199999996], [45.1611619, 53.278504], [45.1613604, 53.2783372], [45.1616444, 53.278277100000004], [45.1623609, 53.278354], [45.1631877, 53.2784748], [45.1641981, 53.2785957], [45.164896299999995, 53.2787495], [45.16511679999999, 53.2793207], [45.1642281, 53.2795194], [45.1637637, 53.2798454], [45.1638041, 53.28024369999999], [45.16425840000001, 53.2804852], [45.164813599999995, 53.28052139999999], [45.165116499999996, 53.280286], [45.16559099999999, 53.280032500000004], [45.16588019999999, 53.28011719999999], [45.1659375, 53.280544899999995], [45.166216199999994, 53.280975299999994], [45.166871099999994, 53.28147649999998], [45.1666233, 53.2817575], [45.1662779, 53.2821665], [45.16640079999999, 53.2823278], [45.1669733, 53.2823816], [45.167020099999995, 53.28264529999999], [45.16698639999999, 53.282929700000004], [45.1666534, 53.2831174], [45.1664491, 53.283322], [45.165990699999995, 53.28346729999999], [45.1659951, 53.2836122], [45.1663683, 53.283829000000004], [45.16659700000001, 53.283855100000004], [45.16684099999999, 53.2837995], [45.16761, 53.2834487], [45.1679649, 53.2834251], [45.16854299999999, 53.28352629999999], [45.16891209999999, 53.28369120000001], [45.1688641, 53.28381159999999], [45.1686699, 53.2840363], [45.16875079999999, 53.2842032], [45.1689449, 53.28439040000001], [45.1692959, 53.2844747], [45.16991170000001, 53.2846317], [45.17054769999999, 53.2845532], [45.170916399999996, 53.2841848], [45.1706424, 53.2838714], [45.17065839999999, 53.28333820000001], [45.1706764, 53.28319960000001], [45.17100419999999, 53.28316889999999], [45.17183519999999, 53.283334499999995], [45.1725369, 53.283695099999996], [45.1731279, 53.28374300000001], [45.17411270000001, 53.283662], [45.1750914, 53.28375030000001], [45.175378599999995, 53.283717100000004], [45.17598499999999, 53.283731], [45.1762999, 53.283779800000005], [45.1765215, 53.28388439999999], [45.1764166, 53.283981999999995], [45.176031699999996, 53.2841354], [45.175506899999995, 53.28424699999999], [45.175133699999996, 53.2843655], [45.1747605, 53.2846723], [45.17484209999999, 53.2848536], [45.17521529999999, 53.2850488], [45.175378599999995, 53.28518119999999], [45.17534359999999, 53.2853207], [45.17497039999999, 53.2855438], [45.17507179999999, 53.28571619999999], [45.175332, 53.2857591], [45.175551899999995, 53.285783], [45.1762016, 53.2857463], [45.1765015, 53.2856885], [45.176871399999996, 53.28562049999999], [45.17718459999999, 53.285581799999996], [45.177691, 53.285744099999995], [45.1775945, 53.28594119999999], [45.17767609999999, 53.28600399999999], [45.179238899999994, 53.285996999999995], [45.17936709999999, 53.28603180000001], [45.179565399999994, 53.28615729999999], [45.179833599999995, 53.286227100000005], [45.1801602, 53.28621309999999], [45.1803818, 53.28610849999999], [45.180615, 53.285913300000004], [45.18079, 53.28582970000001], [45.181198099999996, 53.2857808], [45.181478, 53.2857808], [45.18179289999999, 53.28607369999999], [45.18199119999999, 53.28607369999999], [45.18206119999999, 53.2860528], [45.1823061, 53.2858924], [45.18241100000001, 53.285787799999994], [45.182399399999994, 53.285495], [45.1821778, 53.2853416], [45.1822128, 53.28523010000001], [45.1828775, 53.284985999999996], [45.183379, 53.2849372], [45.18386879999999, 53.2849721], [45.18453360000001, 53.2851534], [45.1848485, 53.2853555], [45.18509339999999, 53.2855787], [45.185431599999994, 53.285739], [45.18548989999999, 53.285746], [45.1856065, 53.2856902], [45.1857465, 53.285508899999996], [45.1856765, 53.28479079999999], [45.1857815, 53.28468620000001], [45.186038, 53.2846932], [45.1867728, 53.2850069], [45.187122599999995, 53.2850976], [45.18733259999999, 53.2851046], [45.1877058, 53.2850627], [45.1879157, 53.2850906], [45.1882072, 53.2852091], [45.18862709999999, 53.2855787], [45.1889653, 53.285787799999994], [45.1891752, 53.2858436], [45.1893035, 53.285801799999994], [45.189443399999995, 53.285801799999994], [45.1895951, 53.28582970000001], [45.1897117, 53.2858715], [45.189805, 53.2859273], [45.18981659999999, 53.28600399999999], [45.189641699999996, 53.2861783], [45.18963, 53.286254899999996], [45.18978169999999, 53.28640140000001], [45.1898983, 53.28643619999999], [45.1900616, 53.28634559999999], [45.190341499999995, 53.28607369999999], [45.1905047, 53.2857111], [45.19067969999999, 53.28564840000001], [45.19074959999999, 53.28564840000001], [45.190854599999994, 53.2856902], [45.19094789999999, 53.2858854], [45.1910179, 53.2860876], [45.1910179, 53.2863944], [45.1907263, 53.2872798], [45.190912899999994, 53.28762139999999], [45.1910995, 53.2877748], [45.19148439999999, 53.2879212], [45.19211409999999, 53.28808850000001], [45.1938402, 53.28829069999999], [45.19484309999999, 53.28857659999999], [45.1953563, 53.288855399999996], [45.1956595, 53.2889948], [45.1957645, 53.2890367], [45.1959511, 53.2890646], [45.1962193, 53.2890018], [45.1964525, 53.2888624], [45.196604199999996, 53.288716], [45.19670909999999, 53.28852079999999], [45.1966684, 53.2878928], [45.19672669999999, 53.28752329999999], [45.196889999999996, 53.2873211], [45.1971699, 53.287258400000006], [45.1980795, 53.2872514], [45.19845269999999, 53.2871608], [45.1988143, 53.2870283], [45.19951399999999, 53.2866449], [45.199840599999995, 53.28649850000001], [45.19994549999999, 53.286400799999996], [45.1999689, 53.28628929999999], [45.199840599999995, 53.2861429], [45.1995723, 53.286003400000006], [45.1995607, 53.28585009999999], [45.19965400000001, 53.285787299999996], [45.1998289, 53.285710599999994], [45.20021379999999, 53.285613], [45.2005986, 53.2854736], [45.2007736, 53.2853411], [45.200808499999994, 53.28506219999999], [45.2003722, 53.284772], [45.1997032, 53.284836799999994], [45.1993981, 53.284753], [45.1991012, 53.28463959999999], [45.1988538, 53.284462100000006], [45.1987466, 53.28426], [45.19869709999999, 53.2840579], [45.1987054, 53.2839001], [45.198928, 53.2837177], [45.1991919, 53.2836388], [45.1992167, 53.28349579999999], [45.1987714, 53.2833282], [45.1981694, 53.2832838], [45.19796319999999, 53.2832493], [45.197682799999995, 53.2830965], [45.1975344, 53.28286969999999], [45.1976168, 53.2824654], [45.1975921, 53.2821992], [45.1975591, 53.28214979999999], [45.19726219999999, 53.2820266], [45.19710559999999, 53.2819181], [45.1970726, 53.281854], [45.19710559999999, 53.28174560000001], [45.197254, 53.2816617], [45.1975344, 53.28172579999999], [45.1976168, 53.28177509999999], [45.19784769999999, 53.2818688], [45.19808689999999, 53.281859], [45.1984168, 53.2817653], [45.1985487, 53.2817949], [45.1986312, 53.28186389999999], [45.19868889999999, 53.28201179999999], [45.19868889999999, 53.2821548], [45.1986229, 53.2823273], [45.1986229, 53.2824358], [45.1987466, 53.282549199999984], [45.19889510000001, 53.282628100000004], [45.1989528, 53.2826232], [45.19906819999999, 53.282588700000005], [45.1991919, 53.2824999], [45.1993486, 53.282278], [45.1993486, 53.2820956], [45.19929909999999, 53.2819181], [45.1992332, 53.281464500000006], [45.1991919, 53.2813215], [45.19906819999999, 53.2812032], [45.198606399999996, 53.2809665], [45.19843319999999, 53.28082349999999], [45.198383799999995, 53.28074959999999], [45.19840849999999, 53.2806066], [45.19856519999999, 53.2805474], [45.1988126, 53.280508000000005], [45.1992414, 53.280508000000005], [45.199596, 53.2805819], [45.19978569999999, 53.28069039999999], [45.1998764, 53.28107010000001], [45.1999589, 53.28113419999999], [45.2000496, 53.281153899999985], [45.200140299999994, 53.281129199999995], [45.2003547, 53.28094190000001], [45.2004289, 53.2806707], [45.2005031, 53.2805869], [45.20076699999999, 53.2805129], [45.2010062, 53.280508000000005], [45.2016577, 53.28066080000001], [45.201913299999994, 53.2807989], [45.20197099999999, 53.280858099999996], [45.2041074, 53.2809819], [45.2051023, 53.2811355], [45.20560249999999, 53.2810357], [45.20584780000001, 53.28089930000001], [45.2057436, 53.2807992], [45.2052685, 53.28080729999999], [45.205282999999994, 53.2806624], [45.2057363, 53.2805338], [45.205940299999995, 53.280411599999994], [45.2060049, 53.2802737], [45.2059201, 53.28014139999999], [45.2057816, 53.28009029999999], [45.2057272, 53.279989], [45.20587009999999, 53.2799058], [45.206050399999995, 53.2799008], [45.206499699999995, 53.279905199999995], [45.206854, 53.2801325], [45.2070181, 53.280093499999985], [45.2071189, 53.2799428], [45.20696749999999, 53.279753], [45.2068427, 53.27936760000001], [45.20686349999999, 53.2791997], [45.2069155, 53.2791251], [45.207227399999994, 53.27897589999999], [45.2074562, 53.2789884], [45.2075289, 53.279044299999995], [45.207976, 53.2798401], [45.2080592, 53.279914700000006], [45.2083296, 53.2800017], [45.20874549999999, 53.2800017], [45.2091822, 53.27970330000001], [45.2092653, 53.279535499999994], [45.20949409999999, 53.279361400000006], [45.20968119999999, 53.2793179], [45.209847599999996, 53.279324100000004], [45.2100036, 53.27941729999999], [45.210066, 53.2795479], [45.210242699999995, 53.280150899999995], [45.2104195, 53.2803436], [45.2106378, 53.28046799999999], [45.21104329999999, 53.2804928], [45.21110569999999, 53.28046799999999], [45.21217669999999, 53.28037470000001], [45.2124886, 53.28037470000001], [45.212727699999995, 53.28044309999999], [45.214185699999994, 53.26700830000001], [45.21441219999999, 53.2640778], [45.2153186, 53.258991599999995], [45.215153599999994, 53.258338800000004], [45.2188172, 53.241423899999994], [45.21950819999999, 53.2379233], [45.2197889, 53.236360700000006], [45.220092199999996, 53.23490470000001], [45.22083, 53.23208199999999], [45.2216742, 53.22825739999999], [45.2279923, 53.2234031], [45.226397299999995, 53.2236243], [45.226932999999995, 53.22180590000001], [45.2306516, 53.22133], [45.23083599999999, 53.2209488], [45.22533179999999, 53.22112329999999], [45.2204054, 53.2207932], [45.2295491, 53.2114001], [45.2293852, 53.2105], [45.2295812, 53.209285300000005], [45.229751799999995, 53.20912359999999], [45.2297333, 53.208968500000005], [45.22964459999999, 53.20879359999999], [45.229567599999996, 53.2087065], [45.229308, 53.2084126], [45.2287903, 53.2079142], [45.2286053, 53.2074136], [45.228575799999994, 53.2071478], [45.22851659999999, 53.2068665], [45.228864599999994, 53.20608989999999], [45.228777599999994, 53.2051677], [45.2280344, 53.20433359999999], [45.2273653, 53.2029835], [45.227098999999995, 53.20272760000001], [45.2273066, 53.201693000000006], [45.229059199999995, 53.2009579], [45.230078, 53.2005306], [45.2306271, 53.19848319999999], [45.230751399999995, 53.19817269999999], [45.2292603, 53.1979969]]]]}}, {"type": "Feature", "properties": {"id": "mo-56734000", "name": "ГО ЗАТО город Заречный", "region": "Пензенская область", "isCity": false, "sourceOktmo": "56-734-000-000", "sourceAgg": "Пенза", "excelNames": ["ГО Заречный"], "oktmo": "56734000", "vgp": [{"year": 2019, "value": 22578919.226628378}, {"year": 2020, "value": 23778291.87548752}, {"year": 2021, "value": 23776254.697339546}, {"year": 2022, "value": 30214524.307623032}, {"year": 2023, "value": 38842872.30547055}, {"year": 2024, "value": 0.0}], "population": [{"year": 2019, "value": 65194.0}, {"year": 2020, "value": 65502.0}, {"year": 2021, "value": 65493.0}, {"year": 2022, "value": 65318.0}, {"year": 2023, "value": 58550.0}, {"year": 2024, "value": 58753.0}, {"year": 2025, "value": 58597.0}], "shipments": [{"year": 2019, "value": 0.0}, {"year": 2020, "value": 0.0}, {"year": 2021, "value": 0.0}, {"year": 2022, "value": 0.0}, {"year": 2023, "value": 0.0}, {"year": 2024, "value": 0.0}], "employees": [{"year": 2019, "value": 7932.0}, {"year": 2020, "value": 7829.0}, {"year": 2021, "value": 7780.0}, {"year": 2022, "value": 7602.0}, {"year": 2023, "value": 8175.0}, {"year": 2024, "value": 0.0}], "investments": [{"year": 2019, "value": 932763.0}, {"year": 2020, "value": 1885887.0}, {"year": 2021, "value": 1531857.0}, {"year": 2022, "value": 1608153.0}, {"year": 2023, "value": 3357676.0}, {"year": 2024, "value": 0.0}], "vgp2024": 0.0, "pop2024": 58753.0, "ship2024": 0.0, "emp2024": 0.0, "inv2024": 0.0}, "geometry": {"type": "MultiPolygon", "coordinates": [[[[45.148792, 53.1552366], [45.1385953, 53.1627843], [45.148172499999994, 53.167417799999996], [45.1574613, 53.17216019999999], [45.1490064, 53.1779895], [45.1447437, 53.18032229999999], [45.139114899999996, 53.1812116], [45.1248532, 53.1918877], [45.12224, 53.20098349999999], [45.1221345, 53.2013507], [45.1171563, 53.208123699999994], [45.14467379999999, 53.210642899999996], [45.181451, 53.20581640000001], [45.182228699999996, 53.2053466], [45.1819024, 53.2032812], [45.18207099999999, 53.20302989999999], [45.18277609999999, 53.2033452], [45.18450179999999, 53.2053589], [45.187328199999996, 53.2049618], [45.1941381, 53.204110899999996], [45.1961992, 53.20384930000001], [45.2048952, 53.2027457], [45.2068851, 53.202121], [45.2087347, 53.2013757], [45.2105103, 53.200300299999995], [45.210715799999996, 53.2003789], [45.21076819999999, 53.2003989], [45.2108282, 53.2004219], [45.2110145, 53.2004931], [45.2125278, 53.19950469999999], [45.2165619, 53.1966896], [45.2171433, 53.19590839999999], [45.21719819999999, 53.195679500000004], [45.2188464, 53.1960197], [45.2192521, 53.1961155], [45.221470599999996, 53.19720039999999], [45.222317499999996, 53.1976108], [45.2269655, 53.19686240000001], [45.2292603, 53.1979969], [45.2322282, 53.1939109], [45.2311472, 53.192131], [45.233068599999996, 53.1895195], [45.2186368, 53.18960309999999], [45.219533199999994, 53.1857798], [45.21947959999999, 53.185329800000005], [45.218341099999996, 53.1835943], [45.2176235, 53.1830024], [45.2016079, 53.174847199999995], [45.20049279999999, 53.17408569999999], [45.1938355, 53.1657107], [45.1720559, 53.1549482], [45.164484, 53.15120579999999], [45.1587236, 53.1483586], [45.153889899999996, 53.1517063], [45.148792, 53.1552366]]]]}}, {"type": "Feature", "properties": {"id": "mo-56645000", "name": "Мокшанский муниципальный район", "region": "Пензенская область", "isCity": false, "sourceOktmo": "56-645-000-000", "sourceAgg": "Пенза", "excelNames": ["Мокшанский муниципальный район"], "oktmo": "56645000", "vgp": [{"year": 2019, "value": 7263412.228581029}, {"year": 2020, "value": 8718311.834477907}, {"year": 2021, "value": 8009322.927105777}, {"year": 2022, "value": 11248730.164591664}, {"year": 2023, "value": 11655418.76251996}, {"year": 2024, "value": 13741989.3708431}], "population": [{"year": 2019, "value": 25419.0}, {"year": 2020, "value": 25036.0}, {"year": 2021, "value": 24727.0}, {"year": 2022, "value": 24314.0}, {"year": 2023, "value": 23972.0}, {"year": 2024, "value": 23532.0}, {"year": 2025, "value": 23180.0}], "shipments": [{"year": 2019, "value": 1381719.8}, {"year": 2020, "value": 2070436.9}, {"year": 2021, "value": 1882835.2}, {"year": 2022, "value": 2099945.4}, {"year": 2023, "value": 1980777.6}, {"year": 2024, "value": 3589749.0}], "employees": [{"year": 2019, "value": 3327.0}, {"year": 2020, "value": 3571.0}, {"year": 2021, "value": 3330.0}, {"year": 2022, "value": 3247.0}, {"year": 2023, "value": 3134.0}, {"year": 2024, "value": 2963.0}], "investments": [{"year": 2019, "value": 1859816.0}, {"year": 2020, "value": 321440.0}, {"year": 2021, "value": 2880910.0}, {"year": 2022, "value": 2236884.0}, {"year": 2023, "value": 506398.0}, {"year": 2024, "value": 456769.0}], "vgp2024": 13741989.3708431, "pop2024": 23532.0, "ship2024": 3589749.0, "emp2024": 2963.0, "inv2024": 456769.0}, "geometry": {"type": "MultiPolygon", "coordinates": [[[[44.4713889, 53.693290399999995], [44.472797099999994, 53.6905198], [44.4733877, 53.6861349], [44.4720703, 53.68094239999999], [44.4737511, 53.676233700000004], [44.469117499999996, 53.67494200000001], [44.4646202, 53.679624000000004], [44.46384799999999, 53.6909502], [44.4713889, 53.693290399999995]]], [[[44.151795, 53.55698919999999], [44.14705000000001, 53.5682395], [44.1500713, 53.57743670000001], [44.155920599999995, 53.5846673], [44.1673844, 53.593445], [44.1698222, 53.59861609999999], [44.167911999999994, 53.6019509], [44.1765485, 53.6059343], [44.1829758, 53.6125995], [44.1801485, 53.61272830000001], [44.180960899999995, 53.6206623], [44.1724665, 53.62101640000001], [44.1731802, 53.62500909999999], [44.167695, 53.6355485], [44.1852809, 53.636969900000004], [44.18543549999999, 53.63527189999999], [44.188876199999996, 53.6359022], [44.2016291, 53.63285950000001], [44.20378010000001, 53.6356624], [44.2002394, 53.624765700000005], [44.203098, 53.62424690000001], [44.2065864, 53.6264445], [44.2055145, 53.630255999999996], [44.20818020000001, 53.63179], [44.20780499999999, 53.63390689999999], [44.211666599999994, 53.6352949], [44.211473899999994, 53.63658699999999], [44.1992658, 53.6383879], [44.1981596, 53.64234629999999], [44.1944579, 53.641076600000005], [44.189928099999996, 53.64242070000001], [44.1885363, 53.645792300000004], [44.1912459, 53.6482072], [44.1888962, 53.649901], [44.1907013, 53.6533315], [44.18943759999999, 53.6551457], [44.1900948, 53.66078520000001], [44.1930272, 53.6614965], [44.20298759999999, 53.6712822], [44.2037739, 53.6756167], [44.21080030000001, 53.67624299999999], [44.2094721, 53.67807530000001], [44.2125832, 53.683844], [44.2101334, 53.685810700000005], [44.209567, 53.6897912], [44.20517799999999, 53.6911165], [44.203791599999995, 53.693168699999994], [44.20314, 53.694034599999995], [44.203910799999996, 53.69425119999998], [44.20768150000001, 53.6952191], [44.2148884, 53.698566899999996], [44.2225266, 53.6929319], [44.2373671, 53.6907997], [44.2382291, 53.6900352], [44.2412273, 53.69125429999999], [44.24286179999999, 53.69135459999999], [44.243978299999995, 53.691204], [44.2449202, 53.69166140000001], [44.245516099999996, 53.6919124], [44.24629329999999, 53.6918149], [44.2567061, 53.6916098], [44.2953695, 53.6908483], [44.301804000000004, 53.691556799999994], [44.311931599999994, 53.692217899999996], [44.31785289999999, 53.70685160000001], [44.355774499999995, 53.705525699999995], [44.3556899, 53.70771599999999], [44.3522581, 53.7110631], [44.3556899, 53.7120792], [44.3715665, 53.7215736], [44.3947304, 53.7220293], [44.39489979999999, 53.7186789], [44.38812389999999, 53.71731019999999], [44.3782555, 53.71756250000001], [44.374220900000005, 53.7169535], [44.3818588, 53.704460600000004], [44.36427, 53.700397800000005], [44.36598459999999, 53.69841779999999], [44.3719106, 53.694049], [44.381946, 53.696487899999994], [44.414120999999994, 53.697857199999994], [44.42982349999999, 53.683381], [44.44029019999999, 53.67916389999999], [44.442523, 53.67631519999999], [44.45333829999999, 53.6711334], [44.459767899999996, 53.66346539999999], [44.48140479999999, 53.6622178], [44.486558, 53.66562739999999], [44.4880658, 53.665286999999985], [44.489566499999995, 53.66389399999999], [44.4905024, 53.66213400000001], [44.49183599999999, 53.662151300000005], [44.4954106, 53.662152599999985], [44.4980685, 53.66217949999999], [44.50331239999999, 53.662817700000005], [44.5049888, 53.66594249999999], [44.511503399999995, 53.6755534], [44.5125351, 53.676369599999994], [44.5128812, 53.6760613], [44.513816, 53.67590629999999], [44.514159799999995, 53.6755004], [44.51441669999999, 53.6753498], [44.5149397, 53.675401400000005], [44.51528379999999, 53.6753498], [44.5164798, 53.67545009999999], [44.5172597, 53.675704], [44.517852999999995, 53.6757601], [44.5183762, 53.6759594], [44.51880249999999, 53.67621470000001], [44.51880249999999, 53.6764672], [44.519054100000005, 53.6766235], [44.5194804, 53.6765174], [44.519921100000005, 53.6766235], [44.51957259999999, 53.67697220000001], [44.51957259999999, 53.677128599999996], [44.519741999999994, 53.6772303], [44.52008339999999, 53.677128599999996], [44.52052179999999, 53.6768732], [44.5207687, 53.676921899999996], [44.5207687, 53.67707690000001], [44.52052179999999, 53.6772791], [44.52008339999999, 53.6775344], [44.52136509999999, 53.67804399999999], [44.5216894, 53.6781522], [44.521887099999994, 53.6781368], [44.52220019999999, 53.6779204], [44.52240900000001, 53.67786069999999], [44.522774399999996, 53.6779248], [44.52298319999999, 53.6779402], [44.523233, 53.6777856], [44.52354619999999, 53.677726], [44.5237401, 53.67779010000001], [44.52409049999999, 53.67798880000001], [44.52498539999999, 53.6780462], [44.52549989999999, 53.67791819999999], [44.52565649999999, 53.67750740000001], [44.5260517, 53.6772645], [44.5265886, 53.67734839999999], [44.5268719, 53.677295400000006], [44.527461, 53.6770171], [44.528099299999994, 53.6769501], [44.52837869999999, 53.6769751], [44.52882689999999, 53.6772234], [44.52910370000001, 53.6772733], [44.529269799999994, 53.677271799999986], [44.52965999999999, 53.67708129999999], [44.5298973, 53.676936], [44.5300687, 53.676940699999996], [44.53026899999999, 53.6770204], [44.530305899999995, 53.6771953], [44.53046679999999, 53.677271799999986], [44.5309967, 53.67722650000001], [44.53148699999999, 53.6770141], [44.5320064, 53.6769204], [44.53265999999999, 53.67701319999999], [44.533305, 53.6772959], [44.53370019999999, 53.677580799999994], [44.5340992, 53.677618300000006], [44.5345093, 53.677474800000006], [44.5350424, 53.677092699999996], [44.5355532, 53.67707730000001], [44.5361147, 53.6771875], [44.5369907, 53.677287899999996], [44.5390935, 53.677526399999984], [44.53968119999999, 53.677352299999995], [44.5404059, 53.6771377], [44.54056549999999, 53.67676949999999], [44.54055489999999, 53.676532200000004], [44.54018119999999, 53.676051499999986], [44.5399501, 53.67568049999999], [44.5400694, 53.675503799999994], [44.54071069999999, 53.6750577], [44.540867299999995, 53.6746337], [44.5407405, 53.6743377], [44.541091, 53.67404620000001], [44.5417397, 53.67382969999999], [44.54167259999999, 53.6736442], [44.5411208, 53.673533799999994], [44.540912, 53.6733261], [44.54099399999999, 53.673162700000006], [44.5413839, 53.673085500000006], [44.542085, 53.6730919], [44.5422962, 53.67244569999999], [44.54230449999999, 53.6719973], [44.5425435, 53.671668], [44.5425711, 53.671299799999986], [44.5423514, 53.671102299999994], [44.54233299999999, 53.67096149999999], [44.542258, 53.670388900000006], [44.54093679999999, 53.67061989999999], [44.540598, 53.670568199999984], [44.53964849999999, 53.67021809999999], [44.5387864, 53.67006449999999], [44.5358731, 53.6697058], [44.5347565, 53.6694533], [44.53372509999999, 53.66909619999999], [44.5324439, 53.6685366], [44.5298697, 53.6680273], [44.5284989, 53.66797840000001], [44.5276345, 53.6680273], [44.5268617, 53.66477600000001], [44.526779499999996, 53.663962399999996], [44.5260943, 53.66401249999999], [44.52558319999999, 53.663962399999996], [44.5234375, 53.66386180000001], [44.52248589999999, 53.663962399999996], [44.5217182, 53.66386180000001], [44.517426699999994, 53.66401249999999], [44.5159592, 53.66436980000001], [44.5140874, 53.66085999999999], [44.513649, 53.660353400000005], [44.5129732, 53.6608125], [44.5115855, 53.66101199999999], [44.5106532, 53.66121720000001], [44.5085052, 53.661471199999994], [44.50755589999999, 53.661676500000006], [44.50678349999999, 53.661676500000006], [44.5059309, 53.661471199999994], [44.5051534, 53.6614195], [44.5038702, 53.66152000000001], [44.5021556, 53.6613708], [44.5011215, 53.66101199999999], [44.49897589999999, 53.66055709999999], [44.4975202, 53.6604523], [44.495549, 53.6604523], [44.494345599999995, 53.66040209999999], [44.492458899999995, 53.658167600000006], [44.4917686, 53.656181499999995], [44.49134239999999, 53.6528804], [44.4931442, 53.65211399999999], [44.4985496, 53.650387300000006], [44.497864, 53.6434695], [44.49897589999999, 53.6431667], [44.5007848, 53.6439807], [44.503359, 53.6442821], [44.5042163, 53.644534799999995], [44.5038702, 53.6459115], [44.5037853, 53.647283800000004], [44.5042163, 53.648202500000004], [44.5051534, 53.6490653], [44.5371614, 53.6555715], [44.53681999999999, 53.656589], [44.5334659, 53.658778999999996], [44.5325311, 53.6609131], [44.541702099999995, 53.662791399999996], [44.54900129999999, 53.6622361], [44.55243049999999, 53.6624915], [44.5586081, 53.662642199999986], [44.561360400000005, 53.662801699999996], [44.56120179999999, 53.66295339999999], [44.5611493, 53.66327590000001], [44.5611174, 53.663472], [44.5610858, 53.663734500000004], [44.5615392, 53.6638907], [44.561950499999995, 53.663846899999996], [44.562319599999995, 53.66345950000001], [44.56276249999999, 53.6632408], [44.56308940000001, 53.663353300000004], [44.56349999999999, 53.663633600000004], [44.563777599999995, 53.6636425], [44.564015899999994, 53.66355479999999], [44.565389, 53.66304819999999], [44.5680481, 53.662642199999986], [44.56916939999999, 53.6622848], [44.5737947, 53.6604523], [44.5776549, 53.66192899999999], [44.58350109999999, 53.6635061], [44.587698, 53.6636595], [44.58666149999999, 53.66620209999999], [44.5857241, 53.681751599999984], [44.5875259, 53.6835832], [44.58778989999999, 53.683935999999996], [44.58778989999999, 53.68531129999999], [44.58804649999999, 53.6857688], [44.58795700000001, 53.6859237], [44.58872469999999, 53.6859237], [44.5903595, 53.6854663], [44.5913063, 53.68526109999999], [44.591902, 53.68526109999999], [44.592338, 53.68536019999999], [44.5930135, 53.6856627], [44.6201343, 53.683381], [44.62545779999999, 53.68885039999999], [44.62741489999999, 53.688852799999985], [44.629774399999995, 53.68885860000001], [44.6347155, 53.688665799999995], [44.64331469999999, 53.6879126], [44.653453899999995, 53.6869691], [44.656236099999994, 53.6841909], [44.6637324, 53.6838805], [44.68692899999999, 53.68320510000001], [44.705808499999996, 53.6775049], [44.70530310000001, 53.6749365], [44.7156549, 53.6763847], [44.7171769, 53.67673369999999], [44.73722419999999, 53.65097120000001], [44.7828487, 53.659236099999994], [44.7910946, 53.660277099999995], [44.7920441, 53.659250199999995], [44.79343849999999, 53.658315800000004], [44.7940709, 53.6580383], [44.79458129999999, 53.657898200000005], [44.79523489999999, 53.657826799999995], [44.79710169999999, 53.65776629999999], [44.797427299999995, 53.657755200000004], [44.81136219999999, 53.654152299999986], [44.81146629999999, 53.6540347], [44.81161939999999, 53.6539791], [44.811803999999995, 53.65384459999999], [44.8121303, 53.6538232], [44.8122754, 53.65379920000001], [44.8144206, 53.65570449999999], [44.81444239999999, 53.6558588], [44.81461050000001, 53.6560909], [44.8148325, 53.656187100000004], [44.81490169999999, 53.65623900000001], [44.814973699999996, 53.6564051], [44.8155064, 53.65692880000001], [44.81599159999999, 53.657476300000006], [44.8163919, 53.65779289999999], [44.816488199999995, 53.6579205], [44.8164077, 53.6580399], [44.81969829999999, 53.66310450000001], [44.818952, 53.6644365], [44.82684089999999, 53.670761199999994], [44.82500389999999, 53.67230940000001], [44.8298289, 53.6790884], [44.83843199999999, 53.67744309999999], [44.8512048, 53.66963950000001], [44.87222359999999, 53.6656688], [44.884639299999996, 53.6722221], [44.8907233, 53.67452049999999], [44.89381159999999, 53.673930799999994], [44.90322429999999, 53.6831029], [44.90450609999999, 53.681369499999995], [44.903686199999996, 53.6774953], [44.903383999999996, 53.67632439999999], [44.90335929999999, 53.67484129999999], [44.90336609999999, 53.6747961], [44.9034174, 53.6745951], [44.9034379, 53.67454080000001], [44.90371759999999, 53.673846999999995], [44.9038685, 53.6735738], [44.9041683, 53.673140800000006], [44.9053246, 53.67201689999999], [44.9056244, 53.6717967], [44.9072001, 53.6709134], [44.9076066, 53.6707464], [44.908180599999994, 53.6705382], [44.908434799999995, 53.670455399999994], [44.91240299999999, 53.66979179999999], [44.9125127, 53.669789999999985], [44.9135539, 53.669787299999996], [44.9233589, 53.67108199999999], [44.9283913, 53.6692129], [44.931379299999996, 53.663625100000004], [44.9291131, 53.66140209999999], [44.9061296, 53.657471400000006], [44.9041684, 53.655304], [44.90420499999999, 53.6551893], [44.9043669, 53.65468320000001], [44.9045413, 53.654253], [44.9047809, 53.653833], [44.9052518, 53.653163400000004], [44.905586, 53.6527003], [44.9058016, 53.6524655], [44.9059438, 53.65235390000001], [44.9062361, 53.6521953], [44.906765899999996, 53.65190749999999], [44.9071456, 53.6517723], [44.9083736, 53.651279], [44.90860609999999, 53.6511381], [44.910537399999996, 53.6500676], [44.910925999999996, 53.6499187], [44.9112729, 53.64985260000001], [44.9118146, 53.64975439999999], [44.9121792, 53.64964429999999], [44.9122439, 53.6496134], [44.9126243, 53.649424200000006], [44.9132238, 53.649167599999984], [44.9136119, 53.6489935], [44.914139899999995, 53.64883390000001], [44.914758, 53.6485849], [44.917251099999994, 53.64857289999999], [44.9195674, 53.64300419999999], [44.9211108, 53.6429414], [44.921177799999995, 53.642847499999995], [44.92197829999999, 53.6417759], [44.92432569999999, 53.6376867], [44.9252717, 53.635769700000004], [44.918413, 53.63439549999999], [44.91836249999999, 53.6343858], [44.9054397, 53.63188619999999], [44.8987385, 53.630660999999996], [44.89964959999999, 53.628072899999985], [44.90053019999999, 53.6260936], [44.903373599999995, 53.622964200000006], [44.9070866, 53.6190074], [44.9069594, 53.614136599999995], [44.9108351, 53.606984], [44.91347919999999, 53.602507], [44.91665309999999, 53.599316499999986], [44.9213126, 53.5942686], [44.92160959999999, 53.59408530000001], [44.9218591, 53.5938385], [44.92172839999999, 53.5935564], [44.9211938, 53.5933238], [44.9206117, 53.5932956], [44.9198751, 53.59345069999999], [44.919245499999995, 53.5935917], [44.91856829999999, 53.5935423], [44.9179624, 53.593422499999996], [44.9174516, 53.5931616], [44.917035799999994, 53.592943000000005], [44.916822, 53.59263980000001], [44.9166794, 53.592216699999994], [44.9167863, 53.59192060000001], [44.9177961, 53.59132120000001], [44.9181763, 53.5910039], [44.9183782, 53.5905808], [44.9190911, 53.5900026], [44.919399899999995, 53.58979810000001], [44.9194593, 53.589565400000005], [44.9192693, 53.589304500000004], [44.9188653, 53.5890859], [44.9184852, 53.5887968], [44.9182357, 53.5884513], [44.917701099999995, 53.5881903], [44.917059599999995, 53.58807049999999], [44.9162161, 53.58812689999999], [44.9152657, 53.58829609999999], [44.914267699999996, 53.5883314], [44.913733099999995, 53.5882679], [44.9129134, 53.588042300000005], [44.9122481, 53.58783069999999], [44.911868, 53.587598], [44.91166599999999, 53.587287700000005], [44.91165409999999, 53.58691389999999], [44.911879799999994, 53.586631899999986], [44.9122719, 53.58637089999999], [44.91264019999999, 53.58605360000001], [44.91278270000001, 53.585729199999996], [44.91268769999999, 53.585404800000006], [44.912462, 53.58508039999999], [44.911963, 53.5849111], [44.9111433, 53.584932300000006], [44.91019289999999, 53.585115599999995], [44.909301899999996, 53.585249600000004], [44.9084346, 53.5852778], [44.907341599999995, 53.5853343], [44.90642689999999, 53.5853977], [44.9059754, 53.5855599], [44.90525079999999, 53.585757400000006], [44.904609199999996, 53.5857997], [44.9039321, 53.5859972], [44.9027084, 53.5862087], [44.9018293, 53.5862228], [44.9011521, 53.586102999999994], [44.90057, 53.58587729999999], [44.89972649999999, 53.58574329999999], [44.898586, 53.5856446], [44.8976237, 53.585715099999994], [44.8964714, 53.585686900000006], [44.89509329999999, 53.5857644], [44.89405969999999, 53.5858138], [44.8932162, 53.5859408], [44.89264599999999, 53.58613820000001], [44.8921114, 53.5864556], [44.8917193, 53.5868082], [44.8916837, 53.58705500000001], [44.891778699999996, 53.587266499999984], [44.892146999999994, 53.5877108], [44.8923133, 53.5879929], [44.8922302, 53.5881692], [44.89200449999999, 53.5882891], [44.89163619999999, 53.5883173], [44.8910778, 53.58827499999999], [44.8904957, 53.5882327], [44.890293699999994, 53.588063399999996], [44.890139299999994, 53.5877813], [44.8897829, 53.5874217], [44.88923640000001, 53.5871537], [44.8886305, 53.58703379999999], [44.887691999999994, 53.5871114], [44.886836599999995, 53.5873441], [44.8858743, 53.587767199999995], [44.8853635, 53.5881903], [44.8849715, 53.588550000000005], [44.884912099999994, 53.58878969999999], [44.8849715, 53.58912120000001], [44.8850784, 53.58991100000001], [44.8850309, 53.59027760000001], [44.8846626, 53.59053149999999], [44.8835458, 53.59099690000001], [44.8823341, 53.5913706], [44.8816807, 53.59144109999999], [44.88108669999999, 53.591328299999994], [44.8805164, 53.591166099999995], [44.8800855, 53.5910355], [44.87949149999999, 53.59117869999999], [44.8789718, 53.591586299999996], [44.87817359999999, 53.5923576], [44.87776519999999, 53.5929525], [44.877691, 53.59323899999998], [44.8778395, 53.5935364], [44.87811789999999, 53.593822900000006], [44.878099299999995, 53.59406520000001], [44.877561, 53.594428799999996], [44.8766143, 53.59484739999999], [44.87531489999999, 53.5951559], [44.87421969999999, 53.595177899999996], [44.8735515, 53.5950567], [44.873273, 53.59486950000001], [44.8732916, 53.594561], [44.87345869999999, 53.59397709999998], [44.873254499999994, 53.5934813], [44.8725677, 53.5930186], [44.87180659999999, 53.5927101], [44.8713054, 53.5923025], [44.8709156, 53.59187279999998], [44.87088369999999, 53.59166990000001], [44.870841299999995, 53.591398999999996], [44.87085989999999, 53.590826099999994], [44.8707114, 53.59015399999999], [44.8699318, 53.5896472], [44.86928209999999, 53.589537], [44.8684653, 53.589537], [44.8674815, 53.58961420000001], [44.8667947, 53.58942679999999], [44.8664049, 53.5891404], [44.8661821, 53.588380099999995], [44.8660336, 53.5879173], [44.8656067, 53.587641899999994], [44.864771399999995, 53.5876088], [44.8635834, 53.5875868], [44.8626181, 53.587223200000004], [44.8618942, 53.5866392], [44.861857, 53.58637469999999], [44.86200550000001, 53.5860772], [44.86143009999999, 53.58576870000001], [44.8602606, 53.5854822], [44.85914689999999, 53.5853169], [44.858905799999995, 53.5851494], [44.8583231, 53.5849562], [44.8577153, 53.5847781], [44.85743519999999, 53.58472179999999], [44.85650230000001, 53.5844908], [44.8557476, 53.584287700000004], [44.855007, 53.584129], [44.8544866, 53.583937], [44.853788099999996, 53.5836949], [44.853483399999995, 53.5832803], [44.8533147, 53.5826847], [44.8529631, 53.5819361], [44.8528084, 53.5816856], [44.85210059999999, 53.58083400000001], [44.851824, 53.580452699999995], [44.85178019999999, 53.5800538], [44.851836399999996, 53.579614099999986], [44.851320799999996, 53.5791075], [44.8508989, 53.578584299999996], [44.850927, 53.57781609999999], [44.8510864, 53.5771537], [44.8515083, 53.576546900000004], [44.85177079999999, 53.575828800000004], [44.8519396, 53.5753334], [44.851752, 53.5748546], [44.85136769999999, 53.57447049999999], [44.850645699999994, 53.57417550000001], [44.8499145, 53.57398619999999], [44.8491644, 53.5739806], [44.8483019, 53.5740641], [44.8476925, 53.5742478], [44.84724239999999, 53.5745429], [44.84672679999999, 53.57473769999999], [44.84629549999999, 53.57472659999999], [44.8457705, 53.5745596], [44.8447861, 53.5741922], [44.84430789999999, 53.573627099999996], [44.8440937, 53.57313570000001], [44.84379229999999, 53.572650100000004], [44.8435802, 53.5717629], [44.8434782, 53.5710411], [44.84382039999999, 53.5703452], [44.8439436, 53.570042999999984], [44.84396100000001, 53.5697161], [44.8438016, 53.56924839999999], [44.8436235, 53.5686471], [44.843136, 53.56807919999999], [44.84256409999999, 53.56776740000001], [44.8421234, 53.567377599999986], [44.84189839999999, 53.56689879999999], [44.8417953, 53.566325299999995], [44.8419359, 53.5657239], [44.84199219999999, 53.565406499999995], [44.8423016, 53.565016799999995], [44.8426672, 53.56440979999999], [44.8432579, 53.5639087], [44.8436422, 53.563357399999994], [44.84388599999999, 53.56295089999999], [44.84384849999999, 53.562561099999996], [44.8432203, 53.562082199999985], [44.8429672, 53.5620265], [44.8424609, 53.56189289999999], [44.842198399999994, 53.561803799999986], [44.842085899999994, 53.5614418], [44.84210469999999, 53.56113], [44.842198399999994, 53.5609963], [44.84256409999999, 53.5609406], [44.8429485, 53.5609072], [44.8435485, 53.5608961], [44.8442704, 53.56107430000001], [44.8448142, 53.56130819999999], [44.8453673, 53.56152539999999], [44.845761100000004, 53.561453], [44.8461361, 53.56109099999999], [44.8463799, 53.56049509999999], [44.84638929999999, 53.5601387], [44.8465486, 53.559570699999995], [44.8467737, 53.559359099999995], [44.84699869999999, 53.55918650000001], [44.84800839999999, 53.5591282], [44.85008929999999, 53.5584179], [44.8647628, 53.5504702], [44.874329499999995, 53.5515413], [44.8748907, 53.55163599999999], [44.87505099999999, 53.55164239999999], [44.875840999999994, 53.5513851], [44.8760302, 53.5510756], [44.87678699999999, 53.550380600000004], [44.87790759999999, 53.54973709999999], [44.8823614, 53.5479951], [44.8826462, 53.5479635], [44.88451280000001, 53.5481573], [44.8851992, 53.5483388], [44.8861443, 53.5486345], [44.88655169999999, 53.5488374], [44.886610399999995, 53.5488681], [44.887742, 53.5492682], [44.8949359, 53.5491546], [44.907783099999996, 53.5490195], [44.90632649999999, 53.54421959999999], [44.9081972, 53.5421351], [44.902162399999995, 53.5369147], [44.9014596, 53.5313461], [44.90480889999999, 53.5264962], [44.883675499999995, 53.52505420000001], [44.8838166, 53.51836409999999], [44.8780192, 53.5123907], [44.87514839999999, 53.4953669], [44.873836700000005, 53.49014509999999], [44.8738591, 53.48972249999999], [44.873947099999995, 53.4880663], [44.8739681, 53.4876698], [44.87344519999999, 53.487464199999984], [44.873055199999996, 53.487269], [44.8723462, 53.4873218], [44.8719828, 53.4875274], [44.87150419999999, 53.4877226], [44.8708307, 53.487801700000006], [44.87013939999999, 53.48778579999999], [44.869651899999994, 53.4876593], [44.8695278, 53.4874167], [44.8696696, 53.487221600000005], [44.8696696, 53.4871056], [44.868916299999995, 53.4870634], [44.86801229999999, 53.4869474], [44.867196899999996, 53.4868683], [44.8669133, 53.4870317], [44.86624849999999, 53.4870423], [44.86631059999999, 53.486747], [44.866275099999996, 53.48660460000001], [44.8657788, 53.486493800000005], [44.8655572, 53.48628819999999], [44.86512299999999, 53.486035], [44.86467100000001, 53.4857186], [44.86408599999999, 53.4857081], [44.86377579999999, 53.4858188], [44.86377579999999, 53.4862038], [44.8634656, 53.486493800000005], [44.862721099999995, 53.486446399999984], [44.86231339999999, 53.4861985], [44.8620653, 53.4857397], [44.86137399999999, 53.48561319999999], [44.8607004, 53.485470799999995], [44.8600179, 53.4854497], [44.8595482, 53.48561839999999], [44.85936209999999, 53.4857925], [44.85865309999999, 53.485760799999994], [44.8580504, 53.4857555], [44.857429999999994, 53.485866300000005], [44.856649999999995, 53.4860509], [44.856003099999995, 53.48627239999998], [44.85563079999999, 53.4864886], [44.855205399999996, 53.4868524], [44.85504589999999, 53.48721629999999], [44.8550104, 53.487422], [44.855065999999994, 53.4875462], [44.85498719999999, 53.4875383], [44.8547946, 53.48744349999998], [44.8546792, 53.487331], [44.85462429999999, 53.48721200000001], [44.8544969, 53.4871404], [44.8543518, 53.487055100000006], [44.8542153, 53.486955], [44.854145200000005, 53.48676149999999], [44.854004999999994, 53.48663340000001], [44.8537748, 53.486279], [44.8534144, 53.4860229], [44.8528589, 53.4857757], [44.85233829999999, 53.485606000000004], [44.8518428, 53.4852545], [44.8516677, 53.4849716], [44.85141240000001, 53.48467080000001], [44.85131729999999, 53.4844057], [44.8513023, 53.484173399999996], [44.851397399999996, 53.4840215], [44.850986999999996, 53.483991700000004], [44.85052149999999, 53.484042399999986], [44.8501611, 53.4841079], [44.8501261, 53.4840811], [44.85004099999999, 53.48397980000001], [44.84984579999999, 53.4838458], [44.84984579999999, 53.483667100000005], [44.8498508, 53.48344970000001], [44.849910799999996, 53.483378200000004], [44.8503763, 53.4833157], [44.8507167, 53.4833157], [44.85097689999999, 53.483265], [44.85097689999999, 53.4830208], [44.85095689999999, 53.4828183], [44.850724, 53.4825164], [44.8506057, 53.482423600000004], [44.84993039999999, 53.482320099999995], [44.84969, 53.4822287], [44.849444399999996, 53.482000400000004], [44.849083199999995, 53.481722899999994], [44.848784499999994, 53.481638200000006], [44.84828319999999, 53.4816808], [44.8476712, 53.481645099999994], [44.8474596, 53.48144330000001], [44.8473175, 53.481194], [44.846907099999996, 53.4809806], [44.846532499999995, 53.4807266], [44.8473629, 53.480438799999995], [44.84744930000001, 53.4800856], [44.8473966, 53.479784599999995], [44.847091199999994, 53.4793884], [44.8466102, 53.47907219999999], [44.84632390000001, 53.478977399999984], [44.845651, 53.4791534], [44.84517480000001, 53.47986100000001], [44.8449989, 53.48000949999999], [44.8447688, 53.48006650000001], [44.8444362, 53.4800582], [44.8439793, 53.47991979999999], [44.8431773, 53.4790548], [44.842990799999995, 53.47865629999999], [44.842801, 53.47847029999999], [44.84206309999999, 53.4784617], [44.8416533, 53.478183], [44.8416941, 53.4778805], [44.84177329999999, 53.4773596], [44.841954599999994, 53.47697629999998], [44.84198309999999, 53.47661], [44.8416941, 53.47639929999999], [44.8414797, 53.47576720000001], [44.8415205, 53.4754176], [44.8416711, 53.47505019999999], [44.842461, 53.474483299999996], [44.8427267, 53.4739036], [44.84285319999999, 53.47337], [44.84265899999999, 53.47291070000001], [44.8422921, 53.47243569999999], [44.842487199999994, 53.47155469999999], [44.8422839, 53.470862999999994], [44.8419063, 53.4702052], [44.8415639, 53.4701039], [44.841014099999995, 53.4701944], [44.8406647, 53.47017929999999], [44.8400591, 53.470078099999995], [44.8395188, 53.46970650000001], [44.8394369, 53.4695054], [44.8392199, 53.4692986], [44.83868309999999, 53.4690072], [44.8378487, 53.46834289999999], [44.8371774, 53.4678835], [44.836955499999995, 53.46757170000001], [44.8368745, 53.4670749], [44.83633059999999, 53.466864099999995], [44.8344058, 53.4667609], [44.83328029999999, 53.4666544], [44.83284249999999, 53.46649879999999], [44.8327522, 53.4663487], [44.8327883, 53.466034300000004], [44.8330005, 53.4653826], [44.8328073, 53.4648834], [44.83258399999999, 53.46436739999999], [44.833336599999996, 53.46379069999999], [44.83355, 53.46267619999999], [44.8331217, 53.4615936], [44.8325073, 53.461149099999986], [44.832597099999994, 53.460872], [44.832727399999996, 53.4605886], [44.8324194, 53.4602241], [44.83194039999999, 53.4599203], [44.8310096, 53.4594087], [44.83076079999999, 53.4590754], [44.83065189999999, 53.458657900000006], [44.8308796, 53.45822110000001], [44.83096969999999, 53.4572105], [44.8319635, 53.45658709999999], [44.83147799999999, 53.45600889999999], [44.8309849, 53.455597899999994], [44.8305752, 53.4554578], [44.8301352, 53.4554714], [44.82968759999999, 53.455769499999995], [44.82949039999999, 53.45574690000001], [44.8293386, 53.455679199999985], [44.8292476, 53.455209399999994], [44.8298848, 53.454748599999995], [44.82999079999999, 53.45442919999999], [44.829740699999995, 53.4542065], [44.8292248, 53.453949], [44.82844339999999, 53.45373219999999], [44.8278669, 53.45353789999999], [44.827571, 53.4533075], [44.8273358, 53.45281060000001], [44.82741169999999, 53.45227749999999], [44.828124, 53.45182259999999], [44.8282841, 53.4516089], [44.8281627, 53.4514056], [44.82833719999999, 53.45100349999999], [44.8280869, 53.4507189], [44.8273515, 53.4506086], [44.82672929999999, 53.4502125], [44.8265898, 53.449413799999995], [44.826857999999994, 53.4491008], [44.826707799999994, 53.4486791], [44.82729789999999, 53.447343599999996], [44.82690089999999, 53.447267], [44.82651469999999, 53.44735], [44.8262465, 53.44703049999999], [44.82540959999999, 53.44689640000001], [44.82505559999999, 53.44655769999999], [44.8257744, 53.44628289999999], [44.8259354, 53.446052900000005], [44.825677899999995, 53.44561199999999], [44.82512, 53.44509440000001], [44.82372519999999, 53.4438483], [44.8246801, 53.4432349], [44.824916099999996, 53.4428642], [44.8246908, 53.442218800000006], [44.82409, 53.44164370000001], [44.8241651, 53.44141359999999], [44.8253989, 53.4406467], [44.82557059999999, 53.4403911], [44.825474, 53.4399629], [44.82429380000001, 53.439228], [44.8241476, 53.43856639999999], [44.8241007, 53.43808400000001], [44.8244011, 53.4377325], [44.8237896, 53.4374513], [44.8227811, 53.437234], [44.82203009999999, 53.4373618], [44.82167599999999, 53.437106099999994], [44.8217189, 53.4367546], [44.8222232, 53.436499], [44.8229957, 53.4360771], [44.823070799999996, 53.4358215], [44.8228776, 53.435636099999996], [44.82194419999999, 53.4349842], [44.8219979, 53.43483079999999], [44.82244849999999, 53.434345], [44.8221588, 53.43361], [44.8215473, 53.433264799999996], [44.8215687, 53.43309860000001], [44.8221588, 53.432600099999995], [44.8222184, 53.43241930000001], [44.8220463, 53.431798500000006], [44.82144929999999, 53.431188799999994], [44.8209996, 53.430739], [44.82059929999999, 53.429953299999994], [44.82073189999999, 53.4293468], [44.8219113, 53.4289415], [44.8222604, 53.4286514], [44.821898299999994, 53.4283974], [44.821056199999994, 53.4279881], [44.82049229999999, 53.42741689999999], [44.8208588, 53.4269969], [44.8225505, 53.426829], [44.82271969999999, 53.4263586], [44.8222968, 53.4261066], [44.82246589999999, 53.4254829], [44.8211443, 53.425010400000005], [44.82158489999999, 53.424432799999984], [44.822642099999996, 53.4236716], [44.822642099999996, 53.42301530000001], [44.82171699999999, 53.422149], [44.8207478, 53.42149259999999], [44.8207919, 53.42073129999999], [44.821452699999995, 53.42018], [44.82211349999999, 53.419628700000004], [44.821364599999995, 53.4192086], [44.8208359, 53.41894609999999], [44.8202192, 53.4184997], [44.8205716, 53.4172395], [44.8211003, 53.41621549999999], [44.8211003, 53.41563790000001], [44.82043949999999, 53.41529659999999], [44.8193381, 53.4150865], [44.818148699999995, 53.41471889999999], [44.8175319, 53.4137211], [44.8162984, 53.4134061], [44.815153, 53.4115417], [44.8139636, 53.410990299999995], [44.8124217, 53.41109530000001], [44.81211329999999, 53.4107539], [44.8121574, 53.40965099999998], [44.81167279999999, 53.40875820000001], [44.8105274, 53.408232999999996], [44.8094701, 53.4079441], [44.8090736, 53.407340099999985], [44.8091176, 53.4062108], [44.80810439999999, 53.4055806], [44.8071352, 53.4052917], [44.8062541, 53.4046876], [44.8052409, 53.403715899999995], [44.80449200000001, 53.4024552], [44.8036109, 53.40127329999999], [44.80259769999999, 53.4006167], [44.8014082, 53.4000651], [44.8006153, 53.399119500000005], [44.8006153, 53.3985154], [44.800218799999996, 53.397911199999996], [44.798764999999996, 53.39785869999999], [44.798721, 53.397123199999996], [44.7981483, 53.3962038], [44.7966504, 53.3953632], [44.796606399999995, 53.39496919999999], [44.7973112, 53.3941023], [44.79770769999999, 53.392893900000004], [44.7966504, 53.39223710000001], [44.797399299999995, 53.391475299999996], [44.7965623, 53.39029299999999], [44.79732359999999, 53.3897634], [44.797239, 53.38917490000001], [44.797351799999994, 53.38846869999999], [44.7966751, 53.38788019999999], [44.7966469, 53.3870394], [44.797069799999996, 53.3864677], [44.79709799999999, 53.3851224], [44.7965623, 53.3844666], [44.796534099999995, 53.38372669999999], [44.7957447, 53.38275130000001], [44.79503979999999, 53.3820786], [44.7946733, 53.3814227], [44.79489890000001, 53.3808845], [44.7948401, 53.380439900000006], [44.7947636, 53.3803796], [44.7941473, 53.379893399999986], [44.7902261, 53.37679969999999], [44.789780099999994, 53.376908699999994], [44.7875955, 53.37599350000001], [44.7858045, 53.3752432], [44.78421809999999, 53.375023], [44.78414849999999, 53.373226499999994], [44.784071, 53.369448399999996], [44.7808656, 53.36785549999998], [44.7791144, 53.3644019], [44.7781633, 53.362525999999995], [44.7767014, 53.3596425], [44.76452470000001, 53.351682899999986], [44.76387299999999, 53.3512568], [44.7629892, 53.350679], [44.763322099999996, 53.3491027], [44.7634329, 53.348577799999994], [44.76417239999999, 53.345075], [44.7643704, 53.344137399999994], [44.7644068, 53.3441282], [44.7707532, 53.3425219], [44.772098699999994, 53.3411905], [44.7746618, 53.3399608], [44.7761092, 53.33955109999999], [44.77793189999999, 53.3380633], [44.7807816, 53.3357372], [44.7809417, 53.33565089999998], [44.7812732, 53.335392199999994], [44.781617, 53.3351238], [44.78856199999999, 53.3297032], [44.791148099999994, 53.327684599999984], [44.792495, 53.32749160000001], [44.79944759999999, 53.3164381], [44.79816379999999, 53.3165461], [44.79688910000001, 53.3161905], [44.809869400000004, 53.30452549999999], [44.80781759999999, 53.2991856], [44.80649209999999, 53.29871699999999], [44.80627249999999, 53.298747999999996], [44.80567169999999, 53.299123099999996], [44.80550709999999, 53.299165699999996], [44.80172069999999, 53.2983992], [44.8000793, 53.29881089999999], [44.79936419999999, 53.29915029999999], [44.79865689999999, 53.299374199999995], [44.79840959999999, 53.29953549999999], [44.794990899999995, 53.29720069999999], [44.7946662, 53.29733], [44.793045, 53.296547399999994], [44.792753, 53.2935774], [44.8035687, 53.2902489], [44.8017177, 53.284597199999986], [44.798694299999994, 53.28144669999999], [44.79299379999999, 53.28020649999999], [44.78633779999999, 53.27625269999999], [44.78319950000001, 53.26536610000001], [44.78113799999999, 53.2629413], [44.7871062, 53.25849109999999], [44.78685659999999, 53.258037099999996], [44.78263590000001, 53.2593723], [44.778875299999996, 53.26047449999999], [44.7768548, 53.26090429999999], [44.7739828, 53.2612519], [44.75498989999999, 53.2583304], [44.73479439999999, 53.2584603], [44.7324892, 53.2589413], [44.719676299999996, 53.26405569999999], [44.7097671, 53.27833549999999], [44.7089624, 53.28023460000001], [44.7088398, 53.2845946], [44.7079247, 53.28635289999998], [44.705693999999994, 53.28824590000001], [44.7026722, 53.2897531], [44.6652428, 53.29766089999999], [44.656959699999994, 53.29855220000001], [44.6359411, 53.2974289], [44.620077699999996, 53.29658109999999], [44.6150671, 53.294589900000005], [44.6022749, 53.2895057], [44.5821099, 53.2775335], [44.58732899999999, 53.26762719999999], [44.5985327, 53.2539047], [44.592566, 53.2463987], [44.594384299999994, 53.242389999999986], [44.5877132, 53.237371299999985], [44.58335099999999, 53.2385637], [44.5848115, 53.2364288], [44.5816164, 53.2352279], [44.582176100000005, 53.21870989999999], [44.5688412, 53.2209726], [44.5447003, 53.2023312], [44.53191439999999, 53.2004256], [44.53161179999999, 53.2005461], [44.5304457, 53.200771800000005], [44.530327699999994, 53.2008164], [44.5297892, 53.2012261], [44.5284359, 53.2012729], [44.5281026, 53.201431400000004], [44.5268072, 53.2018253], [44.52560329999999, 53.20248230000001], [44.5251006, 53.202711799999996], [44.5210282, 53.201811600000006], [44.5207208, 53.201994899999995], [44.5120171, 53.20185540000001], [44.5116548, 53.20212329999998], [44.50982330000001, 53.2022044], [44.5086794, 53.202686499999984], [44.5055388, 53.2040738], [44.50596139999999, 53.2078284], [44.4970172, 53.2191092], [44.4966169, 53.22170189999999], [44.49565549999999, 53.2221138], [44.4946614, 53.2235975], [44.47667849999999, 53.224341], [44.4766104, 53.2251062], [44.473113299999994, 53.2262046], [44.47343149999999, 53.224947499999985], [44.4706437, 53.225024999999995], [44.447675, 53.233579], [44.44689269999999, 53.2340312], [44.42345929999999, 53.21111810000001], [44.3794716, 53.1944286], [44.3457026, 53.1756341], [44.332311, 53.170801], [44.3323238, 53.1708383], [44.3345554, 53.1793849], [44.32520589999999, 53.181379799999995], [44.312343999999996, 53.1869438], [44.3130396, 53.1940128], [44.3168956, 53.20376269999999], [44.312418, 53.2162044], [44.3182097, 53.220696200000006], [44.3185369, 53.223266], [44.309372999999994, 53.22269060000001], [44.280181299999995, 53.23615679999999], [44.2763318, 53.24130639999999], [44.272636799999994, 53.246248900000005], [44.2725204, 53.24999109999999], [44.2696611, 53.2535511], [44.2688076, 53.2589905], [44.2739486, 53.263396400000005], [44.276893099999995, 53.269864299999995], [44.2697239, 53.284261199999996], [44.279662699999996, 53.2981553], [44.280896299999995, 53.31556929999999], [44.2689445, 53.317598100000005], [44.2671078, 53.3202965], [44.25881329999999, 53.322417699999995], [44.2522264, 53.3220126], [44.252265599999994, 53.323889400000006], [44.24939479999999, 53.3251725], [44.24431229999999, 53.3244445], [44.226476399999996, 53.3291793], [44.236602299999994, 53.34237259999999], [44.1937207, 53.350427599999996], [44.19146289999999, 53.3508517], [44.189900699999995, 53.35666139999999], [44.174760899999995, 53.363268700000006], [44.1808719, 53.36386190000001], [44.1921259, 53.3723292], [44.1869577, 53.3763853], [44.185486399999995, 53.38833579999999], [44.173069, 53.395103399999996], [44.152307099999994, 53.41196320000001], [44.16938139999999, 53.4166801], [44.170352599999994, 53.426005200000006], [44.148801, 53.4267342], [44.15072669999999, 53.4540993], [44.1433467, 53.45390789999999], [44.122477599999996, 53.46336089999999], [44.11654539999999, 53.46173069999999], [44.1107734, 53.4648331], [44.10680959999999, 53.470885499999994], [44.0947092, 53.47519599999999], [44.0776159, 53.471438500000005], [44.0773155, 53.476623499999995], [44.061698099999994, 53.479283200000005], [44.0434051, 53.4781299], [44.0445644, 53.473943299999995], [44.037050099999995, 53.4765263], [44.0392942, 53.48208789999999], [44.02738049999999, 53.484228599999994], [44.02658530000001, 53.4780924], [44.0294401, 53.4773803], [44.02847409999999, 53.4765122], [44.0175042, 53.4792629], [43.994769399999996, 53.477056499999996], [43.991503099999996, 53.4816064], [43.99188779999999, 53.4878946], [43.9979503, 53.489848300000006], [43.99975109999999, 53.49192119999999], [43.99963139999999, 53.4947701], [44.00006439999999, 53.49339369999999], [44.01613759999999, 53.504965000000006], [44.017390899999995, 53.513415], [43.9971524, 53.511995799999994], [43.984620199999995, 53.51951669999999], [43.9857422, 53.5206692], [43.98846929999999, 53.523470399999994], [43.9879754, 53.5330648], [43.9757517, 53.5405306], [43.98997369999999, 53.5453754], [44.002522, 53.551755799999995], [44.007664899999995, 53.55004139999999], [44.0125572, 53.550475399999996], [44.0172235, 53.553438199999995], [44.0585234, 53.561755], [44.0645901, 53.56506180000001], [44.0662012, 53.56770350000001], [44.0689162, 53.5640959], [44.0693092, 53.5602152], [44.0906735, 53.5778325], [44.095423999999994, 53.57217159999999], [44.1028639, 53.5690056], [44.1085033, 53.5637683], [44.1179822, 53.5713277], [44.151795, 53.55698919999999]]]]}}, {"type": "Feature", "properties": {"id": "mo-56655000", "name": "Пензенский муниципальный район", "region": "Пензенская область", "isCity": false, "sourceOktmo": "56-655-000-000", "sourceAgg": "Пенза", "excelNames": ["Пензенский муниципальный район"], "oktmo": "56655000", "vgp": [{"year": 2019, "value": 17905650.451826043}, {"year": 2020, "value": 19875223.542806607}, {"year": 2021, "value": 20728506.718938444}, {"year": 2022, "value": 29457063.828164503}, {"year": 2023, "value": 34127023.19948365}, {"year": 2024, "value": 41808646.35513954}], "population": [{"year": 2019, "value": 61159.0}, {"year": 2020, "value": 61233.0}, {"year": 2021, "value": 60794.0}, {"year": 2022, "value": 61863.0}, {"year": 2023, "value": 66046.0}, {"year": 2024, "value": 66409.0}, {"year": 2025, "value": 66325.0}], "shipments": [{"year": 2019, "value": 7606895.7}, {"year": 2020, "value": 11232658.4}, {"year": 2021, "value": 14566265.6}, {"year": 2022, "value": 14107408.7}, {"year": 2023, "value": 19645605.4}, {"year": 2024, "value": 20513252.3}], "employees": [{"year": 2019, "value": 6527.0}, {"year": 2020, "value": 6905.0}, {"year": 2021, "value": 7027.0}, {"year": 2022, "value": 7276.0}, {"year": 2023, "value": 7470.0}, {"year": 2024, "value": 7688.0}], "investments": [{"year": 2019, "value": 2612012.0}, {"year": 2020, "value": 2023380.0}, {"year": 2021, "value": 2422977.0}, {"year": 2022, "value": 4814742.0}, {"year": 2023, "value": 7482541.0}, {"year": 2024, "value": 6149751.0}], "vgp2024": 41808646.35513954, "pop2024": 66409.0, "ship2024": 20513252.3, "emp2024": 7688.0, "inv2024": 6149751.0}, "geometry": {"type": "MultiPolygon", "coordinates": [[[[45.2697489, 52.66828650000001], [45.258638999999995, 52.668110899999995], [45.248559199999995, 52.664945900000006], [45.2472348, 52.66040129999999], [45.21462089999999, 52.65238239999999], [45.21265129999999, 52.6571574], [45.2004834, 52.65322509999999], [45.190154799999995, 52.6525951], [45.181379099999994, 52.6545951], [45.1601283, 52.6636247], [45.1543411, 52.66323040000001], [45.1487097, 52.67167370000001], [45.1347072, 52.666512700000006], [45.1273595, 52.663804299999995], [45.1028969, 52.650614], [45.0645119, 52.6586515], [45.0555778, 52.658567], [45.0557023, 52.65881869999999], [45.055920199999996, 52.6589887], [45.0561485, 52.6590957], [45.056273100000006, 52.6591775], [45.056345699999994, 52.6593411], [45.05643909999999, 52.6594418], [45.0565325, 52.6596684], [45.0565844, 52.6600712], [45.0565844, 52.66038589999999], [45.05656359999999, 52.660656599999996], [45.0564702, 52.66102159999999], [45.05626269999999, 52.6611979], [45.05599289999999, 52.66140550000001], [45.0559514, 52.6615692], [45.05601359999999, 52.6617769], [45.0562212, 52.6619783], [45.0561589, 52.66221110000001], [45.05601359999999, 52.662305499999995], [45.055920199999996, 52.6624251], [45.05600329999999, 52.6626328], [45.05584759999999, 52.66287830000001], [45.0556504, 52.66287830000001], [45.055432499999995, 52.66309849999999], [45.05510050000001, 52.6635076], [45.05476839999999, 52.6638475], [45.0544052, 52.66402999999999], [45.05367879999999, 52.6644516], [45.0534713, 52.6646153], [45.0533053, 52.6648985], [45.0533157, 52.665213099999995], [45.0533779, 52.6653453], [45.0535751, 52.6655026], [45.0539279, 52.665571799999995], [45.0543741, 52.66556550000001], [45.055059, 52.66556550000001], [45.055422199999995, 52.665571799999995], [45.0555363, 52.66565990000001], [45.05581649999999, 52.66565990000001], [45.055899499999995, 52.6657984], [45.05582679999999, 52.6659809], [45.0556608, 52.6662074], [45.055266499999995, 52.6663774], [45.0552146, 52.6665787], [45.0551212, 52.66683669999998], [45.054975999999996, 52.6670192], [45.054965599999996, 52.6672584], [45.05483069999999, 52.6674786], [45.054509, 52.6675982], [45.05420809999999, 52.667768099999996], [45.0541354, 52.667831], [45.05375149999999, 52.66783730000001], [45.0533364, 52.6679191], [45.052911, 52.668019799999996], [45.05269309999999, 52.6681142], [45.05251659999999, 52.66830929999999], [45.0523195, 52.66830929999999], [45.05189399999999, 52.668561], [45.051811, 52.6687938], [45.05183180000001, 52.6692909], [45.05190439999999, 52.66965590000001], [45.0515724, 52.6698699], [45.05097049999999, 52.670234799999996], [45.050441299999996, 52.6704299], [45.049974299999995, 52.67069419999999], [45.049777199999994, 52.67088919999999], [45.04986019999999, 52.671229], [45.04988089999999, 52.67170730000001], [45.04982909999999, 52.6720282], [45.04942439999999, 52.672267299999994], [45.0489574, 52.672550399999984], [45.04877059999999, 52.6728273], [45.04879139999999, 52.67300339999999], [45.0487602, 52.6731985], [45.0489678, 52.67345649999999], [45.0488225, 52.673576], [45.0488225, 52.67393469999999], [45.048863999999995, 52.67409200000001], [45.049164899999994, 52.67424929999999], [45.0491546, 52.6743877], [45.0489678, 52.6746834], [45.0488848, 52.6747967], [45.0488848, 52.6749036], [45.04877059999999, 52.675104999999995], [45.0485008, 52.675192999999986], [45.04859419999999, 52.6753944], [45.048532, 52.6756272], [45.0484489, 52.67572160000001], [45.0483037, 52.67580329999999], [45.0482933, 52.676010999999995], [45.04835549999999, 52.67608649999998], [45.04814799999999, 52.6761368], [45.047982, 52.67609279999999], [45.04768109999999, 52.6761808], [45.0472452, 52.6761808], [45.046674499999995, 52.67610530000001], [45.04658119999999, 52.6761221], [45.0463217, 52.676162], [45.0461142, 52.676111599999984], [45.045574599999995, 52.67601729999999], [45.0451491, 52.67589139999998], [45.04475479999999, 52.6758663], [45.0445784, 52.67580960000001], [45.04439159999999, 52.67585369999999], [45.0441737, 52.67572160000001], [45.0437275, 52.6757656], [45.04359259999999, 52.67572160000001], [45.043395399999994, 52.67580960000001], [45.04297, 52.6756523], [45.042814299999996, 52.675570599999986], [45.04257569999999, 52.675532799999985], [45.0423578, 52.675362899999996], [45.0418597, 52.675256], [45.04148609999999, 52.67514899999999], [45.040905, 52.6749225], [45.040656, 52.674777799999994], [45.040624799999996, 52.67467079999999], [45.0403654, 52.674437999999995], [45.040178600000004, 52.6743625], [45.0400749, 52.6742304], [45.0396079, 52.67421149999999], [45.03923429999999, 52.674167499999996], [45.0391825, 52.674047900000005], [45.0389023, 52.673947299999995], [45.038383399999994, 52.67395979999999], [45.0381033, 52.67409200000001], [45.0380306, 52.67421149999999], [45.0375948, 52.6742996], [45.03724199999999, 52.674331099999996], [45.0369514, 52.674217799999994], [45.03672319999999, 52.674047900000005], [45.0364222, 52.67377739999999], [45.03600719999999, 52.6737144], [45.03564399999999, 52.673695599999995], [45.03528080000001, 52.673821399999994], [45.03490719999999, 52.67390319999999], [45.0347723, 52.67388429999999], [45.03441949999999, 52.6736767], [45.0340771, 52.673481599999995], [45.033879899999995, 52.6733369], [45.0331535, 52.6732866], [45.032946, 52.673154499999995], [45.0325517, 52.67310410000001], [45.032292299999995, 52.67300339999999], [45.0319291, 52.6726637], [45.03163849999999, 52.672411999999994], [45.0311923, 52.6722169], [45.0308603, 52.6721603], [45.0305178, 52.672179199999995], [45.0302169, 52.6723491], [45.029999, 52.672430899999995], [45.0295839, 52.6723491], [45.0293141, 52.672261000000006], [45.0287538, 52.67217289999999], [45.02844249999999, 52.6721288], [45.02781989999999, 52.67204069999999], [45.02735289999999, 52.671896], [45.0271039, 52.6718079], [45.026885899999996, 52.6714619], [45.026709499999996, 52.671348599999995], [45.026585, 52.67130449999999], [45.02614919999999, 52.671229], [45.0258068, 52.67115350000001], [45.0254747, 52.6711913], [45.025152999999996, 52.6712668], [45.0251738, 52.671430400000006], [45.0250389, 52.671606600000004], [45.0247898, 52.671688399999994], [45.024696399999996, 52.67185200000001], [45.0243125, 52.671927499999995], [45.0240427, 52.6718709], [45.02388700000001, 52.671631700000006], [45.02391819999999, 52.671291999999994], [45.0238767, 52.67112839999999], [45.0235446, 52.671077999999994], [45.0230984, 52.67127309999999], [45.0226522, 52.6713297], [45.022330499999995, 52.6712983], [45.02224749999999, 52.6711976], [45.0222683, 52.6710528], [45.0219985, 52.67080119999999], [45.0219362, 52.6706313], [45.021375899999995, 52.6704425], [45.02061839999999, 52.6702915], [45.02006839999999, 52.67016559999998], [45.0199127, 52.67004609999999], [45.0196844, 52.6697755], [45.019175999999995, 52.6695867], [45.0191896, 52.6695188], [45.01910139999999, 52.6694936], [45.01904439999999, 52.66937089999999], [45.01886789999999, 52.66927020000001], [45.0188472, 52.66919469999999], [45.01890949999999, 52.6691852], [45.0188057, 52.669141200000006], [45.01877460000001, 52.669049999999984], [45.01865359999999, 52.66895219999999], [45.018107, 52.66861620000001], [45.0179345, 52.6685361], [45.0177731, 52.668360400000005], [45.017512599999996, 52.6682603], [45.01732179999999, 52.6681557], [45.0170137, 52.6680155], [45.016756799999996, 52.6679354], [45.016510999999994, 52.6678153], [45.016290899999994, 52.6677775], [45.0161772, 52.66774189999999], [45.01603779999999, 52.667681800000004], [45.01588739999999, 52.667601700000006], [45.01568919999999, 52.6674749], [45.0155939, 52.6673503], [45.0154324, 52.66721900000001], [45.0152563, 52.6671501], [45.015215999999995, 52.66705880000001], [45.01528199999999, 52.6668742], [45.01514629999999, 52.6666539], [45.01508019999999, 52.66652929999999], [45.014786699999995, 52.6664092], [45.0145593, 52.6663914], [45.0144345, 52.6663157], [45.014126399999995, 52.666280099999994], [45.0139282, 52.66634239999999], [45.0138182, 52.666462599999996], [45.013700799999995, 52.66657379999999], [45.013377899999995, 52.66657379999999], [45.0130844, 52.66639579999999], [45.0128203, 52.6662223], [45.0126515, 52.666173300000004], [45.0124681, 52.6662668], [45.01243869999999, 52.666489299999995], [45.01225530000001, 52.666631699999996], [45.0120352, 52.66670729999999], [45.011756299999995, 52.6666806], [45.0115729, 52.666564900000004], [45.0114995, 52.66645810000001], [45.01127209999999, 52.666377999999995], [45.011184, 52.6661956], [45.0111693, 52.66608430000001], [45.010993199999994, 52.6658974], [45.0107438, 52.6657595], [45.0103402, 52.6656883], [45.0098266, 52.665763899999995], [45.0094157, 52.6658574], [45.0091442, 52.66598200000001], [45.0090121, 52.6659286], [45.0089241, 52.665768400000005], [45.008792, 52.66557259999999], [45.00854249999999, 52.6655103], [45.007874799999996, 52.6655904], [45.0073685, 52.6656349], [45.00705299999999, 52.6655414], [45.0067742, 52.6654925], [45.0064513, 52.665577], [45.006025699999995, 52.6656215], [45.0055415, 52.6657283], [45.0052553, 52.66580400000001], [45.0049618, 52.66579509999999], [45.0045289, 52.6655904], [45.0041767, 52.6653901], [45.0038832, 52.66535900000001], [45.003553, 52.665305599999996], [45.00325949999999, 52.66536339999999], [45.0032081, 52.6654435], [45.00338419999999, 52.66557259999999], [45.003428299999996, 52.6657061], [45.0032375, 52.665879600000004], [45.00305409999999, 52.6659419], [45.002335, 52.6659953], [45.0019094, 52.6660131], [45.001681899999994, 52.6659286], [45.0019901, 52.66582180000001], [45.0020562, 52.6656616], [45.002012099999995, 52.6655904], [45.001887399999994, 52.66551919999999], [45.0016673, 52.6655325], [45.0011683, 52.66532780000001], [45.0006033, 52.6651943], [45.000390499999995, 52.665087500000006], [44.9997522, 52.66487390000001], [44.99959809999999, 52.664731499999995], [44.99966409999999, 52.66458910000001], [44.9997375, 52.6644868], [44.999532, 52.6642109], [44.99903309999999, 52.6640017], [44.998776299999996, 52.6639572], [44.9984021, 52.66397059999999], [44.99808659999999, 52.6640062], [44.997705, 52.66391719999999], [44.997184, 52.6637436], [44.99652369999999, 52.66361009999999], [44.99601, 52.66357010000001], [44.99556979999999, 52.66334759999999], [44.995305599999995, 52.6631473], [44.995019, 52.663071800000004], [44.97550269999999, 52.6788849], [44.9619462, 52.667535699999995], [44.9585492, 52.67184809999999], [44.942953, 52.67935709999998], [44.937923899999994, 52.6817781], [44.929064, 52.6774447], [44.92696359999999, 52.679397800000004], [44.91449149999999, 52.67325819999999], [44.9107094, 52.66839309999999], [44.879982899999995, 52.6539302], [44.86500439999999, 52.665575700000005], [44.85465979999999, 52.6841816], [44.84169039999999, 52.6890801], [44.83132789999999, 52.6954949], [44.82488539999999, 52.70424719999998], [44.8241799, 52.7121674], [44.8240403, 52.7128027], [44.819355, 52.7112589], [44.81571279999999, 52.7098454], [44.80257699999999, 52.7122258], [44.80366659999999, 52.71368710000001], [44.8011683, 52.7147646], [44.803791399999994, 52.7167496], [44.8037377, 52.7185009], [44.80181, 52.7193428], [44.79659379999999, 52.72787479999999], [44.790166799999994, 52.730882699999995], [44.78845789999999, 52.7337812], [44.794235699999994, 52.7389147], [44.79371789999999, 52.7409723], [44.786741899999996, 52.7458505], [44.7798937, 52.7563372], [44.7782112, 52.7570494], [44.7737357, 52.7589438], [44.77226129999999, 52.75932360000001], [44.7672582, 52.76409569999999], [44.7622901, 52.7663577], [44.76110599999999, 52.768705], [44.7614869, 52.77138370000001], [44.75982439999999, 52.7760206], [44.7548223, 52.7775515], [44.7502095, 52.7802493], [44.7505046, 52.784663300000005], [44.751926299999994, 52.7853225], [44.761585, 52.792069000000005], [44.771226999999996, 52.8107033], [44.743879099999994, 52.8202383], [44.741761, 52.820629], [44.7379015, 52.81795480000001], [44.74006709999999, 52.816956899999994], [44.73872359999999, 52.8160196], [44.738353999999994, 52.815761699999996], [44.73629749999999, 52.813995500000004], [44.733530099999996, 52.815283], [44.73150609999999, 52.813757499999994], [44.7290522, 52.813443299999996], [44.7257006, 52.815057700000004], [44.7242405, 52.815563399999995], [44.72349, 52.815823399999985], [44.7206015, 52.8169805], [44.72056839999999, 52.8194405], [44.7238412, 52.8237662], [44.7248889, 52.8249037], [44.72808469999999, 52.826263], [44.7300453, 52.827789499999994], [44.73319409999999, 52.83017180000001], [44.73630429999999, 52.8290117], [44.737526499999994, 52.8319573], [44.73848809999999, 52.834274799999996], [44.73884879999999, 52.836057100000005], [44.7400484, 52.8405593], [44.7403548, 52.8415978], [44.7414465, 52.8460616], [44.741535, 52.84644420000001], [44.74267509999999, 52.8509351], [44.742778599999994, 52.851338399999996], [44.7440366, 52.856137999999994], [44.7220557, 52.86177359999999], [44.6903043, 52.869612599999996], [44.7018406, 52.8865508], [44.70021229999999, 52.8902958], [44.7000333, 52.8916618], [44.7016908, 52.892093800000005], [44.7064344, 52.889681199999984], [44.70883369999999, 52.8901824], [44.7085791, 52.890496999999996], [44.7080285, 52.8911469], [44.70781590000001, 52.8916138], [44.7044043, 52.89597379999999], [44.70239879999999, 52.89844519999999], [44.7020894, 52.898836499999994], [44.6973041, 52.90497469999999], [44.6950549, 52.907863799999994], [44.6881951, 52.916522099999995], [44.6870674, 52.9179408], [44.68614389999999, 52.9191105], [44.6848356, 52.92076310000001], [44.683339100000005, 52.9223541], [44.6830333, 52.922614599999996], [44.68240459999999, 52.9231335], [44.682220599999994, 52.923541], [44.682171399999994, 52.9241486], [44.681704599999996, 52.9248848], [44.6813403, 52.92492880000001], [44.6806106, 52.9251553], [44.68033009999999, 52.925402600000005], [44.67938649999999, 52.9256026], [44.678936699999994, 52.925722900000004], [44.678808499999995, 52.9257605], [44.678666799999995, 52.9258077], [44.67839089999999, 52.92584630000001], [44.678136599999995, 52.9257979], [44.6780976, 52.925786599999995], [44.677690999999996, 52.92566949999999], [44.67709, 52.92571749999999], [44.6768825, 52.925845], [44.67525520000001, 52.9258059], [44.6748081, 52.92562360000001], [44.67401329999999, 52.925362], [44.67347889999999, 52.9251799], [44.673706499999994, 52.92706239999999], [44.6789046, 52.944932300000005], [44.678794599999996, 52.9450243], [44.677677499999994, 52.94595890000001], [44.674370399999994, 52.9483963], [44.664536500000004, 52.9555939], [44.6594032, 52.959035699999994], [44.65621459999999, 52.9610497], [44.64898879999999, 52.9653978], [44.6457085, 52.9673522], [44.62718559999999, 52.955358700000005], [44.61710879999999, 52.9559187], [44.6144528, 52.9569459], [44.6131523, 52.9589115], [44.61520689999999, 52.9697796], [44.61539489999999, 52.97040809999999], [44.6163399, 52.9737783], [44.6174968, 52.97754119999998], [44.61861199999999, 52.9815656], [44.61839239999999, 52.9833081], [44.61417060000001, 52.9849301], [44.6046546, 52.988458], [44.5944179, 52.992381400000006], [44.590918699999996, 52.9895519], [44.587788, 52.986814900000006], [44.5873172, 52.98642379999998], [44.577773799999996, 52.9784055], [44.5757045, 52.9760778], [44.57543319999999, 52.9753889], [44.574387699999996, 52.97499210000001], [44.573189899999996, 52.974270800000006], [44.57160579999999, 52.9743173], [44.569287499999994, 52.9749455], [44.56797379999999, 52.9758296], [44.56608060000001, 52.975271299999996], [44.56550099999999, 52.974666299999996], [44.564419199999996, 52.973852], [44.563260099999994, 52.97399159999999], [44.5604072, 52.97200320000001], [44.56031560000001, 52.9719442], [44.559962299999995, 52.97168349999999], [44.559788499999996, 52.9714151], [44.5595656, 52.97122799999999], [44.55943059999999, 52.97117730000001], [44.5593733, 52.9711611], [44.5591465, 52.9711708], [44.5583087, 52.9713129], [44.55811069999999, 52.971311299999996], [44.55773859999999, 52.971221799999995], [44.556993999999996, 52.9709034], [44.55695959999999, 52.9708936], [44.55654559999999, 52.9707657], [44.55642989999999, 52.970728599999994], [44.5561616, 52.9707031], [44.5557259, 52.97067569999999], [44.5547722, 52.97049009999999], [44.5543912, 52.97034010000001], [44.5542677, 52.97028780000001], [44.5538387, 52.97024], [44.553335499999996, 52.9701414], [44.5532185, 52.9701138], [44.5530007, 52.9700289], [44.552932799999994, 52.9695155], [44.5530605, 52.96910989999999], [44.5530303, 52.9689869], [44.552889799999996, 52.968845400000006], [44.5526737, 52.9687616], [44.552449, 52.9687325], [44.551776499999995, 52.9685055], [44.5517528, 52.9684861], [44.55136970000001, 52.968020599999996], [44.55128390000001, 52.96800360000001], [44.550881999999994, 52.96803009999999], [44.5506788, 52.96808869999999], [44.55054930000001, 52.96811129999999], [44.55021769999999, 52.968143500000004], [44.5494567, 52.96830909999999], [44.548560599999995, 52.96835790000001], [44.5483122, 52.9682991], [44.5481998, 52.968273700000005], [44.544971499999996, 52.96651500000001], [44.5449444, 52.9660042], [44.5395409, 52.9618691], [44.5387326, 52.96114029999998], [44.53807030000001, 52.960673], [44.535638, 52.9588619], [44.5354501, 52.95896859999999], [44.5334873, 52.9571747], [44.5332156, 52.957108], [44.533007999999995, 52.95717989999999], [44.5328776, 52.9572487], [44.53252510000001, 52.9569354], [44.5322572, 52.956875], [44.5320636, 52.9565566], [44.5314851, 52.955856], [44.5310526, 52.955708], [44.530490799999995, 52.955559], [44.5298663, 52.955448700000005], [44.528785199999994, 52.9549002], [44.52768259999999, 52.9538095], [44.5273104, 52.95352280000001], [44.527038999999995, 52.953321300000006], [44.526929599999995, 52.9532652], [44.526634599999994, 52.9531375], [44.5265426, 52.953109100000006], [44.52627639999999, 52.9530655], [44.52535520000001, 52.95306059999999], [44.5251368, 52.95304899999999], [44.5249244, 52.95298759999999], [44.5248818, 52.9529733], [44.5239175, 52.9523103], [44.5234344, 52.9519469], [44.52249359999999, 52.9512294], [44.521394, 52.9511127], [44.52082159999999, 52.951140099999996], [44.5197165, 52.9512302], [44.519449599999994, 52.95126880000001], [44.5186637, 52.951283499999995], [44.51835770000001, 52.9511065], [44.518185, 52.95097620000001], [44.5180119, 52.9509048], [44.517823699999994, 52.9508282], [44.5172731, 52.950408599999996], [44.517109899999994, 52.95029559999999], [44.5168824, 52.950146100000005], [44.516765799999995, 52.95008300000001], [44.5158555, 52.94979360000001], [44.5156365, 52.949806], [44.5154142, 52.94986569999999], [44.515193499999995, 52.9500107], [44.5149933, 52.95006789999999], [44.5139735, 52.94899139999998], [44.51224439999999, 52.9475716], [44.5121217, 52.9474876], [44.512042, 52.9474453], [44.5104885, 52.9477813], [44.5086956, 52.94668939999999], [44.5081419, 52.94703009999999], [44.5042129, 52.94955879999999], [44.500692099999995, 52.9517836], [44.4928927, 52.956335200000005], [44.4891424, 52.95843179999999], [44.4768386, 52.95513459999999], [44.4568283, 52.9484817], [44.4554519, 52.9481268], [44.4470194, 52.9462245], [44.44191889999999, 52.9456304], [44.4429233, 52.94442370000001], [44.42219529999999, 52.937564], [44.3970248, 52.929377699999996], [44.39226089999999, 52.93311829999999], [44.3811687, 52.9326417], [44.3806963, 52.932834500000006], [44.379089199999996, 52.93309430000001], [44.37874239999999, 52.933232399999994], [44.37711629999999, 52.93338399999999], [44.3767864, 52.933491399999994], [44.3729272, 52.933615200000006], [44.37295, 52.93638239999999], [44.3717746, 52.9381961], [44.3729616, 52.94330599999999], [44.372709799999996, 52.94346720000001], [44.37205219999999, 52.9440849], [44.3719355, 52.94416259999999], [44.37152999999999, 52.944413799999985], [44.3712964, 52.9445807], [44.370092299999996, 52.9459499], [44.369680599999995, 52.94621469999999], [44.3690247, 52.94681450000001], [44.3687201, 52.94701150000001], [44.3680338, 52.9480834], [44.359527899999996, 52.95111279999999], [44.3563792, 52.9531794], [44.3444922, 52.96095749999999], [44.33936769999999, 52.965811599999995], [44.33713899999999, 52.9676288], [44.3368321, 52.96804759999999], [44.33563589999999, 52.9690257], [44.3352437, 52.96923890000001], [44.33231719999999, 52.9716342], [44.337120899999995, 52.980118299999994], [44.33060179999999, 52.98161170000001], [44.287640599999996, 52.991451700000006], [44.27386909999999, 53.005884300000005], [44.2729265, 53.00666449999999], [44.2795264, 53.0086574], [44.28800489999999, 53.01397099999999], [44.2878565, 53.014118700000004], [44.29763139999999, 53.02938], [44.299269, 53.03057009999999], [44.30294069999999, 53.0332382], [44.3046269, 53.04052469999999], [44.3098469, 53.0483687], [44.32115219999999, 53.0616853], [44.3346922, 53.07067860000001], [44.3346755, 53.07468649999999], [44.3690395, 53.091835499999995], [44.346520299999995, 53.1051225], [44.346359799999995, 53.10528320000001], [44.3461343, 53.1086625], [44.346095299999995, 53.108715], [44.3362258, 53.1112827], [44.3286869, 53.1102161], [44.3222431, 53.1071308], [44.309969, 53.1070551], [44.3099521, 53.10707380000001], [44.3098501, 53.1072273], [44.307289, 53.10809869999999], [44.30715239999999, 53.10826389999999], [44.3066734, 53.10861510000001], [44.3066387, 53.10866260000001], [44.2987999, 53.113006799999994], [44.298631099999994, 53.11333369999999], [44.29675559999999, 53.1140571], [44.296461099999995, 53.11448949999999], [44.296322999999994, 53.1147121], [44.2956637, 53.11523439999999], [44.29561639999999, 53.115631500000006], [44.2956039, 53.11564979999999], [44.29337759999999, 53.116536800000006], [44.2933104, 53.116899000000004], [44.2864778, 53.1172969], [44.282072199999995, 53.1141486], [44.273557000000004, 53.1113752], [44.2764073, 53.1318143], [44.2766162, 53.14044], [44.27525789999999, 53.1429622], [44.271198399999996, 53.1479944], [44.2703856, 53.14937890000001], [44.270058999999996, 53.15187170000001], [44.2812775, 53.1496196], [44.2918789, 53.152204000000005], [44.29136629999999, 53.1526207], [44.29161409999999, 53.15278639999999], [44.2914528, 53.152975399999995], [44.3065376, 53.16173449999999], [44.332311, 53.170801], [44.3457026, 53.1756341], [44.3794716, 53.1944286], [44.42345929999999, 53.21111810000001], [44.44689269999999, 53.2340312], [44.447675, 53.233579], [44.4706437, 53.225024999999995], [44.47343149999999, 53.224947499999985], [44.473113299999994, 53.2262046], [44.4766104, 53.2251062], [44.47667849999999, 53.224341], [44.4946614, 53.2235975], [44.49565549999999, 53.2221138], [44.4966169, 53.22170189999999], [44.4970172, 53.2191092], [44.50596139999999, 53.2078284], [44.5055388, 53.2040738], [44.5086794, 53.202686499999984], [44.50982330000001, 53.2022044], [44.5116548, 53.20212329999998], [44.5120171, 53.20185540000001], [44.5207208, 53.201994899999995], [44.5210282, 53.201811600000006], [44.5251006, 53.202711799999996], [44.52560329999999, 53.20248230000001], [44.5268072, 53.2018253], [44.5281026, 53.201431400000004], [44.5284359, 53.2012729], [44.5297892, 53.2012261], [44.530327699999994, 53.2008164], [44.5304457, 53.200771800000005], [44.53161179999999, 53.2005461], [44.53191439999999, 53.2004256], [44.5447003, 53.2023312], [44.5688412, 53.2209726], [44.582176100000005, 53.21870989999999], [44.5816164, 53.2352279], [44.5848115, 53.2364288], [44.58335099999999, 53.2385637], [44.5877132, 53.237371299999985], [44.594384299999994, 53.242389999999986], [44.592566, 53.2463987], [44.5985327, 53.2539047], [44.58732899999999, 53.26762719999999], [44.5821099, 53.2775335], [44.6022749, 53.2895057], [44.6150671, 53.294589900000005], [44.620077699999996, 53.29658109999999], [44.6359411, 53.2974289], [44.656959699999994, 53.29855220000001], [44.6652428, 53.29766089999999], [44.7026722, 53.2897531], [44.705693999999994, 53.28824590000001], [44.7079247, 53.28635289999998], [44.7088398, 53.2845946], [44.7089624, 53.28023460000001], [44.7097671, 53.27833549999999], [44.719676299999996, 53.26405569999999], [44.7324892, 53.2589413], [44.73479439999999, 53.2584603], [44.75498989999999, 53.2583304], [44.7739828, 53.2612519], [44.7768548, 53.26090429999999], [44.778875299999996, 53.26047449999999], [44.78263590000001, 53.2593723], [44.78685659999999, 53.258037099999996], [44.7871062, 53.25849109999999], [44.78113799999999, 53.2629413], [44.78319950000001, 53.26536610000001], [44.79101760000001, 53.2606379], [44.78816040000001, 53.25758029999999], [44.83160639999999, 53.2479865], [44.82975849999999, 53.245713899999984], [44.8395965, 53.2432334], [44.8438047, 53.240058], [44.85459279999999, 53.2378959], [44.858781099999995, 53.235927199999985], [44.85682789999999, 53.234680499999996], [44.86063239999999, 53.232062499999984], [44.858809199999996, 53.2315163], [44.85937989999999, 53.227705199999996], [44.86535309999999, 53.2290183], [44.869656, 53.222575799999994], [44.87513049999999, 53.2176328], [44.87852809999999, 53.2164638], [44.877453800000005, 53.2150757], [44.875601, 53.2095466], [44.8754813, 53.2091894], [44.87545349999999, 53.20910649999998], [44.87555509999999, 53.209099], [44.87604579999999, 53.2090629], [44.8838646, 53.208487500000004], [44.8898432, 53.2021674], [44.89018469999999, 53.2018063], [44.8901832, 53.2017925], [44.889799200000006, 53.198359199999985], [44.889787899999995, 53.1982766], [44.8884491, 53.1884784], [44.89577129999999, 53.188853800000004], [44.8979458, 53.1870954], [44.90059229999999, 53.187584], [44.9015191, 53.1887806], [44.9023059, 53.188857699999986], [44.904949499999994, 53.1881709], [44.9093475, 53.182558300000004], [44.9123909, 53.179454], [44.9180367, 53.1735793], [44.91685089999999, 53.16922950000001], [44.922473, 53.16547729999999], [44.9278768, 53.1618705], [44.9305291, 53.162419799999995], [44.922081399999996, 53.171775999999994], [44.9313159, 53.174692099999994], [44.937335499999996, 53.16817919999999], [44.939549199999995, 53.16578390000001], [44.9419778, 53.16355870000001], [44.943883299999996, 53.1640929], [44.9494383, 53.16002149999999], [44.95154509999999, 53.158210499999996], [44.9497717, 53.1580446], [44.9493426, 53.1567321], [44.9460562, 53.15521530000001], [44.9464439, 53.1540205], [44.947147199999996, 53.1471827], [44.9507697, 53.1474281], [44.9532598, 53.1475651], [44.953232699999994, 53.1477276], [44.956618, 53.1477546], [44.9566626, 53.14709260000001], [44.9501118, 53.144788199999994], [44.94815369999999, 53.14444660000001], [44.94273449999999, 53.149813400000006], [44.942357699999995, 53.153733599999995], [44.927, 53.1476184], [44.92737379999999, 53.1465049], [44.9277202, 53.1454731], [44.92796680000001, 53.14473819999999], [44.92851879999999, 53.1430938], [44.936729799999995, 53.143298], [44.93992589999999, 53.1431999], [44.947127599999995, 53.1436139], [44.957107199999996, 53.1434434], [44.9629186, 53.145393], [44.96318960000001, 53.14504430000001], [44.9643859, 53.1435049], [44.968767299999996, 53.1378666], [44.9547046, 53.1367213], [44.95317759999999, 53.1337264], [44.958389, 53.1311058], [44.9585922, 53.13101760000001], [44.9592454, 53.1307405], [44.95898609999999, 53.12916329999999], [44.96237429999999, 53.128045500000006], [44.9633692, 53.1291283], [44.9634885, 53.129259299999994], [44.9635452, 53.129312999999996], [44.9643435, 53.130176500000005], [44.964715899999995, 53.1305898], [44.9668516, 53.132932600000004], [44.967214399999996, 53.1330147], [44.968544599999994, 53.133911199999986], [44.97327179999999, 53.13116680000001], [44.97687809999999, 53.1318847], [44.9756453, 53.134025199999996], [44.9810626, 53.1364182], [44.9860007, 53.13561039999999], [44.9875655, 53.1392336], [44.9876281, 53.1382253], [44.98689639999999, 53.13553989999998], [44.9870398, 53.135025399999996], [44.9894842, 53.13497910000001], [44.98939879999999, 53.1348196], [44.9886786, 53.13452399999999], [44.9886975, 53.13411459999999], [44.988830199999995, 53.133784799999994], [44.9889818, 53.1335005], [44.98884919999999, 53.1332162], [44.988375299999994, 53.133000100000004], [44.987730799999994, 53.1330115], [44.9871622, 53.13297740000001], [44.9867072, 53.132875], [44.986385, 53.1327272], [44.9862334, 53.132442899999994], [44.986422899999994, 53.13207890000001], [44.98683989999999, 53.131806], [44.98738959999999, 53.1315672], [44.9881289, 53.131317], [44.9886617, 53.131073199999996], [44.98898869999999, 53.13066059999999], [44.98898869999999, 53.13035849999999], [44.988830199999995, 53.1296565], [44.9885648, 53.1293267], [44.988299500000004, 53.12898549999999], [44.988508, 53.128667099999994], [44.98879229999999, 53.12826900000001], [44.9888681, 53.1278482], [44.9885648, 53.1276889], [44.9879204, 53.1278027], [44.9872001, 53.1276776], [44.9868968, 53.12746149999999], [44.98674509999999, 53.1269041], [44.98683989999999, 53.1265061], [44.98668829999999, 53.1260397], [44.9864798, 53.1255393], [44.9863308, 53.12540249999999], [44.986300799999995, 53.1252879], [44.9863477, 53.1250515], [44.9861605, 53.124895], [44.986, 53.1249231], [44.9857392, 53.1250796], [44.985338, 53.1252481], [44.98514409999999, 53.12524009999999], [44.98497029999999, 53.12520399999999], [44.984642699999995, 53.1251558], [44.9843953, 53.1250355], [44.984268199999995, 53.12485490000001], [44.984315, 53.124578099999994], [44.9843953, 53.124244999999995], [44.9844086, 53.12390400000001], [44.9845758, 53.12380370000001], [44.98527119999999, 53.123892], [44.98562559999999, 53.1240003], [44.98595319999999, 53.124192900000004], [44.9863544, 53.12434129999999], [44.9866285, 53.12427709999999], [44.986835799999994, 53.1240324], [44.9866285, 53.1236833], [44.98614709999999, 53.123165699999994], [44.9854851, 53.12268819999999], [44.985141399999996, 53.122495900000004], [44.989766, 53.11846], [44.99274429999999, 53.118416800000006], [44.998511699999995, 53.1168096], [44.99743539999999, 53.1146585], [45.00035979999999, 53.1136885], [45.0013923, 53.1077703], [45.0042494, 53.1065999], [45.0108164, 53.10675069999999], [45.01482940000001, 53.105198099999996], [45.02037349999999, 53.10749280000001], [45.0394299, 53.1017136], [45.051642599999994, 53.099052300000004], [45.05914669999999, 53.099020399999986], [45.0602461, 53.0990157], [45.0556304, 53.1034403], [45.0433941, 53.107278900000004], [45.0383869, 53.10857279999999], [45.0314379, 53.11336270000001], [45.029553199999995, 53.118125], [45.0281626, 53.121668299999996], [45.02666, 53.121378199999995], [45.0229418, 53.12178549999999], [45.022917899999996, 53.1220029], [45.0227441, 53.123581900000005], [45.0253222, 53.1220653], [45.031372, 53.125583500000005], [45.0236101, 53.1302642], [45.0219313, 53.131527], [45.02161639999999, 53.133734], [45.029009599999995, 53.1335018], [45.0346999, 53.13548269999999], [45.03324949999999, 53.1377069], [45.030767, 53.14069570000001], [45.03034319999999, 53.141223399999994], [45.0300856, 53.141538100000005], [45.0291607, 53.14262430000001], [45.0280728, 53.1440389], [45.028306, 53.1440606], [45.0275431, 53.14561059999999], [45.027586199999995, 53.1457041], [45.0276268, 53.1457922], [45.030895699999995, 53.1476632], [45.029698599999996, 53.1484927], [45.03087969999999, 53.1487742], [45.03210159999999, 53.14888109999998], [45.035205299999994, 53.149082899999996], [45.040264099999995, 53.14969589999999], [45.040952999999995, 53.1478011], [45.0432663, 53.1458112], [45.0469698, 53.1452223], [45.04862849999999, 53.14489379999999], [45.04879940000001, 53.14485990000001], [45.05055350000001, 53.1444911], [45.0569867, 53.1422765], [45.0609077, 53.1384031], [45.06237699999999, 53.13583069999999], [45.062886, 53.1330056], [45.06124729999999, 53.1305243], [45.06235699999999, 53.12983620000001], [45.0620984, 53.1271329], [45.0620908, 53.12705390000001], [45.0646781, 53.124617799999996], [45.063241299999994, 53.1222185], [45.065122699999996, 53.1198888], [45.066827599999996, 53.11944470000001], [45.0796546, 53.1168279], [45.08280349999999, 53.114603], [45.086022699999994, 53.115384500000005], [45.0879559, 53.11966199999999], [45.08586679999999, 53.1213551], [45.0874664, 53.123389399999986], [45.071896599999995, 53.12510129999999], [45.073898899999996, 53.129121], [45.06660359999999, 53.1305102], [45.06768199999999, 53.132052099999996], [45.073881099999994, 53.13259239999999], [45.07635320000001, 53.13241850000001], [45.0836471, 53.13294530000001], [45.0846104, 53.1335417], [45.08509959999999, 53.1340385], [45.0897306, 53.13612880000001], [45.092830799999994, 53.1377791], [45.09567179999999, 53.1393944], [45.09482479999999, 53.141833500000004], [45.096168999999996, 53.1427201], [45.1081623, 53.148027899999995], [45.113189799999994, 53.15030480000001], [45.11399159999999, 53.1506843], [45.117158399999994, 53.1522009], [45.1180734, 53.15263910000001], [45.1184476, 53.15282739999999], [45.1203344, 53.153776900000004], [45.1254439, 53.1564021], [45.12653519999999, 53.15682989999999], [45.12855859999999, 53.1576232], [45.1346511, 53.1573066], [45.136316099999995, 53.1562176], [45.1369834, 53.155802200000004], [45.1426435, 53.1522785], [45.14273849999999, 53.152324199999995], [45.148792, 53.1552366], [45.153889899999996, 53.1517063], [45.1587236, 53.1483586], [45.164484, 53.15120579999999], [45.1720559, 53.1549482], [45.1938355, 53.1657107], [45.20049279999999, 53.17408569999999], [45.2016079, 53.174847199999995], [45.2176235, 53.1830024], [45.218341099999996, 53.1835943], [45.21947959999999, 53.185329800000005], [45.219533199999994, 53.1857798], [45.2186368, 53.18960309999999], [45.233068599999996, 53.1895195], [45.2445543, 53.1851474], [45.2458588, 53.17668189999999], [45.2495118, 53.1682934], [45.2550536, 53.16387109999999], [45.2535379, 53.161926199999996], [45.2552304, 53.15991060000001], [45.26479210000001, 53.1589501], [45.2647679, 53.1588891], [45.264852399999995, 53.158846199999985], [45.2647732, 53.158791], [45.2648081, 53.1587379], [45.2649681, 53.15861829999999], [45.26513529999999, 53.1585401], [45.2654489, 53.1585058], [45.2660908, 53.15852970000001], [45.2666937, 53.15849180000001], [45.26679959999999, 53.1584249], [45.26689369999999, 53.15830449999999], [45.2673266, 53.15817710000001], [45.2670991, 53.1583708], [45.26699409999999, 53.158498200000004], [45.26710940000001, 53.15857710000001], [45.267380499999994, 53.15855090000001], [45.26797969999999, 53.1585373], [45.2688359, 53.1586361], [45.2698746, 53.1584703], [45.27041539999999, 53.158293399999984], [45.2708826, 53.158275], [45.271491, 53.15834869999999], [45.271561199999994, 53.158409000000006], [45.27680569999999, 53.15792669999999], [45.2775253, 53.1583485], [45.278594, 53.15918800000001], [45.28027229999999, 53.1598879], [45.2830045, 53.1578063], [45.2875626, 53.157559600000006], [45.28772159999999, 53.1501106], [45.2889867, 53.149657399999995], [45.2945585, 53.1476612], [45.27682769999999, 53.1323559], [45.276802599999996, 53.1309022], [45.272684299999995, 53.1308295], [45.2719063, 53.12882009999999], [45.2843818, 53.1198424], [45.287239, 53.117785999999995], [45.2882827, 53.1170348], [45.2890555, 53.11647859999999], [45.254506899999996, 53.09705249999998], [45.2648334, 53.0899928], [45.2766334, 53.0964725], [45.28235509999999, 53.09260309999999], [45.2879715, 53.088804599999996], [45.292313199999995, 53.085868000000005], [45.295317, 53.08383620000001], [45.3031385, 53.07854520000001], [45.3031883, 53.0786414], [45.3083989, 53.08870970000001], [45.310030999999995, 53.089350700000004], [45.313499699999994, 53.0907129], [45.32124209999999, 53.093753400000004], [45.324318999999996, 53.09496159999999], [45.32632499999999, 53.095107999999996], [45.32648859999999, 53.09511989999999], [45.3284668, 53.0930744], [45.32605070000001, 53.0902672], [45.3288928, 53.0881612], [45.3346388, 53.09301419999999], [45.3416983, 53.091922999999994], [45.350274399999996, 53.0934535], [45.34913349999999, 53.0982631], [45.3536464, 53.096394399999994], [45.3561263, 53.0998515], [45.3630969, 53.09325960000001], [45.366645, 53.0943331], [45.3704418, 53.0918444], [45.3761745, 53.09522710000001], [45.37584559999999, 53.0968936], [45.3782617, 53.09702850000001], [45.3739538, 53.098642], [45.3745906, 53.1000587], [45.3930734, 53.096993700000006], [45.40420019999999, 53.09479840000001], [45.4061407, 53.0931641], [45.40712099999999, 53.0923386], [45.4054097, 53.089988399999996], [45.40655799999999, 53.087269299999996], [45.4162951, 53.0942085], [45.4140439, 53.09497189999999], [45.4162189, 53.0982582], [45.41511669999999, 53.0983152], [45.414112, 53.0983671], [45.41309439999999, 53.0984197], [45.41136749999999, 53.09850899999999], [45.410652999999996, 53.101867699999985], [45.41703210000001, 53.10552799999999], [45.420949199999995, 53.1066407], [45.426059099999996, 53.1050332], [45.4283242, 53.1070227], [45.416675899999994, 53.11435679999999], [45.4326371, 53.1187715], [45.44362699999999, 53.1152029], [45.4437726, 53.11515560000001], [45.4419824, 53.1137552], [45.4437505, 53.11149249999999], [45.4408225, 53.10693830000001], [45.4400197, 53.1056896], [45.4498433, 53.1047773], [45.4746844, 53.0951759], [45.48056629999999, 53.09046630000001], [45.48374679999999, 53.082392], [45.485749199999994, 53.0819022], [45.4870102, 53.08316959999999], [45.48635099999999, 53.0857565], [45.4887133, 53.08637050000001], [45.4953743, 53.083881999999996], [45.4948571, 53.08578789999999], [45.497579099999996, 53.086324100000006], [45.49564219999999, 53.08875690000001], [45.4974153, 53.08978829999999], [45.5002842, 53.087927999999984], [45.50176, 53.08482239999999], [45.4840423, 53.0777014], [45.48025189999999, 53.076859], [45.455933, 53.0714541], [45.45338699999999, 53.06765089999999], [45.44001219999999, 53.0642554], [45.4395, 53.064], [45.43511800000001, 53.06297240000001], [45.4336542, 53.063010600000005], [45.43230560000001, 53.0627178], [45.43219309999999, 53.06258559999999], [45.431918499999995, 53.062514699999994], [45.4308927, 53.0621966], [45.42999999999999, 53.06199999999999], [45.428749999999994, 53.0615], [45.42777679999999, 53.0611272], [45.4265833, 53.06075], [45.426249999999996, 53.06075], [45.4260305, 53.0605305], [45.425992799999996, 53.0604928], [45.42525, 53.05975000000001], [45.423470099999996, 53.059394], [45.421499999999995, 53.059], [45.42124999999999, 53.05875000000001], [45.421192, 53.0584017], [45.421, 53.05725], [45.421499999999995, 53.05725], [45.42225, 53.057999999999986], [45.42274999999999, 53.05775], [45.42425, 53.05725], [45.42375, 53.056999999999995], [45.42274999999999, 53.056999999999995], [45.421499999999995, 53.056749999999994], [45.41936259999999, 53.05760490000001], [45.419, 53.05775], [45.41816849999999, 53.0570848], [45.417750000000005, 53.056749999999994], [45.41749999999999, 53.05650000000001], [45.4165, 53.05624999999999], [45.4155, 53.055], [45.415, 53.054750000000006], [45.4135, 53.054750000000006], [45.41299999999999, 53.054], [45.41225, 53.05425], [45.41199999999999, 53.0545], [45.41149999999999, 53.0545], [45.41075, 53.054], [45.410026, 53.05418099999999], [45.40975, 53.05425], [45.4095522, 53.054052199999994], [45.40874999999999, 53.053249999999984], [45.40812759999999, 53.053664899999994], [45.408, 53.05375000000001], [45.4078776, 53.05359700000001], [45.40699999999999, 53.05250000000001], [45.406499999999994, 53.05250000000001], [45.4055639, 53.052968], [45.4055, 53.053], [45.40543219999999, 53.0529322], [45.405, 53.05250000000001], [45.4035, 53.052249999999994], [45.40274999999999, 53.0515], [45.402249999999995, 53.05174999999999], [45.4014853, 53.05185920000001], [45.400499999999994, 53.052], [45.40025, 53.05174999999999], [45.399820999999996, 53.0514068], [45.398999999999994, 53.05075], [45.39810789999999, 53.05075], [45.397499999999994, 53.05075], [45.3962822, 53.0500226], [45.3963285, 53.04986839999999], [45.3957813, 53.0498458], [45.394864, 53.04978460000001], [45.3947031, 53.04970720000001], [45.3947413, 53.0496677], [45.39567939999999, 53.04964269999999], [45.3962929, 53.049525800000005], [45.39375, 53.04800000000001], [45.39160009999999, 53.0456709], [45.39075, 53.04475000000001], [45.3905, 53.044000000000004], [45.390357099999996, 53.0435714], [45.39, 53.042500000000004], [45.39025, 53.04225], [45.38975, 53.04175], [45.389, 53.0415], [45.3849132, 53.04118559999999], [45.38249999999999, 53.041], [45.3818802, 53.04076759999999], [45.38049999999999, 53.04025], [45.376999999999995, 53.03875], [45.376749999999994, 53.039], [45.37649999999999, 53.03875], [45.3764434, 53.03869339999999], [45.376, 53.038250000000005], [45.37324999999999, 53.03725], [45.372749999999996, 53.03725], [45.370749999999994, 53.03725], [45.3705, 53.037], [45.369, 53.036], [45.3685, 53.03625], [45.367999999999995, 53.03625], [45.3675, 53.036], [45.365249999999996, 53.03524999999999], [45.36400079999999, 53.035057800000004], [45.362, 53.03475000000001], [45.36175, 53.0345], [45.3610927, 53.0341056], [45.35925, 53.033], [45.3575, 53.032500000000006], [45.356, 53.03225], [45.353500000000004, 53.03175], [45.353035999999996, 53.031866], [45.35249999999999, 53.032000000000004], [45.3519558, 53.031731099999995], [45.35025, 53.031000000000006], [45.34625, 53.03025], [45.34175, 53.029999999999994], [45.339999999999996, 53.029999999999994], [45.338774, 53.03008460000001], [45.257500799999995, 53.0199938], [45.25694089999999, 53.01674179999999], [45.2514388, 53.010977700000005], [45.2585236, 52.9953518], [45.2537662, 52.9766623], [45.2612376, 52.974049499999985], [45.24992679999999, 52.9691771], [45.204498599999994, 52.9640541], [45.192974799999995, 52.9718411], [45.1824713, 52.98041619999999], [45.1826231, 52.98488420000001], [45.18999240000001, 52.984765599999996], [45.1907621, 52.99457290000001], [45.1924568, 52.997999699999994], [45.190805999999995, 53.002240900000004], [45.1813985, 53.00860310000001], [45.19245149999999, 53.0140725], [45.177059199999995, 53.01761299999999], [45.173850099999996, 53.0143272], [45.161956399999994, 53.008990499999996], [45.16034549999999, 53.0052925], [45.13812339999999, 53.005639], [45.1243792, 53.002741199999996], [45.110754, 52.99541029999999], [45.110694499999994, 52.9929041], [45.11797979999999, 52.98891580000001], [45.118077299999996, 52.98416749999999], [45.122769899999994, 52.97514699999999], [45.1215043, 52.96735400000001], [45.13253799999999, 52.9594665], [45.1336908, 52.95644759999999], [45.1319, 52.9524078], [45.137743699999994, 52.94490489999999], [45.139174499999996, 52.937747699999996], [45.1435, 52.93316879999999], [45.1404268, 52.9290968], [45.143452399999994, 52.9284347], [45.14433309999999, 52.92480319999999], [45.144174, 52.924709699999994], [45.14391650000001, 52.9245921], [45.1436374, 52.9245848], [45.143489699999996, 52.9246746], [45.14341900000001, 52.924862700000006], [45.14347969999999, 52.9250602], [45.143406899999995, 52.9251626], [45.143176399999994, 52.92521380000001], [45.1429944, 52.92519189999999], [45.1428488, 52.9251333], [45.1428003, 52.9250163], [45.14267889999999, 52.92486999999999], [45.14243629999999, 52.9248993], [45.1421936, 52.9249432], [45.14196309999999, 52.924877299999984], [45.141829599999994, 52.9247384], [45.14152889999999, 52.92457389999999], [45.1410981, 52.9245518], [45.1407498, 52.9247091], [45.1408712, 52.924892], [45.1407498, 52.925009], [45.140458599999995, 52.9250675], [45.140203899999996, 52.9250602], [45.14000969999999, 52.924957799999994], [45.13983989999999, 52.924760299999996], [45.13967, 52.92461399999999], [45.139415199999995, 52.9245628], [45.13925749999999, 52.92464330000001], [45.13901479999999, 52.9247384], [45.138881399999995, 52.9246725], [45.13877099999999, 52.92443239999999], [45.138638699999994, 52.924240999999995], [45.138311099999996, 52.9241532], [45.138141299999994, 52.9242117], [45.13791749999999, 52.9243887], [45.1377288, 52.924518899999995], [45.137558899999995, 52.9245555], [45.13719489999999, 52.9245555], [45.1368857, 52.92433569999999], [45.136709599999996, 52.9242117], [45.136479099999995, 52.92399230000001], [45.136018099999994, 52.923824100000004], [45.135156599999995, 52.9237509], [45.13498679999999, 52.923721699999994], [45.13453789999999, 52.923641199999985], [45.134040399999996, 52.923648500000006], [45.133906999999994, 52.923824100000004], [45.133725, 52.924058099999996], [45.1330686, 52.92413990000001], [45.1328272, 52.92401420000001], [45.1324632, 52.923809399999996], [45.131735199999994, 52.923721699999994], [45.1308981, 52.92357539999998], [45.13070390000001, 52.923772899999996], [45.1303524, 52.9240005], [45.12979399999999, 52.92388989999999], [45.12939359999999, 52.923765499999995], [45.129260099999996, 52.92344369999999], [45.12943, 52.9230926], [45.1290054, 52.923056], [45.12877480000001, 52.92307069999998], [45.12837439999999, 52.92315839999999], [45.1281925, 52.923056], [45.12767079999999, 52.9228366], [45.127331, 52.9231877], [45.12686999999999, 52.9231292], [45.1267608, 52.92295359999999], [45.12682149999999, 52.92250739999999], [45.12646959999999, 52.922192900000006], [45.125644599999994, 52.92197339999999], [45.1248802, 52.9220685], [45.12464969999999, 52.921556499999994], [45.12389749999999, 52.9217467], [45.1230361, 52.921424800000004], [45.122211, 52.9211322], [45.121022, 52.9209932], [45.120561, 52.9208689], [45.12017269999999, 52.920686], [45.120075699999994, 52.920473900000005], [45.11986939999999, 52.920210499999996], [45.11969959999999, 52.920291], [45.119165699999996, 52.920276400000006], [45.1190565, 52.92006419999999], [45.11927489999999, 52.91969120000001], [45.118668299999996, 52.919617999999986], [45.118195099999994, 52.919895999999994], [45.11795239999999, 52.9201886], [45.1176855, 52.9205178], [45.11727299999999, 52.9203788], [45.116812, 52.92037150000001], [45.11636310000001, 52.92040799999999], [45.115817099999994, 52.92030559999999], [45.1152832, 52.920210499999996], [45.1150042, 52.92032029999999], [45.1146402, 52.92022519999999], [45.1146159, 52.9198228], [45.1143854, 52.9198521], [45.1135725, 52.9201008], [45.11295379999999, 52.919903299999994], [45.1123835, 52.9196985], [45.1113401, 52.9196765], [45.111238099999994, 52.9197369], [45.110990199999996, 52.919673499999995], [45.1108431, 52.919620300000005], [45.1108422, 52.9195785], [45.110915, 52.91951989999999], [45.1110243, 52.919416], [45.1108604, 52.919289299999996], [45.110599799999996, 52.91924120000001], [45.1104654, 52.919233600000005], [45.1103519, 52.919193], [45.110179599999995, 52.91909669999999], [45.1100409, 52.9190613], [45.11009549999999, 52.91893709999999], [45.1102384, 52.91896239999999], [45.1103351, 52.91902579999999], [45.1104738, 52.9190917], [45.110599799999996, 52.91896239999999], [45.1105494, 52.91875720000001], [45.1103897, 52.918584900000006], [45.110141799999994, 52.91855950000001], [45.11006189999999, 52.91838469999999], [45.1100871, 52.918176900000006], [45.11001149999999, 52.91797419999999], [45.109851799999994, 52.91800969999999], [45.1098602, 52.9181364], [45.10973409999999, 52.9182073], [45.10944829999999, 52.918293500000004], [45.10901969999999, 52.918293500000004], [45.1090281, 52.91816680000001], [45.109229799999994, 52.9180502], [45.1095996, 52.91792349999999], [45.1096501, 52.91777150000001], [45.1093811, 52.91773090000001], [45.109171, 52.9174573], [45.108885199999996, 52.9174573], [45.1087339, 52.917589], [45.1085322, 52.9177411], [45.1086919, 52.91789820000001], [45.108591, 52.9179843], [45.1083473, 52.91794889999999], [45.108313599999995, 52.91780700000001], [45.108414499999995, 52.9177411], [45.10823799999999, 52.9175029], [45.10793540000001, 52.9174927], [45.1080615, 52.91764479999999], [45.10793540000001, 52.917705599999984], [45.1075404, 52.917746099999995], [45.1074731, 52.917680299999994], [45.107658, 52.9174826], [45.1075404, 52.9173356], [45.107515199999995, 52.91717849999999], [45.1074479, 52.91699609999999], [45.1071285, 52.91692510000001], [45.1070949, 52.91682380000001], [45.1069436, 52.9167629], [45.10667459999999, 52.9168491], [45.106565399999994, 52.9166869], [45.1068428, 52.9165146], [45.10673349999999, 52.91637779999999], [45.1066662, 52.9164487], [45.106565399999994, 52.9164031], [45.106363699999996, 52.91612940000001], [45.1062124, 52.916235900000004], [45.1058509, 52.916317], [45.105893, 52.9161598], [45.1057081, 52.91607869999999], [45.105624, 52.915830400000004], [45.10547269999999, 52.9157088], [45.1053466, 52.915582099999995], [45.105228999999994, 52.9156226], [45.10509449999999, 52.91577469999999], [45.104884399999996, 52.91577969999999], [45.104691, 52.9158], [45.1047162, 52.9156175], [45.1045986, 52.91549079999999], [45.104321199999994, 52.9154503], [45.10409429999999, 52.915429999999986], [45.1039094, 52.915272899999984], [45.103875699999996, 52.9151209], [45.1040691, 52.9148674], [45.10348909999999, 52.9147002], [45.1030352, 52.914538], [45.1030016, 52.9144569], [45.10332939999999, 52.9144873], [45.1032117, 52.914233900000006], [45.1033126, 52.9140565], [45.103404999999995, 52.91398550000001], [45.103279, 52.9138031], [45.10286709999999, 52.91380809999998], [45.1022619, 52.9137777], [45.101925699999995, 52.913625700000004], [45.1020098, 52.913352], [45.1019762, 52.9131492], [45.10174919999999, 52.91282489999999], [45.1017324, 52.9124751], [45.1016988, 52.912242], [45.1015811, 52.91202400000001], [45.1012701, 52.911932799999995], [45.10091709999999, 52.9119429], [45.1008583, 52.91203419999999], [45.1009003, 52.9122268], [45.100975999999996, 52.91243970000001], [45.1008835, 52.91260689999999], [45.100690199999995, 52.91255120000001], [45.1004969, 52.912389], [45.1002111, 52.912323099999995], [45.10037079999999, 52.91225210000001], [45.1005137, 52.91211530000001], [45.1005473, 52.912044300000005], [45.10022789999999, 52.91199359999999], [45.099740399999995, 52.9117402], [45.099774, 52.911542499999996], [45.09971519999999, 52.911355], [45.0993874, 52.911137], [45.09916050000001, 52.910974800000005], [45.0990008, 52.9107366], [45.0986309, 52.9104679], [45.0983367, 52.91026010000001], [45.0981939, 52.91010800000001], [45.0979249, 52.9098343], [45.097782, 52.9097329], [45.09781559999999, 52.90960619999999], [45.0978072, 52.90922599999999], [45.0977064, 52.90908919999999], [45.0974038, 52.90901819999999], [45.09732809999999, 52.9089523], [45.0973113, 52.9087191], [45.09705079999999, 52.90871409999999], [45.096807, 52.908658300000006], [45.09679859999999, 52.908551900000006], [45.0967902, 52.908399799999984], [45.09658009999999, 52.908268], [45.0964204, 52.9082021], [45.09629429999999, 52.9079791], [45.096185, 52.9076901], [45.096395199999996, 52.9075887], [45.096311099999994, 52.90736059999999], [45.09613459999999, 52.907239], [45.09612619999999, 52.90702099999999], [45.0960842, 52.9066408], [45.095789999999994, 52.90633660000001], [45.0953949, 52.9061896], [45.0951176, 52.9061136], [45.095084, 52.9059412], [45.094899, 52.9058905], [45.094630099999996, 52.9057334], [45.09442000000001, 52.905550899999994], [45.094445199999996, 52.9053329], [45.09473929999999, 52.90514030000001], [45.094772999999996, 52.9048969], [45.0945796, 52.904780299999985], [45.0942687, 52.90481069999999], [45.0939997, 52.9048716], [45.0937559, 52.9047043], [45.093814800000004, 52.9044153], [45.09394089999999, 52.90388810000001], [45.09373909999999, 52.90354839999999], [45.0933861, 52.903006000000005], [45.093117199999995, 52.90250910000001], [45.0931256, 52.9022709], [45.093108699999995, 52.9019667], [45.0928734, 52.90150020000001], [45.0927725, 52.9010541], [45.09285659999999, 52.90044569999999], [45.0927725, 52.90007049999998], [45.09276409999999, 52.89970040000001], [45.092402699999994, 52.89882329999999], [45.092259799999994, 52.89827569999999], [45.0924531, 52.89793089999999], [45.092688499999994, 52.897530399999994], [45.092730499999995, 52.8970385], [45.09221779999999, 52.8962881], [45.091831199999994, 52.89610559999999], [45.09126799999999, 52.8959636], [45.09066289999999, 52.89582159999999], [45.0905284, 52.8956036], [45.0906544, 52.8952943], [45.0906881, 52.89485820000001], [45.0904191, 52.894655400000005], [45.0900661, 52.894341], [45.0895113, 52.8941939], [45.08946929999999, 52.89398099999998], [45.089444099999994, 52.8936412], [45.0890911, 52.8933421], [45.0886036, 52.8932457], [45.08811610000001, 52.8929617], [45.08798999999999, 52.892763999999985], [45.0879144, 52.89229749999999], [45.0876874, 52.8918715], [45.0872336, 52.89180559999999], [45.0867377, 52.8918613], [45.0863174, 52.891475899999996], [45.0862165, 52.8911413], [45.0861745, 52.890847099999995], [45.08593919999999, 52.890553], [45.08545169999999, 52.89047689999999], [45.0849137, 52.89043129999999], [45.08473719999999, 52.8903299], [45.08444299999999, 52.88993429999999], [45.083980800000006, 52.889914], [45.083627699999994, 52.8898532], [45.08349979999999, 52.8896564], [45.10653849999999, 52.8888091], [45.11363159999999, 52.880863000000005], [45.1381296, 52.87715119999999], [45.13623069999999, 52.8746147], [45.137478599999994, 52.872939], [45.1397783, 52.8740224], [45.14108939999999, 52.87260599999999], [45.1388493, 52.871110099999996], [45.142331, 52.86793230000001], [45.15425329999999, 52.871935199999996], [45.1563363, 52.871155599999994], [45.16367979999999, 52.8745117], [45.165510499999996, 52.8772375], [45.1672701, 52.8764575], [45.1648647, 52.873675699999986], [45.1862999, 52.863508499999995], [45.1842868, 52.860905100000004], [45.17740529999999, 52.8587412], [45.17264019999999, 52.85593720000001], [45.1674774, 52.85289889999999], [45.1942862, 52.830293700000006], [45.18331899999999, 52.823741899999995], [45.2053245, 52.80943229999999], [45.2103213, 52.8113225], [45.21208049999999, 52.8140706], [45.2168157, 52.811895799999995], [45.221997599999995, 52.8124839], [45.2268087, 52.805379699999996], [45.2389707, 52.793600999999995], [45.24451019999999, 52.793527000000005], [45.24410069999999, 52.7908883], [45.242700199999994, 52.78186139999998], [45.2718502, 52.7674905], [45.2675202, 52.76485520000001], [45.2732459, 52.7639903], [45.27481879999999, 52.7614019], [45.27846629999999, 52.7614437], [45.2904107, 52.743950100000006], [45.2921359, 52.741421599999995], [45.2924738, 52.73635540000001], [45.297711899999996, 52.7382309], [45.299344299999994, 52.741578299999986], [45.304738300000004, 52.7417855], [45.3052501, 52.74372460000001], [45.30631609999999, 52.7418199], [45.3106549, 52.7434934], [45.3289633, 52.729712], [45.3284108, 52.7294491], [45.32783849999999, 52.728995], [45.3263783, 52.7286484], [45.3250561, 52.728517], [45.3238326, 52.72838550000001], [45.3216028, 52.7283975], [45.320320099999996, 52.728218199999986], [45.319313699999995, 52.7276685], [45.3184454, 52.727190500000006], [45.31734029999999, 52.7268319], [45.3165707, 52.7265571], [45.3162561, 52.7260843], [45.30763819999999, 52.72745260000001], [45.29969309999999, 52.7254252], [45.29932639999999, 52.72182159999999], [45.2962027, 52.71878099999999], [45.296633099999994, 52.71608679999999], [45.29399169999999, 52.713421800000006], [45.2933375, 52.7067668], [45.3038712, 52.700128599999985], [45.30676189999999, 52.6956446], [45.30619109999999, 52.6924698], [45.32120479999999, 52.6882296], [45.31942479999999, 52.6848363], [45.3129274, 52.6807926], [45.3152538, 52.679863], [45.3129426, 52.6783933], [45.29167929999999, 52.6788299], [45.282641, 52.67457520000001], [45.276623, 52.66774819999999], [45.2697489, 52.66828650000001]]]]}}, {"type": "Feature", "properties": {"id": "mo-56613000", "name": "Бессоновский муниципальный район", "region": "Пензенская область", "isCity": false, "sourceOktmo": "56-613-000-000", "sourceAgg": "Пенза", "excelNames": ["Бессоновский муниципальный район"], "oktmo": "56613000", "vgp": [{"year": 2019, "value": 17492496.999583896}, {"year": 2020, "value": 18319188.193290394}, {"year": 2021, "value": 18923561.80339115}, {"year": 2022, "value": 26106147.89204885}, {"year": 2023, "value": 30167816.678411026}, {"year": 2024, "value": 38079765.61463938}], "population": [{"year": 2019, "value": 48561.0}, {"year": 2020, "value": 47952.0}, {"year": 2021, "value": 47153.0}, {"year": 2022, "value": 46497.0}, {"year": 2023, "value": 45314.0}, {"year": 2024, "value": 44901.0}, {"year": 2025, "value": 44616.0}], "shipments": [{"year": 2019, "value": 14470139.7}, {"year": 2020, "value": 15019416.0}, {"year": 2021, "value": 19131964.3}, {"year": 2022, "value": 21550419.1}, {"year": 2023, "value": 23152565.0}, {"year": 2024, "value": 27507967.2}], "employees": [{"year": 2019, "value": 6418.0}, {"year": 2020, "value": 6265.0}, {"year": 2021, "value": 6228.0}, {"year": 2022, "value": 6426.0}, {"year": 2023, "value": 6603.0}, {"year": 2024, "value": 6586.0}], "investments": [{"year": 2019, "value": 2092269.0}, {"year": 2020, "value": 2038489.0}, {"year": 2021, "value": 2154926.0}, {"year": 2022, "value": 2442619.0}, {"year": 2023, "value": 5093495.0}, {"year": 2024, "value": 9650345.0}], "vgp2024": 38079765.61463938, "pop2024": 44901.0, "ship2024": 27507967.2, "emp2024": 6586.0, "inv2024": 9650345.0}, "geometry": {"type": "MultiPolygon", "coordinates": [[[[45.1644706, 53.53239859999999], [45.1935957, 53.522101899999996], [45.1914651, 53.5210479], [45.1879679, 53.51983860000001], [45.18218699999999, 53.51865049999999], [45.179367799999994, 53.5185656], [45.1746217, 53.51862919999999], [45.17340839999999, 53.51843830000001], [45.17030379999999, 53.51718650000001], [45.16844819999999, 53.5158073], [45.16602159999999, 53.51219999999999], [45.164844, 53.51128749999999], [45.1624888, 53.51016280000001], [45.15881319999999, 53.5074464], [45.1568688, 53.50557109999999], [45.1867697, 53.49618099999999], [45.1915781, 53.4983092], [45.20076039999999, 53.49873419999999], [45.2176187, 53.496516699999994], [45.22916349999999, 53.4892824], [45.22769129999999, 53.47795419999999], [45.2150518, 53.47817409999999], [45.2144183, 53.4744875], [45.1708896, 53.4757926], [45.1691746, 53.4807055], [45.164681599999994, 53.4826276], [45.1668763, 53.4846002], [45.165399699999995, 53.4850915], [45.1682547, 53.485687600000006], [45.16988659999999, 53.4857684], [45.17081459999999, 53.48759129999999], [45.1677568, 53.4877856], [45.164946799999996, 53.4864848], [45.160010899999996, 53.485445999999996], [45.1582726, 53.48559780000001], [45.1494211, 53.485428600000006], [45.1414623, 53.482521799999994], [45.13548509999999, 53.475518199999996], [45.1382086, 53.4718013], [45.1377791, 53.46997459999999], [45.12338939999999, 53.46264299999999], [45.1242333, 53.4603724], [45.1231643, 53.4557658], [45.125017199999995, 53.45445759999999], [45.12255489999999, 53.4534861], [45.12806839999999, 53.44864830000001], [45.12631579999999, 53.4457913], [45.1329868, 53.444479599999994], [45.12275249999999, 53.431499699999996], [45.1151575, 53.4267982], [45.113847799999995, 53.42283859999999], [45.1182979, 53.42087719999999], [45.11706349999999, 53.418237100000006], [45.11951169999999, 53.417967799999985], [45.13200319999999, 53.4165939], [45.1969859, 53.4094458], [45.21643089999999, 53.4073078], [45.2351949, 53.405244599999996], [45.2334122, 53.397886099999994], [45.2808696, 53.393365900000006], [45.2804992, 53.39981900000001], [45.31789739999999, 53.4006421], [45.31774419999999, 53.40315830000001], [45.3767306, 53.39971280000001], [45.3850025, 53.3993121], [45.39371189999999, 53.39891299999999], [45.3926936, 53.40240729999999], [45.43285819999999, 53.41286639999999], [45.431674099999995, 53.40878959999999], [45.4235442, 53.403373800000004], [45.43523909999999, 53.4012871], [45.4334966, 53.3970641], [45.4268072, 53.3930129], [45.43894259999999, 53.3883531], [45.452011999999996, 53.388685300000006], [45.45364639999999, 53.385824599999985], [45.4527111, 53.3773939], [45.45441910000001, 53.3702051], [45.44988169999999, 53.3671277], [45.45295639999999, 53.3652561], [45.45423689999999, 53.353167899999995], [45.4746397, 53.346645800000005], [45.49087719999999, 53.34717199999999], [45.4892384, 53.348458199999996], [45.4951421, 53.3471117], [45.4944909, 53.34295689999998], [45.49220179999999, 53.34227280000001], [45.49053549999999, 53.3331355], [45.50068139999999, 53.3308377], [45.51873379999999, 53.3307355], [45.5183629, 53.325714799999986], [45.5012217, 53.320263699999984], [45.489142699999995, 53.3295344], [45.4774628, 53.3186247], [45.5038325, 53.30500099999999], [45.49433319999999, 53.29504589999999], [45.493173, 53.291949], [45.4802033, 53.28405469999999], [45.4756288, 53.2860565], [45.46607269999999, 53.290237899999994], [45.4574061, 53.29135469999999], [45.4519142, 53.29489480000001], [45.438389199999996, 53.29901310000001], [45.42699729999999, 53.2883155], [45.4502984, 53.2710206], [45.453755799999996, 53.27245799999999], [45.4685769, 53.26917909999999], [45.4681797, 53.26790050000001], [45.4828624, 53.2666783], [45.4743848, 53.260721499999995], [45.4719339, 53.26065100000001], [45.4732091, 53.2556966], [45.473818, 53.25495989999999], [45.4802873, 53.24713190000001], [45.4831056, 53.243721300000004], [45.489669, 53.24572450000001], [45.4898633, 53.245783800000005], [45.488205799999996, 53.2408612], [45.48934179999999, 53.23529549999999], [45.4905573, 53.2336373], [45.49525549999999, 53.2272269], [45.504703, 53.22136679999999], [45.4947943, 53.22001819999999], [45.4879149, 53.22421820000001], [45.478162999999995, 53.2212604], [45.476577199999994, 53.2189258], [45.47323899999999, 53.2178494], [45.4774003, 53.2133137], [45.4504021, 53.2089757], [45.4495457, 53.20906660000001], [45.43433459999999, 53.210681699999995], [45.4242217, 53.2094073], [45.4242549, 53.20458629999999], [45.424292099999995, 53.199191000000006], [45.4243148, 53.1958927], [45.42151079999999, 53.193164199999984], [45.4263818, 53.1853457], [45.4273423, 53.1820707], [45.4257441, 53.17984260000001], [45.4153045, 53.18295979999999], [45.413417, 53.18081959999999], [45.4073244, 53.1819833], [45.3965157, 53.1699709], [45.39324369999999, 53.1663338], [45.4022283, 53.16591149999999], [45.407579399999996, 53.162502599999996], [45.40718329999999, 53.1609371], [45.4093369, 53.1608856], [45.4107185, 53.1569521], [45.40638619999999, 53.1505985], [45.4091928, 53.1438963], [45.4117085, 53.1378697], [45.4117731, 53.137733499999996], [45.4085848, 53.133485], [45.40869829999999, 53.1332251], [45.4101774, 53.13150679999999], [45.410011, 53.12159460000001], [45.4081697, 53.1198774], [45.4061447, 53.12047749999999], [45.392117, 53.11783079999999], [45.3907897, 53.1138068], [45.3933038, 53.113111399999994], [45.3946434, 53.1127408], [45.3948425, 53.110450500000006], [45.398518599999996, 53.110246], [45.39845999999999, 53.1062201], [45.3996761, 53.105768399999995], [45.3930734, 53.096993700000006], [45.3745906, 53.1000587], [45.3739538, 53.098642], [45.3782617, 53.09702850000001], [45.37584559999999, 53.0968936], [45.3761745, 53.09522710000001], [45.3704418, 53.0918444], [45.366645, 53.0943331], [45.3630969, 53.09325960000001], [45.3561263, 53.0998515], [45.3536464, 53.096394399999994], [45.34913349999999, 53.0982631], [45.350274399999996, 53.0934535], [45.3416983, 53.091922999999994], [45.3346388, 53.09301419999999], [45.3288928, 53.0881612], [45.32605070000001, 53.0902672], [45.3284668, 53.0930744], [45.32648859999999, 53.09511989999999], [45.32632499999999, 53.095107999999996], [45.324318999999996, 53.09496159999999], [45.32124209999999, 53.093753400000004], [45.313499699999994, 53.0907129], [45.310030999999995, 53.089350700000004], [45.3083989, 53.08870970000001], [45.3031883, 53.0786414], [45.3031385, 53.07854520000001], [45.295317, 53.08383620000001], [45.292313199999995, 53.085868000000005], [45.2879715, 53.088804599999996], [45.28235509999999, 53.09260309999999], [45.2766334, 53.0964725], [45.2648334, 53.0899928], [45.254506899999996, 53.09705249999998], [45.2890555, 53.11647859999999], [45.2882827, 53.1170348], [45.287239, 53.117785999999995], [45.2843818, 53.1198424], [45.2719063, 53.12882009999999], [45.272684299999995, 53.1308295], [45.276802599999996, 53.1309022], [45.27682769999999, 53.1323559], [45.2945585, 53.1476612], [45.2889867, 53.149657399999995], [45.28772159999999, 53.1501106], [45.2875626, 53.157559600000006], [45.2830045, 53.1578063], [45.28027229999999, 53.1598879], [45.278594, 53.15918800000001], [45.2775253, 53.1583485], [45.27680569999999, 53.15792669999999], [45.271561199999994, 53.158409000000006], [45.271491, 53.15834869999999], [45.2708826, 53.158275], [45.27041539999999, 53.158293399999984], [45.2698746, 53.1584703], [45.2688359, 53.1586361], [45.26797969999999, 53.1585373], [45.267380499999994, 53.15855090000001], [45.26710940000001, 53.15857710000001], [45.26699409999999, 53.158498200000004], [45.2670991, 53.1583708], [45.2673266, 53.15817710000001], [45.26689369999999, 53.15830449999999], [45.26679959999999, 53.1584249], [45.2666937, 53.15849180000001], [45.2660908, 53.15852970000001], [45.2654489, 53.1585058], [45.26513529999999, 53.1585401], [45.2649681, 53.15861829999999], [45.2648081, 53.1587379], [45.2647732, 53.158791], [45.264852399999995, 53.158846199999985], [45.2647679, 53.1588891], [45.26479210000001, 53.1589501], [45.2552304, 53.15991060000001], [45.2535379, 53.161926199999996], [45.2550536, 53.16387109999999], [45.2495118, 53.1682934], [45.2458588, 53.17668189999999], [45.2445543, 53.1851474], [45.233068599999996, 53.1895195], [45.2311472, 53.192131], [45.2322282, 53.1939109], [45.2292603, 53.1979969], [45.230751399999995, 53.19817269999999], [45.2306271, 53.19848319999999], [45.230078, 53.2005306], [45.229059199999995, 53.2009579], [45.2273066, 53.201693000000006], [45.227098999999995, 53.20272760000001], [45.2273653, 53.2029835], [45.2280344, 53.20433359999999], [45.228777599999994, 53.2051677], [45.228864599999994, 53.20608989999999], [45.22851659999999, 53.2068665], [45.228575799999994, 53.2071478], [45.2286053, 53.2074136], [45.2287903, 53.2079142], [45.229308, 53.2084126], [45.229567599999996, 53.2087065], [45.22964459999999, 53.20879359999999], [45.2297333, 53.208968500000005], [45.229751799999995, 53.20912359999999], [45.2295812, 53.209285300000005], [45.2293852, 53.2105], [45.2295491, 53.2114001], [45.2204054, 53.2207932], [45.22533179999999, 53.22112329999999], [45.23083599999999, 53.2209488], [45.2306516, 53.22133], [45.226932999999995, 53.22180590000001], [45.226397299999995, 53.2236243], [45.2279923, 53.2234031], [45.2216742, 53.22825739999999], [45.22083, 53.23208199999999], [45.220092199999996, 53.23490470000001], [45.2197889, 53.236360700000006], [45.21950819999999, 53.2379233], [45.2188172, 53.241423899999994], [45.215153599999994, 53.258338800000004], [45.2153186, 53.258991599999995], [45.21441219999999, 53.2640778], [45.214185699999994, 53.26700830000001], [45.212727699999995, 53.28044309999999], [45.2124886, 53.28037470000001], [45.21217669999999, 53.28037470000001], [45.21110569999999, 53.28046799999999], [45.21104329999999, 53.2804928], [45.2106378, 53.28046799999999], [45.2104195, 53.2803436], [45.210242699999995, 53.280150899999995], [45.210066, 53.2795479], [45.2100036, 53.27941729999999], [45.209847599999996, 53.279324100000004], [45.20968119999999, 53.2793179], [45.20949409999999, 53.279361400000006], [45.2092653, 53.279535499999994], [45.2091822, 53.27970330000001], [45.20874549999999, 53.2800017], [45.2083296, 53.2800017], [45.2080592, 53.279914700000006], [45.207976, 53.2798401], [45.2075289, 53.279044299999995], [45.2074562, 53.2789884], [45.207227399999994, 53.27897589999999], [45.2069155, 53.2791251], [45.20686349999999, 53.2791997], [45.2068427, 53.27936760000001], [45.20696749999999, 53.279753], [45.2071189, 53.2799428], [45.2070181, 53.280093499999985], [45.206854, 53.2801325], [45.206499699999995, 53.279905199999995], [45.206050399999995, 53.2799008], [45.20587009999999, 53.2799058], [45.2057272, 53.279989], [45.2057816, 53.28009029999999], [45.2059201, 53.28014139999999], [45.2060049, 53.2802737], [45.205940299999995, 53.280411599999994], [45.2057363, 53.2805338], [45.205282999999994, 53.2806624], [45.2052685, 53.28080729999999], [45.2057436, 53.2807992], [45.20584780000001, 53.28089930000001], [45.20560249999999, 53.2810357], [45.2051023, 53.2811355], [45.2041074, 53.2809819], [45.20197099999999, 53.280858099999996], [45.201913299999994, 53.2807989], [45.2016577, 53.28066080000001], [45.2010062, 53.280508000000005], [45.20076699999999, 53.2805129], [45.2005031, 53.2805869], [45.2004289, 53.2806707], [45.2003547, 53.28094190000001], [45.200140299999994, 53.281129199999995], [45.2000496, 53.281153899999985], [45.1999589, 53.28113419999999], [45.1998764, 53.28107010000001], [45.19978569999999, 53.28069039999999], [45.199596, 53.2805819], [45.1992414, 53.280508000000005], [45.1988126, 53.280508000000005], [45.19856519999999, 53.2805474], [45.19840849999999, 53.2806066], [45.198383799999995, 53.28074959999999], [45.19843319999999, 53.28082349999999], [45.198606399999996, 53.2809665], [45.19906819999999, 53.2812032], [45.1991919, 53.2813215], [45.1992332, 53.281464500000006], [45.19929909999999, 53.2819181], [45.1993486, 53.2820956], [45.1993486, 53.282278], [45.1991919, 53.2824999], [45.19906819999999, 53.282588700000005], [45.1989528, 53.2826232], [45.19889510000001, 53.282628100000004], [45.1987466, 53.282549199999984], [45.1986229, 53.2824358], [45.1986229, 53.2823273], [45.19868889999999, 53.2821548], [45.19868889999999, 53.28201179999999], [45.1986312, 53.28186389999999], [45.1985487, 53.2817949], [45.1984168, 53.2817653], [45.19808689999999, 53.281859], [45.19784769999999, 53.2818688], [45.1976168, 53.28177509999999], [45.1975344, 53.28172579999999], [45.197254, 53.2816617], [45.19710559999999, 53.28174560000001], [45.1970726, 53.281854], [45.19710559999999, 53.2819181], [45.19726219999999, 53.2820266], [45.1975591, 53.28214979999999], [45.1975921, 53.2821992], [45.1976168, 53.2824654], [45.1975344, 53.28286969999999], [45.197682799999995, 53.2830965], [45.19796319999999, 53.2832493], [45.1981694, 53.2832838], [45.1987714, 53.2833282], [45.1992167, 53.28349579999999], [45.1991919, 53.2836388], [45.198928, 53.2837177], [45.1987054, 53.2839001], [45.19869709999999, 53.2840579], [45.1987466, 53.28426], [45.1988538, 53.284462100000006], [45.1991012, 53.28463959999999], [45.1993981, 53.284753], [45.1997032, 53.284836799999994], [45.2003722, 53.284772], [45.200808499999994, 53.28506219999999], [45.2007736, 53.2853411], [45.2005986, 53.2854736], [45.20021379999999, 53.285613], [45.1998289, 53.285710599999994], [45.19965400000001, 53.285787299999996], [45.1995607, 53.28585009999999], [45.1995723, 53.286003400000006], [45.199840599999995, 53.2861429], [45.1999689, 53.28628929999999], [45.19994549999999, 53.286400799999996], [45.199840599999995, 53.28649850000001], [45.19951399999999, 53.2866449], [45.1988143, 53.2870283], [45.19845269999999, 53.2871608], [45.1980795, 53.2872514], [45.1971699, 53.287258400000006], [45.196889999999996, 53.2873211], [45.19672669999999, 53.28752329999999], [45.1966684, 53.2878928], [45.19670909999999, 53.28852079999999], [45.196604199999996, 53.288716], [45.1964525, 53.2888624], [45.1962193, 53.2890018], [45.1959511, 53.2890646], [45.1957645, 53.2890367], [45.1956595, 53.2889948], [45.1953563, 53.288855399999996], [45.19484309999999, 53.28857659999999], [45.1938402, 53.28829069999999], [45.19211409999999, 53.28808850000001], [45.19148439999999, 53.2879212], [45.1910995, 53.2877748], [45.190912899999994, 53.28762139999999], [45.1907263, 53.2872798], [45.1910179, 53.2863944], [45.1910179, 53.2860876], [45.19094789999999, 53.2858854], [45.190854599999994, 53.2856902], [45.19074959999999, 53.28564840000001], [45.19067969999999, 53.28564840000001], [45.1905047, 53.2857111], [45.190341499999995, 53.28607369999999], [45.1900616, 53.28634559999999], [45.1898983, 53.28643619999999], [45.18978169999999, 53.28640140000001], [45.18963, 53.286254899999996], [45.189641699999996, 53.2861783], [45.18981659999999, 53.28600399999999], [45.189805, 53.2859273], [45.1897117, 53.2858715], [45.1895951, 53.28582970000001], [45.189443399999995, 53.285801799999994], [45.1893035, 53.285801799999994], [45.1891752, 53.2858436], [45.1889653, 53.285787799999994], [45.18862709999999, 53.2855787], [45.1882072, 53.2852091], [45.1879157, 53.2850906], [45.1877058, 53.2850627], [45.18733259999999, 53.2851046], [45.187122599999995, 53.2850976], [45.1867728, 53.2850069], [45.186038, 53.2846932], [45.1857815, 53.28468620000001], [45.1856765, 53.28479079999999], [45.1857465, 53.285508899999996], [45.1856065, 53.2856902], [45.18548989999999, 53.285746], [45.185431599999994, 53.285739], [45.18509339999999, 53.2855787], [45.1848485, 53.2853555], [45.18453360000001, 53.2851534], [45.18386879999999, 53.2849721], [45.183379, 53.2849372], [45.1828775, 53.284985999999996], [45.1822128, 53.28523010000001], [45.1821778, 53.2853416], [45.182399399999994, 53.285495], [45.18241100000001, 53.285787799999994], [45.1823061, 53.2858924], [45.18206119999999, 53.2860528], [45.18199119999999, 53.28607369999999], [45.18179289999999, 53.28607369999999], [45.181478, 53.2857808], [45.181198099999996, 53.2857808], [45.18079, 53.28582970000001], [45.180615, 53.285913300000004], [45.1803818, 53.28610849999999], [45.1801602, 53.28621309999999], [45.179833599999995, 53.286227100000005], [45.179565399999994, 53.28615729999999], [45.17936709999999, 53.28603180000001], [45.179238899999994, 53.285996999999995], [45.17767609999999, 53.28600399999999], [45.1775945, 53.28594119999999], [45.177691, 53.285744099999995], [45.17718459999999, 53.285581799999996], [45.176871399999996, 53.28562049999999], [45.1765015, 53.2856885], [45.1762016, 53.2857463], [45.175551899999995, 53.285783], [45.175332, 53.2857591], [45.17507179999999, 53.28571619999999], [45.17497039999999, 53.2855438], [45.17534359999999, 53.2853207], [45.175378599999995, 53.28518119999999], [45.17521529999999, 53.2850488], [45.17484209999999, 53.2848536], [45.1747605, 53.2846723], [45.175133699999996, 53.2843655], [45.175506899999995, 53.28424699999999], [45.176031699999996, 53.2841354], [45.1764166, 53.283981999999995], [45.1765215, 53.28388439999999], [45.1762999, 53.283779800000005], [45.17598499999999, 53.283731], [45.175378599999995, 53.283717100000004], [45.1750914, 53.28375030000001], [45.17411270000001, 53.283662], [45.1731279, 53.28374300000001], [45.1725369, 53.283695099999996], [45.17183519999999, 53.283334499999995], [45.17100419999999, 53.28316889999999], [45.1706764, 53.28319960000001], [45.17065839999999, 53.28333820000001], [45.1706424, 53.2838714], [45.170916399999996, 53.2841848], [45.17054769999999, 53.2845532], [45.16991170000001, 53.2846317], [45.1692959, 53.2844747], [45.1689449, 53.28439040000001], [45.16875079999999, 53.2842032], [45.1686699, 53.2840363], [45.1688641, 53.28381159999999], [45.16891209999999, 53.28369120000001], [45.16854299999999, 53.28352629999999], [45.1679649, 53.2834251], [45.16761, 53.2834487], [45.16684099999999, 53.2837995], [45.16659700000001, 53.283855100000004], [45.1663683, 53.283829000000004], [45.1659951, 53.2836122], [45.165990699999995, 53.28346729999999], [45.1664491, 53.283322], [45.1666534, 53.2831174], [45.16698639999999, 53.282929700000004], [45.167020099999995, 53.28264529999999], [45.1669733, 53.2823816], [45.16640079999999, 53.2823278], [45.1662779, 53.2821665], [45.1666233, 53.2817575], [45.166871099999994, 53.28147649999998], [45.166216199999994, 53.280975299999994], [45.1659375, 53.280544899999995], [45.16588019999999, 53.28011719999999], [45.16559099999999, 53.280032500000004], [45.165116499999996, 53.280286], [45.164813599999995, 53.28052139999999], [45.16425840000001, 53.2804852], [45.1638041, 53.28024369999999], [45.1637637, 53.2798454], [45.1642281, 53.2795194], [45.16511679999999, 53.2793207], [45.164896299999995, 53.2787495], [45.1641981, 53.2785957], [45.1631877, 53.2784748], [45.1623609, 53.278354], [45.1616444, 53.278277100000004], [45.1613604, 53.2783372], [45.1611619, 53.278504], [45.16111149999999, 53.278759199999996], [45.1612646, 53.2791714], [45.1620724, 53.2798789], [45.16213489999999, 53.2801381], [45.16173369999999, 53.28041499999999], [45.161129, 53.28052480000001], [45.16070969999999, 53.280475900000006], [45.16028479999999, 53.280221499999996], [45.16000319999999, 53.28015709999998], [45.1595275, 53.2802465], [45.15895259999999, 53.28041730000001], [45.15810019999999, 53.2804676], [45.1578306, 53.2804072], [45.1574853, 53.28033479999999], [45.1528349, 53.27864809999999], [45.1456609, 53.280355299999975], [45.1339489, 53.2737557], [45.13276929999999, 53.27346519999999], [45.132574, 53.2730705], [45.1326086, 53.27229319999999], [45.1324011, 53.271801100000005], [45.131930999999994, 53.27153239999999], [45.1318134, 53.271226399999996], [45.128840399999994, 53.269899099999996], [45.1267938, 53.2702009], [45.12583959999999, 53.2704738], [45.12477479999999, 53.270357999999995], [45.12442219999999, 53.2705276], [45.12375149999999, 53.2704573], [45.1216566, 53.2704945], [45.1200525, 53.2708749], [45.1181995, 53.271714300000006], [45.1155237, 53.27202849999999], [45.1139888, 53.27097], [45.113656899999995, 53.2708625], [45.112820299999996, 53.2708625], [45.11221869999999, 53.27076739999999], [45.111313, 53.27082939999999], [45.110262, 53.2710941], [45.1094773, 53.271096899999996], [45.108706399999996, 53.270730199999996], [45.1048877, 53.2686275], [45.098201499999995, 53.26061800000001], [45.08779140000001, 53.25641890000001], [45.086776, 53.2541701], [45.08648579999999, 53.2538069], [45.08790929999999, 53.25280849999999], [45.0908732, 53.2517009], [45.0897246, 53.2499422], [45.09153309999999, 53.24883830000001], [45.09179429999999, 53.248132999999996], [45.09185719999999, 53.248015900000006], [45.0922036, 53.2474469], [45.09403819999999, 53.24658659999999], [45.093641299999994, 53.245623599999995], [45.09205519999999, 53.24404439999999], [45.09065869999999, 53.2433188], [45.0818987, 53.2431841], [45.081333099999995, 53.245227099999994], [45.0810342, 53.2463721], [45.0805276, 53.24863150000001], [45.0803985, 53.2492628], [45.078847999999994, 53.2535874], [45.0741406, 53.25333449999999], [45.0685718, 53.25392639999999], [45.0636742, 53.2545761], [45.04866609999999, 53.256811500000005], [45.0489149, 53.264916199999995], [45.0476286, 53.26754869999999], [45.0458522, 53.26934289999999], [45.0249743, 53.26946519999999], [45.01898909999999, 53.2690666], [45.0185703, 53.2707295], [45.01780519999999, 53.27211679999999], [45.0146256, 53.2712919], [45.0114438, 53.272842100000005], [45.0035469, 53.272887399999995], [45.0020552, 53.273238299999996], [45.001528799999996, 53.27326010000001], [45.00113629999999, 53.2733585], [45.0009012, 53.2734493], [45.00049909999999, 53.2734466], [45.0004418, 53.27344289999999], [44.997382, 53.273631300000005], [44.9972879, 53.273679099999995], [44.996415299999995, 53.2741952], [44.9885333, 53.2737308], [44.9767847, 53.2789948], [44.9562661, 53.2802409], [44.950258, 53.28199669999999], [44.94751359999999, 53.2821694], [44.9442395, 53.28248610000001], [44.9413506, 53.2828603], [44.93826909999999, 53.2832921], [44.9347387, 53.28404020000001], [44.933314, 53.2839746], [44.9318059, 53.283752799999995], [44.92998759999999, 53.2840117], [44.92805280000001, 53.28383449999999], [44.92648679999999, 53.28397679999998], [44.925517, 53.2841339], [44.925243699999996, 53.2842011], [44.92469659999999, 53.2842157], [44.9220914, 53.2841556], [44.9179988, 53.28427080000001], [44.9157358, 53.2849041], [44.9139543, 53.285364599999994], [44.91212469999999, 53.285364599999994], [44.909620999999994, 53.285364599999994], [44.9079358, 53.2857676], [44.906058, 53.2865735], [44.9042765, 53.2872931], [44.9018691, 53.287350700000005], [44.89922099999999, 53.28763849999999], [44.8981047, 53.28831280000001], [44.8968617, 53.288588299999994], [44.8957695, 53.28821279999999], [44.894743999999996, 53.28783550000001], [44.8936593, 53.2870574], [44.8927916, 53.286326499999994], [44.892476, 53.28512390000001], [44.8925155, 53.28394479999999], [44.892022399999995, 53.2826832], [44.8912138, 53.2817518], [44.89046359999999, 53.281133700000005], [44.8894066, 53.2802616], [44.8876448, 53.2808212], [44.8704299, 53.2821884], [44.850781899999994, 53.25945919999999], [44.8462803, 53.257207099999995], [44.8463069, 53.25399929999999], [44.83160639999999, 53.2479865], [44.78816040000001, 53.25758029999999], [44.79101760000001, 53.2606379], [44.78319950000001, 53.26536610000001], [44.78633779999999, 53.27625269999999], [44.79299379999999, 53.28020649999999], [44.798694299999994, 53.28144669999999], [44.8017177, 53.284597199999986], [44.8035687, 53.2902489], [44.792753, 53.2935774], [44.793045, 53.296547399999994], [44.7946662, 53.29733], [44.794990899999995, 53.29720069999999], [44.79840959999999, 53.29953549999999], [44.79865689999999, 53.299374199999995], [44.79936419999999, 53.29915029999999], [44.8000793, 53.29881089999999], [44.80172069999999, 53.2983992], [44.80550709999999, 53.299165699999996], [44.80567169999999, 53.299123099999996], [44.80627249999999, 53.298747999999996], [44.80649209999999, 53.29871699999999], [44.80781759999999, 53.2991856], [44.809869400000004, 53.30452549999999], [44.79688910000001, 53.3161905], [44.79816379999999, 53.3165461], [44.79944759999999, 53.3164381], [44.792495, 53.32749160000001], [44.791148099999994, 53.327684599999984], [44.78856199999999, 53.3297032], [44.781617, 53.3351238], [44.7812732, 53.335392199999994], [44.7809417, 53.33565089999998], [44.7807816, 53.3357372], [44.77793189999999, 53.3380633], [44.7761092, 53.33955109999999], [44.7746618, 53.3399608], [44.772098699999994, 53.3411905], [44.7707532, 53.3425219], [44.7644068, 53.3441282], [44.7643704, 53.344137399999994], [44.76417239999999, 53.345075], [44.7634329, 53.348577799999994], [44.763322099999996, 53.3491027], [44.7629892, 53.350679], [44.76387299999999, 53.3512568], [44.76452470000001, 53.351682899999986], [44.7767014, 53.3596425], [44.7781633, 53.362525999999995], [44.7791144, 53.3644019], [44.7808656, 53.36785549999998], [44.784071, 53.369448399999996], [44.78414849999999, 53.373226499999994], [44.78421809999999, 53.375023], [44.7858045, 53.3752432], [44.7875955, 53.37599350000001], [44.789780099999994, 53.376908699999994], [44.7902261, 53.37679969999999], [44.7941473, 53.379893399999986], [44.7947636, 53.3803796], [44.7948401, 53.380439900000006], [44.79489890000001, 53.3808845], [44.7946733, 53.3814227], [44.79503979999999, 53.3820786], [44.7957447, 53.38275130000001], [44.796534099999995, 53.38372669999999], [44.7965623, 53.3844666], [44.79709799999999, 53.3851224], [44.797069799999996, 53.3864677], [44.7966469, 53.3870394], [44.7966751, 53.38788019999999], [44.797351799999994, 53.38846869999999], [44.797239, 53.38917490000001], [44.79732359999999, 53.3897634], [44.7965623, 53.39029299999999], [44.797399299999995, 53.391475299999996], [44.7966504, 53.39223710000001], [44.79770769999999, 53.392893900000004], [44.7973112, 53.3941023], [44.796606399999995, 53.39496919999999], [44.7966504, 53.3953632], [44.7981483, 53.3962038], [44.798721, 53.397123199999996], [44.798764999999996, 53.39785869999999], [44.800218799999996, 53.397911199999996], [44.8006153, 53.3985154], [44.8006153, 53.399119500000005], [44.8014082, 53.4000651], [44.80259769999999, 53.4006167], [44.8036109, 53.40127329999999], [44.80449200000001, 53.4024552], [44.8052409, 53.403715899999995], [44.8062541, 53.4046876], [44.8071352, 53.4052917], [44.80810439999999, 53.4055806], [44.8091176, 53.4062108], [44.8090736, 53.407340099999985], [44.8094701, 53.4079441], [44.8105274, 53.408232999999996], [44.81167279999999, 53.40875820000001], [44.8121574, 53.40965099999998], [44.81211329999999, 53.4107539], [44.8124217, 53.41109530000001], [44.8139636, 53.410990299999995], [44.815153, 53.4115417], [44.8162984, 53.4134061], [44.8175319, 53.4137211], [44.818148699999995, 53.41471889999999], [44.8193381, 53.4150865], [44.82043949999999, 53.41529659999999], [44.8211003, 53.41563790000001], [44.8211003, 53.41621549999999], [44.8205716, 53.4172395], [44.8202192, 53.4184997], [44.8208359, 53.41894609999999], [44.821364599999995, 53.4192086], [44.82211349999999, 53.419628700000004], [44.821452699999995, 53.42018], [44.8207919, 53.42073129999999], [44.8207478, 53.42149259999999], [44.82171699999999, 53.422149], [44.822642099999996, 53.42301530000001], [44.822642099999996, 53.4236716], [44.82158489999999, 53.424432799999984], [44.8211443, 53.425010400000005], [44.82246589999999, 53.4254829], [44.8222968, 53.4261066], [44.82271969999999, 53.4263586], [44.8225505, 53.426829], [44.8208588, 53.4269969], [44.82049229999999, 53.42741689999999], [44.821056199999994, 53.4279881], [44.821898299999994, 53.4283974], [44.8222604, 53.4286514], [44.8219113, 53.4289415], [44.82073189999999, 53.4293468], [44.82059929999999, 53.429953299999994], [44.8209996, 53.430739], [44.82144929999999, 53.431188799999994], [44.8220463, 53.431798500000006], [44.8222184, 53.43241930000001], [44.8221588, 53.432600099999995], [44.8215687, 53.43309860000001], [44.8215473, 53.433264799999996], [44.8221588, 53.43361], [44.82244849999999, 53.434345], [44.8219979, 53.43483079999999], [44.82194419999999, 53.4349842], [44.8228776, 53.435636099999996], [44.823070799999996, 53.4358215], [44.8229957, 53.4360771], [44.8222232, 53.436499], [44.8217189, 53.4367546], [44.82167599999999, 53.437106099999994], [44.82203009999999, 53.4373618], [44.8227811, 53.437234], [44.8237896, 53.4374513], [44.8244011, 53.4377325], [44.8241007, 53.43808400000001], [44.8241476, 53.43856639999999], [44.82429380000001, 53.439228], [44.825474, 53.4399629], [44.82557059999999, 53.4403911], [44.8253989, 53.4406467], [44.8241651, 53.44141359999999], [44.82409, 53.44164370000001], [44.8246908, 53.442218800000006], [44.824916099999996, 53.4428642], [44.8246801, 53.4432349], [44.82372519999999, 53.4438483], [44.82512, 53.44509440000001], [44.825677899999995, 53.44561199999999], [44.8259354, 53.446052900000005], [44.8257744, 53.44628289999999], [44.82505559999999, 53.44655769999999], [44.82540959999999, 53.44689640000001], [44.8262465, 53.44703049999999], [44.82651469999999, 53.44735], [44.82690089999999, 53.447267], [44.82729789999999, 53.447343599999996], [44.826707799999994, 53.4486791], [44.826857999999994, 53.4491008], [44.8265898, 53.449413799999995], [44.82672929999999, 53.4502125], [44.8273515, 53.4506086], [44.8280869, 53.4507189], [44.82833719999999, 53.45100349999999], [44.8281627, 53.4514056], [44.8282841, 53.4516089], [44.828124, 53.45182259999999], [44.82741169999999, 53.45227749999999], [44.8273358, 53.45281060000001], [44.827571, 53.4533075], [44.8278669, 53.45353789999999], [44.82844339999999, 53.45373219999999], [44.8292248, 53.453949], [44.829740699999995, 53.4542065], [44.82999079999999, 53.45442919999999], [44.8298848, 53.454748599999995], [44.8292476, 53.455209399999994], [44.8293386, 53.455679199999985], [44.82949039999999, 53.45574690000001], [44.82968759999999, 53.455769499999995], [44.8301352, 53.4554714], [44.8305752, 53.4554578], [44.8309849, 53.455597899999994], [44.83147799999999, 53.45600889999999], [44.8319635, 53.45658709999999], [44.83096969999999, 53.4572105], [44.8308796, 53.45822110000001], [44.83065189999999, 53.458657900000006], [44.83076079999999, 53.4590754], [44.8310096, 53.4594087], [44.83194039999999, 53.4599203], [44.8324194, 53.4602241], [44.832727399999996, 53.4605886], [44.832597099999994, 53.460872], [44.8325073, 53.461149099999986], [44.8331217, 53.4615936], [44.83355, 53.46267619999999], [44.833336599999996, 53.46379069999999], [44.83258399999999, 53.46436739999999], [44.8328073, 53.4648834], [44.8330005, 53.4653826], [44.8327883, 53.466034300000004], [44.8327522, 53.4663487], [44.83284249999999, 53.46649879999999], [44.83328029999999, 53.4666544], [44.8344058, 53.4667609], [44.83633059999999, 53.466864099999995], [44.8368745, 53.4670749], [44.836955499999995, 53.46757170000001], [44.8371774, 53.4678835], [44.8378487, 53.46834289999999], [44.83868309999999, 53.4690072], [44.8392199, 53.4692986], [44.8394369, 53.4695054], [44.8395188, 53.46970650000001], [44.8400591, 53.470078099999995], [44.8406647, 53.47017929999999], [44.841014099999995, 53.4701944], [44.8415639, 53.4701039], [44.8419063, 53.4702052], [44.8422839, 53.470862999999994], [44.842487199999994, 53.47155469999999], [44.8422921, 53.47243569999999], [44.84265899999999, 53.47291070000001], [44.84285319999999, 53.47337], [44.8427267, 53.4739036], [44.842461, 53.474483299999996], [44.8416711, 53.47505019999999], [44.8415205, 53.4754176], [44.8414797, 53.47576720000001], [44.8416941, 53.47639929999999], [44.84198309999999, 53.47661], [44.841954599999994, 53.47697629999998], [44.84177329999999, 53.4773596], [44.8416941, 53.4778805], [44.8416533, 53.478183], [44.84206309999999, 53.4784617], [44.842801, 53.47847029999999], [44.842990799999995, 53.47865629999999], [44.8431773, 53.4790548], [44.8439793, 53.47991979999999], [44.8444362, 53.4800582], [44.8447688, 53.48006650000001], [44.8449989, 53.48000949999999], [44.84517480000001, 53.47986100000001], [44.845651, 53.4791534], [44.84632390000001, 53.478977399999984], [44.8466102, 53.47907219999999], [44.847091199999994, 53.4793884], [44.8473966, 53.479784599999995], [44.84744930000001, 53.4800856], [44.8473629, 53.480438799999995], [44.846532499999995, 53.4807266], [44.846907099999996, 53.4809806], [44.8473175, 53.481194], [44.8474596, 53.48144330000001], [44.8476712, 53.481645099999994], [44.84828319999999, 53.4816808], [44.848784499999994, 53.481638200000006], [44.849083199999995, 53.481722899999994], [44.849444399999996, 53.482000400000004], [44.84969, 53.4822287], [44.84993039999999, 53.482320099999995], [44.8506057, 53.482423600000004], [44.850724, 53.4825164], [44.85095689999999, 53.4828183], [44.85097689999999, 53.4830208], [44.85097689999999, 53.483265], [44.8507167, 53.4833157], [44.8503763, 53.4833157], [44.849910799999996, 53.483378200000004], [44.8498508, 53.48344970000001], [44.84984579999999, 53.483667100000005], [44.84984579999999, 53.4838458], [44.85004099999999, 53.48397980000001], [44.8501261, 53.4840811], [44.8501611, 53.4841079], [44.85052149999999, 53.484042399999986], [44.850986999999996, 53.483991700000004], [44.851397399999996, 53.4840215], [44.8513023, 53.484173399999996], [44.85131729999999, 53.4844057], [44.85141240000001, 53.48467080000001], [44.8516677, 53.4849716], [44.8518428, 53.4852545], [44.85233829999999, 53.485606000000004], [44.8528589, 53.4857757], [44.8534144, 53.4860229], [44.8537748, 53.486279], [44.854004999999994, 53.48663340000001], [44.854145200000005, 53.48676149999999], [44.8542153, 53.486955], [44.8543518, 53.487055100000006], [44.8544969, 53.4871404], [44.85462429999999, 53.48721200000001], [44.8546792, 53.487331], [44.8547946, 53.48744349999998], [44.85498719999999, 53.4875383], [44.855065999999994, 53.4875462], [44.8550104, 53.487422], [44.85504589999999, 53.48721629999999], [44.855205399999996, 53.4868524], [44.85563079999999, 53.4864886], [44.856003099999995, 53.48627239999998], [44.856649999999995, 53.4860509], [44.857429999999994, 53.485866300000005], [44.8580504, 53.4857555], [44.85865309999999, 53.485760799999994], [44.85936209999999, 53.4857925], [44.8595482, 53.48561839999999], [44.8600179, 53.4854497], [44.8607004, 53.485470799999995], [44.86137399999999, 53.48561319999999], [44.8620653, 53.4857397], [44.86231339999999, 53.4861985], [44.862721099999995, 53.486446399999984], [44.8634656, 53.486493800000005], [44.86377579999999, 53.4862038], [44.86377579999999, 53.4858188], [44.86408599999999, 53.4857081], [44.86467100000001, 53.4857186], [44.86512299999999, 53.486035], [44.8655572, 53.48628819999999], [44.8657788, 53.486493800000005], [44.866275099999996, 53.48660460000001], [44.86631059999999, 53.486747], [44.86624849999999, 53.4870423], [44.8669133, 53.4870317], [44.867196899999996, 53.4868683], [44.86801229999999, 53.4869474], [44.868916299999995, 53.4870634], [44.8696696, 53.4871056], [44.8696696, 53.487221600000005], [44.8695278, 53.4874167], [44.869651899999994, 53.4876593], [44.87013939999999, 53.48778579999999], [44.8708307, 53.487801700000006], [44.87150419999999, 53.4877226], [44.8719828, 53.4875274], [44.8723462, 53.4873218], [44.873055199999996, 53.487269], [44.87344519999999, 53.487464199999984], [44.8739681, 53.4876698], [44.873947099999995, 53.4880663], [44.8738591, 53.48972249999999], [44.873836700000005, 53.49014509999999], [44.87514839999999, 53.4953669], [44.8780192, 53.5123907], [44.8838166, 53.51836409999999], [44.883675499999995, 53.52505420000001], [44.90480889999999, 53.5264962], [44.9014596, 53.5313461], [44.902162399999995, 53.5369147], [44.9081972, 53.5421351], [44.90632649999999, 53.54421959999999], [44.907783099999996, 53.5490195], [44.9078019, 53.549042599999986], [44.911587299999994, 53.55672989999999], [44.933738999999996, 53.55491700000001], [44.9354258, 53.5533572], [44.9410367, 53.553358599999996], [44.9450381, 53.5474383], [44.9485191, 53.545835], [44.9576582, 53.5435647], [44.9622044, 53.5474429], [44.9775377, 53.543573900000005], [44.988946399999996, 53.537314099999996], [44.9846068, 53.5275532], [44.9771629, 53.51962420000001], [44.977837699999995, 53.5187414], [44.97652909999999, 53.51653039999999], [44.9754833, 53.5140417], [45.0035012, 53.505445], [45.0158761, 53.510288100000004], [45.02910719999999, 53.52038480000001], [45.04468849999999, 53.513005], [45.0731916, 53.5483295], [45.12044349999999, 53.5378153], [45.135776799999995, 53.5344029], [45.14207059999999, 53.53300839999999], [45.1557376, 53.542506], [45.16065499999999, 53.540518000000006], [45.16798109999999, 53.537653599999985], [45.1644706, 53.53239859999999]]]]}}]}