{"type": "FeatureCollection", "features": [{"type": "Feature", "properties": {"id": "city-07727000", "name": "ГО город-курорт Пятигорск", "region": "Ставропольский край", "isCity": true, "sourceOktmo": "07-727-000-000", "sourceAgg": "Пятигорск", "excelNames": ["ГО Пятигорск"], "oktmo": "07727000", "vgp": [{"year": 2019, "value": 117500813.15617792}, {"year": 2020, "value": 112961157.14026241}, {"year": 2021, "value": 112517479.46575002}, {"year": 2022, "value": 165803956.4458307}, {"year": 2023, "value": 175316659.7433907}, {"year": 2024, "value": 232193272.09692404}], "population": [{"year": 2019, "value": 213997.0}, {"year": 2020, "value": 214567.0}, {"year": 2021, "value": 212305.0}, {"year": 2022, "value": 211066.0}, {"year": 2023, "value": 213377.0}, {"year": 2024, "value": 211692.0}, {"year": 2025, "value": 211304.0}], "shipments": [{"year": 2019, "value": 36455354.1}, {"year": 2020, "value": 36748549.1}, {"year": 2021, "value": 39805419.8}, {"year": 2022, "value": 42782185.3}, {"year": 2023, "value": 50282889.7}, {"year": 2024, "value": 57803041.1}], "employees": [{"year": 2019, "value": 37106.0}, {"year": 2020, "value": 37144.0}, {"year": 2021, "value": 35698.0}, {"year": 2022, "value": 34434.0}, {"year": 2023, "value": 34489.0}, {"year": 2024, "value": 33707.0}], "investments": [{"year": 2019, "value": 4910841.0}, {"year": 2020, "value": 5075551.0}, {"year": 2021, "value": 5021062.0}, {"year": 2022, "value": 5097517.0}, {"year": 2023, "value": 5100970.0}, {"year": 2024, "value": 7232994.0}], "vgp2024": 232193272.09692404, "pop2024": 211692.0, "ship2024": 57803041.1, "emp2024": 33707.0, "inv2024": 7232994.0}, "geometry": {"type": "MultiPolygon", "coordinates": [[[[42.955467799999994, 44.05634630000001], [42.9580105, 44.05786019999999], [42.9592535, 44.0580319], [42.9597223, 44.058241699999996], [42.9758493, 44.058614399999996], [42.97623109999999, 44.0598464], [42.977786099999996, 44.059535200000006], [42.97831209999999, 44.0611194], [42.9773846, 44.0614263], [42.977019899999995, 44.063938799999995], [42.9785547, 44.0641411], [42.9785797, 44.0656468], [42.97786659999999, 44.06763339999999], [42.9805014, 44.067653], [42.9811757, 44.067948], [42.98396489999999, 44.06484270000001], [42.9844133, 44.0653734], [42.985855199999996, 44.0690855], [42.9856198, 44.0691822], [42.986814499999994, 44.0719373], [42.9869287, 44.0723385], [42.985242799999995, 44.07373079999999], [42.9869509, 44.0758256], [42.9924704, 44.075064399999995], [42.992297699999995, 44.07547099999999], [42.9917289, 44.0773978], [43.00672709999999, 44.0821224], [43.010546100000006, 44.0776364], [43.013422999999996, 44.07143500000001], [43.01370059999999, 44.07083659999999], [43.021098099999996, 44.0694053], [43.0256888, 44.0736845], [43.0313794, 44.0738265], [43.0353949, 44.0754426], [43.035597, 44.07533589999999], [43.0356633, 44.0758713], [43.0363909, 44.07563139999999], [43.03639879999999, 44.0757796], [43.04189019999999, 44.07749], [43.0429775, 44.0762579], [43.04375809999999, 44.0751818], [43.04562129999999, 44.0738561], [43.046447799999996, 44.07358640000001], [43.0483849, 44.0723913], [43.04967969999999, 44.0720573], [43.0521914, 44.0701282], [43.0526324, 44.06928140000001], [43.05371840000001, 44.068443099999996], [43.0621925, 44.07783690000001], [43.07972879999999, 44.0776689], [43.08128849999999, 44.0775972], [43.085249999999995, 44.077793099999994], [43.08484979999999, 44.0785421], [43.086939, 44.0782019], [43.0881028, 44.077873399999994], [43.0876412, 44.07715859999999], [43.0884568, 44.07694729999999], [43.0889166, 44.0765736], [43.08934649999999, 44.0762484], [43.0896021, 44.07605459999999], [43.08976809999999, 44.0759332], [43.0907218, 44.07514890000001], [43.0909222, 44.0749835], [43.0910262, 44.0748271], [43.0912275, 44.07475800000001], [43.092028, 44.07453710000001], [43.0928113, 44.07433470000001], [43.0931639, 44.0743285], [43.0941476, 44.07402290000001], [43.094729, 44.074625700000006], [43.0952385, 44.075198300000004], [43.09563299999999, 44.0753002], [43.0958996, 44.0750796], [43.09606209999999, 44.075224999999996], [43.09661429999999, 44.0754279], [43.09690309999999, 44.075284100000005], [43.0964161, 44.074982199999994], [43.0962901, 44.07458530000001], [43.095942199999996, 44.074230099999994], [43.0962579, 44.074116999999994], [43.09649649999999, 44.0738932], [43.096627999999995, 44.0738594], [43.0971247, 44.0734612], [43.0975272, 44.0732645], [43.09767279999999, 44.0731457], [43.0974583, 44.072981899999995], [43.0974206, 44.072818], [43.097442199999996, 44.07265619999999], [43.097916899999994, 44.0718854], [43.0977607, 44.0717794], [43.0979806, 44.0712855], [43.09805909999999, 44.0711204], [43.09797859999999, 44.0709874], [43.097961899999994, 44.0708675], [43.0974985, 44.070284], [43.09695299999999, 44.06936460000001], [43.0979284, 44.06927809999999], [43.0999661, 44.069103399999996], [43.100836799999996, 44.0693059], [43.100874999999995, 44.06897779999999], [43.101029200000006, 44.068914199999995], [43.10113919999999, 44.06888339999999], [43.10143289999999, 44.0688497], [43.101734699999994, 44.06880319999999], [43.1020295, 44.06876160000001], [43.10229249999999, 44.068881499999996], [43.10278279999999, 44.069109299999994], [43.10316159999999, 44.06908769999999], [43.104481199999995, 44.0689663], [43.105204199999996, 44.068945799999995], [43.105994, 44.0686406], [43.1065572, 44.067890899999995], [43.107666099999996, 44.0665478], [43.10801109999999, 44.0661564], [43.108687, 44.0663991], [43.10990429999999, 44.06687839999999], [43.1102833, 44.0670549], [43.113019099999995, 44.0640986], [43.11337459999999, 44.063723499999995], [43.11395619999999, 44.063064399999995], [43.11523639999999, 44.0616919], [43.11908999999999, 44.0574665], [43.12111339999999, 44.056554399999996], [43.1309417, 44.0516844], [43.133058999999996, 44.05038450000001], [43.136939, 44.0506432], [43.13846160000001, 44.0512031], [43.13901009999999, 44.051495599999996], [43.1399212, 44.051769], [43.1400186, 44.0519534], [43.141787799999996, 44.0526782], [43.1445656, 44.0534602], [43.1454856, 44.05383530000001], [43.14845789999999, 44.0547699], [43.1503068, 44.0521505], [43.1523503, 44.052652699999996], [43.152794899999996, 44.0519225], [43.169725199999995, 44.0548633], [43.1756553, 44.0567424], [43.1780573, 44.0572009], [43.17962109999999, 44.0559782], [43.181537, 44.056601], [43.1826612, 44.0553218], [43.18057189999999, 44.0546115], [43.181485200000004, 44.0533528], [43.178482699999996, 44.0522468], [43.1730661, 44.0507611], [43.1768007, 44.0427894], [43.177107299999996, 44.04345189999999], [43.1774513, 44.043694699999996], [43.1778454, 44.0438072], [43.1783083, 44.0438341], [43.1825744, 44.0451201], [43.184100699999995, 44.04613619999999], [43.1841203, 44.0467377], [43.18390800000001, 44.0472909], [43.1838726, 44.047723299999994], [43.184085, 44.047939499999984], [43.184226499999994, 44.0489949], [43.18481920000001, 44.0494464], [43.1861019, 44.049986800000006], [43.1868008, 44.050457300000005], [43.1873935, 44.05063530000001], [43.18790659999999, 44.0509532], [43.1883666, 44.0514555], [43.189012399999996, 44.0521295], [43.1897201, 44.0522821], [43.190976199999994, 44.05227570000001], [43.192055499999995, 44.051843399999996], [43.19349679999999, 44.0517218], [43.193603599999996, 44.05214219999999], [43.195337499999994, 44.054431], [43.19651399999999, 44.055594400000004], [43.2004771, 44.0577352], [43.20056569999999, 44.058932], [43.200990299999994, 44.0597394], [43.2002649, 44.060457799999995], [43.200928399999995, 44.0614113], [43.20133529999999, 44.0614431], [43.2016007, 44.0617609], [43.2017157, 44.062333], [43.2025472, 44.0636171], [43.20183949999999, 44.06513], [43.203479599999994, 44.0662847], [43.205599199999995, 44.0656321], [43.205776099999994, 44.0657021], [43.20651039999999, 44.0655368], [43.20690849999999, 44.06639489999999], [43.206855399999995, 44.06672540000001], [43.2066785, 44.0667318], [43.205988399999995, 44.0671195], [43.2055689, 44.06879260000001], [43.2058027, 44.0711493], [43.20519229999999, 44.0731831], [43.2046056, 44.0736465], [43.20313109999999, 44.0740157], [43.2020341, 44.074753], [43.2014857, 44.07563639999999], [43.2014414, 44.0760495], [43.2009637, 44.0769964], [43.207070099999996, 44.077691], [43.20651039999999, 44.0784899], [43.2082354, 44.07953849999999], [43.206660799999995, 44.080339200000004], [43.2057407, 44.0803328], [43.205033, 44.0800214], [43.201565300000006, 44.0808349], [43.1998891, 44.0821307], [43.19768369999999, 44.081971], [43.196308099999996, 44.0800208], [43.195671, 44.0821324], [43.195184299999994, 44.082960099999994], [43.1943439, 44.083220600000004], [43.192866499999994, 44.0835002], [43.191964199999994, 44.0837226], [43.19157499999999, 44.0841103], [43.19124769999999, 44.08462500000001], [43.1907611, 44.0850698], [43.18999149999999, 44.0856734], [43.195122399999995, 44.0883803], [43.19552040000001, 44.0885646], [43.197926599999995, 44.08853919999999], [43.19990719999999, 44.08824659999999], [43.20043009999999, 44.088291399999996], [43.200969799999996, 44.08853919999999], [43.20198709999999, 44.0890284], [43.2026771, 44.089180899999995], [43.203269799999994, 44.0892445], [43.204561399999996, 44.0891619], [43.2053841, 44.0893461], [43.2059591, 44.0896003], [43.2066491, 44.0902992], [43.2075957, 44.09072489999999], [43.20859529999999, 44.09104889999999], [43.2094445, 44.0916208], [43.2102319, 44.0918177], [43.2121781, 44.09191299999999], [43.21232839999999, 44.0918177], [43.2127088, 44.092179900000005], [43.2156016, 44.09150009999999], [43.21887469999999, 44.091169699999995], [43.2198124, 44.09058509999999], [43.2202724, 44.0904326], [43.22254759999999, 44.0899514], [43.22468169999999, 44.0888745], [43.2326108, 44.08627609999999], [43.2326779, 44.0853413], [43.2275234, 44.0859619], [43.2264788, 44.085885499999996], [43.22694789999999, 44.0854452], [43.227761099999995, 44.0835176], [43.2215121, 44.08298289999999], [43.219660499999996, 44.0822999], [43.2162842, 44.08188809999999], [43.21895520000001, 44.0760283], [43.2199942, 44.07586930000001], [43.2207073, 44.075550299999996], [43.2210514, 44.07581089999999], [43.2223337, 44.07600419999999], [43.2233533, 44.075038], [43.22559679999999, 44.0741833], [43.226774999999996, 44.07305610000001], [43.22673739999999, 44.0717168], [43.226574799999995, 44.0713483], [43.2263433, 44.0705078], [43.225880499999995, 44.06945170000001], [43.2252049, 44.068773], [43.2242534, 44.067988099999994], [43.2223024, 44.0676629], [43.2200505, 44.0675999], [43.2200005, 44.06817519999999], [43.2185555, 44.0681573], [43.2177736, 44.0684045], [43.2175609, 44.06844039999999], [43.2169479, 44.068755], [43.21613469999999, 44.068840400000006], [43.2160596, 44.0681348], [43.215127, 44.0681275], [43.2148394, 44.063169699999996], [43.2126455, 44.06319510000001], [43.2127605, 44.0664179], [43.2099827, 44.06648779999999], [43.209027299999995, 44.0696915], [43.2071452, 44.06955669999999], [43.2071342, 44.0688968], [43.207364199999994, 44.06838199999999], [43.20742619999999, 44.06786079999999], [43.20811619999999, 44.0676065], [43.2082223, 44.067454], [43.208523099999994, 44.06647509999999], [43.20817809999999, 44.0654136], [43.20775089999999, 44.0647205], [43.20808240000001, 44.0642374], [43.20809119999999, 44.06368439999999], [43.20730389999999, 44.062946999999994], [43.2069766, 44.0628262], [43.20632199999999, 44.0624448], [43.20679969999999, 44.06190449999999], [43.2071801, 44.0617329], [43.207710799999994, 44.06106539999999], [43.2081085, 44.06007720000001], [43.210771699999995, 44.05849709999999], [43.2112848, 44.0579504], [43.2113644, 44.0575753], [43.2115944, 44.05721290000001], [43.211452799999996, 44.0562403], [43.211086, 44.056018], [43.210753999999994, 44.05511500000001], [43.2096216, 44.0540151], [43.2078082, 44.0523875], [43.20650719999999, 44.0516303], [43.206728899999995, 44.0513194], [43.1989795, 44.0467987], [43.1980595, 44.04608009999999], [43.196033699999994, 44.0456032], [43.1948734, 44.0448642], [43.1935285, 44.0445134], [43.192853, 44.04462579999999], [43.191902199999994, 44.04531380000001], [43.19180209999999, 44.0456465], [43.19139779999999, 44.0460756], [43.1901328, 44.0455297], [43.1891951, 44.04555510000001], [43.18732849999999, 44.0443501], [43.18704559999999, 44.0443225], [43.18706759999999, 44.0440722], [43.1861299, 44.04300390000001], [43.1842279, 44.041535], [43.18382979999999, 44.04111530000001], [43.1829363, 44.0405239], [43.1820252, 44.0402504], [43.1807513, 44.04029499999999], [43.180264799999996, 44.040409399999994], [43.1800171, 44.040632], [43.17923859999999, 44.041039], [43.1786282, 44.0406892], [43.17818139999999, 44.0403213], [43.1782617, 44.03971270000001], [43.1774478, 44.0396364], [43.177085100000006, 44.03943929999999], [43.1765632, 44.03952829999999], [43.175767, 44.0399099], [43.1747497, 44.03964909999999], [43.1741128, 44.03869520000001], [43.1738916, 44.0383327], [43.17351120000001, 44.03797029999999], [43.1730158, 44.0378876], [43.172087, 44.03791300000001], [43.1711758, 44.0381038], [43.1705477, 44.038135600000004], [43.169972699999995, 44.0383009], [43.1694419, 44.0385362], [43.16938879999999, 44.0388479], [43.16910579999999, 44.0389623], [43.1686369, 44.03896869999999], [43.16823879999999, 44.0388987], [43.16804419999999, 44.0387779], [43.16786729999999, 44.0384091], [43.16572649999999, 44.0385044], [43.1650807, 44.03870789999999], [43.1642757, 44.0391595], [43.1640191, 44.0388924], [43.163222999999995, 44.038797], [43.1624887, 44.03882240000001], [43.1605248, 44.039293], [43.1576134, 44.0382138], [43.15715049999999, 44.03787200000001], [43.1551864, 44.0372919], [43.15336609999999, 44.0372244], [43.1512893, 44.0379215], [43.1504636, 44.038011399999995], [43.1496629, 44.038569], [43.14805530000001, 44.0387399], [43.146466499999995, 44.03862749999999], [43.14637259999999, 44.0377686], [43.14430209999999, 44.037858500000006], [43.1432872, 44.0381716], [43.14128349999999, 44.0379216], [43.1381419, 44.0379135], [43.138057399999994, 44.0380534], [43.13777509999999, 44.0383193], [43.1373494, 44.0385274], [43.136806, 44.038787899999996], [43.136483399999996, 44.0391579], [43.13588190000001, 44.039532200000004], [43.1353939, 44.040202199999996], [43.13542519999999, 44.04160970000001], [43.1361446, 44.0417895], [43.1364202, 44.042312100000004], [43.135819299999994, 44.0427967], [43.1350749, 44.0435476], [43.1341116, 44.0442131], [43.1334798, 44.0444919], [43.13262449999999, 44.04536889999999], [43.1321868, 44.0453489], [43.1320928, 44.0455622], [43.1301813, 44.0450495], [43.1266945, 44.04534960000001], [43.126137799999995, 44.0450438], [43.1255355, 44.04485689999999], [43.125460399999994, 44.044677], [43.1250413, 44.04434429999999], [43.12422810000001, 44.044168899999995], [43.1236214, 44.044317299999996], [43.122201399999994, 44.0443937], [43.1211568, 44.0449513], [43.1194679, 44.0451896], [43.117982899999994, 44.0444486], [43.11670279999999, 44.0438186], [43.11782629999999, 44.0428904], [43.1190761, 44.0421165], [43.1200978, 44.04179030000001], [43.12103549999999, 44.0412148], [43.1220885, 44.0408487], [43.1228605, 44.0403138], [43.1230849, 44.0402028], [43.12387309999999, 44.0395617], [43.124512200000005, 44.0387831], [43.1247051, 44.0381272], [43.125177, 44.035054], [43.1252043, 44.03447559999999], [43.125327899999995, 44.033677], [43.1256453, 44.0316909], [43.1258038, 44.03139499999999], [43.1261161, 44.03122679999999], [43.1266657, 44.0309591], [43.1264716, 44.0308126], [43.12626509999999, 44.0305619], [43.12603839999999, 44.0301699], [43.1259696, 44.0296482], [43.1259265, 44.0294009], [43.1259633, 44.0290231], [43.1263887, 44.02657], [43.12635079999999, 44.0253339], [43.1253395, 44.02356], [43.1245491, 44.0221849], [43.1246123, 44.0214749], [43.1246919, 44.020902400000004], [43.1250723, 44.0201454], [43.12535539999999, 44.0198401], [43.1264442, 44.0187079], [43.12750789999999, 44.018129], [43.128285, 44.017382600000005], [43.128515, 44.0166764], [43.1285743, 44.01295129999999], [43.12855489999999, 44.0117496], [43.1281084, 44.0105383], [43.1210743, 44.0000456], [43.1218099, 43.9996362], [43.1215072, 43.99826319999999], [43.1199002, 43.99911259999999], [43.1192897, 43.999683100000006], [43.11879809999999, 44.0001375], [43.1177832, 43.99986899999999], [43.11779889999999, 43.9993631], [43.11033659999999, 44.00010509999999], [43.1060793, 44.0008973], [43.103593499999995, 44.0010437], [43.1008954, 44.00108819999999], [43.0996657, 44.0009482], [43.099303, 44.0015273], [43.0991438, 44.0017309], [43.0976399, 44.00212539999999], [43.09572030000001, 43.99973279999999], [43.0945565, 43.9996711], [43.0893419, 43.9971693], [43.0870462, 43.9943793], [43.08509329999999, 43.9928235], [43.0827844, 43.9917416], [43.0823863, 43.9913979], [43.0753302, 43.98502799999999], [43.071869199999995, 43.98275309999999], [43.06764069999999, 43.982785], [43.0676318, 43.9844845], [43.06812719999999, 43.986062999999994], [43.0687907, 43.98710689999999], [43.06900809999999, 43.9878209], [43.068767199999996, 43.9881002], [43.0687234, 43.990391], [43.0684919, 43.990445], [43.0681917, 43.9911065], [43.0684982, 43.991489], [43.0699056, 43.991925599999995], [43.0702622, 43.99235310000001], [43.071050299999996, 43.992668099999996], [43.0714382, 43.9926051], [43.0718573, 43.992632099999994], [43.0728509, 43.9932476], [43.07323039999999, 43.9932354], [43.073394, 43.993114399999996], [43.07318169999999, 43.99279299999999], [43.0733277, 43.9926498], [43.0748227, 43.9930412], [43.074645800000006, 43.9937063], [43.075557, 43.99438729999999], [43.07625579999999, 43.9946959], [43.07661409999999, 43.9947341], [43.077065299999994, 43.99457499999999], [43.077131599999994, 43.9950491], [43.07733509999999, 43.9954087], [43.07679099999999, 43.9957905], [43.076397799999995, 43.9964994], [43.0770472, 43.9970364], [43.0776602, 43.997301900000004], [43.07806680000001, 43.9977878], [43.077216099999994, 43.998120799999995], [43.0757586, 43.999484300000006], [43.0743987, 43.9989058], [43.0732459, 43.99660980000001], [43.072709, 43.9964112], [43.058887, 43.9964047], [43.0585637, 44.0007269], [43.0587388, 44.0066481], [43.058419799999996, 44.0088617], [43.0582477, 44.0091917], [43.0578509, 44.0099526], [43.057632, 44.0099568], [43.056827, 44.009409600000005], [43.056446599999994, 44.00855059999999], [43.055968899999996, 44.008175300000005], [43.0552612, 44.0081498], [43.0545446, 44.008417], [43.05384579999999, 44.00894509999999], [43.0537573, 44.009415999999995], [43.054305799999995, 44.0105803], [43.053792699999995, 44.0104658], [43.0526957, 44.0105548], [43.05151789999999, 44.010965899999995], [43.0510755, 44.01064639999999], [43.049505999999994, 44.01053439999999], [43.0493716, 44.0100693], [43.0490513, 44.0095555], [43.0483612, 44.0095712], [43.0476236, 44.0092878], [43.047070500000004, 44.008909900000006], [43.045292, 44.0086259], [43.04264469999999, 44.0084667], [43.0411455, 44.0083074], [43.0396634, 44.008008700000005], [43.038672, 44.0076966], [43.0361151, 44.007731], [43.034565199999996, 44.0073015], [43.034568099999994, 44.005453300000006], [43.03127229999999, 44.005514399999996], [43.0296967, 44.00575739999999], [43.0279167, 44.006103], [43.0272036, 44.006355], [43.0256711, 44.0060311], [43.0244742, 44.0058164], [43.02340159999999, 44.00573979999999], [43.0191488, 44.0060988], [43.0129522, 44.01012109999999], [43.0131251, 44.0128613], [43.0142947, 44.0143364], [43.0155207, 44.016437200000006], [43.016127499999996, 44.0170175], [43.0164441, 44.0179711], [43.0182098, 44.018917], [43.0211623, 44.0199426], [43.02553579999999, 44.0203408], [43.029501, 44.02063929999999], [43.02943119999999, 44.0210774], [43.018484099999995, 44.0231439], [43.0184247, 44.0240068], [43.0180544, 44.0248892], [43.0183922, 44.0289146], [43.0176478, 44.02874369999999], [43.0172787, 44.028752700000005], [43.01673449999999, 44.02839289999999], [43.0157149, 44.0282715], [43.0152145, 44.028532299999995], [43.013269099999995, 44.02853679999999], [43.0130733, 44.0284667], [43.0124707, 44.02869630000001], [43.0117984, 44.0287822], [43.01117469999999, 44.0290748], [43.0098124, 44.0292115], [43.0091711, 44.02919250000001], [43.008312999999994, 44.02947549999999], [43.0075035, 44.02952959999999], [43.00672949999999, 44.029361], [43.0063137, 44.0295232], [43.0058846, 44.029373699999994], [43.0054468, 44.02960589999999], [43.004943299999994, 44.02942279999999], [43.00462039999999, 44.02954379999999], [43.004198099999996, 44.0294494], [43.00378529999999, 44.0295775], [43.0029627, 44.02945609999999], [43.00230899999999, 44.0296495], [43.0020713, 44.0295641], [43.001033, 44.029590999999996], [43.0012453, 44.028016599999994], [43.003729, 44.02738500000001], [43.0034725, 44.0259592], [43.0013454, 44.02395549999999], [42.9847504, 44.0278033], [42.980709499999996, 44.0284194], [42.9799401, 44.02895910000001], [42.975186099999995, 44.030088], [42.9722961, 44.0307536], [42.97081519999999, 44.03103300000001], [42.9704414, 44.0307401], [42.969378, 44.0303803], [42.9684745, 44.030506499999994], [42.96721099999999, 44.0309427], [42.9648152, 44.03232789999999], [42.9642647, 44.03280910000001], [42.96230059999999, 44.0335556], [42.9612997, 44.034711400000006], [42.9601133, 44.035430299999994], [42.96009449999999, 44.0347777], [42.95969639999999, 44.0346633], [42.9487269, 44.0342499], [42.9485942, 44.031973], [42.9477538, 44.03176309999999], [42.9479396, 44.019455099999995], [42.94683549999999, 44.0187193], [42.9351734, 44.018653099999995], [42.9354061, 44.015093099999994], [42.9383652, 44.01314390000001], [42.9382679, 44.01063719999999], [42.942761899999994, 44.00907200000001], [42.9438677, 44.00753869999999], [42.9439561, 44.00625339999999], [42.94639399999999, 44.00308199999999], [42.94851719999999, 44.001593], [42.9492909, 44.00046400000001], [42.9490697, 43.9988922], [42.9479463, 43.996887699999995], [42.947893199999996, 43.9959649], [42.94686699999999, 43.9953921], [42.9449474, 43.9947303], [42.9435408, 43.9949085], [42.9429392, 43.9955067], [42.94178039999999, 43.9954303], [42.94073649999999, 43.99576759999999], [42.94036499999999, 43.996505799999994], [42.9404888, 43.99739039999999], [42.9416778, 43.9992015], [42.9390965, 44.000071], [42.9362128, 44.000570499999995], [42.93625099999999, 44.0048217], [42.9332963, 44.0050762], [42.93284400000001, 44.0055753], [42.9326936, 44.01950180000001], [42.9338845, 44.0203351], [42.945409600000005, 44.0203107], [42.946785299999995, 44.0342108], [42.9478159, 44.03422779999999], [42.94778569999999, 44.0373189], [42.949223499999995, 44.03943160000001], [42.9509, 44.0422644], [42.9525736, 44.043939200000004], [42.9532661, 44.0439854], [42.9543702, 44.0438276], [42.95506459999999, 44.04292019999999], [42.9560187, 44.0421143], [42.95839839999999, 44.0420805], [42.957538, 44.0521618], [42.9561231, 44.053066699999995], [42.9532203, 44.0549231], [42.955467799999994, 44.05634630000001]]]]}}, {"type": "Feature", "properties": {"id": "mo-07715000", "name": "ГО город-курорт Кисловодск", "region": "Ставропольский край", "isCity": false, "sourceOktmo": "07-715-000-000", "sourceAgg": "Пятигорск", "excelNames": ["ГО Кисловодск"], "oktmo": "07715000", "vgp": [{"year": 2019, "value": 49015137.083223574}, {"year": 2020, "value": 43531876.21567605}, {"year": 2021, "value": 45871075.54213743}, {"year": 2022, "value": 72717474.2619266}, {"year": 2023, "value": 80110422.33757505}, {"year": 2024, "value": 117389423.4342393}], "population": [{"year": 2019, "value": 135881.0}, {"year": 2020, "value": 135530.0}, {"year": 2021, "value": 134639.0}, {"year": 2022, "value": 134220.0}, {"year": 2023, "value": 133913.0}, {"year": 2024, "value": 133451.0}, {"year": 2025, "value": 132977.0}], "shipments": [{"year": 2019, "value": 19562104.8}, {"year": 2020, "value": 17011631.3}, {"year": 2021, "value": 21822765.8}, {"year": 2022, "value": 26858519.0}, {"year": 2023, "value": 31896782.3}, {"year": 2024, "value": 43160988.0}], "employees": [{"year": 2019, "value": 16836.0}, {"year": 2020, "value": 16634.0}, {"year": 2021, "value": 16136.0}, {"year": 2022, "value": 15856.0}, {"year": 2023, "value": 16394.0}, {"year": 2024, "value": 17203.0}], "investments": [{"year": 2019, "value": 4191412.0}, {"year": 2020, "value": 4097610.0}, {"year": 2021, "value": 6052411.0}, {"year": 2022, "value": 4679195.0}, {"year": 2023, "value": 7212237.0}, {"year": 2024, "value": 12008564.0}], "vgp2024": 117389423.4342393, "pop2024": 133451.0, "ship2024": 43160988.0, "emp2024": 17203.0, "inv2024": 12008564.0}, "geometry": {"type": "MultiPolygon", "coordinates": [[[[42.7710199, 43.94979080000001], [42.7719855, 43.949481799999994], [42.77189969999999, 43.9498835], [42.772307399999995, 43.9500534], [42.77269359999999, 43.9502388], [42.773337299999994, 43.9499144], [42.7740669, 43.94938919999999], [42.7746033, 43.9494046], [42.77567619999999, 43.9499144], [42.7768779, 43.9496054], [42.7777362, 43.9483386], [42.777822, 43.9476898], [42.7773285, 43.947319], [42.77481790000001, 43.94633029999999], [42.7745604, 43.941787999999995], [42.7757406, 43.9412936], [42.7760839, 43.9405983], [42.77700660000001, 43.9398412], [42.7783584, 43.9393468], [42.7790451, 43.93928499999999], [42.7825427, 43.9390996], [42.78593300000001, 43.939872099999995], [42.7874994, 43.939779400000006], [42.788164599999995, 43.9399648], [42.7888083, 43.9412627], [42.78887269999999, 43.9416798], [42.7880144, 43.94211249999999], [42.788078799999994, 43.9426841], [42.7876925, 43.9426841], [42.786533799999994, 43.9420198], [42.78496739999999, 43.9425451], [42.78520339999999, 43.94407460000001], [42.7878213, 43.9440592], [42.7882075, 43.9443064], [42.78852940000001, 43.945217899999996], [42.79080389999999, 43.942097], [42.7893019, 43.94127809999999], [42.788550799999996, 43.9396712], [42.787649599999995, 43.93928499999999], [42.7865767, 43.9396403], [42.7860617, 43.9395785], [42.7858043, 43.939161399999996], [42.782993299999994, 43.9386515], [42.7790451, 43.9388369], [42.775526, 43.9390223], [42.7753544, 43.93735349999999], [42.775526, 43.9359938], [42.7757621, 43.932826], [42.7795601, 43.9320225], [42.78140539999999, 43.93129619999999], [42.7834439, 43.9327951], [42.786448, 43.93143529999999], [42.788851199999996, 43.933629599999996], [42.793636299999996, 43.9354993], [42.7952456, 43.93288789999999], [42.799386999999996, 43.93234699999999], [42.8015971, 43.93551480000001], [42.8043437, 43.9360247], [42.805287799999995, 43.9359938], [42.804901599999994, 43.93529839999999], [42.8048587, 43.9343095], [42.8049445, 43.933150499999996], [42.8045797, 43.9325324], [42.8028416, 43.931558900000006], [42.8006315, 43.9310953], [42.7995801, 43.930415399999994], [42.7956962, 43.9282827], [42.79159779999999, 43.9269691], [42.79254199999999, 43.92596460000001], [42.7937436, 43.9253773], [42.7947521, 43.9253155], [42.79537439999999, 43.9253619], [42.797133900000006, 43.924975499999995], [42.798206799999996, 43.9248055], [42.7996015, 43.924882800000006], [42.8005457, 43.92500640000001], [42.8012967, 43.9254546], [42.80243389999999, 43.92610369999999], [42.803592699999996, 43.926660000000005], [42.8036999, 43.9262428], [42.8035712, 43.9251455], [42.80294889999999, 43.92421819999999], [42.8019404, 43.9229663], [42.8004169, 43.9222554], [42.8009105, 43.921946299999995], [42.8014898, 43.92145169999999], [42.8019404, 43.9207252], [42.8024769, 43.9204007], [42.8048587, 43.9199988], [42.8047085, 43.919813299999994], [42.80711169999999, 43.9193187], [42.8081202, 43.920277], [42.80882830000001, 43.9207098], [42.80968659999999, 43.9208334], [42.81035179999999, 43.9204007], [42.80930039999999, 43.919597], [42.8079271, 43.91829860000001], [42.80736919999999, 43.917912199999996], [42.8065324, 43.916551999999996], [42.8054809, 43.9160419], [42.80479429999999, 43.91615010000001], [42.8043222, 43.916227400000004], [42.7999878, 43.9109563], [42.80228369999999, 43.9108326], [42.8029704, 43.9110181], [42.8037429, 43.912347499999996], [42.80479429999999, 43.913367799999996], [42.8052449, 43.913816], [42.806188999999996, 43.9142025], [42.812819499999996, 43.913816], [42.813248599999994, 43.913707800000005], [42.81339880000001, 43.9134914], [42.813248599999994, 43.913182299999995], [42.8125405, 43.9124248], [42.8109741, 43.91125], [42.8116178, 43.9111109], [42.811767999999994, 43.91151279999999], [42.8136778, 43.9112345], [42.81350609999999, 43.910987199999994], [42.8149867, 43.9109099], [42.816724799999996, 43.9110336], [42.8177762, 43.91112630000001], [42.8190207, 43.9112964], [42.8189134, 43.9109099], [42.81874179999999, 43.9105853], [42.8185272, 43.91027609999998], [42.82459970000001, 43.9118065], [42.8287625, 43.9138933], [42.82863379999999, 43.9156091], [42.8334832, 43.916783800000005], [42.83513539999999, 43.9167684], [42.845563899999995, 43.9100597], [42.84470559999999, 43.909317699999995], [42.84337519999999, 43.909194], [42.842474, 43.9090085], [42.8418517, 43.90837460000001], [42.841014799999996, 43.9078027], [42.84022089999999, 43.907570799999995], [42.8392339, 43.9069524], [42.8353715, 43.895464800000006], [42.84118649999999, 43.8915682], [42.8434181, 43.89367119999999], [42.84419059999999, 43.8928207], [42.8436756, 43.8919702], [42.8444695, 43.8911506], [42.844169099999995, 43.89081039999999], [42.8445768, 43.8899599], [42.8449416, 43.8893878], [42.8445554, 43.8890939], [42.843203499999994, 43.8871763], [42.844212, 43.8866351], [42.84125089999999, 43.882444], [42.84215209999999, 43.880897399999995], [42.843461, 43.8793662], [42.8444266, 43.8780979], [42.8449631, 43.8760407], [42.8448128, 43.874958], [42.8445983, 43.8722665], [42.844727, 43.86867769999999], [42.8447485, 43.8678114], [42.84612179999999, 43.8653207], [42.84676549999999, 43.864083099999995], [42.8468942, 43.862829999999995], [42.8485465, 43.8618243], [42.8500914, 43.8580183], [42.853910899999995, 43.8484557], [42.8494262, 43.849508], [42.848975599999996, 43.8481462], [42.84987689999999, 43.8469237], [42.8497267, 43.846397499999995], [42.8492975, 43.8465213], [42.84820319999999, 43.8451285], [42.8476023, 43.8475427], [42.847258999999994, 43.8480533], [42.8470444, 43.848625899999995], [42.8469586, 43.849275799999994], [42.8465295, 43.849817400000006], [42.84545659999999, 43.8505602], [42.8440833, 43.850343599999995], [42.8452313, 43.841716000000005], [42.8466904, 43.841584499999996], [42.8490078, 43.8414684], [42.8500593, 43.84140649999999], [42.8495657, 43.8409267], [42.8492546, 43.84077969999999], [42.847527299999996, 43.84060169999999], [42.8470659, 43.8401529], [42.8467011, 43.839913], [42.8461432, 43.8397582], [42.8456497, 43.8397118], [42.84503819999999, 43.839688599999995], [42.844297899999994, 43.8397195], [42.84405110000001, 43.8398279], [42.843461, 43.84010649999999], [42.8430748, 43.8401606], [42.8425813, 43.8401916], [42.84155129999999, 43.8405476], [42.840993399999995, 43.84104279999999], [42.84065009999999, 43.8413214], [42.8403067, 43.8407178], [42.8400278, 43.8397118], [42.8397918, 43.839139200000005], [42.839212399999994, 43.8385046], [42.8381181, 43.83766880000001], [42.83762449999999, 43.8367092], [42.8371954, 43.8352388], [42.83710949999999, 43.8329325], [42.83646579999999, 43.8318954], [42.8358435, 43.8312608], [42.8358221, 43.830796400000004], [42.8371739, 43.8291556], [42.8387189, 43.8277159], [42.83931969999999, 43.8270503], [42.8383755, 43.826477499999996], [42.8383326, 43.8261369], [42.8386116, 43.8256261], [42.83931969999999, 43.82502229999999], [42.84013509999999, 43.824496], [42.839662999999994, 43.8238148], [42.8390193, 43.8229943], [42.83813949999999, 43.82239049999999], [42.8373027, 43.822003499999994], [42.836723299999996, 43.82157], [42.8366375, 43.8211365], [42.8352213, 43.8195419], [42.833097, 43.8182414], [42.831369599999995, 43.8180401], [42.8251898, 43.8190542], [42.8235376, 43.8195806], [42.82197119999999, 43.82006049999999], [42.81205769999999, 43.820734], [42.810620099999994, 43.82084239999999], [42.8101694, 43.8207495], [42.80893559999999, 43.8209507], [42.80632849999999, 43.8217016], [42.8010178, 43.82129909999999], [42.8009963, 43.8214771], [42.7996123, 43.821392], [42.799226, 43.8212759], [42.7984214, 43.82079590000001], [42.79809949999999, 43.8203082], [42.79770249999999, 43.819835999999995], [42.797208999999995, 43.81941799999999], [42.7963829, 43.81903869999999], [42.79565329999999, 43.8197199], [42.7956748, 43.8202231], [42.79537439999999, 43.8206488], [42.79500959999999, 43.8212372], [42.79498809999999, 43.82174810000001], [42.7945697, 43.8222048], [42.79422639999999, 43.8224834], [42.7938723, 43.8226769], [42.7937758, 43.82287819999999], [42.79632920000001, 43.8250765], [42.7975416, 43.8252623], [42.79888269999999, 43.8267794], [42.7977776, 43.827166399999996], [42.7966082, 43.8257577], [42.793121299999996, 43.8266323], [42.7984536, 43.827801099999995], [42.7989578, 43.8286757], [42.79242399999999, 43.828435799999994], [42.7881539, 43.8269342], [42.7839267, 43.8309744], [42.7806008, 43.8324836], [42.78273579999999, 43.8363996], [42.7769315, 43.8372973], [42.774421, 43.83533169999999], [42.7778971, 43.8336523], [42.7760088, 43.83320340000001], [42.7742922, 43.8328783], [42.77871249999999, 43.8300998], [42.78180239999999, 43.8300379], [42.7820277, 43.82896209999999], [42.7751076, 43.8295348], [42.7739274, 43.82885370000001], [42.7708375, 43.8287995], [42.770612199999995, 43.8285209], [42.76926039999999, 43.8283351], [42.769013599999994, 43.8281571], [42.7685845, 43.8279404], [42.768251899999996, 43.8279559], [42.767983699999995, 43.82806419999999], [42.767339899999996, 43.8282732], [42.76679279999999, 43.8283429], [42.76621339999999, 43.8286989], [42.7654517, 43.829519299999994], [42.7655268, 43.8280178], [42.76549459999999, 43.8275843], [42.7653229, 43.827298], [42.76497959999999, 43.82688770000001], [42.7649045, 43.8264156], [42.7637458, 43.825966699999995], [42.7615464, 43.826214300000004], [42.760291099999996, 43.82677160000001], [42.7593255, 43.82689549999999], [42.75431509999999, 43.8274528], [42.7541435, 43.8260905], [42.7534461, 43.826106], [42.7534461, 43.82687229999999], [42.75353189999999, 43.8329635], [42.749830499999995, 43.83297890000001], [42.75104279999999, 43.8299915], [42.74935839999999, 43.828637], [42.749315499999994, 43.8260518], [42.7477276, 43.8259434], [42.7432644, 43.8257654], [42.73815749999999, 43.8274605], [42.73620489999999, 43.8277933], [42.73387670000001, 43.8269961], [42.72927399999999, 43.8258041], [42.7243602, 43.826214300000004], [42.7214849, 43.82666329999999], [42.7166355, 43.8267794], [42.7093398, 43.824774600000005], [42.7049518, 43.8237142], [42.705102, 43.8233813], [42.7097368, 43.82451149999999], [42.7166355, 43.8264233], [42.71885629999999, 43.826299500000005], [42.7212167, 43.826222099999995], [42.72603389999999, 43.825657], [42.729252599999995, 43.82537839999999], [42.7326, 43.8262376], [42.7344239, 43.826756200000005], [42.736269199999995, 43.827390799999996], [42.7380288, 43.8271122], [42.7406788, 43.8261602], [42.735754199999995, 43.81946449999999], [42.7334046, 43.8205482], [42.727439399999994, 43.8204553], [42.7266347, 43.82020760000001], [42.7250576, 43.8197122], [42.7239847, 43.8195883], [42.7234268, 43.8201921], [42.7227294, 43.8201612], [42.72181749999999, 43.81894580000001], [42.72079819999999, 43.8193483], [42.719875599999995, 43.8199057], [42.72015449999999, 43.8205714], [42.7196932, 43.8208346], [42.71779419999999, 43.820517200000005], [42.71456479999999, 43.8198825], [42.71075609999999, 43.8199134], [42.7104449, 43.819178], [42.7073121, 43.8192245], [42.7058315, 43.81946449999999], [42.705338, 43.8207804], [42.7028489, 43.8224834], [42.702376799999996, 43.822111899999996], [42.7021193, 43.8215313], [42.7023661, 43.8212604], [42.702526999999996, 43.8206953], [42.7024305, 43.820285], [42.6979995, 43.81944119999999], [42.6977956, 43.81968119999999], [42.6978814, 43.820331499999995], [42.697323499999996, 43.8212526], [42.69377229999999, 43.82081139999999], [42.6925921, 43.8216861], [42.6908755, 43.8213223], [42.6878285, 43.82300209999999], [42.6861441, 43.8244108], [42.6839769, 43.82519260000001], [42.6814878, 43.8252468], [42.6824105, 43.8267329], [42.682721599999994, 43.82710449999999], [42.683590599999995, 43.8274605], [42.684685, 43.827901700000005], [42.6849532, 43.82813389999999], [42.68506049999999, 43.8284048], [42.685049799999994, 43.8286834], [42.6848459, 43.828993], [42.68454549999999, 43.8293645], [42.6838159, 43.830208199999994], [42.683504799999994, 43.8306261], [42.6830435, 43.83110599999999], [42.68245339999999, 43.831547099999995], [42.6819599, 43.831864499999995], [42.6816273, 43.8322282], [42.68179889999999, 43.8326461], [42.68249629999999, 43.8328783], [42.683665700000006, 43.83321889999999], [42.68429869999999, 43.8334356], [42.6855326, 43.83372969999999], [42.68592949999999, 43.833899900000006], [42.6864445, 43.83430239999999], [42.6870453, 43.8348673], [42.6877212, 43.835587], [42.6879787, 43.8358966], [42.68834350000001, 43.836686], [42.68848299999999, 43.83734379999999], [42.6887727, 43.838195], [42.6892769, 43.8386052], [42.6899528, 43.8388219], [42.69054289999999, 43.8389766], [42.6914227, 43.839193300000005], [42.69271019999999, 43.8399749], [42.69325729999999, 43.8403231], [42.693793799999995, 43.8409345], [42.6941264, 43.8415535], [42.6946199, 43.8427839], [42.694727199999996, 43.8432405], [42.694458999999995, 43.8443934], [42.6939869, 43.8443315], [42.693278799999995, 43.8445017], [42.6919055, 43.845167200000006], [42.69096139999999, 43.84584809999999], [42.6900172, 43.8466993], [42.6894164, 43.8475117], [42.686712699999994, 43.8481849], [42.68650889999999, 43.8476432], [42.6854467, 43.847032], [42.6826465, 43.847728399999994], [42.681123, 43.848865800000006], [42.680865499999996, 43.8495002], [42.6794922, 43.8498871], [42.679696099999994, 43.8503668], [42.6793246, 43.8504447], [42.6781833, 43.850684], [42.6777434, 43.8505602], [42.677324999999996, 43.85072269999999], [42.677721999999996, 43.8517053], [42.6768958, 43.85183680000001], [42.676573999999995, 43.851713], [42.67597320000001, 43.8515505], [42.67519, 43.8510786], [42.6749325, 43.8507536], [42.66917109999999, 43.85521769999999], [42.6710808, 43.8566103], [42.6715743, 43.856177100000004], [42.6722932, 43.8554421], [42.672883299999995, 43.8551249], [42.67332309999999, 43.8554034], [42.672239499999996, 43.8572292], [42.67162799999999, 43.857917699999994], [42.6706195, 43.8588074], [42.67017959999999, 43.859085900000004], [42.66966459999999, 43.8596196], [42.67189619999999, 43.86047059999999], [42.6726258, 43.8596119], [42.67331239999999, 43.8589621], [42.67372009999999, 43.8589621], [42.6739991, 43.85898529999999], [42.67434239999999, 43.8610662], [42.6745355, 43.86118999999999], [42.67438529999999, 43.8613602], [42.6741278, 43.861375699999996], [42.6737952, 43.8617779], [42.6736987, 43.8621415], [42.673451899999996, 43.863301799999995], [42.6728725, 43.8642997], [42.67213219999999, 43.86412949999999], [42.6709306, 43.8650191], [42.6700187, 43.865282099999995], [42.6691174, 43.865746200000004], [42.66757249999999, 43.8644699], [42.666338700000004, 43.864261000000006], [42.66549109999999, 43.8649417], [42.665383799999994, 43.865444499999995], [42.66378519999999, 43.8650268], [42.663656499999995, 43.8653594], [42.663141499999995, 43.8655528], [42.6628733, 43.8653749], [42.6628089, 43.865003599999994], [42.6632273, 43.8646787], [42.6629698, 43.864686500000005], [42.66224029999999, 43.864570400000005], [42.66197199999999, 43.86453949999999], [42.6618004, 43.8647638], [42.6613927, 43.8647947], [42.661178099999994, 43.864570400000005], [42.66080259999999, 43.8641063], [42.66007299999999, 43.86381239999999], [42.65992279999999, 43.8640908], [42.660137399999996, 43.8647561], [42.6602232, 43.8651738], [42.6589465, 43.86442350000001], [42.6560926, 43.8658777], [42.6523268, 43.86750979999999], [42.6528096, 43.86953630000001], [42.65184399999999, 43.87000809999999], [42.6503956, 43.8706114], [42.6499021, 43.8710677], [42.649859199999995, 43.87146220000001], [42.6500845, 43.8717638], [42.6505244, 43.8722279], [42.650696, 43.8726068], [42.6503098, 43.87318690000001], [42.651726, 43.8739062], [42.652069299999994, 43.87465639999999], [42.6520908, 43.8755071], [42.6520586, 43.8765589], [42.6521337, 43.8775565], [42.649548, 43.8779664], [42.64870049999999, 43.8782062], [42.6484966, 43.87860830000001], [42.6487863, 43.8793507], [42.6490545, 43.8797606], [42.64999869999999, 43.880587999999996], [42.65066379999999, 43.8812608], [42.6512325, 43.8812995], [42.65128609999999, 43.8820418], [42.6515973, 43.882351199999995], [42.6522303, 43.8825368], [42.6538181, 43.88277649999999], [42.65507339999999, 43.88300850000001], [42.655642, 43.883526599999996], [42.6560819, 43.8842612], [42.6562858, 43.88507309999999], [42.65641449999999, 43.8864959], [42.6564574, 43.887609299999994], [42.656478899999996, 43.8882202], [42.6567256, 43.88898569999999], [42.656757799999994, 43.889581], [42.6566827, 43.8898826], [42.6558781, 43.890910899999994], [42.65522360000001, 43.8923181], [42.6552665, 43.8928439], [42.6562214, 43.89294439999999], [42.65760540000001, 43.893331], [42.658721199999995, 43.8934315], [42.65944, 43.8936789], [42.659794100000006, 43.8939031], [42.6601696, 43.8944211], [42.6603734, 43.894714900000004], [42.660813299999994, 43.8949391], [42.66047, 43.895225200000006], [42.66018029999999, 43.8955421], [42.659955, 43.895920999999994], [42.6591504, 43.89548799999999], [42.65859249999999, 43.894815400000006], [42.65886069999999, 43.8946994], [42.6575088, 43.8942433], [42.65639300000001, 43.893972700000006], [42.6554811, 43.893972700000006], [42.654933899999996, 43.8940345], [42.6541936, 43.894251], [42.65338899999999, 43.894490700000006], [42.65274519999999, 43.8945293], [42.6509535, 43.8941196], [42.6505566, 43.8941196], [42.6502025, 43.894166], [42.6495266, 43.8941814], [42.64814259999999, 43.8936634], [42.6476061, 43.893578399999996], [42.6466834, 43.8941892], [42.6461148, 43.894714900000004], [42.646071899999995, 43.8950473], [42.6465118, 43.8957277], [42.6475525, 43.8965936], [42.6487327, 43.897675899999996], [42.6491511, 43.89791559999999], [42.6491725, 43.8974131], [42.6492476, 43.8969183], [42.6495159, 43.8967714], [42.6500523, 43.89670960000001], [42.6585817, 43.8973512], [42.6592898, 43.897382199999996], [42.6594615, 43.8981243], [42.66119960000001, 43.89840259999999], [42.6628196, 43.8988124], [42.66260499999999, 43.8993149], [42.662776699999995, 43.8993767], [42.663071699999996, 43.899852200000005], [42.663291699999995, 43.90113159999999], [42.66351699999999, 43.90226800000001], [42.6632595, 43.902484400000006], [42.6625836, 43.902577199999996], [42.6629376, 43.9029637], [42.661864699999995, 43.9034507], [42.6612425, 43.9037754], [42.660781099999994, 43.9041464], [42.66051289999999, 43.9046643], [42.66051289999999, 43.905275], [42.6606846, 43.9057697], [42.66094209999999, 43.9062953], [42.661178099999994, 43.9066818], [42.660534399999996, 43.9072693], [42.6598799, 43.907601699999994], [42.6600945, 43.9086297], [42.663238, 43.9079263], [42.6632273, 43.908080899999995], [42.66305559999999, 43.9083051], [42.6627445, 43.908506], [42.662111499999995, 43.908768800000004], [42.661478499999994, 43.9089775], [42.66012669999999, 43.9090858], [42.6584208, 43.9091708], [42.6579702, 43.90918620000001], [42.6570904, 43.909510899999994], [42.6563394, 43.910716699999995], [42.6558995, 43.9120384], [42.6555669, 43.912649], [42.6552129, 43.9129349], [42.6547623, 43.9132827], [42.6545906, 43.9138083], [42.6547408, 43.9142411], [42.655062699999995, 43.914658499999994], [42.65570639999999, 43.915099], [42.656242799999994, 43.9156864], [42.6565432, 43.9157869], [42.6568437, 43.9157869], [42.658206199999995, 43.91547], [42.659085999999995, 43.91528449999999], [42.66003009999999, 43.91515309999998], [42.66121029999999, 43.9148749], [42.6628196, 43.9142798], [42.6652121, 43.9135146], [42.666252799999995, 43.9130045], [42.6674223, 43.91303539999999], [42.6679158, 43.9120847], [42.67264719999999, 43.91147410000001], [42.673527, 43.911706], [42.67490029999999, 43.912022900000004], [42.6766813, 43.9118142], [42.6769924, 43.9114432], [42.6775396, 43.91104899999999], [42.6777971, 43.910082900000006], [42.678151099999994, 43.9095263], [42.678837800000004, 43.908938899999995], [42.6793742, 43.91005189999999], [42.67933130000001, 43.9104771], [42.67919179999999, 43.910948499999996], [42.6820671, 43.91110309999999], [42.6820028, 43.914194699999996], [42.68110699999999, 43.91434749999999], [42.6801896, 43.91450390000001], [42.6787305, 43.9147512], [42.678151099999994, 43.914813], [42.6805758, 43.91832949999999], [42.68706679999999, 43.9184029], [42.6882255, 43.9186464], [42.688590299999994, 43.91874680000001], [42.68971679999999, 43.919311], [42.693396799999995, 43.92167580000001], [42.694330199999996, 43.9222245], [42.6967764, 43.9223326], [42.6981604, 43.92435729999999], [42.6993191, 43.9258178], [42.6981604, 43.92652869999999], [42.6979136, 43.9265364], [42.6970875, 43.9269923], [42.696368699999994, 43.927255], [42.69641159999999, 43.92788869999999], [42.696518899999994, 43.92914809999999], [42.69676569999999, 43.931551199999994], [42.6985037, 43.93179069999999], [42.6990831, 43.9319529], [42.7003705, 43.932354700000005], [42.7006066, 43.9330037], [42.700789, 43.9337532], [42.7009284, 43.9346185], [42.7017116, 43.9349508], [42.7021944, 43.935190299999995], [42.70266649999999, 43.935422], [42.70306349999999, 43.9357929], [42.703203, 43.9361174], [42.703203, 43.9363414], [42.702945500000006, 43.9366737], [42.7023554, 43.9370677], [42.70188329999999, 43.93728399999999], [42.70136829999999, 43.9375235], [42.7009284, 43.937948399999996], [42.700628, 43.9385588], [42.7005422, 43.93898370000001], [42.7002203, 43.9390377], [42.6992977, 43.93909949999999], [42.69888999999999, 43.93916910000001], [42.6973879, 43.93953990000001], [42.6965082, 43.9397871], [42.6955318, 43.9399185], [42.69415849999999, 43.9398876], [42.6936516, 43.9398914], [42.6922515, 43.9401116], [42.6891589, 43.94077600000001], [42.6864445, 43.9413631], [42.68529649999999, 43.94177249999999], [42.68541449999999, 43.9421665], [42.685704199999996, 43.9428309], [42.6860154, 43.94373469999999], [42.68607969999999, 43.9440901], [42.68651959999999, 43.94463850000001], [42.68675559999999, 43.94487029999999], [42.6870561, 43.9449862], [42.6872384, 43.9452874], [42.68758179999999, 43.945588699999995], [42.687946499999995, 43.9457586], [42.68809679999999, 43.9460213], [42.68835419999999, 43.946345699999995], [42.6886547, 43.946647], [42.688912099999996, 43.9469096], [42.68896579999999, 43.9471259], [42.69056439999999, 43.94972129999999], [42.693149999999996, 43.95068679999999], [42.69415849999999, 43.950370099999994], [42.6949739, 43.95040100000001], [42.6953924, 43.9508336], [42.696164800000005, 43.951250699999996], [42.69676569999999, 43.951474700000006], [42.6972592, 43.95162139999999], [42.69770979999999, 43.9518145], [42.6984823, 43.951884], [42.69900799999999, 43.9518068], [42.6998877, 43.9518068], [42.701325399999995, 43.95183769999999], [42.701894, 43.95186859999999], [42.7023125, 43.951760500000006], [42.7031279, 43.95136649999999], [42.70334239999999, 43.95149779999999], [42.70369649999999, 43.9514438], [42.7039111, 43.9515519], [42.704232899999994, 43.9514515], [42.7044046, 43.9515442], [42.7048015, 43.95164460000001], [42.70514489999999, 43.951745], [42.705574, 43.95196130000001], [42.706217800000005, 43.951884], [42.70657179999999, 43.95208490000001], [42.7069151, 43.9522084], [42.7075481, 43.952332], [42.7078915, 43.9523629], [42.7083528, 43.952332], [42.7088678, 43.9523475], [42.7092433, 43.9524633], [42.709704599999995, 43.952417], [42.710337599999995, 43.95258689999999], [42.71077749999999, 43.9530194], [42.711270999999996, 43.95379950000001], [42.71189329999999, 43.95505850000001], [42.71207569999999, 43.9555373], [42.71270869999999, 43.95613199999999], [42.71296619999999, 43.9561243], [42.7174401, 43.955213], [42.7189207, 43.9549504], [42.724682099999995, 43.95550639999999], [42.7257979, 43.955413799999995], [42.7272785, 43.9551512], [42.7316773, 43.95732919999999], [42.7400136, 43.9599627], [42.74034619999999, 43.95973879999999], [42.741869699999995, 43.9561938], [42.741472699999996, 43.9533361], [42.74124739999999, 43.9517064], [42.7438652, 43.95101890000001], [42.744626999999994, 43.9495977], [42.746043199999995, 43.95021559999999], [42.7467298, 43.9503856], [42.7473199, 43.9504783], [42.7475989, 43.9506636], [42.748028, 43.9507563], [42.7490365, 43.9509649], [42.7499592, 43.9511348], [42.75050639999999, 43.9511116], [42.7452707, 43.9487326], [42.74424079999999, 43.9484391], [42.74104359999999, 43.94800649999999], [42.7387047, 43.9476975], [42.73558409999999, 43.947170500000006], [42.735604, 43.9469019], [42.7409041, 43.947496699999995], [42.741354699999995, 43.94650020000001], [42.7414834, 43.9454496], [42.742931799999994, 43.9455192], [42.7432966, 43.9455655], [42.744498199999995, 43.9459286], [42.7480817, 43.947728399999995], [42.749809, 43.9459749], [42.750763899999995, 43.94651569999999], [42.752094299999996, 43.9470641], [42.75258779999999, 43.9474349], [42.7535105, 43.9478288], [42.75495889999999, 43.9483464], [42.75559189999999, 43.948724899999995], [42.75577419999999, 43.94848540000001], [42.7564287, 43.94867849999999], [42.756632599999996, 43.94884849999999], [42.7571046, 43.9496518], [42.7580273, 43.9503624], [42.75848859999999, 43.9506714], [42.7592933, 43.951281599999994], [42.7595401, 43.9513125], [42.7608383, 43.951412899999994], [42.7611172, 43.951721799999994], [42.76137469999999, 43.9523784], [42.76172879999999, 43.9526101], [42.76209349999999, 43.9529731], [42.762984, 43.9532512], [42.7646577, 43.953475100000006], [42.7653229, 43.9534056], [42.767189699999996, 43.95406989999999], [42.7679193, 43.953745500000004], [42.7696144, 43.9534365], [42.770343999999994, 43.9528881], [42.77084829999999, 43.9527723], [42.770590799999994, 43.95189179999999], [42.771212999999996, 43.951412899999994], [42.7735305, 43.9512738], [42.773788, 43.9510576], [42.77361629999999, 43.950764099999994], [42.772822399999995, 43.9506559], [42.7714276, 43.9507332], [42.770697999999996, 43.95102669999999], [42.77035469999999, 43.9502543], [42.7710199, 43.94979080000001]], [[42.7572763, 43.9307862], [42.75780199999999, 43.9308017], [42.7599907, 43.9326792], [42.7592933, 43.933397799999995], [42.758606699999994, 43.9347499], [42.7578986, 43.93577739999999], [42.756632599999996, 43.93704449999999], [42.75650379999999, 43.9376394], [42.7561605, 43.9379716], [42.75546309999999, 43.9382265], [42.7550018, 43.9388601], [42.7546477, 43.9394704], [42.7540898, 43.939864400000005], [42.7538431, 43.9399648], [42.7532315, 43.9399107], [42.7527058, 43.9401888], [42.7522981, 43.940567400000006], [42.75133249999999, 43.940467], [42.7501953, 43.9403434], [42.750130899999995, 43.9393545], [42.7500451, 43.9374231], [42.7504313, 43.937222199999994], [42.75071020000001, 43.9368205], [42.7510321, 43.9364033], [42.7516544, 43.9360092], [42.7525663, 43.935028], [42.7523947, 43.9343558], [42.7523839, 43.9328106], [42.7521479, 43.9326406], [42.7519226, 43.932741], [42.7512252, 43.934185899999996], [42.7500665, 43.9349585], [42.7501631, 43.931736599999994], [42.75093549999999, 43.9313039], [42.75211569999999, 43.9325015], [42.7525127, 43.9322079], [42.7531564, 43.93245520000001], [42.75380009999999, 43.93232379999999], [42.754358, 43.933629599999996], [42.7572763, 43.9307862]], [[42.7573728, 43.9159955], [42.757962899999995, 43.91601099999999], [42.7585745, 43.9159723], [42.75913239999999, 43.916227400000004], [42.7595401, 43.91681479999999], [42.76114940000001, 43.917178], [42.76085969999999, 43.9178272], [42.760140899999996, 43.91779629999999], [42.75823119999999, 43.9177653], [42.7569437, 43.91870819999999], [42.7564287, 43.9197206], [42.7560532, 43.924851800000006], [42.75341389999999, 43.92552409999999], [42.7514827, 43.92535409999999], [42.7543473, 43.9182832], [42.7568257, 43.9158641], [42.7573728, 43.9159955]], [[42.7689493, 43.9285686], [42.7689814, 43.92812820000001], [42.7697217, 43.9277341], [42.7702582, 43.927765], [42.770730199999996, 43.9279118], [42.77126669999999, 43.9289163], [42.771609999999995, 43.92970449999999], [42.7714705, 43.9298976], [42.7703762, 43.93016039999999], [42.7689493, 43.9285686]], [[42.6596868, 43.86867769999999], [42.6632595, 43.86925010000001], [42.66423580000001, 43.870270999999995], [42.662776699999995, 43.87249860000001], [42.660137399999996, 43.87244439999999], [42.65809889999999, 43.87060360000001], [42.6579058, 43.87034070000001], [42.6577771, 43.86890199999999], [42.6596868, 43.86867769999999]], [[42.6681518, 43.879567200000004], [42.6671433, 43.879575], [42.6681733, 43.8781365], [42.667947999999996, 43.87802049999999], [42.668194799999995, 43.87779629999999], [42.66551259999999, 43.8764042], [42.6652121, 43.8760639], [42.66457909999999, 43.87467959999999], [42.6628089, 43.874037599999994], [42.6636028, 43.873619999999995], [42.6656842, 43.87435469999999], [42.6683986, 43.87401440000001], [42.6692355, 43.875275099999996], [42.6691121, 43.8762147], [42.6709896, 43.87732069999999], [42.671456299999996, 43.877057699999995], [42.6718104, 43.876906899999994], [42.6719499, 43.8771389], [42.672818899999996, 43.8794744], [42.6681518, 43.879567200000004]], [[42.728641, 43.86242], [42.7254224, 43.862806799999994], [42.7255297, 43.8620409], [42.72340539999999, 43.8624896], [42.7181268, 43.8626675], [42.7185666, 43.86221110000001], [42.722107199999996, 43.8620487], [42.723062, 43.8618243], [42.725615499999996, 43.861576799999995], [42.72827089999999, 43.861356300000004], [42.728641, 43.86242]], [[42.7052951, 43.838938], [42.7048337, 43.8398279], [42.7041793, 43.840431499999994], [42.7027631, 43.842002400000005], [42.7008855, 43.84361959999999], [42.7002525, 43.84449399999999], [42.6999736, 43.845267799999995], [42.699930699999996, 43.8467844], [42.701261, 43.8492217], [42.7018404, 43.85110950000001], [42.7028167, 43.8527575], [42.7036214, 43.854629800000005], [42.7031493, 43.8546994], [42.7026987, 43.8539876], [42.70110009999999, 43.8505679], [42.700789, 43.8491675], [42.700413499999996, 43.8486646], [42.6994264, 43.8469237], [42.6992547, 43.8463743], [42.69939419999999, 43.845159499999994], [42.69990919999999, 43.8441303], [42.70030619999999, 43.8435732], [42.701818900000006, 43.8422345], [42.7029669, 43.8411047], [42.7041364, 43.839874300000005], [42.7048981, 43.83883740000001], [42.7052951, 43.838938]], [[42.6958001, 43.8462195], [42.6964438, 43.84766650000001], [42.69746299999999, 43.8497478], [42.69849299999999, 43.8528426], [42.6994693, 43.8544673], [42.702655799999995, 43.8586913], [42.70203349999999, 43.8588925], [42.6997054, 43.8557361], [42.69865389999999, 43.8544828], [42.6980102, 43.8533687], [42.6971841, 43.851318400000004], [42.696239899999995, 43.848532999999996], [42.69507049999999, 43.8463743], [42.6958001, 43.8462195]], [[42.7034283, 43.8592715], [42.7036536, 43.8597357], [42.7045333, 43.859813], [42.705456, 43.86170829999999], [42.7043831, 43.86186299999999], [42.7037501, 43.8606485], [42.70282739999999, 43.8596119], [42.7034283, 43.8592715]], [[42.7368271, 43.8529045], [42.7380824, 43.852301], [42.73928399999999, 43.8515273], [42.7400243, 43.851302999999994], [42.740947, 43.85099350000001], [42.7414405, 43.8500728], [42.7419984, 43.849554399999995], [42.7423525, 43.84895860000001], [42.7432859, 43.848564], [42.744111999999994, 43.847813499999994], [42.745045399999995, 43.8482081], [42.746193399999996, 43.84777480000001], [42.74645089999999, 43.8472564], [42.74739499999999, 43.847387899999994], [42.7496803, 43.8480069], [42.7498412, 43.8474189], [42.749830499999995, 43.8459565], [42.7514934, 43.8450666], [42.7525556, 43.845058900000005], [42.7534997, 43.84503569999999], [42.7516329, 43.8424976], [42.7539396, 43.842505300000006], [42.758477899999995, 43.842087500000005], [42.7593255, 43.841963699999994], [42.7594221, 43.8423119], [42.75979759999999, 43.8427375], [42.7603662, 43.843016099999986], [42.7621794, 43.8426292], [42.7624583, 43.8413059], [42.7627051, 43.8402458], [42.76373499999999, 43.8398821], [42.76516199999999, 43.8395029], [42.7686059, 43.8389457], [42.7695608, 43.83836530000001], [42.7701187, 43.83828789999999], [42.770558599999994, 43.83828789999999], [42.7714813, 43.8385742], [42.7715564, 43.83829560000001], [42.7721357, 43.83786229999999], [42.772575599999996, 43.8378313], [42.773391, 43.8381099], [42.774029399999996, 43.8386284], [42.774120599999996, 43.8391353], [42.7743137, 43.83933650000001], [42.7747214, 43.83936739999999], [42.775665499999995, 43.8394177], [42.7769905, 43.8394139], [42.77737139999999, 43.8394642], [42.7763843, 43.8412904], [42.7739167, 43.841530299999995], [42.77295109999999, 43.842211299999995], [42.7697325, 43.8425905], [42.76915309999999, 43.8414684], [42.7685952, 43.84101189999999], [42.76744719999999, 43.8410506], [42.76502249999999, 43.841584499999996], [42.7641535, 43.8431244], [42.762747999999995, 43.843967799999994], [42.76264069999999, 43.84646709999999], [42.7621686, 43.84716349999999], [42.761449799999994, 43.8475813], [42.7604949, 43.848138399999996], [42.76081679999999, 43.8505447], [42.75991559999999, 43.85181359999999], [42.75720119999999, 43.8510708], [42.7564609, 43.8524248], [42.7551949, 43.8548154], [42.7549696, 43.857267900000004], [42.75535579999999, 43.85784809999999], [42.75404689999999, 43.858761], [42.7532744, 43.858111099999995], [42.75248049999999, 43.8582504], [42.7526522, 43.8577243], [42.7529526, 43.857391699999994], [42.7534246, 43.8564633], [42.7527165, 43.8555736], [42.7515256, 43.85519450000001], [42.750206, 43.8542661], [42.751514900000004, 43.8535853], [42.7479744, 43.850359], [42.7461398, 43.8512178], [42.745378, 43.85095479999999], [42.74227739999999, 43.8514809], [42.73749229999999, 43.85411920000001], [42.7368271, 43.8529045]], [[42.7980244, 43.8376533], [42.7996981, 43.83817959999999], [42.8001058, 43.8390308], [42.799741, 43.83949509999999], [42.7983248, 43.8402922], [42.79498809999999, 43.8413059], [42.7942908, 43.8416309], [42.79331439999999, 43.8425672], [42.79253119999999, 43.84341070000001], [42.7906108, 43.8448345], [42.789494999999995, 43.845763], [42.7879929, 43.847132599999995], [42.7840984, 43.8503513], [42.7823067, 43.8510399], [42.7807081, 43.8515583], [42.77961369999999, 43.8518213], [42.7784979, 43.851976099999995], [42.7775752, 43.852478999999995], [42.7764809, 43.8530128], [42.7743137, 43.8539103], [42.768251899999996, 43.85395669999999], [42.7731657, 43.8525331], [42.7756548, 43.851318400000004], [42.7788734, 43.849918], [42.779957, 43.8495698], [42.78052569999999, 43.84945379999999], [42.78170579999999, 43.84901279999999], [42.782017, 43.8486182], [42.78182389999999, 43.847945], [42.7826929, 43.84749620000001], [42.7833366, 43.8472177], [42.7835834, 43.8467921], [42.78324009999999, 43.8461344], [42.7832937, 43.8458868], [42.7842164, 43.8454303], [42.78509619999999, 43.8448422], [42.7843559, 43.843797599999995], [42.786769899999996, 43.8429309], [42.787767599999995, 43.84378209999999], [42.788432799999995, 43.8417083], [42.789130199999995, 43.8419172], [42.79025669999999, 43.8414452], [42.79025669999999, 43.8405398], [42.79238099999999, 43.8405476], [42.79369, 43.84063269999999], [42.793003299999995, 43.8389612], [42.793818699999996, 43.8390927], [42.7944195, 43.8393791], [42.7951813, 43.8400213], [42.7962327, 43.8397118], [42.79500959999999, 43.838071199999995], [42.7954173, 43.83786229999999], [42.7960825, 43.837614599999995], [42.796855, 43.837514], [42.7972412, 43.8371735], [42.7975416, 43.8371194], [42.7980244, 43.8376533]], [[42.84333229999999, 43.84311670000001], [42.84340739999999, 43.8441458], [42.8438365, 43.8447029], [42.84333229999999, 43.845267799999995], [42.842688499999994, 43.84522139999999], [42.8423452, 43.84573209999999], [42.84208769999999, 43.8470397], [42.8402746, 43.8472177], [42.839845399999994, 43.8485098], [42.83931969999999, 43.8501424], [42.84101489999999, 43.8516743], [42.841744399999996, 43.8531908], [42.842023399999995, 43.85428159999999], [42.8413367, 43.8543126], [42.84025309999999, 43.8561152], [42.84010289999999, 43.8569894], [42.8405428, 43.8575386], [42.84001709999999, 43.8578017], [42.8400707, 43.8581962], [42.83948060000001, 43.8588306], [42.83943769999999, 43.8576315], [42.8385794, 43.8563318], [42.83797859999999, 43.855798], [42.8378177, 43.85419649999999], [42.837238299999996, 43.8542043], [42.8371739, 43.853183], [42.8371525, 43.8525641], [42.83762449999999, 43.8518445], [42.837088099999995, 43.8509084], [42.8377962, 43.850730399999996], [42.8377962, 43.8502585], [42.83707739999999, 43.850243], [42.837013000000006, 43.85011920000001], [42.83710959999999, 43.849832899999996], [42.83729189999999, 43.849554399999995], [42.83721679999999, 43.8491985], [42.8368199, 43.8492371], [42.8363585, 43.8493145], [42.8365838, 43.84792949999999], [42.8378284, 43.8464903], [42.8371739, 43.84622730000001], [42.83722759999999, 43.8452833], [42.8366053, 43.8445946], [42.835553899999994, 43.84440119999999], [42.835392899999995, 43.843627399999995], [42.8375173, 43.84225], [42.8396308, 43.8420797], [42.8398025, 43.8425518], [42.8401458, 43.842605899999995], [42.840811, 43.8425208], [42.84212209999999, 43.8419258], [42.84333229999999, 43.84311670000001]]]]}}, {"type": "Feature", "properties": {"id": "mo-07710000", "name": "ГО город-курорт Ессентуки", "region": "Ставропольский край", "isCity": false, "sourceOktmo": "07-710-000-000", "sourceAgg": "Пятигорск", "excelNames": ["ГО Ессентуки"], "oktmo": "07710000", "vgp": [{"year": 2019, "value": 48248139.6357999}, {"year": 2020, "value": 41772535.05873674}, {"year": 2021, "value": 45305713.16902939}, {"year": 2022, "value": 73490014.58151455}, {"year": 2023, "value": 75279322.53400555}, {"year": 2024, "value": 103767923.18963076}], "population": [{"year": 2019, "value": 110479.0}, {"year": 2020, "value": 113056.0}, {"year": 2021, "value": 114824.0}, {"year": 2022, "value": 117168.0}, {"year": 2023, "value": 121534.0}, {"year": 2024, "value": 123138.0}, {"year": 2025, "value": 124038.0}], "shipments": [{"year": 2019, "value": 12902706.2}, {"year": 2020, "value": 9571651.3}, {"year": 2021, "value": 15800097.0}, {"year": 2022, "value": 18347184.9}, {"year": 2023, "value": 25205363.7}, {"year": 2024, "value": 24455280.1}], "employees": [{"year": 2019, "value": 16571.0}, {"year": 2020, "value": 16301.0}, {"year": 2021, "value": 16743.0}, {"year": 2022, "value": 16632.0}, {"year": 2023, "value": 15565.0}, {"year": 2024, "value": 15118.0}], "investments": [{"year": 2019, "value": 1458039.0}, {"year": 2020, "value": 1852250.0}, {"year": 2021, "value": 2650581.0}, {"year": 2022, "value": 2637239.0}, {"year": 2023, "value": 5066589.0}, {"year": 2024, "value": 4506437.0}], "vgp2024": 103767923.18963076, "pop2024": 123138.0, "ship2024": 24455280.1, "emp2024": 15118.0, "inv2024": 4506437.0}, "geometry": {"type": "MultiPolygon", "coordinates": [[[[42.8991647, 44.040197299999996], [42.89603519999999, 44.0400048], [42.8954461, 44.039946799999996], [42.8949349, 44.0398978], [42.894594999999995, 44.03984439999999], [42.894092, 44.0396819], [42.89291709999999, 44.039114999999995], [42.89200519999999, 44.0388761], [42.890439099999995, 44.0388115], [42.89022669999999, 44.038767799999995], [42.8900014, 44.0386], [42.88920079999999, 44.03811889999999], [42.8886334, 44.03793100000001], [42.8878905, 44.03781529999999], [42.8873632, 44.03782739999999], [42.885905300000005, 44.0379899], [42.8851144, 44.037971399999996], [42.8845868, 44.0379724], [42.8832901, 44.03782639999999], [42.8824764, 44.03764180000001], [42.88185240000001, 44.0374921], [42.881599, 44.03739610000001], [42.8812553, 44.03724840000001], [42.8809314, 44.0370584], [42.8807991, 44.0369536], [42.8806944, 44.03679689999999], [42.8805937, 44.0365751], [42.8804542, 44.03632249999999], [42.8802181, 44.0360911], [42.87977099999999, 44.0358678], [42.87917629999999, 44.0358445], [42.8787812, 44.035923200000006], [42.878494, 44.0360385], [42.878235399999994, 44.0361775], [42.87785529999999, 44.036341], [42.877469299999994, 44.0363931], [42.87701789999999, 44.03639849999999], [42.876675399999996, 44.0363775], [42.87632459999999, 44.0361906], [42.8762141, 44.035997599999995], [42.8760232, 44.03573779999999], [42.87550279999999, 44.035503399999996], [42.87501459999999, 44.0352535], [42.87452029999999, 44.03516539999998], [42.8736209, 44.035392300000005], [42.872699, 44.0354378], [42.8723195, 44.035413], [42.8715283, 44.0351663], [42.8701137, 44.034467099999986], [42.8694303, 44.0334879], [42.8688804, 44.032541499999994], [42.8686338, 44.0318519], [42.868552099999995, 44.0316236], [42.8683177, 44.0312954], [42.86800499999999, 44.0310597], [42.8676375, 44.0307824], [42.8670083, 44.0306929], [42.8664766, 44.0307026], [42.8658039, 44.030777799999996], [42.86512269999999, 44.0308487], [42.864372700000004, 44.030962900000006], [42.863767100000004, 44.0310362], [42.8627285, 44.0306064], [42.862111999999996, 44.0303891], [42.861628499999995, 44.029972], [42.86080659999999, 44.029241999999996], [42.860117599999995, 44.0290161], [42.8584375, 44.0286945], [42.8579903, 44.028538100000006], [42.85768809999999, 44.0281818], [42.8574821, 44.0277829], [42.8570279, 44.02749740000001], [42.85664409999999, 44.0273279], [42.85633429999999, 44.0271389], [42.855693699999996, 44.0268868], [42.8550772, 44.02659130000001], [42.854940299999996, 44.0264045], [42.8548217, 44.02619190000001], [42.854595, 44.0258306], [42.8541916, 44.02539709999999], [42.853771599999995, 44.0252295], [42.853419099999996, 44.0250952], [42.8528798, 44.0250153], [42.8525073, 44.02485299999999], [42.852333699999996, 44.0246597], [42.8521802, 44.0244098], [42.851923199999995, 44.0241249], [42.8516531, 44.023881200000005], [42.8512915, 44.023643], [42.85091849999999, 44.02350419999999], [42.8504255, 44.0233967], [42.8499545, 44.0232842], [42.84921549999999, 44.0231275], [42.8482355, 44.023007699999994], [42.8477205, 44.022853399999995], [42.8474369, 44.0226211], [42.84693, 44.0224211], [42.846196600000006, 44.022165], [42.8454339, 44.02198129999999], [42.84441669999999, 44.0218032], [42.843826299999996, 44.0216878], [42.84335089999999, 44.021483800000006], [42.8430195, 44.021122399999996], [42.8426145, 44.0205961], [42.8423363, 44.0204868], [42.8419757, 44.020503], [42.8414514, 44.0205972], [42.841133, 44.0206006], [42.8406863, 44.020560199999984], [42.8405924, 44.0205074], [42.8403753, 44.0203615], [42.839881, 44.0200905], [42.839298199999995, 44.019783399999994], [42.83863499999999, 44.01947770000001], [42.838023799999995, 44.0191815], [42.83740889999999, 44.01893840000001], [42.8365609, 44.0188908], [42.83584269999999, 44.0190636], [42.83516790000001, 44.019279899999994], [42.834748, 44.019264199999995], [42.8344027, 44.01912550000001], [42.8341353, 44.0189033], [42.833704499999996, 44.01866199999999], [42.83316539999999, 44.0183213], [42.832701, 44.0180725], [42.8320219, 44.0177747], [42.83127139999999, 44.0176323], [42.830652699999995, 44.0176595], [42.829930999999995, 44.0178245], [42.8294193, 44.0177479], [42.829141699999994, 44.0176608], [42.8288131, 44.017499799999996], [42.828483799999994, 44.01735099999999], [42.8280151, 44.0170496], [42.8275905, 44.0168902], [42.82713389999999, 44.0166825], [42.82660849999999, 44.0164682], [42.8260345, 44.016343600000006], [42.825504699999996, 44.0162249], [42.8248933, 44.0162112], [42.82427909999999, 44.016163299999995], [42.82481839999999, 44.01536219999999], [42.825026, 44.01492669999999], [42.8250347, 44.0141926], [42.8247257, 44.01404389999999], [42.82654, 44.0132593], [42.82840869999999, 44.01283000000001], [42.8285243, 44.01271959999999], [42.82972289999999, 44.0125301], [42.82974099999999, 44.011542], [42.8294666, 44.0101987], [42.82901429999999, 44.0097314], [42.828261, 44.0097371], [42.827102399999994, 44.0099927], [42.82710879999999, 44.0098809], [42.827111, 44.0098434], [42.8264219, 44.0094783], [42.825744099999994, 44.0086736], [42.82466269999999, 44.00576769999999], [42.82448099999999, 44.0055312], [42.823958899999994, 44.003948699999995], [42.8222489, 44.0043627], [42.8232439, 44.0077838], [42.8241522, 44.0079331], [42.8238408, 44.0088914], [42.8243339, 44.0089598], [42.8244054, 44.00887350000001], [42.82464759999999, 44.008942], [42.8244659, 44.0094273], [42.82449189999999, 44.0096077], [42.82434479999999, 44.0101864], [42.8240393, 44.01059299999999], [42.8214207, 44.01088949999999], [42.82104, 44.0110264], [42.81944819999999, 44.0111882], [42.819335699999996, 44.01139189999999], [42.818271599999996, 44.0111446], [42.816351, 44.011206800000004], [42.8143602, 44.01110190000001], [42.8143136, 44.0121209], [42.8117054, 44.0122395], [42.81014799999999, 44.0114993], [42.8084179, 44.011094699999994], [42.80777719999999, 44.010668499999994], [42.80702109999999, 44.00977149999999], [42.80670469999999, 44.0097695], [42.806272199999995, 44.0099064], [42.8061943, 44.0101304], [42.8057185, 44.0103731], [42.8052513, 44.0104726], [42.8048274, 44.0103233], [42.8046765, 44.010899099999996], [42.80399229999999, 44.0107675], [42.8034508, 44.010590799999996], [42.802540199999996, 44.0102863], [42.8016555, 44.009956499999994], [42.800744, 44.0096088], [42.800097699999995, 44.0093665], [42.79954149999999, 44.0091801], [42.7990902, 44.00894019999999], [42.79879639999999, 44.0086132], [42.7983004, 44.00788419999999], [42.79799919999999, 44.0074702], [42.7978515, 44.0072699], [42.7975694, 44.006980600000006], [42.797232799999996, 44.006691399999994], [42.79701409999999, 44.0063684], [42.796898999999996, 44.005999], [42.795443399999996, 44.005886999999994], [42.7967267, 44.01088240000001], [42.7975998, 44.0124426], [42.7990368, 44.014796], [42.80016079999999, 44.01545070000001], [42.8031729, 44.01785079999999], [42.804883499999995, 44.0190294], [42.806877799999995, 44.0201115], [42.810415, 44.02174769999999], [42.8140742, 44.0233409], [42.81742289999999, 44.02531669999999], [42.8203372, 44.0295386], [42.8210236, 44.032111400000005], [42.8209826, 44.0340039], [42.81908249999999, 44.0381723], [42.81803409999999, 44.040637600000004], [42.815991, 44.044206], [42.8149552, 44.0449878], [42.813401299999995, 44.0452868], [42.812801799999995, 44.0456737], [42.811823, 44.04680820000001], [42.810807499999996, 44.0472127], [42.8093026, 44.0474149], [42.805705599999996, 44.0474589], [42.80557219999999, 44.0478266], [42.8071248, 44.0482943], [42.8084462, 44.0490066], [42.8107097, 44.0490858], [42.8114805, 44.0498244], [42.8116205, 44.0505026], [42.8107831, 44.053350599999995], [42.810416, 44.053412099999996], [42.8103304, 44.05378139999999], [42.8100827, 44.0537737], [42.8099756, 44.0545992], [42.810465, 44.054687099999995], [42.81007339999999, 44.057659], [42.8101213, 44.06431189999999], [42.810697399999995, 44.06437609999999], [42.81156609999999, 44.0649915], [42.8124103, 44.06528159999999], [42.8132787, 44.0654004], [42.814245, 44.06534009999999], [42.8157315, 44.064484], [42.81941659999999, 44.0701527], [42.819739, 44.070178199999994], [42.8209013, 44.0708287], [42.82277239999999, 44.0713051], [42.836479399999995, 44.0708379], [42.8404416, 44.0707275], [42.8551691, 44.0703171], [42.8656544, 44.070396], [42.8663742, 44.0703952], [42.86991559999999, 44.070403], [42.9122123, 44.07047279999999], [42.9129724, 44.0704767], [42.93125539999999, 44.07026439999999], [42.93485439999999, 44.06956459999999], [42.93643049999999, 44.0690063], [42.93888509999999, 44.068313999999994], [42.9409277, 44.067401399999994], [42.9430814, 44.06619299999999], [42.9453439, 44.06427570000001], [42.94636020000001, 44.0634144], [42.94640079999999, 44.0610174], [42.9470076, 44.057589], [42.9471636, 44.057401899999995], [42.94718949999999, 44.0570724], [42.947570199999994, 44.05659980000001], [42.95054619999999, 44.056618500000006], [42.9523378, 44.05686930000001], [42.9524199, 44.05640579999999], [42.955467799999994, 44.05634630000001], [42.9532203, 44.0549231], [42.9561231, 44.053066699999995], [42.957538, 44.0521618], [42.95839839999999, 44.0420805], [42.9560187, 44.0421143], [42.95506459999999, 44.04292019999999], [42.9543702, 44.0438276], [42.9532661, 44.0439854], [42.9525736, 44.043939200000004], [42.9509, 44.0422644], [42.949223499999995, 44.03943160000001], [42.94778569999999, 44.0373189], [42.9478159, 44.03422779999999], [42.946785299999995, 44.0342108], [42.9329788, 44.03437689999999], [42.932365, 44.036476], [42.92083699999999, 44.03659249999999], [42.921846699999996, 44.0359543], [42.9233146, 44.0341678], [42.92369579999999, 44.0333192], [42.921762699999995, 44.0335672], [42.9184622, 44.033635999999994], [42.91835309999999, 44.030513], [42.9156557, 44.0306102], [42.915378, 44.0275727], [42.9110372, 44.02858199999999], [42.9088647, 44.03016469999999], [42.90054450000001, 44.03622560000001], [42.8989791, 44.036455200000006], [42.8993033, 44.03724239999999], [42.899327799999995, 44.0385309], [42.8991647, 44.040197299999996]]]]}}, {"type": "Feature", "properties": {"id": "mo-07712000", "name": "ГО город-курорт Железноводск", "region": "Ставропольский край", "isCity": false, "sourceOktmo": "07-712-000-000", "sourceAgg": "Пятигорск", "excelNames": ["ГО Железноводск"], "oktmo": "07712000", "vgp": [{"year": 2019, "value": 26286569.66396123}, {"year": 2020, "value": 22762866.334930062}, {"year": 2021, "value": 23579592.16792503}, {"year": 2022, "value": 40224992.7690748}, {"year": 2023, "value": 41075028.62754959}, {"year": 2024, "value": 55979682.80540421}], "population": [{"year": 2019, "value": 52703.0}, {"year": 2020, "value": 53926.0}, {"year": 2021, "value": 54134.0}, {"year": 2022, "value": 54217.0}, {"year": 2023, "value": 50136.0}, {"year": 2024, "value": 50082.0}, {"year": 2025, "value": 49818.0}], "shipments": [{"year": 2019, "value": 5087430.2}, {"year": 2020, "value": 3700603.7}, {"year": 2021, "value": 5487764.1}, {"year": 2022, "value": 6207414.2}, {"year": 2023, "value": 8025475.9}, {"year": 2024, "value": 9050621.5}], "employees": [{"year": 2019, "value": 9677.0}, {"year": 2020, "value": 8965.0}, {"year": 2021, "value": 9003.0}, {"year": 2022, "value": 9201.0}, {"year": 2023, "value": 8986.0}, {"year": 2024, "value": 8781.0}], "investments": [{"year": 2019, "value": 1355726.0}, {"year": 2020, "value": 748687.0}, {"year": 2021, "value": 1383943.0}, {"year": 2022, "value": 1139163.0}, {"year": 2023, "value": 948489.0}, {"year": 2024, "value": 2686015.0}], "vgp2024": 55979682.80540421, "pop2024": 50082.0, "ship2024": 9050621.5, "emp2024": 8781.0, "inv2024": 2686015.0}, "geometry": {"type": "MultiPolygon", "coordinates": [[[[43.1842836, 44.0906005], [43.1784507, 44.0881599], [43.174413099999995, 44.086379699999995], [43.166464899999994, 44.08309559999999], [43.159491499999994, 44.08012999999999], [43.15367309999999, 44.0775242], [43.1465699, 44.07500189999999], [43.14567999999999, 44.07464550000001], [43.145763599999995, 44.074537500000005], [43.141179699999995, 44.0726238], [43.1343143, 44.0699493], [43.121774599999995, 44.0645682], [43.11523639999999, 44.0616919], [43.11395619999999, 44.063064399999995], [43.11337459999999, 44.063723499999995], [43.113019099999995, 44.0640986], [43.1102833, 44.0670549], [43.10990429999999, 44.06687839999999], [43.108687, 44.0663991], [43.10801109999999, 44.0661564], [43.107666099999996, 44.0665478], [43.1065572, 44.067890899999995], [43.105994, 44.0686406], [43.105204199999996, 44.068945799999995], [43.104481199999995, 44.0689663], [43.10316159999999, 44.06908769999999], [43.10278279999999, 44.069109299999994], [43.10229249999999, 44.068881499999996], [43.1020295, 44.06876160000001], [43.101734699999994, 44.06880319999999], [43.10143289999999, 44.0688497], [43.10113919999999, 44.06888339999999], [43.101029200000006, 44.068914199999995], [43.100874999999995, 44.06897779999999], [43.100836799999996, 44.0693059], [43.0999661, 44.069103399999996], [43.0979284, 44.06927809999999], [43.09695299999999, 44.06936460000001], [43.0974985, 44.070284], [43.097961899999994, 44.0708675], [43.09797859999999, 44.0709874], [43.09805909999999, 44.0711204], [43.0979806, 44.0712855], [43.0977607, 44.0717794], [43.097916899999994, 44.0718854], [43.097442199999996, 44.07265619999999], [43.0974206, 44.072818], [43.0974583, 44.072981899999995], [43.09767279999999, 44.0731457], [43.0975272, 44.0732645], [43.0971247, 44.0734612], [43.096627999999995, 44.0738594], [43.09649649999999, 44.0738932], [43.0962579, 44.074116999999994], [43.095942199999996, 44.074230099999994], [43.0962901, 44.07458530000001], [43.0964161, 44.074982199999994], [43.09690309999999, 44.075284100000005], [43.09661429999999, 44.0754279], [43.09606209999999, 44.075224999999996], [43.0958996, 44.0750796], [43.09563299999999, 44.0753002], [43.0952385, 44.075198300000004], [43.094729, 44.074625700000006], [43.0941476, 44.07402290000001], [43.0931639, 44.0743285], [43.0928113, 44.07433470000001], [43.092028, 44.07453710000001], [43.0912275, 44.07475800000001], [43.0910262, 44.0748271], [43.0909222, 44.0749835], [43.0907218, 44.07514890000001], [43.08976809999999, 44.0759332], [43.0896021, 44.07605459999999], [43.08934649999999, 44.0762484], [43.0889166, 44.0765736], [43.0884568, 44.07694729999999], [43.0876412, 44.07715859999999], [43.0881028, 44.077873399999994], [43.086939, 44.0782019], [43.08484979999999, 44.0785421], [43.085249999999995, 44.077793099999994], [43.08128849999999, 44.0775972], [43.07972879999999, 44.0776689], [43.0621925, 44.07783690000001], [43.05371840000001, 44.068443099999996], [43.0526324, 44.06928140000001], [43.0521914, 44.0701282], [43.04967969999999, 44.0720573], [43.0483849, 44.0723913], [43.046447799999996, 44.07358640000001], [43.04562129999999, 44.0738561], [43.04375809999999, 44.0751818], [43.0429775, 44.0762579], [43.04189019999999, 44.07749], [43.0438589, 44.07781599999999], [43.04436389999999, 44.077988000000005], [43.04477159999999, 44.0782617], [43.04521419999999, 44.078371499999996], [43.0456202, 44.0786762], [43.04596200000001, 44.080711199999996], [43.0463854, 44.0828384], [43.04673439999999, 44.08548129999999], [43.047952699999996, 44.09022830000001], [43.0478982, 44.0912968], [43.0485352, 44.0915809], [43.0483788, 44.09218220000001], [43.04588549999999, 44.09292889999999], [43.04593849999999, 44.09376919999999], [43.0464753, 44.0938618], [43.046736, 44.09441100000001], [43.046573499999994, 44.0951187], [43.047333599999995, 44.0951563], [43.048139899999995, 44.0957799], [43.046207, 44.097481], [43.04501609999999, 44.0978376], [43.0440778, 44.09771709999999], [43.0445012, 44.0969901], [43.04163489999999, 44.0968756], [43.0409143, 44.0975259], [43.04174379999999, 44.09905499999999], [43.041512999999995, 44.099939299999996], [43.0392118, 44.1009349], [43.0390724, 44.1016052], [43.036263, 44.1030845], [43.0363358, 44.103785], [43.034770099999996, 44.10538030000001], [43.0346092, 44.10636639999999], [43.0331687, 44.108783800000005], [43.031425199999994, 44.1095333], [43.030269399999995, 44.11117329999999], [43.0266562, 44.11272439999999], [43.0263663, 44.1137376], [43.025347599999996, 44.1138007], [43.024189099999994, 44.113741], [43.0199454, 44.11504969999999], [43.0177853, 44.1149513], [43.01590149999999, 44.1144948], [43.0149292, 44.1142641], [43.01390039999999, 44.1140238], [43.0049531, 44.1141092], [43.000251299999995, 44.1113991], [42.9998245, 44.1111151], [42.9996548, 44.11127079999999], [42.9991302, 44.1111579], [42.991664199999995, 44.1185981], [42.9882279, 44.123920399999996], [42.98455009999999, 44.1291208], [42.983731, 44.1302941], [42.981236499999994, 44.1318525], [42.9810709, 44.131630900000005], [42.98092669999999, 44.131426899999994], [42.97953789999999, 44.1317407], [42.97907849999999, 44.13348980000001], [42.97924189999999, 44.1338479], [42.9807739, 44.1372302], [42.98090079999999, 44.13751039999999], [42.98117979999999, 44.1380201], [42.981627, 44.1383189], [42.9835985, 44.1418044], [42.9835358, 44.1449548], [42.9851675, 44.1449304], [42.98658679999999, 44.1441472], [42.98937709999999, 44.1424603], [42.99017179999999, 44.1441356], [42.99029060000001, 44.1446763], [42.99138589999999, 44.145934499999996], [42.99182089999999, 44.1461706], [42.992156400000006, 44.14635500000001], [42.9925326, 44.1465569], [42.992690599999996, 44.147103699999995], [42.9929094, 44.14733090000001], [42.99336069999999, 44.14776330000001], [42.9944476, 44.1489377], [42.993912599999994, 44.14933359999999], [42.99327929999999, 44.1497445], [42.9929257, 44.1499874], [42.99281669999999, 44.1504707], [42.99278, 44.1506745], [42.9928279, 44.150803], [42.993477, 44.1516145], [42.9932836, 44.1517121], [42.99315469999999, 44.151859200000004], [42.9932158, 44.15197239999999], [42.993476799999996, 44.1525138], [42.99363509999999, 44.1524751], [42.9944863, 44.1526737], [42.9965665, 44.1516289], [42.9980475, 44.15311749999999], [42.998307200000006, 44.1531659], [42.99869660000001, 44.1532484], [43.00006719999999, 44.15313830000001], [43.0005392, 44.1539547], [43.0008209, 44.1544781], [43.001441799999995, 44.1554528], [43.0016839, 44.15569039999999], [43.0019318, 44.15607889999999], [43.0031796, 44.1561474], [43.0031533, 44.15650860000001], [43.0031705, 44.15686279999999], [43.0032011, 44.15749100000001], [43.0028132, 44.1583258], [43.003307899999996, 44.159002799999996], [43.003408699999994, 44.1602879], [43.00376059999999, 44.1609975], [43.00639569999999, 44.1608517], [43.01648350000001, 44.16095549999999], [43.017028499999995, 44.1618398], [43.0198444, 44.1630642], [43.02262629999999, 44.1646507], [43.02285559999999, 44.1654218], [43.02634799999999, 44.1660317], [43.0266223, 44.1660031], [43.02739919999999, 44.164321], [43.0283861, 44.1639711], [43.02963140000001, 44.16375320000001], [43.0296878, 44.16355149999999], [43.0300983, 44.1636926], [43.0316126, 44.16491500000001], [43.0349118, 44.16602439999999], [43.03540189999999, 44.1661664], [43.0384547, 44.1656335], [43.04739889999999, 44.167043799999995], [43.0477013, 44.16506900000001], [43.0486194, 44.16424109999999], [43.060699, 44.162995], [43.063190899999995, 44.16162549999999], [43.06321919999999, 44.1602941], [43.0668633, 44.1579747], [43.0645156, 44.1564974], [43.0658665, 44.1529781], [43.064318899999996, 44.15207469999999], [43.0653288, 44.1498726], [43.0706538, 44.14208], [43.074142499999994, 44.1404893], [43.0765558, 44.1393692], [43.078854199999995, 44.1380836], [43.0820222, 44.1359033], [43.082475599999995, 44.135592], [43.0827153, 44.1354275], [43.083341999999995, 44.1349973], [43.0843917, 44.13427659999999], [43.0851806, 44.1338609], [43.088615999999995, 44.132050199999995], [43.09205789999999, 44.1296868], [43.09135429999999, 44.12709529999999], [43.09216, 44.1254325], [43.09487049999999, 44.1243453], [43.09454809999999, 44.1237495], [43.107411, 44.12070649999999], [43.113543, 44.1249212], [43.1178176, 44.1268451], [43.1182471, 44.12716609999999], [43.141940399999996, 44.1211926], [43.1428132, 44.1220435], [43.144173099999996, 44.12196469999999], [43.1455228, 44.122845999999996], [43.1478424, 44.1238439], [43.150932299999994, 44.1239055], [43.1559921, 44.12297829999999], [43.16890459999999, 44.1071791], [43.172701499999995, 44.1025775], [43.1807132, 44.09436649999999], [43.1842836, 44.0906005]]]]}}, {"type": "Feature", "properties": {"id": "mo-07718000", "name": "ГО Лермонтов", "region": "Ставропольский край", "isCity": false, "sourceOktmo": "07-718-000-000", "sourceAgg": "Пятигорск", "excelNames": ["ГО Лермонтов"], "oktmo": "07718000", "vgp": [{"year": 2019, "value": 12961039.379618179}, {"year": 2020, "value": 10754120.644763619}, {"year": 2021, "value": 9365462.18111429}, {"year": 2022, "value": 14805018.16083277}, {"year": 2023, "value": 20175318.649143714}, {"year": 2024, "value": 30754985.05245726}], "population": [{"year": 2019, "value": 24640.0}, {"year": 2020, "value": 24934.0}, {"year": 2021, "value": 25290.0}, {"year": 2022, "value": 25702.0}, {"year": 2023, "value": 24405.0}, {"year": 2024, "value": 24717.0}, {"year": 2025, "value": 24794.0}], "shipments": [{"year": 2019, "value": 4515058.0}, {"year": 2020, "value": 4011151.6}, {"year": 2021, "value": 4541231.6}, {"year": 2022, "value": 4728906.3}, {"year": 2023, "value": 10338551.6}, {"year": 2024, "value": 14349399.7}], "employees": [{"year": 2019, "value": 4265.0}, {"year": 2020, "value": 3753.0}, {"year": 2021, "value": 3355.0}, {"year": 2022, "value": 3458.0}, {"year": 2023, "value": 4152.0}, {"year": 2024, "value": 4520.0}], "investments": [{"year": 2019, "value": 361067.0}, {"year": 2020, "value": 353649.0}, {"year": 2021, "value": 701685.0}, {"year": 2022, "value": 739979.0}, {"year": 2023, "value": 651320.0}, {"year": 2024, "value": 1485820.0}], "vgp2024": 30754985.05245726, "pop2024": 24717.0, "ship2024": 14349399.7, "emp2024": 4520.0, "inv2024": 1485820.0}, "geometry": {"type": "MultiPolygon", "coordinates": [[[[42.9917289, 44.0773978], [42.9914056, 44.0779645], [42.9914679, 44.08270419999999], [42.98645369999999, 44.08277729999999], [42.9865959, 44.0871454], [42.9829777, 44.086985899999995], [42.98234719999999, 44.0881206], [42.98090139999999, 44.0879308], [42.981116, 44.0875205], [42.9800472, 44.08720929999999], [42.97966639999999, 44.087716799999995], [42.9767623, 44.0866552], [42.97210549999999, 44.08485610000001], [42.971252199999995, 44.0855187], [42.97057159999999, 44.0860765], [42.9755786, 44.08957900000001], [42.97817349999999, 44.0923918], [42.97713139999999, 44.0928569], [42.977386499999994, 44.0940593], [42.9775483, 44.09531089999999], [42.9762955, 44.095920799999995], [42.97263670000001, 44.097702000000005], [42.9712552, 44.0976191], [42.9708052, 44.0980323], [42.9702904, 44.098504999999996], [42.9702534, 44.0985389], [42.96760569999999, 44.09825070000001], [42.96696579999999, 44.0978724], [42.965599899999994, 44.0971962], [42.9656158, 44.09169479999999], [42.96333, 44.093507], [42.9609849, 44.095169999999996], [42.95989469999999, 44.096311699999994], [42.943253399999996, 44.097552500000006], [42.9438324, 44.1010251], [42.9342403, 44.1012452], [42.93154789999999, 44.10275039999999], [42.9163719, 44.10928619999999], [42.9090654, 44.1124954], [42.904421199999994, 44.11556039999999], [42.9056897, 44.1170865], [42.9069501, 44.1193237], [42.910111699999995, 44.1187027], [42.91356989999999, 44.117578599999995], [42.92028989999999, 44.1172175], [42.92118839999999, 44.117847], [42.924996699999994, 44.1180262], [42.9308009, 44.11643659999999], [42.932027299999994, 44.1155252], [42.9358165, 44.1154419], [42.941684, 44.12059899999999], [42.94280479999999, 44.1226685], [42.96639119999999, 44.121569], [42.96639119999999, 44.1257469], [42.9740607, 44.1264573], [42.975887, 44.1266264], [42.98049459999999, 44.12704229999999], [42.98534349999999, 44.1254689], [42.9882279, 44.123920399999996], [42.991664199999995, 44.1185981], [42.9991302, 44.1111579], [42.9996548, 44.11127079999999], [42.9998245, 44.1111151], [43.000251299999995, 44.1113991], [43.0049531, 44.1141092], [43.01390039999999, 44.1140238], [43.0149292, 44.1142641], [43.01590149999999, 44.1144948], [43.0177853, 44.1149513], [43.0199454, 44.11504969999999], [43.024189099999994, 44.113741], [43.025347599999996, 44.1138007], [43.0263663, 44.1137376], [43.0266562, 44.11272439999999], [43.030269399999995, 44.11117329999999], [43.031425199999994, 44.1095333], [43.0331687, 44.108783800000005], [43.0346092, 44.10636639999999], [43.034770099999996, 44.10538030000001], [43.0363358, 44.103785], [43.036263, 44.1030845], [43.0390724, 44.1016052], [43.0392118, 44.1009349], [43.041512999999995, 44.099939299999996], [43.04174379999999, 44.09905499999999], [43.0409143, 44.0975259], [43.04163489999999, 44.0968756], [43.0445012, 44.0969901], [43.0440778, 44.09771709999999], [43.04501609999999, 44.0978376], [43.046207, 44.097481], [43.048139899999995, 44.0957799], [43.047333599999995, 44.0951563], [43.046573499999994, 44.0951187], [43.046736, 44.09441100000001], [43.0464753, 44.0938618], [43.04593849999999, 44.09376919999999], [43.04588549999999, 44.09292889999999], [43.0483788, 44.09218220000001], [43.0485352, 44.0915809], [43.0478982, 44.0912968], [43.047952699999996, 44.09022830000001], [43.04673439999999, 44.08548129999999], [43.0463854, 44.0828384], [43.04596200000001, 44.080711199999996], [43.0456202, 44.0786762], [43.04521419999999, 44.078371499999996], [43.04477159999999, 44.0782617], [43.04436389999999, 44.077988000000005], [43.0438589, 44.07781599999999], [43.04189019999999, 44.07749], [43.03639879999999, 44.0757796], [43.0363909, 44.07563139999999], [43.0356633, 44.0758713], [43.035597, 44.07533589999999], [43.0353949, 44.0754426], [43.0313794, 44.0738265], [43.0256888, 44.0736845], [43.021098099999996, 44.0694053], [43.01370059999999, 44.07083659999999], [43.013422999999996, 44.07143500000001], [43.010546100000006, 44.0776364], [43.00672709999999, 44.0821224], [42.9917289, 44.0773978]]]]}}, {"type": "Feature", "properties": {"id": "mo-07539000", "name": "Минераловодский муниципальный округ", "region": "Ставропольский край", "isCity": false, "sourceOktmo": "07-539-000-000", "sourceAgg": "Пятигорск", "excelNames": ["ГО Минераловодский"], "oktmo": "07539000", "vgp": [{"year": 2019, "value": 73182578.63890485}, {"year": 2020, "value": 70246767.96093936}, {"year": 2021, "value": 69439920.38765967}, {"year": 2022, "value": 108690576.34061177}, {"year": 2023, "value": 116228934.65234368}, {"year": 2024, "value": 166323086.26428977}], "population": [{"year": 2019, "value": 137732.0}, {"year": 2020, "value": 137173.0}, {"year": 2021, "value": 135751.0}, {"year": 2022, "value": 134545.0}, {"year": 2023, "value": 131778.0}, {"year": 2024, "value": 130865.0}, {"year": 2025, "value": 130145.0}], "shipments": [{"year": 2019, "value": 26297161.2}, {"year": 2020, "value": 25686979.3}, {"year": 2021, "value": 32119043.3}, {"year": 2022, "value": 37470590.2}, {"year": 2023, "value": 46518238.5}, {"year": 2024, "value": 53921827.2}], "employees": [{"year": 2019, "value": 23830.0}, {"year": 2020, "value": 24069.0}, {"year": 2021, "value": 23676.0}, {"year": 2022, "value": 23665.0}, {"year": 2023, "value": 23970.0}, {"year": 2024, "value": 23970.0}], "investments": [{"year": 2019, "value": 5187359.0}, {"year": 2020, "value": 7126683.0}, {"year": 2021, "value": 3643124.0}, {"year": 2022, "value": 4268397.0}, {"year": 2023, "value": 5870817.0}, {"year": 2024, "value": 12684583.0}], "vgp2024": 166323086.26428977, "pop2024": 130865.0, "ship2024": 53921827.2, "emp2024": 23970.0, "inv2024": 12684583.0}, "geometry": {"type": "MultiPolygon", "coordinates": [[[[43.2423851, 44.4483248], [43.24195319999999, 44.445084099999995], [43.24198479999999, 44.443635799999996], [43.24210969999999, 44.428457099999996], [43.2424317, 44.4169643], [43.2423068, 44.4158135], [43.24241730000001, 44.39902169999999], [43.242556, 44.39541669999999], [43.2425326, 44.3904078], [43.2410674, 44.372884199999994], [43.24139209999999, 44.3495643], [43.2205716, 44.349447399999995], [43.2131098, 44.34955939999999], [43.20692799999999, 44.3496251], [43.1969713, 44.349445200000005], [43.1944512, 44.3494669], [43.17370119999999, 44.34953869999999], [43.167282699999994, 44.34955089999999], [43.16743149999999, 44.32187960000001], [43.168082999999996, 44.29470140000001], [43.16748069999999, 44.2813361], [43.17048499999999, 44.280282899999996], [43.18015019999999, 44.2755355], [43.19018259999999, 44.27454699999999], [43.191731999999995, 44.275139], [43.19440829999999, 44.2762076], [43.1952829, 44.27830599999999], [43.1984589, 44.2780618], [43.198749199999995, 44.2779177], [43.202357299999996, 44.27437460000001], [43.203266199999995, 44.2752152], [43.2107911, 44.2771783], [43.216409199999994, 44.2779261], [43.218222000000004, 44.27786859999999], [43.21829079999999, 44.2687559], [43.218258399999996, 44.26426370000001], [43.2183644, 44.2625852], [43.1995894, 44.26224169999999], [43.199767699999995, 44.24869459999999], [43.21864909999999, 44.248823], [43.218632, 44.24834080000001], [43.2187024, 44.2469416], [43.2186746, 44.2444968], [43.22981479999999, 44.2445648], [43.22913719999999, 44.2339604], [43.2303775, 44.23114939999999], [43.222549699999995, 44.228785599999995], [43.2234643, 44.220682999999994], [43.2222318, 44.2192435], [43.2190815, 44.21794380000001], [43.2188072, 44.2157604], [43.2188703, 44.198836899999996], [43.219186799999996, 44.1848982], [43.2194194, 44.1678838], [43.2191311, 44.166628], [43.219104699999995, 44.1372594], [43.219841599999995, 44.1190233], [43.2205638, 44.115952699999994], [43.2206253, 44.1156916], [43.220987799999996, 44.1141503], [43.2193518, 44.1144173], [43.2182118, 44.11362], [43.21607639999999, 44.11385859999999], [43.2145053, 44.11403419999999], [43.213924399999996, 44.111050999999996], [43.2127989, 44.110938700000005], [43.21148250000001, 44.1099565], [43.2080587, 44.1114885], [43.2070553, 44.1089458], [43.2053149, 44.1083419], [43.2036893, 44.10910679999999], [43.2003263, 44.1099682], [43.1978734, 44.1099329], [43.1978767, 44.1098427], [43.1981305, 44.1096817], [43.1997316, 44.107977], [43.1978771, 44.104943], [43.198380400000005, 44.1037886], [43.198400799999995, 44.10147], [43.1973786, 44.0998971], [43.19527990000001, 44.1000729], [43.1952102, 44.0997306], [43.19414319999999, 44.0973416], [43.1924404, 44.096879], [43.19040549999999, 44.096455199999994], [43.18741169999999, 44.0916442], [43.185762399999994, 44.0911555], [43.1842836, 44.0906005], [43.1807132, 44.09436649999999], [43.172701499999995, 44.1025775], [43.16890459999999, 44.1071791], [43.1559921, 44.12297829999999], [43.150932299999994, 44.1239055], [43.1478424, 44.1238439], [43.1455228, 44.122845999999996], [43.144173099999996, 44.12196469999999], [43.1428132, 44.1220435], [43.141940399999996, 44.1211926], [43.1182471, 44.12716609999999], [43.1178176, 44.1268451], [43.113543, 44.1249212], [43.107411, 44.12070649999999], [43.09454809999999, 44.1237495], [43.09487049999999, 44.1243453], [43.09216, 44.1254325], [43.09135429999999, 44.12709529999999], [43.09205789999999, 44.1296868], [43.088615999999995, 44.132050199999995], [43.0851806, 44.1338609], [43.0843917, 44.13427659999999], [43.083341999999995, 44.1349973], [43.0827153, 44.1354275], [43.082475599999995, 44.135592], [43.0820222, 44.1359033], [43.078854199999995, 44.1380836], [43.0765558, 44.1393692], [43.074142499999994, 44.1404893], [43.0706538, 44.14208], [43.0653288, 44.1498726], [43.064318899999996, 44.15207469999999], [43.0658665, 44.1529781], [43.0645156, 44.1564974], [43.0668633, 44.1579747], [43.06321919999999, 44.1602941], [43.063190899999995, 44.16162549999999], [43.060699, 44.162995], [43.0486194, 44.16424109999999], [43.0477013, 44.16506900000001], [43.04739889999999, 44.167043799999995], [43.0384547, 44.1656335], [43.03540189999999, 44.1661664], [43.03441959999999, 44.167028499999994], [43.032586, 44.1679896], [43.0300946, 44.1690323], [43.0320632, 44.171090899999996], [43.03131439999999, 44.171800399999995], [43.03153069999999, 44.1731693], [43.0355075, 44.177150399999995], [43.04095999999999, 44.17513389999999], [43.0409544, 44.180832099999996], [43.041355499999995, 44.18135519999999], [43.0412461, 44.18613289999999], [43.0401048, 44.1874571], [43.0404991, 44.190202899999996], [43.038277, 44.190101199999994], [43.03682429999999, 44.1907515], [43.036222599999995, 44.19137429999999], [43.0356774, 44.191605599999995], [43.034617499999996, 44.1914305], [43.03406739999999, 44.19202669999999], [43.033316, 44.1914007], [43.03254739999999, 44.1918513], [43.0320267, 44.19233669999999], [43.031011799999995, 44.192355199999994], [43.0306382, 44.1926944], [43.0303624, 44.1930037], [43.0285624, 44.19315579999999], [43.02785159999999, 44.19220519999999], [43.026444999999995, 44.19196709999999], [43.025115099999994, 44.1916208], [43.02384549999999, 44.1923516], [43.0230884, 44.1917332], [43.02232719999999, 44.191693199999996], [43.0209915, 44.1927944], [43.01988049999999, 44.19199059999999], [43.018484199999996, 44.1912863], [43.0174202, 44.1923767], [43.0150479, 44.19181309999999], [43.01431470000001, 44.1923259], [43.0107347, 44.191141599999995], [43.010658, 44.1907105], [43.01135539999999, 44.19046689999999], [43.01098319999999, 44.1896703], [43.01024519999999, 44.1897349], [43.009862299999995, 44.1885436], [43.009363199999996, 44.1872842], [43.00804519999999, 44.18740040000001], [43.006603399999996, 44.1873683], [42.979543799999995, 44.1872664], [42.97991729999999, 44.2044491], [42.9796327, 44.20614569999999], [42.97807300000001, 44.2063934], [42.9756239, 44.2067824], [42.9708996, 44.20697229999999], [42.9675821, 44.2071056], [42.96610429999999, 44.2184727], [42.96349109999999, 44.2193945], [42.9619049, 44.221104999999994], [42.9565793, 44.22039929999999], [42.9551394, 44.220818], [42.954719299999994, 44.22167699999999], [42.9539211, 44.2217156], [42.95309369999999, 44.2212164], [42.94705479999999, 44.22068859999999], [42.9451214, 44.2233595], [42.943308599999995, 44.2256859], [42.9399329, 44.225102], [42.9385902, 44.2245199], [42.939114499999995, 44.221197], [42.9419356, 44.2193518], [42.9419085, 44.21749340000001], [42.9419074, 44.21531649999999], [42.94190689999999, 44.2143565], [42.9408735, 44.21200079999999], [42.941043099999995, 44.20644380000001], [42.94067809999999, 44.20566409999999], [42.9403641, 44.2071727], [42.93970329999999, 44.2071887], [42.9398053, 44.2043676], [42.937414, 44.2030378], [42.9364372, 44.20307029999999], [42.9297521, 44.2032911], [42.9270299, 44.201825799999995], [42.9213507, 44.2021484], [42.9146843, 44.2027881], [42.90250329999999, 44.2029002], [42.9006432, 44.20011949999999], [42.893104599999994, 44.1914071], [42.891913599999995, 44.1896959], [42.8890169, 44.1876027], [42.887302999999996, 44.18755540000001], [42.88563249999999, 44.1888677], [42.8807052, 44.193102800000005], [42.8766595, 44.1951735], [42.872864799999995, 44.1970068], [42.87014959999999, 44.1972377], [42.87032709999999, 44.200464], [42.86854189999999, 44.201313500000005], [42.86570869999999, 44.2039446], [42.857086499999994, 44.2073142], [42.8556598, 44.2089141], [42.852678999999995, 44.20982709999999], [42.8496534, 44.2108675], [42.8453364, 44.2117838], [42.84331159999999, 44.2076501], [42.8364518, 44.191319199999995], [42.826276799999995, 44.16712890000001], [42.8099464, 44.17201969999999], [42.8076452, 44.1727006], [42.7987443, 44.17463500000001], [42.7909831, 44.1769371], [42.78954950000001, 44.1772572], [42.78463279999999, 44.178385899999995], [42.7751932, 44.1804162], [42.77155919999999, 44.1811886], [42.7652627, 44.182583], [42.7600209, 44.1837343], [42.7509225, 44.185683399999995], [42.7434835, 44.18742139999999], [42.745041199999996, 44.1913219], [42.746482799999995, 44.1945745], [42.7494007, 44.20041199999999], [42.749876699999994, 44.20782439999999], [42.7438192, 44.212369], [42.7425271, 44.2148696], [42.7442993, 44.215209599999994], [42.7428681, 44.22341359999999], [42.7448773, 44.2250366], [42.7451457, 44.2252534], [42.7449364, 44.24232669999999], [42.66221839999999, 44.24225739999999], [42.6535678, 44.2422335], [42.65307129999999, 44.242418699999995], [42.6529557, 44.2544473], [42.6530876, 44.266211299999995], [42.6531959, 44.276974599999996], [42.6538661, 44.281645899999994], [42.65337499999999, 44.2951759], [42.6533444, 44.29661459999999], [42.6533343, 44.29869899999999], [42.653333499999995, 44.2989258], [42.653293999999995, 44.3101477], [42.653342699999996, 44.3115038], [42.653318299999995, 44.3134355], [42.65326439999999, 44.3166684], [42.6534801, 44.326145499999996], [42.651344, 44.327127], [42.65356909999999, 44.332698699999995], [42.65463189999999, 44.3324745], [42.6556371, 44.3329082], [42.6584059, 44.332542100000005], [42.6606686, 44.3324117], [42.66584979999999, 44.33277549999999], [42.6680757, 44.33194459999999], [42.690778, 44.33202539999999], [42.69421, 44.3319758], [42.705794999999995, 44.331990499999996], [42.7479222, 44.332011200000004], [42.7479198, 44.33215279999999], [42.74758039999999, 44.3521442], [42.7474175, 44.371137299999994], [42.74848399999999, 44.37268939999999], [42.74776200000001, 44.3764326], [42.74777089999999, 44.38026429999999], [42.7477794, 44.3808457], [42.7472686, 44.3814684], [42.74788199999999, 44.38166919999999], [42.74841, 44.381776099999996], [42.7485912, 44.3820062], [42.747902499999995, 44.3826956], [42.7466311, 44.383349], [42.7482732, 44.38502319999999], [42.7559043, 44.39750680000001], [42.760349399999996, 44.3957947], [42.76104719999999, 44.4037291], [42.7617786, 44.41296909999999], [42.76658129999999, 44.4132498], [42.7665706, 44.4219419], [42.76864199999999, 44.42183599999999], [42.7663178, 44.4440119], [42.7791881, 44.443775099999996], [42.77936650000001, 44.47547159999999], [42.791656499999995, 44.473189299999994], [42.79196309999999, 44.4774759], [42.79199179999999, 44.4805848], [42.7919853, 44.4996726], [42.7918308, 44.500351499999994], [42.785934, 44.50064439999999], [42.7856762, 44.50064909999999], [42.785725899999996, 44.50331829999999], [42.785933299999996, 44.5313778], [42.7859506, 44.5377982], [42.785926599999996, 44.544458], [42.7861873, 44.5698944], [42.7861902, 44.57019360000001], [42.786519199999994, 44.57020959999999], [42.78659569999999, 44.570251799999994], [42.7869754, 44.5699826], [42.7888716, 44.5686335], [42.79020919999999, 44.5678705], [42.7970541, 44.56548999999999], [42.79687539999999, 44.56359679999999], [42.796929999999996, 44.56361969999999], [42.7974655, 44.5639003], [42.7981711, 44.5642677], [42.7990197, 44.56382099999999], [42.7994838, 44.5638391], [42.8000888, 44.5637153], [42.8004615, 44.5633076], [42.8007265, 44.5628763], [42.800925400000004, 44.5628527], [42.80191159999999, 44.562954], [42.80223469999999, 44.5626468], [42.802541299999994, 44.5626292], [42.8030967, 44.5629902], [42.8037599, 44.563168100000006], [42.80434, 44.5631921], [42.8043814, 44.56312129999999], [42.8038175, 44.562488200000004], [42.80363499999999, 44.56211570000001], [42.8035439, 44.5618614], [42.80363479999999, 44.56174909999999], [42.803867, 44.56170199999999], [42.804737, 44.5617439], [42.80524259999999, 44.56186839999999], [42.8057081, 44.562149299999994], [42.80643239999999, 44.5626387], [42.8110887, 44.56036340000001], [42.8112129, 44.561817399999995], [42.81473499999999, 44.561872199999996], [42.82589569999999, 44.55959049999999], [42.8291318, 44.5580856], [42.828769799999996, 44.556787199999995], [42.827880799999996, 44.556734799999994], [42.8287497, 44.5555302], [42.8291324, 44.555728499999994], [42.830637, 44.5556276], [42.830902, 44.5555271], [42.831191499999996, 44.55487109999999], [42.8314649, 44.5548062], [42.83182949999999, 44.55480639999999], [42.8330726, 44.5550729], [42.8332916, 44.5553474], [42.8335904, 44.555683099999996], [42.834067499999996, 44.5556882], [42.834613399999995, 44.554665500000006], [42.8350196, 44.554748499999995], [42.8351853, 44.55470129999999], [42.8353673, 44.55445889999999], [42.83603039999999, 44.5546484], [42.836353499999994, 44.554477], [42.83644429999999, 44.55422889999999], [42.837098499999996, 44.5539512], [42.83727979999999, 44.55293439999999], [42.83804219999999, 44.55292289999999], [42.83839029999999, 44.5530649], [42.83867219999999, 44.5532719], [42.83882169999999, 44.5535439], [42.83902069999999, 44.5536208], [42.8397, 44.55356200000001], [42.840247, 44.55365669999999], [42.8405367, 44.55340269999999], [42.841000699999995, 44.5533141], [42.841787599999996, 44.55320209999999], [42.8434282, 44.553190799999996], [42.8438755, 44.553072699999994], [42.8439167, 44.552859899999994], [42.8438502, 44.55265299999999], [42.843369, 44.5520853], [42.8433937, 44.5518547], [42.843973399999996, 44.5516716], [42.8450757, 44.5519557], [42.84634369999999, 44.5520803], [42.8468825, 44.55242919999999], [42.8470236, 44.5526421], [42.847562399999994, 44.552731], [42.84776109999999, 44.552601], [42.847794, 44.55244129999999], [42.847677899999994, 44.552252100000004], [42.8466004, 44.551950299999994], [42.8465008, 44.5518143], [42.84656679999999, 44.5516488], [42.84712999999999, 44.5514597], [42.8480994, 44.551365399999995], [42.848330999999995, 44.55107], [42.848230599999994, 44.5503309], [42.8487273, 44.54995859999999], [42.8489594, 44.549917199999996], [42.8497745, 44.550339599999994], [42.8537645, 44.5500549], [42.853670799999996, 44.55082960000001], [42.855066199999996, 44.55037399999999], [42.85573629999999, 44.5494992], [42.85612549999999, 44.54935149999999], [42.85673769999999, 44.54950269999999], [42.85733329999999, 44.5495755], [42.8595143, 44.5494822], [42.8598756, 44.5490242], [42.8590451, 44.5481153], [42.858940399999994, 44.5477735], [42.85964409999999, 44.547507599999996], [42.86067169999999, 44.5475964], [42.86204659999999, 44.5472892], [42.8624107, 44.54704699999999], [42.8627504, 44.54698779999999], [42.8636289, 44.54714760000001], [42.86370389999999, 44.5474077], [42.86362999999999, 44.547987199999994], [42.8640447, 44.5482296], [42.86435959999999, 44.548206], [42.8652534, 44.54753219999999], [42.8655008, 44.546929199999994], [42.86586539999999, 44.5468345], [42.867216, 44.54698849999999], [42.8678041, 44.54691759999999], [42.8683834, 44.5463974], [42.8690541, 44.5462202], [42.8692444, 44.54603689999999], [42.869285299999994, 44.5457885], [42.86988169999999, 44.5455935], [42.8704123, 44.5458241], [42.871050999999994, 44.54644499999999], [42.8721865, 44.5466401], [42.8722705, 44.5472787], [42.8724114, 44.54737909999999], [42.872800899999994, 44.54740869999999], [42.8731072, 44.54729639999999], [42.8733537, 44.54663709999999], [42.8733359, 44.5465278], [42.87756039999999, 44.5462221], [42.8782478, 44.545000599999995], [42.88296569999999, 44.54593289999999], [42.88759139999999, 44.5450123], [42.8890244, 44.5439261], [42.893537599999995, 44.54333189999999], [42.89787739999999, 44.5499805], [42.909652, 44.54663049999999], [42.91183899999999, 44.550821], [42.963814199999995, 44.5341917], [42.9642522, 44.5339942], [42.9670527, 44.53306179999999], [42.980803699999996, 44.52867549999999], [42.9772751, 44.52262489999999], [42.9789158, 44.5195692], [42.98972259999999, 44.5158133], [43.017311299999996, 44.51021], [43.031431500000004, 44.5077064], [43.0401059, 44.505859300000004], [43.05332479999999, 44.5023423], [43.0540152, 44.4966325], [43.0544953, 44.49304409999999], [43.05671759999999, 44.49432169999999], [43.0596121, 44.4939364], [43.06034439999999, 44.4940053], [43.0609944, 44.4948052], [43.0634917, 44.4942327], [43.0624744, 44.493197599999995], [43.06233219999999, 44.493152], [43.0622956, 44.493054099999995], [43.06216529999999, 44.4926323], [43.06354329999999, 44.49272059999999], [43.0640155, 44.4948176], [43.0648864, 44.49509170000001], [43.066901, 44.4941662], [43.0694702, 44.494806399999995], [43.071065399999995, 44.4941917], [43.0724348, 44.4948813], [43.0752262, 44.493930899999995], [43.0759872, 44.4944955], [43.0771064, 44.49415389999999], [43.0778384, 44.4957246], [43.0824744, 44.4951559], [43.0842669, 44.496942], [43.08800750000001, 44.49723089999999], [43.0876683, 44.49810239999999], [43.0896678, 44.49801379999999], [43.0921281, 44.4968055], [43.0929322, 44.49709479999999], [43.09305629999999, 44.496828199999996], [43.0929487, 44.496736399999996], [43.0929947, 44.4966346], [43.09304589999999, 44.4965212], [43.0934518, 44.4963209], [43.0950647, 44.496678499999994], [43.09518849999999, 44.4959242], [43.095750699999996, 44.4959002], [43.0965234, 44.4960931], [43.0965853, 44.495799899999994], [43.0966137, 44.49566539999999], [43.09690679999999, 44.4954809], [43.09737679999999, 44.49556969999999], [43.099555699999996, 44.496509999999994], [43.0999935, 44.4971302], [43.10024920000001, 44.49782079999999], [43.1009932, 44.4979006], [43.1013714, 44.497780399999996], [43.101974799999994, 44.4978004], [43.1030452, 44.4979397], [43.1046926, 44.4969342], [43.1047365, 44.4961106], [43.1043195, 44.49524920000001], [43.1105437, 44.49711309999999], [43.1116124, 44.496616], [43.1118438, 44.496066199999994], [43.1117367, 44.4954014], [43.1140081, 44.49430420000001], [43.1159362, 44.4944795], [43.1171007, 44.495193699999994], [43.1179752, 44.4955779], [43.1185832, 44.49597289999999], [43.11838819999999, 44.4966557], [43.1183419, 44.497450199999996], [43.11861439999999, 44.4978327], [43.1205079, 44.498925699999994], [43.1212296, 44.4988448], [43.12178169999999, 44.49924649999999], [43.122494999999994, 44.49935469999999], [43.123785299999994, 44.49926399999999], [43.12435979999999, 44.4991337], [43.1249123, 44.4992451], [43.1307951, 44.508981299999995], [43.165281, 44.5008808], [43.16530819999999, 44.4994475], [43.16530099999999, 44.4982208], [43.1653256, 44.497749199999994], [43.16530519999999, 44.495379099999994], [43.1653262, 44.4947133], [43.165334, 44.4941683], [43.165337099999995, 44.4935379], [43.16540679999999, 44.47938860000001], [43.16544079999999, 44.4664367], [43.1656663, 44.448080899999994], [43.1919832, 44.448066499999996], [43.20455799999999, 44.4482559], [43.22484469999999, 44.448208099999995], [43.2341495, 44.44832709999999], [43.2423851, 44.4483248]]]]}}, {"type": "Feature", "properties": {"id": "mo-07515000", "name": "Георгиевский муниципальный округ", "region": "Ставропольский край", "isCity": false, "sourceOktmo": "07-515-000-000", "sourceAgg": "Пятигорск", "excelNames": ["ГО Георгиевский"], "oktmo": "07515000", "vgp": [{"year": 2019, "value": 38623212.9013248}, {"year": 2020, "value": 36976651.70037464}, {"year": 2021, "value": 35733798.381704494}, {"year": 2022, "value": 54848141.260683745}, {"year": 2023, "value": 56395229.53986191}, {"year": 2024, "value": 80701321.54019308}], "population": [{"year": 2019, "value": 165798.0}, {"year": 2020, "value": 164433.0}, {"year": 2021, "value": 162981.0}, {"year": 2022, "value": 160901.0}, {"year": 2023, "value": 158452.0}, {"year": 2024, "value": 157898.0}, {"year": 2025, "value": 157087.0}], "shipments": [{"year": 2019, "value": 12698079.7}, {"year": 2020, "value": 14348950.1}, {"year": 2021, "value": 18800216.3}, {"year": 2022, "value": 18544823.6}, {"year": 2023, "value": 22262425.5}, {"year": 2024, "value": 21001347.3}], "employees": [{"year": 2019, "value": 16080.0}, {"year": 2020, "value": 15827.0}, {"year": 2021, "value": 15687.0}, {"year": 2022, "value": 15392.0}, {"year": 2023, "value": 15488.0}, {"year": 2024, "value": 15035.0}], "investments": [{"year": 2019, "value": 1442465.0}, {"year": 2020, "value": 1739071.0}, {"year": 2021, "value": 1370682.0}, {"year": 2022, "value": 2459501.0}, {"year": 2023, "value": 1857388.0}, {"year": 2024, "value": 2780472.0}], "vgp2024": 80701321.54019308, "pop2024": 157898.0, "ship2024": 21001347.3, "emp2024": 15035.0, "inv2024": 2780472.0}, "geometry": {"type": "MultiPolygon", "coordinates": [[[[43.4121553, 43.9873263], [43.4130337, 43.9875633], [43.424044499999994, 43.99093119999999], [43.41156469999999, 44.0129553], [43.408435999999995, 44.0122935], [43.4084869, 44.02376790000001], [43.408403899999996, 44.0265428], [43.4075108, 44.026532], [43.403923999999996, 44.02653560000001], [43.3833997, 44.026493699999996], [43.3833314, 44.035433399999995], [43.382170699999996, 44.0354465], [43.37324499999999, 44.035539500000006], [43.358596, 44.03551110000001], [43.358527300000006, 44.0444956], [43.314089599999996, 44.0442805], [43.25334889999999, 44.0438021], [43.2335239, 44.04375089999999], [43.23379049999999, 44.0736389], [43.233267, 44.0741637], [43.2329916, 44.075498], [43.23289599999999, 44.0864819], [43.2332391, 44.0912142], [43.2342725, 44.091953399999994], [43.24524, 44.0875461], [43.2485849, 44.088475800000005], [43.23958149999999, 44.10120379999999], [43.23610519999999, 44.106117499999996], [43.2333283, 44.10712699999999], [43.2293824, 44.1085615], [43.2226939, 44.1085632], [43.22202219999999, 44.11084919999999], [43.21951589999999, 44.111772499999994], [43.231414300000004, 44.113614399999996], [43.2316317, 44.1169831], [43.22732859999999, 44.1136247], [43.2255413, 44.11431689999999], [43.22385239999999, 44.114971], [43.2206253, 44.1156916], [43.2205638, 44.115952699999994], [43.219841599999995, 44.1190233], [43.219104699999995, 44.1372594], [43.2191311, 44.166628], [43.2194194, 44.1678838], [43.219186799999996, 44.1848982], [43.2188703, 44.198836899999996], [43.2188072, 44.2157604], [43.2190815, 44.21794380000001], [43.2222318, 44.2192435], [43.2234643, 44.220682999999994], [43.222549699999995, 44.228785599999995], [43.2303775, 44.23114939999999], [43.22913719999999, 44.2339604], [43.22981479999999, 44.2445648], [43.2186746, 44.2444968], [43.2187024, 44.2469416], [43.218632, 44.24834080000001], [43.21864909999999, 44.248823], [43.199767699999995, 44.24869459999999], [43.1995894, 44.26224169999999], [43.2183644, 44.2625852], [43.218258399999996, 44.26426370000001], [43.21829079999999, 44.2687559], [43.218222000000004, 44.27786859999999], [43.216409199999994, 44.2779261], [43.2107911, 44.2771783], [43.203266199999995, 44.2752152], [43.202357299999996, 44.27437460000001], [43.198749199999995, 44.2779177], [43.1984589, 44.2780618], [43.1952829, 44.27830599999999], [43.19440829999999, 44.2762076], [43.191731999999995, 44.275139], [43.19018259999999, 44.27454699999999], [43.18015019999999, 44.2755355], [43.17048499999999, 44.280282899999996], [43.16748069999999, 44.2813361], [43.168082999999996, 44.29470140000001], [43.16743149999999, 44.32187960000001], [43.167282699999994, 44.34955089999999], [43.17370119999999, 44.34953869999999], [43.1944512, 44.3494669], [43.1969713, 44.349445200000005], [43.20692799999999, 44.3496251], [43.2131098, 44.34955939999999], [43.2205716, 44.349447399999995], [43.24139209999999, 44.3495643], [43.2410674, 44.372884199999994], [43.2425326, 44.3904078], [43.242556, 44.39541669999999], [43.24241730000001, 44.39902169999999], [43.2423068, 44.4158135], [43.2424317, 44.4169643], [43.24210969999999, 44.428457099999996], [43.24198479999999, 44.443635799999996], [43.24195319999999, 44.445084099999995], [43.2423851, 44.4483248], [43.2419708, 44.4753919], [43.26717049999999, 44.4753738], [43.287123699999995, 44.4756475], [43.302278199999996, 44.4756184], [43.3109368, 44.4757319], [43.3629445, 44.47602479999999], [43.36575439999999, 44.4760408], [43.3871972, 44.5103272], [43.387252399999994, 44.51041719999999], [43.394696999999994, 44.5230793], [43.4180352, 44.5171262], [43.4274054, 44.5318805], [43.4270936, 44.5319398], [43.4329009, 44.5414962], [43.433079, 44.541439499999996], [43.4444466, 44.56037369999999], [43.4499466, 44.569994799999996], [43.4628474, 44.5904738], [43.4819531, 44.584514500000004], [43.4948253, 44.5798851], [43.50894439999999, 44.5755373], [43.51461799999999, 44.5737901], [43.537523, 44.56658399999999], [43.5432717, 44.5646421], [43.5778393, 44.5534645], [43.5778052, 44.5534085], [43.5738051, 44.5468521], [43.56764189999999, 44.53674879999999], [43.6358154, 44.51400259999999], [43.6318922, 44.50780699999999], [43.606812299999994, 44.466482899999995], [43.6235496, 44.4604642], [43.629234, 44.45859789999999], [43.6408441, 44.4550109], [43.653503099999995, 44.4512933], [43.66377589999999, 44.44789029999999], [43.6432536, 44.414833], [43.6587927, 44.410038799999995], [43.6615102, 44.4089874], [43.667854399999996, 44.40703289999999], [43.6778985, 44.403789], [43.6748039, 44.398749599999995], [43.667981, 44.3875448], [43.65809149999999, 44.3896324], [43.6567345, 44.378523799999996], [43.65678619999999, 44.366899599999996], [43.6935945, 44.3413845], [43.6939913, 44.3052975], [43.6951171, 44.271052499999996], [43.703502, 44.2703802], [43.7037304, 44.2696688], [43.7049125, 44.269358800000006], [43.70509659999999, 44.2685463], [43.7059711, 44.2681613], [43.706101999999994, 44.2676998], [43.70544099999999, 44.2665518], [43.7048263, 44.2663463], [43.7041198, 44.266505599999995], [43.703010799999994, 44.2651757], [43.6949419, 44.25361579999999], [43.69517679999999, 44.2528959], [43.6962578, 44.2522716], [43.69697479999999, 44.2524959], [43.6978411, 44.2535523], [43.6985113, 44.2529818], [43.7028205, 44.2530895], [43.703845, 44.2534257], [43.7039708, 44.2538697], [43.70216479999999, 44.2557297], [43.70316489999999, 44.25578869999999], [43.70614679999999, 44.254709], [43.706539899999996, 44.253195], [43.708339499999994, 44.25248059999999], [43.7005073, 44.249237599999994], [43.6922928, 44.25026149999999], [43.6878399, 44.2439437], [43.6710554, 44.23698809999999], [43.6027891, 44.2397289], [43.6025282, 44.23701869999999], [43.601362, 44.224508199999995], [43.607887, 44.21482100000001], [43.6064171, 44.2132064], [43.6064026, 44.2107994], [43.60676699999999, 44.210229999999996], [43.664070499999994, 44.1792263], [43.667496299999996, 44.18295719999999], [43.693665, 44.1771548], [43.71921789999999, 44.16346589999999], [43.73337099999999, 44.1775414], [43.73834850000001, 44.17492490000001], [43.764468099999995, 44.16099249999999], [43.79429859999999, 44.144757899999995], [43.7758664, 44.1270333], [43.75823479999999, 44.1109011], [43.7196588, 44.0731711], [43.66660619999999, 44.1013333], [43.64417, 44.07972769999999], [43.64097259999999, 44.081466999999996], [43.636091, 44.07933440000001], [43.6369924, 44.07771559999999], [43.6330494, 44.076375], [43.62958629999999, 44.07640810000001], [43.62338749999999, 44.0732555], [43.6219348, 44.07219429999999], [43.62011249999999, 44.0709908], [43.61913839999999, 44.0711793], [43.6184662, 44.071319499999994], [43.61824, 44.0720604], [43.6179868, 44.072840199999995], [43.6166299, 44.07360709999999], [43.6154902, 44.0737371], [43.61320589999999, 44.075028], [43.61322729999999, 44.07605319999999], [43.6116724, 44.07664629999999], [43.609408699999996, 44.077586], [43.60511679999999, 44.0792068], [43.597612600000005, 44.08282909999999], [43.5968533, 44.082865999999996], [43.596502099999995, 44.0836095], [43.5873425, 44.088379], [43.58182359999999, 44.083006700000006], [43.57469029999999, 44.076163799999996], [43.5652058, 44.08132680000001], [43.5624687, 44.0788783], [43.5605567, 44.07709609999999], [43.5601587, 44.0768205], [43.55909659999999, 44.0817106], [43.5563218, 44.0812703], [43.526854199999995, 44.052511], [43.5165352, 44.0425835], [43.5052888, 44.0319025], [43.4981858, 44.0383], [43.494049999999994, 44.0333572], [43.489316599999995, 44.0261891], [43.48067009999999, 44.0174414], [43.47493359999999, 44.0144787], [43.46917429999999, 44.01243740000001], [43.4626307, 44.01195679999999], [43.4570868, 44.0140553], [43.45282809999999, 44.0106952], [43.4435662, 44.0114393], [43.440423, 44.010287999999996], [43.4551172, 43.98348709999999], [43.461521, 43.9725156], [43.4687257, 43.9595485], [43.46958819999999, 43.9579864], [43.466183699999995, 43.956016], [43.4617433, 43.9546193], [43.458021099999996, 43.9522747], [43.4480179, 43.9465937], [43.4438354, 43.9445534], [43.439909, 43.942906300000004], [43.4382674, 43.9416287], [43.4361882, 43.94498320000001], [43.4316451, 43.9537427], [43.428458799999994, 43.959162299999996], [43.427283, 43.9612187], [43.4237793, 43.9671034], [43.4226475, 43.96915229999999], [43.4212, 43.970694300000005], [43.4212394, 43.971132700000005], [43.4212428, 43.97133670000001], [43.4124871, 43.9866732], [43.4121553, 43.9873263]]]]}}, {"type": "Feature", "properties": {"id": "mo-07548000", "name": "Предгорный муниципальный округ", "region": "Ставропольский край", "isCity": false, "sourceOktmo": "07-548-000-000", "sourceAgg": "Пятигорск", "excelNames": ["Предгорный муниципальный округ"], "oktmo": "07548000", "vgp": [{"year": 2019, "value": 23570390.599042606}, {"year": 2020, "value": 22663499.318706755}, {"year": 2021, "value": 22195404.8580327}, {"year": 2022, "value": 34068334.88864486}, {"year": 2023, "value": 38772765.75669821}, {"year": 2024, "value": 53255576.06894795}], "population": [{"year": 2019, "value": 110776.0}, {"year": 2020, "value": 110600.0}, {"year": 2021, "value": 109332.0}, {"year": 2022, "value": 107341.0}, {"year": 2023, "value": 110643.0}, {"year": 2024, "value": 109591.0}, {"year": 2025, "value": 110618.0}], "shipments": [{"year": 2019, "value": 7383752.3}, {"year": 2020, "value": 7748971.1}, {"year": 2021, "value": 9958947.0}, {"year": 2022, "value": 9555033.1}, {"year": 2023, "value": 10283033.3}, {"year": 2024, "value": 12279381.3}], "employees": [{"year": 2019, "value": 8666.0}, {"year": 2020, "value": 8530.0}, {"year": 2021, "value": 8574.0}, {"year": 2022, "value": 8465.0}, {"year": 2023, "value": 9256.0}, {"year": 2024, "value": 9034.0}], "investments": [{"year": 2019, "value": 2412933.0}, {"year": 2020, "value": 3569182.0}, {"year": 2021, "value": 7970335.0}, {"year": 2022, "value": 6083626.0}, {"year": 2023, "value": 2027701.0}, {"year": 2024, "value": 1820034.0}], "vgp2024": 53255576.06894795, "pop2024": 109591.0, "ship2024": 12279381.3, "emp2024": 9034.0, "inv2024": 1820034.0}, "geometry": {"type": "MultiPolygon", "coordinates": [[[[42.701818900000006, 43.8422345], [42.70030619999999, 43.8435732], [42.69990919999999, 43.8441303], [42.69939419999999, 43.845159499999994], [42.6992547, 43.8463743], [42.6994264, 43.8469237], [42.700413499999996, 43.8486646], [42.700789, 43.8491675], [42.70110009999999, 43.8505679], [42.7026987, 43.8539876], [42.7031493, 43.8546994], [42.7036214, 43.854629800000005], [42.7028167, 43.8527575], [42.7018404, 43.85110950000001], [42.701261, 43.8492217], [42.699930699999996, 43.8467844], [42.6999736, 43.845267799999995], [42.7002525, 43.84449399999999], [42.7008855, 43.84361959999999], [42.7027631, 43.842002400000005], [42.7041793, 43.840431499999994], [42.7048337, 43.8398279], [42.7052951, 43.838938], [42.7048981, 43.83883740000001], [42.7041364, 43.839874300000005], [42.7029669, 43.8411047], [42.701818900000006, 43.8422345]]], [[[42.69865389999999, 43.8544828], [42.6997054, 43.8557361], [42.70203349999999, 43.8588925], [42.702655799999995, 43.8586913], [42.6994693, 43.8544673], [42.69849299999999, 43.8528426], [42.69746299999999, 43.8497478], [42.6964438, 43.84766650000001], [42.6958001, 43.8462195], [42.69507049999999, 43.8463743], [42.696239899999995, 43.848532999999996], [42.6971841, 43.851318400000004], [42.6980102, 43.8533687], [42.69865389999999, 43.8544828]]], [[[42.7045333, 43.859813], [42.7036536, 43.8597357], [42.7034283, 43.8592715], [42.70282739999999, 43.8596119], [42.7037501, 43.8606485], [42.7043831, 43.86186299999999], [42.705456, 43.86170829999999], [42.7045333, 43.859813]]], [[[42.722107199999996, 43.8620487], [42.7185666, 43.86221110000001], [42.7181268, 43.8626675], [42.72340539999999, 43.8624896], [42.7255297, 43.8620409], [42.7254224, 43.862806799999994], [42.728641, 43.86242], [42.72827089999999, 43.861356300000004], [42.725615499999996, 43.861576799999995], [42.723062, 43.8618243], [42.722107199999996, 43.8620487]]], [[[42.662776699999995, 43.87249860000001], [42.66423580000001, 43.870270999999995], [42.6632595, 43.86925010000001], [42.6596868, 43.86867769999999], [42.6577771, 43.86890199999999], [42.6579058, 43.87034070000001], [42.65809889999999, 43.87060360000001], [42.660137399999996, 43.87244439999999], [42.662776699999995, 43.87249860000001]]], [[[42.6709896, 43.87732069999999], [42.6691121, 43.8762147], [42.6692355, 43.875275099999996], [42.6683986, 43.87401440000001], [42.6656842, 43.87435469999999], [42.6636028, 43.873619999999995], [42.6628089, 43.874037599999994], [42.66457909999999, 43.87467959999999], [42.6652121, 43.8760639], [42.66551259999999, 43.8764042], [42.668194799999995, 43.87779629999999], [42.667947999999996, 43.87802049999999], [42.6681733, 43.8781365], [42.6671433, 43.879575], [42.6681518, 43.879567200000004], [42.672818899999996, 43.8794744], [42.6719499, 43.8771389], [42.6718104, 43.876906899999994], [42.671456299999996, 43.877057699999995], [42.6709896, 43.87732069999999]]], [[[42.7525127, 43.9322079], [42.75211569999999, 43.9325015], [42.75093549999999, 43.9313039], [42.7501631, 43.931736599999994], [42.7500665, 43.9349585], [42.7512252, 43.934185899999996], [42.7519226, 43.932741], [42.7521479, 43.9326406], [42.7523839, 43.9328106], [42.7523947, 43.9343558], [42.7525663, 43.935028], [42.7516544, 43.9360092], [42.7510321, 43.9364033], [42.75071020000001, 43.9368205], [42.7504313, 43.937222199999994], [42.7500451, 43.9374231], [42.750130899999995, 43.9393545], [42.7501953, 43.9403434], [42.75133249999999, 43.940467], [42.7522981, 43.940567400000006], [42.7527058, 43.9401888], [42.7532315, 43.9399107], [42.7538431, 43.9399648], [42.7540898, 43.939864400000005], [42.7546477, 43.9394704], [42.7550018, 43.9388601], [42.75546309999999, 43.9382265], [42.7561605, 43.9379716], [42.75650379999999, 43.9376394], [42.756632599999996, 43.93704449999999], [42.7578986, 43.93577739999999], [42.758606699999994, 43.9347499], [42.7592933, 43.933397799999995], [42.7599907, 43.9326792], [42.75780199999999, 43.9308017], [42.7572763, 43.9307862], [42.754358, 43.933629599999996], [42.75380009999999, 43.93232379999999], [42.7531564, 43.93245520000001], [42.7525127, 43.9322079]]], [[[42.7954173, 43.83786229999999], [42.79500959999999, 43.838071199999995], [42.7962327, 43.8397118], [42.7951813, 43.8400213], [42.7944195, 43.8393791], [42.793818699999996, 43.8390927], [42.793003299999995, 43.8389612], [42.79369, 43.84063269999999], [42.79238099999999, 43.8405476], [42.79025669999999, 43.8405398], [42.79025669999999, 43.8414452], [42.789130199999995, 43.8419172], [42.788432799999995, 43.8417083], [42.787767599999995, 43.84378209999999], [42.786769899999996, 43.8429309], [42.7843559, 43.843797599999995], [42.78509619999999, 43.8448422], [42.7842164, 43.8454303], [42.7832937, 43.8458868], [42.78324009999999, 43.8461344], [42.7835834, 43.8467921], [42.7833366, 43.8472177], [42.7826929, 43.84749620000001], [42.78182389999999, 43.847945], [42.782017, 43.8486182], [42.78170579999999, 43.84901279999999], [42.78052569999999, 43.84945379999999], [42.779957, 43.8495698], [42.7788734, 43.849918], [42.7756548, 43.851318400000004], [42.7731657, 43.8525331], [42.768251899999996, 43.85395669999999], [42.7743137, 43.8539103], [42.7764809, 43.8530128], [42.7775752, 43.852478999999995], [42.7784979, 43.851976099999995], [42.77961369999999, 43.8518213], [42.7807081, 43.8515583], [42.7823067, 43.8510399], [42.7840984, 43.8503513], [42.7879929, 43.847132599999995], [42.789494999999995, 43.845763], [42.7906108, 43.8448345], [42.79253119999999, 43.84341070000001], [42.79331439999999, 43.8425672], [42.7942908, 43.8416309], [42.79498809999999, 43.8413059], [42.7983248, 43.8402922], [42.799741, 43.83949509999999], [42.8001058, 43.8390308], [42.7996981, 43.83817959999999], [42.7980244, 43.8376533], [42.7975416, 43.8371194], [42.7972412, 43.8371735], [42.796855, 43.837514], [42.7960825, 43.837614599999995], [42.7954173, 43.83786229999999]]], [[[42.7479744, 43.850359], [42.751514900000004, 43.8535853], [42.750206, 43.8542661], [42.7515256, 43.85519450000001], [42.7527165, 43.8555736], [42.7534246, 43.8564633], [42.7529526, 43.857391699999994], [42.7526522, 43.8577243], [42.75248049999999, 43.8582504], [42.7532744, 43.858111099999995], [42.75404689999999, 43.858761], [42.75535579999999, 43.85784809999999], [42.7549696, 43.857267900000004], [42.7551949, 43.8548154], [42.7564609, 43.8524248], [42.75720119999999, 43.8510708], [42.75991559999999, 43.85181359999999], [42.76081679999999, 43.8505447], [42.7604949, 43.848138399999996], [42.761449799999994, 43.8475813], [42.7621686, 43.84716349999999], [42.76264069999999, 43.84646709999999], [42.762747999999995, 43.843967799999994], [42.7641535, 43.8431244], [42.76502249999999, 43.841584499999996], [42.76744719999999, 43.8410506], [42.7685952, 43.84101189999999], [42.76915309999999, 43.8414684], [42.7697325, 43.8425905], [42.77295109999999, 43.842211299999995], [42.7739167, 43.841530299999995], [42.7763843, 43.8412904], [42.77737139999999, 43.8394642], [42.7769905, 43.8394139], [42.775665499999995, 43.8394177], [42.7747214, 43.83936739999999], [42.7743137, 43.83933650000001], [42.774120599999996, 43.8391353], [42.774029399999996, 43.8386284], [42.773391, 43.8381099], [42.772575599999996, 43.8378313], [42.7721357, 43.83786229999999], [42.7715564, 43.83829560000001], [42.7714813, 43.8385742], [42.770558599999994, 43.83828789999999], [42.7701187, 43.83828789999999], [42.7695608, 43.83836530000001], [42.7686059, 43.8389457], [42.76516199999999, 43.8395029], [42.76373499999999, 43.8398821], [42.7627051, 43.8402458], [42.7624583, 43.8413059], [42.7621794, 43.8426292], [42.7603662, 43.843016099999986], [42.75979759999999, 43.8427375], [42.7594221, 43.8423119], [42.7593255, 43.841963699999994], [42.758477899999995, 43.842087500000005], [42.7539396, 43.842505300000006], [42.7516329, 43.8424976], [42.7534997, 43.84503569999999], [42.7525556, 43.845058900000005], [42.7514934, 43.8450666], [42.749830499999995, 43.8459565], [42.7498412, 43.8474189], [42.7496803, 43.8480069], [42.74739499999999, 43.847387899999994], [42.74645089999999, 43.8472564], [42.746193399999996, 43.84777480000001], [42.745045399999995, 43.8482081], [42.744111999999994, 43.847813499999994], [42.7432859, 43.848564], [42.7423525, 43.84895860000001], [42.7419984, 43.849554399999995], [42.7414405, 43.8500728], [42.740947, 43.85099350000001], [42.7400243, 43.851302999999994], [42.73928399999999, 43.8515273], [42.7380824, 43.852301], [42.7368271, 43.8529045], [42.73749229999999, 43.85411920000001], [42.74227739999999, 43.8514809], [42.745378, 43.85095479999999], [42.7461398, 43.8512178], [42.7479744, 43.850359]]], [[[42.8396308, 43.8420797], [42.8375173, 43.84225], [42.835392899999995, 43.843627399999995], [42.835553899999994, 43.84440119999999], [42.8366053, 43.8445946], [42.83722759999999, 43.8452833], [42.8371739, 43.84622730000001], [42.8378284, 43.8464903], [42.8365838, 43.84792949999999], [42.8363585, 43.8493145], [42.8368199, 43.8492371], [42.83721679999999, 43.8491985], [42.83729189999999, 43.849554399999995], [42.83710959999999, 43.849832899999996], [42.837013000000006, 43.85011920000001], [42.83707739999999, 43.850243], [42.8377962, 43.8502585], [42.8377962, 43.850730399999996], [42.837088099999995, 43.8509084], [42.83762449999999, 43.8518445], [42.8371525, 43.8525641], [42.8371739, 43.853183], [42.837238299999996, 43.8542043], [42.8378177, 43.85419649999999], [42.83797859999999, 43.855798], [42.8385794, 43.8563318], [42.83943769999999, 43.8576315], [42.83948060000001, 43.8588306], [42.8400707, 43.8581962], [42.84001709999999, 43.8578017], [42.8405428, 43.8575386], [42.84010289999999, 43.8569894], [42.84025309999999, 43.8561152], [42.8413367, 43.8543126], [42.842023399999995, 43.85428159999999], [42.841744399999996, 43.8531908], [42.84101489999999, 43.8516743], [42.83931969999999, 43.8501424], [42.839845399999994, 43.8485098], [42.8402746, 43.8472177], [42.84208769999999, 43.8470397], [42.8423452, 43.84573209999999], [42.842688499999994, 43.84522139999999], [42.84333229999999, 43.845267799999995], [42.8438365, 43.8447029], [42.84340739999999, 43.8441458], [42.84333229999999, 43.84311670000001], [42.84212209999999, 43.8419258], [42.840811, 43.8425208], [42.8401458, 43.842605899999995], [42.8398025, 43.8425518], [42.8396308, 43.8420797]]], [[[42.7560532, 43.924851800000006], [42.7564287, 43.9197206], [42.7569437, 43.91870819999999], [42.75823119999999, 43.9177653], [42.760140899999996, 43.91779629999999], [42.76085969999999, 43.9178272], [42.76114940000001, 43.917178], [42.7595401, 43.91681479999999], [42.75913239999999, 43.916227400000004], [42.7585745, 43.9159723], [42.757962899999995, 43.91601099999999], [42.7573728, 43.9159955], [42.7568257, 43.9158641], [42.7543473, 43.9182832], [42.7514827, 43.92535409999999], [42.75341389999999, 43.92552409999999], [42.7560532, 43.924851800000006]]], [[[42.770730199999996, 43.9279118], [42.7702582, 43.927765], [42.7697217, 43.9277341], [42.7689814, 43.92812820000001], [42.7689493, 43.9285686], [42.7703762, 43.93016039999999], [42.7714705, 43.9298976], [42.771609999999995, 43.92970449999999], [42.77126669999999, 43.9289163], [42.770730199999996, 43.9279118]]], [[[43.14567999999999, 44.07464550000001], [43.1465699, 44.07500189999999], [43.15367309999999, 44.0775242], [43.159491499999994, 44.08012999999999], [43.166464899999994, 44.08309559999999], [43.174413099999995, 44.086379699999995], [43.1784507, 44.0881599], [43.1842836, 44.0906005], [43.185762399999994, 44.0911555], [43.18741169999999, 44.0916442], [43.19040549999999, 44.096455199999994], [43.1924404, 44.096879], [43.19414319999999, 44.0973416], [43.1952102, 44.0997306], [43.19527990000001, 44.1000729], [43.1973786, 44.0998971], [43.198400799999995, 44.10147], [43.198380400000005, 44.1037886], [43.1978771, 44.104943], [43.1997316, 44.107977], [43.1981305, 44.1096817], [43.1978767, 44.1098427], [43.1978734, 44.1099329], [43.2003263, 44.1099682], [43.2036893, 44.10910679999999], [43.2053149, 44.1083419], [43.2070553, 44.1089458], [43.2080587, 44.1114885], [43.21148250000001, 44.1099565], [43.2127989, 44.110938700000005], [43.213924399999996, 44.111050999999996], [43.2145053, 44.11403419999999], [43.21607639999999, 44.11385859999999], [43.2182118, 44.11362], [43.2193518, 44.1144173], [43.220987799999996, 44.1141503], [43.2206253, 44.1156916], [43.22385239999999, 44.114971], [43.2255413, 44.11431689999999], [43.22732859999999, 44.1136247], [43.2316317, 44.1169831], [43.231414300000004, 44.113614399999996], [43.21951589999999, 44.111772499999994], [43.22202219999999, 44.11084919999999], [43.2226939, 44.1085632], [43.2293824, 44.1085615], [43.2333283, 44.10712699999999], [43.23610519999999, 44.106117499999996], [43.23958149999999, 44.10120379999999], [43.2485849, 44.088475800000005], [43.24524, 44.0875461], [43.2342725, 44.091953399999994], [43.2332391, 44.0912142], [43.23289599999999, 44.0864819], [43.2329916, 44.075498], [43.233267, 44.0741637], [43.23379049999999, 44.0736389], [43.2335239, 44.04375089999999], [43.25334889999999, 44.0438021], [43.314089599999996, 44.0442805], [43.358527300000006, 44.0444956], [43.358596, 44.03551110000001], [43.37324499999999, 44.035539500000006], [43.382170699999996, 44.0354465], [43.3833314, 44.035433399999995], [43.3833997, 44.026493699999996], [43.403923999999996, 44.02653560000001], [43.4075108, 44.026532], [43.408403899999996, 44.0265428], [43.4084869, 44.02376790000001], [43.408435999999995, 44.0122935], [43.41156469999999, 44.0129553], [43.424044499999994, 43.99093119999999], [43.4130337, 43.9875633], [43.4121553, 43.9873263], [43.4014438, 43.9842145], [43.3935566, 43.9819573], [43.389277699999994, 43.98068200000001], [43.3841114, 43.97916179999999], [43.37768369999999, 43.9772668], [43.371568700000005, 43.9755001], [43.3524902, 43.969862899999995], [43.33804729999999, 43.9655654], [43.3334601, 43.964192399999995], [43.308634299999994, 43.956784], [43.302838799999996, 43.955102100000005], [43.297094799999996, 43.9534143], [43.2916698, 43.9518348], [43.28010859999999, 43.9485601], [43.26867250000001, 43.9450971], [43.2568706, 43.9416046], [43.2511607, 43.939959699999996], [43.2379275, 43.936077999999995], [43.2341025, 43.941679199999996], [43.2277449, 43.950420599999994], [43.2269235, 43.9530097], [43.2250081, 43.9590461], [43.189948799999996, 43.955939], [43.1890325, 43.95586930000001], [43.1796927, 43.9615107], [43.16394089999999, 43.9615376], [43.14610879999999, 43.9594901], [43.14475769999999, 43.95132769999999], [43.1448713, 43.9480355], [43.1565452, 43.939622], [43.15213719999999, 43.9367965], [43.15134259999999, 43.9347531], [43.149299199999994, 43.933163699999994], [43.145666399999996, 43.9318013], [43.143395899999994, 43.93077960000001], [43.1428283, 43.928281999999996], [43.141239, 43.9267494], [43.141011999999996, 43.9239112], [43.1406832, 43.9228377], [43.14198009999999, 43.9184068], [43.1448555, 43.908251], [43.14773220000001, 43.89561690000001], [43.1446624, 43.89552669999999], [43.141787, 43.895634900000005], [43.1367569, 43.8955447], [43.134443399999995, 43.8954467], [43.1322713, 43.893826700000005], [43.1312945, 43.8935431], [43.1295175, 43.8946678], [43.124036499999995, 43.8955129], [43.1233691, 43.8957399], [43.121659699999995, 43.8957122], [43.11990099999999, 43.8962301], [43.11576989999999, 43.8963025], [43.1129906, 43.8957813], [43.11080599999999, 43.8952507], [43.108021199999996, 43.894595499999994], [43.106371499999995, 43.894491300000006], [43.1038849, 43.8949039], [43.10162059999999, 43.8949563], [43.1004596, 43.89557310000001], [43.09966029999999, 43.8952501], [43.0983782, 43.8953566], [43.09707689999999, 43.8958742], [43.0952694, 43.89609109999999], [43.092572499999996, 43.8962412], [43.091243399999996, 43.8970879], [43.088903, 43.8977992], [43.0849131, 43.8977992], [43.083539599999995, 43.8976794], [43.0825424, 43.89736669999999], [43.080595599999995, 43.89703049999999], [43.0787356, 43.896251199999995], [43.0775387, 43.8962979], [43.075847599999996, 43.8971348], [43.0750661, 43.8965661], [43.0720391, 43.896875300000005], [43.0711055, 43.8983253], [43.06956219999999, 43.899011900000005], [43.06806919999999, 43.898997900000005], [43.066015199999995, 43.8993341], [43.06024059999999, 43.899584299999994], [43.0576408, 43.8995159], [43.0531439, 43.8973451], [43.0484894, 43.8965503], [43.0439483, 43.8980261], [43.0412237, 43.89745839999999], [43.0371119, 43.897050300000004], [43.0332859, 43.8975922], [43.028880699999995, 43.8976125], [43.02691949999999, 43.89847960000001], [43.025894099999995, 43.8994231], [43.023513699999995, 43.8995017], [43.022654, 43.9001498], [43.019534699999994, 43.9001404], [43.0146503, 43.89908299999999], [43.0081221, 43.8974837], [42.998775599999995, 43.89737529999999], [42.9965186, 43.8966554], [42.9925275, 43.8975522], [42.98956629999999, 43.89733580000001], [42.9863955, 43.8985542], [42.981440799999994, 43.8988742], [42.97708089999999, 43.89792959999999], [42.9732394, 43.89782430000001], [42.9688522, 43.8965437], [42.966580799999996, 43.8950735], [42.96408329999999, 43.8939382], [42.95908819999999, 43.8922352], [42.954433699999996, 43.889851099999994], [42.950233299999994, 43.8861047], [42.946259999999995, 43.8825854], [42.9434219, 43.88088239999999], [42.9402433, 43.8795201], [42.939051299999996, 43.87832809999999], [42.9371214, 43.8752628], [42.9349645, 43.8733329], [42.92486079999999, 43.87060809999999], [42.9227038, 43.869132300000004], [42.9185035, 43.865272299999994], [42.9005384, 43.8660788], [42.8661055, 43.8676908], [42.8670765, 43.86277410000001], [42.86912, 43.8607307], [42.8699147, 43.8591413], [42.8700283, 43.8565302], [42.8722989, 43.8534651], [42.8717313, 43.852528500000005], [42.87184489999999, 43.84776039999999], [42.8700286, 43.8454898], [42.86571459999999, 43.84355989999999], [42.859924899999996, 43.842311], [42.8543622, 43.8404945], [42.8550295, 43.819841399999994], [42.855725099999994, 43.8119995], [42.8549305, 43.80961549999999], [42.8553847, 43.8080261], [42.8547037, 43.8018957], [42.847551599999996, 43.80098739999999], [42.845167499999995, 43.8014415], [42.84267, 43.801328], [42.83971830000001, 43.800987299999996], [42.83869649999999, 43.8024632], [42.8367666, 43.80257670000001], [42.836085499999996, 43.8014414], [42.8352908, 43.8011008], [42.834042, 43.80166839999999], [42.83165799999999, 43.8015549], [42.824278899999996, 43.8006466], [42.8222354, 43.8016683], [42.817240299999995, 43.80144119999999], [42.8129263, 43.802689900000004], [42.8084987, 43.8054145], [42.80339, 43.80609549999999], [42.801233, 43.8071173], [42.7994166, 43.80723079999999], [42.7983949, 43.806549600000004], [42.7922645, 43.806549499999996], [42.7861341, 43.807230600000004], [42.781366, 43.8096146], [42.7776197, 43.809841600000006], [42.7728516, 43.8107497], [42.7678565, 43.8108632], [42.76320189999999, 43.8102955], [42.7599097, 43.81109010000001], [42.7554821, 43.8129065], [42.75173579999999, 43.813247], [42.74764879999999, 43.8149499], [42.7431645, 43.8159715], [42.7321525, 43.8192637], [42.7282926, 43.8184689], [42.72534099999999, 43.8182418], [42.7205729, 43.81778769999999], [42.71943769999999, 43.8185823], [42.7161454, 43.81869580000001], [42.7061553, 43.8151764], [42.7013872, 43.8149493], [42.6975274, 43.8133599], [42.692645799999994, 43.812905699999995], [42.6851531, 43.8110892], [42.6810662, 43.81074859999999], [42.6782891, 43.809695], [42.6766712, 43.81139759999999], [42.6752406, 43.81327350000001], [42.67403029999999, 43.81493879999999], [42.6721218, 43.816006], [42.67067419999999, 43.816130199999996], [42.6665698, 43.8158314], [42.66536229999999, 43.816329], [42.6638442, 43.816403199999996], [42.6627407, 43.816091], [42.6623843, 43.8154385], [42.66030189999999, 43.8155188], [42.659552399999995, 43.8162409], [42.6562642, 43.818938700000004], [42.6529262, 43.8218199], [42.649058399999994, 43.824137], [42.6474691, 43.82570199999999], [42.6465194, 43.82718800000001], [42.645799999999994, 43.8292932], [42.64538639999999, 43.831111199999995], [42.6463094, 43.833056799999994], [42.6452838, 43.8348342], [42.641650299999995, 43.838583899999996], [42.641984199999996, 43.83954949999999], [42.642474899999996, 43.840439499999995], [42.6417721, 43.8421149], [42.64068389999999, 43.8438745], [42.639534999999995, 43.84609379999999], [42.6402841, 43.846478], [42.6412209, 43.8474806], [42.64257979999999, 43.84855329999999], [42.64375789999999, 43.84882340000001], [42.6454366, 43.8493189], [42.646808799999995, 43.85005389999999], [42.6523769, 43.8542243], [42.653694699999996, 43.8552653], [42.6551447, 43.856186099999995], [42.6508133, 43.8634949], [42.6484994, 43.865753399999996], [42.6282406, 43.8920321], [42.6326517, 43.89120499999999], [42.6349304, 43.8916423], [42.6391503, 43.8929778], [42.6401561, 43.9174821], [42.6434906, 43.9169979], [42.6471745, 43.916275], [42.6518626, 43.9267566], [42.653482, 43.92881779999999], [42.6568858, 43.9309156], [42.660547, 43.932957099999996], [42.661435899999994, 43.93414279999999], [42.66093149999999, 43.93616029999999], [42.66020129999999, 43.9374359], [42.6578112, 43.937663400000005], [42.6547534, 43.93756989999999], [42.65204539999999, 43.93831309999999], [42.649954, 43.93851589999999], [42.6477071, 43.9394221], [42.6463489, 43.9404388], [42.645531899999995, 43.9406678], [42.644006, 43.9405441], [42.6428855, 43.9409204], [42.6399344, 43.9424265], [42.63864639999999, 43.9427379], [42.63336319999999, 43.9429972], [42.6310942, 43.943380299999994], [42.6266304, 43.9441931], [42.62469589999999, 43.944509200000006], [42.62263599999999, 43.944725299999995], [42.61789850000001, 43.945250200000004], [42.618924299999996, 43.9482421], [42.6184041, 43.948662199999994], [42.6198739, 43.9530988], [42.6270611, 43.9518113], [42.62491570000001, 43.9735778], [42.6094236, 43.97159539999999], [42.5842296, 43.9713324], [42.58070609999999, 43.9726498], [42.579146, 43.9733541], [42.57833579999999, 43.974442999999994], [42.5781742, 43.97938059999999], [42.57818929999999, 43.997240600000005], [42.5781418, 44.0021379], [42.5801961, 44.015229299999994], [42.5800246, 44.0187228], [42.5805193, 44.0201312], [42.5832133, 44.024074999999996], [42.5845675, 44.0261459], [42.5394634, 44.0262305], [42.53678419999999, 44.0261189], [42.5236767, 44.0263021], [42.5026366, 44.0263969], [42.5015125, 44.0247745], [42.50036519999999, 44.0237048], [42.497642799999994, 44.0216173], [42.4958071, 44.0207168], [42.4876401, 44.0185095], [42.4856371, 44.01754379999999], [42.4817966, 44.0157385], [42.480489999999996, 44.01441919999999], [42.4795838, 44.0116955], [42.4794507, 44.00880440000001], [42.4801554, 44.006239], [42.4801577, 44.0001556], [42.4798851, 43.998551899999995], [42.47807999999999, 43.994947999999994], [42.4769935, 43.9924659], [42.4770482, 43.9911767], [42.47771109999999, 43.98959359999999], [42.47908279999999, 43.9873503], [42.479322999999994, 43.985696399999995], [42.4797827, 43.98287989999999], [42.48112299999999, 43.98137319999999], [42.4813346, 43.9803947], [42.4858796, 43.9795731], [42.4948222, 43.9794009], [42.49571889999999, 43.9783145], [42.495361, 43.976709], [42.494359, 43.97422900000001], [42.49228060000001, 43.9710494], [42.49218549999999, 43.9692653], [42.491644799999996, 43.967962899999996], [42.49082829999999, 43.96714610000001], [42.489723299999994, 43.96712180000001], [42.4859417, 43.9680219], [42.4833994, 43.967781499999994], [42.481302899999996, 43.9670594], [42.48022389999999, 43.966421000000004], [42.4792837, 43.9665231], [42.478577599999994, 43.9671221], [42.47846409999999, 43.96779550000001], [42.4789812, 43.9696505], [42.4789986, 43.971248499999994], [42.47853719999999, 43.972098599999995], [42.474811499999994, 43.97367549999999], [42.46891589999999, 43.9762487], [42.467300699999996, 43.9762129], [42.4665564, 43.97570480000001], [42.4664283, 43.97471879999999], [42.4675279, 43.97087179999999], [42.4672296, 43.969882], [42.46625389999999, 43.968815699999986], [42.4649148, 43.968294400000005], [42.4633102, 43.968012900000005], [42.462545199999994, 43.9679959], [42.461411399999996, 43.968646799999995], [42.461295, 43.96938149999999], [42.4614204, 43.970429], [42.461716, 43.9714802], [42.4610791, 43.97244919999999], [42.45958679999999, 43.9735221], [42.4571069, 43.975802], [42.454947499999996, 43.9765528], [42.45436289999999, 43.9762939], [42.4538072, 43.9753598], [42.4536818, 43.974312399999995], [42.4538429, 43.9725339], [42.4544598, 43.97104220000001], [42.454362399999994, 43.97033329999999], [42.4537419, 43.96992], [42.4531495, 43.9698453], [42.452628999999995, 43.97007959999999], [42.449457599999995, 43.97360359999999], [42.4475387, 43.9746976], [42.4459156, 43.9748456], [42.4444332, 43.9746895], [42.443563, 43.9741478], [42.4432918, 43.9735271], [42.443529399999996, 43.97294870000001], [42.4439767, 43.9724364], [42.4439659, 43.9716987], [42.443382799999995, 43.9714091], [42.44266019999999, 43.971393], [42.441747799999995, 43.971833399999994], [42.4394492, 43.973840499999994], [42.43866570000001, 43.9742531], [42.4380733, 43.97417829999999], [42.436999899999996, 43.9734169], [42.435955699999994, 43.97296330000001], [42.4347696, 43.9728444], [42.43230439999999, 43.97278899999999], [42.4309377, 43.9729119], [42.4278362, 43.9728113], [42.425697899999996, 43.97307049999999], [42.4249128, 43.97351359999999], [42.4248982, 43.9738512], [42.4253048, 43.9742906], [42.4275628, 43.9752018], [42.42851129999999, 43.975899], [42.4285671, 43.9765762], [42.4281156, 43.9771806], [42.4271233, 43.97749629999999], [42.425328699999994, 43.97767079999999], [42.42350759999999, 43.9774761], [42.4221767, 43.9767702], [42.4210835, 43.9754858], [42.4208538, 43.974896799999996], [42.4204752, 43.974796], [42.4199107, 43.975059800000004], [42.41935269999999, 43.97615329999999], [42.41832320000001, 43.9773283], [42.417761299999995, 43.977530699999996], [42.4169098, 43.9775422], [42.415216199999996, 43.977350200000004], [42.4142784, 43.97739049999999], [42.413666, 43.97777599999999], [42.41286089999999, 43.97867949999999], [42.4124663, 43.9789471], [42.4107687, 43.9788471], [42.40817299999999, 43.9788497], [42.4065314, 43.9784437], [42.40452049999999, 43.97772210000001], [42.4029812, 43.976918899999994], [42.4017449, 43.97599979999999], [42.4006482, 43.974807299999995], [42.4001569, 43.974365999999996], [42.398081399999995, 43.9731818], [42.3965647, 43.9728401], [42.39325749999999, 43.9725803], [42.3908322, 43.9725863], [42.3890364, 43.9727911], [42.3876737, 43.97282130000001], [42.38369869999999, 43.9722695], [42.3801697, 43.9722193], [42.3781682, 43.9722656], [42.377299699999995, 43.9723566], [42.3762448, 43.972467099999996], [42.373982, 43.97361339999999], [42.37235919999999, 43.9747129], [42.371017699999996, 43.976187499999995], [42.3703549, 43.9777085], [42.3704074, 43.97844709999999], [42.3706797, 43.97998960000001], [42.3708312, 43.9813757], [42.37014880000001, 43.98237400000001], [42.3696981, 43.98294729999999], [42.3685792, 43.9832289], [42.3678376, 43.9836419], [42.36760739999999, 43.984035899999995], [42.3677544, 43.9845617], [42.368493699999995, 43.985162499999994], [42.3699848, 43.9860879], [42.3706817, 43.986687700000004], [42.37087259999999, 43.987183699999996], [42.3707685, 43.9876114], [42.3699749, 43.9882384], [42.3695253, 43.9887811], [42.369374799999996, 43.9893], [42.36961219999999, 43.9897049], [42.370488699999996, 43.9900937], [42.373273, 43.9906494], [42.3751151, 43.991337], [42.3775694, 43.992622399999995], [42.37809779999999, 43.9931875], [42.37836969999999, 43.9937775], [42.37835950000001, 43.9949756], [42.378852099999996, 43.9953863], [42.380624299999994, 43.995734299999995], [42.38132829999999, 43.996180499999994], [42.38138769999999, 43.9967657], [42.38089420000001, 43.9973381], [42.37998240000001, 43.9977474], [42.37770859999999, 43.998156], [42.3753632, 43.9982558], [42.372923400000005, 43.9985684], [42.370559, 43.9990977], [42.3686239, 43.999544799999995], [42.3678272, 44.000233], [42.36770419999999, 44.0010905], [42.3681832, 44.0018082], [42.36958829999999, 44.0027623], [42.3702881, 44.003300800000005], [42.3703817, 44.0040711], [42.36408140000001, 44.0223299], [42.3582841, 44.03780410000001], [42.354216099999995, 44.0378795], [42.3505734, 44.036888], [42.35045790000001, 44.0356563], [42.35079799999999, 44.0337593], [42.35032549999999, 44.0309831], [42.34857420000001, 44.02823870000001], [42.345799299999996, 44.0255319], [42.3434885, 44.023880500000004], [42.338304599999994, 44.0236369], [42.33475049999999, 44.0250287], [42.33022729999999, 44.0271352], [42.3297197, 44.0270619], [42.3282529, 44.0265359], [42.3250407, 44.0259999], [42.3224348, 44.0261846], [42.32096359999999, 44.02670309999999], [42.319606199999996, 44.02753160000001], [42.3184101, 44.0295006], [42.3167355, 44.0307516], [42.31536299999999, 44.03096519999999], [42.31064009999999, 44.02993229999999], [42.30556049999999, 44.02925950000001], [42.3034082, 44.0291368], [42.3024513, 44.0294499], [42.302225699999994, 44.02954939999999], [42.3000206, 44.031217899999994], [42.2962629, 44.03518460000001], [42.2932788, 44.03898529999999], [42.29297879999999, 44.039961299999995], [42.2931809, 44.0411336], [42.2953553, 44.04763729999999], [42.29800039999999, 44.04942059999999], [42.2987957, 44.0506683], [42.298737, 44.0519574], [42.298689599999996, 44.053000899999994], [42.298903, 44.05392770000001], [42.2996355, 44.0546824], [42.3009583, 44.055574], [42.306618199999996, 44.0585342], [42.3154033, 44.0621208], [42.3186538, 44.0637335], [42.32021869999999, 44.064937699999994], [42.323368499999994, 44.072569900000005], [42.323782599999994, 44.0747303], [42.3229961, 44.0770469], [42.322088599999994, 44.0801595], [42.32216739999999, 44.0821891], [42.32305829999999, 44.0870031], [42.3241426, 44.0894249], [42.3244076, 44.0916503], [42.323612999999995, 44.09385210000001], [42.3234129, 44.0946436], [42.32347719999999, 44.0957531], [42.324271200000005, 44.09623090000001], [42.3255557, 44.0964968], [42.3261364, 44.09677039999999], [42.3275971, 44.097325], [42.3286056, 44.097402], [42.32907769999999, 44.0979568], [42.3282194, 44.0981879], [42.3275757, 44.098603999999995], [42.328708199999994, 44.0988958], [42.33139559999999, 44.1006555], [42.3317352, 44.1008465], [42.3348713, 44.102610399999996], [42.3372264, 44.104504600000006], [42.3389995, 44.1066943], [42.3486651, 44.111826], [42.3522885, 44.1139839], [42.3349932, 44.133837], [42.35800259999999, 44.144584], [42.3610925, 44.14507669999999], [42.3783009, 44.152135900000005], [42.3782759, 44.1633976], [42.37856409999999, 44.16667749999999], [42.3797116, 44.1681522], [42.394115899999996, 44.1695846], [42.4407899, 44.1700926], [42.440957999999995, 44.1861893], [42.44113209999999, 44.202110499999996], [42.44538, 44.2001055], [42.448837899999994, 44.197171899999994], [42.455776099999994, 44.19671220000001], [42.4656733, 44.1949661], [42.4715209, 44.19331509999999], [42.4698262, 44.19472029999999], [42.46970929999999, 44.19545509999998], [42.4699685, 44.19638239999999], [42.46990099999999, 44.196964799999996], [42.4694119, 44.197414800000004], [42.468533599999994, 44.197979], [42.4681686, 44.198524], [42.468181599999994, 44.20021409999999], [42.46788879999999, 44.2010678], [42.467237499999996, 44.2023131], [42.46720319999999, 44.2031111], [42.4674106, 44.2042526], [42.468045999999994, 44.20537269999999], [42.46878639999999, 44.2060343], [42.4719355, 44.2073023], [42.47305089999999, 44.2081873], [42.474380499999995, 44.2100602], [42.4758066, 44.2126725], [42.476689, 44.2140132], [42.47776329999999, 44.21486649999999], [42.4799511, 44.2156522], [42.481052999999996, 44.21586079999999], [42.48323349999999, 44.21581669999999], [42.4859859, 44.21538579999999], [42.4884252, 44.215285900000005], [42.4993955, 44.2149211], [42.503209299999995, 44.21500050000001], [42.50321579999999, 44.2243835], [42.5090962, 44.22443909999999], [42.5279413, 44.224332499999996], [42.53028689999999, 44.22408440000001], [42.552023299999995, 44.22379519999999], [42.55271369999999, 44.2462999], [42.5531353, 44.269105999999994], [42.6100616, 44.269443], [42.6097058, 44.28636339999999], [42.609706, 44.29003449999999], [42.608568399999996, 44.31184979999999], [42.610595399999994, 44.3109663], [42.6128974, 44.310097999999996], [42.616384700000005, 44.308747], [42.61643339999999, 44.3087406], [42.6184013, 44.3084971], [42.62064819999999, 44.307128199999994], [42.6229877, 44.306405899999994], [42.625426899999994, 44.30556429999999], [42.626720399999996, 44.3054391], [42.631706199999996, 44.3041803], [42.6326558, 44.30435049999999], [42.63631939999999, 44.30360819999999], [42.63775739999999, 44.303392], [42.637922, 44.3033595], [42.641104299999995, 44.30219770000001], [42.641647299999995, 44.302663], [42.6417997, 44.30236339999999], [42.6440485, 44.3023089], [42.64577239999999, 44.30133549999999], [42.64838, 44.3010865], [42.649612700000006, 44.3001029], [42.6521821, 44.299045899999996], [42.653333499999995, 44.2989258], [42.6533343, 44.29869899999999], [42.6533444, 44.29661459999999], [42.65337499999999, 44.2951759], [42.6538661, 44.281645899999994], [42.6531959, 44.276974599999996], [42.6530876, 44.266211299999995], [42.6529557, 44.2544473], [42.65307129999999, 44.242418699999995], [42.6535678, 44.2422335], [42.66221839999999, 44.24225739999999], [42.7449364, 44.24232669999999], [42.7451457, 44.2252534], [42.7448773, 44.2250366], [42.7428681, 44.22341359999999], [42.7442993, 44.215209599999994], [42.7425271, 44.2148696], [42.7438192, 44.212369], [42.749876699999994, 44.20782439999999], [42.7494007, 44.20041199999999], [42.746482799999995, 44.1945745], [42.745041199999996, 44.1913219], [42.7434835, 44.18742139999999], [42.7509225, 44.185683399999995], [42.7600209, 44.1837343], [42.7652627, 44.182583], [42.77155919999999, 44.1811886], [42.7751932, 44.1804162], [42.78463279999999, 44.178385899999995], [42.78954950000001, 44.1772572], [42.7909831, 44.1769371], [42.7987443, 44.17463500000001], [42.8076452, 44.1727006], [42.8099464, 44.17201969999999], [42.826276799999995, 44.16712890000001], [42.8364518, 44.191319199999995], [42.84331159999999, 44.2076501], [42.8453364, 44.2117838], [42.8496534, 44.2108675], [42.852678999999995, 44.20982709999999], [42.8556598, 44.2089141], [42.857086499999994, 44.2073142], [42.86570869999999, 44.2039446], [42.86854189999999, 44.201313500000005], [42.87032709999999, 44.200464], [42.87014959999999, 44.1972377], [42.872864799999995, 44.1970068], [42.8766595, 44.1951735], [42.8807052, 44.193102800000005], [42.88563249999999, 44.1888677], [42.887302999999996, 44.18755540000001], [42.8890169, 44.1876027], [42.891913599999995, 44.1896959], [42.893104599999994, 44.1914071], [42.9006432, 44.20011949999999], [42.90250329999999, 44.2029002], [42.9146843, 44.2027881], [42.9213507, 44.2021484], [42.9270299, 44.201825799999995], [42.9297521, 44.2032911], [42.9364372, 44.20307029999999], [42.937414, 44.2030378], [42.9398053, 44.2043676], [42.93970329999999, 44.2071887], [42.9403641, 44.2071727], [42.94067809999999, 44.20566409999999], [42.941043099999995, 44.20644380000001], [42.9408735, 44.21200079999999], [42.94190689999999, 44.2143565], [42.9419074, 44.21531649999999], [42.9419085, 44.21749340000001], [42.9419356, 44.2193518], [42.939114499999995, 44.221197], [42.9385902, 44.2245199], [42.9399329, 44.225102], [42.943308599999995, 44.2256859], [42.9451214, 44.2233595], [42.94705479999999, 44.22068859999999], [42.95309369999999, 44.2212164], [42.9539211, 44.2217156], [42.954719299999994, 44.22167699999999], [42.9551394, 44.220818], [42.9565793, 44.22039929999999], [42.9619049, 44.221104999999994], [42.96349109999999, 44.2193945], [42.96610429999999, 44.2184727], [42.9675821, 44.2071056], [42.9708996, 44.20697229999999], [42.9756239, 44.2067824], [42.97807300000001, 44.2063934], [42.9796327, 44.20614569999999], [42.97991729999999, 44.2044491], [42.979543799999995, 44.1872664], [43.006603399999996, 44.1873683], [43.00804519999999, 44.18740040000001], [43.009363199999996, 44.1872842], [43.009862299999995, 44.1885436], [43.01024519999999, 44.1897349], [43.01098319999999, 44.1896703], [43.01135539999999, 44.19046689999999], [43.010658, 44.1907105], [43.0107347, 44.191141599999995], [43.01431470000001, 44.1923259], [43.0150479, 44.19181309999999], [43.0174202, 44.1923767], [43.018484199999996, 44.1912863], [43.01988049999999, 44.19199059999999], [43.0209915, 44.1927944], [43.02232719999999, 44.191693199999996], [43.0230884, 44.1917332], [43.02384549999999, 44.1923516], [43.025115099999994, 44.1916208], [43.026444999999995, 44.19196709999999], [43.02785159999999, 44.19220519999999], [43.0285624, 44.19315579999999], [43.0303624, 44.1930037], [43.0306382, 44.1926944], [43.031011799999995, 44.192355199999994], [43.0320267, 44.19233669999999], [43.03254739999999, 44.1918513], [43.033316, 44.1914007], [43.03406739999999, 44.19202669999999], [43.034617499999996, 44.1914305], [43.0356774, 44.191605599999995], [43.036222599999995, 44.19137429999999], [43.03682429999999, 44.1907515], [43.038277, 44.190101199999994], [43.0404991, 44.190202899999996], [43.0401048, 44.1874571], [43.0412461, 44.18613289999999], [43.041355499999995, 44.18135519999999], [43.0409544, 44.180832099999996], [43.04095999999999, 44.17513389999999], [43.0355075, 44.177150399999995], [43.03153069999999, 44.1731693], [43.03131439999999, 44.171800399999995], [43.0320632, 44.171090899999996], [43.0300946, 44.1690323], [43.032586, 44.1679896], [43.03441959999999, 44.167028499999994], [43.03540189999999, 44.1661664], [43.0349118, 44.16602439999999], [43.0316126, 44.16491500000001], [43.0300983, 44.1636926], [43.0296878, 44.16355149999999], [43.02963140000001, 44.16375320000001], [43.0283861, 44.1639711], [43.02739919999999, 44.164321], [43.0266223, 44.1660031], [43.02634799999999, 44.1660317], [43.02285559999999, 44.1654218], [43.02262629999999, 44.1646507], [43.0198444, 44.1630642], [43.017028499999995, 44.1618398], [43.01648350000001, 44.16095549999999], [43.00639569999999, 44.1608517], [43.00376059999999, 44.1609975], [43.003408699999994, 44.1602879], [43.003307899999996, 44.159002799999996], [43.0028132, 44.1583258], [43.0032011, 44.15749100000001], [43.0031705, 44.15686279999999], [43.0031533, 44.15650860000001], [43.0031796, 44.1561474], [43.0019318, 44.15607889999999], [43.0016839, 44.15569039999999], [43.001441799999995, 44.1554528], [43.0008209, 44.1544781], [43.0005392, 44.1539547], [43.00006719999999, 44.15313830000001], [42.99869660000001, 44.1532484], [42.998307200000006, 44.1531659], [42.9980475, 44.15311749999999], [42.9965665, 44.1516289], [42.9944863, 44.1526737], [42.99363509999999, 44.1524751], [42.993476799999996, 44.1525138], [42.9932158, 44.15197239999999], [42.99315469999999, 44.151859200000004], [42.9932836, 44.1517121], [42.993477, 44.1516145], [42.9928279, 44.150803], [42.99278, 44.1506745], [42.99281669999999, 44.1504707], [42.9929257, 44.1499874], [42.99327929999999, 44.1497445], [42.993912599999994, 44.14933359999999], [42.9944476, 44.1489377], [42.99336069999999, 44.14776330000001], [42.9929094, 44.14733090000001], [42.992690599999996, 44.147103699999995], [42.9925326, 44.1465569], [42.992156400000006, 44.14635500000001], [42.99182089999999, 44.1461706], [42.99138589999999, 44.145934499999996], [42.99029060000001, 44.1446763], [42.99017179999999, 44.1441356], [42.98937709999999, 44.1424603], [42.98658679999999, 44.1441472], [42.9851675, 44.1449304], [42.9835358, 44.1449548], [42.9835985, 44.1418044], [42.981627, 44.1383189], [42.98117979999999, 44.1380201], [42.98090079999999, 44.13751039999999], [42.9807739, 44.1372302], [42.97924189999999, 44.1338479], [42.97907849999999, 44.13348980000001], [42.97953789999999, 44.1317407], [42.98092669999999, 44.131426899999994], [42.9810709, 44.131630900000005], [42.981236499999994, 44.1318525], [42.983731, 44.1302941], [42.98455009999999, 44.1291208], [42.9882279, 44.123920399999996], [42.98534349999999, 44.1254689], [42.98049459999999, 44.12704229999999], [42.975887, 44.1266264], [42.9740607, 44.1264573], [42.96639119999999, 44.1257469], [42.96639119999999, 44.121569], [42.94280479999999, 44.1226685], [42.941684, 44.12059899999999], [42.9358165, 44.1154419], [42.932027299999994, 44.1155252], [42.9308009, 44.11643659999999], [42.924996699999994, 44.1180262], [42.92118839999999, 44.117847], [42.92028989999999, 44.1172175], [42.91356989999999, 44.117578599999995], [42.910111699999995, 44.1187027], [42.9069501, 44.1193237], [42.9056897, 44.1170865], [42.904421199999994, 44.11556039999999], [42.9090654, 44.1124954], [42.9163719, 44.10928619999999], [42.93154789999999, 44.10275039999999], [42.9342403, 44.1012452], [42.9438324, 44.1010251], [42.943253399999996, 44.097552500000006], [42.95989469999999, 44.096311699999994], [42.9609849, 44.095169999999996], [42.96333, 44.093507], [42.9656158, 44.09169479999999], [42.965599899999994, 44.0971962], [42.96696579999999, 44.0978724], [42.96760569999999, 44.09825070000001], [42.9702534, 44.0985389], [42.9702904, 44.098504999999996], [42.9708052, 44.0980323], [42.9712552, 44.0976191], [42.97263670000001, 44.097702000000005], [42.9762955, 44.095920799999995], [42.9775483, 44.09531089999999], [42.977386499999994, 44.0940593], [42.97713139999999, 44.0928569], [42.97817349999999, 44.0923918], [42.9755786, 44.08957900000001], [42.97057159999999, 44.0860765], [42.971252199999995, 44.0855187], [42.97210549999999, 44.08485610000001], [42.9767623, 44.0866552], [42.97966639999999, 44.087716799999995], [42.9800472, 44.08720929999999], [42.981116, 44.0875205], [42.98090139999999, 44.0879308], [42.98234719999999, 44.0881206], [42.9829777, 44.086985899999995], [42.9865959, 44.0871454], [42.98645369999999, 44.08277729999999], [42.9914679, 44.08270419999999], [42.9914056, 44.0779645], [42.9917289, 44.0773978], [42.992297699999995, 44.07547099999999], [42.9924704, 44.075064399999995], [42.9869509, 44.0758256], [42.985242799999995, 44.07373079999999], [42.9869287, 44.0723385], [42.986814499999994, 44.0719373], [42.9856198, 44.0691822], [42.985855199999996, 44.0690855], [42.9844133, 44.0653734], [42.98396489999999, 44.06484270000001], [42.9811757, 44.067948], [42.9805014, 44.067653], [42.97786659999999, 44.06763339999999], [42.9785797, 44.0656468], [42.9785547, 44.0641411], [42.977019899999995, 44.063938799999995], [42.9773846, 44.0614263], [42.97831209999999, 44.0611194], [42.977786099999996, 44.059535200000006], [42.97623109999999, 44.0598464], [42.9758493, 44.058614399999996], [42.9597223, 44.058241699999996], [42.9592535, 44.0580319], [42.9580105, 44.05786019999999], [42.955467799999994, 44.05634630000001], [42.9524199, 44.05640579999999], [42.9523378, 44.05686930000001], [42.95054619999999, 44.056618500000006], [42.947570199999994, 44.05659980000001], [42.94718949999999, 44.0570724], [42.9471636, 44.057401899999995], [42.9470076, 44.057589], [42.94640079999999, 44.0610174], [42.94636020000001, 44.0634144], [42.9453439, 44.06427570000001], [42.9430814, 44.06619299999999], [42.9409277, 44.067401399999994], [42.93888509999999, 44.068313999999994], [42.93643049999999, 44.0690063], [42.93485439999999, 44.06956459999999], [42.93125539999999, 44.07026439999999], [42.9129724, 44.0704767], [42.9122123, 44.07047279999999], [42.86991559999999, 44.070403], [42.8663742, 44.0703952], [42.8656544, 44.070396], [42.8551691, 44.0703171], [42.8404416, 44.0707275], [42.836479399999995, 44.0708379], [42.82277239999999, 44.0713051], [42.8209013, 44.0708287], [42.819739, 44.070178199999994], [42.81941659999999, 44.0701527], [42.8157315, 44.064484], [42.814245, 44.06534009999999], [42.8132787, 44.0654004], [42.8124103, 44.06528159999999], [42.81156609999999, 44.0649915], [42.810697399999995, 44.06437609999999], [42.8101213, 44.06431189999999], [42.81007339999999, 44.057659], [42.810465, 44.054687099999995], [42.8099756, 44.0545992], [42.8100827, 44.0537737], [42.8103304, 44.05378139999999], [42.810416, 44.053412099999996], [42.8107831, 44.053350599999995], [42.8116205, 44.0505026], [42.8114805, 44.0498244], [42.8107097, 44.0490858], [42.8084462, 44.0490066], [42.8071248, 44.0482943], [42.80557219999999, 44.0478266], [42.805705599999996, 44.0474589], [42.8093026, 44.0474149], [42.810807499999996, 44.0472127], [42.811823, 44.04680820000001], [42.812801799999995, 44.0456737], [42.813401299999995, 44.0452868], [42.8149552, 44.0449878], [42.815991, 44.044206], [42.81803409999999, 44.040637600000004], [42.81908249999999, 44.0381723], [42.8209826, 44.0340039], [42.8210236, 44.032111400000005], [42.8203372, 44.0295386], [42.81742289999999, 44.02531669999999], [42.8140742, 44.0233409], [42.810415, 44.02174769999999], [42.806877799999995, 44.0201115], [42.804883499999995, 44.0190294], [42.8031729, 44.01785079999999], [42.80016079999999, 44.01545070000001], [42.7990368, 44.014796], [42.7975998, 44.0124426], [42.7967267, 44.01088240000001], [42.795443399999996, 44.005886999999994], [42.796898999999996, 44.005999], [42.79701409999999, 44.0063684], [42.797232799999996, 44.006691399999994], [42.7975694, 44.006980600000006], [42.7978515, 44.0072699], [42.79799919999999, 44.0074702], [42.7983004, 44.00788419999999], [42.79879639999999, 44.0086132], [42.7990902, 44.00894019999999], [42.79954149999999, 44.0091801], [42.800097699999995, 44.0093665], [42.800744, 44.0096088], [42.8016555, 44.009956499999994], [42.802540199999996, 44.0102863], [42.8034508, 44.010590799999996], [42.80399229999999, 44.0107675], [42.8046765, 44.010899099999996], [42.8048274, 44.0103233], [42.8052513, 44.0104726], [42.8057185, 44.0103731], [42.8061943, 44.0101304], [42.806272199999995, 44.0099064], [42.80670469999999, 44.0097695], [42.80702109999999, 44.00977149999999], [42.80777719999999, 44.010668499999994], [42.8084179, 44.011094699999994], [42.81014799999999, 44.0114993], [42.8117054, 44.0122395], [42.8143136, 44.0121209], [42.8143602, 44.01110190000001], [42.816351, 44.011206800000004], [42.818271599999996, 44.0111446], [42.819335699999996, 44.01139189999999], [42.81944819999999, 44.0111882], [42.82104, 44.0110264], [42.8214207, 44.01088949999999], [42.8240393, 44.01059299999999], [42.82434479999999, 44.0101864], [42.82449189999999, 44.0096077], [42.8244659, 44.0094273], [42.82464759999999, 44.008942], [42.8244054, 44.00887350000001], [42.8243339, 44.0089598], [42.8238408, 44.0088914], [42.8241522, 44.0079331], [42.8232439, 44.0077838], [42.8222489, 44.0043627], [42.823958899999994, 44.003948699999995], [42.82448099999999, 44.0055312], [42.82466269999999, 44.00576769999999], [42.825744099999994, 44.0086736], [42.8264219, 44.0094783], [42.827111, 44.0098434], [42.82710879999999, 44.0098809], [42.827102399999994, 44.0099927], [42.828261, 44.0097371], [42.82901429999999, 44.0097314], [42.8294666, 44.0101987], [42.82974099999999, 44.011542], [42.82972289999999, 44.0125301], [42.8285243, 44.01271959999999], [42.82840869999999, 44.01283000000001], [42.82654, 44.0132593], [42.8247257, 44.01404389999999], [42.8250347, 44.0141926], [42.825026, 44.01492669999999], [42.82481839999999, 44.01536219999999], [42.82427909999999, 44.016163299999995], [42.8248933, 44.0162112], [42.825504699999996, 44.0162249], [42.8260345, 44.016343600000006], [42.82660849999999, 44.0164682], [42.82713389999999, 44.0166825], [42.8275905, 44.0168902], [42.8280151, 44.0170496], [42.828483799999994, 44.01735099999999], [42.8288131, 44.017499799999996], [42.829141699999994, 44.0176608], [42.8294193, 44.0177479], [42.829930999999995, 44.0178245], [42.830652699999995, 44.0176595], [42.83127139999999, 44.0176323], [42.8320219, 44.0177747], [42.832701, 44.0180725], [42.83316539999999, 44.0183213], [42.833704499999996, 44.01866199999999], [42.8341353, 44.0189033], [42.8344027, 44.01912550000001], [42.834748, 44.019264199999995], [42.83516790000001, 44.019279899999994], [42.83584269999999, 44.0190636], [42.8365609, 44.0188908], [42.83740889999999, 44.01893840000001], [42.838023799999995, 44.0191815], [42.83863499999999, 44.01947770000001], [42.839298199999995, 44.019783399999994], [42.839881, 44.0200905], [42.8403753, 44.0203615], [42.8405924, 44.0205074], [42.8406863, 44.020560199999984], [42.841133, 44.0206006], [42.8414514, 44.0205972], [42.8419757, 44.020503], [42.8423363, 44.0204868], [42.8426145, 44.0205961], [42.8430195, 44.021122399999996], [42.84335089999999, 44.021483800000006], [42.843826299999996, 44.0216878], [42.84441669999999, 44.0218032], [42.8454339, 44.02198129999999], [42.846196600000006, 44.022165], [42.84693, 44.0224211], [42.8474369, 44.0226211], [42.8477205, 44.022853399999995], [42.8482355, 44.023007699999994], [42.84921549999999, 44.0231275], [42.8499545, 44.0232842], [42.8504255, 44.0233967], [42.85091849999999, 44.02350419999999], [42.8512915, 44.023643], [42.8516531, 44.023881200000005], [42.851923199999995, 44.0241249], [42.8521802, 44.0244098], [42.852333699999996, 44.0246597], [42.8525073, 44.02485299999999], [42.8528798, 44.0250153], [42.853419099999996, 44.0250952], [42.853771599999995, 44.0252295], [42.8541916, 44.02539709999999], [42.854595, 44.0258306], [42.8548217, 44.02619190000001], [42.854940299999996, 44.0264045], [42.8550772, 44.02659130000001], [42.855693699999996, 44.0268868], [42.85633429999999, 44.0271389], [42.85664409999999, 44.0273279], [42.8570279, 44.02749740000001], [42.8574821, 44.0277829], [42.85768809999999, 44.0281818], [42.8579903, 44.028538100000006], [42.8584375, 44.0286945], [42.860117599999995, 44.0290161], [42.86080659999999, 44.029241999999996], [42.861628499999995, 44.029972], [42.862111999999996, 44.0303891], [42.8627285, 44.0306064], [42.863767100000004, 44.0310362], [42.864372700000004, 44.030962900000006], [42.86512269999999, 44.0308487], [42.8658039, 44.030777799999996], [42.8664766, 44.0307026], [42.8670083, 44.0306929], [42.8676375, 44.0307824], [42.86800499999999, 44.0310597], [42.8683177, 44.0312954], [42.868552099999995, 44.0316236], [42.8686338, 44.0318519], [42.8688804, 44.032541499999994], [42.8694303, 44.0334879], [42.8701137, 44.034467099999986], [42.8715283, 44.0351663], [42.8723195, 44.035413], [42.872699, 44.0354378], [42.8736209, 44.035392300000005], [42.87452029999999, 44.03516539999998], [42.87501459999999, 44.0352535], [42.87550279999999, 44.035503399999996], [42.8760232, 44.03573779999999], [42.8762141, 44.035997599999995], [42.87632459999999, 44.0361906], [42.876675399999996, 44.0363775], [42.87701789999999, 44.03639849999999], [42.877469299999994, 44.0363931], [42.87785529999999, 44.036341], [42.878235399999994, 44.0361775], [42.878494, 44.0360385], [42.8787812, 44.035923200000006], [42.87917629999999, 44.0358445], [42.87977099999999, 44.0358678], [42.8802181, 44.0360911], [42.8804542, 44.03632249999999], [42.8805937, 44.0365751], [42.8806944, 44.03679689999999], [42.8807991, 44.0369536], [42.8809314, 44.0370584], [42.8812553, 44.03724840000001], [42.881599, 44.03739610000001], [42.88185240000001, 44.0374921], [42.8824764, 44.03764180000001], [42.8832901, 44.03782639999999], [42.8845868, 44.0379724], [42.8851144, 44.037971399999996], [42.885905300000005, 44.0379899], [42.8873632, 44.03782739999999], [42.8878905, 44.03781529999999], [42.8886334, 44.03793100000001], [42.88920079999999, 44.03811889999999], [42.8900014, 44.0386], [42.89022669999999, 44.038767799999995], [42.890439099999995, 44.0388115], [42.89200519999999, 44.0388761], [42.89291709999999, 44.039114999999995], [42.894092, 44.0396819], [42.894594999999995, 44.03984439999999], [42.8949349, 44.0398978], [42.8954461, 44.039946799999996], [42.89603519999999, 44.0400048], [42.8991647, 44.040197299999996], [42.899327799999995, 44.0385309], [42.8993033, 44.03724239999999], [42.8989791, 44.036455200000006], [42.90054450000001, 44.03622560000001], [42.9088647, 44.03016469999999], [42.9110372, 44.02858199999999], [42.915378, 44.0275727], [42.9156557, 44.0306102], [42.91835309999999, 44.030513], [42.9184622, 44.033635999999994], [42.921762699999995, 44.0335672], [42.92369579999999, 44.0333192], [42.9233146, 44.0341678], [42.921846699999996, 44.0359543], [42.92083699999999, 44.03659249999999], [42.932365, 44.036476], [42.9329788, 44.03437689999999], [42.946785299999995, 44.0342108], [42.945409600000005, 44.0203107], [42.9338845, 44.0203351], [42.9326936, 44.01950180000001], [42.93284400000001, 44.0055753], [42.9332963, 44.0050762], [42.93625099999999, 44.0048217], [42.9362128, 44.000570499999995], [42.9390965, 44.000071], [42.9416778, 43.9992015], [42.9404888, 43.99739039999999], [42.94036499999999, 43.996505799999994], [42.94073649999999, 43.99576759999999], [42.94178039999999, 43.9954303], [42.9429392, 43.9955067], [42.9435408, 43.9949085], [42.9449474, 43.9947303], [42.94686699999999, 43.9953921], [42.947893199999996, 43.9959649], [42.9479463, 43.996887699999995], [42.9490697, 43.9988922], [42.9492909, 44.00046400000001], [42.94851719999999, 44.001593], [42.94639399999999, 44.00308199999999], [42.9439561, 44.00625339999999], [42.9438677, 44.00753869999999], [42.942761899999994, 44.00907200000001], [42.9382679, 44.01063719999999], [42.9383652, 44.01314390000001], [42.9354061, 44.015093099999994], [42.9351734, 44.018653099999995], [42.94683549999999, 44.0187193], [42.9479396, 44.019455099999995], [42.9477538, 44.03176309999999], [42.9485942, 44.031973], [42.9487269, 44.0342499], [42.95969639999999, 44.0346633], [42.96009449999999, 44.0347777], [42.9601133, 44.035430299999994], [42.9612997, 44.034711400000006], [42.96230059999999, 44.0335556], [42.9642647, 44.03280910000001], [42.9648152, 44.03232789999999], [42.96721099999999, 44.0309427], [42.9684745, 44.030506499999994], [42.969378, 44.0303803], [42.9704414, 44.0307401], [42.97081519999999, 44.03103300000001], [42.9722961, 44.0307536], [42.975186099999995, 44.030088], [42.9799401, 44.02895910000001], [42.980709499999996, 44.0284194], [42.9847504, 44.0278033], [43.0013454, 44.02395549999999], [43.0034725, 44.0259592], [43.003729, 44.02738500000001], [43.0012453, 44.028016599999994], [43.001033, 44.029590999999996], [43.0020713, 44.0295641], [43.00230899999999, 44.0296495], [43.0029627, 44.02945609999999], [43.00378529999999, 44.0295775], [43.004198099999996, 44.0294494], [43.00462039999999, 44.02954379999999], [43.004943299999994, 44.02942279999999], [43.0054468, 44.02960589999999], [43.0058846, 44.029373699999994], [43.0063137, 44.0295232], [43.00672949999999, 44.029361], [43.0075035, 44.02952959999999], [43.008312999999994, 44.02947549999999], [43.0091711, 44.02919250000001], [43.0098124, 44.0292115], [43.01117469999999, 44.0290748], [43.0117984, 44.0287822], [43.0124707, 44.02869630000001], [43.0130733, 44.0284667], [43.013269099999995, 44.02853679999999], [43.0152145, 44.028532299999995], [43.0157149, 44.0282715], [43.01673449999999, 44.02839289999999], [43.0172787, 44.028752700000005], [43.0176478, 44.02874369999999], [43.0183922, 44.0289146], [43.0180544, 44.0248892], [43.0184247, 44.0240068], [43.018484099999995, 44.0231439], [43.02943119999999, 44.0210774], [43.029501, 44.02063929999999], [43.02553579999999, 44.0203408], [43.0211623, 44.0199426], [43.0182098, 44.018917], [43.0164441, 44.0179711], [43.016127499999996, 44.0170175], [43.0155207, 44.016437200000006], [43.0142947, 44.0143364], [43.0131251, 44.0128613], [43.0129522, 44.01012109999999], [43.0191488, 44.0060988], [43.02340159999999, 44.00573979999999], [43.0244742, 44.0058164], [43.0256711, 44.0060311], [43.0272036, 44.006355], [43.0279167, 44.006103], [43.0296967, 44.00575739999999], [43.03127229999999, 44.005514399999996], [43.034568099999994, 44.005453300000006], [43.034565199999996, 44.0073015], [43.0361151, 44.007731], [43.038672, 44.0076966], [43.0396634, 44.008008700000005], [43.0411455, 44.0083074], [43.04264469999999, 44.0084667], [43.045292, 44.0086259], [43.047070500000004, 44.008909900000006], [43.0476236, 44.0092878], [43.0483612, 44.0095712], [43.0490513, 44.0095555], [43.0493716, 44.0100693], [43.049505999999994, 44.01053439999999], [43.0510755, 44.01064639999999], [43.05151789999999, 44.010965899999995], [43.0526957, 44.0105548], [43.053792699999995, 44.0104658], [43.054305799999995, 44.0105803], [43.0537573, 44.009415999999995], [43.05384579999999, 44.00894509999999], [43.0545446, 44.008417], [43.0552612, 44.0081498], [43.055968899999996, 44.008175300000005], [43.056446599999994, 44.00855059999999], [43.056827, 44.009409600000005], [43.057632, 44.0099568], [43.0578509, 44.0099526], [43.0582477, 44.0091917], [43.058419799999996, 44.0088617], [43.0587388, 44.0066481], [43.0585637, 44.0007269], [43.058887, 43.9964047], [43.072709, 43.9964112], [43.0732459, 43.99660980000001], [43.0743987, 43.9989058], [43.0757586, 43.999484300000006], [43.077216099999994, 43.998120799999995], [43.07806680000001, 43.9977878], [43.0776602, 43.997301900000004], [43.0770472, 43.9970364], [43.076397799999995, 43.9964994], [43.07679099999999, 43.9957905], [43.07733509999999, 43.9954087], [43.077131599999994, 43.9950491], [43.077065299999994, 43.99457499999999], [43.07661409999999, 43.9947341], [43.07625579999999, 43.9946959], [43.075557, 43.99438729999999], [43.074645800000006, 43.9937063], [43.0748227, 43.9930412], [43.0733277, 43.9926498], [43.07318169999999, 43.99279299999999], [43.073394, 43.993114399999996], [43.07323039999999, 43.9932354], [43.0728509, 43.9932476], [43.0718573, 43.992632099999994], [43.0714382, 43.9926051], [43.071050299999996, 43.992668099999996], [43.0702622, 43.99235310000001], [43.0699056, 43.991925599999995], [43.0684982, 43.991489], [43.0681917, 43.9911065], [43.0684919, 43.990445], [43.0687234, 43.990391], [43.068767199999996, 43.9881002], [43.06900809999999, 43.9878209], [43.0687907, 43.98710689999999], [43.06812719999999, 43.986062999999994], [43.0676318, 43.9844845], [43.06764069999999, 43.982785], [43.071869199999995, 43.98275309999999], [43.0753302, 43.98502799999999], [43.0823863, 43.9913979], [43.0827844, 43.9917416], [43.08509329999999, 43.9928235], [43.0870462, 43.9943793], [43.0893419, 43.9971693], [43.0945565, 43.9996711], [43.09572030000001, 43.99973279999999], [43.0976399, 44.00212539999999], [43.0991438, 44.0017309], [43.099303, 44.0015273], [43.0996657, 44.0009482], [43.1008954, 44.00108819999999], [43.103593499999995, 44.0010437], [43.1060793, 44.0008973], [43.11033659999999, 44.00010509999999], [43.11779889999999, 43.9993631], [43.1177832, 43.99986899999999], [43.11879809999999, 44.0001375], [43.1192897, 43.999683100000006], [43.1199002, 43.99911259999999], [43.1215072, 43.99826319999999], [43.1218099, 43.9996362], [43.1210743, 44.0000456], [43.1281084, 44.0105383], [43.12855489999999, 44.0117496], [43.1285743, 44.01295129999999], [43.128515, 44.0166764], [43.128285, 44.017382600000005], [43.12750789999999, 44.018129], [43.1264442, 44.0187079], [43.12535539999999, 44.0198401], [43.1250723, 44.0201454], [43.1246919, 44.020902400000004], [43.1246123, 44.0214749], [43.1245491, 44.0221849], [43.1253395, 44.02356], [43.12635079999999, 44.0253339], [43.1263887, 44.02657], [43.1259633, 44.0290231], [43.1259265, 44.0294009], [43.1259696, 44.0296482], [43.12603839999999, 44.0301699], [43.12626509999999, 44.0305619], [43.1264716, 44.0308126], [43.1266657, 44.0309591], [43.1261161, 44.03122679999999], [43.1258038, 44.03139499999999], [43.1256453, 44.0316909], [43.125327899999995, 44.033677], [43.1252043, 44.03447559999999], [43.125177, 44.035054], [43.1247051, 44.0381272], [43.124512200000005, 44.0387831], [43.12387309999999, 44.0395617], [43.1230849, 44.0402028], [43.1228605, 44.0403138], [43.1220885, 44.0408487], [43.12103549999999, 44.0412148], [43.1200978, 44.04179030000001], [43.1190761, 44.0421165], [43.11782629999999, 44.0428904], [43.11670279999999, 44.0438186], [43.117982899999994, 44.0444486], [43.1194679, 44.0451896], [43.1211568, 44.0449513], [43.122201399999994, 44.0443937], [43.1236214, 44.044317299999996], [43.12422810000001, 44.044168899999995], [43.1250413, 44.04434429999999], [43.125460399999994, 44.044677], [43.1255355, 44.04485689999999], [43.126137799999995, 44.0450438], [43.1266945, 44.04534960000001], [43.1301813, 44.0450495], [43.1320928, 44.0455622], [43.1321868, 44.0453489], [43.13262449999999, 44.04536889999999], [43.1334798, 44.0444919], [43.1341116, 44.0442131], [43.1350749, 44.0435476], [43.135819299999994, 44.0427967], [43.1364202, 44.042312100000004], [43.1361446, 44.0417895], [43.13542519999999, 44.04160970000001], [43.1353939, 44.040202199999996], [43.13588190000001, 44.039532200000004], [43.136483399999996, 44.0391579], [43.136806, 44.038787899999996], [43.1373494, 44.0385274], [43.13777509999999, 44.0383193], [43.138057399999994, 44.0380534], [43.1381419, 44.0379135], [43.14128349999999, 44.0379216], [43.1432872, 44.0381716], [43.14430209999999, 44.037858500000006], [43.14637259999999, 44.0377686], [43.146466499999995, 44.03862749999999], [43.14805530000001, 44.0387399], [43.1496629, 44.038569], [43.1504636, 44.038011399999995], [43.1512893, 44.0379215], [43.15336609999999, 44.0372244], [43.1551864, 44.0372919], [43.15715049999999, 44.03787200000001], [43.1576134, 44.0382138], [43.1605248, 44.039293], [43.1624887, 44.03882240000001], [43.163222999999995, 44.038797], [43.1640191, 44.0388924], [43.1642757, 44.0391595], [43.1650807, 44.03870789999999], [43.16572649999999, 44.0385044], [43.16786729999999, 44.0384091], [43.16804419999999, 44.0387779], [43.16823879999999, 44.0388987], [43.1686369, 44.03896869999999], [43.16910579999999, 44.0389623], [43.16938879999999, 44.0388479], [43.1694419, 44.0385362], [43.169972699999995, 44.0383009], [43.1705477, 44.038135600000004], [43.1711758, 44.0381038], [43.172087, 44.03791300000001], [43.1730158, 44.0378876], [43.17351120000001, 44.03797029999999], [43.1738916, 44.0383327], [43.1741128, 44.03869520000001], [43.1747497, 44.03964909999999], [43.175767, 44.0399099], [43.1765632, 44.03952829999999], [43.177085100000006, 44.03943929999999], [43.1774478, 44.0396364], [43.1782617, 44.03971270000001], [43.17818139999999, 44.0403213], [43.1786282, 44.0406892], [43.17923859999999, 44.041039], [43.1800171, 44.040632], [43.180264799999996, 44.040409399999994], [43.1807513, 44.04029499999999], [43.1820252, 44.0402504], [43.1829363, 44.0405239], [43.18382979999999, 44.04111530000001], [43.1842279, 44.041535], [43.1861299, 44.04300390000001], [43.18706759999999, 44.0440722], [43.18704559999999, 44.0443225], [43.18732849999999, 44.0443501], [43.1891951, 44.04555510000001], [43.1901328, 44.0455297], [43.19139779999999, 44.0460756], [43.19180209999999, 44.0456465], [43.191902199999994, 44.04531380000001], [43.192853, 44.04462579999999], [43.1935285, 44.0445134], [43.1948734, 44.0448642], [43.196033699999994, 44.0456032], [43.1980595, 44.04608009999999], [43.1989795, 44.0467987], [43.206728899999995, 44.0513194], [43.20650719999999, 44.0516303], [43.2078082, 44.0523875], [43.2096216, 44.0540151], [43.210753999999994, 44.05511500000001], [43.211086, 44.056018], [43.211452799999996, 44.0562403], [43.2115944, 44.05721290000001], [43.2113644, 44.0575753], [43.2112848, 44.0579504], [43.210771699999995, 44.05849709999999], [43.2081085, 44.06007720000001], [43.207710799999994, 44.06106539999999], [43.2071801, 44.0617329], [43.20679969999999, 44.06190449999999], [43.20632199999999, 44.0624448], [43.2069766, 44.0628262], [43.20730389999999, 44.062946999999994], [43.20809119999999, 44.06368439999999], [43.20808240000001, 44.0642374], [43.20775089999999, 44.0647205], [43.20817809999999, 44.0654136], [43.208523099999994, 44.06647509999999], [43.2082223, 44.067454], [43.20811619999999, 44.0676065], [43.20742619999999, 44.06786079999999], [43.207364199999994, 44.06838199999999], [43.2071342, 44.0688968], [43.2071452, 44.06955669999999], [43.209027299999995, 44.0696915], [43.2099827, 44.06648779999999], [43.2127605, 44.0664179], [43.2126455, 44.06319510000001], [43.2148394, 44.063169699999996], [43.215127, 44.0681275], [43.2160596, 44.0681348], [43.21613469999999, 44.068840400000006], [43.2169479, 44.068755], [43.2175609, 44.06844039999999], [43.2177736, 44.0684045], [43.2185555, 44.0681573], [43.2200005, 44.06817519999999], [43.2200505, 44.0675999], [43.2223024, 44.0676629], [43.2242534, 44.067988099999994], [43.2252049, 44.068773], [43.225880499999995, 44.06945170000001], [43.2263433, 44.0705078], [43.226574799999995, 44.0713483], [43.22673739999999, 44.0717168], [43.226774999999996, 44.07305610000001], [43.22559679999999, 44.0741833], [43.2233533, 44.075038], [43.2223337, 44.07600419999999], [43.2210514, 44.07581089999999], [43.2207073, 44.075550299999996], [43.2199942, 44.07586930000001], [43.21895520000001, 44.0760283], [43.2162842, 44.08188809999999], [43.219660499999996, 44.0822999], [43.2215121, 44.08298289999999], [43.227761099999995, 44.0835176], [43.22694789999999, 44.0854452], [43.2264788, 44.085885499999996], [43.2275234, 44.0859619], [43.2326779, 44.0853413], [43.2326108, 44.08627609999999], [43.22468169999999, 44.0888745], [43.22254759999999, 44.0899514], [43.2202724, 44.0904326], [43.2198124, 44.09058509999999], [43.21887469999999, 44.091169699999995], [43.2156016, 44.09150009999999], [43.2127088, 44.092179900000005], [43.21232839999999, 44.0918177], [43.2121781, 44.09191299999999], [43.2102319, 44.0918177], [43.2094445, 44.0916208], [43.20859529999999, 44.09104889999999], [43.2075957, 44.09072489999999], [43.2066491, 44.0902992], [43.2059591, 44.0896003], [43.2053841, 44.0893461], [43.204561399999996, 44.0891619], [43.203269799999994, 44.0892445], [43.2026771, 44.089180899999995], [43.20198709999999, 44.0890284], [43.200969799999996, 44.08853919999999], [43.20043009999999, 44.088291399999996], [43.19990719999999, 44.08824659999999], [43.197926599999995, 44.08853919999999], [43.19552040000001, 44.0885646], [43.195122399999995, 44.0883803], [43.18999149999999, 44.0856734], [43.1907611, 44.0850698], [43.19124769999999, 44.08462500000001], [43.19157499999999, 44.0841103], [43.191964199999994, 44.0837226], [43.192866499999994, 44.0835002], [43.1943439, 44.083220600000004], [43.195184299999994, 44.082960099999994], [43.195671, 44.0821324], [43.196308099999996, 44.0800208], [43.19768369999999, 44.081971], [43.1998891, 44.0821307], [43.201565300000006, 44.0808349], [43.205033, 44.0800214], [43.2057407, 44.0803328], [43.206660799999995, 44.080339200000004], [43.2082354, 44.07953849999999], [43.20651039999999, 44.0784899], [43.207070099999996, 44.077691], [43.2009637, 44.0769964], [43.2014414, 44.0760495], [43.2014857, 44.07563639999999], [43.2020341, 44.074753], [43.20313109999999, 44.0740157], [43.2046056, 44.0736465], [43.20519229999999, 44.0731831], [43.2058027, 44.0711493], [43.2055689, 44.06879260000001], [43.205988399999995, 44.0671195], [43.2066785, 44.0667318], [43.206855399999995, 44.06672540000001], [43.20690849999999, 44.06639489999999], [43.20651039999999, 44.0655368], [43.205776099999994, 44.0657021], [43.205599199999995, 44.0656321], [43.203479599999994, 44.0662847], [43.20183949999999, 44.06513], [43.2025472, 44.0636171], [43.2017157, 44.062333], [43.2016007, 44.0617609], [43.20133529999999, 44.0614431], [43.200928399999995, 44.0614113], [43.2002649, 44.060457799999995], [43.200990299999994, 44.0597394], [43.20056569999999, 44.058932], [43.2004771, 44.0577352], [43.19651399999999, 44.055594400000004], [43.195337499999994, 44.054431], [43.193603599999996, 44.05214219999999], [43.19349679999999, 44.0517218], [43.192055499999995, 44.051843399999996], [43.190976199999994, 44.05227570000001], [43.1897201, 44.0522821], [43.189012399999996, 44.0521295], [43.1883666, 44.0514555], [43.18790659999999, 44.0509532], [43.1873935, 44.05063530000001], [43.1868008, 44.050457300000005], [43.1861019, 44.049986800000006], [43.18481920000001, 44.0494464], [43.184226499999994, 44.0489949], [43.184085, 44.047939499999984], [43.1838726, 44.047723299999994], [43.18390800000001, 44.0472909], [43.1841203, 44.0467377], [43.184100699999995, 44.04613619999999], [43.1825744, 44.0451201], [43.1783083, 44.0438341], [43.1778454, 44.0438072], [43.1774513, 44.043694699999996], [43.177107299999996, 44.04345189999999], [43.1768007, 44.0427894], [43.1730661, 44.0507611], [43.178482699999996, 44.0522468], [43.181485200000004, 44.0533528], [43.18057189999999, 44.0546115], [43.1826612, 44.0553218], [43.181537, 44.056601], [43.17962109999999, 44.0559782], [43.1780573, 44.0572009], [43.1756553, 44.0567424], [43.169725199999995, 44.0548633], [43.152794899999996, 44.0519225], [43.1523503, 44.052652699999996], [43.1503068, 44.0521505], [43.14845789999999, 44.0547699], [43.1454856, 44.05383530000001], [43.1445656, 44.0534602], [43.141787799999996, 44.0526782], [43.1400186, 44.0519534], [43.1399212, 44.051769], [43.13901009999999, 44.051495599999996], [43.13846160000001, 44.0512031], [43.136939, 44.0506432], [43.133058999999996, 44.05038450000001], [43.1309417, 44.0516844], [43.12111339999999, 44.056554399999996], [43.11908999999999, 44.0574665], [43.11523639999999, 44.0616919], [43.121774599999995, 44.0645682], [43.1343143, 44.0699493], [43.141179699999995, 44.0726238], [43.145763599999995, 44.074537500000005], [43.14567999999999, 44.07464550000001]], [[42.6939869, 43.8443315], [42.694458999999995, 43.8443934], [42.694727199999996, 43.8432405], [42.6946199, 43.8427839], [42.6941264, 43.8415535], [42.693793799999995, 43.8409345], [42.69325729999999, 43.8403231], [42.69271019999999, 43.8399749], [42.6914227, 43.839193300000005], [42.69054289999999, 43.8389766], [42.6899528, 43.8388219], [42.6892769, 43.8386052], [42.6887727, 43.838195], [42.68848299999999, 43.83734379999999], [42.68834350000001, 43.836686], [42.6879787, 43.8358966], [42.6877212, 43.835587], [42.6870453, 43.8348673], [42.6864445, 43.83430239999999], [42.68592949999999, 43.833899900000006], [42.6855326, 43.83372969999999], [42.68429869999999, 43.8334356], [42.683665700000006, 43.83321889999999], [42.68249629999999, 43.8328783], [42.68179889999999, 43.8326461], [42.6816273, 43.8322282], [42.6819599, 43.831864499999995], [42.68245339999999, 43.831547099999995], [42.6830435, 43.83110599999999], [42.683504799999994, 43.8306261], [42.6838159, 43.830208199999994], [42.68454549999999, 43.8293645], [42.6848459, 43.828993], [42.685049799999994, 43.8286834], [42.68506049999999, 43.8284048], [42.6849532, 43.82813389999999], [42.684685, 43.827901700000005], [42.683590599999995, 43.8274605], [42.682721599999994, 43.82710449999999], [42.6824105, 43.8267329], [42.6814878, 43.8252468], [42.6839769, 43.82519260000001], [42.6861441, 43.8244108], [42.6878285, 43.82300209999999], [42.6908755, 43.8213223], [42.6925921, 43.8216861], [42.69377229999999, 43.82081139999999], [42.697323499999996, 43.8212526], [42.6978814, 43.820331499999995], [42.6977956, 43.81968119999999], [42.6979995, 43.81944119999999], [42.7024305, 43.820285], [42.702526999999996, 43.8206953], [42.7023661, 43.8212604], [42.7021193, 43.8215313], [42.702376799999996, 43.822111899999996], [42.7028489, 43.8224834], [42.705338, 43.8207804], [42.7058315, 43.81946449999999], [42.7073121, 43.8192245], [42.7104449, 43.819178], [42.71075609999999, 43.8199134], [42.71456479999999, 43.8198825], [42.71779419999999, 43.820517200000005], [42.7196932, 43.8208346], [42.72015449999999, 43.8205714], [42.719875599999995, 43.8199057], [42.72079819999999, 43.8193483], [42.72181749999999, 43.81894580000001], [42.7227294, 43.8201612], [42.7234268, 43.8201921], [42.7239847, 43.8195883], [42.7250576, 43.8197122], [42.7266347, 43.82020760000001], [42.727439399999994, 43.8204553], [42.7334046, 43.8205482], [42.735754199999995, 43.81946449999999], [42.7406788, 43.8261602], [42.7380288, 43.8271122], [42.736269199999995, 43.827390799999996], [42.7344239, 43.826756200000005], [42.7326, 43.8262376], [42.729252599999995, 43.82537839999999], [42.72603389999999, 43.825657], [42.7212167, 43.826222099999995], [42.71885629999999, 43.826299500000005], [42.7166355, 43.8264233], [42.7097368, 43.82451149999999], [42.705102, 43.8233813], [42.7049518, 43.8237142], [42.7093398, 43.824774600000005], [42.7166355, 43.8267794], [42.7214849, 43.82666329999999], [42.7243602, 43.826214300000004], [42.72927399999999, 43.8258041], [42.73387670000001, 43.8269961], [42.73620489999999, 43.8277933], [42.73815749999999, 43.8274605], [42.7432644, 43.8257654], [42.7477276, 43.8259434], [42.749315499999994, 43.8260518], [42.74935839999999, 43.828637], [42.75104279999999, 43.8299915], [42.749830499999995, 43.83297890000001], [42.75353189999999, 43.8329635], [42.7534461, 43.82687229999999], [42.7534461, 43.826106], [42.7541435, 43.8260905], [42.75431509999999, 43.8274528], [42.7593255, 43.82689549999999], [42.760291099999996, 43.82677160000001], [42.7615464, 43.826214300000004], [42.7637458, 43.825966699999995], [42.7649045, 43.8264156], [42.76497959999999, 43.82688770000001], [42.7653229, 43.827298], [42.76549459999999, 43.8275843], [42.7655268, 43.8280178], [42.7654517, 43.829519299999994], [42.76621339999999, 43.8286989], [42.76679279999999, 43.8283429], [42.767339899999996, 43.8282732], [42.767983699999995, 43.82806419999999], [42.768251899999996, 43.8279559], [42.7685845, 43.8279404], [42.769013599999994, 43.8281571], [42.76926039999999, 43.8283351], [42.770612199999995, 43.8285209], [42.7708375, 43.8287995], [42.7739274, 43.82885370000001], [42.7751076, 43.8295348], [42.7820277, 43.82896209999999], [42.78180239999999, 43.8300379], [42.77871249999999, 43.8300998], [42.7742922, 43.8328783], [42.7760088, 43.83320340000001], [42.7778971, 43.8336523], [42.774421, 43.83533169999999], [42.7769315, 43.8372973], [42.78273579999999, 43.8363996], [42.7806008, 43.8324836], [42.7839267, 43.8309744], [42.7881539, 43.8269342], [42.79242399999999, 43.828435799999994], [42.7989578, 43.8286757], [42.7984536, 43.827801099999995], [42.793121299999996, 43.8266323], [42.7966082, 43.8257577], [42.7977776, 43.827166399999996], [42.79888269999999, 43.8267794], [42.7975416, 43.8252623], [42.79632920000001, 43.8250765], [42.7937758, 43.82287819999999], [42.7938723, 43.8226769], [42.79422639999999, 43.8224834], [42.7945697, 43.8222048], [42.79498809999999, 43.82174810000001], [42.79500959999999, 43.8212372], [42.79537439999999, 43.8206488], [42.7956748, 43.8202231], [42.79565329999999, 43.8197199], [42.7963829, 43.81903869999999], [42.797208999999995, 43.81941799999999], [42.79770249999999, 43.819835999999995], [42.79809949999999, 43.8203082], [42.7984214, 43.82079590000001], [42.799226, 43.8212759], [42.7996123, 43.821392], [42.8009963, 43.8214771], [42.8010178, 43.82129909999999], [42.80632849999999, 43.8217016], [42.80893559999999, 43.8209507], [42.8101694, 43.8207495], [42.810620099999994, 43.82084239999999], [42.81205769999999, 43.820734], [42.82197119999999, 43.82006049999999], [42.8235376, 43.8195806], [42.8251898, 43.8190542], [42.831369599999995, 43.8180401], [42.833097, 43.8182414], [42.8352213, 43.8195419], [42.8366375, 43.8211365], [42.836723299999996, 43.82157], [42.8373027, 43.822003499999994], [42.83813949999999, 43.82239049999999], [42.8390193, 43.8229943], [42.839662999999994, 43.8238148], [42.84013509999999, 43.824496], [42.83931969999999, 43.82502229999999], [42.8386116, 43.8256261], [42.8383326, 43.8261369], [42.8383755, 43.826477499999996], [42.83931969999999, 43.8270503], [42.8387189, 43.8277159], [42.8371739, 43.8291556], [42.8358221, 43.830796400000004], [42.8358435, 43.8312608], [42.83646579999999, 43.8318954], [42.83710949999999, 43.8329325], [42.8371954, 43.8352388], [42.83762449999999, 43.8367092], [42.8381181, 43.83766880000001], [42.839212399999994, 43.8385046], [42.8397918, 43.839139200000005], [42.8400278, 43.8397118], [42.8403067, 43.8407178], [42.84065009999999, 43.8413214], [42.840993399999995, 43.84104279999999], [42.84155129999999, 43.8405476], [42.8425813, 43.8401916], [42.8430748, 43.8401606], [42.843461, 43.84010649999999], [42.84405110000001, 43.8398279], [42.844297899999994, 43.8397195], [42.84503819999999, 43.839688599999995], [42.8456497, 43.8397118], [42.8461432, 43.8397582], [42.8467011, 43.839913], [42.8470659, 43.8401529], [42.847527299999996, 43.84060169999999], [42.8492546, 43.84077969999999], [42.8495657, 43.8409267], [42.8500593, 43.84140649999999], [42.8490078, 43.8414684], [42.8466904, 43.841584499999996], [42.8452313, 43.841716000000005], [42.8440833, 43.850343599999995], [42.84545659999999, 43.8505602], [42.8465295, 43.849817400000006], [42.8469586, 43.849275799999994], [42.8470444, 43.848625899999995], [42.847258999999994, 43.8480533], [42.8476023, 43.8475427], [42.84820319999999, 43.8451285], [42.8492975, 43.8465213], [42.8497267, 43.846397499999995], [42.84987689999999, 43.8469237], [42.848975599999996, 43.8481462], [42.8494262, 43.849508], [42.853910899999995, 43.8484557], [42.8500914, 43.8580183], [42.8485465, 43.8618243], [42.8468942, 43.862829999999995], [42.84676549999999, 43.864083099999995], [42.84612179999999, 43.8653207], [42.8447485, 43.8678114], [42.844727, 43.86867769999999], [42.8445983, 43.8722665], [42.8448128, 43.874958], [42.8449631, 43.8760407], [42.8444266, 43.8780979], [42.843461, 43.8793662], [42.84215209999999, 43.880897399999995], [42.84125089999999, 43.882444], [42.844212, 43.8866351], [42.843203499999994, 43.8871763], [42.8445554, 43.8890939], [42.8449416, 43.8893878], [42.8445768, 43.8899599], [42.844169099999995, 43.89081039999999], [42.8444695, 43.8911506], [42.8436756, 43.8919702], [42.84419059999999, 43.8928207], [42.8434181, 43.89367119999999], [42.84118649999999, 43.8915682], [42.8353715, 43.895464800000006], [42.8392339, 43.9069524], [42.84022089999999, 43.907570799999995], [42.841014799999996, 43.9078027], [42.8418517, 43.90837460000001], [42.842474, 43.9090085], [42.84337519999999, 43.909194], [42.84470559999999, 43.909317699999995], [42.845563899999995, 43.9100597], [42.83513539999999, 43.9167684], [42.8334832, 43.916783800000005], [42.82863379999999, 43.9156091], [42.8287625, 43.9138933], [42.82459970000001, 43.9118065], [42.8185272, 43.91027609999998], [42.81874179999999, 43.9105853], [42.8189134, 43.9109099], [42.8190207, 43.9112964], [42.8177762, 43.91112630000001], [42.816724799999996, 43.9110336], [42.8149867, 43.9109099], [42.81350609999999, 43.910987199999994], [42.8136778, 43.9112345], [42.811767999999994, 43.91151279999999], [42.8116178, 43.9111109], [42.8109741, 43.91125], [42.8125405, 43.9124248], [42.813248599999994, 43.913182299999995], [42.81339880000001, 43.9134914], [42.813248599999994, 43.913707800000005], [42.812819499999996, 43.913816], [42.806188999999996, 43.9142025], [42.8052449, 43.913816], [42.80479429999999, 43.913367799999996], [42.8037429, 43.912347499999996], [42.8029704, 43.9110181], [42.80228369999999, 43.9108326], [42.7999878, 43.9109563], [42.8043222, 43.916227400000004], [42.80479429999999, 43.91615010000001], [42.8054809, 43.9160419], [42.8065324, 43.916551999999996], [42.80736919999999, 43.917912199999996], [42.8079271, 43.91829860000001], [42.80930039999999, 43.919597], [42.81035179999999, 43.9204007], [42.80968659999999, 43.9208334], [42.80882830000001, 43.9207098], [42.8081202, 43.920277], [42.80711169999999, 43.9193187], [42.8047085, 43.919813299999994], [42.8048587, 43.9199988], [42.8024769, 43.9204007], [42.8019404, 43.9207252], [42.8014898, 43.92145169999999], [42.8009105, 43.921946299999995], [42.8004169, 43.9222554], [42.8019404, 43.9229663], [42.80294889999999, 43.92421819999999], [42.8035712, 43.9251455], [42.8036999, 43.9262428], [42.803592699999996, 43.926660000000005], [42.80243389999999, 43.92610369999999], [42.8012967, 43.9254546], [42.8005457, 43.92500640000001], [42.7996015, 43.924882800000006], [42.798206799999996, 43.9248055], [42.797133900000006, 43.924975499999995], [42.79537439999999, 43.9253619], [42.7947521, 43.9253155], [42.7937436, 43.9253773], [42.79254199999999, 43.92596460000001], [42.79159779999999, 43.9269691], [42.7956962, 43.9282827], [42.7995801, 43.930415399999994], [42.8006315, 43.9310953], [42.8028416, 43.931558900000006], [42.8045797, 43.9325324], [42.8049445, 43.933150499999996], [42.8048587, 43.9343095], [42.804901599999994, 43.93529839999999], [42.805287799999995, 43.9359938], [42.8043437, 43.9360247], [42.8015971, 43.93551480000001], [42.799386999999996, 43.93234699999999], [42.7952456, 43.93288789999999], [42.793636299999996, 43.9354993], [42.788851199999996, 43.933629599999996], [42.786448, 43.93143529999999], [42.7834439, 43.9327951], [42.78140539999999, 43.93129619999999], [42.7795601, 43.9320225], [42.7757621, 43.932826], [42.775526, 43.9359938], [42.7753544, 43.93735349999999], [42.775526, 43.9390223], [42.7790451, 43.9388369], [42.782993299999994, 43.9386515], [42.7858043, 43.939161399999996], [42.7860617, 43.9395785], [42.7865767, 43.9396403], [42.787649599999995, 43.93928499999999], [42.788550799999996, 43.9396712], [42.7893019, 43.94127809999999], [42.79080389999999, 43.942097], [42.78852940000001, 43.945217899999996], [42.7882075, 43.9443064], [42.7878213, 43.9440592], [42.78520339999999, 43.94407460000001], [42.78496739999999, 43.9425451], [42.786533799999994, 43.9420198], [42.7876925, 43.9426841], [42.788078799999994, 43.9426841], [42.7880144, 43.94211249999999], [42.78887269999999, 43.9416798], [42.7888083, 43.9412627], [42.788164599999995, 43.9399648], [42.7874994, 43.939779400000006], [42.78593300000001, 43.939872099999995], [42.7825427, 43.9390996], [42.7790451, 43.93928499999999], [42.7783584, 43.9393468], [42.77700660000001, 43.9398412], [42.7760839, 43.9405983], [42.7757406, 43.9412936], [42.7745604, 43.941787999999995], [42.77481790000001, 43.94633029999999], [42.7773285, 43.947319], [42.777822, 43.9476898], [42.7777362, 43.9483386], [42.7768779, 43.9496054], [42.77567619999999, 43.9499144], [42.7746033, 43.9494046], [42.7740669, 43.94938919999999], [42.773337299999994, 43.9499144], [42.77269359999999, 43.9502388], [42.772307399999995, 43.9500534], [42.77189969999999, 43.9498835], [42.7719855, 43.949481799999994], [42.7710199, 43.94979080000001], [42.77035469999999, 43.9502543], [42.770697999999996, 43.95102669999999], [42.7714276, 43.9507332], [42.772822399999995, 43.9506559], [42.77361629999999, 43.950764099999994], [42.773788, 43.9510576], [42.7735305, 43.9512738], [42.771212999999996, 43.951412899999994], [42.770590799999994, 43.95189179999999], [42.77084829999999, 43.9527723], [42.770343999999994, 43.9528881], [42.7696144, 43.9534365], [42.7679193, 43.953745500000004], [42.767189699999996, 43.95406989999999], [42.7653229, 43.9534056], [42.7646577, 43.953475100000006], [42.762984, 43.9532512], [42.76209349999999, 43.9529731], [42.76172879999999, 43.9526101], [42.76137469999999, 43.9523784], [42.7611172, 43.951721799999994], [42.7608383, 43.951412899999994], [42.7595401, 43.9513125], [42.7592933, 43.951281599999994], [42.75848859999999, 43.9506714], [42.7580273, 43.9503624], [42.7571046, 43.9496518], [42.756632599999996, 43.94884849999999], [42.7564287, 43.94867849999999], [42.75577419999999, 43.94848540000001], [42.75559189999999, 43.948724899999995], [42.75495889999999, 43.9483464], [42.7535105, 43.9478288], [42.75258779999999, 43.9474349], [42.752094299999996, 43.9470641], [42.750763899999995, 43.94651569999999], [42.749809, 43.9459749], [42.7480817, 43.947728399999995], [42.744498199999995, 43.9459286], [42.7432966, 43.9455655], [42.742931799999994, 43.9455192], [42.7414834, 43.9454496], [42.741354699999995, 43.94650020000001], [42.7409041, 43.947496699999995], [42.735604, 43.9469019], [42.73558409999999, 43.947170500000006], [42.7387047, 43.9476975], [42.74104359999999, 43.94800649999999], [42.74424079999999, 43.9484391], [42.7452707, 43.9487326], [42.75050639999999, 43.9511116], [42.7499592, 43.9511348], [42.7490365, 43.9509649], [42.748028, 43.9507563], [42.7475989, 43.9506636], [42.7473199, 43.9504783], [42.7467298, 43.9503856], [42.746043199999995, 43.95021559999999], [42.744626999999994, 43.9495977], [42.7438652, 43.95101890000001], [42.74124739999999, 43.9517064], [42.741472699999996, 43.9533361], [42.741869699999995, 43.9561938], [42.74034619999999, 43.95973879999999], [42.7400136, 43.9599627], [42.7316773, 43.95732919999999], [42.7272785, 43.9551512], [42.7257979, 43.955413799999995], [42.724682099999995, 43.95550639999999], [42.7189207, 43.9549504], [42.7174401, 43.955213], [42.71296619999999, 43.9561243], [42.71270869999999, 43.95613199999999], [42.71207569999999, 43.9555373], [42.71189329999999, 43.95505850000001], [42.711270999999996, 43.95379950000001], [42.71077749999999, 43.9530194], [42.710337599999995, 43.95258689999999], [42.709704599999995, 43.952417], [42.7092433, 43.9524633], [42.7088678, 43.9523475], [42.7083528, 43.952332], [42.7078915, 43.9523629], [42.7075481, 43.952332], [42.7069151, 43.9522084], [42.70657179999999, 43.95208490000001], [42.706217800000005, 43.951884], [42.705574, 43.95196130000001], [42.70514489999999, 43.951745], [42.7048015, 43.95164460000001], [42.7044046, 43.9515442], [42.704232899999994, 43.9514515], [42.7039111, 43.9515519], [42.70369649999999, 43.9514438], [42.70334239999999, 43.95149779999999], [42.7031279, 43.95136649999999], [42.7023125, 43.951760500000006], [42.701894, 43.95186859999999], [42.701325399999995, 43.95183769999999], [42.6998877, 43.9518068], [42.69900799999999, 43.9518068], [42.6984823, 43.951884], [42.69770979999999, 43.9518145], [42.6972592, 43.95162139999999], [42.69676569999999, 43.951474700000006], [42.696164800000005, 43.951250699999996], [42.6953924, 43.9508336], [42.6949739, 43.95040100000001], [42.69415849999999, 43.950370099999994], [42.693149999999996, 43.95068679999999], [42.69056439999999, 43.94972129999999], [42.68896579999999, 43.9471259], [42.688912099999996, 43.9469096], [42.6886547, 43.946647], [42.68835419999999, 43.946345699999995], [42.68809679999999, 43.9460213], [42.687946499999995, 43.9457586], [42.68758179999999, 43.945588699999995], [42.6872384, 43.9452874], [42.6870561, 43.9449862], [42.68675559999999, 43.94487029999999], [42.68651959999999, 43.94463850000001], [42.68607969999999, 43.9440901], [42.6860154, 43.94373469999999], [42.685704199999996, 43.9428309], [42.68541449999999, 43.9421665], [42.68529649999999, 43.94177249999999], [42.6864445, 43.9413631], [42.6891589, 43.94077600000001], [42.6922515, 43.9401116], [42.6936516, 43.9398914], [42.69415849999999, 43.9398876], [42.6955318, 43.9399185], [42.6965082, 43.9397871], [42.6973879, 43.93953990000001], [42.69888999999999, 43.93916910000001], [42.6992977, 43.93909949999999], [42.7002203, 43.9390377], [42.7005422, 43.93898370000001], [42.700628, 43.9385588], [42.7009284, 43.937948399999996], [42.70136829999999, 43.9375235], [42.70188329999999, 43.93728399999999], [42.7023554, 43.9370677], [42.702945500000006, 43.9366737], [42.703203, 43.9363414], [42.703203, 43.9361174], [42.70306349999999, 43.9357929], [42.70266649999999, 43.935422], [42.7021944, 43.935190299999995], [42.7017116, 43.9349508], [42.7009284, 43.9346185], [42.700789, 43.9337532], [42.7006066, 43.9330037], [42.7003705, 43.932354700000005], [42.6990831, 43.9319529], [42.6985037, 43.93179069999999], [42.69676569999999, 43.931551199999994], [42.696518899999994, 43.92914809999999], [42.69641159999999, 43.92788869999999], [42.696368699999994, 43.927255], [42.6970875, 43.9269923], [42.6979136, 43.9265364], [42.6981604, 43.92652869999999], [42.6993191, 43.9258178], [42.6981604, 43.92435729999999], [42.6967764, 43.9223326], [42.694330199999996, 43.9222245], [42.693396799999995, 43.92167580000001], [42.68971679999999, 43.919311], [42.688590299999994, 43.91874680000001], [42.6882255, 43.9186464], [42.68706679999999, 43.9184029], [42.6805758, 43.91832949999999], [42.678151099999994, 43.914813], [42.6787305, 43.9147512], [42.6801896, 43.91450390000001], [42.68110699999999, 43.91434749999999], [42.6820028, 43.914194699999996], [42.6820671, 43.91110309999999], [42.67919179999999, 43.910948499999996], [42.67933130000001, 43.9104771], [42.6793742, 43.91005189999999], [42.678837800000004, 43.908938899999995], [42.678151099999994, 43.9095263], [42.6777971, 43.910082900000006], [42.6775396, 43.91104899999999], [42.6769924, 43.9114432], [42.6766813, 43.9118142], [42.67490029999999, 43.912022900000004], [42.673527, 43.911706], [42.67264719999999, 43.91147410000001], [42.6679158, 43.9120847], [42.6674223, 43.91303539999999], [42.666252799999995, 43.9130045], [42.6652121, 43.9135146], [42.6628196, 43.9142798], [42.66121029999999, 43.9148749], [42.66003009999999, 43.91515309999998], [42.659085999999995, 43.91528449999999], [42.658206199999995, 43.91547], [42.6568437, 43.9157869], [42.6565432, 43.9157869], [42.656242799999994, 43.9156864], [42.65570639999999, 43.915099], [42.655062699999995, 43.914658499999994], [42.6547408, 43.9142411], [42.6545906, 43.9138083], [42.6547623, 43.9132827], [42.6552129, 43.9129349], [42.6555669, 43.912649], [42.6558995, 43.9120384], [42.6563394, 43.910716699999995], [42.6570904, 43.909510899999994], [42.6579702, 43.90918620000001], [42.6584208, 43.9091708], [42.66012669999999, 43.9090858], [42.661478499999994, 43.9089775], [42.662111499999995, 43.908768800000004], [42.6627445, 43.908506], [42.66305559999999, 43.9083051], [42.6632273, 43.908080899999995], [42.663238, 43.9079263], [42.6600945, 43.9086297], [42.6598799, 43.907601699999994], [42.660534399999996, 43.9072693], [42.661178099999994, 43.9066818], [42.66094209999999, 43.9062953], [42.6606846, 43.9057697], [42.66051289999999, 43.905275], [42.66051289999999, 43.9046643], [42.660781099999994, 43.9041464], [42.6612425, 43.9037754], [42.661864699999995, 43.9034507], [42.6629376, 43.9029637], [42.6625836, 43.902577199999996], [42.6632595, 43.902484400000006], [42.66351699999999, 43.90226800000001], [42.663291699999995, 43.90113159999999], [42.663071699999996, 43.899852200000005], [42.662776699999995, 43.8993767], [42.66260499999999, 43.8993149], [42.6628196, 43.8988124], [42.66119960000001, 43.89840259999999], [42.6594615, 43.8981243], [42.6592898, 43.897382199999996], [42.6585817, 43.8973512], [42.6500523, 43.89670960000001], [42.6495159, 43.8967714], [42.6492476, 43.8969183], [42.6491725, 43.8974131], [42.6491511, 43.89791559999999], [42.6487327, 43.897675899999996], [42.6475525, 43.8965936], [42.6465118, 43.8957277], [42.646071899999995, 43.8950473], [42.6461148, 43.894714900000004], [42.6466834, 43.8941892], [42.6476061, 43.893578399999996], [42.64814259999999, 43.8936634], [42.6495266, 43.8941814], [42.6502025, 43.894166], [42.6505566, 43.8941196], [42.6509535, 43.8941196], [42.65274519999999, 43.8945293], [42.65338899999999, 43.894490700000006], [42.6541936, 43.894251], [42.654933899999996, 43.8940345], [42.6554811, 43.893972700000006], [42.65639300000001, 43.893972700000006], [42.6575088, 43.8942433], [42.65886069999999, 43.8946994], [42.65859249999999, 43.894815400000006], [42.6591504, 43.89548799999999], [42.659955, 43.895920999999994], [42.66018029999999, 43.8955421], [42.66047, 43.895225200000006], [42.660813299999994, 43.8949391], [42.6603734, 43.894714900000004], [42.6601696, 43.8944211], [42.659794100000006, 43.8939031], [42.65944, 43.8936789], [42.658721199999995, 43.8934315], [42.65760540000001, 43.893331], [42.6562214, 43.89294439999999], [42.6552665, 43.8928439], [42.65522360000001, 43.8923181], [42.6558781, 43.890910899999994], [42.6566827, 43.8898826], [42.656757799999994, 43.889581], [42.6567256, 43.88898569999999], [42.656478899999996, 43.8882202], [42.6564574, 43.887609299999994], [42.65641449999999, 43.8864959], [42.6562858, 43.88507309999999], [42.6560819, 43.8842612], [42.655642, 43.883526599999996], [42.65507339999999, 43.88300850000001], [42.6538181, 43.88277649999999], [42.6522303, 43.8825368], [42.6515973, 43.882351199999995], [42.65128609999999, 43.8820418], [42.6512325, 43.8812995], [42.65066379999999, 43.8812608], [42.64999869999999, 43.880587999999996], [42.6490545, 43.8797606], [42.6487863, 43.8793507], [42.6484966, 43.87860830000001], [42.64870049999999, 43.8782062], [42.649548, 43.8779664], [42.6521337, 43.8775565], [42.6520586, 43.8765589], [42.6520908, 43.8755071], [42.652069299999994, 43.87465639999999], [42.651726, 43.8739062], [42.6503098, 43.87318690000001], [42.650696, 43.8726068], [42.6505244, 43.8722279], [42.6500845, 43.8717638], [42.649859199999995, 43.87146220000001], [42.6499021, 43.8710677], [42.6503956, 43.8706114], [42.65184399999999, 43.87000809999999], [42.6528096, 43.86953630000001], [42.6523268, 43.86750979999999], [42.6560926, 43.8658777], [42.6589465, 43.86442350000001], [42.6602232, 43.8651738], [42.660137399999996, 43.8647561], [42.65992279999999, 43.8640908], [42.66007299999999, 43.86381239999999], [42.66080259999999, 43.8641063], [42.661178099999994, 43.864570400000005], [42.6613927, 43.8647947], [42.6618004, 43.8647638], [42.66197199999999, 43.86453949999999], [42.66224029999999, 43.864570400000005], [42.6629698, 43.864686500000005], [42.6632273, 43.8646787], [42.6628089, 43.865003599999994], [42.6628733, 43.8653749], [42.663141499999995, 43.8655528], [42.663656499999995, 43.8653594], [42.66378519999999, 43.8650268], [42.665383799999994, 43.865444499999995], [42.66549109999999, 43.8649417], [42.666338700000004, 43.864261000000006], [42.66757249999999, 43.8644699], [42.6691174, 43.865746200000004], [42.6700187, 43.865282099999995], [42.6709306, 43.8650191], [42.67213219999999, 43.86412949999999], [42.6728725, 43.8642997], [42.673451899999996, 43.863301799999995], [42.6736987, 43.8621415], [42.6737952, 43.8617779], [42.6741278, 43.861375699999996], [42.67438529999999, 43.8613602], [42.6745355, 43.86118999999999], [42.67434239999999, 43.8610662], [42.6739991, 43.85898529999999], [42.67372009999999, 43.8589621], [42.67331239999999, 43.8589621], [42.6726258, 43.8596119], [42.67189619999999, 43.86047059999999], [42.66966459999999, 43.8596196], [42.67017959999999, 43.859085900000004], [42.6706195, 43.8588074], [42.67162799999999, 43.857917699999994], [42.672239499999996, 43.8572292], [42.67332309999999, 43.8554034], [42.672883299999995, 43.8551249], [42.6722932, 43.8554421], [42.6715743, 43.856177100000004], [42.6710808, 43.8566103], [42.66917109999999, 43.85521769999999], [42.6749325, 43.8507536], [42.67519, 43.8510786], [42.67597320000001, 43.8515505], [42.676573999999995, 43.851713], [42.6768958, 43.85183680000001], [42.677721999999996, 43.8517053], [42.677324999999996, 43.85072269999999], [42.6777434, 43.8505602], [42.6781833, 43.850684], [42.6793246, 43.8504447], [42.679696099999994, 43.8503668], [42.6794922, 43.8498871], [42.680865499999996, 43.8495002], [42.681123, 43.848865800000006], [42.6826465, 43.847728399999994], [42.6854467, 43.847032], [42.68650889999999, 43.8476432], [42.686712699999994, 43.8481849], [42.6894164, 43.8475117], [42.6900172, 43.8466993], [42.69096139999999, 43.84584809999999], [42.6919055, 43.845167200000006], [42.693278799999995, 43.8445017], [42.6939869, 43.8443315]]]]}}]}