{"type": "FeatureCollection", "features": [{"type": "Feature", "properties": {"id": "city-05701000", "name": "ГО Владивостокский", "region": "Приморский край", "isCity": true, "sourceOktmo": "05-701-000-000", "sourceAgg": "Владивосток", "excelNames": ["ГО Владивосток"], "oktmo": "05701000", "vgp": [{"year": 2019, "value": 796668748.8791183}, {"year": 2020, "value": 820780262.1079867}, {"year": 2021, "value": 775211449.5973632}, {"year": 2022, "value": 1171631863.5136106}, {"year": 2023, "value": 1312538829.8858764}, {"year": 2024, "value": 1496698551.286628}], "population": [{"year": 2019, "value": 633144.0}, {"year": 2020, "value": 634665.0}, {"year": 2021, "value": 628623.0}, {"year": 2022, "value": 629001.0}, {"year": 2023, "value": 628385.0}, {"year": 2024, "value": 622782.0}, {"year": 2025, "value": 625630.0}], "shipments": [{"year": 2019, "value": 339298541.6}, {"year": 2020, "value": 354465164.5}, {"year": 2021, "value": 475318569.6}, {"year": 2022, "value": 535587078.0}, {"year": 2023, "value": 620530119.2}, {"year": 2024, "value": 684488934.3}], "employees": [{"year": 2019, "value": 169550.0}, {"year": 2020, "value": 169616.0}, {"year": 2021, "value": 167499.0}, {"year": 2022, "value": 169920.0}, {"year": 2023, "value": 170668.0}, {"year": 2024, "value": 170256.0}], "investments": [{"year": 2019, "value": 61319716.0}, {"year": 2020, "value": 80035885.0}, {"year": 2021, "value": 89331120.0}, {"year": 2022, "value": 131280691.0}, {"year": 2023, "value": 218311720.0}, {"year": 2024, "value": 169369476.0}], "vgp2024": 1496698551.286628, "pop2024": 622782.0, "ship2024": 684488934.3, "emp2024": 170256.0, "inv2024": 169369476.0}, "geometry": {"type": "MultiPolygon", "coordinates": [[[[131.6678636, 43.275752399999995], [131.6692894, 43.275461099999994], [131.6709891, 43.2751139], [131.6763235, 43.2748691], [131.674777, 43.2706261], [131.674889, 43.262759499999994], [131.6775114, 43.2591714], [131.6793045, 43.2538336], [131.69750979999998, 43.2423984], [131.69781649999996, 43.24135299999999], [131.6981136, 43.239705699999995], [131.6984542, 43.2389395], [131.7001938, 43.23722959999999], [131.6998127, 43.2367397], [131.7007541, 43.23600489999999], [131.7016581, 43.236106099999986], [131.703397, 43.234521599999994], [131.7040593, 43.2336559], [131.7043996, 43.2328789], [131.7048727, 43.23121929999999], [131.7054512, 43.2288062], [131.7074461, 43.221263799999996], [131.7075219, 43.2186831], [131.7073022, 43.217825], [131.7069069, 43.2170114], [131.7065893, 43.21555209999999], [131.7067822, 43.2147549], [131.7079832, 43.21176659999999], [131.7082951, 43.2110515], [131.7084647, 43.2106444], [131.7084277, 43.2101717], [131.7039142, 43.2100818], [131.69971349999997, 43.2084194], [131.6995612, 43.2080874], [131.699253, 43.207197799999996], [131.6987723, 43.20654619999999], [131.6978644, 43.2058337], [131.6965759, 43.2052105], [131.6962746, 43.2047508], [131.69625080000003, 43.2041812], [131.69617879999998, 43.20335409999999], [131.6968069, 43.2021984], [131.6980235, 43.201091399999996], [131.6988965, 43.2005464], [131.69931149999996, 43.2003324], [131.6998292, 43.2000654], [131.70119009999996, 43.1997097], [131.7042144, 43.1995331], [131.70556709999997, 43.199586], [131.7067598, 43.19973689999999], [131.7081029, 43.200101499999995], [131.71210179999997, 43.2011203], [131.71474119999996, 43.2016779], [131.7165815, 43.2018876], [131.718048, 43.2017027], [131.7196847, 43.2011401], [131.7209732, 43.2008601], [131.7222632, 43.200666], [131.72318849999996, 43.2006364], [131.7238519, 43.2007703], [131.72488289999998, 43.200911700000006], [131.7254851, 43.2008956], [131.726688, 43.200766800000004], [131.72778759999997, 43.2006173], [131.7305913, 43.2004312], [131.7323399, 43.20042649999999], [131.73435849999998, 43.2007526], [131.73792179999998, 43.2011831], [131.7401563, 43.20123840000001], [131.74156219999998, 43.2009463], [131.7436714, 43.200540399999994], [131.74531410000003, 43.20035359999999], [131.7487034, 43.200043599999994], [131.752328, 43.1997528], [131.7547662, 43.19968769999999], [131.7561745, 43.1995459], [131.76118740000004, 43.1979415], [131.7625958, 43.197810399999995], [131.76367979999998, 43.197617699999995], [131.7641377, 43.197551999999995], [131.7647206, 43.1974684], [131.7658301, 43.1970497], [131.76628, 43.19672309999999], [131.7667667, 43.19596609999999], [131.7677906, 43.19483869999999], [131.7683517, 43.19414549999999], [131.7698905, 43.193056299999995], [131.7709226, 43.19241259999999], [131.7713118, 43.191979], [131.7718268, 43.1911679], [131.7728708, 43.19036280000001], [131.7742365, 43.18861939999999], [131.77469319999997, 43.18784109999999], [131.7748137, 43.1871627], [131.7748488, 43.186646399999994], [131.77506340000002, 43.186311199999984], [131.775381, 43.1859857], [131.7758696, 43.1853577], [131.7759498, 43.184894699999994], [131.7759098, 43.183433], [131.7757338, 43.18259609999999], [131.77586969999996, 43.1819606], [131.7776354, 43.182126999999994], [131.7780634, 43.18054269999999], [131.7783751, 43.179459400000006], [131.7788271, 43.1788371], [131.7793783, 43.1784342], [131.7806898, 43.1778307], [131.7818702, 43.17728220000001], [131.78263659999996, 43.17658709999999], [131.7827907, 43.1761556], [131.782546, 43.1755989], [131.7820341, 43.1748834], [131.7809828, 43.1743986], [131.7795961, 43.1740568], [131.77821659999998, 43.17412329999999], [131.7769422, 43.174328599999996], [131.775625, 43.1745988], [131.7741595, 43.1747952], [131.77037019999997, 43.17481939999999], [131.76718569999997, 43.1749884], [131.7633138, 43.1753356], [131.7612005, 43.1754409], [131.7595095, 43.17533809999999], [131.75800579999998, 43.17501849999999], [131.7551606, 43.174410099999996], [131.7535922, 43.1737363], [131.751687, 43.1731193], [131.75081089999998, 43.1725575], [131.7503932, 43.17217419999999], [131.75045649999998, 43.17157159999999], [131.75024730000004, 43.17135849999999], [131.75012289999998, 43.1709511], [131.7498225, 43.1705561], [131.749594, 43.1700744], [131.7493743, 43.16923779999999], [131.7490551, 43.168595700000004], [131.7491002, 43.167789], [131.74877, 43.16649120000001], [131.7479957, 43.1658639], [131.7478271, 43.1654461], [131.7473368, 43.1651065], [131.74736219999997, 43.16486979999999], [131.7476048, 43.16444839999999], [131.7478443, 43.1638442], [131.7478918, 43.16317719999999], [131.7471203, 43.1627112], [131.7467639, 43.1624779], [131.745938, 43.1622703], [131.7447037, 43.1622276], [131.7434247, 43.1621424], [131.7424224, 43.16192559999999], [131.7403689, 43.1611915], [131.7388316, 43.1605924], [131.738827, 43.160312999999995], [131.7386294, 43.15991699999999], [131.73787330000002, 43.1594829], [131.7365049, 43.1593231], [131.7359781, 43.1594353], [131.7353534, 43.159838699999995], [131.73430419999997, 43.1603318], [131.73278429999996, 43.16077529999999], [131.73039599999998, 43.1610975], [131.72841569999997, 43.16123319999999], [131.7278015, 43.16138920000001], [131.727002, 43.1618908], [131.7264819, 43.162411399999996], [131.7263163, 43.1630579], [131.72670859999997, 43.163688699999994], [131.72712869999998, 43.16423319999999], [131.72699399999996, 43.1649654], [131.7265844, 43.1659581], [131.72501579999997, 43.16791769999999], [131.7243339, 43.168428999999996], [131.72365009999996, 43.16882199999999], [131.72306869999997, 43.16830039999999], [131.7220046, 43.169685799999996], [131.72152159999996, 43.1697868], [131.7208782, 43.1699644], [131.7204145, 43.170344799999995], [131.72011539999997, 43.1709172], [131.72001979999996, 43.1713588], [131.7197322, 43.17173749999999], [131.718928, 43.171959599999994], [131.7173958, 43.172575], [131.7168756, 43.173095599999996], [131.7163327, 43.174035599999996], [131.71523949999997, 43.175453499999996], [131.71448399999997, 43.1768683], [131.7143101, 43.1779126], [131.7138466, 43.17921749999999], [131.71347079999998, 43.179596999999994], [131.7127273, 43.179947500000004], [131.7119538, 43.18025519999998], [131.71164709999996, 43.1803654], [131.7114767, 43.1807324], [131.7116456, 43.18118249999999], [131.7121651, 43.181511199999996], [131.712322, 43.1821226], [131.7119862, 43.183157599999994], [131.7105435, 43.1856857], [131.70835659999997, 43.18854269999999], [131.7074171, 43.1894969], [131.7061899, 43.189926799999995], [131.7052879, 43.1904828], [131.7044396, 43.19162969999999], [131.70413469999997, 43.19185809999999], [131.70305139999996, 43.1921039], [131.70218919999996, 43.1923909], [131.70137669999997, 43.1930321], [131.70058559999998, 43.19409249999999], [131.6997789, 43.195099199999994], [131.6990132, 43.195912], [131.69791369999996, 43.1969858], [131.69634339999996, 43.19826559999999], [131.69462099999998, 43.1996693], [131.69380679999998, 43.20021369999999], [131.6927269, 43.200685199999995], [131.6886489, 43.2011392], [131.6871069, 43.2011953], [131.6858264, 43.2010664], [131.6852185, 43.20072749999999], [131.6846365, 43.2001627], [131.68427519999997, 43.1996175], [131.6842636, 43.19888649999999], [131.6845444, 43.19619659999999], [131.6840916, 43.19543710000001], [131.68351249999998, 43.195054999999996], [131.68209279999996, 43.19447569999999], [131.68069389999997, 43.19428330000001], [131.6792775, 43.19484349999999], [131.6784186, 43.19535599999999], [131.6765812, 43.19530689999999], [131.676003, 43.19497849999999], [131.67568719999997, 43.1945189], [131.6756898, 43.19280950000001], [131.6760063, 43.19237689999999], [131.6777473, 43.1909647], [131.6781311, 43.190144499999995], [131.6781894, 43.1891764], [131.6778934, 43.18915140000001], [131.67559769999997, 43.18904229999999], [131.6726647, 43.18895249999999], [131.6680321, 43.1897989], [131.6240369, 43.1933168], [131.60554209999998, 43.21079139999999], [131.5992089, 43.226170399999994], [131.601149, 43.2268409], [131.6042645, 43.2301561], [131.5978991, 43.2400516], [131.5995125, 43.24721709999999], [131.610665, 43.25160259999999], [131.6114884, 43.253595700000005], [131.6146556, 43.25694639999999], [131.61693459999998, 43.2558965], [131.6263961, 43.267044899999995], [131.62767999999997, 43.2683032], [131.629283, 43.2682689], [131.637189, 43.271602699999995], [131.6408289, 43.27005750000001], [131.6472175, 43.2732093], [131.65413429999998, 43.278557], [131.6678636, 43.275752399999995]]], [[[132.0546059, 43.287973099999995], [132.0536264, 43.2879794], [132.0529882, 43.2881987], [132.0527819, 43.2886899], [132.0530738, 43.2892845], [132.0538541, 43.2896033], [132.0545652, 43.2911732], [132.0525475, 43.296074899999994], [132.05257379999998, 43.298385599999996], [132.0549925, 43.299241699999996], [132.0589855, 43.3052057], [132.06133569999997, 43.30702250000001], [132.06362569999996, 43.307481300000006], [132.0640146, 43.3085365], [132.0634947, 43.30906619999999], [132.0653662, 43.31025659999999], [132.0651607, 43.31072269999999], [132.0672944, 43.31190349999999], [132.0681515, 43.31168749999999], [132.0698309, 43.31178789999999], [132.0706537, 43.3115409], [132.0712665, 43.311972], [132.07145609999998, 43.312625800000006], [132.0712259, 43.3138734], [132.0701517, 43.3158902], [132.06849539999996, 43.3160681], [132.06799129999996, 43.3155283], [132.0671493, 43.3150539], [132.0667469, 43.3149212], [132.0645752, 43.3145712], [132.0636987, 43.31475369999999], [132.06383559999998, 43.31561059999999], [132.0651225, 43.317221100000005], [132.0659325, 43.3179368], [132.0662747, 43.318764599999994], [132.0668237, 43.3190458], [132.0683437, 43.31867679999999], [132.070268, 43.31771659999999], [132.0709612, 43.3174356], [132.0711133, 43.31737929999999], [132.071253, 43.3173305], [132.0721563, 43.3169973], [132.0741231, 43.316387199999994], [132.0746058, 43.3161595], [132.0751776, 43.3160813], [132.07589169999997, 43.3160307], [132.07619979999998, 43.3159379], [132.0762821, 43.315913099999996], [132.07647689999996, 43.3158153], [132.0766603, 43.3157088], [132.0770515, 43.31556559999999], [132.0774759, 43.315341499999995], [132.0776093, 43.31527119999999], [132.0776366, 43.31525679999999], [132.077911, 43.31511199999999], [132.0786969, 43.31492209999999], [132.0788341, 43.3149293], [132.0789106, 43.31511290000001], [132.0790097, 43.3154146], [132.0793534, 43.3154744], [132.07970789999996, 43.3153144], [132.0799773, 43.3152494], [132.0801984, 43.31524739999999], [132.0803693, 43.31553469999999], [132.08082259999998, 43.315449699999995], [132.08106609999996, 43.3153358], [132.0812219, 43.3153035], [132.0813712, 43.3153005], [132.0818007, 43.31528719999999], [132.0819823, 43.31522389999999], [132.0822016, 43.31527309999999], [132.08255509999998, 43.3153748], [132.082646, 43.31538629999999], [132.08274889999998, 43.31538259999999], [132.0828059, 43.315372499999995], [132.0828704, 43.3153582], [132.08304569999999, 43.315165699999994], [132.0833074, 43.315080099999996], [132.0834731, 43.3149662], [132.0835568, 43.31475089999999], [132.0836531, 43.31467109999999], [132.083732, 43.314379300000006], [132.08384189999998, 43.3142267], [132.0838462, 43.3142207], [132.0838536, 43.3142103], [132.0840238, 43.3141491], [132.0841309, 43.31404460000001], [132.0845628, 43.3138402], [132.0848829, 43.3137343], [132.0852239, 43.31351269999999], [132.0854424, 43.31339189999999], [132.0857118, 43.313323000000004], [132.0858921, 43.3133192], [132.0861879, 43.313166300000006], [132.0862512, 43.31305119999999], [132.0865332, 43.31291929999999], [132.08706679999997, 43.3127686], [132.0873972, 43.312721999999994], [132.08753310000003, 43.31267669999999], [132.087828, 43.3125165], [132.0882929, 43.3125352], [132.0883967, 43.3125234], [132.0884313, 43.3125195], [132.0886079, 43.3125228], [132.08871899999997, 43.3125432], [132.08880060000004, 43.3125582], [132.0889746, 43.31261239999999], [132.0890076, 43.31261659999999], [132.08920000000003, 43.3126521], [132.08951799999997, 43.31255889999999], [132.0895509, 43.3125491], [132.0899287, 43.3126802], [132.0900965, 43.312680099999994], [132.0904738, 43.31254409999999], [132.09061589999996, 43.3123808], [132.0912592, 43.311945599999994], [132.0915691, 43.3117691], [132.0922855, 43.31150699999999], [132.0924488, 43.311320099999996], [132.09265959999996, 43.3111901], [132.0929048, 43.3110976], [132.0929076, 43.31109729999999], [132.09316019999997, 43.311132300000004], [132.0933271, 43.3111207], [132.0934017, 43.3111153], [132.0937207, 43.31107239999999], [132.09402829999996, 43.3110685], [132.094969, 43.3111771], [132.0957735, 43.31121559999999], [132.0963995, 43.3111741], [132.0967527, 43.311129199999996], [132.09718459999996, 43.310991599999994], [132.0977571, 43.310732699999996], [132.09846069999998, 43.310481599999996], [132.0986118, 43.31045720000001], [132.09896249999997, 43.3104439], [132.09914590000002, 43.3103503], [132.0994046, 43.3100737], [132.0997397, 43.3096831], [132.0999324, 43.3093935], [132.1000879, 43.30924439999999], [132.1008449, 43.309048999999995], [132.10105659999996, 43.30896289999998], [132.1013279, 43.3087367], [132.10157709999996, 43.3087231], [132.1018594, 43.3087656], [132.1021951, 43.3088803], [132.102364, 43.3088612], [132.1027578, 43.30871429999999], [132.10291569999998, 43.308596699999995], [132.10305019999998, 43.308416599999994], [132.1030982, 43.30829969999999], [132.1029907, 43.3078453], [132.1030619, 43.3076086], [132.103384, 43.30729109999999], [132.104032, 43.3069113], [132.10420969999998, 43.30674049999999], [132.1042628, 43.30657159999999], [132.1046943, 43.306273], [132.1048116, 43.30619179999999], [132.1051395, 43.3061803], [132.1053664, 43.306220999999994], [132.1057989, 43.306430299999995], [132.1059972, 43.3064931], [132.106369, 43.30652829999999], [132.1066724, 43.3066711], [132.10695230000002, 43.3068657], [132.1071613, 43.30693419999999], [132.1078373, 43.3069558], [132.1082013, 43.306898], [132.1084937, 43.3069311], [132.10880069999996, 43.30668039999999], [132.1088843, 43.306257], [132.1090448, 43.30617289999999], [132.10919949999996, 43.30598539999999], [132.109385, 43.30592399999999], [132.1095781, 43.3059238], [132.1100822, 43.3060049], [132.1103796, 43.3059824], [132.1106116, 43.3058925], [132.1110455, 43.3055527], [132.1119643, 43.30805779999999], [132.1127665, 43.30793489999999], [132.11293270000002, 43.30800589999999], [132.1131117, 43.30801000000001], [132.11329049999998, 43.3079191], [132.11366749999996, 43.3078239], [132.1139347, 43.30782899999999], [132.1142576, 43.30787879999999], [132.1144957, 43.307938799999995], [132.1168636, 43.3090779], [132.11863729999996, 43.30931069999999], [132.12059359999998, 43.30997489999999], [132.12348209999996, 43.31045309999999], [132.12550099999999, 43.3101408], [132.1266717, 43.3099597], [132.1293924, 43.30553249999999], [132.1293875, 43.3055285], [132.1293803, 43.3055224], [132.1293572, 43.305503099999996], [132.1294083, 43.305469499999994], [132.1294231, 43.3054823], [132.129564, 43.305253099999995], [132.13054619999997, 43.3036548], [132.13076899999996, 43.3034877], [132.1318307, 43.30358819999999], [132.1318578, 43.3033755], [132.1319392, 43.302733399999994], [132.13195279999997, 43.3026237], [132.1323123, 43.299712899999996], [132.1323907, 43.2990772], [132.1327475, 43.296193499999994], [132.13278889999998, 43.2958585], [132.1338616, 43.2871763], [132.1331527, 43.2862337], [132.1317526, 43.284371099999994], [132.1314733, 43.28400009999999], [132.1312924, 43.283759499999995], [132.1312448, 43.283696899999995], [132.1309173, 43.283703499999994], [132.13090389999996, 43.2834746], [132.1308955, 43.28324969999999], [132.1304472, 43.28225259999999], [132.1303889, 43.2822385], [132.1303791, 43.28220999999999], [132.13005479999998, 43.282074599999994], [132.12993959999997, 43.2820424], [132.12997559999997, 43.28195029999999], [132.1298847, 43.2818375], [132.1295427, 43.2817594], [132.12966879999996, 43.2814684], [132.1296258, 43.281400899999994], [132.12966719999997, 43.2813379], [132.1292709, 43.280997299999996], [132.1291156, 43.2808278], [132.12872970000004, 43.2804155], [132.12852409999996, 43.280193100000005], [132.1284542, 43.279987399999996], [132.1286113, 43.279257], [132.1288634, 43.27913219999999], [132.1286817, 43.2789304], [132.12870769999998, 43.2788095], [132.1285013, 43.2785426], [132.1287909, 43.2784172], [132.1287568, 43.2783829], [132.1290378, 43.27826579999999], [132.1292798, 43.2781177], [132.1295512, 43.2780075], [132.129813, 43.2773571], [132.1299838, 43.277017400000005], [132.12998469999997, 43.27694369999999], [132.1301057, 43.276595099999994], [132.1302245, 43.27624569999999], [132.13010880000002, 43.2762231], [132.1308988, 43.273521], [132.13125319999997, 43.2723068], [132.13177229999997, 43.27053229999999], [132.13183629999997, 43.27031339999999], [132.1322344, 43.269412599999995], [132.13365629999998, 43.268983799999994], [132.1353869, 43.26948699999999], [132.1357818, 43.26954889999999], [132.1368826, 43.269723299999995], [132.1381878, 43.270477699999994], [132.13866709999996, 43.27049099999999], [132.1400645, 43.2696215], [132.1425174, 43.269380399999996], [132.14663919999998, 43.269198599999996], [132.1483721, 43.27053229999999], [132.1502865, 43.271301199999996], [132.15175539999998, 43.271835200000005], [132.1541933, 43.272302999999994], [132.15524689999998, 43.27290849999999], [132.1560692, 43.273035899999996], [132.15648919999998, 43.272865], [132.15685159999998, 43.2728639], [132.1572536, 43.2730412], [132.1594864, 43.274316199999994], [132.1594711, 43.27523969999999], [132.1604568, 43.276899799999995], [132.1605087, 43.2781026], [132.16094629999998, 43.278254999999994], [132.1620754, 43.2782671], [132.16247279999996, 43.27813319999999], [132.16507629999998, 43.2779375], [132.1662352, 43.27791239999999], [132.1668742, 43.2779997], [132.16756679999997, 43.27787759999999], [132.1682222, 43.2781788], [132.1685005, 43.2781618], [132.1691737, 43.277904799999995], [132.16987099999997, 43.277539499999996], [132.1703315, 43.27738419999999], [132.1706508, 43.277143200000005], [132.1710258, 43.2766376], [132.1719644, 43.27711059999999], [132.1723221, 43.2772028], [132.1736688, 43.2769484], [132.1766832, 43.27696619999999], [132.17805969999998, 43.2770943], [132.1792662, 43.2777943], [132.1799671, 43.2780287], [132.1823618, 43.277538899999996], [132.18265899999997, 43.2772977], [132.18274009999996, 43.2770064], [132.182882, 43.276818], [132.18422, 43.2762884], [132.1850142, 43.2758634], [132.1858554, 43.275561700000004], [132.1870887, 43.27540239999999], [132.1911291, 43.2756065], [132.1922869, 43.275495899999996], [132.1934064, 43.276036399999995], [132.1937797, 43.276257599999994], [132.1952678, 43.276983599999994], [132.1955687, 43.27613629999999], [132.1959641, 43.27532970000001], [132.19612919999997, 43.27493989999999], [132.1963276, 43.27448939999999], [132.1966066, 43.2741768], [132.1970653, 43.27386860000001], [132.1986237, 43.2732388], [132.2005157, 43.2739598], [132.2022847, 43.2739566], [132.20308239999997, 43.274321099999995], [132.20397879999996, 43.27438219999999], [132.2045577, 43.274131100000005], [132.2046684, 43.273789400000005], [132.2044396, 43.27234539999999], [132.20497489999997, 43.2713486], [132.20410320000002, 43.26926999999999], [132.2042507, 43.2684987], [132.2049147, 43.267684599999995], [132.20497549999996, 43.26761020000001], [132.20504989999998, 43.2675197], [132.2057421, 43.2666701], [132.2060695, 43.266633199999994], [132.20690949999997, 43.2665384], [132.2084963, 43.26627659999999], [132.20930099999998, 43.2662298], [132.20989109999996, 43.2662923], [132.210567, 43.2663391], [132.2110283, 43.26619850000001], [132.2113824, 43.26617509999999], [132.2124123, 43.2660423], [132.2132063, 43.266073500000005], [132.21396799999997, 43.26621409999999], [132.21512739999997, 43.266402], [132.21704319999998, 43.2665514], [132.2190208, 43.2664752], [132.2194306, 43.2656295], [132.2199148, 43.26517129999999], [132.2200423, 43.26423609999999], [132.2194793, 43.26377469999999], [132.21902289999997, 43.2631659], [132.21866029999998, 43.262914699999996], [132.2184084, 43.26219549999999], [132.217888, 43.261347099999995], [132.2176578, 43.26097180000001], [132.2164215, 43.2600077], [132.216133, 43.2595406], [132.21583639999997, 43.2592951], [132.215535, 43.259048699999994], [132.21461359999998, 43.25859069999999], [132.213607, 43.2581599], [132.2129336, 43.257662], [132.2133838, 43.25365779999999], [132.2150177, 43.2535485], [132.2151782, 43.25343719999999], [132.2159406, 43.2529085], [132.2172012, 43.2525989], [132.2184613, 43.252289399999995], [132.2200393, 43.2526128], [132.2215092, 43.2521107], [132.22240319999997, 43.2511236], [132.22261999999998, 43.250010399999994], [132.2226874, 43.2492193], [132.2224725, 43.248493399999994], [132.2218923, 43.24795689999999], [132.2236987, 43.24737689999999], [132.225122, 43.2465019], [132.2260192, 43.24616079999999], [132.2267078, 43.2457321], [132.2282444, 43.243888999999996], [132.22892020000003, 43.2433074], [132.2307796, 43.24352199999999], [132.2335525, 43.242148699999994], [132.23558659999998, 43.24125879999999], [132.2367412, 43.240834], [132.23782209999996, 43.239338399999994], [132.2378646, 43.2392797], [132.2381101, 43.2389399], [132.236379, 43.23835319999999], [132.23505629999997, 43.2381542], [132.23110579999997, 43.236770799999995], [132.2301346, 43.23598170000001], [132.2295249, 43.23465959999999], [132.22956109999998, 43.234072899999994], [132.2304138, 43.2335031], [132.23082069999998, 43.2315923], [132.2318067, 43.230315399999995], [132.2318761, 43.2296292], [132.2314267, 43.2291916], [132.22424029999996, 43.2294109], [132.2210119, 43.228884], [132.2208444, 43.2269595], [132.2203463, 43.22661699999999], [132.216037, 43.2259393], [132.21541979999998, 43.2236089], [132.2127708, 43.222473], [132.2124263, 43.2220252], [132.2113358, 43.2212835], [132.2109051, 43.22110639999999], [132.2104955, 43.2204446], [132.210146, 43.22003839999999], [132.20645199999998, 43.220172000000005], [132.2040735, 43.2187381], [132.2031186, 43.21862809999999], [132.2017667, 43.2187212], [132.2008894, 43.2190769], [132.19798079999998, 43.21910669999999], [132.1930668, 43.21754959999999], [132.1760063, 43.2157413], [132.1733211, 43.2148257], [132.1732331, 43.21430839999999], [132.1711059, 43.2131841], [132.17069300000003, 43.21250369999999], [132.1685159, 43.21093799999999], [132.1681206, 43.2102415], [132.1688217, 43.20943599999999], [132.1706729, 43.2076844], [132.1712373, 43.206053000000004], [132.1704947, 43.20558], [132.1677579, 43.205741399999994], [132.16555049999997, 43.207273699999995], [132.1643716, 43.2068227], [132.16224449999999, 43.2070135], [132.1601286, 43.2066167], [132.1598437, 43.2056336], [132.15778609999998, 43.203064299999994], [132.1552193, 43.2027795], [132.1499315, 43.1994622], [132.1470009, 43.19945049999999], [132.1431603, 43.2014442], [132.1409507, 43.20119449999999], [132.1386935, 43.197801299999995], [132.13363759999996, 43.19452629999999], [132.1328193, 43.1941688], [132.1320653, 43.194466299999995], [132.1321066, 43.1952579], [132.1307465, 43.1957578], [132.123559, 43.1951995], [132.1178743, 43.19447389999999], [132.11531730000002, 43.1937589], [132.1130982, 43.1926101], [132.11123209999997, 43.19074270000001], [132.1132679, 43.187793], [132.1135535, 43.1867053], [132.1123439, 43.1856854], [132.1108654, 43.1855132], [132.1103906, 43.1852707], [132.10898, 43.182112200000006], [132.1050651, 43.1812808], [132.1046299, 43.1805485], [132.103568, 43.1804221], [132.102344, 43.179081399999994], [132.09828129999997, 43.178266199999996], [132.0974736, 43.1771309], [132.0984846, 43.1761956], [132.0986297, 43.175743399999995], [132.0960573, 43.1734488], [132.0890671, 43.1705357], [132.08749219999999, 43.1687897], [132.08274909999997, 43.16705949999999], [132.07981699999996, 43.163690499999994], [132.0748964, 43.1610589], [132.0705963, 43.1569654], [132.06777429999997, 43.15507710000001], [132.06621509999997, 43.1528058], [132.0675248, 43.1512524], [132.0675287, 43.15019449999999], [132.0665149, 43.1497261], [132.0653681, 43.150227599999994], [132.0654398, 43.1512106], [132.0647154, 43.152060399999996], [132.06417279999997, 43.1522032], [132.0625987, 43.152239800000004], [132.0612455, 43.151734999999995], [132.0597885, 43.150197000000006], [132.0590918, 43.149865199999994], [132.05786519999998, 43.148896699999995], [132.0575024, 43.1478946], [132.0575332, 43.147479], [132.05834299999998, 43.147469599999994], [132.0590477, 43.147189100000006], [132.05921009999997, 43.14639449999999], [132.0581322, 43.1448246], [132.05622219999998, 43.1450396], [132.0540055, 43.1427691], [132.0534643, 43.1410183], [132.04819269999996, 43.136751100000005], [132.0473194, 43.1349839], [132.0469878, 43.1328829], [132.0456562, 43.131602199999996], [132.044018, 43.1309679], [132.0437704, 43.1306347], [132.0440659, 43.1297686], [132.0439333, 43.1288229], [132.0402248, 43.1268382], [132.0396566, 43.12541869999999], [132.0398028, 43.124997], [132.0408905, 43.1246784], [132.0408357, 43.1237893], [132.03932119999996, 43.12183979999999], [132.03855199999998, 43.121773899999994], [132.036055, 43.1225645], [132.0347915, 43.12214959999999], [132.0334221, 43.122011699999995], [132.03288509999996, 43.1217427], [132.03289209999997, 43.12096649999999], [132.03399979999998, 43.12049509999999], [132.03439639999996, 43.1199763], [132.034508, 43.1192194], [132.0331227, 43.1174433], [132.0317467, 43.11709989999999], [132.0315614, 43.11580609999999], [132.0302547, 43.1159534], [132.0286362, 43.11687599999999], [132.0243669, 43.115620099999994], [132.0224604, 43.113286499999994], [132.01986879999998, 43.1126999], [132.01750199999998, 43.1151709], [132.0127694, 43.11436919999999], [132.01034299999998, 43.11305719999999], [132.01064809999997, 43.10931], [132.0095655, 43.10673059999999], [132.00636480000003, 43.104374099999994], [132.0030789, 43.1033357], [132.0004029, 43.1015367], [131.99563149999997, 43.1000562], [131.9948909, 43.09950249999999], [131.9949049, 43.098002599999994], [131.99363399999996, 43.0955499], [131.9903707, 43.093847800000006], [131.9885712, 43.09230879999999], [131.9867496, 43.0913728], [131.9819983, 43.09022929999999], [131.9800481, 43.08902239999999], [131.9779292, 43.0885783], [131.9767005, 43.08718669999999], [131.9753754, 43.0865024], [131.9745579, 43.0864173], [131.973811, 43.0868728], [131.972756, 43.085924399999996], [131.9716685, 43.0821703], [131.9704024, 43.080450000000006], [131.9689639, 43.0795417], [131.96780329999999, 43.078164199999996], [131.965355, 43.077006700000005], [131.9638234, 43.0758941], [131.9631288, 43.0748603], [131.9636939, 43.0725064], [131.9654333, 43.06957489999999], [131.9650797, 43.0657937], [131.96508119999996, 43.0636691], [131.96331529999998, 43.06008189999999], [131.9638103, 43.05906869999999], [131.9636557, 43.05745499999999], [131.96317239999996, 43.0570914], [131.96228969999999, 43.05721379999999], [131.9613951, 43.0576003], [131.9604617, 43.0576317], [131.9593888, 43.05758469999999], [131.9584608, 43.05745919999999], [131.9577795, 43.05714569999999], [131.9572699, 43.056604799999995], [131.9566476, 43.05642449999999], [131.95601459999997, 43.05663609999999], [131.9557571, 43.05702809999999], [131.9557464, 43.0574984], [131.956079, 43.0585097], [131.9573021, 43.0623272], [131.95998430000003, 43.0681354], [131.96071379999998, 43.0702045], [131.9604134, 43.070768799999996], [131.9603061, 43.07100400000001], [131.9584393, 43.07181899999999], [131.9563579, 43.07203849999999], [131.9548774, 43.071913099999996], [131.9508616, 43.071505300000005], [131.946665, 43.06975510000001], [131.9391274, 43.0688878], [131.9359731, 43.06742990000001], [131.9349003, 43.0666148], [131.9340634, 43.06567419999999], [131.9327545, 43.065109899999996], [131.9309521, 43.065109899999996], [131.9302654, 43.06521959999999], [131.9289779, 43.0650472], [131.9272828, 43.064380899999996], [131.9264367, 43.06424309999999], [131.9229348, 43.06527929999999], [131.9214448, 43.065279999999994], [131.92084579999997, 43.065832799999995], [131.916619, 43.0663291], [131.9151416, 43.0668591], [131.9145774, 43.066501699999996], [131.9145108, 43.065883199999995], [131.9136125, 43.06541169999999], [131.91283959999998, 43.0654836], [131.9109967, 43.06705959999999], [131.9122366, 43.067789899999994], [131.9129271, 43.067780199999994], [131.91348019999998, 43.06812239999999], [131.9134023, 43.0689252], [131.91404019999996, 43.06991029999999], [131.91403989999998, 43.07000039999999], [131.9129152, 43.0699708], [131.9127635, 43.07128219999999], [131.914494, 43.07281379999999], [131.91440199999997, 43.07316839999999], [131.91805969999996, 43.0739651], [131.9205305, 43.0736497], [131.92731609999998, 43.07332060000001], [131.92921989999996, 43.073026799999994], [131.9298001, 43.07326549999999], [131.9313468, 43.073349], [131.9323162, 43.07316229999999], [131.9327457, 43.0739084], [131.9322759, 43.0745831], [131.93118269999997, 43.0750108], [131.9307315, 43.0752729], [131.93033109999996, 43.0750114], [131.9297511, 43.0749261], [131.9259376, 43.0764688], [131.9259286, 43.0769642], [131.9262276, 43.07730229999999], [131.9262186, 43.07754099999999], [131.9252834, 43.07805809999999], [131.9249201, 43.0785468], [131.92472150000003, 43.0792375], [131.9247105, 43.079276], [131.92447419999996, 43.08009729999999], [131.9237594, 43.080094599999995], [131.9234511, 43.08026769999999], [131.9229389, 43.0813409], [131.92294139999998, 43.0830198], [131.922418, 43.08300599999999], [131.9220186, 43.08316899999999], [131.91931869999996, 43.08126219999999], [131.91795389999996, 43.0795689], [131.91773560000001, 43.0787604], [131.9178432, 43.07804079999999], [131.916741, 43.0777865], [131.9166268, 43.077928199999995], [131.9156922, 43.0777035], [131.9159945, 43.0769909], [131.9145602, 43.076625699999994], [131.9143085, 43.07712529999999], [131.9120978, 43.0766822], [131.9037339, 43.076816699999995], [131.902971, 43.0779076], [131.9002415, 43.07670190000001], [131.89945, 43.0766367], [131.89889269999998, 43.07700289999999], [131.89900159999996, 43.0776398], [131.8959256, 43.08048949999999], [131.8953006, 43.08057139999999], [131.8945223, 43.081298], [131.893915, 43.081504300000006], [131.88920339999999, 43.081760599999996], [131.88758849999996, 43.0834124], [131.88847239999998, 43.0859874], [131.8916056, 43.0889974], [131.8975055, 43.0904066], [131.8985145, 43.091378799999994], [131.8971392, 43.09221219999999], [131.8899877, 43.0899056], [131.88498579999998, 43.0862221], [131.8823878, 43.085396599999996], [131.88001039999997, 43.0855596], [131.8780953, 43.088000199999996], [131.8783516, 43.09029309999999], [131.88005859999998, 43.0936286], [131.8810224, 43.09406249999999], [131.88235549999996, 43.09670069999999], [131.881533, 43.0990289], [131.8825041, 43.1014242], [131.89165389999997, 43.1064498], [131.89610460000003, 43.10658329999999], [131.8962336, 43.10723649999999], [131.9022963, 43.1065582], [131.9024977, 43.107514], [131.9038339, 43.107398800000006], [131.9036069, 43.1063411], [131.9122521, 43.105114500000006], [131.9224068, 43.1050355], [131.92306039999997, 43.10598970000001], [131.9242977, 43.10598139999999], [131.92426539999997, 43.10500789999999], [131.9278952, 43.1049526], [131.92912709999996, 43.1059258], [131.9314616, 43.105911799999994], [131.9324114, 43.106848299999996], [131.93090799999996, 43.1076646], [131.91877899999997, 43.1081037], [131.918085, 43.1086889], [131.9097398, 43.1101724], [131.9018359, 43.1126582], [131.89879620000002, 43.11227499999999], [131.8989344, 43.1115862], [131.8931261, 43.1107056], [131.88725829999998, 43.1123137], [131.88672309999998, 43.1131544], [131.8850712, 43.1127531], [131.8826198, 43.108349499999996], [131.8826327, 43.107908699999996], [131.87953889999997, 43.1057091], [131.8802573, 43.1050988], [131.86986169999997, 43.0987759], [131.8738678, 43.097189099999994], [131.8748563, 43.0951167], [131.86689029999997, 43.08848309999999], [131.8674573, 43.0880786], [131.8613469, 43.082525999999994], [131.8594379, 43.0836847], [131.85725309999998, 43.08191010000001], [131.85717749999998, 43.081462699999996], [131.85585039999998, 43.08025399999999], [131.8520643, 43.0783715], [131.8452979, 43.07953959999999], [131.8416989, 43.0778746], [131.841331, 43.0765394], [131.842888, 43.0753468], [131.84300779999998, 43.0747356], [131.84392499999998, 43.073230099999996], [131.8438478, 43.072784299999995], [131.84335129999997, 43.0724777], [131.8426805, 43.07257659999999], [131.8415232, 43.0742041], [131.8409917, 43.07442330000001], [131.83989099999997, 43.075967999999996], [131.8401107, 43.0795281], [131.8397188, 43.081163], [131.8404913, 43.08258159999999], [131.84217810000004, 43.0838737], [131.84258979999998, 43.08579369999999], [131.8435192, 43.087151899999995], [131.8463644, 43.0891837], [131.8506671, 43.089663699999996], [131.8519027, 43.0899545], [131.852743, 43.09090119999999], [131.85040759999998, 43.09153839999999], [131.8499389, 43.0924192], [131.85134859999997, 43.094177599999995], [131.8537165, 43.0956983], [131.85742399999998, 43.0972441], [131.8567984, 43.0986176], [131.8572975, 43.099238799999995], [131.8585074, 43.09946279999999], [131.8598526, 43.1008039], [131.85966639999998, 43.1020708], [131.85827749999999, 43.1034036], [131.8583181, 43.1045064], [131.8591289, 43.1054238], [131.861375, 43.10602140000001], [131.8630608, 43.1053811], [131.8680406, 43.1066459], [131.8670111, 43.111702], [131.8690467, 43.11406219999999], [131.8745395, 43.11816639999999], [131.8729031, 43.1206728], [131.87484439999997, 43.127496199999996], [131.8818436, 43.1297416], [131.882501, 43.13038269999999], [131.8831796, 43.13487359999999], [131.8882261, 43.1383074], [131.8873323, 43.139154899999994], [131.892002, 43.14331119999999], [131.8944737, 43.145511], [131.89928319999999, 43.14687719999999], [131.9049203, 43.1579758], [131.90376169999996, 43.1589499], [131.9033338, 43.1595812], [131.8982744, 43.167046299999996], [131.8953098, 43.1695051], [131.8948779, 43.170202], [131.89599690000003, 43.1742524], [131.8976533, 43.17536299999999], [131.8989382, 43.1756443], [131.899796, 43.175712], [131.9018607, 43.17559769999999], [131.9030227, 43.176081999999994], [131.9034836, 43.1764606], [131.904013, 43.17725850000001], [131.90385399999997, 43.1788772], [131.9042723, 43.17993659999999], [131.90572019999996, 43.1812232], [131.9074411, 43.1810446], [131.9082727, 43.18254799999999], [131.90713739999998, 43.1867841], [131.9080531, 43.1883035], [131.91712, 43.19387869999999], [131.9194989, 43.20376689999999], [131.9218321, 43.2050566], [131.92422320000003, 43.205151099999995], [131.9332816, 43.2087028], [131.93651879999996, 43.211036099999994], [131.938467, 43.213901799999995], [131.94652039999997, 43.21786289999999], [131.94991879999998, 43.2181376], [131.95269359999998, 43.2194588], [131.95337649999996, 43.2203095], [131.97028979999996, 43.2274399], [131.9778574, 43.2311653], [131.97986059999997, 43.2325819], [131.9805554, 43.2332686], [131.98112119999996, 43.23339489999999], [131.9829706, 43.23285489999999], [131.9849442, 43.2332912], [131.9859764, 43.2337332], [131.98764070000001, 43.234964], [131.9935712, 43.2339164], [131.9959552, 43.2330398], [131.9967188, 43.2331492], [131.9966595, 43.2335857], [131.99847549999998, 43.2335037], [132.0002867, 43.2353979], [132.0011135, 43.23546689999999], [132.002073, 43.2348383], [132.0076843, 43.236756799999995], [132.00920879999998, 43.2374544], [132.0104293, 43.238545], [132.0111396, 43.239931999999996], [132.0105863, 43.2402588], [132.01070349999998, 43.2421416], [132.0117354, 43.24253399999999], [132.012201, 43.2429434], [132.0124362, 43.24465899999999], [132.0128877, 43.24599039999999], [132.0119301, 43.2469567], [132.0100162, 43.24702429999999], [132.0090462, 43.2476696], [132.00870879999997, 43.2486669], [132.00468020000002, 43.250058599999996], [132.0043932, 43.25051899999999], [132.00590189999997, 43.252417], [132.0060956, 43.25382729999999], [132.00535459999998, 43.2560237], [132.0053059, 43.257786499999995], [132.00276879999998, 43.26084899999999], [132.0017011, 43.26138739999999], [132.00162239999997, 43.26207169999999], [132.001891, 43.26246499999999], [132.0026834, 43.2625178], [132.0030015, 43.262282899999995], [132.00893839999998, 43.262521500000005], [132.0127032, 43.2635161], [132.0140892, 43.2649085], [132.014427, 43.2688807], [132.0152957, 43.2691867], [132.01655289999997, 43.2679812], [132.0228614, 43.2676772], [132.0267909, 43.267915], [132.0289858, 43.26865949999999], [132.0301227, 43.269499], [132.0306968, 43.2710071], [132.0330451, 43.2719361], [132.0333421, 43.2732534], [132.0357024, 43.275436799999994], [132.04146009999997, 43.277068299999996], [132.04324889999998, 43.279115399999995], [132.0467399, 43.2802448], [132.0557378, 43.2863041], [132.0557899, 43.28730399999999], [132.0546059, 43.287973099999995]]], [[[131.9111252, 43.21767139999999], [131.9118118, 43.218281299999994], [131.9130564, 43.21895369999999], [131.9139576, 43.21934459999999], [131.91507339999998, 43.2197355], [131.916275, 43.219501], [131.9191074, 43.21824999999999], [131.9208455, 43.2174994], [131.9224977, 43.2164986], [131.92395679999998, 43.215435199999995], [131.9245791, 43.2149661], [131.9248581, 43.21455950000001], [131.92494389999996, 43.21390269999999], [131.9246006, 43.21333969999999], [131.9237423, 43.21330840000001], [131.9227123, 43.2138245], [131.9215107, 43.21455950000001], [131.9202876, 43.21518499999999], [131.91807739999996, 43.2155134], [131.9147086, 43.2160764], [131.91236969999997, 43.2164361], [131.9112325, 43.2167332], [131.9108677, 43.217061599999994], [131.9111252, 43.21767139999999]]], [[[131.9553065, 43.0284472], [131.9545984, 43.027913899999994], [131.9535577, 43.0274512], [131.9528925, 43.02739629999999], [131.95178749999997, 43.02747469999999], [131.9512403, 43.0276865], [131.9508219, 43.027913899999994], [131.9505215, 43.0287923], [131.95036049999996, 43.029451099999996], [131.9504034, 43.02994519999999], [131.950618, 43.0304393], [131.95092919999996, 43.0308236], [131.95097209999997, 43.03123140000001], [131.95074679999996, 43.03176469999999], [131.9504571, 43.032211700000005], [131.950103, 43.0326274], [131.9497919, 43.03298809999999], [131.9498563, 43.033317499999995], [131.9501567, 43.0335057], [131.9508326, 43.03357630000001], [131.9512832, 43.03349], [131.9515729, 43.0333489], [131.95178749999997, 43.0330665], [131.9518626, 43.032698], [131.9519913, 43.03204699999999], [131.95225949999997, 43.0318039], [131.95282819999997, 43.031513699999984], [131.9530749, 43.03120789999999], [131.95352549999998, 43.0309648], [131.9540834, 43.03071380000001], [131.95418, 43.030462799999995], [131.9544911, 43.0299687], [131.9554138, 43.02931000000001], [131.9554567, 43.028933499999994], [131.9553065, 43.0284472]]], [[[131.7685604, 43.012319999999995], [131.7683673, 43.0121474], [131.76815269999997, 43.0120768], [131.7677772, 43.0121161], [131.7676055, 43.012335699999994], [131.7674446, 43.0129712], [131.7673373, 43.0131987], [131.76668289999998, 43.013786999999994], [131.7661679, 43.014171399999995], [131.76606059999997, 43.0143911], [131.76607129999996, 43.014548], [131.7663073, 43.0146499], [131.76667209999997, 43.0149873], [131.7671335, 43.0155207], [131.7675197, 43.01572469999999], [131.76824929999998, 43.01574039999999], [131.7686891, 43.0156854], [131.7689788, 43.015403], [131.7690647, 43.01475979999999], [131.76886079999997, 43.0142028], [131.76850680000004, 43.013606599999996], [131.7685175, 43.0129476], [131.7685604, 43.012319999999995]]], [[[131.8111759, 43.0568489], [131.8116521, 43.05312579999999], [131.81187269999998, 43.0529594], [131.8122053, 43.0526301], [131.81245209999997, 43.052347899999994], [131.81269879999996, 43.051955899999996], [131.81273099999999, 43.05161090000001], [131.81274169999998, 43.0506936], [131.81301, 43.0502232], [131.8132138, 43.0497214], [131.8134713, 43.04940779999999], [131.81384679999996, 43.04889819999999], [131.8139756, 43.04852970000001], [131.8140721, 43.0481847], [131.8141687, 43.0479182], [131.8144476, 43.04758890000001], [131.81469440000004, 43.04738499999999], [131.81500549999998, 43.0472831], [131.8162286, 43.0472047], [131.8194258, 43.0470871], [131.82003740000002, 43.0474007], [131.8206382, 43.047777], [131.8211961, 43.048067100000004], [131.82164669999997, 43.048302299999996], [131.8228698, 43.0484591], [131.8238568, 43.04859239999999], [131.8249297, 43.0488904], [131.8256593, 43.0490707], [131.8263888, 43.04916479999999], [131.82791229999998, 43.049219699999995], [131.8282127, 43.0491961], [131.82849169999997, 43.0490472], [131.8286633, 43.0487179], [131.8288994, 43.04850619999999], [131.8290925, 43.0484591], [131.8295538, 43.048302299999996], [131.8298113, 43.0480201], [131.8300795, 43.04776919999999], [131.8303156, 43.04760449999999], [131.83096999999998, 43.0472204], [131.831603, 43.046891099999996], [131.8322468, 43.04633439999999], [131.83272960000002, 43.0460129], [131.8334699, 43.0457228], [131.834532, 43.0452759], [131.83519719999998, 43.04504850000001], [131.83569069999996, 43.044993600000005], [131.83671, 43.044993600000005], [131.8376541, 43.0450328], [131.8384266, 43.044946599999996], [131.8394995, 43.04467999999999], [131.840508, 43.04435060000001], [131.8415594, 43.04422519999999], [131.8426967, 43.04400559999999], [131.84340479999997, 43.0439429], [131.8454218, 43.0438488], [131.8473852, 43.043660599999995], [131.8485761, 43.043503799999996], [131.8501854, 43.04316669999999], [131.8516552, 43.0428295], [131.85276779999998, 43.04252559999999], [131.8608604, 43.03970279999999], [131.86045229999996, 43.037504399999996], [131.8584007, 43.036929199999996], [131.8604967, 43.0311753], [131.86493059999998, 43.02864869999999], [131.86319369999998, 43.0268877], [131.86365349999997, 43.02446059999999], [131.8664991, 43.021279899999996], [131.8686833, 43.02208019999999], [131.87251, 43.0206786], [131.87434549999998, 43.0191404], [131.8727296, 43.0160059], [131.8773234, 43.0128685], [131.8775804, 43.010134099999995], [131.8792935, 43.0092523], [131.880981, 43.0083835], [131.8821091, 43.00780269999999], [131.8820846, 43.0071211], [131.8820466, 43.0060631], [131.88321950000002, 43.0050316], [131.88400269999997, 43.00426269999999], [131.88442109999997, 43.0034781], [131.8845392, 43.00220569999999], [131.8826259, 42.997302899999994], [131.8837691, 42.9953538], [131.88871099999997, 42.9985997], [131.8937454, 42.99260209999999], [131.8933425, 42.9920984], [131.89488229999998, 42.988607699999996], [131.89554969999998, 42.9834732], [131.8985344, 42.98403999999999], [131.9000624, 42.9847842], [131.9015906, 42.9875015], [131.8995287, 42.9888442], [131.89967849999996, 42.9902062], [131.8976154, 42.9912522], [131.898226, 42.992569100000004], [131.9000053, 42.993284200000005], [131.9021742, 42.994889799999996], [131.9016479, 42.9955159], [131.9000665, 42.9960952], [131.8971827, 42.994631399999996], [131.8943696, 42.99591319999999], [131.892226, 43.00023530000001], [131.8923618, 43.0016173], [131.8934948, 43.00270079999999], [131.8954155, 43.0036677], [131.89526759999998, 43.0042695], [131.8942873, 43.00488930000001], [131.8908172, 43.00338510000001], [131.88984719999996, 43.0040738], [131.889839, 43.0048566], [131.89051599999996, 43.0054718], [131.89237379999997, 43.0063277], [131.8934286, 43.0066495], [131.895572, 43.006716899999994], [131.8970932, 43.0075477], [131.897696, 43.0085114], [131.8965532, 43.00963819999999], [131.8886425, 43.00689909999999], [131.8872981, 43.0091535], [131.8880473, 43.010214], [131.8874446, 43.01207539999999], [131.8841601, 43.01282649999999], [131.88448889999998, 43.0140949], [131.8856171, 43.015221399999994], [131.8875208, 43.016341999999995], [131.8876553, 43.01679059999999], [131.88643680000004, 43.0179064], [131.88526949999996, 43.01840359999999], [131.8827368, 43.018099199999995], [131.8819443, 43.0164494], [131.8799787, 43.016341399999995], [131.8778368, 43.01833779999999], [131.8775424, 43.0203277], [131.8751524, 43.02226389999999], [131.8755202, 43.024665899999995], [131.8753383, 43.0249537], [131.8740721, 43.0247573], [131.8732662, 43.0249972], [131.87202140000002, 43.0256946], [131.8717846, 43.02634509999999], [131.8722605, 43.027669499999995], [131.8718295, 43.027821599999996], [131.8711653, 43.0277708], [131.87045619999998, 43.026995], [131.8679241, 43.0257033], [131.867163, 43.0259049], [131.86700849999997, 43.02635659999999], [131.86745179999997, 43.02977550000001], [131.8682227, 43.03065539999999], [131.8642702, 43.0332291], [131.8645643, 43.0371232], [131.86333399999998, 43.03842379999999], [131.8647117, 43.0393225], [131.87036449999997, 43.040626499999995], [131.87434909999996, 43.0397365], [131.8761199, 43.0397835], [131.8764292, 43.041043099999996], [131.8725786, 43.041756199999995], [131.86633289999997, 43.0436344], [131.86556849999997, 43.0458412], [131.8632628, 43.0463675], [131.8626111, 43.0472835], [131.856867, 43.0489906], [131.85451349999997, 43.054728299999994], [131.8475086, 43.0534652], [131.8466127, 43.0532494], [131.84611919999998, 43.052998599999995], [131.8454325, 43.052692799999996], [131.8449497, 43.052567399999994], [131.84444549999998, 43.0525203], [131.84387679999998, 43.0525831], [131.8437159, 43.05266139999999], [131.84354419999997, 43.052928], [131.8435979, 43.0533514], [131.8444133, 43.0542686], [131.8462908, 43.055844300000004], [131.8462157, 43.056228499999996], [131.845969, 43.05684779999999], [131.84544319999998, 43.057318099999996], [131.8439915, 43.0580548], [131.8357654, 43.0575896], [131.83473659999999, 43.0586535], [131.8344247, 43.05870569999999], [131.834135, 43.0589252], [131.8338776, 43.05912899999999], [131.83373809999998, 43.059223], [131.833545, 43.059223], [131.8333518, 43.0591603], [131.8331909, 43.0589879], [131.8330622, 43.0588468], [131.8328154, 43.0587684], [131.83254719999996, 43.0587841], [131.8322468, 43.058736999999994], [131.832, 43.058588099999994], [131.83164599999998, 43.0584235], [131.831249, 43.05833719999999], [131.8305856, 43.0582055], [131.8301547, 43.05821569999999], [131.8293983, 43.05829799999999], [131.82886179999997, 43.05845479999999], [131.828468, 43.058667299999996], [131.82675299999997, 43.0573476], [131.8228819, 43.059546499999996], [131.82296229999997, 43.0632757], [131.82263369999998, 43.0633306], [131.8221509, 43.063503000000004], [131.8218505, 43.06377729999999], [131.8217003, 43.06413009999999], [131.821636, 43.064451399999996], [131.8217647, 43.0647493], [131.8224621, 43.065540999999996], [131.82278389999996, 43.06592499999999], [131.82304589999998, 43.067159499999995], [131.8282612, 43.06973729999999], [131.8312412, 43.06817929999999], [131.8366782, 43.06814019999999], [131.8385768, 43.0684332], [131.83978909999996, 43.06854289999999], [131.8406904, 43.0685586], [131.8414199, 43.06838619999999], [131.8422353, 43.0681471], [131.8432546, 43.0676416], [131.84353349999998, 43.067500499999994], [131.843512, 43.067281], [131.8432653, 43.0666305], [131.8429434, 43.06605040000001], [131.8427288, 43.06538419999999], [131.8426323, 43.06463960000001], [131.8425894, 43.06383219999999], [131.8425518, 43.063283500000004], [131.84509459999998, 43.061954899999996], [131.8457437, 43.061700099999996], [131.8462372, 43.0615865], [131.8479001, 43.06140619999999], [131.848893, 43.0613369], [131.8533986, 43.06175499999999], [131.85395119999998, 43.06199019999999], [131.8549275, 43.06225669999999], [131.8556678, 43.0623742], [131.8564725, 43.0623821], [131.85730929999997, 43.0623272], [131.85853239999997, 43.0623429], [131.8597126, 43.062444799999994], [131.8607533, 43.062601599999994], [131.86166519999998, 43.06280539999999], [131.8623948, 43.06277399999999], [131.8634784, 43.06277399999999], [131.8655276, 43.0629465], [131.86570999999998, 43.06293079999999], [131.8666541, 43.0628132], [131.8673193, 43.0626721], [131.86778069999997, 43.0624605], [131.8686497, 43.0621704], [131.8696475, 43.0618177], [131.8704629, 43.06155900000001], [131.8712568, 43.0613709], [131.8719864, 43.06123759999999], [131.8726945, 43.06118279999999], [131.87358499999996, 43.0609868], [131.8743789, 43.0608692], [131.8748832, 43.0606341], [131.875323, 43.060485099999994], [131.87706109999996, 43.060391], [131.8775439, 43.060563499999994], [131.87872409999997, 43.0608849], [131.8795609, 43.0610652], [131.8810286, 43.061300499999994], [131.88233479999997, 43.061866200000004], [131.8928431, 43.063781299999995], [131.893959, 43.0621861], [131.8943882, 43.06185690000001], [131.89489239999997, 43.0617864], [131.8960297, 43.0617158], [131.89674849999997, 43.06138659999999], [131.8971777, 43.060704599999994], [131.900303, 43.0593347], [131.90150159999996, 43.0600399], [131.90149729999996, 43.060627999999994], [131.9022034, 43.061091], [131.90296389999997, 43.0610876], [131.9043422, 43.0599324], [131.9041668, 43.0594061], [131.9027918, 43.058506599999994], [131.9044626, 43.057961000000006], [131.904999, 43.0574984], [131.90525649999998, 43.057176999999996], [131.90527799999998, 43.0569811], [131.9047308, 43.05642449999999], [131.9041729, 43.0560403], [131.9034862, 43.055789499999996], [131.90327169999998, 43.0557111], [131.90298199999998, 43.0553348], [131.90274599999998, 43.055068199999994], [131.9024241, 43.0545038], [131.90206999999998, 43.054252899999994], [131.90160869999997, 43.0538609], [131.9012976, 43.0533906], [131.9011152, 43.0531554], [131.9010723, 43.0528574], [131.9009757, 43.05264579999999], [131.900686, 43.05233220000001], [131.9005465, 43.052120499999994], [131.90055729999997, 43.05088959999999], [131.90060019999999, 43.049901799999994], [131.9007289, 43.04930589999999], [131.900965, 43.0486708], [131.9009328, 43.0478319], [131.900965, 43.047486899999996], [131.9008255, 43.04710269999999], [131.9006431, 43.046891099999996], [131.9001925, 43.0466166], [131.8998384, 43.04633439999999], [131.8996453, 43.0460443], [131.8992913, 43.04544049999999], [131.89889429999997, 43.045072], [131.8984008, 43.0448211], [131.89751029999996, 43.0444683], [131.89680220000002, 43.04362929999999], [131.896137, 43.0428922], [131.8959975, 43.04231200000001], [131.89581509999996, 43.0415984], [131.89574, 43.040406499999996], [131.8955898, 43.0397243], [131.8955254, 43.0390029], [131.89546109999998, 43.0375522], [131.8955684, 43.0372307], [131.8956649, 43.036846399999995], [131.8959975, 43.03657979999999], [131.89624429999998, 43.0362348], [131.89646959999996, 43.0357329], [131.8964481, 43.0351526], [131.896019, 43.03498], [131.89534309999996, 43.034627199999996], [131.8946886, 43.03412529999999], [131.89465639999997, 43.0337959], [131.89466709999996, 43.033341], [131.89475299999998, 43.0329568], [131.8949997, 43.0325803], [131.89551470000004, 43.0321725], [131.8960941, 43.031796099999994], [131.8965447, 43.03152939999999], [131.89684509999998, 43.03144319999999], [131.897167, 43.0312471], [131.8973493, 43.03098829999999], [131.89769270000002, 43.030847099999995], [131.8981111, 43.0307844], [131.8988085, 43.030847099999995], [131.8997204, 43.0310746], [131.9008148, 43.031513699999984], [131.9019306, 43.031780399999995], [131.9024563, 43.0320941], [131.9027996, 43.0322745], [131.90320189999997, 43.032317600000006], [131.9054603, 43.0322901], [131.906383, 43.032196], [131.9067585, 43.0320706], [131.9069195, 43.03200389999999], [131.90733249999997, 43.03192549999999], [131.9084859, 43.0318627], [131.9093603, 43.031847], [131.91086230000002, 43.03183529999999], [131.9121283, 43.031800000000004], [131.9132709, 43.0317059], [131.9150788, 43.03145489999999], [131.9157761, 43.031360799999995], [131.9160068, 43.0312863], [131.9163233, 43.0310628], [131.916731, 43.030804], [131.9168812, 43.030604], [131.9169509, 43.03022359999999], [131.9168919, 43.0300628], [131.9164413, 43.0299883], [131.91621059999997, 43.0299374], [131.9159371, 43.0298315], [131.91547569999997, 43.0296786], [131.91493390000002, 43.02932169999999], [131.9146228, 43.0289649], [131.9143116, 43.0286002], [131.91403269999998, 43.028219799999995], [131.9138771, 43.0280668], [131.9138396, 43.0277061], [131.9137698, 43.027349199999996], [131.9134855, 43.0270237], [131.9131905, 43.0266629], [131.91295439999996, 43.0263021], [131.912654, 43.0262394], [131.91130219999997, 43.0259061], [131.9103098, 43.0251962], [131.9100738, 43.02478839999999], [131.9101006, 43.024384399999995], [131.9102561, 43.023835399999996], [131.9105565, 43.0232158], [131.9108677, 43.022886299999996], [131.9111949, 43.0226353], [131.9115758, 43.0224196], [131.91192979999997, 43.02232159999999], [131.9125843, 43.02232159999999], [131.91306169999996, 43.0224432], [131.91361959999998, 43.0227648], [131.9140434, 43.0229726], [131.9143599, 43.0231256], [131.9147301, 43.02316089999999], [131.9150788, 43.0231687], [131.9152826, 43.0230354], [131.9154113, 43.0227804], [131.91534700000003, 43.02218429999999], [131.9149125, 43.021654899999994], [131.9143975, 43.02139209999999], [131.9124073, 43.020513599999994], [131.9122034, 43.02021549999999], [131.9121176, 43.01995269999999], [131.91208, 43.019591899999995], [131.91208, 43.0191409], [131.9125736, 43.018521199999995], [131.91343719999998, 43.0176348], [131.9136411, 43.017372], [131.9138181, 43.0169249], [131.91401659999997, 43.0166621], [131.9145906, 43.0161679], [131.91545959999996, 43.015155899999996], [131.91545959999996, 43.01489310000001], [131.91514309999997, 43.0140145], [131.9149071, 43.013645800000006], [131.91454769999999, 43.0134065], [131.9142151, 43.01326529999999], [131.9138557, 43.0129672], [131.9137698, 43.01275149999999], [131.9136947, 43.0122298], [131.91363039999996, 43.01139040000001], [131.91339429999996, 43.011056999999994], [131.91333, 43.0108098], [131.913346, 43.0102646], [131.9134963, 43.00997819999999], [131.9137269, 43.00971929999999], [131.9139415, 43.0095664], [131.9141561, 43.0093388], [131.9153953, 43.009178], [131.91825449999996, 43.0091545], [131.92065239999997, 43.0091545], [131.9225027, 43.0098242], [131.9271755, 43.0168568], [131.92573980000003, 43.0234775], [131.9307189, 43.0261849], [131.9317996, 43.025725699999995], [131.932733, 43.025333499999995], [131.9333231, 43.02521589999999], [131.9339454, 43.0250904], [131.9344389, 43.02512169999999], [131.9353187, 43.0253413], [131.9361663, 43.025639399999996], [131.9369066, 43.0256629], [131.9376254, 43.025561], [131.9382906, 43.025388400000004], [131.9386983, 43.02514529999999], [131.93899869999998, 43.0244629], [131.9390523, 43.0237962], [131.93899869999998, 43.023404], [131.93868760000004, 43.0228314], [131.9378404, 43.021480499999996], [131.93852489999998, 43.0185021], [131.9375181, 43.0171445], [131.9365525, 43.01511279999999], [131.9358444, 43.01387329999999], [131.935662, 43.0133242], [131.9353831, 43.0127593], [131.9348144, 43.01213169999999], [131.9331944, 43.010790199999995], [131.932379, 43.01002139999999], [131.93163869999998, 43.00907999999999], [131.93099499999997, 43.0083425], [131.9306195, 43.0081385], [131.93029760000002, 43.0078796], [131.93015809999997, 43.0074873], [131.93020099999998, 43.006985199999995], [131.9305229, 43.0063811], [131.9308662, 43.00611429999999], [131.9313812, 43.0058946], [131.9325185, 43.00573769999999], [131.9333339, 43.0056671], [131.9341922, 43.00558079999999], [131.93470719999996, 43.005392500000006], [131.93535089999997, 43.0048276], [131.93569419999997, 43.0043882], [131.9361126, 43.0035095], [131.9361341, 43.002897499999996], [131.9360804, 43.00204219999999], [131.9362414, 43.0014616], [131.9364345, 43.0007711], [131.9367027, 43.00014339999999], [131.93683149999998, 42.999452899999994], [131.9371319, 42.998511300000004], [131.937089, 42.9973264], [131.937046, 42.9970518], [131.9365847, 42.9960316], [131.9356298, 42.9948389], [131.9344067, 42.99347339999999], [131.9335699, 42.9922257], [131.9329476, 42.9916607], [131.932615, 42.9914095], [131.9306195, 42.9902638], [131.9282591, 42.9889846], [131.92736859999997, 42.9883646], [131.9271326, 42.98785440000001], [131.9266927, 42.9864496], [131.9262099, 42.985413599999994], [131.9254696, 42.984377599999995], [131.923989, 42.9827137], [131.921339, 42.9798959], [131.91951510000004, 42.97827110000001], [131.91776629999998, 42.976858199999995], [131.915878, 42.97550809999999], [131.9137645, 42.9742443], [131.91201569999998, 42.97347500000001], [131.9113076, 42.9731924], [131.91047069999996, 42.9728313], [131.90943, 42.9722111], [131.9086254, 42.97163019999999], [131.90820690000004, 42.9710572], [131.9080567, 42.9706568], [131.9080245, 42.9694635], [131.9077241, 42.9687413], [131.9073915, 42.968136799999996], [131.9069946, 42.9678228], [131.9060612, 42.9672261], [131.90566419999996, 42.9668414], [131.9055569, 42.966472399999994], [131.9055676, 42.9660171], [131.905868, 42.9653105], [131.9068766, 42.96374029999999], [131.9079387, 42.96179310000001], [131.9081318, 42.961337799999995], [131.9085181, 42.9600815], [131.9086468, 42.9590608], [131.9086361, 42.957710299999995], [131.9084322, 42.9571449], [131.9079387, 42.956508899999996], [131.9074666, 42.95612409999999], [131.9069624, 42.95597490000001], [131.90660829999996, 42.95592], [131.9061685, 42.9559906], [131.905911, 42.95613199999999], [131.90474149999997, 42.9574983], [131.9037652, 42.958251999999995], [131.9033039, 42.958887999999995], [131.9030142, 42.95941409999999], [131.9026387, 42.9607253], [131.9020808, 42.961534], [131.9012868, 42.962334899999995], [131.90060019999999, 42.9628295], [131.9000745, 42.962962999999995], [131.8995702, 42.962947299999996], [131.8992805, 42.9628766], [131.89751029999996, 42.9618403], [131.8956864, 42.96091379999999], [131.8950105, 42.9606468], [131.8945169, 42.96046619999999], [131.8939161, 42.9599794], [131.89361569999997, 42.959767400000004], [131.891824, 42.95937489999999], [131.8897855, 42.95890370000001], [131.8887234, 42.9584562], [131.8879509, 42.958526899999995], [131.8873501, 42.96012079999999], [131.8872106, 42.96175389999999], [131.8869746, 42.963018000000005], [131.8867278, 42.9637167], [131.8862557, 42.96416419999999], [131.8857622, 42.9645254], [131.8849361, 42.9645568], [131.8843245, 42.9644547], [131.8836915, 42.9642742], [131.88308, 42.9635833], [131.8826294, 42.96292369999999], [131.8825436, 42.96157329999999], [131.8827367, 42.96104729999999], [131.8827152, 42.9605762], [131.8825972, 42.959869499999996], [131.8823612, 42.95965749999999], [131.881181, 42.9589744], [131.87964679999996, 42.9582285], [131.8792927, 42.9577574], [131.8789923, 42.95693289999999], [131.8786597, 42.955605899999995], [131.8784988, 42.95409039999999], [131.8783164, 42.9518367], [131.8774795, 42.949692899999995], [131.8771684, 42.949056799999994], [131.87613839999997, 42.94776099999999], [131.8744111, 42.945931200000004], [131.8737674, 42.94514579999999], [131.87305929999997, 42.9445018], [131.8722868, 42.944171999999995], [131.8711924, 42.944219100000005], [131.8702483, 42.944627499999996], [131.8697548, 42.9453814], [131.8697333, 42.9463081], [131.8700981, 42.94676359999999], [131.8717396, 42.9478238], [131.8722117, 42.94845990000001], [131.87265159999998, 42.9491824], [131.8724048, 42.950430999999995], [131.87155719999998, 42.9513263], [131.87033409999998, 42.95153830000001], [131.8687463, 42.95160109999999], [131.8676519, 42.9519074], [131.8673193, 42.9524414], [131.8675768, 42.9529518], [131.8685532, 42.95335229999999], [131.86925049999996, 42.9538156], [131.8697333, 42.9543417], [131.86978699999997, 42.95581], [131.8702161, 42.9574354], [131.8711817, 42.9581971], [131.87191130000002, 42.95870740000001], [131.87203999999997, 42.959155], [131.87203999999997, 42.9598145], [131.8717718, 42.960442699999994], [131.871568, 42.96093729999999], [131.87108519999998, 42.961424099999995], [131.8705058, 42.96156549999999], [131.87005519999997, 42.961691099999996], [131.86790939999997, 42.96181669999999], [131.8670189, 42.9620287], [131.8660641, 42.962437], [131.8647981, 42.962939399999996], [131.8638968, 42.9630337], [131.86177250000003, 42.96290019999999], [131.8603027, 42.9625861], [131.8593371, 42.9622721], [131.8583286, 42.961691099999996], [131.85650469999996, 42.95919429999999], [131.8551958, 42.95810289999999], [131.85390829999997, 42.95740399999999], [131.8528354, 42.957050699999996], [131.8520629, 42.95693289999999], [131.8504751, 42.95700360000001], [131.8498635, 42.95712139999999], [131.8490481, 42.95740399999999], [131.8477714, 42.9575689], [131.84694529999996, 42.957506099999996], [131.8465269, 42.9568701], [131.84614059999998, 42.9557001], [131.845969, 42.95479709999999], [131.84563639999996, 42.954216], [131.84388759999996, 42.9534229], [131.84343689999997, 42.9531559], [131.8429005, 42.952622], [131.84240699999998, 42.9519545], [131.8420958, 42.9511692], [131.8423426, 42.94981849999999], [131.8436193, 42.9486013], [131.8444133, 42.948004499999996], [131.8457222, 42.9475019], [131.8481254, 42.9466223], [131.8489194, 42.94618249999999], [131.8494129, 42.94561699999999], [131.8494558, 42.944878800000005], [131.84915539999997, 42.9437479], [131.8486619, 42.9429782], [131.84851169999996, 42.9414545], [131.8483829, 42.940197899999994], [131.8477607, 42.9397423], [131.84664489999997, 42.9395852], [131.84509989999998, 42.93909829999999], [131.8432975, 42.937967199999996], [131.8416023, 42.93666339999999], [131.84145209999997, 42.9361607], [131.8417525, 42.93531240000001], [131.841774, 42.934621099999994], [131.8406582, 42.9340399], [131.8348217, 42.93234319999999], [131.8322468, 42.9322646], [131.829586, 42.9318876], [131.82688229999997, 42.9314634], [131.8249941, 42.9311963], [131.82327749999996, 42.9311806], [131.8222475, 42.9314948], [131.82164669999997, 42.932076099999996], [131.8209815, 42.9331758], [131.8207884, 42.934338399999994], [131.8213892, 42.93590929999999], [131.82304139999997, 42.9377316], [131.8255305, 42.940449199999996], [131.8258953, 42.9415174], [131.82570219999997, 42.9423342], [131.825273, 42.94305669999999], [131.8234706, 42.9442348], [131.82177539999998, 42.9454914], [131.8208098, 42.94582119999999], [131.8201875, 42.94629239999999], [131.8201875, 42.9468422], [131.8209171, 42.947360499999995], [131.8218398, 42.9476903], [131.82369590000002, 42.949151], [131.82436109999998, 42.9496379], [131.8256271, 42.9502975], [131.8272364, 42.9509572], [131.82875989999997, 42.95203299999999], [131.8291783, 42.95335229999999], [131.8292105, 42.955338899999994], [131.8287063, 42.9566895], [131.8287814, 42.95730979999999], [131.82935, 42.9584248], [131.82940359999998, 42.9587781], [131.82916760000003, 42.9593199], [131.8281591, 42.9609059], [131.8274295, 42.9612121], [131.8263352, 42.961463399999985], [131.8247688, 42.96157329999999], [131.82412499999998, 42.96184809999999], [131.82218309999996, 42.9643213], [131.8206704, 42.96487869999999], [131.81898589999997, 42.9653812], [131.818428, 42.96553029999999], [131.8176234, 42.96553029999999], [131.81602479999998, 42.96533399999999], [131.8145442, 42.96549889999999], [131.8135142, 42.966283999999995], [131.8130958, 42.966362499999995], [131.8125701, 42.966496], [131.8119907, 42.96648029999999], [131.8104672, 42.96633109999999], [131.8088257, 42.96633109999999], [131.8069374, 42.9654832], [131.8044913, 42.965663799999994], [131.80313940000002, 42.965734399999995], [131.80145499999998, 42.9655382], [131.8007362, 42.9646981], [131.8002105, 42.9637874], [131.79930919999998, 42.9628845], [131.7984509, 42.9626489], [131.7973351, 42.9623506], [131.7957902, 42.9626568], [131.7949426, 42.9633085], [131.79469579999997, 42.9646275], [131.79514650000002, 42.9654675], [131.7954039, 42.9662526], [131.796788, 42.9671712], [131.7972064, 42.967508699999996], [131.7979145, 42.96820739999999], [131.7983544, 42.9691809], [131.7987728, 42.96949490000001], [131.79924489999996, 42.96970689999999], [131.8001997, 42.9698718], [131.8047166, 42.9696127], [131.8052101, 42.970366299999995], [131.8050706, 42.970633199999995], [131.804738, 42.971528199999995], [131.8046951, 42.97208549999999], [131.8048453, 42.9723524], [131.8053067, 42.972752799999995], [131.8057358, 42.97303539999999], [131.8057787, 42.97455829999999], [131.8052423, 42.9757907], [131.80093999999997, 42.9777374], [131.7991698, 42.978255399999995], [131.79718489999996, 42.978538], [131.796112, 42.9787185], [131.79470659999998, 42.9791032], [131.7939341, 42.9793386], [131.7927539, 42.979888100000004], [131.7920244, 42.9802962], [131.7914557, 42.9805396], [131.7907047, 42.9808221], [131.7894173, 42.980837799999996], [131.7890632, 42.980806400000006], [131.7888486, 42.98067300000001], [131.7886341, 42.9803983], [131.7883551, 42.9801393], [131.7880762, 42.9798959], [131.7877114, 42.97985669999999], [131.7872071, 42.9799352], [131.7867458, 42.980335499999995], [131.7863166, 42.9808221], [131.7861557, 42.9813009], [131.7860055, 42.98161489999999], [131.78531879999997, 42.98174039999999], [131.7847395, 42.9819053], [131.7841387, 42.9819524], [131.7835271, 42.98194449999999], [131.7828405, 42.9818739], [131.7822504, 42.981866], [131.7813599, 42.98184249999999], [131.7803407, 42.98174039999999], [131.779257, 42.98148139999999], [131.7785382, 42.9811989], [131.777991, 42.98083], [131.7779052, 42.9802334], [131.7779374, 42.979684], [131.7775619, 42.9794564], [131.77604909999997, 42.97907959999999], [131.7754483, 42.9784595], [131.7750192, 42.9780435], [131.77452559999998, 42.9778002], [131.7736244, 42.97771379999999], [131.7728948, 42.977729499999995], [131.7720365, 42.9773842], [131.7711782, 42.976834700000005], [131.7704057, 42.976504999999996], [131.769526, 42.97631659999999], [131.7690325, 42.9760497], [131.76823849999997, 42.97581420000001], [131.7670369, 42.97567299999999], [131.7657494, 42.9757672], [131.7639255, 42.97609679999999], [131.7623162, 42.9767091], [131.75939799999998, 42.9778551], [131.75690889999998, 42.97865579999999], [131.7547416, 42.9801471], [131.7533684, 42.980845699999996], [131.753025, 42.98100259999999], [131.7518449, 42.98118319999999], [131.7510402, 42.9813637], [131.7502355, 42.981662], [131.7489159, 42.9827137], [131.7472958, 42.9840323], [131.7453647, 42.9853665], [131.74499989999998, 42.98550779999999], [131.7446351, 42.985821699999995], [131.7445922, 42.9861671], [131.7446673, 42.986512399999995], [131.7446673, 42.9869598], [131.74492479999998, 42.9876661], [131.7451393, 42.987870099999995], [131.74618, 42.9882861], [131.74734949999998, 42.988631399999996], [131.74836869999996, 42.988647099999994], [131.7499459, 42.98894529999999], [131.7503965, 42.98911799999998], [131.7508042, 42.9893848], [131.7508578, 42.9899106], [131.75076349999998, 42.9903752], [131.75186919999996, 42.991281199999996], [131.7519629, 42.9920295], [131.7517805, 42.99238259999999], [131.7510509, 42.9930732], [131.7506647, 42.9932459], [131.7499574, 42.99353739999999], [131.74885360000002, 42.99653740000001], [131.74931820000003, 42.9966869], [131.7505574, 42.997165499999994], [131.7513567, 42.9974716], [131.7528427, 42.9981111], [131.75408719999996, 42.998664299999994], [131.7549777, 42.99902519999999], [131.75525659999997, 42.9992449], [131.7553908, 42.9995392], [131.7553854, 42.9997589], [131.75525659999997, 42.9999511], [131.7548543, 43.0002101], [131.75353469999996, 43.00143409999999], [131.7531162, 43.0018186], [131.7527944, 43.0021324], [131.75271929999997, 43.00259539999999], [131.7529607, 43.00281509999999], [131.7539477, 43.0034035], [131.7544466, 43.00356829999999], [131.7554766, 43.003913499999996], [131.75578769999998, 43.00409009999999], [131.7559969, 43.004258799999995], [131.7560667, 43.00480009999999], [131.7564261, 43.0052042], [131.7567158, 43.00532969999999], [131.7571503, 43.00533759999999], [131.7574561, 43.00525519999999], [131.7578691, 43.0050237], [131.7582285, 43.0047099], [131.7586416, 43.0046824], [131.75897419999998, 43.0046589], [131.7592102, 43.0045373], [131.7593765, 43.0043254], [131.7596555, 43.00415679999999], [131.7600954, 43.0040038], [131.7606747, 43.0038821], [131.76103409999996, 43.003635], [131.7614686, 43.0033251], [131.761753, 43.0031878], [131.762048, 43.00309359999999], [131.7622197, 43.0028033], [131.76239130000002, 43.0026778], [131.76295989999997, 43.0024267], [131.7633569, 43.00218339999999], [131.7640221, 43.002003], [131.764462, 43.0016499], [131.7648482, 43.00124970000001], [131.7656958, 43.0011634], [131.76620009999996, 43.0009359], [131.7669403, 43.0008809], [131.76753039999997, 43.0009516], [131.76821709999996, 43.001155600000004], [131.7686891, 43.001155600000004], [131.7704594, 43.0009986], [131.7715108, 43.0008653], [131.7724657, 43.00056709999999], [131.7747831, 42.99988439999999], [131.77561999999998, 42.999445], [131.7770791, 42.9992646], [131.77792669999997, 42.99881729999999], [131.7784309, 42.99778940000001], [131.7803836, 42.9969654], [131.78126329999998, 42.99615719999999], [131.7821324, 42.995451], [131.7833984, 42.994791799999994], [131.78589820000002, 42.9937873], [131.78847309999998, 42.993606799999995], [131.7911661, 42.99366959999999], [131.79248569999996, 42.993850099999996], [131.7936444, 42.99397569999999], [131.7942881, 42.994783899999995], [131.7940307, 42.9956942], [131.7939234, 42.99655739999999], [131.7927325, 42.9973735], [131.7912841, 42.99823659999999], [131.7898464, 42.998448499999995], [131.7892992, 42.998527], [131.788398, 42.99891149999999], [131.7876932, 42.99922049999999], [131.7873185, 43.00002059999999], [131.7873573, 43.0006691], [131.78742169999998, 43.0011713], [131.7875934, 43.0019794], [131.7879367, 43.00272480000001], [131.787883, 43.00423909999999], [131.7875934, 43.00554160000001], [131.78742169999998, 43.005839699999996], [131.7872393, 43.0062634], [131.7863488, 43.00630259999999], [131.7843425, 43.0059809], [131.7828619, 43.00570629999999], [131.7815637, 43.0050237], [131.78151099999997, 43.004082999999994], [131.7826895, 43.00334589999999], [131.7822168, 43.0024222], [131.78155100000004, 43.001891699999995], [131.7803496, 43.00245749999999], [131.7793965, 43.0033604], [131.7787313, 43.003893899999994], [131.7774023, 43.00481409999999], [131.7742614, 43.0072464], [131.772761, 43.00943869999999], [131.7727948, 43.0112636], [131.7726803, 43.013332], [131.7726374, 43.01437539999999], [131.7728197, 43.0160541], [131.77389259999998, 43.0175681], [131.7763066, 43.0195448], [131.7804587, 43.02080769999999], [131.7818749, 43.0215529], [131.78262589999997, 43.0221412], [131.78326959999998, 43.02293339999999], [131.7832911, 43.02381969999999], [131.7826903, 43.024306], [131.78020119999996, 43.02521589999999], [131.7793643, 43.0262198], [131.7791176, 43.0268472], [131.7792249, 43.027356999999995], [131.7818105, 43.028047199999996], [131.78281899999996, 43.0283766], [131.78375239999997, 43.0287531], [131.7851043, 43.0292707], [131.7859304, 43.0301648], [131.78629519999998, 43.0308314], [131.7865634, 43.03123140000001], [131.78690669999997, 43.031631399999995], [131.7872286, 43.03171759999999], [131.788162, 43.03172549999999], [131.78843019999996, 43.03156859999999], [131.7888057, 43.0313255], [131.7893529, 43.03105889999999], [131.79005029999996, 43.030847099999995], [131.79055449999998, 43.0305256], [131.79101589999996, 43.0301021], [131.79157379999998, 43.028980499999996], [131.792196, 43.0278198], [131.7930329, 43.02593739999999], [131.7933333, 43.024157], [131.79419159999998, 43.022753], [131.7960262, 43.021654899999994], [131.79723859999996, 43.0212941], [131.798687, 43.0214901], [131.7996311, 43.022], [131.8010044, 43.022643200000005], [131.8012619, 43.0230824], [131.8002534, 43.0245884], [131.7995426, 43.025303199999996], [131.79839019999997, 43.0261711], [131.7992419, 43.026830700000005], [131.7994285, 43.02738389999998], [131.79869399999998, 43.02794649999999], [131.7985382, 43.028755], [131.7997067, 43.03083879999999], [131.7984918, 43.03203959999999], [131.7968094, 43.0320941], [131.7963052, 43.0321647], [131.7953932, 43.03258819999999], [131.7945242, 43.0338037], [131.793977, 43.03481539999999], [131.79375169999997, 43.0353486], [131.7937946, 43.0357564], [131.7941594, 43.03644649999999], [131.7950177, 43.03748159999999], [131.79518939999997, 43.0379835], [131.7951679, 43.039120499999996], [131.7949533, 43.039904699999994], [131.7948246, 43.04015559999999], [131.7943418, 43.0406261], [131.7938912, 43.040876999999995], [131.79300069999996, 43.041324], [131.79143429999996, 43.0417474], [131.790533, 43.0420768], [131.7898464, 43.04264129999999], [131.7896104, 43.043299999999995], [131.7895245, 43.04402129999999], [131.7898035, 43.044570199999995], [131.7903185, 43.0448211], [131.79113389999998, 43.0453386], [131.7928076, 43.0458561], [131.79418079999996, 43.046310899999995], [131.79456709999997, 43.046891099999996], [131.79523229999998, 43.0472047], [131.7963695, 43.04723599999999], [131.7970133, 43.047486899999996], [131.7970776, 43.0480358], [131.7960691, 43.0488512], [131.7955327, 43.0491021], [131.7939663, 43.049258900000005], [131.79300069999996, 43.0493216], [131.7923569, 43.0494157], [131.7910695, 43.0493216], [131.7897391, 43.0491491], [131.78881639999997, 43.049258900000005], [131.78804399999999, 43.0497136], [131.787765, 43.050481899999994], [131.7881083, 43.0513914], [131.78905249999997, 43.05204989999999], [131.7903185, 43.052928], [131.7910051, 43.0539001], [131.7913699, 43.054840899999995], [131.7918849, 43.0554053], [131.79246419999998, 43.0560011], [131.7935371, 43.0566283], [131.7942452, 43.0568008], [131.79460999999998, 43.0568791], [131.7957473, 43.0577101], [131.7963052, 43.0578042], [131.7969596, 43.0577728], [131.7981291, 43.0576631], [131.7988801, 43.05765519999999], [131.7993951, 43.05763950000001], [131.79989929999996, 43.05779629999999], [131.8002534, 43.05790609999999], [131.8005323, 43.058447], [131.80074689999998, 43.0588154], [131.80111170000004, 43.05904279999999], [131.80137989999997, 43.05919169999999], [131.80184119999998, 43.0593406], [131.8021953, 43.05941899999999], [131.8026352, 43.05971689999999], [131.802957, 43.0599834], [131.8031609, 43.0611201], [131.8029678, 43.0615982], [131.8024313, 43.06299349999999], [131.8021846, 43.063503000000004], [131.8021309, 43.06399679999999], [131.802088, 43.064412299999994], [131.8031287, 43.0649217], [131.8042016, 43.0649217], [131.8049204, 43.0645612], [131.80608989999996, 43.063683299999994], [131.80711979999998, 43.0629151], [131.8077314, 43.0625075], [131.8080854, 43.06239780000001], [131.80866479999997, 43.0622488], [131.8091154, 43.06216259999999], [131.80907249999998, 43.06130040000001], [131.8092012, 43.0608927], [131.8094587, 43.06035969999999], [131.809448, 43.060022599999996], [131.8095446, 43.0596699], [131.80980199999996, 43.05951309999999], [131.81012389999998, 43.059387699999995], [131.8104994, 43.0591447], [131.8106389, 43.05904279999999], [131.8107355, 43.0584235], [131.8107891, 43.0579139], [131.81083199999998, 43.057522], [131.8111759, 43.0568489]]], [[[131.8623251, 43.041696400000006], [131.8618584, 43.04171209999999], [131.8616438, 43.041774899999986], [131.86152039999996, 43.0418533], [131.861397, 43.042014], [131.8613702, 43.04221789999999], [131.8614131, 43.042339399999996], [131.86156329999997, 43.0424492], [131.86170279999996, 43.0424649], [131.8618852, 43.0424649], [131.86204609999996, 43.0424335], [131.8622392, 43.042339399999996], [131.8623358, 43.0422532], [131.8625075, 43.0421826], [131.8626791, 43.0421826], [131.86278639999998, 43.0421669], [131.8628722, 43.0420767], [131.8628722, 43.0419552], [131.8626791, 43.0418415], [131.8623251, 43.041696400000006]]], [[[131.7172864, 42.92321609999999], [131.7180191, 42.9232957], [131.71901649999998, 42.923459], [131.71982219999998, 42.9235272], [131.7204245, 42.9236832], [131.7212157, 42.9237622], [131.721992, 42.92381989999999], [131.7254282, 42.92372519999999], [131.7273619, 42.923890899999996], [131.7279644, 42.9240576], [131.7286149, 42.92447109999999], [131.7293106, 42.92497029999999], [131.7299736, 42.9252547], [131.73079269999997, 42.9252474], [131.7318435, 42.9250984], [131.73282089999998, 42.92492839999999], [131.73348969999998, 42.9246752], [131.7338484, 42.92425279999999], [131.7343262, 42.9239475], [131.7343422, 42.923141], [131.7348319, 42.92267439999999], [131.73575779999996, 42.9220534], [131.7370239, 42.9216551], [131.7379713, 42.9214423], [131.7402073, 42.92131489999999], [131.74072099999998, 42.92141779999999], [131.74125519999998, 42.9218753], [131.74196309999996, 42.9222237], [131.7425945, 42.9223686], [131.7438804, 42.92228179999999], [131.7470321, 42.9235543], [131.7474994, 42.9235071], [131.7482819, 42.92305929999999], [131.7491917, 42.92235229999999], [131.7501448, 42.921612599999996], [131.75078119999998, 42.9211769], [131.7508347, 42.92087540000001], [131.7507003, 42.92071529999999], [131.75018409999998, 42.92046189999999], [131.7491888, 42.9204279], [131.7482526, 42.9204256], [131.747578, 42.9203242], [131.7463742, 42.9200662], [131.74474769999998, 42.9198981], [131.74476479999998, 42.91828530000001], [131.74450479999996, 42.9175996], [131.7439089, 42.9169491], [131.74396109999998, 42.9165724], [131.7443051, 42.91615], [131.7441749, 42.91535559999999], [131.74409819999997, 42.9142597], [131.74452449999998, 42.913503399999996], [131.7449667, 42.9128328], [131.7460446, 42.911683599999996], [131.7462377, 42.910982999999995], [131.74633699999998, 42.9099178], [131.7463984, 42.908336899999995], [131.7465116, 42.9072285], [131.7469735, 42.905988], [131.747206, 42.9050183], [131.74718059999998, 42.9043735], [131.7469195, 42.90362330000001], [131.74647709999996, 42.903401499999994], [131.7460069, 42.903266], [131.7452771, 42.9033478], [131.7446191, 42.903353700000004], [131.74374609999998, 42.90361959999999], [131.7430581, 42.9035827], [131.7419702, 42.9032377], [131.74138319999997, 42.9031139], [131.7396552, 42.9029681], [131.7385265, 42.9028062], [131.7360022, 42.9022589], [131.7337009, 42.9019353], [131.7321857, 42.9013897], [131.7306847, 42.9008117], [131.7289023, 42.9000212], [131.7285599, 42.89964799999999], [131.726896, 42.89804999999999], [131.7263857, 42.89724819999999], [131.7255671, 42.8963631], [131.7250672, 42.89619549999999], [131.7242034, 42.896127799999995], [131.7226885, 42.8964852], [131.7219609, 42.896706599999995], [131.7214623, 42.8975173], [131.721139, 42.89831569999999], [131.72108, 42.899187], [131.7207984, 42.89985599999999], [131.71946039999997, 42.900308499999994], [131.71613869999996, 42.90107939999999], [131.7145178, 42.901222499999996], [131.7123255, 42.9012954], [131.7112127, 42.901208299999986], [131.7107116, 42.9009654], [131.7102186, 42.90031389999999], [131.70988229999998, 42.90031679999999], [131.709021, 42.9004102], [131.70835189999997, 42.9006311], [131.707847, 42.9010655], [131.70781, 42.90149579999999], [131.70793469999998, 42.901978500000006], [131.7085425, 42.90248929999999], [131.70916249999996, 42.902849499999995], [131.7101912, 42.9031631], [131.71059019999998, 42.9043314], [131.7108345, 42.90497439999999], [131.7111977, 42.9057345], [131.7118406, 42.90661049999999], [131.7123367, 42.9074448], [131.7130543, 42.90841689999999], [131.7133427, 42.9090701], [131.7138497, 42.9105816], [131.7141211, 42.911084499999994], [131.71476199999998, 42.9118315], [131.7158355, 42.91309069999999], [131.7164545, 42.9142894], [131.71655699999997, 42.9152024], [131.7164973, 42.91603069999999], [131.7160702, 42.9167547], [131.7157404, 42.91716610000001], [131.7152635, 42.9175251], [131.7138679, 42.918063999999994], [131.7129505, 42.9183193], [131.7121762, 42.9183798], [131.71160649999996, 42.918427699999995], [131.71097320000004, 42.9190675], [131.7102781, 42.9195036], [131.7094365, 42.9199302], [131.70866549999997, 42.92019489999999], [131.7082169, 42.9204998], [131.7081488, 42.92081209999999], [131.7083492, 42.9214555], [131.7090185, 42.92213769999999], [131.7095791, 42.92243390000001], [131.70978839999998, 42.9227116], [131.70988059999996, 42.9229903], [131.7102492, 42.9231699], [131.7108395, 42.92348729999999], [131.71189829999997, 42.9238328], [131.713235, 42.924175999999996], [131.7145387, 42.924282899999994], [131.71509229999998, 42.924138299999996], [131.7158007, 42.9236161], [131.7160877, 42.92326959999999], [131.71642359999998, 42.92323439999999], [131.7172864, 42.92321609999999]]], [[[131.7491177, 42.951208099999995], [131.7478864, 42.9510901], [131.7464896, 42.95070489999999], [131.7453225, 42.95004889999999], [131.743682, 42.9490853], [131.7423071, 42.9482483], [131.74071209999997, 42.94738100000001], [131.73985239999996, 42.946722199999996], [131.7388127, 42.945796099999995], [131.73762409999998, 42.9447102], [131.7361539, 42.94341169999999], [131.7344005, 42.9417931], [131.7339372, 42.941206], [131.7339112, 42.9405182], [131.7336428, 42.9402088], [131.7329193, 42.93981740000001], [131.7327097, 42.939529], [131.7323887, 42.93869329999999], [131.73232139999996, 42.9381563], [131.7318914, 42.93781609999999], [131.73157499999996, 42.937259899999994], [131.73121839999996, 42.9369298], [131.73065969999996, 42.93587039999999], [131.7315152, 42.93540049999999], [131.731934, 42.9350635], [131.73223009999998, 42.93438359999999], [131.73242769999996, 42.93394109999999], [131.7327465, 42.93375549999999], [131.73346089999998, 42.933598599999996], [131.73409830000003, 42.9332167], [131.7340569, 42.93247530000001], [131.73395809999997, 42.9318096], [131.7340395, 42.931421799999995], [131.73459349999996, 42.9312987], [131.73488219999996, 42.93105959999999], [131.7347603, 42.9307704], [131.7342013, 42.9305818], [131.7330287, 42.9304525], [131.7329369, 42.930206], [131.73304119999997, 42.9294311], [131.7327382, 42.9287995], [131.7322773, 42.928352], [131.7315114, 42.928036299999995], [131.7296304, 42.927526099999994], [131.72743079999998, 42.9272123], [131.7259674, 42.92718219999999], [131.7252808, 42.92724199999999], [131.72458439999997, 42.9276029], [131.7241981, 42.928133100000004], [131.7242528, 42.9287992], [131.7245977, 42.9293122], [131.7247938, 42.929676], [131.724801, 42.9301167], [131.724772, 42.931030799999995], [131.72507469999996, 42.9316517], [131.7254386, 42.93243330000001], [131.72571489999999, 42.9332264], [131.7258756, 42.9341065], [131.7259502, 42.93509499999999], [131.72575299999997, 42.93555899999999], [131.7251755, 42.93603709999999], [131.7243924, 42.9364633], [131.7240906, 42.9367992], [131.7240974, 42.93721839999999], [131.7241207, 42.9386481], [131.7239174, 42.93963889999999], [131.7236432, 42.9398779], [131.72299149999998, 42.94029209999999], [131.7224875, 42.9407911], [131.72210079999996, 42.9413105], [131.7220335, 42.9416659], [131.72195909999996, 42.942494399999994], [131.7218963, 42.943129199999994], [131.72180070000002, 42.943549299999994], [131.7214294, 42.9441116], [131.7206198, 42.9447208], [131.7199957, 42.94503799999999], [131.7186356, 42.9450929], [131.7179054, 42.9451853], [131.71744189999998, 42.9454796], [131.7170381, 42.94584869999999], [131.71625409999996, 42.9462318], [131.71544219999998, 42.9467012], [131.7147738, 42.94699729999999], [131.7138654, 42.9469299], [131.7131292, 42.94665680000001], [131.712657, 42.946413699999994], [131.7121435, 42.9463321], [131.7117956, 42.9465394], [131.7115554, 42.94706829999999], [131.7114489, 42.947725], [131.710949, 42.94849269999999], [131.7102625, 42.94948769999999], [131.7100724, 42.950403200000004], [131.71050989999998, 42.9512164], [131.71107739999997, 42.951921], [131.71207269999996, 42.952836999999995], [131.71294089999998, 42.9531304], [131.713662, 42.9533714], [131.71413669999998, 42.9537651], [131.715169, 42.9542506], [131.7162725, 42.9546065], [131.71702649999997, 42.955073], [131.71744839999997, 42.9558218], [131.7182405, 42.9568255], [131.7184922, 42.9579091], [131.7185995, 42.95911219999999], [131.7184236, 42.959995299999996], [131.7180117, 42.960773], [131.71756499999998, 42.9612069], [131.7168703, 42.96169679999999], [131.7155009, 42.9630096], [131.7148791, 42.9634773], [131.7143927, 42.96418030000001], [131.7135542, 42.9648327], [131.7132092, 42.96522269999999], [131.71263799999997, 42.96610919999999], [131.711717, 42.9670956], [131.7111789, 42.9673152], [131.7107136, 42.9675128], [131.7104537, 42.9677408], [131.710518, 42.96809499999999], [131.7108356, 42.9687266], [131.71070009999997, 42.96940500000001], [131.7102822, 42.969817199999994], [131.70956589999997, 42.970791], [131.7087529, 42.97213109999999], [131.7081155, 42.97345899999999], [131.70715609999996, 42.9748004], [131.70621569999997, 42.9764211], [131.7055223, 42.9770076], [131.7054283, 42.9775352], [131.70553799999996, 42.97798579999999], [131.7059541, 42.97836929999999], [131.7065029, 42.97880529999999], [131.7071816, 42.979132699999994], [131.70769769999998, 42.979354], [131.70782199999996, 42.97980439999999], [131.7077869, 42.980352999999994], [131.7080899, 42.98098469999999], [131.70864229999998, 42.9816465], [131.70941400000004, 42.9822848], [131.710093, 42.9826229], [131.71105159999996, 42.9830447], [131.7116473, 42.983663], [131.7118332, 42.9842957], [131.7119712, 42.98468150000001], [131.71253219999997, 42.984966899999996], [131.71401619999997, 42.9852765], [131.7165701, 42.9856413], [131.7184452, 42.98568939999999], [131.719235, 42.9856287], [131.7200639, 42.985248], [131.7208338, 42.984894399999995], [131.7221262, 42.984227299999986], [131.7228444, 42.98337159999999], [131.7234215, 42.9828398], [131.724394, 42.9823152], [131.7250297, 42.981793599999996], [131.7259156, 42.981345], [131.7272306, 42.98117210000001], [131.7278326, 42.9812743], [131.728115, 42.98152979999999], [131.7280968, 42.9830996], [131.7279948, 42.984025100000004], [131.7272093, 42.985236099999995], [131.7266963, 42.9861007], [131.7257011, 42.987033999999994], [131.7244851, 42.98789399999999], [131.7237191, 42.9885135], [131.72317409999997, 42.98921709999999], [131.72300589999998, 42.9896809], [131.7224731, 42.9902339], [131.7218158, 42.99123939999999], [131.721649, 42.9917892], [131.72195029999997, 42.9923026], [131.722498, 42.9926633], [131.72330850000003, 42.9929679], [131.7243677, 42.9932596], [131.7252658, 42.9935527], [131.72603289999998, 42.99389], [131.7270369, 42.994386399999996], [131.7277561, 42.994476799999994], [131.7283674, 42.9942457], [131.7293079, 42.994441599999995], [131.730219, 42.9946271], [131.731491, 42.9944975], [131.73255839999996, 42.9943913], [131.73374079999996, 42.9941551], [131.734236, 42.99398939999999], [131.7342857, 42.9934514], [131.73402949999996, 42.9930129], [131.7331578, 42.9925476], [131.73274139999998, 42.992164300000006], [131.7323802, 42.9915762], [131.7319353, 42.991236199999996], [131.7319012, 42.9909462], [131.7320401, 42.9904827], [131.7323283, 42.9902006], [131.732948, 42.9895931], [131.7334192, 42.9888578], [131.73381669999998, 42.9881018], [131.7341809, 42.987098700000004], [131.734566, 42.986471699999996], [131.7352121, 42.9856919], [131.7355549, 42.985172899999995], [131.7360749, 42.984738199999995], [131.736802, 42.98443069999999], [131.7379387, 42.984098], [131.7401175, 42.9839173], [131.7415037, 42.9836254], [131.742435, 42.983273], [131.743118, 42.9829552], [131.7431656, 42.9822989], [131.74303779999997, 42.981654999999996], [131.7430894, 42.981235299999994], [131.74317879999998, 42.9804497], [131.74346, 42.9797484], [131.74415519999997, 42.9792906], [131.744364, 42.97864369999999], [131.7448346, 42.9778869], [131.7450172, 42.97742300000001], [131.7453873, 42.9767854], [131.7458805, 42.975630599999995], [131.7460295, 42.97490899999999], [131.7458402, 42.9740936], [131.7450062, 42.9723703], [131.74496210000004, 42.9714784], [131.74520240000004, 42.97096019999999], [131.7456361, 42.97063369999999], [131.7466586, 42.970495500000006], [131.7476648, 42.9702607], [131.7487383, 42.96967049999999], [131.7497404, 42.96918839999999], [131.750492, 42.9686119], [131.7521894, 42.967693499999996], [131.75405069999996, 42.966945599999995], [131.7555306, 42.9661581], [131.7564847, 42.96543989999999], [131.75698809999997, 42.9649085], [131.7571857, 42.9644767], [131.75748889999997, 42.96422669999999], [131.7580252, 42.96391], [131.7589684, 42.963417699999994], [131.7600169, 42.96309629999999], [131.7610394, 42.96296879999999], [131.7619126, 42.962670499999994], [131.7624805, 42.9624933], [131.76298839999998, 42.96223069999999], [131.763259, 42.961787400000006], [131.76306069999998, 42.9613162], [131.7625425, 42.96096609999999], [131.76206599999998, 42.9604867], [131.7615443, 42.9599324], [131.760881, 42.959658999999995], [131.7601132, 42.959268200000004], [131.7593464, 42.9589312], [131.75837759999996, 42.958768], [131.757844, 42.95837499999999], [131.7575427, 42.95786170000001], [131.7572657, 42.957057999999996], [131.75642799999997, 42.95599049999999], [131.7556598, 42.9555674], [131.7549187, 42.9550151], [131.7546239, 42.954018], [131.75459499999997, 42.9531689], [131.75436169999998, 42.95235399999999], [131.7541616, 42.951764499999996], [131.75374459999998, 42.9513383], [131.7538399, 42.9509074], [131.75428999999997, 42.950699], [131.75478109999997, 42.950307499999994], [131.754847, 42.94987689999999], [131.7547036, 42.949179400000006], [131.7538939, 42.9488965], [131.7529148, 42.94898059999999], [131.75218799999996, 42.9492774], [131.75147860000004, 42.9497354], [131.7512674, 42.95023179999999], [131.7511718, 42.95064119999999], [131.7506938, 42.9509358], [131.74993679999997, 42.9511792], [131.7491177, 42.951208099999995]]], [[[131.7722585, 42.9444928], [131.7708884, 42.94395719999999], [131.7695692, 42.9438296], [131.76843089999997, 42.944012], [131.7675106, 42.9441065], [131.76600429999996, 42.94416329999999], [131.764901, 42.9446894], [131.7638936, 42.9456877], [131.76324739999998, 42.946413899999996], [131.76294, 42.9472768], [131.7628586, 42.94765379999999], [131.763203, 42.948113], [131.7638714, 42.948698199999995], [131.7646895, 42.94947549999999], [131.7655759, 42.9499619], [131.7665479, 42.9503185], [131.76757509999996, 42.95048109999999], [131.76833539999998, 42.950441899999994], [131.7686235, 42.95017039999999], [131.7685628, 42.94918189999999], [131.76864049999998, 42.948589899999995], [131.76916180000003, 42.9482626], [131.7703724, 42.9480257], [131.77195979999996, 42.9475703], [131.7735342, 42.94721179999999], [131.7740055, 42.9465301], [131.7739485, 42.94576729999999], [131.7738095, 42.945338599999985], [131.7729822, 42.9448839], [131.7722585, 42.9444928]]], [[[131.7828237, 42.9402344], [131.7825079, 42.9397428], [131.78206719999997, 42.9396394], [131.7811457, 42.939658699999995], [131.7804017, 42.93979459999999], [131.7799386, 42.9400892], [131.7797419, 42.9405641], [131.7797643, 42.9410154], [131.7797122, 42.9413922], [131.7796752, 42.9417903], [131.7793144, 42.9420839], [131.7787764, 42.942282399999996], [131.7782095, 42.94250269999999], [131.7779672, 42.942881199999995], [131.77812029999998, 42.943277599999995], [131.7788458, 42.943765400000004], [131.77937469999998, 42.94388949999999], [131.77991479999997, 42.9438092], [131.7804533, 42.94364289999999], [131.78084019999997, 42.9431663], [131.7810203, 42.9425733], [131.78140579999996, 42.942021499999996], [131.7822763, 42.94158329999999], [131.78273299999998, 42.9409125], [131.7828237, 42.9402344]]], [[[131.7843217, 42.93546859999999], [131.7849839, 42.934838899999995], [131.78569379999996, 42.934434499999995], [131.7861554, 42.9340539], [131.78620219999996, 42.93337609999999], [131.7859291, 42.93280889999999], [131.7851634, 42.9325258], [131.78454689999998, 42.93241329999999], [131.7837281, 42.9324424], [131.78294109999996, 42.9326218], [131.78147329999996, 42.93319449999999], [131.78089089999997, 42.93336109999999], [131.7801311, 42.9334219], [131.7793856, 42.933461099999995], [131.77877529999998, 42.93370329999999], [131.77804659999998, 42.9338713], [131.777274, 42.9340397], [131.776707, 42.93424929999999], [131.7765233, 42.9346272], [131.7768523, 42.9350435], [131.777488, 42.9354246], [131.7779202, 42.935882899999996], [131.7788405, 42.9366484], [131.77931679999998, 42.937117], [131.7793686, 42.93757879999999], [131.7796256, 42.938060199999995], [131.7798643, 42.9383268], [131.7806293, 42.93856689999999], [131.781156, 42.93856199999999], [131.7815766, 42.93834309999999], [131.7820109, 42.9380703], [131.7823416, 42.937734], [131.78264329999996, 42.93740859999999], [131.7831918, 42.93697349999999], [131.7838104, 42.9363657], [131.7840814, 42.935954599999995], [131.7843217, 42.93546859999999]]], [[[131.8085127, 42.8818841], [131.80758289999997, 42.882215499999994], [131.8064616, 42.8824627], [131.8049745, 42.88269189999999], [131.803812, 42.883089999999996], [131.8033108, 42.883686000000004], [131.80319, 42.8843], [131.8034152, 42.8846419], [131.8040178, 42.88481889999999], [131.80517329999998, 42.8848509], [131.8062988, 42.8848402], [131.8075587, 42.884989499999996], [131.8082766, 42.885079399999995], [131.8094473, 42.88514349999999], [131.81058639999998, 42.8850681], [131.8116346, 42.88482160000001], [131.8123146, 42.8844173], [131.8132235, 42.883731299999994], [131.8138673, 42.8829403], [131.8140208, 42.8817025], [131.8137755, 42.881059799999996], [131.8133287, 42.880591], [131.8125663, 42.8804693], [131.8120863, 42.8806029], [131.8116541, 42.8809618], [131.8108735, 42.8814638], [131.8102198, 42.8816958], [131.8094911, 42.8818211], [131.8085127, 42.8818841]]], [[[131.8002207, 42.885887], [131.79926289999997, 42.885455199999996], [131.7983531, 42.88525959999999], [131.7975519, 42.88542840000001], [131.7972534, 42.885915], [131.79726519999997, 42.886592199999996], [131.797206, 42.8873883], [131.7968749, 42.8876817], [131.7964541, 42.8878685], [131.795652, 42.8879835], [131.7952009, 42.88810599999999], [131.7948255, 42.8883783], [131.79483449999998, 42.888894300000004], [131.7953357, 42.88912609999999], [131.7961108, 42.8891403], [131.796859, 42.889283799999994], [131.79709849999998, 42.88960399999999], [131.7979201, 42.88976829999999], [131.79895729999998, 42.88971550000001], [131.79988739999996, 42.88939489999999], [131.8007367, 42.8886343], [131.80098679999998, 42.88789009999999], [131.8007768, 42.88675249999999], [131.8002207, 42.885887]]], [[[131.6887202, 42.9336862], [131.6880211, 42.93296109999999], [131.6872229, 42.932441], [131.68651819999997, 42.9322858], [131.68604789999998, 42.93214999999999], [131.6856621, 42.9318092], [131.6848972, 42.9315469], [131.6843134, 42.93163789999999], [131.68415669999996, 42.931908], [131.68414089999996, 42.93276819999999], [131.6845633, 42.93358159999999], [131.68500029999998, 42.934394999999995], [131.6852812, 42.9355107], [131.6852565, 42.93673650000001], [131.6852205, 42.937242100000006], [131.68578170000004, 42.9375706], [131.68648799999997, 42.9378227], [131.6874827, 42.93780350000001], [131.6881516, 42.9375398], [131.6889458, 42.936866499999994], [131.68927279999997, 42.936261699999996], [131.6891336, 42.9348545], [131.6887202, 42.9336862]]], [[[131.6702264, 42.9431734], [131.6700402, 42.9424869], [131.6694475, 42.942007999999994], [131.66857, 42.9420368], [131.66783199999998, 42.9425805], [131.6677829, 42.943193699999995], [131.6678488, 42.943666199999996], [131.6671644, 42.9438869], [131.66729329999998, 42.94465989999999], [131.6679444, 42.9451275], [131.6685314, 42.945230099999996], [131.6692899, 42.9450733], [131.6696778, 42.9446078], [131.6701353, 42.943905199999996], [131.6702264, 42.9431734]]], [[[131.65075329999996, 42.896944], [131.651049, 42.896189099999994], [131.651171, 42.8955538], [131.6508997, 42.8950184], [131.65010389999998, 42.8946056], [131.6492129, 42.8946667], [131.6486896, 42.894875199999994], [131.6481007, 42.8955788], [131.6476575, 42.896248899999996], [131.6473464, 42.8969503], [131.6471194, 42.8974144], [131.6467459, 42.897858199999995], [131.6463524, 42.8979474], [131.64564699999997, 42.897716599999995], [131.6447646, 42.897379799999996], [131.6441142, 42.89691199999999], [131.643694, 42.89619510000001], [131.6433178, 42.895477799999995], [131.6422741, 42.89511], [131.64146769999996, 42.894966], [131.6409433, 42.8950992], [131.6403958, 42.8956412], [131.6401711, 42.89626659999999], [131.6400373, 42.89709549999999], [131.6406046, 42.89787569999999], [131.64144859999996, 42.8985784], [131.6421592, 42.899164], [131.6427979, 42.8998254], [131.6427841, 42.9008576], [131.642939, 42.90143689999999], [131.6438803, 42.90179479999999], [131.64524010000002, 42.9017838], [131.6466449, 42.901847599999996], [131.6478616, 42.902042], [131.649311, 42.9021485], [131.6506996, 42.9021049], [131.6517381, 42.90211789999999], [131.65215169999996, 42.902394099999995], [131.6523346, 42.9028871], [131.6522859, 42.9035326], [131.6525202, 42.904519699999994], [131.6530617, 42.90551509999999], [131.653208, 42.9064815], [131.65319159999999, 42.907331], [131.6534319, 42.907748299999994], [131.6540792, 42.90800099999999], [131.6546057, 42.90799669999999], [131.6548528, 42.907897899999995], [131.6556492, 42.9073754], [131.6564973, 42.9064008], [131.6567335, 42.90558180000001], [131.65681, 42.90483939999999], [131.656394, 42.9044128], [131.6555394, 42.9039897], [131.65484819999998, 42.9037374], [131.6548729, 42.9034361], [131.65563059999997, 42.90325790000001], [131.6560813, 42.9030822], [131.65662809999998, 42.902497200000006], [131.656728, 42.90136749999999], [131.6565214, 42.90028339999999], [131.6562645, 42.89973719999999], [131.6554831, 42.8993136], [131.6546183, 42.8991809], [131.65394379999998, 42.8990574], [131.65274389999996, 42.89900269999999], [131.65120779999998, 42.89896149999999], [131.6503689, 42.89860279999999], [131.6502745, 42.8981628], [131.6504256, 42.8975165], [131.65075329999996, 42.896944]]], [[[131.57643459999997, 42.83743909999999], [131.5748456, 42.8366232], [131.57418829999997, 42.83662809999999], [131.57352109999997, 42.836977100000006], [131.57347120000003, 42.8375903], [131.5735741, 42.8386969], [131.5738928, 42.8395546], [131.5742061, 42.8400253], [131.5752526, 42.8406947], [131.5767083, 42.8413719], [131.57757209999997, 42.84150519999999], [131.57814129999997, 42.8414686], [131.5785904, 42.8411965], [131.5789759, 42.8405485], [131.57865599999997, 42.839604800000004], [131.5776758, 42.8384511], [131.57643459999997, 42.83743909999999]]], [[[131.6209841, 42.8500294], [131.62042609999997, 42.8498403], [131.6192831, 42.8496128], [131.6178834, 42.8498174], [131.6168657, 42.85016939999999], [131.61601959999996, 42.850261999999994], [131.6150898, 42.8506349], [131.6148685, 42.8514967], [131.6151399, 42.8520751], [131.61606229999998, 42.8532075], [131.61689169999997, 42.85397499999999], [131.61830559999999, 42.854738], [131.6195395, 42.8551798], [131.6203876, 42.8552161], [131.6210009, 42.8551898], [131.6216394, 42.8548837], [131.62224579999997, 42.85438440000001], [131.62297170000002, 42.8540561], [131.62370089999996, 42.8539643], [131.6243677, 42.8535935], [131.624182, 42.8528854], [131.6236456, 42.852180100000005], [131.62258299999996, 42.851457399999994], [131.6216392, 42.8508628], [131.6209841, 42.8500294]]], [[[131.6239807, 42.8431251], [131.62406269999997, 42.8427374], [131.62305989999996, 42.8421003], [131.6221187, 42.84167769999999], [131.6205992, 42.8416682], [131.61940449999997, 42.8418927], [131.6185629, 42.84228629999999], [131.6179864, 42.8428284], [131.6180567, 42.8436449], [131.6185768, 42.84525349999999], [131.6188237, 42.846154600000006], [131.619299, 42.84668839999999], [131.6202632, 42.8466808], [131.6210128, 42.8459868], [131.6220015, 42.8456565], [131.6221969, 42.845031399999996], [131.62242469999998, 42.844621100000005], [131.6233816, 42.8441189], [131.62393259999996, 42.8438351], [131.6239807, 42.8431251]]], [[[131.63670429999996, 42.8380997], [131.6365484, 42.8374343], [131.6359295, 42.8370738], [131.6347854, 42.8367604], [131.6339026, 42.83633749999999], [131.6328221, 42.836367599999996], [131.6317796, 42.8369995], [131.6310823, 42.8372631], [131.6303472, 42.836946399999995], [131.63001540000002, 42.8362395], [131.628959, 42.8359254], [131.6277374, 42.8363007], [131.6265536, 42.8372562], [131.6260809, 42.8388941], [131.62578029999997, 42.84031559999999], [131.625913, 42.8413896], [131.6263559, 42.84170859999999], [131.6274083, 42.8417433], [131.6285496, 42.8418632], [131.6295979, 42.8416183], [131.63020539999997, 42.841205], [131.631629, 42.840655999999996], [131.63312020000004, 42.840730099999995], [131.6340262, 42.8407444], [131.6347245, 42.8405453], [131.6359998, 42.839847], [131.6364862, 42.839155], [131.63670429999996, 42.8380997]]], [[[131.69149719999996, 42.840635199999994], [131.69057869999997, 42.8398259], [131.6898702, 42.8393589], [131.68899439999998, 42.8394093], [131.6879522, 42.8400202], [131.6871446, 42.84069360000001], [131.6868642, 42.84144859999999], [131.686966, 42.8423508], [131.6872424, 42.843208499999996], [131.68736869999998, 42.84380949999999], [131.6876199, 42.844925499999995], [131.68809539999998, 42.8454375], [131.688568, 42.845755999999994], [131.6895335, 42.845833799999994], [131.6901464, 42.8457856], [131.6909003, 42.845413699999995], [131.6908881, 42.844639699999995], [131.6906691, 42.843717], [131.691158, 42.84321829999999], [131.69143900000003, 42.8425063], [131.69149719999996, 42.840635199999994]]], [[[131.68162, 42.8762184], [131.68140269999998, 42.8754032], [131.68106879999996, 42.874610399999995], [131.6804153, 42.87394940000001], [131.67999709999998, 42.87337229999999], [131.6798103, 42.8726428], [131.6793934, 42.8721518], [131.6786305, 42.8719647], [131.6771109, 42.871999], [131.6746878, 42.87221279999999], [131.6735827, 42.872587499999995], [131.67282909999997, 42.87300239999999], [131.6715469, 42.87327109999999], [131.6703791, 42.8733668], [131.6690999, 42.87382899999999], [131.6679609, 42.873903], [131.66758490000004, 42.8741641], [131.6671277, 42.874855999999994], [131.66707879999998, 42.8754799], [131.6664115, 42.875808], [131.6656225, 42.875836099999994], [131.6643295, 42.87539519999999], [131.6627401, 42.87469879999999], [131.6612967, 42.87397969999999], [131.660611, 42.873103699999994], [131.6599571, 42.8723996], [131.6588145, 42.872237], [131.65819839999997, 42.872091499999996], [131.65816459999996, 42.8717908], [131.6584185, 42.8711866], [131.659232, 42.8708574], [131.659838, 42.8703364], [131.6602035, 42.86938729999999], [131.6606909, 42.8687597], [131.66094579999998, 42.868220099999995], [131.6609938, 42.8675316], [131.6608082, 42.866866599999994], [131.6604628, 42.8652998], [131.6606602, 42.86482509999999], [131.6613295, 42.8646261], [131.6619984, 42.8644055], [131.6619331, 42.863954500000006], [131.6615466, 42.8635277], [131.6606363, 42.8632557], [131.6593731, 42.862836], [131.65898599999997, 42.862366200000004], [131.6583897, 42.861596999999996], [131.6577399, 42.8611508], [131.65691409999997, 42.86066309999999], [131.65509440000002, 42.860161899999994], [131.6538608, 42.8597635], [131.652886, 42.8590834], [131.6527282, 42.8583106], [131.65303770000003, 42.8575125], [131.6531101, 42.8565014], [131.65248669999997, 42.8558614], [131.65160419999998, 42.8554816], [131.6516571, 42.85511559999999], [131.65152859999998, 42.8543426], [131.65055910000004, 42.85400649999999], [131.6498285, 42.854012399999995], [131.6496071, 42.854831299999994], [131.6499437, 42.855839100000004], [131.650193, 42.85686919999999], [131.65055049999998, 42.8573178], [131.6506245, 42.8583493], [131.6505427, 42.85873699999999], [131.6492087, 42.85943599999999], [131.6474319, 42.859837399999996], [131.6459447, 42.86006449999999], [131.6441338, 42.8601437], [131.6434941, 42.8603639], [131.64292109999997, 42.8611426], [131.6423431, 42.86157729999999], [131.64161499999997, 42.8617552], [131.6409416, 42.861674699999995], [131.6407309, 42.86126779999999], [131.6405234, 42.86107599999999], [131.639796, 42.8612969], [131.6389616, 42.8621852], [131.6382682, 42.8627283], [131.63809990000001, 42.8632027], [131.63886969999996, 42.8638631], [131.6394641, 42.8645248], [131.6400576, 42.8651221], [131.6400399, 42.8658963], [131.6397875, 42.8666079], [131.63970779999997, 42.8671461], [131.63982849999996, 42.86740309999999], [131.6407686, 42.8677181], [131.6417341, 42.8677748], [131.64279079999997, 42.86806729999999], [131.6432067, 42.8685155], [131.6438546, 42.8688327], [131.6449967, 42.868974], [131.6460593, 42.8696534], [131.6474257, 42.871104499999994], [131.64866019999997, 42.871546], [131.6500745, 42.87228700000001], [131.6518656, 42.87281000000001], [131.6531056, 42.873616899999995], [131.6539725, 42.8748784], [131.6545228, 42.876465], [131.65461509999997, 42.8787005], [131.6548363, 42.879795300000005], [131.6555292, 42.881144199999994], [131.656788, 42.8831765], [131.6576561, 42.8845025], [131.659168, 42.885866199999995], [131.6601239, 42.8871914], [131.6608183, 42.8886263], [131.661657, 42.88993099999999], [131.662721, 42.89067479999999], [131.6646988, 42.89188399999999], [131.6679159, 42.893814], [131.6697367, 42.8943149], [131.6712272, 42.89425949999999], [131.67242239999996, 42.894012999999994], [131.67457349999998, 42.89317799999999], [131.67620099999996, 42.89251929999999], [131.67770600000003, 42.8915176], [131.6781343, 42.89084750000001], [131.6781052, 42.888977], [131.67831939999996, 42.887706599999994], [131.6790366, 42.88681900000001], [131.6800641, 42.8851978], [131.6811445, 42.883232], [131.681567, 42.8821964], [131.6823735, 42.881415499999996], [131.6834524, 42.8812344], [131.6841799, 42.88101319999999], [131.6843496, 42.8806463], [131.6841618, 42.8798523], [131.6837734, 42.879318], [131.68274319999998, 42.8788752], [131.68191729999998, 42.878409100000006], [131.6819381, 42.8778714], [131.6816344, 42.8771429], [131.68162, 42.8762184]]], [[[131.61965389999997, 42.8249041], [131.61942799999997, 42.8244328], [131.61904409999997, 42.8241456], [131.61819249999996, 42.8238405], [131.61750259999997, 42.8235987], [131.61695619999998, 42.8231837], [131.616322, 42.8227586], [131.6156914, 42.82258079999999], [131.6149612, 42.82258649999999], [131.6145109, 42.8227513], [131.613984, 42.8231801], [131.6137676, 42.8238752], [131.6133808, 42.824394299999994], [131.6129192, 42.8247957], [131.61261299999998, 42.8248304], [131.61221810000004, 42.82479049999999], [131.61167479999997, 42.82459039999999], [131.6111769, 42.8244976], [131.61068109999997, 42.82455519999999], [131.6102295, 42.824633999999996], [131.60964899999996, 42.824896499999994], [131.6092292, 42.8251578], [131.60891369999996, 42.8255581], [131.60855859999998, 42.8262596], [131.6082777, 42.8270359], [131.6082849, 42.8275411], [131.6086733, 42.82814019999999], [131.609281, 42.828759], [131.6101831, 42.829525999999994], [131.610892, 42.83006879999999], [131.6113202, 42.830388], [131.6118166, 42.83037339999999], [131.6125847, 42.829948099999996], [131.6133207, 42.82932949999999], [131.61394319999997, 42.8289483], [131.6145414, 42.82890069999999], [131.6157684, 42.8289018], [131.6166464, 42.82901309999999], [131.61733589999997, 42.829222699999995], [131.6182166, 42.82951680000001], [131.6189044, 42.829608199999996], [131.6194005, 42.829572], [131.6199384, 42.8293958], [131.6203861, 42.8290482], [131.6206999, 42.82852969999999], [131.62077999999997, 42.82801299999999], [131.6206109, 42.827433799999994], [131.62018189999998, 42.8270609], [131.6196356, 42.8266566], [131.61951469999997, 42.8263781], [131.6195641, 42.82575409999999], [131.61965389999997, 42.8249041]]]]}}, {"type": "Feature", "properties": {"id": "mo-05705000", "name": "ГО Артемовский", "region": "Приморский край", "isCity": false, "sourceOktmo": "05-705-000-000", "sourceAgg": "Владивосток", "excelNames": ["ГО Артем"], "oktmo": "05705000", "vgp": [{"year": 2019, "value": 70873053.0112574}, {"year": 2020, "value": 70495889.83548167}, {"year": 2021, "value": 66335586.481910534}, {"year": 2022, "value": 107155836.85382123}, {"year": 2023, "value": 118282211.51925108}, {"year": 2024, "value": 145391386.39191008}], "population": [{"year": 2019, "value": 115991.0}, {"year": 2020, "value": 115137.0}, {"year": 2021, "value": 114288.0}, {"year": 2022, "value": 113743.0}, {"year": 2023, "value": 117858.0}, {"year": 2024, "value": 117762.0}, {"year": 2025, "value": 117637.0}], "shipments": [{"year": 2019, "value": 26122580.1}, {"year": 2020, "value": 21564906.6}, {"year": 2021, "value": 23950683.5}, {"year": 2022, "value": 42976648.8}, {"year": 2023, "value": 40600185.9}, {"year": 2024, "value": 48038012.8}], "employees": [{"year": 2019, "value": 18901.0}, {"year": 2020, "value": 19065.0}, {"year": 2021, "value": 19013.0}, {"year": 2022, "value": 20539.0}, {"year": 2023, "value": 20107.0}, {"year": 2024, "value": 21344.0}], "investments": [{"year": 2019, "value": 2024502.0}, {"year": 2020, "value": 3944676.0}, {"year": 2021, "value": 3800060.0}, {"year": 2022, "value": 4005239.0}, {"year": 2023, "value": 7347278.0}, {"year": 2024, "value": 27847469.0}], "vgp2024": 145391386.39191008, "pop2024": 117762.0, "ship2024": 48038012.8, "emp2024": 21344.0, "inv2024": 27847469.0}, "geometry": {"type": "MultiPolygon", "coordinates": [[[[132.28719, 43.3129969], [132.2878069, 43.3128924], [132.2880795, 43.312899399999985], [132.28844140000004, 43.312948199999994], [132.2887256, 43.3131216], [132.2890884, 43.3132027], [132.2892794, 43.3131893], [132.28942299999997, 43.31304759999999], [132.28958439999997, 43.31274429999999], [132.2896762, 43.31230769999999], [132.2896198, 43.3118301], [132.2895659, 43.31145459999999], [132.28956699999998, 43.3112127], [132.28935809999996, 43.3108178], [132.28905380000003, 43.310435], [132.2888514, 43.31029269999999], [132.2886828, 43.3100316], [132.2885591, 43.3095173], [132.2884215, 43.309320299999996], [132.2880128, 43.3091701], [132.28750859999997, 43.309026499999995], [132.287042, 43.308914699999995], [132.28655, 43.308958999999994], [132.28611949999998, 43.30910469999999], [132.2852896, 43.30946010000001], [132.2848143, 43.30986970000001], [132.2848848, 43.310320299999994], [132.2851935, 43.310874999999996], [132.2850608, 43.3110925], [132.2842506, 43.310926699999996], [132.28330249999996, 43.3104457], [132.2813896, 43.30934229999999], [132.2809592, 43.30878959999998], [132.2811059, 43.3084399], [132.28141499999998, 43.3077578], [132.28187069999998, 43.3070761], [132.28252899999998, 43.3062471], [132.28346579999996, 43.3054364], [132.28422529999997, 43.3044599], [132.2843013, 43.3041098], [132.28432179999996, 43.30378549999998], [132.28685849999997, 43.3016224], [132.2869293, 43.3012973], [132.2869819, 43.301094899999995], [132.2869711, 43.301041299999994], [132.28711709999996, 43.300848099999996], [132.2873627, 43.3007612], [132.28760159999996, 43.3006162], [132.2878737, 43.300500299999996], [132.2881458, 43.30036989999999], [132.2882919, 43.3002974], [132.28855069999997, 43.3000946], [132.2888228, 43.29988689999999], [132.28910159999998, 43.29968879999999], [132.2895131, 43.29953429999999], [132.2898383, 43.29928309999999], [132.2900441, 43.299031899999996], [132.2903361, 43.2986744], [132.2905618, 43.2984861], [132.2906945, 43.29827349999999], [132.2907034, 43.2981003], [132.29122999999998, 43.297705099999995], [132.2913871, 43.29753500000001], [132.2914764, 43.2973743], [132.29156559999998, 43.2972104], [132.291693, 43.2970744], [132.29168869999998, 43.29692599999999], [132.2916675, 43.296823999999994], [132.2916293, 43.29670959999999], [132.2917015, 43.29663539999999], [132.2918841, 43.296582799999996], [132.2921985, 43.296400399999996], [132.2925196, 43.2962746], [132.2931654, 43.2962516], [132.2938706, 43.29631199999999], [132.2945858, 43.2964039], [132.29494399999996, 43.296455599999994], [132.29505709999998, 43.2962303], [132.29515619999998, 43.2959706], [132.295454, 43.2957518], [132.2955525, 43.29569000000001], [132.2956647, 43.29564549999999], [132.295684, 43.295589799999995], [132.2956918, 43.29541789999999], [132.2956884, 43.2952942], [132.2957054, 43.2952126], [132.2958176, 43.2951458], [132.2959467, 43.29499989999999], [132.2960758, 43.2949035], [132.2963137, 43.2947427], [132.2964972, 43.29470059999999], [132.2967657, 43.294683299999996], [132.29690499999998, 43.2946883], [132.2969186, 43.294752599999995], [132.296998, 43.29478809999999], [132.29723689999997, 43.294744699999995], [132.2974626, 43.29468189999999], [132.2977878, 43.2945176], [132.29825239999997, 43.294194], [132.29855109999997, 43.2940539], [132.2988497, 43.2938703], [132.29911029999997, 43.293707299999994], [132.2994471, 43.293329199999995], [132.2995599, 43.29314569999999], [132.29954, 43.2929428], [132.2996064, 43.2927978], [132.2995334, 43.292633599999995], [132.2995135, 43.29241619999999], [132.2994006, 43.2921602], [132.299467, 43.29194759999999], [132.2995865, 43.291754399999995], [132.2995599, 43.29151279999999], [132.2993807, 43.29136299999999], [132.2993608, 43.2911988], [132.29937409999997, 43.291049], [132.299321, 43.290783299999994], [132.2993077, 43.29047409999999], [132.299175, 43.290314699999996], [132.2990754, 43.29019389999999], [132.2989825, 43.2898557], [132.2989517, 43.2894562], [132.2983744, 43.288943599999996], [132.29832829999998, 43.2887404], [132.2983691, 43.2886637], [132.2984884, 43.288541599999995], [132.29852879999999, 43.28834959999999], [132.2984677, 43.28825559999999], [132.2984745, 43.28818139999999], [132.29843409999998, 43.2881027], [132.29832829999998, 43.28811209999999], [132.29811419999996, 43.28820859999999], [132.2976011, 43.2883595], [132.2970744, 43.2884411], [132.296712, 43.2885118], [132.2963997, 43.2885482], [132.2957552, 43.28864430000001], [132.2946399, 43.2887547], [132.2930961, 43.2887888], [132.29275970000003, 43.28877189999999], [132.29243919999996, 43.28872799999999], [132.2919092, 43.28861249999999], [132.291613, 43.28849], [132.29134129999997, 43.2883612], [132.29087, 43.2880913], [132.29045089999997, 43.2876314], [132.2903999, 43.28755829999999], [132.2903096, 43.2874646], [132.2901257, 43.287319999999994], [132.2898844, 43.287127399999996], [132.2896565, 43.2869046], [132.2896357, 43.286788699999995], [132.289683, 43.2866693], [132.2898795, 43.286461300000006], [132.29000919999996, 43.2862537], [132.29000919999996, 43.286036599999996], [132.28990549999997, 43.285866799999994], [132.2897629, 43.2856686], [132.2894655, 43.28558439999999], [132.28915359999996, 43.2854988], [132.2882332, 43.28535719999999], [132.2876472, 43.2852814], [132.2871817, 43.28510579999999], [132.2868146, 43.2848955], [132.28666169999997, 43.2847916], [132.2865666, 43.2845343], [132.2865462, 43.2843636], [132.286472, 43.2840958], [132.2860293, 43.283690899999996], [132.28584339999998, 43.28350249999999], [132.2857327, 43.2833165], [132.28570389999996, 43.2832116], [132.2856665, 43.2830211], [132.2857583, 43.28290969999999], [132.28559959999998, 43.281497599999994], [132.28486689999997, 43.28023209999999], [132.284413, 43.28000629999999], [132.2841196, 43.2796596], [132.28344399999997, 43.27945549999999], [132.28291299999998, 43.279126899999994], [132.2825811, 43.2789481], [132.2823289, 43.27868719999999], [132.28242849999998, 43.2783006], [132.2823433, 43.278065399999996], [132.2818858, 43.2777983], [132.2816734, 43.277690099999994], [132.2816012, 43.2775571], [132.28143959999997, 43.2774212], [132.28115339999997, 43.2772498], [132.28061129999998, 43.2769733], [132.2802427, 43.276807899999994], [132.2798633, 43.276698599999996], [132.27935269999998, 43.276455799999994], [132.2785977, 43.2759787], [132.2778676, 43.27549539999999], [132.2776768, 43.2753263], [132.27732009999997, 43.2751149], [132.27686969999996, 43.274904], [132.27651289999997, 43.27475859999999], [132.2763472, 43.2746565], [132.27624519999998, 43.27447409999999], [132.27602859999996, 43.274276099999994], [132.2757907, 43.2741988], [132.2753483, 43.27404429999999], [132.27491989999996, 43.2739329], [132.2747161, 43.273849299999995], [132.2744357, 43.2736762], [132.2741851, 43.2735988], [132.27378149999998, 43.27360809999999], [132.2730562, 43.2735408], [132.2723887, 43.2734653], [132.2715323, 43.273231599999995], [132.27088990000001, 43.2730963], [132.2705713, 43.2730073], [132.2704279, 43.272779299999996], [132.2701372, 43.2725683], [132.2698551, 43.27237499999999], [132.2694262, 43.27218839999999], [132.2678972, 43.2715535], [132.26739939999996, 43.271487], [132.2669348, 43.2713058], [132.2665615, 43.2711004], [132.26618069999998, 43.2710616], [132.26560739999996, 43.2710702], [132.2650522, 43.27095289999999], [132.26349179999997, 43.270623199999996], [132.2615383, 43.2701821], [132.2612746, 43.2701225], [132.2598662, 43.26971099999999], [132.2589453, 43.269372700000005], [132.25815719999997, 43.268907600000006], [132.25782529999998, 43.2686236], [132.2575152, 43.2683703], [132.2571201, 43.2679048], [132.256921, 43.267361099999995], [132.25682980000002, 43.26695029999999], [132.2568374, 43.26677219999999], [132.2574022, 43.266521299999994], [132.25772639999997, 43.2664643], [132.2579631, 43.266524], [132.2580929, 43.266539599999994], [132.25806719999997, 43.2666115], [132.2579213, 43.26662949999999], [132.25797039999998, 43.2666749], [132.2580651, 43.26667549999999], [132.2581651, 43.2666274], [132.25828999999996, 43.266519699999996], [132.2582621, 43.26630629999999], [132.258124, 43.26619509999999], [132.25796639999996, 43.26608029999999], [132.2578336, 43.265947399999995], [132.2581151, 43.2657477], [132.25842269999998, 43.2655729], [132.258572, 43.26541579999999], [132.25818209999997, 43.2652406], [132.2579865, 43.265158199999995], [132.2579284, 43.265125399999995], [132.2576805, 43.2649458], [132.25736069999996, 43.2647011], [132.2572499, 43.264600200000004], [132.25718910000003, 43.2645499], [132.25705309999998, 43.264426500000006], [132.2568827, 43.2641275], [132.25666670000004, 43.2638874], [132.2565318, 43.2637273], [132.25642719999996, 43.263574199999994], [132.2563629, 43.2634017], [132.2562994, 43.2632416], [132.2562739, 43.2631738], [132.2561992, 43.26297499999999], [132.2560997, 43.2622742], [132.25615449999998, 43.26175899999999], [132.25628709999998, 43.2614167], [132.25666619999998, 43.261055799999994], [132.2572164, 43.2609107], [132.2576261, 43.2610345], [132.2580104, 43.26097789999999], [132.25837069999997, 43.2610023], [132.2587391, 43.2610706], [132.2587993, 43.2609623], [132.2585889, 43.2608112], [132.2584308, 43.2606367], [132.2583774, 43.2604865], [132.258435, 43.2603242], [132.2585276, 43.260332], [132.2586371, 43.2602407], [132.2587697, 43.2601178], [132.2587985, 43.259861], [132.258824, 43.2597734], [132.2587623, 43.25971479999999], [132.25847839999997, 43.259665600000005], [132.2579502, 43.259529799999996], [132.25755949999999, 43.25944049999999], [132.2570791, 43.259311899999986], [132.25672729999997, 43.259208099999995], [132.2563789, 43.25909349999999], [132.2562395, 43.2590152], [132.2561745, 43.2589715], [132.256101, 43.25891899999999], [132.25583699999999, 43.258646299999995], [132.2556649, 43.25842569999999], [132.25560389999998, 43.2582996], [132.2555935, 43.2582391], [132.25562709999997, 43.2575379], [132.2554675, 43.2572917], [132.2550578, 43.257010799999996], [132.25462389999998, 43.25675629999999], [132.254302, 43.2564102], [132.2540805, 43.256291499999996], [132.2539437, 43.2562114], [132.2535467, 43.25603069999999], [132.2528241, 43.2556458], [132.2523707, 43.25532249999999], [132.2521847, 43.2551379], [132.2520527, 43.254926], [132.25200979999997, 43.254785299999995], [132.2519685, 43.2544886], [132.2519535, 43.254204200000004], [132.251962, 43.2541008], [132.25241849999998, 43.2535174], [132.2529969, 43.25305219999999], [132.2532862, 43.2527801], [132.2532621, 43.2525782], [132.2532018, 43.2522534], [132.2532871, 43.2519403], [132.253079, 43.2517443], [132.2531031, 43.2516487], [132.2533191, 43.2516038], [132.2532882, 43.25149590000001], [132.2530784, 43.2513656], [132.25280069999997, 43.2511589], [132.2527205, 43.25105549999999], [132.25265879999998, 43.25086219999999], [132.2525663, 43.2507139], [132.2525416, 43.2506285], [132.25251069999996, 43.25046669999999], [132.25242429999997, 43.2501566], [132.2523565, 43.249967899999994], [132.2522022, 43.249842], [132.25205409999998, 43.249832999999995], [132.2519986, 43.2497611], [132.2519924, 43.24962179999999], [132.2518039, 43.24958049999999], [132.2515414, 43.2495408], [132.2513186, 43.249524799999996], [132.25088309999998, 43.2494589], [132.25044809999997, 43.24941489999999], [132.25026729999996, 43.24939150000001], [132.2500387, 43.2493679], [132.24994379999998, 43.24934789999999], [132.2498124, 43.249332], [132.24953149999996, 43.24927689999999], [132.2492051, 43.2491769], [132.248802, 43.248993299999995], [132.24830229999998, 43.2487253], [132.24809, 43.2485854], [132.2479479, 43.2484553], [132.2475983, 43.247855400000006], [132.247608, 43.24766799999999], [132.2481032, 43.2468652], [132.2477779, 43.246670699999996], [132.24743809999998, 43.24637009999999], [132.24706429999998, 43.2461049], [132.24650109999996, 43.24569819999999], [132.2460302, 43.24513949999999], [132.2457583, 43.24497329999999], [132.2450932, 43.2446727], [132.24471939999998, 43.244442799999995], [132.24471939999998, 43.2442766], [132.244433, 43.2440715], [132.24409309999996, 43.24365769999999], [132.2435251, 43.2430565], [132.2429959, 43.2425119], [132.2425784, 43.2423598], [132.2417773, 43.2418435], [132.2413016, 43.241412], [132.2409763, 43.2411998], [132.2405297, 43.2411503], [132.239816, 43.24086379999999], [132.2394519, 43.2405915], [132.2389907, 43.24023069999999], [132.2387428, 43.24004719999999], [132.2379084, 43.2392897], [132.2381101, 43.2389399], [132.2378646, 43.2392797], [132.23782209999996, 43.239338399999994], [132.2367412, 43.240834], [132.23558659999998, 43.24125879999999], [132.2335525, 43.242148699999994], [132.2307796, 43.24352199999999], [132.22892020000003, 43.2433074], [132.2282444, 43.243888999999996], [132.2267078, 43.2457321], [132.2260192, 43.24616079999999], [132.225122, 43.2465019], [132.2236987, 43.24737689999999], [132.2218923, 43.24795689999999], [132.2224725, 43.248493399999994], [132.2226874, 43.2492193], [132.22261999999998, 43.250010399999994], [132.22240319999997, 43.2511236], [132.2215092, 43.2521107], [132.2200393, 43.2526128], [132.2184613, 43.252289399999995], [132.2172012, 43.2525989], [132.2159406, 43.2529085], [132.2151782, 43.25343719999999], [132.2150177, 43.2535485], [132.2133838, 43.25365779999999], [132.2129336, 43.257662], [132.213607, 43.2581599], [132.21461359999998, 43.25859069999999], [132.215535, 43.259048699999994], [132.21583639999997, 43.2592951], [132.216133, 43.2595406], [132.2164215, 43.2600077], [132.2176578, 43.26097180000001], [132.217888, 43.261347099999995], [132.2184084, 43.26219549999999], [132.21866029999998, 43.262914699999996], [132.21902289999997, 43.2631659], [132.2194793, 43.26377469999999], [132.2200423, 43.26423609999999], [132.2199148, 43.26517129999999], [132.2194306, 43.2656295], [132.2190208, 43.2664752], [132.21704319999998, 43.2665514], [132.21512739999997, 43.266402], [132.21396799999997, 43.26621409999999], [132.2132063, 43.266073500000005], [132.2124123, 43.2660423], [132.2113824, 43.26617509999999], [132.2110283, 43.26619850000001], [132.210567, 43.2663391], [132.20989109999996, 43.2662923], [132.20930099999998, 43.2662298], [132.2084963, 43.26627659999999], [132.20690949999997, 43.2665384], [132.2060695, 43.266633199999994], [132.2057421, 43.2666701], [132.20504989999998, 43.2675197], [132.20497549999996, 43.26761020000001], [132.2049147, 43.267684599999995], [132.2042507, 43.2684987], [132.20410320000002, 43.26926999999999], [132.20497489999997, 43.2713486], [132.2044396, 43.27234539999999], [132.2046684, 43.273789400000005], [132.2045577, 43.274131100000005], [132.20397879999996, 43.27438219999999], [132.20308239999997, 43.274321099999995], [132.2022847, 43.2739566], [132.2005157, 43.2739598], [132.1986237, 43.2732388], [132.1970653, 43.27386860000001], [132.1966066, 43.2741768], [132.1963276, 43.27448939999999], [132.19612919999997, 43.27493989999999], [132.1959641, 43.27532970000001], [132.1955687, 43.27613629999999], [132.1952678, 43.276983599999994], [132.1937797, 43.276257599999994], [132.1934064, 43.276036399999995], [132.1922869, 43.275495899999996], [132.1911291, 43.2756065], [132.1870887, 43.27540239999999], [132.1858554, 43.275561700000004], [132.1850142, 43.2758634], [132.18422, 43.2762884], [132.182882, 43.276818], [132.18274009999996, 43.2770064], [132.18265899999997, 43.2772977], [132.1823618, 43.277538899999996], [132.1799671, 43.2780287], [132.1792662, 43.2777943], [132.17805969999998, 43.2770943], [132.1766832, 43.27696619999999], [132.1736688, 43.2769484], [132.1723221, 43.2772028], [132.1719644, 43.27711059999999], [132.1710258, 43.2766376], [132.1706508, 43.277143200000005], [132.1703315, 43.27738419999999], [132.16987099999997, 43.277539499999996], [132.1691737, 43.277904799999995], [132.1685005, 43.2781618], [132.1682222, 43.2781788], [132.16756679999997, 43.27787759999999], [132.1668742, 43.2779997], [132.1662352, 43.27791239999999], [132.16507629999998, 43.2779375], [132.16247279999996, 43.27813319999999], [132.1620754, 43.2782671], [132.16094629999998, 43.278254999999994], [132.1605087, 43.2781026], [132.1604568, 43.276899799999995], [132.1594711, 43.27523969999999], [132.1594864, 43.274316199999994], [132.1572536, 43.2730412], [132.15685159999998, 43.2728639], [132.15648919999998, 43.272865], [132.1560692, 43.273035899999996], [132.15524689999998, 43.27290849999999], [132.1541933, 43.272302999999994], [132.15175539999998, 43.271835200000005], [132.1502865, 43.271301199999996], [132.1483721, 43.27053229999999], [132.14663919999998, 43.269198599999996], [132.1425174, 43.269380399999996], [132.1400645, 43.2696215], [132.13866709999996, 43.27049099999999], [132.1381878, 43.270477699999994], [132.1368826, 43.269723299999995], [132.1357818, 43.26954889999999], [132.1353869, 43.26948699999999], [132.13365629999998, 43.268983799999994], [132.1322344, 43.269412599999995], [132.13183629999997, 43.27031339999999], [132.13177229999997, 43.27053229999999], [132.13125319999997, 43.2723068], [132.1308988, 43.273521], [132.13010880000002, 43.2762231], [132.1302245, 43.27624569999999], [132.1301057, 43.276595099999994], [132.12998469999997, 43.27694369999999], [132.1299838, 43.277017400000005], [132.129813, 43.2773571], [132.1295512, 43.2780075], [132.1292798, 43.2781177], [132.1290378, 43.27826579999999], [132.1287568, 43.2783829], [132.1287909, 43.2784172], [132.1285013, 43.2785426], [132.12870769999998, 43.2788095], [132.1286817, 43.2789304], [132.1288634, 43.27913219999999], [132.1286113, 43.279257], [132.1284542, 43.279987399999996], [132.12852409999996, 43.280193100000005], [132.12872970000004, 43.2804155], [132.1291156, 43.2808278], [132.1292709, 43.280997299999996], [132.12966719999997, 43.2813379], [132.1296258, 43.281400899999994], [132.12966879999996, 43.2814684], [132.1295427, 43.2817594], [132.1298847, 43.2818375], [132.12997559999997, 43.28195029999999], [132.12993959999997, 43.2820424], [132.13005479999998, 43.282074599999994], [132.1303791, 43.28220999999999], [132.1303889, 43.2822385], [132.1304472, 43.28225259999999], [132.1308955, 43.28324969999999], [132.13090389999996, 43.2834746], [132.1309173, 43.283703499999994], [132.1312448, 43.283696899999995], [132.1312924, 43.283759499999995], [132.1314733, 43.28400009999999], [132.1317526, 43.284371099999994], [132.1331527, 43.2862337], [132.1338616, 43.2871763], [132.13278889999998, 43.2958585], [132.1327475, 43.296193499999994], [132.1323907, 43.2990772], [132.1323123, 43.299712899999996], [132.13195279999997, 43.3026237], [132.1319392, 43.302733399999994], [132.1318578, 43.3033755], [132.1318307, 43.30358819999999], [132.13076899999996, 43.3034877], [132.13054619999997, 43.3036548], [132.129564, 43.305253099999995], [132.1294231, 43.3054823], [132.1294083, 43.305469499999994], [132.1293572, 43.305503099999996], [132.1293803, 43.3055224], [132.1293875, 43.3055285], [132.1293924, 43.30553249999999], [132.1266717, 43.3099597], [132.12550099999999, 43.3101408], [132.12348209999996, 43.31045309999999], [132.12059359999998, 43.30997489999999], [132.11863729999996, 43.30931069999999], [132.1168636, 43.3090779], [132.1144957, 43.307938799999995], [132.1142576, 43.30787879999999], [132.1139347, 43.30782899999999], [132.11366749999996, 43.3078239], [132.11329049999998, 43.3079191], [132.1131117, 43.30801000000001], [132.11293270000002, 43.30800589999999], [132.1127665, 43.30793489999999], [132.1119643, 43.30805779999999], [132.1110455, 43.3055527], [132.1106116, 43.3058925], [132.1103796, 43.3059824], [132.1100822, 43.3060049], [132.1095781, 43.3059238], [132.109385, 43.30592399999999], [132.10919949999996, 43.30598539999999], [132.1090448, 43.30617289999999], [132.1088843, 43.306257], [132.10880069999996, 43.30668039999999], [132.1084937, 43.3069311], [132.1082013, 43.306898], [132.1078373, 43.3069558], [132.1071613, 43.30693419999999], [132.10695230000002, 43.3068657], [132.1066724, 43.3066711], [132.106369, 43.30652829999999], [132.1059972, 43.3064931], [132.1057989, 43.306430299999995], [132.1053664, 43.306220999999994], [132.1051395, 43.3061803], [132.1048116, 43.30619179999999], [132.1046943, 43.306273], [132.1042628, 43.30657159999999], [132.10420969999998, 43.30674049999999], [132.104032, 43.3069113], [132.103384, 43.30729109999999], [132.1030619, 43.3076086], [132.1029907, 43.3078453], [132.1030982, 43.30829969999999], [132.10305019999998, 43.308416599999994], [132.10291569999998, 43.308596699999995], [132.1027578, 43.30871429999999], [132.102364, 43.3088612], [132.1021951, 43.3088803], [132.1018594, 43.3087656], [132.10157709999996, 43.3087231], [132.1013279, 43.3087367], [132.10105659999996, 43.30896289999998], [132.1008449, 43.309048999999995], [132.1000879, 43.30924439999999], [132.0999324, 43.3093935], [132.0997397, 43.3096831], [132.0994046, 43.3100737], [132.09914590000002, 43.3103503], [132.09896249999997, 43.3104439], [132.0986118, 43.31045720000001], [132.09846069999998, 43.310481599999996], [132.0977571, 43.310732699999996], [132.09718459999996, 43.310991599999994], [132.0967527, 43.311129199999996], [132.0963995, 43.3111741], [132.0957735, 43.31121559999999], [132.094969, 43.3111771], [132.09402829999996, 43.3110685], [132.0937207, 43.31107239999999], [132.0934017, 43.3111153], [132.0933271, 43.3111207], [132.09316019999997, 43.311132300000004], [132.0929076, 43.31109729999999], [132.0929048, 43.3110976], [132.09265959999996, 43.3111901], [132.0924488, 43.311320099999996], [132.0922855, 43.31150699999999], [132.0915691, 43.3117691], [132.0912592, 43.311945599999994], [132.09061589999996, 43.3123808], [132.0904738, 43.31254409999999], [132.0900965, 43.312680099999994], [132.0899287, 43.3126802], [132.0895509, 43.3125491], [132.08951799999997, 43.31255889999999], [132.08920000000003, 43.3126521], [132.0890076, 43.31261659999999], [132.0889746, 43.31261239999999], [132.08880060000004, 43.3125582], [132.08871899999997, 43.3125432], [132.0886079, 43.3125228], [132.0884313, 43.3125195], [132.0883967, 43.3125234], [132.0882929, 43.3125352], [132.087828, 43.3125165], [132.08753310000003, 43.31267669999999], [132.0873972, 43.312721999999994], [132.08706679999997, 43.3127686], [132.0865332, 43.31291929999999], [132.0862512, 43.31305119999999], [132.0861879, 43.313166300000006], [132.0858921, 43.3133192], [132.0857118, 43.313323000000004], [132.0854424, 43.31339189999999], [132.0852239, 43.31351269999999], [132.0848829, 43.3137343], [132.0845628, 43.3138402], [132.0841309, 43.31404460000001], [132.0840238, 43.3141491], [132.0838536, 43.3142103], [132.0838462, 43.3142207], [132.08384189999998, 43.3142267], [132.083732, 43.314379300000006], [132.0836531, 43.31467109999999], [132.0835568, 43.31475089999999], [132.0834731, 43.3149662], [132.0833074, 43.315080099999996], [132.08304569999999, 43.315165699999994], [132.0828704, 43.3153582], [132.0828059, 43.315372499999995], [132.08274889999998, 43.31538259999999], [132.082646, 43.31538629999999], [132.08255509999998, 43.3153748], [132.0822016, 43.31527309999999], [132.0819823, 43.31522389999999], [132.0818007, 43.31528719999999], [132.0813712, 43.3153005], [132.0812219, 43.3153035], [132.08106609999996, 43.3153358], [132.08082259999998, 43.315449699999995], [132.0803693, 43.31553469999999], [132.0801984, 43.31524739999999], [132.0799773, 43.3152494], [132.07970789999996, 43.3153144], [132.0793534, 43.3154744], [132.0790097, 43.3154146], [132.0789106, 43.31511290000001], [132.0788341, 43.3149293], [132.0786969, 43.31492209999999], [132.077911, 43.31511199999999], [132.0776366, 43.31525679999999], [132.0776093, 43.31527119999999], [132.0774759, 43.315341499999995], [132.0770515, 43.31556559999999], [132.0766603, 43.3157088], [132.07647689999996, 43.3158153], [132.0762821, 43.315913099999996], [132.07619979999998, 43.3159379], [132.07589169999997, 43.3160307], [132.0751776, 43.3160813], [132.0746058, 43.3161595], [132.0741231, 43.316387199999994], [132.0721563, 43.3169973], [132.071253, 43.3173305], [132.0711133, 43.31737929999999], [132.0709612, 43.3174356], [132.070268, 43.31771659999999], [132.0683437, 43.31867679999999], [132.0668237, 43.3190458], [132.0662747, 43.318764599999994], [132.0659325, 43.3179368], [132.0651225, 43.317221100000005], [132.06383559999998, 43.31561059999999], [132.06337939999997, 43.31603319999999], [132.06380979999997, 43.316476599999994], [132.06413839999996, 43.316812799999994], [132.064427, 43.31718089999999], [132.0646435, 43.317433400000006], [132.0646583, 43.317727999999995], [132.0644856, 43.3179385], [132.0642983, 43.318191199999994], [132.0640536, 43.3183282], [132.0636935, 43.3185178], [132.0636368, 43.3187963], [132.0633694, 43.319395099999994], [132.06363849999997, 43.3205], [132.0643812, 43.3221917], [132.0649562, 43.3227183], [132.0649655, 43.3230202], [132.0647402, 43.323879299999994], [132.06438429999997, 43.32442209999999], [132.06420659999998, 43.32448269999999], [132.0640698, 43.324346799999994], [132.0638089, 43.324238], [132.063517, 43.3242563], [132.0634798, 43.324346999999996], [132.0633122, 43.3244469], [132.0632192, 43.3246238], [132.06298329999998, 43.32466469999999], [132.06269389999997, 43.32509859999999], [132.06280189999998, 43.3253327], [132.06332079999999, 43.3255517], [132.06266319999997, 43.3263101], [132.06273569999996, 43.32727619999999], [132.0623261, 43.327276499999996], [132.0614194, 43.3270329], [132.060781, 43.3268935], [132.0600474, 43.327313200000006], [132.05974599999996, 43.32745719999999], [132.05966489999997, 43.3277328], [132.0596946, 43.3279768], [132.0594421, 43.3284784], [132.0591873, 43.32865360000001], [132.0591872, 43.328851300000004], [132.0591604, 43.3291619], [132.0588048, 43.32929409999999], [132.0560605, 43.3296682], [132.0559659, 43.3294027], [132.05562439999997, 43.3291736], [132.0547096, 43.3291641], [132.0538359, 43.329334], [132.0535899, 43.32903509999999], [132.0526777, 43.32959989999999], [132.05130599999998, 43.330159699999996], [132.0487853, 43.33074309999999], [132.046392, 43.3310004], [132.04364749999996, 43.331211200000006], [132.0390827, 43.33148039999999], [132.03905789999996, 43.3316621], [132.0389905, 43.332884799999995], [132.0389933, 43.333083699999996], [132.037508, 43.3331347], [132.03747629999998, 43.3335587], [132.03712699999997, 43.33432559999999], [132.0378067, 43.3344009], [132.0381578, 43.3344395], [132.0385605, 43.3344837], [132.0390002, 43.3345065], [132.0392197, 43.334518], [132.0392107, 43.334646], [132.0391529, 43.3349279], [132.039165, 43.3351381], [132.0394803, 43.3355029], [132.0395509, 43.3355565], [132.0394019, 43.3356299], [132.03943, 43.335653900000004], [132.0389435, 43.33586509999999], [132.0387553, 43.33594649999999], [132.0384341, 43.3360853], [132.03844529999998, 43.336099399999995], [132.0381479, 43.33620929999999], [132.03814299999996, 43.3362008], [132.0379845, 43.33625769999999], [132.03780919999997, 43.33630519999999], [132.0375599, 43.33636609999999], [132.037128, 43.33805499999999], [132.0369579, 43.33841739999999], [132.0374045, 43.3389187], [132.0377014, 43.3393273], [132.0380535, 43.340849799999994], [132.0383423, 43.3410561], [132.0397155, 43.34130269999999], [132.0428686, 43.3414643], [132.04290639999996, 43.34118999999999], [132.04300879999997, 43.340842699999996], [132.0437188, 43.34078829999999], [132.0448852, 43.3412284], [132.04570889999997, 43.3415724], [132.0472411, 43.3422125], [132.0468872, 43.342566], [132.04671249999998, 43.3432995], [132.0463718, 43.34459389999999], [132.0467333, 43.345935399999995], [132.0464249, 43.346869899999994], [132.04624699999997, 43.3470456], [132.04583099999996, 43.3469614], [132.04509349999998, 43.348812499999994], [132.0446072, 43.3499261], [132.0444983, 43.3502806], [132.0457762, 43.3506217], [132.0455592, 43.3517803], [132.0461905, 43.3520861], [132.0492452, 43.353606000000006], [132.0501902, 43.3540365], [132.0506196, 43.3556837], [132.048499, 43.35699519999999], [132.0480689, 43.3573057], [132.0488667, 43.35780689999999], [132.0487979, 43.358003], [132.0496156, 43.3583986], [132.04934480000003, 43.35854809999999], [132.0493811, 43.3585731], [132.0492052, 43.35882039999999], [132.0493878, 43.3588907], [132.0495157, 43.3589526], [132.049377, 43.35930549999999], [132.04935859999998, 43.3593668], [132.04934649999998, 43.3593912], [132.04901829999997, 43.359300999999995], [132.04896529999996, 43.359339299999995], [132.0486164, 43.3595938], [132.0483757, 43.35976529999999], [132.0487593, 43.360058], [132.0488287, 43.360088100000006], [132.0491561, 43.3603338], [132.04915199999996, 43.360357], [132.0490419, 43.360467500000006], [132.0493584, 43.36074379999999], [132.0494188, 43.3607971], [132.04973519999996, 43.3610727], [132.0500835, 43.3613765], [132.0503999, 43.3616528], [132.0507166, 43.3619291], [132.0507828, 43.361987], [132.05109939999997, 43.36226309999999], [132.051416, 43.3625394], [132.0514763, 43.3625897], [132.0516116, 43.3625139], [132.0517156, 43.3624504], [132.0517755, 43.3625026], [132.0520587, 43.362296], [132.0522728, 43.36220699999999], [132.0525419, 43.36211339999999], [132.0527141, 43.362053599999996], [132.0531781, 43.361892499999996], [132.0536441, 43.361730599999994], [132.0538162, 43.361671], [132.0543906, 43.3614715], [132.0549442, 43.3612792], [132.0551946, 43.3611512], [132.05632059999996, 43.360736], [132.05722379999997, 43.360403], [132.0580339, 43.359967000000005], [132.058331, 43.3597598], [132.0584652, 43.3598012], [132.059486, 43.360642899999995], [132.06063389999997, 43.36127369999999], [132.06074389999998, 43.36140389999999], [132.0610966, 43.361913099999995], [132.0613618, 43.3624464], [132.0617496, 43.363505999999994], [132.0620874, 43.364466300000004], [132.0622669, 43.364924599999995], [132.0613044, 43.365162399999996], [132.0616779, 43.3660263], [132.0617908, 43.366369500000005], [132.06183299999998, 43.3664814], [132.0633588, 43.3661196], [132.0635665, 43.3660704], [132.06401, 43.3659652], [132.06410609999998, 43.3659424], [132.0645975, 43.3658259], [132.06460299999998, 43.3659057], [132.064622, 43.36618359999999], [132.06475809999998, 43.368176], [132.0648117, 43.36819979999999], [132.06660269999998, 43.3687926], [132.0672499, 43.3690078], [132.06711320000002, 43.36983620000001], [132.0683775, 43.3699482], [132.0686396, 43.369463], [132.06869650000002, 43.3694796], [132.071322, 43.36972349999999], [132.07347589999998, 43.368955899999996], [132.07688399999998, 43.3713105], [132.0775037, 43.37251849999999], [132.0783487, 43.37548720000001], [132.0799157, 43.3777247], [132.0812181, 43.379389499999995], [132.0823202, 43.381158], [132.08260179999996, 43.382427299999996], [132.08434819999997, 43.383553199999994], [132.0861226, 43.381567499999996], [132.08919279999998, 43.38257060000001], [132.0962344, 43.3844129], [132.09512, 43.38602550000001], [132.09513509999996, 43.3866918], [132.0984614, 43.3903712], [132.09746860000004, 43.3907916], [132.1016158, 43.39684199999999], [132.1009723, 43.3970702], [132.1015075, 43.3975905], [132.09888529999998, 43.3979984], [132.0969918, 43.3990103], [132.09520509999996, 43.4011965], [132.094451, 43.403340899999996], [132.0940212, 43.40519499999999], [132.0933743, 43.4065788], [132.08650479999997, 43.4154708], [132.0890659, 43.4162409], [132.0908582, 43.41691809999999], [132.0918872, 43.41742179999999], [132.0847141, 43.4185778], [132.0843703, 43.4186796], [132.0839774, 43.418921399999995], [132.08106099999998, 43.42192409999999], [132.0818473, 43.422486], [132.0820849, 43.422734199999994], [132.0823085, 43.42327019999999], [132.0853468, 43.4230665], [132.08545559999996, 43.42436779999999], [132.08439869999998, 43.425283799999995], [132.0843433, 43.4256368], [132.0843993, 43.427495199999996], [132.0849072, 43.4274609], [132.0857267, 43.4271952], [132.0867585, 43.42727779999999], [132.0882009, 43.42784350000001], [132.0948209, 43.435113599999994], [132.1007372, 43.4390958], [132.0985812, 43.442583299999995], [132.0972123, 43.4437932], [132.10000009999996, 43.447372699999995], [132.100406, 43.4492869], [132.09551609999997, 43.4498294], [132.0958686, 43.4508972], [132.0970884, 43.45118939999999], [132.0975755, 43.45193119999999], [132.099875, 43.4513872], [132.1037425, 43.4524842], [132.1048334, 43.452838199999995], [132.102547, 43.4570779], [132.1037078, 43.4573037], [132.104888, 43.4569766], [132.1050274, 43.45676629999999], [132.1087289, 43.456556], [132.1121177, 43.4567708], [132.1119261, 43.4552087], [132.10939989999997, 43.4529639], [132.1077983, 43.4514824], [132.1036544, 43.4502253], [132.1055729, 43.4469201], [132.10716429999997, 43.4439206], [132.10744809999997, 43.4436826], [132.110358, 43.4446405], [132.1128754, 43.4462762], [132.1124179, 43.44785499999999], [132.1118657, 43.448865899999994], [132.11059009999997, 43.4510464], [132.1099504, 43.4530747], [132.1098592, 43.453202999999995], [132.1120735, 43.4550354], [132.11488979999996, 43.4560132], [132.1166791, 43.45367569999999], [132.1181803, 43.4534611], [132.120271, 43.4566311], [132.12501059999997, 43.4593598], [132.12504729999998, 43.46065039999999], [132.1262186, 43.4615517], [132.1268996, 43.4611024], [132.1273123, 43.4602785], [132.13210009999997, 43.4625553], [132.13243320000004, 43.4650797], [132.13947099999996, 43.4710427], [132.1397559, 43.4733796], [132.14028809999996, 43.473952399999995], [132.14002820000002, 43.47474410000001], [132.1439962, 43.49069389999999], [132.1463071, 43.500769299999995], [132.1469949, 43.504065000000004], [132.1510127, 43.504047199999995], [132.1527239, 43.50398289999999], [132.1535402, 43.5032428], [132.1539776, 43.5016779], [132.1548231, 43.500303200000005], [132.1562808, 43.49962649999999], [132.1591381, 43.49962649999999], [132.16117889999998, 43.4987171], [132.16380289999998, 43.498844], [132.16648519999998, 43.4985056], [132.16867189999996, 43.4975116], [132.1701879, 43.49590419999999], [132.1725204, 43.49484669999999], [132.1757275, 43.4940218], [132.17709780000004, 43.49442369999999], [132.1781182, 43.496432899999995], [132.17864299999997, 43.49865359999999], [132.18045059999997, 43.50214309999999], [132.1816752, 43.504215599999995], [132.1832787, 43.50588619999999], [132.1852321, 43.5064571], [132.18779779999997, 43.5062034], [132.1933227, 43.50563240000001], [132.19692339999997, 43.50609759999999], [132.2009469, 43.50720780000001], [132.20294399999997, 43.507768199999994], [132.20437259999997, 43.509480999999994], [132.20567, 43.5120183], [132.2067342, 43.51321299999999], [132.2094602, 43.5137627], [132.2128568, 43.513509], [132.2159619, 43.51342439999999], [132.2173526, 43.5137672], [132.2187132, 43.5146643], [132.2201244, 43.5160012], [132.22266019999998, 43.5173317], [132.2258762, 43.517750299999996], [132.2281852, 43.5185726], [132.22843259999996, 43.5196938], [132.2281852, 43.521801599999996], [132.2283502, 43.5229676], [132.2292366, 43.52456709999999], [132.2299994, 43.5280798], [132.2270321, 43.530371099999996], [132.2272362, 43.53347829999999], [132.2283149, 43.53390110000001], [132.231143, 43.5339433], [132.2358953, 43.53360519999999], [132.2412891, 43.5370292], [132.2428052, 43.5372828], [132.2470327, 43.5379803], [132.2506638, 43.537868], [132.25181419999998, 43.53783239999999], [132.2552836, 43.53654310000001], [132.25685799999997, 43.534070199999995], [132.2591613, 43.5312589], [132.2590738, 43.528849199999996], [132.25892809999996, 43.526312499999996], [132.259861, 43.5247905], [132.2619019, 43.523585499999996], [132.2652548, 43.5225919], [132.2690741, 43.5224228], [132.27443869999996, 43.52517099999999], [132.2779957, 43.5257629], [132.2848472, 43.526693], [132.28709219999996, 43.52846869999999], [132.28980169999997, 43.532312899999994], [132.297677, 43.5292339], [132.298213, 43.525736200000004], [132.29780069999998, 43.523045499999995], [132.3065006, 43.5194578], [132.3064594, 43.5164678], [132.3059234, 43.5134777], [132.3290957, 43.5126404], [132.33329439999997, 43.5124961], [132.3464956, 43.512042400000006], [132.3478975, 43.50600179999999], [132.3544533, 43.4960125], [132.3582055, 43.491465899999994], [132.36208130000003, 43.4889532], [132.3631918, 43.4882849], [132.3674002, 43.4857523], [132.3737087, 43.482611000000006], [132.3779143, 43.4815639], [132.3749868, 43.477315499999996], [132.3742447, 43.47483210000001], [132.3736982, 43.473464], [132.37342, 43.4727675], [132.37090489999997, 43.47210919999999], [132.3677713, 43.46983509999999], [132.364846, 43.46812440000001], [132.36204, 43.4664835], [132.3581413, 43.462419100000005], [132.35750449999998, 43.46175519999999], [132.3562676, 43.458463099999996], [132.37102859999996, 43.4534946], [132.36307079999997, 43.447448099999995], [132.35090739999998, 43.437419199999994], [132.3432383, 43.4309519], [132.3641573, 43.4190619], [132.3569026, 43.408149699999996], [132.3494986, 43.396926], [132.3297654, 43.3933843], [132.32471549999997, 43.38676929999999], [132.3243324, 43.3864646], [132.3242663, 43.3863635], [132.32383819999998, 43.3857202], [132.3235642, 43.3852753], [132.3231371, 43.3844132], [132.32320509999997, 43.3829085], [132.3238513, 43.382943], [132.3274688, 43.38312559999999], [132.32798089999997, 43.3830432], [132.3302008, 43.38269770000001], [132.3335802, 43.3813806], [132.345981, 43.3765502], [132.3462381, 43.37614799999999], [132.3462656, 43.3755817], [132.3462144, 43.37466940000001], [132.3488842, 43.37316909999999], [132.35006539999998, 43.3704616], [132.34765929999998, 43.3681074], [132.3444111, 43.3664362], [132.34476159999997, 43.366384599999996], [132.3447179, 43.3662261], [132.344355, 43.366279399999996], [132.3443395, 43.3661511], [132.3478922, 43.3608683], [132.34608909999997, 43.36104060000001], [132.3458784, 43.3611475], [132.3456729, 43.3611566], [132.3450267, 43.3611899], [132.343008, 43.36129139999999], [132.34218329999996, 43.361235], [132.3415233, 43.3611084], [132.3412589, 43.36109549999999], [132.3405755, 43.3610918], [132.3399614, 43.361282499999994], [132.3386468, 43.3619704], [132.3382185, 43.362579200000006], [132.3375907, 43.3626746], [132.3368278, 43.36256830000001], [132.33650089999998, 43.36252189999999], [132.3352618, 43.362293599999994], [132.33342529999996, 43.3619767], [132.33227639999998, 43.3618897], [132.3316179, 43.36187079999999], [132.329595, 43.3615905], [132.3289664, 43.361507200000005], [132.3284359, 43.3613631], [132.3267204, 43.3606241], [132.32626889999997, 43.3601806], [132.32553029999997, 43.359301099999996], [132.3253565, 43.3590065], [132.3250066, 43.358124399999994], [132.3248118, 43.3575595], [132.3246901, 43.3571413], [132.3246038, 43.35667689999999], [132.3246232, 43.3561588], [132.3246089, 43.3557187], [132.3245598, 43.355287], [132.3244543, 43.35486680000001], [132.3243798, 43.35455439999999], [132.3243372, 43.3544433], [132.3224721, 43.353965599999995], [132.3212655, 43.3534171], [132.3126424, 43.3503858], [132.3117969, 43.3492409], [132.30943529999996, 43.34659069999999], [132.3073653, 43.3444704], [132.30184699999998, 43.3406451], [132.2986515, 43.33772129999999], [132.29724959999996, 43.3348723], [132.2956622, 43.3336426], [132.2957034, 43.3314683], [132.2956195, 43.3291418], [132.2949907, 43.3271997], [132.294494, 43.3250876], [132.2951209, 43.3236559], [132.29562229999996, 43.3217389], [132.2963747, 43.320688999999994], [132.2960414, 43.314951799999996], [132.2940237, 43.315491], [132.2913041, 43.315911], [132.2908954, 43.3157036], [132.29054089999997, 43.3155362], [132.29019979999998, 43.3154409], [132.2895678, 43.3151058], [132.28909079999997, 43.3149485], [132.2889127, 43.3149485], [132.2888173, 43.3148744], [132.2886011, 43.314767999999994], [132.2882895, 43.3146986], [132.2882831, 43.3146107], [132.2882068, 43.3144718], [132.2880084, 43.3143859], [132.2875153, 43.3136875], [132.28719, 43.3129969]]]]}}, {"type": "Feature", "properties": {"id": "mo-05706000", "name": "ГО Большой Камень", "region": "Приморский край", "isCity": false, "sourceOktmo": "05-706-000-000", "sourceAgg": "Владивосток", "excelNames": ["ГО Большой Камень"], "oktmo": "05706000", "vgp": [{"year": 2019, "value": 76242094.45078784}, {"year": 2020, "value": 87826041.47502431}, {"year": 2021, "value": 77338484.31905553}, {"year": 2022, "value": 102156576.0560698}, {"year": 2023, "value": 112930919.5813292}, {"year": 2024, "value": 126907649.53128552}], "population": [{"year": 2019, "value": 39161.0}, {"year": 2020, "value": 40301.0}, {"year": 2021, "value": 39873.0}, {"year": 2022, "value": 39460.0}, {"year": 2023, "value": 42271.0}, {"year": 2024, "value": 42502.0}, {"year": 2025, "value": 42181.0}], "shipments": [{"year": 2019, "value": 40759794.9}, {"year": 2020, "value": 18837844.7}, {"year": 2021, "value": 33409106.1}, {"year": 2022, "value": 65826295.1}, {"year": 2023, "value": 36865229.7}, {"year": 2024, "value": 39210015.4}], "employees": [{"year": 2019, "value": 12446.0}, {"year": 2020, "value": 13606.0}, {"year": 2021, "value": 13174.0}, {"year": 2022, "value": 13227.0}, {"year": 2023, "value": 13715.0}, {"year": 2024, "value": 13646.0}], "investments": [{"year": 2019, "value": 9265493.0}, {"year": 2020, "value": 9676891.0}, {"year": 2021, "value": 11586538.0}, {"year": 2022, "value": 37662071.0}, {"year": 2023, "value": 36521471.0}, {"year": 2024, "value": 27650730.0}], "vgp2024": 126907649.53128552, "pop2024": 42502.0, "ship2024": 39210015.4, "emp2024": 13646.0, "inv2024": 27650730.0}, "geometry": {"type": "MultiPolygon", "coordinates": [[[[132.4367859, 43.0467758], [132.4347581, 43.04607459999999], [132.43414909999998, 43.0454677], [132.43291269999997, 43.04446970000001], [132.43045839999996, 43.0427839], [132.4291297, 43.041435199999995], [132.4262141, 43.04317499999999], [132.42436869999997, 43.0434178], [132.4191094, 43.0425681], [132.41639669999998, 43.0393312], [132.4147913, 43.03637739999999], [132.41289049999997, 43.0357434], [132.4113388, 43.0360727], [132.4096685, 43.0357103], [132.4034533, 43.037378399999994], [132.399427, 43.03630069999999], [132.3988789, 43.0342978], [132.3990877, 43.031779799999995], [132.3987745, 43.0308068], [132.3995314, 43.02937609999999], [132.3997172, 43.0277354], [132.394624, 43.024187399999995], [132.3933507, 43.0227034], [132.3921881, 43.0217995], [132.3892356, 43.0217725], [132.3864675, 43.02210980000001], [132.38360719999997, 43.0229058], [132.3772517, 43.02553379999999], [132.3746811, 43.0272509], [132.37327189999996, 43.0279949], [132.3719278, 43.0278423], [132.37096219999998, 43.0272509], [132.3699044, 43.02613379999999], [132.36707279999996, 43.0213259], [132.3666553, 43.0198758], [132.36508939999996, 43.018492499999994], [132.3628711, 43.0170901], [132.3613836, 43.01668939999999], [132.3597395, 43.0159452], [132.3592827, 43.0148671], [132.3596549, 43.0131875], [132.3473525, 43.01228059999999], [132.34713049999996, 43.0127373], [132.34655229999998, 43.013475], [132.3459986, 43.01393379999999], [132.3463923, 43.0143116], [132.3466041, 43.01485029999999], [132.34662449999996, 43.015362499999995], [132.3466122, 43.0178642], [132.34687039999997, 43.0186782], [132.34192509999997, 43.0211165], [132.33491, 43.0245683], [132.3311766, 43.026508199999995], [132.3267869, 43.028803999999994], [132.3261729, 43.0291393], [132.3260098, 43.0278426], [132.325714, 43.02785529999999], [132.3180819, 43.03236249999999], [132.3090082, 43.037739300000005], [132.30589529999997, 43.0395538], [132.30610489999998, 43.0396043], [132.3062497, 43.0396526], [132.306382, 43.03974629999999], [132.3068949, 43.0403388], [132.30692789999998, 43.0405111], [132.3071306, 43.0406017], [132.3074325, 43.04066219999999], [132.307569, 43.04074080000001], [132.30787919999997, 43.041061199999994], [132.308057, 43.041163999999995], [132.3082059, 43.0411972], [132.30892139999997, 43.041254599999995], [132.30912810000004, 43.041239499999996], [132.30929359999996, 43.0411942], [132.3094507, 43.0411156], [132.3098147, 43.040825399999996], [132.31005039999997, 43.04069549999999], [132.31014969999998, 43.04067429999999], [132.31024059999996, 43.040632], [132.310555, 43.0406229], [132.31065009999998, 43.0405715], [132.3110492, 43.0405659], [132.3112339, 43.0405361], [132.31154519999998, 43.0405269], [132.3117103, 43.0405485], [132.31193269999997, 43.040540799999995], [132.3120131, 43.0405176], [132.3120851, 43.0404773], [132.3121656, 43.040407699999996], [132.312185, 43.040402799999995], [132.3122164, 43.0404092], [132.3123074, 43.040455699999995], [132.3124684, 43.0404944], [132.3128749, 43.040628999999996], [132.3133281, 43.04075589999999], [132.3136669, 43.040870399999996], [132.3139294, 43.04099109999999], [132.3141602, 43.0411304], [132.31481670000002, 43.04157769999999], [132.31511099999997, 43.04181749999999], [132.31542649999997, 43.0420992], [132.31571659999997, 43.042402499999994], [132.3160385, 43.04275229999999], [132.316193, 43.0429643], [132.3164471, 43.04337279999999], [132.3165636, 43.04362199999999], [132.3166631, 43.04391759999999], [132.3167118, 43.0441574], [132.3167564, 43.0443563], [132.31676899999997, 43.04452419999999], [132.3167839, 43.0448159], [132.31674869999998, 43.0451305], [132.3167193, 43.0454227], [132.3166849, 43.045519399999996], [132.3167517, 43.045721699999994], [132.3167513, 43.0458118], [132.3167627, 43.04593379999999], [132.3167881, 43.04606999999999], [132.316794, 43.0462865], [132.3168151, 43.04640739999999], [132.31684369999996, 43.0465562], [132.31702639999997, 43.046827099999994], [132.31709109999997, 43.04711939999999], [132.3171625, 43.0472258], [132.31718109999997, 43.0472955], [132.3171837, 43.0473825], [132.3171943, 43.0477346], [132.31720219999997, 43.04782929999999], [132.3171678, 43.04822589999999], [132.3171678, 43.04835549999999], [132.31715199999996, 43.04856240000001], [132.3171202, 43.048721], [132.3170778, 43.04883319999999], [132.3170249, 43.04894349999999], [132.317017, 43.0490131], [132.3170196, 43.0491852], [132.31699839999996, 43.049369], [132.3169667, 43.0494889], [132.31692429999998, 43.0496088], [132.31645109999997, 43.050614599999996], [132.3163657, 43.0507684], [132.3162414, 43.050840900000004], [132.3159164, 43.0511664], [132.31582220000004, 43.0511895], [132.3157494, 43.05122], [132.315692, 43.051230999999994], [132.3156064, 43.0512376], [132.3154766, 43.0512324], [132.31529919999997, 43.05122279999999], [132.3151678, 43.05121689999999], [132.3150551, 43.051213], [132.31499879999998, 43.05146], [132.3150309, 43.0515487], [132.3150448, 43.0516172], [132.3150425, 43.0517074], [132.3150137, 43.0517929], [132.3149834, 43.05186449999999], [132.31493449999996, 43.05194449999999], [132.3148481, 43.0520523], [132.3145284, 43.0523363], [132.3142843, 43.05247069999999], [132.3140447, 43.0525931], [132.3137595, 43.0527062], [132.3135808, 43.0527633], [132.3134841, 43.0527899], [132.31339879999996, 43.0528058], [132.3133108, 43.052799], [132.3132579, 43.0527681], [132.3130508, 43.052559099999996], [132.312892, 43.052445], [132.3126099, 43.0523684], [132.3124478, 43.0524226], [132.3121263, 43.052517], [132.31184869999998, 43.05255919999999], [132.3116427, 43.0523845], [132.311519, 43.0522881], [132.3114008, 43.0523122], [132.31121679999998, 43.052277999999994], [132.3112017, 43.05235759999999], [132.3111766, 43.052466], [132.31111109999998, 43.0525522], [132.311133, 43.05263589999999], [132.3111906, 43.052724999999995], [132.3110838, 43.0527963], [132.3109416, 43.0529955], [132.3108482, 43.05318270000001], [132.3106318, 43.053533599999994], [132.3104013, 43.053808], [132.31021019999997, 43.054068], [132.31007589999996, 43.0542689], [132.3100121, 43.054441499999996], [132.30986589999998, 43.054617699999994], [132.30968609999996, 43.0547851], [132.30946769999997, 43.05493789999999], [132.3092801, 43.05506009999999], [132.3090846, 43.05518850000001], [132.3088675, 43.0553153], [132.3085479, 43.05548960000001], [132.30811969999996, 43.05565709999999], [132.30779790000003, 43.055771299999996], [132.307543, 43.0557428], [132.3072021, 43.05577499999999], [132.3066695, 43.05585049999999], [132.3064763, 43.0559497], [132.3061784, 43.0560053], [132.3060545, 43.0559941], [132.3059367, 43.0560166], [132.3058599, 43.0561129], [132.3059174, 43.05618309999999], [132.306069, 43.05635159999999], [132.3059873, 43.0565371], [132.3057961, 43.0567666], [132.30569009999996, 43.056957799999985], [132.3054464, 43.0571124], [132.3053622, 43.057447499999995], [132.30482199999997, 43.0579304], [132.304286, 43.05827], [132.3040143, 43.0583011], [132.3036205, 43.058650099999994], [132.30370629999996, 43.058828], [132.3036917, 43.0589696], [132.3037182, 43.0591829], [132.3039163, 43.059418799999996], [132.30404300000004, 43.05963899999999], [132.3042108, 43.0598079], [132.3046826, 43.0601793], [132.3052714, 43.060539], [132.3054444, 43.0607303], [132.30529959999998, 43.06103809999999], [132.3051456, 43.06132739999999], [132.30499719999997, 43.061713700000006], [132.3047727, 43.06204699999999], [132.3044121, 43.06245379999999], [132.3040531, 43.062754999999996], [132.303681, 43.063102], [132.30319439999997, 43.0634489], [132.3027987, 43.063721699999995], [132.3023932, 43.06400049999999], [132.30204279999998, 43.0642017], [132.3017219, 43.0644028], [132.3013984, 43.0646413], [132.30093309999998, 43.064867199999995], [132.3006599, 43.0650402], [132.3003527, 43.0652719], [132.3001791, 43.065440100000004], [132.3000192, 43.06562389999999], [132.2998133, 43.0658965], [132.2995401, 43.06607009999999], [132.2991005, 43.0663062], [132.2987678, 43.0665295], [132.29841739999998, 43.06672429999999], [132.2979995, 43.0669324], [132.29768539999998, 43.06705879999999], [132.2972704, 43.0672387], [132.2969206, 43.0673972], [132.2964913, 43.06753849999999], [132.2960629, 43.067692900000004], [132.29564699999997, 43.0677397], [132.2952678, 43.067737199999996], [132.2947908, 43.067708], [132.2943295, 43.067676], [132.2939527, 43.067601], [132.29369559999998, 43.0675045], [132.29326969999997, 43.0674198], [132.2920434, 43.0674235], [132.2914134, 43.06748959999999], [132.2908527, 43.06759799999999], [132.2901988, 43.06765179999999], [132.289635, 43.06767169999999], [132.28922179999998, 43.0677146], [132.2889637, 43.0676785], [132.2888683, 43.067534099999996], [132.2886237, 43.0674034], [132.2883975, 43.067276500000006], [132.2882957, 43.0672195], [132.2876495, 43.0672127], [132.2870965, 43.06717419999999], [132.2868256, 43.0670652], [132.2868069, 43.066977400000006], [132.2866172, 43.0668648], [132.2863516, 43.0667299], [132.2861981, 43.06653349999999], [132.285823, 43.066201899999996], [132.28554029999998, 43.0659617], [132.2853171, 43.0658655], [132.2851448, 43.0657831], [132.2848317, 43.0656666], [132.2847112, 43.0655494], [132.2846204, 43.0655733], [132.2846035, 43.0656363], [132.2845992, 43.065707399999994], [132.2846493, 43.065872399999996], [132.2845053, 43.0660258], [132.2843927, 43.0662977], [132.2843762, 43.0663997], [132.2844036, 43.06657799999999], [132.28443449999997, 43.0667439], [132.2845596, 43.066961899999995], [132.2847069, 43.0671536], [132.2848177, 43.067312799999996], [132.28485229999998, 43.06746629999999], [132.2848234, 43.0676485], [132.28481649999998, 43.06776469999999], [132.2847902, 43.0678485], [132.2847616, 43.0679395], [132.2849018, 43.0681713], [132.28487269999997, 43.06837769999999], [132.28492350000002, 43.068544499999994], [132.28487989999996, 43.0688112], [132.2847439, 43.0690177], [132.2845736, 43.0692298], [132.28433559999996, 43.0695366], [132.2840353, 43.0698017], [132.2838766, 43.06978879999999], [132.283774, 43.069933299999995], [132.2837662, 43.0701115], [132.2838577, 43.0702157], [132.2839342, 43.07035630000001], [132.28386039999998, 43.0705299], [132.2837039, 43.070553199999985], [132.2836945, 43.0707647], [132.28389129999996, 43.07091269999999], [132.2840563, 43.0711622], [132.2843191, 43.0712214], [132.2844831, 43.0713854], [132.2846606, 43.07156679999999], [132.284838, 43.0715724], [132.28496019999997, 43.07179109999999], [132.28512939999996, 43.072149499999995], [132.28531399999997, 43.07251659999999], [132.2854104, 43.0728459], [132.2854343, 43.0731083], [132.2857222, 43.073655599999995], [132.2860157, 43.07417449999999], [132.2861905, 43.0746164], [132.2864288, 43.075023699999996], [132.2866906, 43.07543479999999], [132.2868632, 43.0757867], [132.28713669999996, 43.0762199], [132.2871789, 43.0764174], [132.2873188, 43.0765987], [132.2875546, 43.0768954], [132.2878007, 43.07712070000001], [132.28782219999997, 43.0773812], [132.2877255, 43.0775866], [132.2879793, 43.0779689], [132.2881284, 43.07834259999999], [132.2880859, 43.07862239999999], [132.2880025, 43.07877799999999], [132.2879209, 43.07888880000001], [132.2879138, 43.079065299999996], [132.2879541, 43.079164799999994], [132.28813849999997, 43.0792391], [132.28831069999998, 43.07927569999999], [132.2885228, 43.0793968], [132.2886886, 43.07951469999999], [132.28883079999997, 43.07964849999999], [132.28898, 43.0797977], [132.2891583, 43.0799871], [132.2893449, 43.08028639999999], [132.28946069999998, 43.08052549999999], [132.2896238, 43.080748199999995], [132.2896624, 43.0809735], [132.2897617, 43.08126959999999], [132.2898779, 43.08151029999999], [132.28991109999998, 43.0816859], [132.29002, 43.0819599], [132.29009220000003, 43.0820354], [132.290208, 43.08213039999999], [132.290332, 43.0823634], [132.2903515, 43.08260620000001], [132.29036179999997, 43.0828822], [132.29043839999997, 43.0830864], [132.2906334, 43.08319449999999], [132.29078179999996, 43.0832095], [132.2909006, 43.0833019], [132.291036, 43.08349389999999], [132.2912636, 43.0836104], [132.2913386, 43.0837847], [132.2914513, 43.0840552], [132.2916203, 43.084234300000006], [132.29176550000003, 43.0842902], [132.2918963, 43.0843132], [132.29205519999996, 43.0844636], [132.29215959999996, 43.08455099999999], [132.292268, 43.08471089999999], [132.29237609999998, 43.08487589999999], [132.29244999999997, 43.084938599999994], [132.2925435, 43.0849037], [132.2924933, 43.0846594], [132.2924114, 43.084537999999995], [132.2923837, 43.08440099999999], [132.2923782, 43.08426029999999], [132.29237599999996, 43.0841271], [132.2923881, 43.08395339999999], [132.2923062, 43.0838255], [132.2922479, 43.0838229], [132.2921457, 43.08382640000001], [132.29195869999998, 43.08378530000001], [132.291848, 43.08371929999999], [132.29174879999997, 43.0836082], [132.2916666, 43.0834749], [132.2915772, 43.083176599999994], [132.2914601, 43.0829209], [132.2913831, 43.0825466], [132.2913399, 43.0823973], [132.2913242, 43.0821661], [132.2913443, 43.0819164], [132.291424, 43.08172859999999], [132.29153309999998, 43.081460099999994], [132.29162969999996, 43.08129139999999], [132.29185939999996, 43.08090599999999], [132.292025, 43.08066229999999], [132.2920961, 43.0804743], [132.2921438, 43.08017809999999], [132.2921171, 43.0800666], [132.2920144, 43.0799036], [132.29181819999997, 43.07970809999999], [132.2915768, 43.0795397], [132.2913638, 43.07938109999999], [132.29118129999998, 43.079209999999996], [132.2909786, 43.0789844], [132.2908102, 43.0787279], [132.2907309, 43.0785247], [132.29069289999998, 43.0782874], [132.29065929999996, 43.0780872], [132.2905007, 43.0779087], [132.2903381, 43.07750239999999], [132.29013139999998, 43.07698609999999], [132.2899688, 43.0764704], [132.2899202, 43.076174099999996], [132.2897166, 43.0758091], [132.28952539999997, 43.07547189999999], [132.2893799, 43.0751653], [132.2892468, 43.0747968], [132.2888984, 43.0741507], [132.2887132, 43.0737604], [132.2886729, 43.073705], [132.2885813, 43.07342479999999], [132.2885646, 43.0731611], [132.2886751, 43.072781600000006], [132.2887845, 43.07259400000001], [132.2888748, 43.0724392], [132.2890347, 43.0722234], [132.2890972, 43.0721282], [132.28911109999999, 43.07208250000001], [132.2891424, 43.0720216], [132.28917019999997, 43.0719188], [132.289264, 43.07180069999999], [132.28939779999996, 43.0716776], [132.2895942, 43.0715379], [132.289801, 43.071417399999994], [132.2901144, 43.07127779999999], [132.2906012, 43.0710911], [132.2906794, 43.0710752], [132.2909096, 43.0709879], [132.2909422, 43.0709419], [132.291003, 43.0709625], [132.2912658, 43.070894599999995], [132.2917783, 43.07078059999999], [132.29235529999997, 43.07066400000001], [132.2935227, 43.07047059999999], [132.2944594, 43.070334300000006], [132.29504659999998, 43.0702748], [132.29542669999998, 43.070249999999994], [132.2963838, 43.0701607], [132.2975648, 43.0700839], [132.2987595, 43.0700219], [132.2996351, 43.0699971], [132.3004225, 43.06998469999999], [132.3012607, 43.06998719999999], [132.3018682, 43.070002099999996], [132.3024554, 43.070024399999994], [132.3030357, 43.0700516], [132.30358889999997, 43.0700988], [132.3040539, 43.0701533], [132.3045886, 43.07024470000001], [132.3047953, 43.070284], [132.304943, 43.0703246], [132.3051046, 43.0704046], [132.3051394, 43.0704313], [132.3051377, 43.07047819999999], [132.30519329999998, 43.0705709], [132.3052375, 43.07054949999999], [132.30544129999998, 43.070608], [132.3056176, 43.07065860000001], [132.3058993, 43.07079], [132.3061844, 43.07093629999999], [132.3064932, 43.071109899999996], [132.30659159999996, 43.07115199999999], [132.3067138, 43.0712512], [132.3069276, 43.0715933], [132.3071788, 43.071843699999995], [132.30731109999996, 43.0719181], [132.3073654, 43.0719875], [132.30749209999996, 43.072067800000006], [132.30756689999998, 43.07212869999999], [132.3076386, 43.0721861], [132.30770569999999, 43.0722169], [132.30778799999996, 43.072235], [132.30783129999998, 43.0723101], [132.30796039999998, 43.0723912], [132.3081207, 43.0724698], [132.3082611, 43.07253789999999], [132.30849449999997, 43.07262819999999], [132.3088211, 43.072696099999995], [132.30927719999997, 43.072733], [132.3102688, 43.0727665], [132.3106411, 43.0727653], [132.3109039, 43.07276339999999], [132.3111013, 43.0727661], [132.311194, 43.0727912], [132.3113792, 43.0728511], [132.3117339, 43.07297679999999], [132.3125438, 43.073293899999996], [132.3129382, 43.073404100000005], [132.31326369999996, 43.07346210000001], [132.31350459999996, 43.0734892], [132.3140128, 43.0735878], [132.314288, 43.073624499999994], [132.31443629999998, 43.07365539999999], [132.3146004, 43.07371539999999], [132.3148306, 43.073806299999994], [132.31512439999997, 43.07395129999999], [132.3153838, 43.074076899999994], [132.3159132, 43.07438239999999], [132.31592639999997, 43.074409499999994], [132.3159132, 43.07446169999999], [132.3159449, 43.0745371], [132.3164248, 43.0748728], [132.31652639999996, 43.074945500000005], [132.3166704, 43.0750027], [132.31704309999998, 43.0750661], [132.3171024, 43.0750708], [132.3171511, 43.075052199999995], [132.3172167, 43.074953199999996], [132.3172654, 43.0749223], [132.3173565, 43.074911500000006], [132.317528, 43.074925399999984], [132.3177651, 43.0749795], [132.31785399999998, 43.075024400000004], [132.3191181, 43.0752548], [132.3191436, 43.0751899], [132.3191647, 43.0751698], [132.3191923, 43.0751605], [132.3192367, 43.0751636], [132.3193659, 43.07520840000001], [132.3194421, 43.07524089999999], [132.3196814, 43.07538629999999], [132.32015779999998, 43.0756523], [132.32036109999999, 43.0757714], [132.3203971, 43.07580079999999], [132.3204182, 43.07584099999999], [132.32042669999998, 43.07589359999999], [132.3204246, 43.0760622], [132.3204119, 43.0761009], [132.3204161, 43.0761272], [132.3204373, 43.0761473], [132.3204754, 43.076155], [132.3205305, 43.0761473], [132.3205707, 43.07612869999999], [132.320702, 43.0760978], [132.32074859999997, 43.07607300000001], [132.3208163, 43.07606989999999], [132.3209243, 43.0760761], [132.32099629999996, 43.07609], [132.3210535, 43.0761395], [132.32105559999997, 43.076181299999995], [132.32139229999999, 43.0765169], [132.3215532, 43.07671489999999], [132.3218242, 43.077014899999995], [132.3218708, 43.07709379999999], [132.32192159999997, 43.0772794], [132.3219322, 43.077350599999995], [132.3219237, 43.077431], [132.3219301, 43.077492899999996], [132.3219195, 43.0775362], [132.32152569999997, 43.07810529999999], [132.32151929999998, 43.07814859999999], [132.3215468, 43.078204299999996], [132.32153619999997, 43.07826459999999], [132.32151299999998, 43.0783234], [132.3211742, 43.078676], [132.3210048, 43.078912599999995], [132.3209772, 43.079096699999994], [132.3207994, 43.0793287], [132.3207676, 43.079347199999994], [132.3206808, 43.0794385], [132.3206617, 43.07949729999999], [132.32056009999997, 43.079603999999996], [132.3204153, 43.0796983], [132.32036619999997, 43.07970819999999], [132.320212, 43.07968960000001], [132.32006119999997, 43.0796389], [132.3199749, 43.07959069999999], [132.319924, 43.0796043], [132.3198698, 43.0796488], [132.31949889999999, 43.079470699999995], [132.31936170000003, 43.07956959999999], [132.31936170000003, 43.0795993], [132.319249, 43.07970199999999], [132.3191897, 43.079675699999996], [132.31916640000003, 43.0796943], [132.3195454, 43.0799386], [132.31870910000004, 43.0806145], [132.3186011, 43.0807197], [132.3185091, 43.080905900000005], [132.3184782, 43.0809686], [132.3184914, 43.081012099999995], [132.3185808, 43.0810676], [132.3186734, 43.0810966], [132.3187958, 43.081111099999994], [132.3188487, 43.08107009999999], [132.3191961, 43.0811498], [132.3194284, 43.08122900000001], [132.31958919999997, 43.08125939999999], [132.32006449999997, 43.0814094], [132.3203127, 43.0814422], [132.3204579, 43.081493], [132.32062649999997, 43.081562], [132.3208483, 43.0816526], [132.32104630000003, 43.081695999999994], [132.321228, 43.0816973], [132.3213685, 43.0816493], [132.3215458, 43.0816203], [132.3218317, 43.0816377], [132.3220196, 43.081627999999995], [132.322119, 43.0816355], [132.32228240000003, 43.0816526], [132.3226634, 43.08174979999999], [132.32294589999998, 43.0818203], [132.3232704, 43.0819234], [132.32363029999996, 43.0820388], [132.3236989, 43.082090699999995], [132.32383419999996, 43.082197], [132.3240233, 43.08230499999999], [132.32413259999998, 43.082374699999995], [132.32446530000004, 43.082550000000005], [132.3249271, 43.0829202], [132.3250722, 43.08307450000001], [132.3252245, 43.08321539999999], [132.32539769999997, 43.08348039999999], [132.3255277, 43.0837643], [132.3255611, 43.0839305], [132.325581, 43.0842883], [132.3255835, 43.0846334], [132.3255921, 43.084760900000006], [132.325557, 43.084947699999994], [132.3253679, 43.085175], [132.3252104, 43.08528199999999], [132.3250653, 43.0853683], [132.3249704, 43.085438399999994], [132.3249119, 43.0857172], [132.32489649999997, 43.08589489999999], [132.3248923, 43.0859984], [132.324897, 43.0861264], [132.3249036, 43.0862398], [132.3249683, 43.0863738], [132.32502969999996, 43.086467], [132.3251563, 43.0865724], [132.3253603, 43.08670419999999], [132.3256639, 43.08690219999999], [132.32616169999997, 43.0871728], [132.3266312, 43.087238], [132.32679739999998, 43.0873505], [132.32699419999997, 43.0874372], [132.3272202, 43.08748959999999], [132.32772319999998, 43.08778939999999], [132.32811, 43.0880634], [132.32848009999998, 43.0883751], [132.3288426, 43.0887494], [132.3290388, 43.088980899999996], [132.32923389999996, 43.08926770000001], [132.3294015, 43.0894353], [132.32955659999996, 43.08970539999999], [132.32973999999996, 43.09005479999999], [132.3298007, 43.09015569999999], [132.329957, 43.0903707], [132.3300547, 43.09055860000001], [132.3300807, 43.0908519], [132.33009529999998, 43.09112379999999], [132.3300645, 43.091402499999994], [132.3300241, 43.091623299999995], [132.32990439999998, 43.0918072], [132.3298031, 43.091964999999995], [132.32969989999998, 43.0920612], [132.3295919, 43.09222930000001], [132.32953, 43.09229299999999], [132.3294678, 43.09234049999999], [132.3294264, 43.0923672], [132.329358, 43.09237999999999], [132.3292738, 43.0923886], [132.3291941, 43.0923875], [132.3291194, 43.0923945], [132.3290389, 43.09243479999999], [132.3290003, 43.0925142], [132.3290012, 43.0930101], [132.3289815, 43.0932511], [132.3289508, 43.0933017], [132.3288971, 43.0933439], [132.3288126, 43.0934048], [132.3286992, 43.0937045], [132.32862839999999, 43.0942091], [132.32861229999997, 43.094308899999994], [132.3285615, 43.09441999999999], [132.3285457, 43.0944476], [132.3285119, 43.0944923], [132.3285023, 43.094502899999995], [132.3283865, 43.0946172], [132.3282656, 43.0947724], [132.3281909, 43.094842899999996], [132.3281569, 43.094851199999994], [132.3281185, 43.0948579], [132.32811579999998, 43.094871299999994], [132.3280756, 43.0949008], [132.32787349999998, 43.09495069999999], [132.3277844, 43.0949919], [132.3277112, 43.0950431], [132.327618, 43.0951032], [132.3275581, 43.0951557], [132.3275132, 43.0952202], [132.32749770000004, 43.09527489999999], [132.327506, 43.0953355], [132.3276322, 43.0955335], [132.3277866, 43.09564019999999], [132.32806510000003, 43.0958097], [132.3282605, 43.0959583], [132.32847799999996, 43.09613989999999], [132.3288287, 43.0964138], [132.32918909999998, 43.0967576], [132.3293549, 43.09689190000001], [132.329462, 43.097003699999995], [132.3295768, 43.09720999999999], [132.3296821, 43.0974872], [132.3297331, 43.0976885], [132.32977919999996, 43.0979259], [132.3298084, 43.0981826], [132.32982179999996, 43.09853999999999], [132.3298453, 43.098738700000006], [132.3299375, 43.09899140000001], [132.3300452, 43.0991846], [132.33014279999998, 43.0993386], [132.3301949, 43.0994257], [132.33022229999997, 43.0994939], [132.3302159, 43.099562], [132.33016439999997, 43.0996058], [132.3300089, 43.0996677], [132.329894, 43.0997667], [132.3299129, 43.099858100000006], [132.32994059999996, 43.099912200000006], [132.32994740000004, 43.099963], [132.3298926, 43.10000709999999], [132.3298163, 43.100037099999994], [132.32976829999998, 43.1000551], [132.3297245, 43.1000661], [132.329615, 43.10009389999999], [132.32954429999998, 43.10013169999999], [132.32949519999997, 43.10018530000001], [132.32949879999998, 43.100282699999994], [132.3295172, 43.1003406], [132.3295344, 43.1004196], [132.32952919999997, 43.1005139], [132.32958159999998, 43.100678499999994], [132.329595, 43.1007579], [132.3296272, 43.101021], [132.329669, 43.10115379999999], [132.32966569999996, 43.1012712], [132.3296773, 43.10143599999999], [132.32968539999996, 43.101586499999996], [132.3297246, 43.10187079999999], [132.3296145, 43.10196749999999], [132.32961979999996, 43.1020624], [132.32962249999997, 43.10219059999999], [132.32960869999997, 43.1023621], [132.3294944, 43.1027376], [132.3294683, 43.10279599999999], [132.3294395, 43.1028738], [132.3294774, 43.1030037], [132.3294758, 43.1030885], [132.3294696, 43.10314609999999], [132.32940439999996, 43.1031996], [132.3293051, 43.1032164], [132.32921759999996, 43.1032112], [132.3291795, 43.103196600000004], [132.329118, 43.10316329999999], [132.32910209999997, 43.1031358], [132.3289692, 43.10306920000001], [132.3289434, 43.103070599999995], [132.32876489999998, 43.1030272], [132.3287054, 43.102995299999996], [132.3286855, 43.1029605], [132.3286895, 43.10290839999999], [132.3284622, 43.102936699999994], [132.32842839999998, 43.10293159999999], [132.3283395, 43.10289689999998], [132.3283103, 43.1028892], [132.3280811, 43.1028902], [132.3280458, 43.10289079999999], [132.3280086, 43.10287819999999], [132.3279027, 43.10280099999999], [132.32785409999997, 43.10275419999999], [132.3277724, 43.10273089999999], [132.3277112, 43.1026974], [132.3276339, 43.10270919999999], [132.3275942, 43.1027168], [132.32754709999998, 43.1027664], [132.3275781, 43.103036700000004], [132.32758289999998, 43.1030866], [132.3275067, 43.1031781], [132.32734999999997, 43.10331939999999], [132.3272103, 43.103546699999995], [132.32722379999998, 43.1035838], [132.3271258, 43.103677499999996], [132.327065, 43.1038107], [132.3269433, 43.1039785], [132.3269197, 43.1040328], [132.32680819999996, 43.10413150000001], [132.3267507, 43.1042277], [132.3267135, 43.104311599999996], [132.3266223, 43.1043486], [132.3266088, 43.1043905], [132.3264533, 43.1043511], [132.32634859999996, 43.1043535], [132.32629789999996, 43.1043733], [132.3263047, 43.1044152], [132.3262134, 43.1045411], [132.3261898, 43.1046274], [132.32611879999996, 43.1046669], [132.3260174, 43.1046792], [132.32596, 43.1047286], [132.32589399999998, 43.104806800000006], [132.32584089999997, 43.104886699999994], [132.32592109999996, 43.105090399999995], [132.3258916, 43.105234499999995], [132.3258614, 43.10532489999999], [132.3257876, 43.1054917], [132.3257306, 43.105660699999994], [132.3255791, 43.1058065], [132.3255389, 43.1059402], [132.32547799999998, 43.10602999999999], [132.3253881, 43.1061727], [132.3253103, 43.10633610000001], [132.3253294, 43.1066603], [132.3253912, 43.10689810000001], [132.3254221, 43.1069841], [132.3254457, 43.10709130000001], [132.3254188, 43.1072545], [132.32530799999998, 43.10753679999999], [132.3251851, 43.10779], [132.32507919999998, 43.1079261], [132.3249324, 43.1080945], [132.32483759999997, 43.1081904], [132.3246604, 43.10834799999999], [132.3244901, 43.10843669999999], [132.3242455, 43.1085909], [132.3241621, 43.10865460000001], [132.3239896, 43.10873269999999], [132.3237971, 43.1088169], [132.32357429999996, 43.1089977], [132.3232833, 43.1091977], [132.32293229999996, 43.109408699999996], [132.322888, 43.1095754], [132.3227444, 43.1096247], [132.32247829999997, 43.10967099999999], [132.322398, 43.109686399999994], [132.3220357, 43.1098359], [132.3219257, 43.1099119], [132.3217681, 43.1100205], [132.3216714, 43.1101243], [132.321547, 43.11020499999999], [132.3214938, 43.110296299999995], [132.3214657, 43.110365], [132.3215097, 43.1105009], [132.32151269999997, 43.1106184], [132.3214778, 43.11077279999999], [132.32097419999997, 43.1120056], [132.32072339999996, 43.11254519999999], [132.3205716, 43.1128247], [132.32025869999998, 43.1131648], [132.31999249999998, 43.1134661], [132.3197153, 43.1138782], [132.3192656, 43.1143911], [132.3190068, 43.1147323], [132.3187346, 43.1150468], [132.3185954, 43.1152514], [132.3184423, 43.115527699999994], [132.31834389999997, 43.1157146], [132.3181081, 43.1161126], [132.3178497, 43.11659709999999], [132.31764580000004, 43.116871499999995], [132.3170457, 43.1177228], [132.3169038, 43.117836399999995], [132.3167541, 43.1179595], [132.316668, 43.1180342], [132.31662439999997, 43.11813589999999], [132.3166811, 43.1182293], [132.3167887, 43.1183281], [132.316849, 43.1183887], [132.31701749999996, 43.118512100000004], [132.3172478, 43.1186938], [132.31777989999998, 43.11898529999999], [132.3180109, 43.1191819], [132.3181799, 43.11933239999999], [132.3182481, 43.1194971], [132.3184352, 43.1197231], [132.3186597, 43.11998129999999], [132.3187727, 43.12017289999999], [132.318916, 43.120550400000006], [132.319077, 43.12071929999999], [132.3190506, 43.121251699999995], [132.3190908, 43.12159739999999], [132.3191456, 43.1217592], [132.3192593, 43.1218723], [132.3192835, 43.121937599999995], [132.3192686, 43.12199480000001], [132.31923009999997, 43.12203689999999], [132.31928019999998, 43.1221605], [132.31934560000002, 43.1221914], [132.31943789999997, 43.12218579999999], [132.3196803, 43.122039699999995], [132.3197765, 43.12202849999999], [132.31989959999999, 43.122039699999995], [132.3201497, 43.1220931], [132.3203036, 43.12210149999999], [132.3205806, 43.122084699999995], [132.32074629999997, 43.1220916], [132.3208961, 43.12211839999999], [132.3211732, 43.1222391], [132.3214579, 43.1223486], [132.32152709999997, 43.12241039999999], [132.3217368, 43.1227883], [132.3218107, 43.1230287], [132.3218876, 43.123098299999995], [132.3219229, 43.12315110000001], [132.3219471, 43.1232106], [132.32205079999997, 43.1234129], [132.32205999999996, 43.1235656], [132.3220877, 43.123650999999995], [132.3221369, 43.1237341], [132.32219849999998, 43.12377229999999], [132.32239859999999, 43.124174499999995], [132.322454, 43.1242327], [132.3224909, 43.1243025], [132.32292489999998, 43.12511349999999], [132.3231004, 43.125454999999995], [132.32318349999997, 43.1255741], [132.32321729999998, 43.125675199999996], [132.3233774, 43.1259807], [132.32342669999997, 43.126023399999994], [132.323479, 43.126023399999994], [132.3235881, 43.1262162], [132.3237271, 43.1261917], [132.32368179999997, 43.126070299999995], [132.3237257, 43.1260465], [132.3236847, 43.1259792], [132.3236014, 43.1259649], [132.3234826, 43.125744999999995], [132.32343839999996, 43.12565690000001], [132.3234075, 43.12560210000001], [132.32339499999998, 43.12555040000001], [132.32339099999996, 43.1254718], [132.32338969999998, 43.125409899999994], [132.3233829, 43.12537149999999], [132.3233683, 43.1253339], [132.3232989, 43.1252918], [132.32324799999998, 43.1252347], [132.3231739, 43.12515079999999], [132.32313469999997, 43.12511709999999], [132.3229917, 43.124866], [132.32285789999997, 43.124582999999994], [132.3228527, 43.12454189999999], [132.3228697, 43.1244911], [132.32287939999998, 43.1244363], [132.32286559999997, 43.1244076], [132.3228124, 43.1243817], [132.32272969999997, 43.12431409999999], [132.3226647, 43.1242207], [132.3224775, 43.1237749], [132.3224736, 43.1236427], [132.32240269999997, 43.12349739999999], [132.3223534, 43.12347009999999], [132.3222963, 43.1233465], [132.32226459999998, 43.123265399999994], [132.3222108, 43.1231624], [132.3222184, 43.123115000000006], [132.32229499999997, 43.12304300000001], [132.32232189999996, 43.122964], [132.32240659999997, 43.1228878], [132.32290370000004, 43.12236240000001], [132.323016, 43.122209999999995], [132.3231066, 43.1220418], [132.32318539999997, 43.121925299999994], [132.3232878, 43.1218017], [132.32334489999997, 43.12169089999999], [132.3234848, 43.12132570000001], [132.3235203, 43.121180499999994], [132.32358129999997, 43.121075499999996], [132.3236069, 43.12091019999999], [132.32365819999998, 43.1206643], [132.3237173, 43.1205104], [132.32376259999998, 43.1203968], [132.3238256, 43.12029619999999], [132.32385909999996, 43.12014380000001], [132.3238512, 43.1198461], [132.3238827, 43.11966639999999], [132.3239103, 43.1195312], [132.3239418, 43.11948949999999], [132.32402059999998, 43.119421900000006], [132.32410729999998, 43.1193802], [132.32420379999996, 43.1193443], [132.3242846, 43.11933279999999], [132.32434569999998, 43.1193357], [132.3244186, 43.11935580000001], [132.3246133, 43.11937499999999], [132.3248869, 43.1194383], [132.3250129, 43.1195073], [132.325076, 43.1195131], [132.3253124, 43.11948149999999], [132.3255232, 43.1195045], [132.3257635, 43.1195347], [132.3258797, 43.11956049999999], [132.3260019, 43.119613699999995], [132.32606489999998, 43.119620899999994], [132.3262402, 43.1195936], [132.326321, 43.119595100000005], [132.3265042, 43.119613699999995], [132.32654159999998, 43.1196425], [132.3266539, 43.119652599999995], [132.326782, 43.1196626], [132.3268647, 43.1197202], [132.326979, 43.119746000000006], [132.3270519, 43.1197331], [132.3271228, 43.119786299999994], [132.3276251, 43.120252199999996], [132.3276842, 43.1202608], [132.3277413, 43.1202479], [132.3278595, 43.1201717], [132.32793439999998, 43.120227699999994], [132.3280546, 43.120164499999994], [132.3279836, 43.120089699999994], [132.32799549999996, 43.1200509], [132.3279462, 43.11998330000001], [132.3279873, 43.1199629], [132.327952, 43.1199253], [132.3279187, 43.11994219999999], [132.3277684, 43.119811199999994], [132.32780879999999, 43.119786899999994], [132.32776939999997, 43.119750800000006], [132.3277291, 43.11977509999999], [132.32760099999996, 43.119644099999995], [132.3276353, 43.1196227], [132.32756169999996, 43.11955499999999], [132.3275193, 43.119578499999996], [132.3274477, 43.1195572], [132.3273993, 43.1195543], [132.3272429, 43.1195734], [132.3270829, 43.11954099999999], [132.3268662, 43.119536599999996], [132.326748, 43.11952229999999], [132.3266062, 43.1195179], [132.3277616, 43.11874689999999], [132.3298605, 43.1178231], [132.3305784, 43.1173543], [132.3302794, 43.11685059999999], [132.3303093, 43.11684369999999], [132.3303503, 43.116870199999994], [132.330407, 43.11685289999999], [132.3305284, 43.1168874], [132.33059769999997, 43.11687820000001], [132.3307695, 43.11681149999999], [132.3308719, 43.11680569999999], [132.3311115, 43.116707999999996], [132.3312407, 43.1166861], [132.33135259999997, 43.116613599999994], [132.33153229999996, 43.1164767], [132.3316536, 43.11635819999999], [132.3319562, 43.1159475], [132.33203499999996, 43.115879699999994], [132.3321138, 43.115844], [132.332221, 43.1158175], [132.3322982, 43.11576809999999], [132.33234699999997, 43.1157738], [132.3324227, 43.1157117], [132.3325094, 43.1157428], [132.332596, 43.11573469999999], [132.33275359999996, 43.1157727], [132.3328781, 43.1157658], [132.33297429999996, 43.1157393], [132.3331334, 43.1156668], [132.3331716, 43.1156581], [132.3332217, 43.11565989999999], [132.3334802, 43.11572089999999], [132.3337134, 43.11575429999999], [132.3340396, 43.115829], [132.33418779999997, 43.1158774], [132.3343296, 43.115936000000005], [132.33452689999996, 43.116029999999995], [132.3345238, 43.1160668], [132.3345411, 43.1160921], [132.334508, 43.11610249999999], [132.3344954, 43.1161439], [132.33467029999997, 43.11632449999999], [132.3351379, 43.1166662], [132.33523399999999, 43.1167491], [132.33528599999997, 43.116830799999995], [132.335316, 43.1168549], [132.3353097, 43.11688139999999], [132.33536329999998, 43.1169331], [132.33555080000002, 43.1170401], [132.3355666, 43.1170677], [132.33565169999997, 43.117124100000005], [132.33583829999998, 43.117103], [132.33586739999998, 43.1172318], [132.3357895, 43.11733149999999], [132.3357224, 43.1173109], [132.33513999999997, 43.11708879999999], [132.33473180000001, 43.117656499999995], [132.335316, 43.1178786], [132.33535019999997, 43.1178936], [132.33441399999998, 43.11909459999999], [132.3346125, 43.1191778], [132.3360001, 43.1174306], [132.3368638, 43.118316400000005], [132.3357902, 43.11972699999999], [132.3385991, 43.12240049999999], [132.3382054, 43.1226309], [132.3386019, 43.12300659999999], [132.3400129, 43.12221029999999], [132.3400744, 43.12226789999999], [132.34016059999996, 43.12222109999999], [132.34073679999997, 43.12276030000001], [132.3383236, 43.1240993], [132.3399346, 43.1254033], [132.3397257, 43.12547910000001], [132.339659, 43.1253858], [132.3392848, 43.125525399999994], [132.3393287, 43.1255899], [132.3385902, 43.12586149999999], [132.3384664, 43.12567670000001], [132.3383783, 43.12570879999999], [132.33857529999997, 43.12599509999999], [132.33976999999996, 43.1255618], [132.3397597, 43.1255467], [132.33997829999998, 43.1254674], [132.3400777, 43.125562], [132.3412702, 43.126703899999995], [132.3427213, 43.12830399999999], [132.3426295, 43.128357], [132.3425538, 43.1282893], [132.3419184, 43.12867529999999], [132.3420414, 43.12878], [132.34210279999996, 43.128743199999995], [132.3421391, 43.12877189999999], [132.3420209, 43.128844400000006], [132.3419925, 43.1288754], [132.3419689, 43.1288639], [132.3418869, 43.1289076], [132.3418444, 43.1289628], [132.34184909999996, 43.1290065], [132.34187429999997, 43.1290457], [132.3419421, 43.1290928], [132.3419279, 43.1291112], [132.3420004, 43.1291837], [132.3420587, 43.1291906], [132.34214219999998, 43.129280300000005], [132.3421879, 43.1292929], [132.3422667, 43.1292987], [132.3423282, 43.129283699999995], [132.3424038, 43.12925039999999], [132.34244159999997, 43.12921130000001], [132.3425094, 43.1291906], [132.34257399999998, 43.1290871], [132.3426843, 43.1290687], [132.34273789999997, 43.1290434], [132.3428392, 43.1289555], [132.3429634, 43.12886770000001], [132.3430556, 43.128784399999994], [132.34329, 43.1286265], [132.3433702, 43.128549], [132.3433682, 43.1285226], [132.3434303, 43.12841], [132.3434503, 43.1283501], [132.3435385, 43.1282287], [132.34363669999996, 43.128127799999994], [132.3436306, 43.1280781], [132.3436578, 43.1280489], [132.3436747, 43.1280479], [132.3437489, 43.128078800000004], [132.34370530000004, 43.128161199999994], [132.3436796, 43.128234199999994], [132.34359369999999, 43.1283193], [132.3435604, 43.1283792], [132.3435155, 43.12841949999999], [132.3434296, 43.1285458], [132.343418, 43.128591699999994], [132.3433129, 43.128729199999995], [132.34332059999997, 43.12877509999999], [132.34327439999998, 43.1287798], [132.3432372, 43.12879569999999], [132.3431564, 43.1288687], [132.3430936, 43.12889859999999], [132.3429859, 43.128974400000004], [132.3428974, 43.129052099999996], [132.342866, 43.1290974], [132.34280929999997, 43.129272199999996], [132.34279549999997, 43.12961729999999], [132.3427709, 43.1297072], [132.3426453, 43.129919199999996], [132.3425099, 43.13003429999999], [132.3420051, 43.13043859999999], [132.34171689999997, 43.1305968], [132.3414141, 43.1307387], [132.3409585, 43.130931], [132.340727, 43.1310101], [132.3406086, 43.1310466], [132.3404662, 43.131076199999995], [132.3402682, 43.1311044], [132.34012519999996, 43.1311166], [132.33927619999997, 43.1311391], [132.33913829999997, 43.13113479999999], [132.33902009999997, 43.1311075], [132.33882739999999, 43.13102839999999], [132.33861419999997, 43.1310296], [132.3369293, 43.130668699999994], [132.3367225, 43.1306094], [132.3365181, 43.13056989999999], [132.33639249999996, 43.1305304], [132.3359862, 43.1303489], [132.3357227, 43.13023919999999], [132.3356513, 43.130183499999994], [132.33549619999997, 43.13012419999999], [132.3354198, 43.1300811], [132.335346, 43.1300164], [132.3352696, 43.1299212], [132.33525489999997, 43.12988159999999], [132.335213, 43.1298421], [132.3352, 43.1297952], [132.33517609999998, 43.12973959999999], [132.33497409999998, 43.1295923], [132.3348879, 43.12950779999999], [132.3347968, 43.12945750000001], [132.3346319, 43.129443099999996], [132.334489, 43.12945750000001], [132.33440279999996, 43.129450299999995], [132.3343265, 43.12942159999999], [132.3342699, 43.1293515], [132.3339498, 43.129134], [132.333898, 43.129130399999994], [132.33383649999996, 43.12907289999999], [132.3336026, 43.12889319999999], [132.3335238, 43.1288375], [132.3334376, 43.128806899999994], [132.3333735, 43.12873499999999], [132.3332603, 43.12866139999999], [132.3331002, 43.1285823], [132.333014, 43.1285104], [132.33293029999996, 43.1284691], [132.3327505, 43.12842049999999], [132.3325659, 43.1283954], [132.3324846, 43.12835940000001], [132.3323763, 43.12829469999999], [132.33208319999997, 43.1280342], [132.3320709, 43.12797129999999], [132.3321054, 43.1279137], [132.3322778, 43.1277664], [132.332753, 43.1274806], [132.3328269, 43.127466299999995], [132.333179, 43.1272182], [132.33322579999998, 43.12714989999999], [132.33323809999996, 43.1270835], [132.3331962, 43.12698819999999], [132.3330731, 43.12682289999999], [132.3330731, 43.126772499999994], [132.3329352, 43.12661799999999], [132.3322113, 43.12592779999999], [132.3289239, 43.1277536], [132.32883879999997, 43.12769149999999], [132.3287332, 43.1276903], [132.32852989999998, 43.12756379999999], [132.32851409999998, 43.12754079999999], [132.3286229, 43.1274591], [132.3274409, 43.12660110000001], [132.32736049999997, 43.12666320000001], [132.3273401, 43.126695399999996], [132.3272408, 43.1267506], [132.3271793, 43.1267541], [132.32711629999997, 43.12674030000001], [132.3270658, 43.1267115], [132.3270564, 43.1266712], [132.3266435, 43.1264366], [132.3266577, 43.1263929], [132.3264449, 43.126270999999996], [132.3263488, 43.12636299999999], [132.32657099999997, 43.1264895], [132.32664659999998, 43.12656539999999], [132.3270531, 43.1268698], [132.3273683, 43.127071099999995], [132.3276195, 43.1272346], [132.3276023, 43.127272399999995], [132.3276244, 43.1273263], [132.32766139999998, 43.1273658], [132.327718, 43.1273892], [132.32784109999997, 43.1273964], [132.3279273, 43.1274359], [132.3288187, 43.1280739], [132.3290748, 43.1282321], [132.32926189999998, 43.12834169999999], [132.32931119999998, 43.12838479999999], [132.3294885, 43.12846389999999], [132.32996369999998, 43.1288018], [132.33014839999998, 43.1289114], [132.3301829, 43.1288916], [132.3302371, 43.12893290000001], [132.3302445, 43.1289707], [132.33033560000004, 43.1290174], [132.33038729999998, 43.1290839], [132.3313772, 43.12977219999999], [132.3317318, 43.1300148], [132.3317983, 43.130066899999996], [132.33181059999998, 43.1301999], [132.3319042, 43.1302862], [132.33188199999998, 43.1303221], [132.3319485, 43.130433499999995], [132.33205439999998, 43.13072650000001], [132.3321085, 43.1307516], [132.33221439999997, 43.130925899999994], [132.33221439999997, 43.13100860000001], [132.3322563, 43.1310697], [132.332441, 43.1311452], [132.3325124, 43.1312207], [132.3325715, 43.1312314], [132.3326946, 43.131235], [132.332798, 43.1312566], [132.3329482, 43.1313357], [132.3330196, 43.1314058], [132.33304669999998, 43.1314651], [132.3330664, 43.131603399999996], [132.3330886, 43.1317634], [132.3330617, 43.1320585], [132.3330155, 43.13221269999999], [132.3330089, 43.13230900000001], [132.33290820000002, 43.1325249], [132.3327984, 43.1326389], [132.3326167, 43.132904], [132.33247729999997, 43.1330273], [132.332283, 43.13314139999999], [132.3321267, 43.13318759999999], [132.3319155, 43.1332739], [132.3317085, 43.133317100000006], [132.33128609999997, 43.133425], [132.33108759999996, 43.133425], [132.33102, 43.13340960000001], [132.3309862, 43.1333726], [132.3310031, 43.1333109], [132.33088229999998, 43.13327019999999], [132.3308316, 43.133193799999994], [132.3306322, 43.133203699999996], [132.3305444, 43.133117299999995], [132.3304295, 43.1330877], [132.33030439999996, 43.133090200000005], [132.3302774, 43.1330458], [132.3300983, 43.1330286], [132.3300138, 43.13302610000001], [132.32992929999998, 43.1330458], [132.3298719, 43.133018699999994], [132.3297536, 43.133036], [132.32968599999998, 43.1330064], [132.3295542, 43.13299399999999], [132.3294427, 43.13299159999999], [132.3293592, 43.13302959999999], [132.3293223, 43.13323990000001], [132.3292175, 43.1333188], [132.3285755, 43.1335481], [132.3283964, 43.1335826], [132.3281463, 43.1336073], [132.3280179, 43.13360479999999], [132.3278455, 43.13354319999999], [132.32779479999996, 43.1335358], [132.3277881, 43.1334396], [132.3277273, 43.13341249999999], [132.3276495, 43.13341739999999], [132.32758869999998, 43.133387799999994], [132.3275482, 43.1333928], [132.32738929999996, 43.13352350000001], [132.3273792, 43.133617199999996], [132.3271359, 43.13377249999999], [132.3270615, 43.13384159999999], [132.326923, 43.1338194], [132.32684529999997, 43.13384649999999], [132.32678439999998, 43.133843999999996], [132.3266763, 43.133843999999996], [132.3266562, 43.13385799999999], [132.3266562, 43.1339069], [132.3265826, 43.13396689999999], [132.32651339999998, 43.13398899999999], [132.32647450000002, 43.1340616], [132.32637499999998, 43.13409], [132.32642689999997, 43.1341531], [132.3262106, 43.1342636], [132.3261652, 43.1342636], [132.3261436, 43.13428880000001], [132.326292, 43.13440059999999], [132.32631569999998, 43.13449930000001], [132.3263698, 43.134553499999996], [132.3264644, 43.134556], [132.32659279999996, 43.1345732], [132.3271538, 43.134780400000004], [132.3271943, 43.13484699999999], [132.3271977, 43.13492829999999], [132.3272788, 43.134997399999996], [132.3273869, 43.135026999999994], [132.3274376, 43.134982599999994], [132.3274376, 43.1349481], [132.3276167, 43.1348889], [132.3276877, 43.134903699999995], [132.3277722, 43.1348741], [132.3278127, 43.1348075], [132.3279749, 43.1347311], [132.3281637, 43.1346878], [132.3283558, 43.134708700000004], [132.3285863, 43.13474889999999], [132.3287755, 43.1347664], [132.3289543, 43.13473379999999], [132.32909879999997, 43.134603299999995], [132.3292639, 43.13457559999999], [132.3295736, 43.1346133], [132.32996229999998, 43.134671], [132.3301687, 43.1346735], [132.3303785, 43.13474130000001], [132.3307191, 43.134897], [132.3309048, 43.13498479999999], [132.33105279999998, 43.135090299999995], [132.3311422, 43.13510279999999], [132.331266, 43.1350852], [132.3315172, 43.134957199999995], [132.3315722, 43.13490449999999], [132.3316892, 43.1348643], [132.3318164, 43.1348719], [132.3319472, 43.13490699999999], [132.3324253, 43.1351455], [132.3327315, 43.13527349999999], [132.3332475, 43.135479399999994], [132.3335846, 43.13565510000001], [132.333846, 43.1358183], [132.33408689999996, 43.13600399999999], [132.3342864, 43.1361873], [132.3344618, 43.1363931], [132.334596, 43.1365939], [132.33475079999997, 43.1368575], [132.33486429999996, 43.13709599999999], [132.3349297, 43.1372918], [132.3349641, 43.13746749999999], [132.3349744, 43.1376156], [132.33496059999996, 43.1377411], [132.3349193, 43.1378993], [132.33487459999998, 43.1381176], [132.334854, 43.13835859999999], [132.3347749, 43.138439], [132.3347577, 43.1385845], [132.33480580000003, 43.1386699], [132.33486769999996, 43.1387402], [132.3348024, 43.138800399999994], [132.33475079999997, 43.1388833], [132.3347095, 43.13904389999999], [132.33480580000003, 43.13932249999999], [132.33474729999998, 43.13967400000001], [132.33475079999997, 43.139827100000005], [132.3347886, 43.139972699999994], [132.33486769999996, 43.140095699999996], [132.3350157, 43.1402136], [132.3352496, 43.14034159999999], [132.3354285, 43.14040940000001], [132.33566239999996, 43.1404546], [132.3358653, 43.140482199999994], [132.3361612, 43.14056], [132.3366015, 43.1406303], [132.336801, 43.1406931], [132.336973, 43.1407182], [132.3372792, 43.14073069999999], [132.3374168, 43.1407608], [132.338177, 43.14096159999999], [132.3384901, 43.1410871], [132.33880999999997, 43.141267899999995], [132.339154, 43.1414436], [132.33942230000002, 43.14159419999999], [132.33967, 43.14177240000001], [132.339842, 43.141928], [132.3400725, 43.142184], [132.34015850000003, 43.142309499999996], [132.34023069999998, 43.142480199999994], [132.34029609999996, 43.14272619999999], [132.34038549999997, 43.143070099999996], [132.3404578, 43.1432583], [132.3404646, 43.1433637], [132.3404908, 43.14345509999999], [132.3405369, 43.14359220000001], [132.34056099999998, 43.143750299999994], [132.3405575, 43.143933499999996], [132.34054719999997, 43.1440942], [132.3405678, 43.144284899999995], [132.3405839, 43.1445629], [132.3406057, 43.14493999999999], [132.3406332, 43.145078], [132.3406332, 43.14525629999999], [132.340499, 43.1459289], [132.34038899999996, 43.14641830000001], [132.3403098, 43.146699399999996], [132.3401894, 43.146970499999995], [132.34017220000004, 43.147080900000006], [132.3399177, 43.147655699999994], [132.33973189999998, 43.1479769], [132.33943949999997, 43.148509], [132.33922969999998, 43.1488378], [132.33902669999998, 43.1491088], [132.338693, 43.149505399999995], [132.33827339999996, 43.1499647], [132.3379569, 43.1502759], [132.337575, 43.150607199999996], [132.3373514, 43.15079539999999], [132.3372482, 43.150863099999995], [132.337176, 43.1508882], [132.3370693, 43.150900799999995], [132.3369489, 43.150885699999996], [132.3368113, 43.1509058], [132.336746, 43.150898299999994], [132.33652239999998, 43.15091329999999], [132.3363469, 43.1509685], [132.33598919999997, 43.15095850000001], [132.33583439999998, 43.15090829999999], [132.33540089999997, 43.150838], [132.3351773, 43.1507402], [132.3350088, 43.15073259999999], [132.3349056, 43.15078780000001], [132.33479549999998, 43.1507377], [132.3344171, 43.1506021], [132.3342623, 43.1505971], [132.3342141, 43.1506197], [132.3341006, 43.1506824], [132.3336534, 43.1508029], [132.33353299999996, 43.1508104], [132.3334298, 43.15078780000001], [132.3332578, 43.150782799999995], [132.3331856, 43.1507126], [132.333158, 43.15064979999999], [132.3330789, 43.1505996], [132.33287249999998, 43.1505218], [132.3328037, 43.150444], [132.33277569999998, 43.150444], [132.3327713, 43.15050829999999], [132.3327228, 43.1505275], [132.3327646, 43.15059020000001], [132.33279329999996, 43.15067689999999], [132.3328373, 43.1507203], [132.3329958, 43.1508086], [132.3330266, 43.1508889], [132.3331763, 43.1510078], [132.3332864, 43.15103349999999], [132.3334295, 43.151123399999996], [132.33357259999997, 43.1512535], [132.33366069999997, 43.1513644], [132.33372449999996, 43.1514848], [132.33376639999997, 43.15160850000001], [132.3337972, 43.15176749999999], [132.33380379999997, 43.1519265], [132.33381039999998, 43.1520807], [132.333784, 43.15228309999999], [132.3337219, 43.152520599999995], [132.33365309999996, 43.15264919999999], [132.333537, 43.152818599999996], [132.33340369999996, 43.152988], [132.3332059, 43.153129199999995], [132.3329591, 43.15326219999999], [132.33290129999997, 43.15330839999999], [132.3328435, 43.1533264], [132.3323757, 43.1536135], [132.3321665, 43.15376409999999], [132.3318225, 43.15401909999999], [132.3316712, 43.1541094], [132.33152809999999, 43.154173699999994], [132.3313464, 43.1542259], [132.33097219999996, 43.15430219999999], [132.330785, 43.1543664], [132.33051259999996, 43.1544306], [132.3303475, 43.1544668], [132.3301658, 43.154520999999995], [132.3296815, 43.1546113], [132.3293209, 43.1546495], [132.3291311, 43.1546936], [132.3288449, 43.15478199999999], [132.3287595, 43.154832199999994], [132.32864669999998, 43.15493459999999], [132.32818709999998, 43.1549105], [132.3281403, 43.1548583], [132.32806329999997, 43.154846199999994], [132.328022, 43.15481410000001], [132.3279587, 43.154792], [132.3277908, 43.154785999999994], [132.3277385, 43.154812099999994], [132.3276615, 43.1547218], [132.32762019999998, 43.15465749999999], [132.3274661, 43.154512999999994], [132.3274055, 43.154517], [132.3273037, 43.154573199999994], [132.3273147, 43.1546234], [132.32734779999998, 43.1546334], [132.3273505, 43.15469159999999], [132.3273175, 43.1547579], [132.3273257, 43.15481009999999], [132.3272322, 43.15487629999999], [132.3271441, 43.15502289999999], [132.3271193, 43.1551173], [132.32711109999997, 43.1552136], [132.3271331, 43.1552779], [132.3271964, 43.155306], [132.3274166, 43.15546659999999], [132.32771929999998, 43.1556031], [132.3279552, 43.155653900000004], [132.32827709999998, 43.155792000000005], [132.3285093, 43.156107399999996], [132.328725, 43.156651], [132.32895509999997, 43.15708849999999], [132.3290141, 43.15739880000001], [132.3290544, 43.1576051], [132.3290404, 43.15780779999999], [132.32905059999996, 43.1581995], [132.3289331, 43.158668299999995], [132.32893079999997, 43.159352], [132.3288311, 43.159696], [132.32871319999998, 43.16000869999999], [132.3285348, 43.16047509999999], [132.32837559999996, 43.160980099999996], [132.3282969, 43.1611535], [132.3280688, 43.1615669], [132.32780710000003, 43.1618862], [132.3274777, 43.1621141], [132.3271347, 43.1622627], [132.3268423, 43.1623933], [132.3265482, 43.162448], [132.3262909, 43.1624871], [132.3259081, 43.1625962], [132.3253626, 43.162848499999996], [132.3251174, 43.162865399999994], [132.3249683, 43.162841099999994], [132.3247596, 43.162901000000005], [132.3244667, 43.16301599999999], [132.32394909999996, 43.1631987], [132.32355049999998, 43.163371299999994], [132.3229159, 43.1634855], [132.32249799999997, 43.1635924], [132.32189180000003, 43.16368979999999], [132.321519, 43.1636824], [132.3212454, 43.16366039999999], [132.3209267, 43.16351679999999], [132.32085539999997, 43.1634433], [132.32069069999997, 43.1635028], [132.32044879999998, 43.163531299999995], [132.32024919999998, 43.16351180000001], [132.3199772, 43.1635235], [132.3197546, 43.163518], [132.31956949999997, 43.1634969], [132.3193727, 43.1634953], [132.31927129999997, 43.1633142], [132.3192498, 43.1630117], [132.3191618, 43.1628043], [132.31873479999996, 43.1628497], [132.3184457, 43.16298160000001], [132.31818549999997, 43.163013299999996], [132.3179414, 43.16302580000001], [132.31787579999997, 43.163096399999986], [132.31779979999996, 43.163177999999995], [132.31767, 43.16324569999999], [132.3174147, 43.1632285], [132.3175016, 43.16349879999999], [132.31716149999997, 43.1637117], [132.316743, 43.1639171], [132.3162672, 43.1641785], [132.3158381, 43.164427], [132.3153649, 43.16474899999999], [132.31492069999996, 43.1650233], [132.31449159999997, 43.165233], [132.3140034, 43.1655417], [132.3138173, 43.165805799999994], [132.3136773, 43.1660507], [132.3136649, 43.166253399999995], [132.3135366, 43.166430399999996], [132.31343049999998, 43.16651499999999], [132.3134976, 43.16679], [132.31357079999998, 43.1667529], [132.313746, 43.166664], [132.314166, 43.16655459999999], [132.3147979, 43.1664763], [132.3151654, 43.16658639999999], [132.3155076, 43.1667973], [132.3159191, 43.1669174], [132.3166658, 43.1671036], [132.31701819999998, 43.1671924], [132.317287, 43.1673321], [132.3176121, 43.1675328], [132.3180026, 43.16783289999999], [132.31828639999998, 43.1680563], [132.3190063, 43.168059899999996], [132.31967199999997, 43.16820619999999], [132.32013819999997, 43.1684765], [132.3206848, 43.16869839999999], [132.32138749999996, 43.1690446], [132.3218457, 43.16937639999999], [132.3222174, 43.16980399999999], [132.32247809999998, 43.1700904], [132.3227394, 43.17033969999999], [132.3229781, 43.17062919999999], [132.32304839999998, 43.1708698], [132.32283649999997, 43.170975399999996], [132.3233273, 43.17107909999999], [132.3238541, 43.171216], [132.32431869999996, 43.1713721], [132.3246754, 43.17158419999999], [132.3251775, 43.1714332], [132.3257107, 43.1713267], [132.32640889999996, 43.1712849], [132.3265159, 43.17106739999999], [132.3266903, 43.1708252], [132.3271205, 43.1705486], [132.3276339, 43.17043360000001], [132.3283538, 43.1703921], [132.329123, 43.170362], [132.329667, 43.170300499999996], [132.33007739999996, 43.1702469], [132.3304352, 43.170235999999996], [132.33068520000003, 43.1699656], [132.33144959999998, 43.1698678], [132.3322387, 43.1699292], [132.33274030000004, 43.1699641], [132.3329972, 43.170133899999996], [132.33337489999997, 43.1702117], [132.33365489999997, 43.17033769999999], [132.3339505, 43.1703666], [132.33410499999997, 43.17049970000001], [132.3344419, 43.1702023], [132.33500939999996, 43.17033969999999], [132.33573469999996, 43.1703678], [132.3364154, 43.17023090000001], [132.337013, 43.17008259999999], [132.33736759999996, 43.16986119999999], [132.33783539999996, 43.1695716], [132.33818509999998, 43.1693451], [132.3386261, 43.169223], [132.33937339999997, 43.1691702], [132.3401002, 43.1691346], [132.3409838, 43.16929929999999], [132.3418995, 43.1694261], [132.342913, 43.16955959999999], [132.3437904, 43.169878], [132.34452479999996, 43.1699598], [132.3454201, 43.17049459999999], [132.3459818, 43.17106379999999], [132.3466958, 43.171482499999996], [132.34732609999998, 43.1716315], [132.3478513, 43.171737099999994], [132.3484033, 43.1717786], [132.349069, 43.1718334], [132.3494799, 43.1719476], [132.3498436, 43.1719539], [132.3501693, 43.1717982], [132.35042249999998, 43.1716061], [132.35077759999996, 43.1715556], [132.3512067, 43.1713905], [132.35191749999998, 43.1707199], [132.3528981, 43.17008849999999], [132.3537897, 43.1697739], [132.35370229999998, 43.169642499999995], [132.3537822, 43.1693025], [132.3539276, 43.1690309], [132.354309, 43.16881969999999], [132.3543599, 43.1684769], [132.35451709999998, 43.1680485], [132.3547617, 43.167648299999996], [132.35535719999996, 43.167337999999994], [132.3559623, 43.1673075], [132.3560433, 43.1671862], [132.3570985, 43.167144699999994], [132.3584514, 43.1671823], [132.360073, 43.167590399999995], [132.36153699999997, 43.1682797], [132.36273219999998, 43.1690716], [132.3632515, 43.169599], [132.3639129, 43.16997580000001], [132.364651, 43.1705185], [132.3649911, 43.1709699], [132.3652004, 43.1713655], [132.36553669999998, 43.171869], [132.36588569999998, 43.172405700000006], [132.3668703, 43.17296009999999], [132.367285, 43.173430399999994], [132.3674695, 43.1739961], [132.36725009999998, 43.174246800000006], [132.3670151, 43.17469789999999], [132.36709939999997, 43.175149], [132.3671932, 43.1755734], [132.3674598, 43.17613910000001], [132.3677404, 43.1762885], [132.3682071, 43.1762596], [132.3685928, 43.17626039999999], [132.36896139999996, 43.1765064], [132.3691405, 43.17688359999999], [132.3693921, 43.177167999999995], [132.3696719, 43.1772558], [132.3725858, 43.1781702], [132.3755041, 43.1791717], [132.3794523, 43.18092409999999], [132.3816839, 43.1824262], [132.3843385, 43.183815], [132.388445, 43.1881578], [132.3898901, 43.1893736], [132.3900376, 43.18949769999999], [132.3885917, 43.1913909], [132.3889674, 43.1927905], [132.3891129, 43.192914300000005], [132.3894164, 43.1945903], [132.3940339, 43.1863142], [132.4092691, 43.1822802], [132.3950952, 43.160825499999994], [132.4066544, 43.156854100000004], [132.412873, 43.153723799999995], [132.42161759999996, 43.145611099999996], [132.42463749999996, 43.1364688], [132.41014459999997, 43.135331699999995], [132.4084452, 43.13360699999999], [132.4048591, 43.123009399999994], [132.4040193, 43.1215921], [132.400322, 43.1164998], [132.39858900000002, 43.11469509999999], [132.3963416, 43.1127543], [132.39259629999998, 43.10628289999999], [132.3923243, 43.1052805], [132.39176800000004, 43.0946216], [132.3915205, 43.093524099999996], [132.3911923, 43.092730599999996], [132.3901735, 43.091118699999996], [132.38853219999996, 43.08882069999999], [132.3879776, 43.0878618], [132.3877512, 43.08714259999999], [132.3875814, 43.0862746], [132.3875588, 43.08564629999999], [132.3875701, 43.0849023], [132.3883851, 43.07940459999999], [132.3885662, 43.0787845], [132.38874729999998, 43.0783794], [132.3890982, 43.07789979999999], [132.3895396, 43.07750300000001], [132.390083, 43.0771392], [132.3906942, 43.07683329999999], [132.3916677, 43.076453], [132.39975179999996, 43.0735774], [132.42648239999997, 43.0674608], [132.4348913, 43.04934709999999], [132.43516189999997, 43.049284199999995], [132.4367859, 43.0467758]]]]}}, {"type": "Feature", "properties": {"id": "mo-05623000", "name": "Надеждинский муниципальный район", "region": "Приморский край", "isCity": false, "sourceOktmo": "05-623-000-000", "sourceAgg": "Владивосток", "excelNames": ["Надеждинский муниципальный район"], "oktmo": "05623000", "vgp": [{"year": 2019, "value": 12056439.121992731}, {"year": 2020, "value": 12930855.069317354}, {"year": 2021, "value": 14042330.440402485}, {"year": 2022, "value": 24888934.829613574}, {"year": 2023, "value": 28562532.75051499}, {"year": 2024, "value": 33909581.70718401}], "population": [{"year": 2019, "value": 38451.0}, {"year": 2020, "value": 38692.0}, {"year": 2021, "value": 39095.0}, {"year": 2022, "value": 39754.0}, {"year": 2023, "value": 40669.0}, {"year": 2024, "value": 41960.0}, {"year": 2025, "value": 42782.0}], "shipments": [{"year": 2019, "value": 2634497.6}, {"year": 2020, "value": 2119002.2}, {"year": 2021, "value": 3044730.5}, {"year": 2022, "value": 8711507.5}, {"year": 2023, "value": 8523792.9}, {"year": 2024, "value": 11651012.7}], "employees": [{"year": 2019, "value": 4167.0}, {"year": 2020, "value": 4144.0}, {"year": 2021, "value": 4564.0}, {"year": 2022, "value": 4965.0}, {"year": 2023, "value": 4997.0}, {"year": 2024, "value": 5138.0}], "investments": [{"year": 2019, "value": 655916.0}, {"year": 2020, "value": 4827849.0}, {"year": 2021, "value": 9825873.0}, {"year": 2022, "value": 5536739.0}, {"year": 2023, "value": 6580740.0}, {"year": 2024, "value": 2413980.0}], "vgp2024": 33909581.70718401, "pop2024": 41960.0, "ship2024": 11651012.7, "emp2024": 5138.0, "inv2024": 2413980.0}, "geometry": {"type": "MultiPolygon", "coordinates": [[[[131.8233019, 43.2936183], [131.8232265, 43.2935224], [131.8229127, 43.2933994], [131.8228269, 43.2933936], [131.8227383, 43.2934248], [131.8225897, 43.29348329999999], [131.8224165, 43.29353609999999], [131.82232800000003, 43.2936161], [131.82227429999998, 43.2936825], [131.8222509, 43.2937635], [131.8223387, 43.2940027], [131.8223762, 43.2942487], [131.8223954, 43.2943896], [131.8224423, 43.29458329999999], [131.82244869999997, 43.294840199999996], [131.8224406, 43.2949261], [131.8223611, 43.2950437], [131.8222851, 43.29514079999999], [131.8221858, 43.2952267], [131.8220624, 43.29530679999999], [131.8219646, 43.2954053], [131.8219244, 43.2955818], [131.82188539999999, 43.2957323], [131.8219114, 43.2958883], [131.8220639, 43.2961235], [131.8221769, 43.2963258], [131.8223167, 43.296473199999994], [131.8224511, 43.29655780000001], [131.822571, 43.29667739999999], [131.82272859999998, 43.296839799999994], [131.82279469999997, 43.2969602], [131.8228059, 43.2970711], [131.82295629999996, 43.29721849999999], [131.8231675, 43.2973272], [131.82333649999998, 43.29738969999999], [131.8234035, 43.297516599999994], [131.8234062, 43.2977294], [131.8233684, 43.297912399999994], [131.8233928, 43.2980359], [131.8234652, 43.2981432], [131.8234974, 43.29830129999999], [131.82350009999996, 43.2984829], [131.82344479999998, 43.298672499999995], [131.82334449999996, 43.2988557], [131.8232229, 43.2990263], [131.8231299, 43.29914459999999], [131.8229637, 43.29930079999999], [131.8227295, 43.2994349], [131.822623, 43.29948039999999], [131.8224862, 43.299509699999994], [131.8222851, 43.2995468], [131.8220482, 43.299575], [131.82192839999996, 43.299692], [131.8217996, 43.2999665], [131.8217204, 43.3000567], [131.8216534, 43.3000885], [131.82142739999998, 43.30022629999999], [131.8210579, 43.300345199999995], [131.8207091, 43.3004046], [131.8205243, 43.30044259999999], [131.82016239999996, 43.30048419999999], [131.8200588, 43.3004759], [131.8199757, 43.3004349], [131.81994349999997, 43.30035099999999], [131.8198925, 43.30028269999999], [131.81980229999996, 43.3002683], [131.8197289, 43.300309999999996], [131.81970289999998, 43.3004025], [131.818163, 43.300843099999994], [131.8179137, 43.3009305], [131.8113729, 43.3011458], [131.7821724, 43.3012336], [131.7740006, 43.30520489999999], [131.76961719999997, 43.31029279999999], [131.7639684, 43.31720369999999], [131.7620756, 43.32268599999999], [131.76138670000003, 43.32424149999999], [131.7611279, 43.3251849], [131.76102529999997, 43.3264206], [131.76157619999998, 43.32744809999999], [131.76230879999997, 43.32963929999999], [131.7623108, 43.3329042], [131.761773, 43.33439070000001], [131.7621285, 43.3365367], [131.7620373, 43.3369269], [131.7617959, 43.3370322], [131.7615407, 43.3370174], [131.7610996, 43.33685249999999], [131.76072019999998, 43.336905599999994], [131.7604816, 43.3371415], [131.760503, 43.337406800000004], [131.7605832, 43.337926], [131.7608078, 43.33896459999999], [131.762413, 43.341915], [131.76369709999997, 43.3433583], [131.76625079999997, 43.3455763], [131.7666855, 43.3457889], [131.76701809999997, 43.3458513], [131.76742580000004, 43.3458182], [131.7676163, 43.34574799999999], [131.7678253, 43.34571269999999], [131.76815269999997, 43.3457597], [131.7687023, 43.3460857], [131.76852719999997, 43.347305999999996], [131.767856, 43.348027599999995], [131.7672577, 43.34944960000001], [131.7653606, 43.3517628], [131.7625443, 43.355816], [131.7617061, 43.3563284], [131.7609975, 43.357269599999995], [131.7627486, 43.3603783], [131.7656525, 43.3640304], [131.7655066, 43.3680192], [131.7641057, 43.3693982], [131.7625881, 43.370289299999996], [131.7592753, 43.370788399999995], [131.75329059999999, 43.369918299999995], [131.75114439999996, 43.3701283], [131.7447056, 43.373578599999995], [131.7217663, 43.3783962], [131.7175217, 43.3796505], [131.7140487, 43.3805627], [131.7062855, 43.38130509999999], [131.6981137, 43.3823444], [131.686644, 43.384147399999996], [131.6735399, 43.3828747], [131.6626831, 43.3846776], [131.6551534, 43.3824081], [131.6463687, 43.378102], [131.6376716, 43.37831419999999], [131.62897449999997, 43.378950499999995], [131.6209486, 43.37733839999999], [131.6148198, 43.3783354], [131.6090995, 43.377402], [131.59374819999996, 43.37767780000001], [131.5727128, 43.379431700000005], [131.5656962, 43.378591699999994], [131.55579049999997, 43.3783217], [131.5474119, 43.380571599999996], [131.5365982, 43.3811716], [131.52306039999996, 43.3842612], [131.5065509, 43.3880707], [131.49524189999997, 43.3907701], [131.4803008, 43.3942792], [131.4698585, 43.3954188], [131.4642866, 43.3967384], [131.459829, 43.3967384], [131.45438089999996, 43.39805799999999], [131.4442113, 43.398331799999994], [131.4392499, 43.4008764], [131.4342301, 43.4013853], [131.4287433, 43.4013853], [131.4110506, 43.39927209999999], [131.4048183, 43.406409], [131.4021206, 43.4119726], [131.40469449999998, 43.41723270000001], [131.40180529999998, 43.4203805], [131.3910741, 43.424037799999994], [131.3821177, 43.432071], [131.3762253, 43.4359063], [131.3679564, 43.43767879999999], [131.3609735, 43.4484205], [131.35427099999998, 43.4531989], [131.35416329999998, 43.45377649999999], [131.3531803, 43.4586788], [131.3550892, 43.464887999999995], [131.3598345, 43.4654575], [131.3682689, 43.4651398], [131.37801669999996, 43.4655846], [131.3841747, 43.4691219], [131.39298859999997, 43.4709646], [131.3962865, 43.4777419], [131.4014522, 43.479902], [131.4086609, 43.4809396], [131.4171391, 43.48100320000001], [131.4235452, 43.48451839999999], [131.4363097, 43.4923873], [131.43689339999997, 43.493234199999996], [131.4372582, 43.492419000000005], [131.4448171, 43.49227079999999], [131.4516172, 43.497098], [131.45418549999997, 43.5000619], [131.45473999999996, 43.5022212], [131.4580379, 43.50603149999999], [131.460256, 43.50916430000001], [131.4636998, 43.510265], [131.4774802, 43.5193796], [131.4837951, 43.52219289999999], [131.4937421, 43.5213249], [131.50600039999998, 43.52048689999999], [131.5165252, 43.52243229999999], [131.5338602, 43.5218038], [131.54302299999998, 43.5232403], [131.5523096, 43.5281781], [131.5623804, 43.538351799999994], [131.5729877, 43.54074529999999], [131.5787248, 43.5461005], [131.5892083, 43.547716], [131.5962249, 43.5544765], [131.61157869999997, 43.56171470000001], [131.6191318, 43.56225310000001], [131.624291, 43.5647952], [131.6296566, 43.5699389], [131.6316378, 43.5762783], [131.6360953, 43.5810324], [131.64269909999996, 43.58139119999999], [131.6480235, 43.57950749999999], [131.65574159999997, 43.5823479], [131.6636249, 43.59218359999999], [131.6697335, 43.5998656], [131.67720399999996, 43.607755899999994], [131.68380780000004, 43.6232645], [131.69652009999996, 43.62732770000001], [131.7015968, 43.6261924], [131.7025048, 43.632824600000006], [131.70754019999998, 43.6398145], [131.7116676, 43.6455491], [131.7160014, 43.6513728], [131.719716, 43.6565092], [131.72318299999998, 43.661794400000005], [131.7267738, 43.6644518], [131.7309012, 43.665556499999994], [131.7360604, 43.66552659999999], [131.7401878, 43.6654669], [131.742334, 43.666064000000006], [131.7441913, 43.66636259999999], [131.7516206, 43.66746729999999], [131.7533954, 43.66719859999999], [131.75917369999996, 43.6633769], [131.7623518, 43.663765], [131.778837, 43.66151380000001], [131.7840903, 43.660289199999994], [131.8052786, 43.6613871], [131.8218557, 43.66244280000001], [131.83271249999999, 43.66301279999999], [131.8370318, 43.665482999999995], [131.8391332, 43.6691352], [131.839892, 43.67498259999999], [131.8419933, 43.6777266], [131.8467212, 43.678043300000006], [131.8661363, 43.6773045], [131.8713896, 43.6775156], [131.8820713, 43.678782], [131.8832553, 43.66456019999999], [131.8894464, 43.66378389999999], [131.8915513, 43.6628583], [131.8958851, 43.6633659], [131.8983615, 43.6630673], [131.9009205, 43.6636645], [131.90814339999997, 43.663963], [131.9130137, 43.6624403], [131.92543709999998, 43.660589], [131.9259016, 43.660578199999996], [131.9282601, 43.6605232], [131.92927559999998, 43.6604995], [131.93434479999996, 43.658962], [131.9396942, 43.6573395], [131.9400068, 43.6572447], [131.9473122, 43.6562593], [131.9524714, 43.65596070000001], [131.9558559, 43.65679680000001], [131.95622669999997, 43.6569206], [131.9585387, 43.6576926], [131.96472969999996, 43.6616938], [131.9669998, 43.661395199999994], [131.9710034, 43.653791299999995], [131.974418, 43.6504126], [131.98463269999996, 43.6462313], [131.98877699999997, 43.6428944], [132.00030509999996, 43.64071899999999], [132.0009471, 43.639874199999994], [132.0009129, 43.63887789999999], [131.99886999999998, 43.6375261], [131.99723559999998, 43.6358363], [131.9909515, 43.6278944], [131.9906996, 43.62685280000001], [131.99076009999996, 43.6256353], [131.992566, 43.620077], [131.99600989999996, 43.614583499999995], [132.00283919999998, 43.60870909999999], [132.0085594, 43.6038063], [132.01702299999997, 43.59797319999999], [132.0255451, 43.5937882], [132.0357598, 43.5923086], [132.04941839999998, 43.5914631], [132.0527454, 43.5905753], [132.0606838, 43.5881654], [132.07194919999998, 43.58300729999999], [132.078078, 43.58152739999999], [132.08420679999998, 43.581316], [132.0881176, 43.5818234], [132.0915031, 43.5821616], [132.0933709, 43.582753600000004], [132.0980405, 43.582669], [132.1273969, 43.57397629999999], [132.1362295, 43.5713748], [132.1433286, 43.568504], [132.152458, 43.5629182], [132.16459889999996, 43.552047099999996], [132.1660582, 43.5454051], [132.169969, 43.54100489999999], [132.1697939, 43.53698519999999], [132.1603379, 43.53203419999999], [132.14842489999998, 43.510824199999995], [132.1469949, 43.504065000000004], [132.1463071, 43.500769299999995], [132.1439962, 43.49069389999999], [132.14002820000002, 43.47474410000001], [132.14028809999996, 43.473952399999995], [132.1397559, 43.4733796], [132.13947099999996, 43.4710427], [132.13243320000004, 43.4650797], [132.13210009999997, 43.4625553], [132.1273123, 43.4602785], [132.1268996, 43.4611024], [132.1262186, 43.4615517], [132.12504729999998, 43.46065039999999], [132.12501059999997, 43.4593598], [132.120271, 43.4566311], [132.1181803, 43.4534611], [132.1166791, 43.45367569999999], [132.11488979999996, 43.4560132], [132.1120735, 43.4550354], [132.1098592, 43.453202999999995], [132.1099504, 43.4530747], [132.11059009999997, 43.4510464], [132.1118657, 43.448865899999994], [132.1124179, 43.44785499999999], [132.1128754, 43.4462762], [132.110358, 43.4446405], [132.10744809999997, 43.4436826], [132.10716429999997, 43.4439206], [132.1055729, 43.4469201], [132.1036544, 43.4502253], [132.1077983, 43.4514824], [132.10939989999997, 43.4529639], [132.1119261, 43.4552087], [132.1121177, 43.4567708], [132.1087289, 43.456556], [132.1050274, 43.45676629999999], [132.104888, 43.4569766], [132.1037078, 43.4573037], [132.102547, 43.4570779], [132.1048334, 43.452838199999995], [132.1037425, 43.4524842], [132.099875, 43.4513872], [132.0975755, 43.45193119999999], [132.0970884, 43.45118939999999], [132.0958686, 43.4508972], [132.09551609999997, 43.4498294], [132.100406, 43.4492869], [132.10000009999996, 43.447372699999995], [132.0972123, 43.4437932], [132.0985812, 43.442583299999995], [132.1007372, 43.4390958], [132.0948209, 43.435113599999994], [132.0882009, 43.42784350000001], [132.0867585, 43.42727779999999], [132.0857267, 43.4271952], [132.0849072, 43.4274609], [132.0843993, 43.427495199999996], [132.0843433, 43.4256368], [132.08439869999998, 43.425283799999995], [132.08545559999996, 43.42436779999999], [132.0853468, 43.4230665], [132.0823085, 43.42327019999999], [132.0820849, 43.422734199999994], [132.0818473, 43.422486], [132.08106099999998, 43.42192409999999], [132.0839774, 43.418921399999995], [132.0843703, 43.4186796], [132.0847141, 43.4185778], [132.0918872, 43.41742179999999], [132.0908582, 43.41691809999999], [132.0890659, 43.4162409], [132.08650479999997, 43.4154708], [132.0933743, 43.4065788], [132.0940212, 43.40519499999999], [132.094451, 43.403340899999996], [132.09520509999996, 43.4011965], [132.0969918, 43.3990103], [132.09888529999998, 43.3979984], [132.1015075, 43.3975905], [132.1009723, 43.3970702], [132.1016158, 43.39684199999999], [132.09746860000004, 43.3907916], [132.0984614, 43.3903712], [132.09513509999996, 43.3866918], [132.09512, 43.38602550000001], [132.0962344, 43.3844129], [132.08919279999998, 43.38257060000001], [132.0861226, 43.381567499999996], [132.08434819999997, 43.383553199999994], [132.08260179999996, 43.382427299999996], [132.0823202, 43.381158], [132.0812181, 43.379389499999995], [132.0799157, 43.3777247], [132.0783487, 43.37548720000001], [132.0775037, 43.37251849999999], [132.07688399999998, 43.3713105], [132.07347589999998, 43.368955899999996], [132.071322, 43.36972349999999], [132.06869650000002, 43.3694796], [132.0686396, 43.369463], [132.0683775, 43.3699482], [132.06711320000002, 43.36983620000001], [132.0672499, 43.3690078], [132.06660269999998, 43.3687926], [132.0648117, 43.36819979999999], [132.06475809999998, 43.368176], [132.064622, 43.36618359999999], [132.06460299999998, 43.3659057], [132.0645975, 43.3658259], [132.06410609999998, 43.3659424], [132.06401, 43.3659652], [132.0635665, 43.3660704], [132.0633588, 43.3661196], [132.06183299999998, 43.3664814], [132.0617908, 43.366369500000005], [132.0616779, 43.3660263], [132.0613044, 43.365162399999996], [132.0622669, 43.364924599999995], [132.0620874, 43.364466300000004], [132.0617496, 43.363505999999994], [132.0613618, 43.3624464], [132.0610966, 43.361913099999995], [132.06074389999998, 43.36140389999999], [132.06063389999997, 43.36127369999999], [132.059486, 43.360642899999995], [132.0584652, 43.3598012], [132.058331, 43.3597598], [132.0580339, 43.359967000000005], [132.05722379999997, 43.360403], [132.05632059999996, 43.360736], [132.0551946, 43.3611512], [132.0549442, 43.3612792], [132.0543906, 43.3614715], [132.0538162, 43.361671], [132.0536441, 43.361730599999994], [132.0531781, 43.361892499999996], [132.0527141, 43.362053599999996], [132.0525419, 43.36211339999999], [132.0522728, 43.36220699999999], [132.0520587, 43.362296], [132.0517755, 43.3625026], [132.0517156, 43.3624504], [132.0516116, 43.3625139], [132.0514763, 43.3625897], [132.051416, 43.3625394], [132.05109939999997, 43.36226309999999], [132.0507828, 43.361987], [132.0507166, 43.3619291], [132.0503999, 43.3616528], [132.0500835, 43.3613765], [132.04973519999996, 43.3610727], [132.0494188, 43.3607971], [132.0493584, 43.36074379999999], [132.0490419, 43.360467500000006], [132.04915199999996, 43.360357], [132.0491561, 43.3603338], [132.0488287, 43.360088100000006], [132.0487593, 43.360058], [132.0483757, 43.35976529999999], [132.0486164, 43.3595938], [132.04896529999996, 43.359339299999995], [132.04901829999997, 43.359300999999995], [132.04934649999998, 43.3593912], [132.04935859999998, 43.3593668], [132.049377, 43.35930549999999], [132.0495157, 43.3589526], [132.0493878, 43.3588907], [132.0492052, 43.35882039999999], [132.0493811, 43.3585731], [132.04934480000003, 43.35854809999999], [132.0496156, 43.3583986], [132.0487979, 43.358003], [132.0488667, 43.35780689999999], [132.0480689, 43.3573057], [132.048499, 43.35699519999999], [132.0506196, 43.3556837], [132.0501902, 43.3540365], [132.0492452, 43.353606000000006], [132.0461905, 43.3520861], [132.0455592, 43.3517803], [132.0457762, 43.3506217], [132.0444983, 43.3502806], [132.0446072, 43.3499261], [132.04509349999998, 43.348812499999994], [132.04583099999996, 43.3469614], [132.04624699999997, 43.3470456], [132.0464249, 43.346869899999994], [132.0467333, 43.345935399999995], [132.0463718, 43.34459389999999], [132.04671249999998, 43.3432995], [132.0468872, 43.342566], [132.0472411, 43.3422125], [132.04570889999997, 43.3415724], [132.0448852, 43.3412284], [132.0437188, 43.34078829999999], [132.04300879999997, 43.340842699999996], [132.04290639999996, 43.34118999999999], [132.0428686, 43.3414643], [132.0397155, 43.34130269999999], [132.0383423, 43.3410561], [132.0380535, 43.340849799999994], [132.0377014, 43.3393273], [132.0374045, 43.3389187], [132.0369579, 43.33841739999999], [132.037128, 43.33805499999999], [132.0375599, 43.33636609999999], [132.03780919999997, 43.33630519999999], [132.0379845, 43.33625769999999], [132.03814299999996, 43.3362008], [132.0381479, 43.33620929999999], [132.03844529999998, 43.336099399999995], [132.0384341, 43.3360853], [132.0387553, 43.33594649999999], [132.0389435, 43.33586509999999], [132.03943, 43.335653900000004], [132.0394019, 43.3356299], [132.0395509, 43.3355565], [132.0394803, 43.3355029], [132.039165, 43.3351381], [132.0391529, 43.3349279], [132.0392107, 43.334646], [132.0392197, 43.334518], [132.0390002, 43.3345065], [132.0385605, 43.3344837], [132.0381578, 43.3344395], [132.0378067, 43.3344009], [132.03712699999997, 43.33432559999999], [132.03747629999998, 43.3335587], [132.037508, 43.3331347], [132.0389933, 43.333083699999996], [132.0389905, 43.332884799999995], [132.03905789999996, 43.3316621], [132.0390827, 43.33148039999999], [132.03898069999997, 43.331514899999995], [132.0371836, 43.3315501], [132.036033, 43.3315423], [132.034867, 43.3315083], [132.0339623, 43.3314662], [132.033045, 43.3314057], [132.0321733, 43.3313647], [132.0314196, 43.33128279999999], [132.03132569999997, 43.331271099999995], [132.03114599999998, 43.3312145], [132.0309502, 43.33117549999999], [132.02978799999997, 43.331072799999994], [132.02871859999996, 43.3309531], [132.0277905, 43.330824299999996], [132.0273077, 43.330750099999996], [132.0267498, 43.3306526], [132.0256537, 43.33046649999999], [132.0255429, 43.33039699999999], [132.0253685, 43.3303424], [132.02508689999996, 43.330278], [132.02459869999998, 43.330223399999994], [132.0242232, 43.3301746], [132.0238598, 43.3301482], [132.0237578, 43.3301541], [132.0236988, 43.3301541], [132.02364799999998, 43.3301461], [132.02351639999998, 43.3300878], [132.02337559999998, 43.3300361], [132.0230833, 43.3299444], [132.02261119999997, 43.3298331], [132.0223671, 43.329776599999995], [132.0221257, 43.3297258], [132.0218763, 43.32968679999999], [132.02166709999997, 43.32964969999999], [132.0212343, 43.3295618], [132.0204708, 43.32940979999999], [132.0197332, 43.3292361], [132.01952800000004, 43.3291785], [132.0193389, 43.3291112], [132.01843499999998, 43.3287874], [132.0176572, 43.3285259], [132.01688549999997, 43.32826169999999], [132.0165172, 43.3281493], [132.0161632, 43.328024500000005], [132.015439, 43.3277591], [132.0146298, 43.3274384], [132.01428829999998, 43.3272733], [132.01394229999997, 43.3270918], [132.01347019999997, 43.3268323], [132.01303839999997, 43.3265435], [132.01266989999996, 43.3262371], [132.0125502, 43.326125999999995], [132.0124295, 43.3259991], [132.0123464, 43.3258587], [132.01230079999996, 43.3257065], [132.0122498, 43.3255777], [132.01223639999998, 43.3255133], [132.01220959999998, 43.325443], [132.0121372, 43.3253377], [132.0120755, 43.3252343], [132.0119642, 43.32502060000001], [132.01195749999997, 43.324928899999996], [132.0119682, 43.32483229999999], [132.0119669, 43.32476990000001], [132.01196149999998, 43.32472109999999], [132.0119427, 43.32468990000001], [132.01190379999997, 43.32466449999999], [132.0118135, 43.3246189], [132.01172139999997, 43.324594299999994], [132.0116436, 43.3245708], [132.0115927, 43.32455229999999], [132.0115471, 43.324531799999995], [132.0115015, 43.324494699999995], [132.01146129999998, 43.3244382], [132.01144109999998, 43.3244011], [132.011413, 43.324366000000005], [132.0112372, 43.324241], [132.0112047, 43.324218], [132.01117959999996, 43.324200099999985], [132.010383, 43.3237513], [132.0098412, 43.32345279999999], [132.0093316, 43.3231445], [132.0089863, 43.322889999999994], [132.00884340000002, 43.3227035], [132.008763, 43.322496599999994], [132.0087093, 43.3222781], [132.0086288, 43.32218829999999], [132.0084894, 43.322116099999995], [132.00826139999998, 43.3220186], [132.0080495, 43.3219034], [132.0078537, 43.3217824], [132.0077257, 43.321691900000005], [132.0075345, 43.32152099999999], [132.00736279999998, 43.32132969999999], [132.0072663, 43.3211541], [132.0071517, 43.3209348], [132.0070249, 43.3206351], [132.0069308, 43.3203219], [132.00685859999996, 43.31985840000001], [132.00680489999996, 43.319362700000006], [132.0066386, 43.31841039999999], [132.00665209999997, 43.31820160000001], [132.0066475, 43.31799989999999], [132.0065957, 43.31777819999999], [132.0065635, 43.31764940000001], [132.0065501, 43.3175225], [132.0065501, 43.31728249999999], [132.00657159999997, 43.31709709999999], [132.0066118, 43.31677899999999], [132.0066153, 43.315945], [132.0066333, 43.3159067], [132.0066749, 43.31587549999999], [132.0067312, 43.3158179], [132.0067567, 43.3157603], [132.006764, 43.315732499999996], [132.006762, 43.3157037], [132.0067473, 43.31566569999999], [132.0067298, 43.31563539999999], [132.0066977, 43.3155915], [132.0067164, 43.3153759], [132.0067191, 43.3151905], [132.0067111, 43.31503239999999], [132.00669499999998, 43.3145777], [132.0067298, 43.314337599999995], [132.00677279999996, 43.3141073], [132.00677279999996, 43.3139102], [132.0067432, 43.313806799999995], [132.006703, 43.3137502], [132.0066547, 43.3135999], [132.0066333, 43.3135199], [132.0066227, 43.313436], [132.00665739999997, 43.313332599999995], [132.0067111, 43.3132321], [132.00675259999997, 43.313192], [132.0067929, 43.313153], [132.00683179999996, 43.313123700000006], [132.0068827, 43.31309739999999], [132.0069417, 43.3130818], [132.0069739, 43.31307009999999], [132.00700339999997, 43.3130457], [132.00698729999996, 43.3130086], [132.0069391, 43.31299299999999], [132.00691629999997, 43.31298029999999], [132.0069297, 43.3128564], [132.006923, 43.31277239999999], [132.0069042, 43.3127061], [132.00688749999998, 43.312659499999995], [132.0066561, 43.312433799999994], [132.0065904, 43.31235869999999], [132.0065273, 43.31226499999999], [132.0064589, 43.3122026], [132.0063659, 43.3121511], [132.0062578, 43.31213819999999], [132.0061451, 43.3121499], [132.0059895, 43.31218499999999], [132.0058696, 43.31216859999999], [132.0052814, 43.3119508], [132.0047611, 43.3117244], [132.0042515, 43.311435599999996], [132.0038419, 43.31119279999999], [132.0034629, 43.3108735], [132.0031571, 43.3105261], [132.0025689, 43.3098666], [132.00239809999997, 43.309638], [132.00225049999997, 43.3094019], [132.0021754, 43.309249699999995], [132.0021607, 43.3092057], [132.0021594, 43.3091618], [132.0021728, 43.30893350000001], [132.0021647, 43.3087402], [132.0021942, 43.3085802], [132.0021459, 43.308396699999996], [132.0021165, 43.3082853], [132.0020722, 43.3082152], [132.0020092, 43.3081489], [132.00197429999997, 43.3081284], [132.0019273, 43.308110799999994], [132.0018174, 43.3080932], [132.00173959999998, 43.308063], [132.0016846, 43.30802789999999], [132.0015424, 43.30794780000001], [132.0012984, 43.30778389999999], [132.00085309999997, 43.3074794], [132.0006707, 43.3073623], [132.00047569999998, 43.307218999999996], [132.0001182, 43.30685679999999], [131.99984809999998, 43.30649679999999], [131.9997239, 43.30632779999999], [131.999635, 43.3061505], [131.9994377, 43.305741499999996], [131.99923039999996, 43.3053285], [131.9992009, 43.30517429999999], [131.99917, 43.30491], [131.99914989999996, 43.30470969999999], [131.9991097, 43.30450869999999], [131.9990373, 43.304334999999995], [131.9990039, 43.3041595], [131.99898629999998, 43.30379429999999], [131.9989318, 43.30342099999999], [131.9988923, 43.30311379999999], [131.9990158, 43.3029432], [131.9991097, 43.30275590000001], [131.9991052, 43.302600899999995], [131.9990882, 43.3024728], [131.9990373, 43.3023401], [131.99906409999997, 43.30213119999999], [131.9991301, 43.301653599999995], [131.9990443, 43.300423099999996], [131.9989783, 43.30018900000001], [131.99887260000003, 43.2999421], [131.9987127, 43.2996014], [131.99852239999998, 43.29925699999999], [131.9978249, 43.29836579999999], [131.9976281, 43.2980931], [131.9973904, 43.2976064], [131.997259, 43.2974247], [131.99717849999996, 43.2973272], [131.9966797, 43.2967485], [131.9965562, 43.2965347], [131.9964462, 43.29630430000001], [131.9962531, 43.295860999999995], [131.9961271, 43.29546679999999], [131.9960333, 43.2950614], [131.9960734, 43.29493579999999], [131.99608549999996, 43.2948831], [131.9960821, 43.2948252], [131.99605999999997, 43.2947426], [131.9960198, 43.29466060000001], [131.9959985, 43.2944915], [131.9959544, 43.294194999999995], [131.9961089, 43.29353280000001], [131.9963406, 43.2928331], [131.9965724, 43.29234579999999], [131.99689849999996, 43.291895999999994], [131.9972418, 43.2915212], [131.9979113, 43.29102139999999], [131.9982718, 43.290784], [131.9986229, 43.29056359999999], [131.99948399999997, 43.29010689999999], [132.0008612, 43.2896549], [132.0023374, 43.2892221], [132.0034522, 43.2890028], [132.00461339999998, 43.2888197], [132.00640049999998, 43.2886917], [132.0067285, 43.2886319], [132.00704499999998, 43.2885372], [132.0076203, 43.288307599999996], [132.0078966, 43.288200399999994], [132.0081621, 43.288071499999994], [132.0082319, 43.28801489999999], [132.0082828, 43.28794659999999], [132.008366, 43.287805999999996], [132.0084277, 43.287657599999996], [132.0085108, 43.287503400000006], [132.00862809999998, 43.2873427], [132.00897749999996, 43.2869899], [132.0100129, 43.28608590000001], [132.0111505, 43.28518639999999], [132.0112145, 43.28505499999999], [132.0112252, 43.2848909], [132.0111902, 43.2845917], [132.0110911, 43.28409429999999], [132.0109753, 43.28358399999999], [132.01088289999998, 43.2828918], [132.0108926, 43.2827627], [132.0110273, 43.2824917], [132.0111918, 43.2820595], [132.01127199999996, 43.28168860000001], [132.0116732, 43.2812301], [132.01182909999997, 43.2811272], [132.0121586, 43.2809057], [132.01252879999998, 43.280688999999995], [132.01311889999997, 43.280421499999996], [132.0138001, 43.2801598], [132.0138752, 43.28011339999999], [132.01395839999998, 43.2800446], [132.0141569, 43.2799099], [132.0145726, 43.2796462], [132.014755, 43.2795271], [132.0149454, 43.2794314], [132.0150983, 43.27937090000001], [132.0152888, 43.279275199999994], [132.0154792, 43.279158100000004], [132.0155013, 43.27913019999999], [132.0155208, 43.2791014], [132.0155241, 43.2790841], [132.0155208, 43.27906699999999], [132.01550499999996, 43.279062599999996], [132.01548759999997, 43.27905989999999], [132.01546609999997, 43.279059700000005], [132.01544839999997, 43.2790619], [132.0147175, 43.2793279], [132.0143098, 43.2794978], [132.0139128, 43.2797439], [132.0135131, 43.280027], [132.0125905, 43.28049169999999], [132.0121586, 43.2807671], [132.0119897, 43.28083350000001], [132.01172390000002, 43.2808676], [132.0113593, 43.2809096], [132.0109704, 43.2809135], [132.01067469999998, 43.2809128], [132.0102516, 43.2808764], [132.0100451, 43.280851], [132.00984249999996, 43.280825699999994], [132.0094751, 43.2807583], [132.0093711, 43.2807368], [132.0091988, 43.280688], [132.0090446, 43.2806323], [132.00890379999998, 43.28056109999999], [132.00871869999997, 43.2804527], [132.0085062, 43.280306], [132.0083375, 43.280226799999994], [132.0082359, 43.2801842], [132.0081353, 43.28014319999999], [132.0080321, 43.28009539999999], [132.0079234, 43.2800456], [132.0078, 43.2799841], [132.0076431, 43.2798981], [132.0075431, 43.2798442], [132.00733199999996, 43.2797224], [132.00715499999998, 43.279604299999995], [132.0070463, 43.27952319999999], [132.0069988, 43.2794831], [132.006926, 43.2794033], [132.0069062, 43.27937579999999], [132.00689399999996, 43.2793473], [132.0068827, 43.2793172], [132.0068814, 43.2792899], [132.00687999999997, 43.27926109999999], [132.00687279999997, 43.2792352], [132.00682239999998, 43.279193799999994], [132.0067339, 43.2790956], [132.0066313, 43.27899909999999], [132.0066118, 43.2789706], [132.0066118, 43.27893639999999], [132.0066212, 43.27890910000001], [132.0066386, 43.2788837], [132.0066595, 43.2788621], [132.0067433, 43.2787729], [132.0067478, 43.2787707], [132.00675099999998, 43.2787673], [132.0067548, 43.2787567], [132.00677749999997, 43.278719699999996], [132.00678819999996, 43.2787075], [132.0067996, 43.27869799999999], [132.006811, 43.27869429999999], [132.00683309999997, 43.2786953], [132.0068559, 43.2787045], [132.0068686, 43.27870329999999], [132.006883, 43.2786975], [132.0068904, 43.2786889], [132.0068948, 43.278678199999995], [132.0068841, 43.2786015], [132.00687999999997, 43.2785664], [132.00687999999997, 43.2785391], [132.0068814, 43.27851419999999], [132.0068871, 43.2784848], [132.00689209999996, 43.278447299999996], [132.0069028, 43.27840919999999], [132.0069203, 43.2783672], [132.00694839999997, 43.278313499999996], [132.0070102, 43.2782265], [132.007525, 43.2776204], [132.0075466, 43.2775939], [132.0075523, 43.2775807], [132.00755830000003, 43.27757], [132.00755830000003, 43.2775585], [132.00755599999997, 43.2775502], [132.0075466, 43.2775402], [132.00752579999997, 43.2775339], [132.00750059999996, 43.2775336], [132.00745940000002, 43.277550999999995], [132.0074064, 43.2775657], [132.0068809, 43.2781825], [132.0068237, 43.278189499999996], [132.00676539999998, 43.2781887], [132.00666140000004, 43.2781773], [132.0065177, 43.2781544], [132.00640069999997, 43.2781309], [132.00634729999996, 43.2781084], [132.0062846, 43.27807139999999], [132.0062363, 43.278029399999994], [132.00613709999996, 43.27793569999999], [132.00607540000001, 43.2778751], [132.006003, 43.27780479999999], [132.00588639999998, 43.2776666], [132.00576959999998, 43.277508000000005], [132.00564349999996, 43.277347899999995], [132.00553089999997, 43.27717989999999], [132.0053968, 43.277014], [132.0052063, 43.276797200000004], [132.0051017, 43.27670929999999], [132.0049511, 43.276609099999995], [132.0047557, 43.276480799999995], [132.00450629999997, 43.2763324], [132.0043762, 43.276276800000005], [132.004275, 43.276262300000006], [132.00417639999998, 43.2762748], [132.0040798, 43.27629830000001], [132.0040235, 43.2763256], [132.0039082, 43.2763939], [132.0037821, 43.27645739999999], [132.0033744, 43.276605800000006], [132.0030829, 43.27670659999999], [132.00263679999998, 43.27681669999999], [132.0021705, 43.2769094], [132.00158539999998, 43.277045199999996], [132.0009926, 43.27717019999999], [132.0008102, 43.2771936], [132.000668, 43.27719749999999], [132.00052049999996, 43.27719260000001], [132.0003945, 43.277185800000005], [132.0002791, 43.277176999999995], [132.00014899999996, 43.2771477], [132.000078, 43.277115499999994], [131.9999543, 43.2770523], [131.9996783, 43.2770374], [131.9994289, 43.2770413], [131.9993994, 43.27704419999999], [131.9993792, 43.27705449999999], [131.99934039999997, 43.27707639999999], [131.999225, 43.2771018], [131.9990273, 43.2771306], [131.9984257, 43.2772307], [131.9977505, 43.2773187], [131.99762109999998, 43.27733229999999], [131.9975004, 43.27732829999999], [131.9973662, 43.2773088], [131.9972563, 43.2772698], [131.99712749999998, 43.27722489999999], [131.9969961, 43.2772053], [131.9968405, 43.2772131], [131.9964141, 43.2772405], [131.9959953, 43.2772523], [131.99556109999997, 43.2772561], [131.9951051, 43.2772522], [131.9942969, 43.27719569999999], [131.99410469999998, 43.277166300000005], [131.9939706, 43.2771233], [131.9938552, 43.2770803], [131.99378819999998, 43.2770374], [131.993764, 43.27696319999999], [131.9937828, 43.2768655], [131.9937319, 43.2767269], [131.9936702, 43.2767015], [131.9936353, 43.2766981], [131.9936138, 43.2767064], [131.99359439999998, 43.276718599999995], [131.99358429999998, 43.2767337], [131.9935776, 43.2767669], [131.99356289999997, 43.2768255], [131.99351999999996, 43.2768519], [131.9934563, 43.276858699999984], [131.99303719999997, 43.2768206], [131.9926302, 43.27677189999999], [131.99220569999997, 43.2767171], [131.9917987, 43.276630499999996], [131.9912857, 43.27648279999999], [131.99088139999998, 43.276329499999996], [131.9905695, 43.2762172], [131.9902913, 43.2760826], [131.99006800000004, 43.2759673], [131.9898615, 43.27583560000001], [131.9896442, 43.275691900000005], [131.98943729999996, 43.27551819999999], [131.98925259999996, 43.2753834], [131.9890779, 43.2752254], [131.9889414, 43.2750807], [131.9888322, 43.27493429999999], [131.98873219999996, 43.2748288], [131.98864639999996, 43.274694], [131.9885586, 43.2745594], [131.988515, 43.274479199999995], [131.9884989, 43.2743933], [131.9885069, 43.2742578], [131.98853639999996, 43.274047599999996], [131.98855249999997, 43.2737879], [131.9885363, 43.2736387], [131.98853109999996, 43.273595500000006], [131.9885123, 43.2735516], [131.98832719999996, 43.2733192], [131.9882708, 43.2732111], [131.9881877, 43.2728778], [131.9881335, 43.2725458], [131.9880992, 43.2723398], [131.9880781, 43.27213079999999], [131.98808449999999, 43.2720029], [131.98810209999996, 43.2718672], [131.9881193, 43.2716006], [131.9881239, 43.271329], [131.988118, 43.27116709999999], [131.9881153, 43.271091899999995], [131.9880925, 43.271019599999995], [131.9880456, 43.2709708], [131.9879946, 43.27093659999999], [131.9879235, 43.270905400000004], [131.98786229999996, 43.27086370000001], [131.9877264, 43.27073839999999], [131.9875447, 43.27063499999999], [131.9873495, 43.27050299999999], [131.98716219999997, 43.2703848], [131.98688419999996, 43.270261899999994], [131.9866119, 43.270134899999995], [131.9863796, 43.270053], [131.9861197, 43.27001679999999], [131.9858606, 43.2699962], [131.9852222, 43.269970199999996], [131.9848698, 43.26996009999999], [131.98453549999996, 43.26993779999999], [131.9843897, 43.26991809999999], [131.9842596, 43.26989569999999], [131.9839962, 43.269847], [131.9835909, 43.269741999999994], [131.9835301, 43.269717], [131.98348579999998, 43.269683799999996], [131.98348179999996, 43.269654499999994], [131.98348049999998, 43.2696301], [131.98345500000002, 43.2695881], [131.9833651, 43.26954899999999], [131.9832081, 43.2695156], [131.98314519999997, 43.26949630000001], [131.98292789999996, 43.269443499999994], [131.98285009999998, 43.26940990000001], [131.9823369, 43.26908629999999], [131.9822882, 43.2690383], [131.98223989999997, 43.268967999999994], [131.9821461, 43.2688674], [131.9820704, 43.268796099999996], [131.98199849999997, 43.26875119999999], [131.9819087, 43.26870819999999], [131.98182549999999, 43.2686672], [131.98175979999996, 43.268633], [131.9816498, 43.2685715], [131.9815004, 43.26848280000001], [131.98122169999996, 43.268406399999996], [131.9810088, 43.2683371], [131.98080360000003, 43.268261], [131.98047979999998, 43.26811479999999], [131.9802618, 43.26800419999999], [131.9800576, 43.2678842], [131.979893, 43.2677913], [131.9797415, 43.2676868], [131.9796711, 43.2676334], [131.9795658, 43.267512], [131.97946649999997, 43.267387], [131.9793673, 43.26726299999999], [131.9792892, 43.26714199999999], [131.97925459999996, 43.26709889999999], [131.9792238, 43.267049099999994], [131.9791956, 43.267011999999994], [131.9791836, 43.2669719], [131.97918959999998, 43.2669283], [131.9793642, 43.266662499999995], [131.97953089999996, 43.2664241], [131.9796485, 43.2661832], [131.97965699999997, 43.2661448], [131.9796529, 43.266101799999994], [131.9796395, 43.2660637], [131.9795752, 43.26599929999999], [131.97943909999998, 43.26583829999999], [131.9793659, 43.2657561], [131.97931229999998, 43.26567699999999], [131.97923319999998, 43.26560669999999], [131.97915229999998, 43.2655248], [131.9790776, 43.265446600000004], [131.97897839999996, 43.2653714], [131.9788208, 43.265253599999994], [131.9785835, 43.26502789999999], [131.9784848, 43.264971], [131.9783869, 43.264905500000005], [131.9782931, 43.264846], [131.9782074, 43.2647805], [131.9780315, 43.2646589], [131.9779471, 43.2646477], [131.9778858, 43.264632999999996], [131.9778255, 43.2646233], [131.9773856, 43.2645011], [131.9770146, 43.264374399999994], [131.9768634, 43.26431469999999], [131.9767181, 43.26424699999999], [131.9763827, 43.2640692], [131.97629480000003, 43.2640246], [131.9759915, 43.2638841], [131.9758952, 43.263837099999996], [131.9757892, 43.26377659999999], [131.9756019, 43.263668], [131.9755585, 43.263633], [131.9755304, 43.2636037], [131.9754955, 43.2635676], [131.9754677, 43.2635291], [131.9753388, 43.263240599999996], [131.9752615, 43.263107099999985], [131.9752313, 43.26308219999999], [131.9751844, 43.26305099999999], [131.9750985, 43.2629885], [131.9750664, 43.2629592], [131.974884, 43.262841], [131.9748529, 43.2628075], [131.9747753, 43.26271109999999], [131.97468819999997, 43.26258119999999], [131.9745983, 43.262431799999995], [131.97454, 43.26235259999999], [131.9743717, 43.26215929999999], [131.9742174, 43.2619913], [131.9741875, 43.2619703], [131.9741558, 43.2619562], [131.9740807, 43.2619318], [131.97380299999998, 43.261866299999994], [131.9735034, 43.2617915], [131.9734476, 43.2617648], [131.97339939999998, 43.26173349999999], [131.9733618, 43.2617003], [131.9732988, 43.2616319], [131.973229, 43.261590899999995], [131.9731459, 43.261558699999995], [131.97305469999998, 43.26154009999999], [131.9726359, 43.2614458], [131.9723195, 43.2613255], [131.971837, 43.26087700000001], [131.9718216, 43.26086529999999], [131.9717867, 43.26084959999999], [131.9717605, 43.26084089999999], [131.9716975, 43.260810600000006], [131.9716439, 43.2607735], [131.97159289999996, 43.2607354], [131.9715761, 43.26071389999999], [131.9715636, 43.2606913], [131.9715272, 43.2606553], [131.9710985, 43.2602395], [131.9710256, 43.2601771], [131.9709586, 43.2601255], [131.9709136, 43.2600781], [131.9708835, 43.260035099999996], [131.9708639, 43.26001060000001], [131.9708298, 43.2599711], [131.9708023, 43.259929199999995], [131.9707721, 43.2598852], [131.97073390000003, 43.2598454], [131.9706421, 43.259779699999996], [131.97063129999998, 43.2597746], [131.97061459999998, 43.25977089999999], [131.97057939999996, 43.2597653], [131.97054809999997, 43.25976459999999], [131.970521, 43.2597675], [131.97049619999999, 43.2597724], [131.9704483, 43.259783399999996], [131.9700513, 43.2599858], [131.97004459999997, 43.2599882], [131.9700387, 43.2599898], [131.97003319999996, 43.2599917], [131.9700271, 43.259993099999996], [131.9700208, 43.2599939], [131.9700132, 43.2599938], [131.97000509999998, 43.25999329999999], [131.9700005, 43.2599928], [131.969991, 43.259992499999996], [131.96998019999998, 43.25999180000001], [131.969963, 43.25998860000001], [131.9699553, 43.2599869], [131.9699427, 43.2599819], [131.9699306, 43.25997649999999], [131.96991719999997, 43.25996719999999], [131.9697142, 43.25977309999999], [131.9697103, 43.2597693], [131.9697087, 43.25976459999999], [131.96971739999998, 43.259644], [131.96971539999998, 43.2596342], [131.96971199999996, 43.25962439999999], [131.969478, 43.2593231], [131.9694619, 43.259308499999996], [131.9693499, 43.259243], [131.9693345, 43.259229399999995], [131.9689938, 43.2587723], [131.968963, 43.2587586], [131.96891199999996, 43.2587449], [131.9688778, 43.2587308], [131.9688477, 43.2587127], [131.9687645, 43.25863749999999], [131.9687284, 43.258618599999984], [131.96870620000004, 43.2586121], [131.9686794, 43.2586097], [131.96865149999996, 43.258610399999995], [131.9686264, 43.25861499999999], [131.9682725, 43.25876079999999], [131.9681489, 43.25881089999999], [131.96812750000004, 43.2588275], [131.96811140000003, 43.258843299999995], [131.9680997, 43.258858], [131.96809130000003, 43.2588729], [131.9680819, 43.25889829999999], [131.9680866, 43.25892559999999], [131.9680967, 43.258943499999994], [131.96867729999997, 43.25968060000001], [131.9689361, 43.26000559999999], [131.9696432, 43.26084809999999], [131.969648, 43.2608592], [131.9696416, 43.2608702], [131.96958869999997, 43.260914799999995], [131.96933189999996, 43.261105699999995], [131.969317, 43.26112119999999], [131.9693056, 43.2611373], [131.9692989, 43.26115120000001], [131.9692896, 43.2611749], [131.9692862, 43.26119069999999], [131.96928489999996, 43.2612071], [131.9692842, 43.261222200000006], [131.9692832, 43.2612493], [131.9692882, 43.261275999999995], [131.96929219999998, 43.2612926], [131.96930699999996, 43.26131889999999], [131.9693258, 43.26134199999999], [131.9693439, 43.26135699999998], [131.969364, 43.2613682], [131.9693868, 43.26138], [131.9694237, 43.26139270000001], [131.9694495, 43.2613988], [131.969478, 43.2614015], [131.96953829999998, 43.2614039], [131.9696175, 43.261412199999995], [131.9696684, 43.2614273], [131.9697113, 43.2614464], [131.96973949999997, 43.2614718], [131.9699648, 43.2616808], [131.9700345, 43.26176569999999], [131.9700417, 43.2617893], [131.9700412, 43.261851699999994], [131.97005869999998, 43.2619122], [131.9700775, 43.2619454], [131.9700989, 43.26197179999999], [131.97012839999996, 43.261992299999996], [131.970178, 43.26201869999999], [131.97025049999996, 43.26206359999999], [131.9703448, 43.2621196], [131.970577, 43.26234420000001], [131.9707809, 43.262509099999995], [131.9710776, 43.26271609999999], [131.9714767, 43.26302209999999], [131.9719369, 43.26349079999999], [131.9722116, 43.263847], [131.972924, 43.26484709999999], [131.97309489999998, 43.265139899999994], [131.97319149999998, 43.2653391], [131.9732988, 43.265595], [131.97337, 43.26579999999999], [131.97352479999998, 43.26690959999999], [131.9736628, 43.2672321], [131.9738087, 43.2674633], [131.97398989999996, 43.267840099999994], [131.9742378, 43.26823209999999], [131.9746927, 43.26881949999999], [131.9748901, 43.2690695], [131.9749931, 43.2692445], [131.9751133, 43.2694633], [131.9751844, 43.26960079999999], [131.97530780000002, 43.2697414], [131.9754124, 43.2698488], [131.97555959999997, 43.269944499999994], [131.9755907, 43.26996789999999], [131.9756632, 43.2700089], [131.9761993, 43.270179999999996], [131.9766593, 43.2703459], [131.9769329, 43.2704445], [131.9772762, 43.270556899999995], [131.9777604, 43.270722699999986], [131.97811739999997, 43.2708694], [131.97864259999997, 43.2710725], [131.9788912, 43.2712022], [131.97910379999996, 43.2713344], [131.9793043, 43.2714991], [131.97949999999997, 43.27166619999999], [131.9797924, 43.271973599999995], [131.98005169999996, 43.2723486], [131.98029309999998, 43.2728819], [131.9803959, 43.273178599999994], [131.98046029999998, 43.273430499999996], [131.98049049999997, 43.27350789999999], [131.9805971, 43.27371169999999], [131.9806963, 43.27392650000001], [131.9807231, 43.273998799999994], [131.9807446, 43.274110099999994], [131.9807714, 43.2741785], [131.9808242, 43.27425480000001], [131.9809189, 43.2744089], [131.9809994, 43.2745534], [131.98108789999998, 43.274709599999994], [131.9811496, 43.274848299999995], [131.98115499999997, 43.2748971], [131.9811282, 43.27495179999999], [131.9811335, 43.2749733], [131.981151, 43.27500259999999], [131.9811809, 43.2750214], [131.9812133, 43.275028899999995], [131.9812603, 43.2750299], [131.9813139, 43.2750255], [131.9813561, 43.275014299999995], [131.9817437, 43.2749113], [131.9817646, 43.274909], [131.981796, 43.2749137], [131.9823794, 43.27515], [131.9824083, 43.275158899999994], [131.98253299999996, 43.2751837], [131.98266239999998, 43.275202699999994], [131.9827925, 43.2752159], [131.9829233, 43.2752214], [131.9829521, 43.27521639999999], [131.9830339, 43.2751886], [131.9832082, 43.27513439999999], [131.9833953, 43.2750964], [131.98348579999998, 43.27509429999999], [131.98366279999996, 43.27513139999999], [131.9843861, 43.275373699999996], [131.9846633, 43.27546929999999], [131.9848947, 43.275572999999994], [131.9852873, 43.2757467], [131.9862458, 43.2762328], [131.98643319999996, 43.276357899999994], [131.98654850000003, 43.2764498], [131.9868731, 43.2766968], [131.98727549999998, 43.27699359999999], [131.9876188, 43.2771811], [131.98807579999996, 43.277527899999995], [131.9882797, 43.27771229999999], [131.9885801, 43.2779435], [131.98899209999996, 43.278243399999994], [131.9894556, 43.278649599999994], [131.98969589999996, 43.27886829999999], [131.98993629999998, 43.2790682], [131.99014219999998, 43.279243199999996], [131.990648, 43.2797831], [131.9910772, 43.28027039999999], [131.9915922, 43.2812952], [131.9918239, 43.282145], [131.9920213, 43.28278230000001], [131.99213, 43.283269999999995], [131.9922299, 43.28533], [131.99215929999997, 43.285841399999995], [131.9921164, 43.286116299999996], [131.9920563, 43.2865287], [131.9919601, 43.2868799], [131.9919701, 43.28713], [131.99167999999997, 43.28841990000001], [131.99135, 43.28894], [131.9911465, 43.289658800000005], [131.9907688, 43.29038979999999], [131.9906758, 43.290759], [131.9886202, 43.29467609999999], [131.9882709, 43.2948714], [131.9879893, 43.2950821], [131.9875601, 43.29578179999999], [131.9875145, 43.2960349], [131.9875601, 43.29625649999999], [131.9872276, 43.29676169999999], [131.98677049999998, 43.2968227], [131.9865757, 43.2968822], [131.9864738, 43.296999299999996], [131.9865301, 43.2970559], [131.98647649999998, 43.2971008], [131.9864148, 43.2971525], [131.98633829999997, 43.29717109999999], [131.9862793, 43.2971564], [131.9862404, 43.2971369], [131.98622169999996, 43.2971154], [131.98618409999997, 43.2970871], [131.9861546, 43.2970559], [131.9861332, 43.2970012], [131.9859937, 43.29697199999999], [131.9858475, 43.2969681], [131.9857509, 43.2969915], [131.9856986, 43.29701589999999], [131.9856638, 43.29704219999999], [131.9856037, 43.29712599999999], [131.98557789999998, 43.2971965], [131.98554579999998, 43.29725499999999], [131.9854599, 43.29732919999999], [131.9852681, 43.2974834], [131.98505959999997, 43.297501999999994], [131.9850153, 43.2975312], [131.9849751, 43.297541499999994], [131.9849543, 43.297539099999995], [131.98492449999998, 43.297532499999996], [131.9848913, 43.2975342], [131.9848698, 43.297549800000006], [131.984843, 43.29756830000001], [131.98483900000002, 43.297600499999994], [131.98485910000002, 43.29762689999999], [131.9848068, 43.297638600000006], [131.9847786, 43.2976611], [131.9847478, 43.297692299999994], [131.9846754, 43.2977284], [131.9846633, 43.2977401], [131.984668, 43.2977521], [131.9846794, 43.2977562], [131.98471629999997, 43.29778009999999], [131.9847438, 43.2977943], [131.9847424, 43.2978045], [131.98473, 43.297809699999995], [131.9846975, 43.2978089], [131.98461739999996, 43.297793999999996], [131.9845832, 43.2977855], [131.98454629999998, 43.29778569999999], [131.98453659999998, 43.29780720000001], [131.98454459999996, 43.297826], [131.98459419999998, 43.2978761], [131.98416169999996, 43.298129599999996], [131.9840089, 43.29830510000001], [131.9838399, 43.2984956], [131.9837634, 43.29860289999999], [131.9837235, 43.2987053], [131.9836897, 43.2987454], [131.9836776, 43.2987864], [131.9836846, 43.2988008], [131.9837004, 43.29880889999999], [131.9837138, 43.2988518], [131.9838077, 43.299187599999996], [131.98381769999997, 43.299202699999995], [131.9838271, 43.29920609999999], [131.9838375, 43.2992074], [131.9838788, 43.29920709999999], [131.98389950000004, 43.2992066], [131.983915, 43.299212], [131.9839197, 43.2992261], [131.9839257, 43.2992369], [131.9839405, 43.2992408], [131.9839606, 43.2992388], [131.98398, 43.29922809999999], [131.9839961, 43.2992203], [131.98400819999998, 43.29920169999999], [131.98401149999998, 43.299180299999996], [131.9840283, 43.2991686], [131.9840544, 43.29916469999999], [131.9840853, 43.29917], [131.9841074, 43.2991783], [131.9841322, 43.29919689999999], [131.9841483, 43.299203199999994], [131.984153, 43.2992115], [131.9841409, 43.299219300000004], [131.9841269, 43.2992183], [131.9841168, 43.299223899999994], [131.98411010000004, 43.299234199999994], [131.9841037, 43.29925469999999], [131.9841007, 43.29927489999999], [131.9841034, 43.2992881], [131.98412219999997, 43.299331099999996], [131.9841755, 43.2993688], [131.9841912, 43.2993867], [131.9841818, 43.299414], [131.9838201, 43.299868700000005], [131.98345260000002, 43.3002443], [131.9832712, 43.30045249999999], [131.9830835, 43.30063599999999], [131.9829145, 43.3007785], [131.9827193, 43.30089149999999], [131.982649, 43.3009366], [131.9825551, 43.3010381], [131.9824102, 43.3012294], [131.9821195, 43.3014654], [131.9820401, 43.3015476], [131.98193009999997, 43.30162369999999], [131.9818309, 43.3016335], [131.9817477, 43.3016257], [131.9816565, 43.3016296], [131.9814956, 43.30168230000001], [131.981383, 43.30176039999999], [131.981324, 43.301856], [131.981229, 43.301935099999994], [131.9804002, 43.3020034], [131.9795178, 43.302297], [131.97886869999996, 43.30260929999999], [131.9788054, 43.30260559999999], [131.9787557, 43.302586], [131.9787088, 43.302554799999996], [131.97867829999998, 43.3025195], [131.97864309999997, 43.302496299999994], [131.9786149, 43.3024601], [131.97860019999996, 43.302427], [131.97849419999997, 43.3022474], [131.97833229999998, 43.301971], [131.97833059999996, 43.301936], [131.9783655, 43.301897], [131.9786504, 43.3016646], [131.9786954, 43.3016022], [131.978749, 43.301522199999994], [131.97877049999997, 43.3014266], [131.9788027, 43.3013387], [131.9788215, 43.30124699999999], [131.97927109999998, 43.301004799999994], [131.9804877, 43.3005792], [131.9813203, 43.30051679999999], [131.9814312, 43.30054229999999], [131.9815117, 43.3005365], [131.98163780000002, 43.30048959999999], [131.9816996, 43.3004289], [131.9817719, 43.3002885], [131.98179229999997, 43.30014200000001], [131.98180939999997, 43.299983999999995], [131.9817451, 43.2998845], [131.981662, 43.29976599999999], [131.9814634, 43.2995702], [131.9813347, 43.29949409999999], [131.98125319999997, 43.2994041], [131.9811764, 43.29930079999999], [131.9811341, 43.29919520000001], [131.9808331, 43.299062500000005], [131.980813, 43.29906749999999], [131.9808009, 43.2991007], [131.98079819999998, 43.2991349], [131.980754, 43.2991866], [131.9807285, 43.2992227], [131.9806963, 43.299254899999994], [131.980639, 43.299253799999995], [131.9805421, 43.2992374], [131.9804589, 43.29920709999999], [131.9804348, 43.2991925], [131.9804066, 43.299173], [131.98037249999996, 43.29916589999999], [131.9803275, 43.29917], [131.9803007, 43.2991964], [131.9802739, 43.2992481], [131.9802719, 43.29927399999999], [131.9802638, 43.299293999999996], [131.9802481, 43.2992869], [131.980231, 43.29925690000001], [131.98020949999997, 43.2992471], [131.980184, 43.299245199999994], [131.9801616, 43.299243999999995], [131.98014109999997, 43.2992476], [131.9800821, 43.2992579], [131.98007, 43.29927539999999], [131.9800693, 43.299295099999995], [131.9800714, 43.299326699999995], [131.9800264, 43.2993384], [131.97999359999997, 43.2993574], [131.979956, 43.2993774], [131.9799513, 43.299395999999994], [131.97996210000002, 43.299414], [131.9799587, 43.2994306], [131.979948, 43.2994453], [131.9799326, 43.2994565], [131.97990639999998, 43.29945889999999], [131.9798749, 43.299455], [131.9798461, 43.299456000000006], [131.97983799999997, 43.2994643], [131.9798414, 43.2995219], [131.9798313, 43.2995424], [131.97979979999997, 43.29955559999999], [131.979777, 43.2995609], [131.97975349999996, 43.2995624], [131.9797388, 43.2995565], [131.979726, 43.2995482], [131.9797066, 43.2995438], [131.9796925, 43.2995521], [131.97969379999998, 43.299577], [131.9796824, 43.2995956], [131.97966169999998, 43.29961509999999], [131.97963149999998, 43.2996239], [131.9796181, 43.299662899999994], [131.9796127, 43.2996912], [131.9795912, 43.2997068], [131.9795658, 43.2997107], [131.9795322, 43.2997098], [131.9794987, 43.2997146], [131.97937, 43.2998162], [131.9793512, 43.2998454], [131.9793136, 43.299863], [131.97927209999997, 43.29987179999999], [131.9792251, 43.29988639999999], [131.9791889, 43.2998952], [131.9791573, 43.299911599999994], [131.97909499999997, 43.2999704], [131.97900919999998, 43.3000192], [131.9789234, 43.3000641], [131.9788295, 43.300107000000004], [131.9786471, 43.300220200000005], [131.9779729, 43.30048549999999], [131.9777808, 43.3005091], [131.977593, 43.3004994], [131.97744279999998, 43.3004916], [131.97730229999996, 43.3004309], [131.9742821, 43.2959567], [131.97422549999996, 43.2959139], [131.97413699999998, 43.29590220000001], [131.9740646, 43.2959305], [131.9740418, 43.29596759999999], [131.9740487, 43.29600940000001], [131.9767455, 43.299985799999995], [131.97668109999998, 43.30005820000001], [131.97668639999998, 43.300132399999995], [131.9769064, 43.3005755], [131.9767329, 43.30075240000001], [131.97662739999998, 43.3008663], [131.9765174, 43.300944400000006], [131.9763839, 43.30096650000001], [131.9763364, 43.3009513], [131.9761781, 43.3007922], [131.97608559999998, 43.300758], [131.97600509999998, 43.3007141], [131.97598899999997, 43.30068970000001], [131.9759609, 43.3006585], [131.9759193, 43.300638], [131.9758662, 43.30062209999999], [131.97583479999997, 43.300641899999995], [131.9758335, 43.30066720000001], [131.97582539999996, 43.30070039999999], [131.9758107, 43.30072869999999], [131.9757771, 43.300790199999994], [131.975694, 43.3008332], [131.9755921, 43.30084289999999], [131.975525, 43.3008683], [131.9754955, 43.30091219999999], [131.9754942, 43.3009522], [131.97500739999998, 43.3012704], [131.9745326, 43.3016491], [131.9745018, 43.301717399999994], [131.9745152, 43.3017682], [131.97451919999997, 43.3018062], [131.9744964, 43.3018404], [131.9744267, 43.301882400000004], [131.9743301, 43.301897], [131.97429309999998, 43.301914399999994], [131.97428579999996, 43.30193849999999], [131.9742872, 43.3019624], [131.9742872, 43.30199259999999], [131.9742785, 43.30200779999999], [131.9742617, 43.302020899999995], [131.9742389, 43.3020292], [131.97421479999997, 43.30203070000001], [131.974204, 43.3020493], [131.9742084, 43.3020676], [131.9742094, 43.3020863], [131.9741983, 43.3021044], [131.9741839, 43.3021176], [131.9741437, 43.30214779999999], [131.97411419999997, 43.3021625], [131.97396400000002, 43.3021615], [131.9739402, 43.30215389999999], [131.9739211, 43.3021625], [131.9739264, 43.30220049999999], [131.97394649999998, 43.30222049999999], [131.97394649999998, 43.3022386], [131.9739157, 43.3022474], [131.9738875, 43.302243499999996], [131.9738594, 43.3022288], [131.9738433, 43.3022093], [131.97380299999998, 43.3021693], [131.9737507, 43.302154699999996], [131.9737092, 43.3021625], [131.97368639999996, 43.30219269999999], [131.9736595, 43.302241499999994], [131.9736448, 43.3022972], [131.9736421, 43.30235379999999], [131.97362529999998, 43.30237859999999], [131.9735898, 43.3023938], [131.9735905, 43.3024055], [131.9735821, 43.3024277], [131.9735637, 43.302446499999995], [131.9735181, 43.302518199999994], [131.9734972, 43.3025964], [131.9735026, 43.3026241], [131.9735241, 43.3026719], [131.9735523, 43.30272759999999], [131.97356429999996, 43.30277929999999], [131.9735751, 43.3027988], [131.9736139, 43.3028173], [131.9736555, 43.30282909999999], [131.9737239, 43.3028925], [131.9738065, 43.302968799999995], [131.9741177, 43.30326449999999], [131.974461, 43.30354559999999], [131.9747319, 43.303746600000004], [131.9749296, 43.3039212], [131.9750288, 43.30400509999999], [131.975094, 43.3040863], [131.97519779999996, 43.30417489999999], [131.9753587, 43.304264700000004], [131.97552769999996, 43.304473599999994], [131.97554379999997, 43.30458869999999], [131.9755822, 43.3047012], [131.97564569999997, 43.3047371], [131.97572349999996, 43.3048151], [131.9759139, 43.3052502], [131.9761173, 43.3057196], [131.9763062, 43.306031899999994], [131.9764435, 43.306244299999996], [131.97646069999996, 43.3065128], [131.97650359999997, 43.3067814], [131.97646069999996, 43.30724359999999], [131.97613, 43.3080701], [131.9759199, 43.308630099999995], [131.97566959999997, 43.30886399999999], [131.97547409999999, 43.3090096], [131.9753239, 43.30907989999999], [131.9751584, 43.309129799999994], [131.9748148, 43.30928829999999], [131.974329, 43.3095847], [131.9740105, 43.30982339999999], [131.9736894, 43.3100925], [131.9734555, 43.310439], [131.9733458, 43.3106446], [131.97325929999997, 43.31088439999999], [131.9733001, 43.31135999999999], [131.9733739, 43.3114375], [131.97348, 43.311479999999996], [131.97356429999996, 43.3116346], [131.9735965, 43.31172829999999], [131.9735101, 43.3119899], [131.97341409999999, 43.3120172], [131.9733417, 43.3120289], [131.9733216, 43.312008399999996], [131.9733363, 43.3119489], [131.9733913, 43.311902], [131.9734329, 43.3118522], [131.9734369, 43.3117713], [131.9734168, 43.3117459], [131.9733524, 43.311741999999995], [131.9732827, 43.31181419999999], [131.9732666, 43.3118571], [131.97313109999996, 43.3119127], [131.97302789999998, 43.3119225], [131.9728857, 43.31194099999999], [131.9728509, 43.3119986], [131.97284549999998, 43.3120562], [131.9728857, 43.312142099999996], [131.9729903, 43.31239639999999], [131.9728799, 43.3124299], [131.9726599, 43.31253009999999], [131.97255309999997, 43.3124563], [131.97250219999998, 43.3123743], [131.97244519999998, 43.3121992], [131.9724311, 43.31202789999999], [131.9723512, 43.3118994], [131.9722936, 43.3113082], [131.9722608, 43.310893], [131.97234079999998, 43.31051], [131.9724995, 43.310114299999995], [131.97273359999997, 43.3097273], [131.9731327, 43.3092289], [131.9732786, 43.30908339999999], [131.9734244, 43.30896490000001], [131.9736428, 43.3088424], [131.9739119, 43.30872409999999], [131.9741113, 43.3086255], [131.9744146, 43.308515799999995], [131.9746727, 43.3083876], [131.97498969999998, 43.308239], [131.9751629, 43.3081079], [131.9752735, 43.3079618], [131.9753909, 43.3078171], [131.9754612, 43.30766319999999], [131.975576, 43.3074423], [131.9756563, 43.3072145], [131.97568939999996, 43.3069593], [131.9756668, 43.30670289999999], [131.97565379999998, 43.3065894], [131.9756077, 43.3064773], [131.9752795, 43.30578169999999], [131.9751334, 43.3055041], [131.9749342, 43.3052881], [131.97442860000004, 43.3048408], [131.97433679999997, 43.304762399999994], [131.9742832, 43.3046785], [131.9742215, 43.3046082], [131.9741969, 43.304531299999994], [131.9740471, 43.30432909999999], [131.9739345, 43.3042403], [131.97387139999998, 43.3042364], [131.9738607, 43.304213], [131.9738674, 43.3041974], [131.9738607, 43.3041661], [131.9738241, 43.3041353], [131.9737306, 43.30413200000001], [131.9737011, 43.30408899999999], [131.9735348, 43.3039075], [131.9733095, 43.3037474], [131.9731995, 43.30356009999999], [131.9731003, 43.3033707], [131.97276499999998, 43.3027617], [131.972698, 43.30275], [131.9723359, 43.3028496], [131.9720462, 43.30302519999999], [131.971955, 43.303175499999995], [131.9718343, 43.303318], [131.97171089999998, 43.3034644], [131.97153929999996, 43.3035815], [131.9701391, 43.30405979999999], [131.9700909, 43.3041788], [131.97003189999998, 43.3042959], [131.9697757, 43.30444229999999], [131.9697368, 43.30447840000001], [131.96971269999997, 43.304534999999994], [131.9697669, 43.3045737], [131.9698575, 43.304623899999996], [131.97002109999997, 43.3046375], [131.9701257, 43.3046473], [131.9700855, 43.3047293], [131.97000499999996, 43.3047605], [131.9699487, 43.304789799999995], [131.9698173, 43.30484249999999], [131.9696778, 43.30489130000001], [131.9695866, 43.3049518], [131.9695088, 43.3050455], [131.9694605, 43.30515479999999], [131.9694663, 43.305251199999994], [131.969541, 43.30530900000001], [131.96964289999997, 43.30534209999999], [131.9698307, 43.305392899999994], [131.9700536, 43.30543], [131.9701713, 43.305461199999996], [131.97022769999998, 43.30546509999999], [131.97032419999996, 43.3054573], [131.9703846, 43.3054417], [131.97041809999996, 43.30541439999999], [131.9705214, 43.30538119999999], [131.97063129999998, 43.3053646], [131.9707467, 43.3053831], [131.9708419, 43.30543289999999], [131.9709103, 43.3054749], [131.9709639, 43.3055451], [131.97109939999999, 43.3056115], [131.9711879, 43.30565049999999], [131.9713232, 43.3056708], [131.9714159, 43.3056252], [131.97155, 43.3054417], [131.9715688, 43.3053695], [131.97158749999997, 43.305303099999996], [131.9716519, 43.30524059999999], [131.9717404, 43.30515090000001], [131.971896, 43.3050045], [131.9719884, 43.3049372], [131.97210989999996, 43.30483999999999], [131.9719905, 43.3053912], [131.9719925, 43.30550999999999], [131.9720417, 43.30562439999999], [131.9721213, 43.3056915], [131.9722593, 43.3057171], [131.9724351, 43.30573249999999], [131.9726604, 43.30578909999999], [131.9727945, 43.30578909999999], [131.9728079, 43.3058379], [131.9727731, 43.30595889999999], [131.9726059, 43.3061337], [131.97242709999998, 43.3064235], [131.9723493, 43.306564], [131.9722593, 43.306679100000004], [131.97202739999997, 43.30692309999999], [131.9718646, 43.3071214], [131.9717216, 43.3073974], [131.9716286, 43.3076679], [131.97163039999998, 43.307821], [131.97158219999997, 43.3081684], [131.97157139999996, 43.3083206], [131.9713572, 43.30842260000001], [131.970384, 43.30869849999999], [131.96967, 43.3088799], [131.9693199, 43.30888989999999], [131.9688605, 43.30877269999999], [131.9683582, 43.3087773], [131.96785199999997, 43.30888579999999], [131.9670795, 43.309198099999996], [131.9663253, 43.309586599999996], [131.9662124, 43.30967509999999], [131.9660783, 43.3097493], [131.9659415, 43.309846900000004], [131.9658152, 43.30989840000001], [131.96551009999996, 43.31002], [131.9652539, 43.31008659999999], [131.9648395, 43.3101942], [131.96413069999997, 43.3104116], [131.9637451, 43.31053709999999], [131.9634299, 43.31064069999999], [131.9628918, 43.310756399999995], [131.9627845, 43.31079929999999], [131.96267719999997, 43.310811], [131.9625431, 43.31080909999999], [131.9623589, 43.31082189999999], [131.96154350000003, 43.3110405], [131.96032039999997, 43.311298199999996], [131.9602592, 43.3113224], [131.96000040000004, 43.3114317], [131.95988169999998, 43.31146439999999], [131.9597697, 43.31148829999999], [131.9597489, 43.311492199999996], [131.9597349, 43.31149949999999], [131.9597261, 43.311512199999996], [131.9597261, 43.311526799999996], [131.95971939999998, 43.3115405], [131.9597067, 43.311545800000005], [131.9596919, 43.3115419], [131.9596792, 43.3115366], [131.9596544, 43.3115341], [131.9596309, 43.3115361], [131.9594988, 43.311559499999994], [131.95914339999996, 43.311671700000005], [131.9586888, 43.31183959999999], [131.95863109999996, 43.3118747], [131.9585815, 43.311904], [131.9585433, 43.3119328], [131.95848899999996, 43.3119606], [131.95839909999998, 43.3119898], [131.9578493, 43.312142099999996], [131.9573745, 43.3122631], [131.95711429999997, 43.312321600000004], [131.9568032, 43.31239579999999], [131.9560964, 43.3126336], [131.9549345, 43.3129766], [131.9544796, 43.31315109999999], [131.9531373, 43.31363339999999], [131.9522392, 43.31388249999999], [131.9511739, 43.314147899999995], [131.94978449999996, 43.314425799999995], [131.948894, 43.314628799999994], [131.9481365, 43.314797399999996], [131.9463459, 43.31515770000001], [131.9450756, 43.315380499999996], [131.9442826, 43.31545979999999], [131.9442572, 43.3154529], [131.94424709999998, 43.31543249999999], [131.94425619999998, 43.315413199999995], [131.94425779999997, 43.31540269999999], [131.94424239999998, 43.3153924], [131.9442236, 43.3153934], [131.944163, 43.3153853], [131.94411639999998, 43.3153681], [131.9440097, 43.315004599999995], [131.9439715, 43.31493189999999], [131.9439561, 43.3149177], [131.9439333, 43.3149115], [131.9438951, 43.314910399999995], [131.9438629, 43.31489919999999], [131.9438347, 43.31488699999999], [131.9438173, 43.3148655], [131.9437885, 43.3148353], [131.9437663, 43.3147948], [131.9437315, 43.314762099999996], [131.94368719999997, 43.3147377], [131.94368229999998, 43.314736999999994], [131.9436785, 43.31473919999999], [131.9436756, 43.3147405], [131.9436597, 43.314767], [131.94362480000004, 43.31477769999999], [131.94359, 43.31478359999999], [131.9435551, 43.31477579999999], [131.9435303, 43.31475329999999], [131.94352089999998, 43.314725], [131.9435149, 43.3146928], [131.9435236, 43.3146674], [131.9434834, 43.3146509], [131.94346729999998, 43.314649900000006], [131.9434481, 43.314656199999995], [131.943419, 43.3146728], [131.9433761, 43.3147026], [131.9433519, 43.3147118], [131.9433383, 43.3147125], [131.9433305, 43.3147094], [131.94332849999998, 43.31470480000001], [131.9433328, 43.31469919999999], [131.94336669999998, 43.3146831], [131.9434418, 43.3146284], [131.9434847, 43.3145884], [131.94348869999996, 43.314540599999994], [131.9434324, 43.3144694], [131.9433694, 43.31444789999999], [131.9433278, 43.314403000000006], [131.9432929, 43.3143454], [131.9432849, 43.314280999999994], [131.9432272, 43.31424199999999], [131.9431843, 43.3141913], [131.9431816, 43.314161999999996], [131.94320169999997, 43.3141366], [131.94352089999998, 43.31413469999999], [131.9435987, 43.3141464], [131.94368589999996, 43.3141464], [131.943769, 43.31413859999999], [131.9438374, 43.31411709999999], [131.94388299999997, 43.3140966], [131.9439045, 43.3140625], [131.9439286, 43.3140293], [131.9439393, 43.3139844], [131.9439031, 43.3139122], [131.9438817, 43.3138771], [131.9438268, 43.313858399999994], [131.9438012, 43.3138614], [131.9437462, 43.31391609999999], [131.94367380000003, 43.313919999999996], [131.9436188, 43.3139073], [131.94353829999997, 43.3138488], [131.94344310000002, 43.31380089999999], [131.9433251, 43.3137639], [131.9423756, 43.31353359999999], [131.9422683, 43.313505299999996], [131.9422013, 43.3134594], [131.94215029999998, 43.31340669999999], [131.94196489999996, 43.3133492], [131.9417801, 43.31329550000001], [131.9415615, 43.3132321], [131.94129729999997, 43.3132018], [131.9411083, 43.3131159], [131.9409648, 43.313070999999994], [131.940891, 43.31306229999999], [131.940832, 43.3130818], [131.94076089999996, 43.3130818], [131.94069789999998, 43.313072999999996], [131.94063889999998, 43.31305149999999], [131.9405343, 43.313040799999996], [131.9404417, 43.3130496], [131.9403854, 43.3130564], [131.9403422, 43.3130734], [131.9402875, 43.313093499999994], [131.9402111, 43.31319009999999], [131.9401239, 43.3133365], [131.94004479999998, 43.31349939999999], [131.9400185, 43.3136733], [131.9400541, 43.31372], [131.940093, 43.3137365], [131.940148, 43.3137443], [131.9401869, 43.3137346], [131.9402204, 43.31372579999999], [131.9402553, 43.31372189999999], [131.94031969999998, 43.31372189999999], [131.94036659999998, 43.3137151], [131.94039339999998, 43.3136907], [131.9404109, 43.3136702], [131.9404478, 43.3136887], [131.94049199999998, 43.3137024], [131.94051479999996, 43.3137034], [131.9405403, 43.3136921], [131.94055969999997, 43.31367899999999], [131.9405825, 43.313652600000005], [131.940608, 43.3136355], [131.9406275, 43.31361900000001], [131.94065359999996, 43.31361549999999], [131.940665, 43.3136248], [131.94067439999998, 43.31363509999999], [131.9407032, 43.3136463], [131.9407227, 43.3136463], [131.9407482, 43.31364289999999], [131.9407589, 43.3136536], [131.940771, 43.3136663], [131.9407706, 43.31367459999999], [131.9407659, 43.31368139999999], [131.9407006, 43.3137224], [131.94069319999997, 43.313735099999995], [131.9406945, 43.313753600000005], [131.9407012, 43.3137634], [131.940716, 43.3137761], [131.9407327, 43.3137892], [131.9406905, 43.313818500000004], [131.9406764, 43.31383269999999], [131.9406375, 43.3138795], [131.94063689999996, 43.3139337], [131.9406684, 43.3140112], [131.94069649999997, 43.31404729999999], [131.9407421, 43.3140781], [131.9408172, 43.3141444], [131.9408333, 43.31423029999999], [131.9409406, 43.3146206], [131.9410509, 43.314953], [131.94120749999996, 43.31526289999999], [131.9414436, 43.3154643], [131.9415959, 43.31585299999999], [131.94176439999998, 43.316120399999996], [131.94201539999997, 43.31646889999999], [131.9422568, 43.31681789999999], [131.94203509999997, 43.3169278], [131.94178369999997, 43.317045], [131.941435, 43.3166836], [131.94122, 43.3164201], [131.9408127, 43.316006800000004], [131.94047369999998, 43.315814], [131.9402805, 43.3154221], [131.9401923, 43.3153349], [131.9401413, 43.31499139999999], [131.9400743, 43.314645999999996], [131.94007689999998, 43.31458349999999], [131.9400161, 43.31435220000001], [131.93999920000002, 43.31433079999999], [131.939971, 43.3143064], [131.9397946, 43.314121], [131.9397671, 43.31410579999999], [131.9397336, 43.3141049], [131.9397108, 43.31409810000001], [131.939676, 43.31408879999999], [131.9396532, 43.31406929999999], [131.939633, 43.31404249999999], [131.93947949999998, 43.3139693], [131.9394466, 43.31395899999999], [131.9394292, 43.3139327], [131.9393983, 43.3139034], [131.9393447, 43.31387899999999], [131.9393011, 43.3138668], [131.9392629, 43.31385709999999], [131.9392535, 43.313845799999996], [131.9392502, 43.313834099999994], [131.93925219999997, 43.313799], [131.9391932, 43.3137326], [131.9391341, 43.31370359999999], [131.9390765, 43.313698499999994], [131.93902279999998, 43.313722899999995], [131.93893569999997, 43.313865299999996], [131.938886, 43.31388389999999], [131.93874789999998, 43.3139034], [131.9386084, 43.313924899999996], [131.93857759999997, 43.313994199999996], [131.9385454, 43.31404779999999], [131.93849710000003, 43.3141034], [131.9384287, 43.3141545], [131.9382382, 43.3144028], [131.9384328, 43.3146245], [131.9383952, 43.3146557], [131.9383416, 43.31467129999999], [131.93832949999998, 43.314687899999996], [131.93833, 43.314699999999995], [131.9384381, 43.31492310000001], [131.938473, 43.315007], [131.9384515, 43.3150597], [131.93840710000003, 43.31510029999999], [131.9383053, 43.3151065], [131.93815779999997, 43.3151007], [131.9380546, 43.3151387], [131.93803579999997, 43.31515730000001], [131.9380311, 43.31517579999999], [131.9380579, 43.31519579999999], [131.9380981, 43.31521099999999], [131.9380807, 43.315239299999995], [131.9380505, 43.3152529], [131.9380163, 43.3152514], [131.9379902, 43.31524509999999], [131.9378546, 43.31527659999999], [131.9378266, 43.315310499999995], [131.9378212, 43.3153495], [131.93785609999998, 43.3154012], [131.9378681, 43.31545489999999], [131.9379017, 43.3154891], [131.93774609999997, 43.31568519999999], [131.9377086, 43.315707599999996], [131.9377112, 43.31573199999999], [131.9377515, 43.3158081], [131.93776090000003, 43.3158842], [131.93776090000003, 43.3159594], [131.9377541, 43.316006800000004], [131.9377855, 43.3160864], [131.9378185, 43.316123299999994], [131.9378695, 43.3161565], [131.9379365, 43.31614869999999], [131.9380116, 43.31614669999999], [131.9380948, 43.3161389], [131.9381565, 43.316135], [131.93819810000002, 43.3161023], [131.93827989999997, 43.31605009999999], [131.9383416, 43.3159725], [131.9384381, 43.315892999999996], [131.93846289999996, 43.31589159999999], [131.9384663, 43.3159086], [131.93840999999998, 43.3159623], [131.9383362, 43.316070599999996], [131.9382986, 43.3160891], [131.93822759999998, 43.31612429999999], [131.9381712, 43.31616329999999], [131.93834899999996, 43.3163448], [131.93831339999997, 43.3164492], [131.9382772, 43.316454099999994], [131.9381846, 43.31645210000001], [131.93810689999998, 43.3164502], [131.938017, 43.31644730000001], [131.93798479999998, 43.31644730000001], [131.93791369999997, 43.3164668], [131.93782929999998, 43.3165097], [131.93775419999997, 43.316539], [131.9376262, 43.31663170000001], [131.937561, 43.316691199999994], [131.93746979999997, 43.31671659999999], [131.9373813, 43.3167234], [131.9372968, 43.316725299999995], [131.9370602, 43.316778899999996], [131.9356467, 43.31704560000001], [131.9342407, 43.317253699999995], [131.93385449999997, 43.3173134], [131.933236, 43.3173986], [131.93294089999998, 43.3174337], [131.93264369999997, 43.31743180000001], [131.93248359999998, 43.317404499999995], [131.9323924, 43.3173635], [131.93218989999997, 43.317251299999995], [131.9319767, 43.31718779999999], [131.93178759999998, 43.317115599999994], [131.9315475, 43.317100999999994], [131.93132560000004, 43.317136399999995], [131.9311291, 43.3173488], [131.9310459, 43.3175147], [131.9309467, 43.3175225], [131.93077769999996, 43.3175011], [131.9306168, 43.317499100000006], [131.9303942, 43.317493299999995], [131.93025159999996, 43.317499700000006], [131.92848069999997, 43.3176513], [131.9270808, 43.3178063], [131.9253087, 43.3179501], [131.9239307, 43.31814630000001], [131.9225254, 43.3182659], [131.9214919, 43.318398699999996], [131.9204469, 43.318511699999995], [131.9183409, 43.31880629999999], [131.9174632, 43.3189061], [131.9170287, 43.3189451], [131.91658079999996, 43.31896659999999], [131.9161409, 43.3189744], [131.9157681, 43.3189627], [131.91483079999998, 43.31889619999999], [131.9141307, 43.31890620000001], [131.9137809, 43.31890620000001], [131.9133353, 43.318921700000004], [131.91284719999996, 43.31891], [131.912469, 43.318876800000005], [131.91212029999997, 43.31882409999999], [131.912021, 43.3187988], [131.9119902, 43.318764599999994], [131.911962, 43.318730499999994], [131.9119205, 43.3187129], [131.9118718, 43.31869629999999], [131.9114959, 43.3186439], [131.91146919999997, 43.31864409999999], [131.9114477, 43.3186485], [131.91142739999998, 43.31865809999999], [131.91141690000003, 43.31866509999999], [131.91141489999998, 43.318671], [131.9114014, 43.318700699999994], [131.9114363, 43.31874069999999], [131.9114578, 43.3187827], [131.91147249999997, 43.3188334], [131.9114631, 43.318880699999994], [131.91141349999998, 43.3189207], [131.9113491, 43.318952], [131.9112553, 43.318982199999994], [131.9107068, 43.319045599999995], [131.91065709999998, 43.319031], [131.91062559999997, 43.3189988], [131.9106223, 43.318961699999996], [131.9106209, 43.318929], [131.91062699999998, 43.318900199999995], [131.9106229, 43.31885830000001], [131.91060889999997, 43.31883289999999], [131.91056459999996, 43.31881489999999], [131.91051229999997, 43.3188027], [131.9104573, 43.3187983], [131.91040629999998, 43.31880459999999], [131.90992069999996, 43.3190162], [131.9095568, 43.3191654], [131.90911990000004, 43.3191364], [131.908742, 43.3191083], [131.9088896, 43.3188427], [131.90888149999998, 43.31876849999999], [131.9088896, 43.318698299999994], [131.90890829999998, 43.3186749], [131.90896059999997, 43.31864459999999], [131.909017, 43.318628999999994], [131.90909269999997, 43.31859539999999], [131.9091487, 43.3183233], [131.9091484, 43.318310700000005], [131.9091403, 43.31830089999999], [131.9091206, 43.318297300000005], [131.9090991, 43.3183034], [131.9088129, 43.3185849], [131.9085346, 43.318777499999996], [131.9085449, 43.318869], [131.908502, 43.318951], [131.9083974, 43.319013399999996], [131.90824989999996, 43.3190856], [131.9080031, 43.31919099999999], [131.9077293, 43.3192879], [131.9074968, 43.31936079999999], [131.905645, 43.31974939999999], [131.9035457, 43.3200671], [131.90275130000003, 43.32018229999999], [131.9025106, 43.320196499999994], [131.90227119999997, 43.3202038], [131.9022095, 43.3202004], [131.9021559, 43.320186199999995], [131.9021177, 43.32015989999999], [131.9020942, 43.32012769999999], [131.9020432, 43.320034], [131.90196949999998, 43.31999689999999], [131.9018708, 43.319986199999995], [131.90141019999996, 43.320004499999996], [131.9008254, 43.3201472], [131.8994899, 43.320360799999996], [131.8979547, 43.320510699999986], [131.8973085, 43.3205876], [131.89638909999996, 43.3206351], [131.8961048, 43.320596], [131.8956864, 43.32055309999999], [131.8954305, 43.3205116], [131.8949999, 43.32042289999999], [131.8947088, 43.320182], [131.89451160000002, 43.32006909999999], [131.8943989, 43.3200165], [131.8943131, 43.31989939999999], [131.89427699999996, 43.3197839], [131.894246, 43.3196925], [131.8942568, 43.319595], [131.89421119999997, 43.319532499999994], [131.89412799999997, 43.319487599999995], [131.89396839999998, 43.319485099999994], [131.8939376, 43.319507099999996], [131.8939859, 43.3196184], [131.8939424, 43.3197651], [131.8937625, 43.3198953], [131.8935566, 43.31994089999999], [131.8910089, 43.320176499999995], [131.89030619999997, 43.320212], [131.8888558, 43.32022839999999], [131.8881473, 43.320246399999995], [131.8872334, 43.3202506], [131.8863096, 43.320239099999995], [131.8838495, 43.320259099999994], [131.8827404, 43.320214199999995], [131.8822806, 43.32015619999999], [131.881533, 43.320086], [131.88044629999996, 43.3199889], [131.8798763, 43.31993649999999], [131.8790308, 43.31979619999999], [131.8772608, 43.3195863], [131.8755619, 43.31927859999999], [131.8747807, 43.3191363], [131.8740608, 43.31889619999999], [131.8738242, 43.3187544], [131.873648, 43.3185939], [131.8735668, 43.318439999999995], [131.87358499999996, 43.3182094], [131.87367479999997, 43.3179928], [131.87366949999998, 43.317903099999995], [131.87362659999997, 43.3178067], [131.8736212, 43.3176962], [131.8735971, 43.31767670000001], [131.8734281, 43.3176572], [131.87333959999998, 43.3176972], [131.87321349999996, 43.317716700000005], [131.8730667, 43.317719399999994], [131.8725094, 43.317688399999994], [131.8719329, 43.317580299999996], [131.8701502, 43.31717669999999], [131.8692268, 43.3168302], [131.86819479999997, 43.3162976], [131.8677308, 43.3159147], [131.8671469, 43.3148363], [131.86680999999996, 43.3143752], [131.86652409999996, 43.31393589999999], [131.8663913, 43.3137307], [131.86641279999998, 43.3136663], [131.86642739999996, 43.313559399999995], [131.86632689999996, 43.313398899999996], [131.866276, 43.3132428], [131.86627359999997, 43.31307790000001], [131.866328, 43.3128298], [131.8664804, 43.31246269999999], [131.86668089999998, 43.3120379], [131.8669821, 43.3116203], [131.86705399999997, 43.3113969], [131.8672933, 43.311108899999994], [131.8676393, 43.31082589999999], [131.86777679999997, 43.310743], [131.86799059999998, 43.3105488], [131.86809469999997, 43.3103798], [131.8681253, 43.3103085], [131.8680637, 43.310287], [131.8680744, 43.3102441], [131.86816959999996, 43.3101904], [131.8682769, 43.310122099999994], [131.8683152, 43.3099994], [131.8683332, 43.30995419999999], [131.8683332, 43.30990349999999], [131.8682983, 43.309874199999996], [131.868234, 43.3098781], [131.86819639999996, 43.30992499999999], [131.86815889999997, 43.309995199999996], [131.8680757, 43.31008299999999], [131.8679953, 43.3101299], [131.867878, 43.310194599999996], [131.8679014, 43.31028340000001], [131.86781560000003, 43.3103738], [131.8677019, 43.31044299999999], [131.8675087, 43.3103411], [131.8673918, 43.310254799999996], [131.86732699999996, 43.310144199999996], [131.867314, 43.310082099999995], [131.8673416, 43.3100244], [131.86780929999998, 43.30981129999999], [131.8679215, 43.30974439999999], [131.8679632, 43.30957219999999], [131.8680328, 43.3095268], [131.8681347, 43.3094878], [131.8684581, 43.30935470000001], [131.8685666, 43.3092731], [131.8686336, 43.30918909999999], [131.8685907, 43.3090808], [131.8684667, 43.30906269999999], [131.86821119999996, 43.309106199999995], [131.86805869999998, 43.3091951], [131.8679228, 43.309286699999994], [131.8678746, 43.3093346], [131.86781679999999, 43.309355], [131.8676628, 43.3093467], [131.8674911, 43.309325], [131.86726939999997, 43.309318899999994], [131.8670176, 43.309308599999994], [131.8667405, 43.3092637], [131.8661164, 43.3091129], [131.8657749, 43.3090015], [131.8654296, 43.3088786], [131.86506130000004, 43.30870939999999], [131.8648702, 43.30863359999999], [131.8647344, 43.308611299999995], [131.8645673, 43.30862969999999], [131.86387469999997, 43.3086546], [131.8632719, 43.3086309], [131.8626586, 43.308551099999995], [131.8620488, 43.3083187], [131.86135679999998, 43.3081777], [131.8606165, 43.30808639999999], [131.8602973, 43.3080454], [131.8597628, 43.307946699999995], [131.8597595, 43.3078746], [131.8597032, 43.3078444], [131.8595732, 43.307848299999996], [131.85887, 43.307768599999996], [131.85808889999998, 43.307635], [131.8574091, 43.3073875], [131.8568963, 43.3072432], [131.856429, 43.3070735], [131.85585569999998, 43.3068958], [131.8554184, 43.30683530000001], [131.8554103, 43.30673769999999], [131.8553513, 43.3066831], [131.8545681, 43.30659519999999], [131.8538761, 43.3064767], [131.8533558, 43.3063249], [131.85329, 43.30640590000001], [131.85306879999996, 43.3063239], [131.8530488, 43.3062531], [131.853054, 43.3061739], [131.8527135, 43.30598849999999], [131.8522802, 43.3056759], [131.8520447, 43.30553509999999], [131.8518189, 43.305469], [131.85158689999997, 43.305448], [131.85127409999998, 43.3054618], [131.8510008, 43.3054495], [131.8509284, 43.3054963], [131.8509042, 43.30555489999999], [131.8508559, 43.3056603], [131.85052599999997, 43.305681799999995], [131.8502391, 43.3057562], [131.8498867, 43.3058459], [131.8495608, 43.3059064], [131.8488455, 43.30599279999999], [131.8485196, 43.305977199999994], [131.84814080000004, 43.3059462], [131.8476324, 43.3058743], [131.84698799999998, 43.3057277], [131.84539079999996, 43.30528189999999], [131.8444767, 43.304965499999994], [131.8434799, 43.3045305], [131.8433205, 43.3045261], [131.8432393, 43.3044007], [131.8434584, 43.3042867], [131.84348389999997, 43.3042471], [131.8434691, 43.3042193], [131.8434112, 43.3042119], [131.8431111, 43.304246199999994], [131.84297959999998, 43.304250999999994], [131.8429357, 43.304235899999995], [131.8426752, 43.304071500000006], [131.8424265, 43.30388169999999], [131.8422648, 43.3037455], [131.8421453, 43.30358749999999], [131.8421763, 43.30325559999999], [131.84222589999996, 43.302913399999994], [131.842359, 43.30264579999999], [131.8426873, 43.3022462], [131.8428497, 43.302086], [131.8429673, 43.3019283], [131.84311049999997, 43.30177079999999], [131.84341339999997, 43.30152699999999], [131.8435416, 43.30142850000001], [131.84360329999998, 43.3013622], [131.8436086, 43.3012782], [131.8435676, 43.30112919999999], [131.8440522, 43.30031749999999], [131.8452055, 43.2988114], [131.8455436, 43.298938299999996], [131.8456433, 43.2987831], [131.8451377, 43.2986014], [131.8442742, 43.29981639999999], [131.8439078, 43.3002627], [131.84351549999997, 43.3007036], [131.8431439, 43.30104969999999], [131.842457, 43.3015684], [131.8422487, 43.3015613], [131.8420422, 43.301533899999995], [131.84162629999997, 43.301460799999994], [131.84127089999998, 43.30139440000001], [131.840644, 43.3012306], [131.8405911, 43.30120790000001], [131.84048349999998, 43.3010759], [131.8402365, 43.300878499999996], [131.8399072, 43.30061839999999], [131.8395438, 43.30038059999999], [131.8392178, 43.30022999999999], [131.8389281, 43.3000641], [131.8386894, 43.299843499999994], [131.8383965, 43.2996258], [131.83834440000004, 43.29947330000001], [131.8383045, 43.299440399999995], [131.8381423, 43.299375], [131.8380672, 43.29933009999999], [131.8380243, 43.29927349999999], [131.8379831, 43.29920109999999], [131.8375614, 43.2989532], [131.83717829999998, 43.2988125], [131.836711, 43.2986266], [131.83568539999996, 43.298439], [131.835102, 43.29840579999999], [131.8345039, 43.298322799999994], [131.8341753, 43.29832480000001], [131.8337409, 43.29834639999999], [131.8330327, 43.2983462], [131.8328905, 43.2983189], [131.83268669999998, 43.298274], [131.8323734, 43.29821770000001], [131.8317189, 43.298066299999995], [131.8310465, 43.29791399999999], [131.8302862, 43.297709299999994], [131.8293121, 43.2974364], [131.8288234, 43.29728780000001], [131.8279745, 43.2968563], [131.8279445, 43.2966909], [131.82781779999996, 43.29653929999999], [131.8277313, 43.29649369999999], [131.827632, 43.29646149999999], [131.8272981, 43.2963707], [131.8272351, 43.2963307], [131.8272243, 43.2963014], [131.8272364, 43.2962477], [131.827221, 43.29621499999999], [131.8271801, 43.29618519999999], [131.82689999999997, 43.2961217], [131.82662429999996, 43.2960757], [131.8259087, 43.295931499999995], [131.82515609999996, 43.295709599999995], [131.82480439999998, 43.29557199999999], [131.8247098, 43.29550199999999], [131.8246293, 43.2954298], [131.8245618, 43.2952909], [131.8243989, 43.2949114], [131.82447639999998, 43.294840199999996], [131.8245108, 43.2947456], [131.8244362, 43.2946098], [131.8242692, 43.2945035], [131.8235083, 43.2941839], [131.82344639999997, 43.2941218], [131.8234191, 43.29405129999999], [131.823338, 43.2938961], [131.8233019, 43.2936183]]]]}}, {"type": "Feature", "properties": {"id": "mo-05557000", "name": "Шкотовский муниципальный округ", "region": "Приморский край", "isCity": false, "sourceOktmo": "05-557-000-000", "sourceAgg": "Владивосток", "excelNames": ["Шкотовский муниципальный район"], "oktmo": "05557000", "vgp": [{"year": 2019, "value": 17414215.685213152}, {"year": 2020, "value": 22136981.14770919}, {"year": 2021, "value": 23604150.628422093}, {"year": 2022, "value": 41250965.23565319}, {"year": 2023, "value": 49812082.593458384}, {"year": 2024, "value": 55907553.40301233}], "population": [{"year": 2019, "value": 23939.0}, {"year": 2020, "value": 23825.0}, {"year": 2021, "value": 23601.0}, {"year": 2022, "value": 23391.0}, {"year": 2023, "value": 21135.0}, {"year": 2024, "value": 21051.0}, {"year": 2025, "value": 21010.0}], "shipments": [{"year": 2019, "value": 4120970.7}, {"year": 2020, "value": 7340087.6}, {"year": 2021, "value": 10792007.3}, {"year": 2022, "value": 18532100.3}, {"year": 2023, "value": 27336610.7}, {"year": 2024, "value": 31472865.3}], "employees": [{"year": 2019, "value": 4634.0}, {"year": 2020, "value": 5231.0}, {"year": 2021, "value": 5656.0}, {"year": 2022, "value": 6204.0}, {"year": 2023, "value": 6581.0}, {"year": 2024, "value": 6375.0}], "investments": [{"year": 2019, "value": 12518581.0}, {"year": 2020, "value": 3204226.0}, {"year": 2021, "value": 22975669.0}, {"year": 2022, "value": 20571310.0}, {"year": 2023, "value": 9702581.0}, {"year": 2024, "value": 15713915.0}], "vgp2024": 55907553.40301233, "pop2024": 21051.0, "ship2024": 31472865.3, "emp2024": 6375.0, "inv2024": 15713915.0}, "geometry": {"type": "MultiPolygon", "coordinates": [[[[132.4367859, 43.0467758], [132.43516189999997, 43.049284199999995], [132.4348913, 43.04934709999999], [132.42648239999997, 43.0674608], [132.39975179999996, 43.0735774], [132.3916677, 43.076453], [132.3906942, 43.07683329999999], [132.390083, 43.0771392], [132.3895396, 43.07750300000001], [132.3890982, 43.07789979999999], [132.38874729999998, 43.0783794], [132.3885662, 43.0787845], [132.3883851, 43.07940459999999], [132.3875701, 43.0849023], [132.3875588, 43.08564629999999], [132.3875814, 43.0862746], [132.3877512, 43.08714259999999], [132.3879776, 43.0878618], [132.38853219999996, 43.08882069999999], [132.3901735, 43.091118699999996], [132.3911923, 43.092730599999996], [132.3915205, 43.093524099999996], [132.39176800000004, 43.0946216], [132.3923243, 43.1052805], [132.39259629999998, 43.10628289999999], [132.3963416, 43.1127543], [132.39858900000002, 43.11469509999999], [132.400322, 43.1164998], [132.4040193, 43.1215921], [132.4048591, 43.123009399999994], [132.4084452, 43.13360699999999], [132.41014459999997, 43.135331699999995], [132.42463749999996, 43.1364688], [132.42161759999996, 43.145611099999996], [132.412873, 43.153723799999995], [132.4066544, 43.156854100000004], [132.3950952, 43.160825499999994], [132.4092691, 43.1822802], [132.3940339, 43.1863142], [132.3894164, 43.1945903], [132.3897671, 43.1965264], [132.389237, 43.1985712], [132.388722, 43.2016996], [132.3868337, 43.204327299999996], [132.3849455, 43.20708009999999], [132.3827139, 43.21045819999999], [132.37782609999996, 43.2145724], [132.3776895, 43.21481529999999], [132.37764920000004, 43.2148525], [132.37761959999997, 43.214925], [132.3775685, 43.21535819999999], [132.3775419, 43.2155436], [132.3768213, 43.21608479999999], [132.3762206, 43.2165358], [132.37615329999997, 43.2165377], [132.3761076, 43.216571099999996], [132.37609409999996, 43.2166593], [132.37567579999998, 43.21696380000001], [132.3718992, 43.21783949999999], [132.3700109, 43.217214], [132.366406, 43.2152124], [132.3646894, 43.2142116], [132.36262949999997, 43.21483709999999], [132.35902459999997, 43.21483709999999], [132.357823, 43.2138362], [132.3555914, 43.213460899999994], [132.35335979999996, 43.215337500000004], [132.3497112, 43.216554599999995], [132.3480912, 43.2167723], [132.3469878, 43.216449299999994], [132.34520969999997, 43.2165426], [132.34418539999996, 43.21624200000001], [132.34337459999998, 43.2157755], [132.34352569999996, 43.2153852], [132.3429051, 43.21527780000001], [132.342393, 43.21486310000001], [132.3421228, 43.21475949999999], [132.34118389999998, 43.214873499999996], [132.3399323, 43.21496009999999], [132.3392919, 43.2148839], [132.3391781, 43.2146973], [132.33759909999998, 43.214407], [132.336774, 43.214033699999995], [132.3357887, 43.21329639999999], [132.3344553, 43.21297619999999], [132.3338151, 43.2124475], [132.3337402, 43.21192849999999], [132.3333172, 43.2117943], [132.33230329999998, 43.2119382], [132.331283, 43.2124993], [132.3301734, 43.2130074], [132.3289785, 43.213380599999994], [132.3272018, 43.21328260000001], [132.3270438, 43.21316289999999], [132.3270154, 43.2127274], [132.3267735, 43.212405999999994], [132.32637519999997, 43.2121572], [132.3260196, 43.212250499999996], [132.3261192, 43.2125719], [132.3262202, 43.213178199999994], [132.32535100000004, 43.2137123], [132.3245828, 43.21390929999999], [132.32366429999996, 43.213877], [132.3228331, 43.2136709], [132.3226766, 43.2131525], [132.3221503, 43.21287259999999], [132.3214061, 43.21229339999999], [132.3205001, 43.2123646], [132.31941899999998, 43.21214679999999], [132.31905429999998, 43.2120685], [132.31867779999996, 43.212082499999994], [132.3184862, 43.2122225], [132.3186047, 43.212408599999996], [132.3190106, 43.21258339999999], [132.3205765, 43.2129816], [132.32094709999998, 43.213703499999994], [132.32091879999996, 43.214287399999996], [132.3208168, 43.21487659999999], [132.320795, 43.2150199], [132.3210353, 43.21516319999999], [132.3214578, 43.2152163], [132.3222153, 43.2156462], [132.3224003, 43.2160275], [132.3227178, 43.2161717], [132.3242053, 43.2158963], [132.3247426, 43.2161877], [132.3255292, 43.21703159999999], [132.3261072, 43.217951], [132.3268257, 43.2191494], [132.3271898, 43.2199403], [132.327312, 43.2205113], [132.3273719, 43.2210761], [132.3272699, 43.22191469999999], [132.3266982, 43.22338649999999], [132.32562909999996, 43.224944199999996], [132.3255024, 43.225103399999995], [132.32548009999996, 43.2251918], [132.3254879, 43.2253308], [132.3249279, 43.22606489999999], [132.3242312, 43.2267913], [132.3232666, 43.2275801], [132.3224091, 43.2281149], [132.3215942, 43.22863790000001], [132.3207468, 43.22894109999999], [132.3203364, 43.2290427], [132.3201433, 43.22882969999999], [132.3199421, 43.2286088], [132.31986160000002, 43.2285385], [132.3197356, 43.2285033], [132.3195747, 43.2284935], [132.3192072, 43.22812019999999], [132.3189336, 43.22824930000001], [132.3172921, 43.2264981], [132.31642949999997, 43.2269105], [132.3128557, 43.222843299999994], [132.3125392, 43.222984], [132.3161066, 43.227064899999995], [132.31743419999998, 43.2285013], [132.31734839999996, 43.2285346], [132.3173055, 43.2286753], [132.31776419999997, 43.22918729999999], [132.31850179999998, 43.2299827], [132.31841589999996, 43.2300335], [132.3181719, 43.230096], [132.3180512, 43.230094099999995], [132.3178714, 43.2300198], [132.3175335, 43.229926], [132.3172975, 43.229671999999994], [132.3164928, 43.229628999999996], [132.3161977, 43.22953129999999], [132.3157954, 43.2290231], [132.315495, 43.22887459999998], [132.31392239999997, 43.2286351], [132.31315419999999, 43.228500399999994], [132.3122154, 43.22879060000001], [132.3111643, 43.2290221], [132.3099251, 43.22859369999999], [132.3094272, 43.22859369999999], [132.308972, 43.228405], [132.30840649999996, 43.2280339], [132.30771199999998, 43.2278142], [132.3067336, 43.2279593], [132.3062425, 43.2281653], [132.3058096, 43.22834699999999], [132.3056639, 43.22916159999999], [132.3055728, 43.229675699999994], [132.3059812, 43.229973], [132.3076472, 43.23091809999999], [132.3093478, 43.2313533], [132.31048119999997, 43.23218359999999], [132.3109594, 43.23297470000001], [132.3110022, 43.23405609999999], [132.3114009, 43.235373300000006], [132.31284280000003, 43.2376996], [132.31312069999998, 43.2387369], [132.3129419, 43.2396506], [132.3132249, 43.2410899], [132.31445209999998, 43.242620699999996], [132.3154129, 43.2441511], [132.3154476, 43.245390699999994], [132.3160033, 43.24650379999999], [132.3162809, 43.247981], [132.3175661, 43.2482241], [132.3188164, 43.24807229999999], [132.32067859999998, 43.2484855], [132.3214212, 43.24951419999999], [132.3225549, 43.2504383], [132.3244079, 43.2517656], [132.32603090000003, 43.2536906], [132.3267696, 43.25394090000001], [132.3281235, 43.25589539999999], [132.3290965, 43.2588226], [132.3305288, 43.2594833], [132.33396199999999, 43.26173349999999], [132.3400253, 43.266784099999995], [132.3442778, 43.2686946], [132.3464201, 43.270299200000004], [132.34840039999997, 43.2720107], [132.34869809999998, 43.2722982], [132.3490838, 43.2729321], [132.3492431, 43.27317299999999], [132.3493974, 43.2734413], [132.3494953, 43.273585], [132.3495742, 43.2736794], [132.3496455, 43.2737198], [132.3497957, 43.2737432], [132.3500218, 43.2740012], [132.35031119999996, 43.27439150000001], [132.3509565, 43.27523299999999], [132.3517389, 43.2770581], [132.3520447, 43.277874399999995], [132.35229229999996, 43.2787519], [132.3523827, 43.279706], [132.3523397, 43.28006919999999], [132.35222789999997, 43.280493699999994], [132.3518301, 43.281088499999996], [132.3517443, 43.2812486], [132.3517979, 43.28170169999999], [132.3517443, 43.28199849999999], [132.3517175, 43.2821898], [132.3517336, 43.28230309999999], [132.3518838, 43.28241239999999], [132.3520447, 43.2824827], [132.352333, 43.282495399999995], [132.35251679999996, 43.282545199999994], [132.35260129999998, 43.2826106], [132.35278899999997, 43.282716], [132.35287409999998, 43.282766099999996], [132.3529087, 43.282862400000006], [132.35291669999998, 43.2829765], [132.3529092, 43.28307619999999], [132.35287699999998, 43.2832385], [132.35267639999998, 43.2837568], [132.35245589999997, 43.2842857], [132.3513808, 43.2860275], [132.3499265, 43.28769079999999], [132.3500612, 43.28840949999999], [132.3500231, 43.2893387], [132.3498252, 43.28981530000001], [132.3497206, 43.2901921], [132.3495033, 43.29053369999999], [132.34854249999998, 43.2916314], [132.3477558, 43.292282], [132.34735890000002, 43.29261780000001], [132.3472516, 43.292677399999995], [132.347147, 43.292718300000004], [132.34704909999996, 43.2927418], [132.3469464, 43.2927823], [132.34691629999998, 43.2928316], [132.3469203, 43.292868699999985], [132.34695049999996, 43.2928994], [132.3471544, 43.2930478], [132.347503, 43.29331719999999], [132.34812, 43.29362179999999], [132.3492239, 43.2945599], [132.3493103, 43.29501559999999], [132.3494962, 43.29539239999999], [132.3497418, 43.2957016], [132.3497418, 43.29590449999999], [132.3497854, 43.29606819999999], [132.3494365, 43.2965952], [132.34862669999998, 43.29750820000001], [132.34719309999997, 43.2986724], [132.3458067, 43.299474599999996], [132.3440338, 43.30062379999999], [132.3430913, 43.301087499999994], [132.34230149999996, 43.301353199999994], [132.34169920000002, 43.3014548], [132.3413126, 43.30165749999999], [132.341286, 43.3018169], [132.3414321, 43.301758899999996], [132.3415582, 43.30180239999999], [132.3417573, 43.3017831], [132.3419498, 43.3017348], [132.34212899999997, 43.3018362], [132.3423679, 43.3020101], [132.342879, 43.302270899999996], [132.3434166, 43.30231440000001], [132.3432221, 43.3028386], [132.34254710000002, 43.30312099999999], [132.3421621, 43.303232099999995], [132.341598, 43.30335289999999], [132.34104709999997, 43.303550900000005], [132.3401976, 43.303753799999996], [132.3393185, 43.30388700000001], [132.3379807, 43.30422709999999], [132.3377899, 43.3044407], [132.33788779999998, 43.3051834], [132.3378613, 43.30559399999999], [132.3375266, 43.3061295], [132.3366972, 43.306912], [132.3362418, 43.30720229999999], [132.3357622, 43.3074298], [132.3348007, 43.30782479999999], [132.3328289, 43.30849649999999], [132.3327772, 43.3086425], [132.33302080000004, 43.30895689999999], [132.3331105, 43.3092715], [132.333335, 43.309512899999994], [132.33327089999997, 43.3097067], [132.3330262, 43.3098649], [132.3325097, 43.3098926], [132.332053, 43.309771999999995], [132.3314074, 43.3096406], [132.3305253, 43.30952700000001], [132.3293039, 43.309585399999996], [132.3271979, 43.3099617], [132.3242168, 43.3110742], [132.3203107, 43.31248289999999], [132.3195874, 43.3126559], [132.3172704, 43.3132074], [132.3144853, 43.3138752], [132.3139682, 43.3139578], [132.3124825, 43.3141207], [132.3117359, 43.3141769], [132.3094532, 43.31422059999999], [132.3083612, 43.3141984], [132.3073306, 43.3140763], [132.3070925, 43.3140575], [132.3056379, 43.313633499999995], [132.3035666, 43.31355279999999], [132.30225099999998, 43.3131948], [132.30205509999996, 43.313010299999995], [132.3016377, 43.3128874], [132.3015683, 43.31268949999999], [132.3012999, 43.3124969], [132.3008825, 43.31246079999999], [132.3005144, 43.3125651], [132.3002664, 43.312692199999994], [132.2999583, 43.3128223], [132.29966, 43.3128156], [132.29928249999998, 43.3128223], [132.29868630000004, 43.31302480000001], [132.2981496, 43.31314769999999], [132.2978515, 43.3132779], [132.2971062, 43.31346589999999], [132.2967736, 43.3138071], [132.29656309999996, 43.314047900000006], [132.29645129999997, 43.3143914], [132.2962898, 43.3146445], [132.2960414, 43.314951799999996], [132.2963747, 43.320688999999994], [132.29562229999996, 43.3217389], [132.2951209, 43.3236559], [132.294494, 43.3250876], [132.2949907, 43.3271997], [132.2956195, 43.3291418], [132.2957034, 43.3314683], [132.2956622, 43.3336426], [132.29724959999996, 43.3348723], [132.2986515, 43.33772129999999], [132.30184699999998, 43.3406451], [132.3073653, 43.3444704], [132.30943529999996, 43.34659069999999], [132.3117969, 43.3492409], [132.3126424, 43.3503858], [132.3212655, 43.3534171], [132.3224721, 43.353965599999995], [132.3243372, 43.3544433], [132.3243798, 43.35455439999999], [132.3244543, 43.35486680000001], [132.3245598, 43.355287], [132.3246089, 43.3557187], [132.3246232, 43.3561588], [132.3246038, 43.35667689999999], [132.3246901, 43.3571413], [132.3248118, 43.3575595], [132.3250066, 43.358124399999994], [132.3253565, 43.3590065], [132.32553029999997, 43.359301099999996], [132.32626889999997, 43.3601806], [132.3267204, 43.3606241], [132.3284359, 43.3613631], [132.3289664, 43.361507200000005], [132.329595, 43.3615905], [132.3316179, 43.36187079999999], [132.33227639999998, 43.3618897], [132.33342529999996, 43.3619767], [132.3352618, 43.362293599999994], [132.33650089999998, 43.36252189999999], [132.3368278, 43.36256830000001], [132.3375907, 43.3626746], [132.3382185, 43.362579200000006], [132.3386468, 43.3619704], [132.3399614, 43.361282499999994], [132.3405755, 43.3610918], [132.3412589, 43.36109549999999], [132.3415233, 43.3611084], [132.34218329999996, 43.361235], [132.343008, 43.36129139999999], [132.3450267, 43.3611899], [132.3456729, 43.3611566], [132.3458784, 43.3611475], [132.34608909999997, 43.36104060000001], [132.3478922, 43.3608683], [132.3443395, 43.3661511], [132.344355, 43.366279399999996], [132.3447179, 43.3662261], [132.34476159999997, 43.366384599999996], [132.3444111, 43.3664362], [132.34765929999998, 43.3681074], [132.35006539999998, 43.3704616], [132.3488842, 43.37316909999999], [132.3462144, 43.37466940000001], [132.3462656, 43.3755817], [132.3462381, 43.37614799999999], [132.345981, 43.3765502], [132.3335802, 43.3813806], [132.3302008, 43.38269770000001], [132.32798089999997, 43.3830432], [132.3274688, 43.38312559999999], [132.3238513, 43.382943], [132.32320509999997, 43.3829085], [132.3231371, 43.3844132], [132.3235642, 43.3852753], [132.32383819999998, 43.3857202], [132.3242663, 43.3863635], [132.3243324, 43.3864646], [132.32471549999997, 43.38676929999999], [132.3297654, 43.3933843], [132.3494986, 43.396926], [132.3569026, 43.408149699999996], [132.3641573, 43.4190619], [132.3432383, 43.4309519], [132.35090739999998, 43.437419199999994], [132.36307079999997, 43.447448099999995], [132.37102859999996, 43.4534946], [132.3562676, 43.458463099999996], [132.35750449999998, 43.46175519999999], [132.3581413, 43.462419100000005], [132.36204, 43.4664835], [132.364846, 43.46812440000001], [132.3677713, 43.46983509999999], [132.37090489999997, 43.47210919999999], [132.37342, 43.4727675], [132.3736982, 43.473464], [132.3742447, 43.47483210000001], [132.3749868, 43.477315499999996], [132.3779143, 43.4815639], [132.3737087, 43.482611000000006], [132.3674002, 43.4857523], [132.3631918, 43.4882849], [132.36208130000003, 43.4889532], [132.3582055, 43.491465899999994], [132.3544533, 43.4960125], [132.3478975, 43.50600179999999], [132.3464956, 43.512042400000006], [132.33329439999997, 43.5124961], [132.3290957, 43.5126404], [132.3059234, 43.5134777], [132.3064594, 43.5164678], [132.3065006, 43.5194578], [132.29780069999998, 43.523045499999995], [132.298213, 43.525736200000004], [132.297677, 43.5292339], [132.28980169999997, 43.532312899999994], [132.3094984, 43.550573799999995], [132.3277194, 43.5624166], [132.3377423, 43.5576797], [132.349944, 43.5586271], [132.3486367, 43.568416], [132.3549795, 43.571460599999995], [132.383499, 43.5851481], [132.3891112, 43.5942458], [132.39265029999999, 43.5999821], [132.4048521, 43.5958794], [132.40735979999997, 43.59716139999999], [132.4122603, 43.59966649999999], [132.4196685, 43.59745740000001], [132.4322189, 43.6039583], [132.4322189, 43.61052149999999], [132.4522854, 43.6168962], [132.46638389999998, 43.621374499999995], [132.46708120000002, 43.6498859], [132.4716133, 43.656444099999995], [132.44546659999997, 43.672836499999995], [132.4304758, 43.6756102], [132.4280355, 43.6824177], [132.43326479999996, 43.694013999999996], [132.43082449999997, 43.7081281], [132.43535649999998, 43.7171997], [132.4364358, 43.7206201], [132.4388814, 43.728369], [132.4398886, 43.73156029999999], [132.4492492, 43.736359], [132.4769542, 43.7292859], [132.4797714, 43.7280204], [132.4816138, 43.7268682], [132.4829176, 43.7252142], [132.4850859, 43.7220699], [132.485667, 43.7202775], [132.485667, 43.71776799999999], [132.48618429999996, 43.7168564], [132.4875802, 43.7167437], [132.4904926, 43.7172149], [132.49406399999998, 43.71767069999999], [132.4962253, 43.7175325], [132.49871959999996, 43.717394199999994], [132.5012068, 43.71726099999999], [132.5033397, 43.716574699999995], [132.5048632, 43.7162008], [132.5074709, 43.7163801], [132.5099794, 43.71737879999999], [132.51178629999998, 43.717855099999994], [132.5131823, 43.718188000000005], [132.5163073, 43.71857080000001], [132.5187725, 43.7186505], [132.5223801, 43.718194200000006], [132.5260436, 43.7180745], [132.52979919999999, 43.7181462], [132.53260159999996, 43.7187735], [132.5344794, 43.719572400000004], [132.5358824, 43.7205916], [132.5383555, 43.7215749], [132.5405876, 43.72192309999999], [132.542678, 43.72158], [132.5439464, 43.7205967], [132.54444949999998, 43.7186762], [132.5446621, 43.7168478], [132.54506600000002, 43.7155674], [132.54663909999996, 43.7149323], [132.54940979999998, 43.714840099999996], [132.5517482, 43.7155623], [132.5522088, 43.71599249999999], [132.5534843, 43.7170885], [132.55364019999996, 43.71730879999999], [132.55446219999996, 43.7185635], [132.5567226, 43.7192447], [132.55834529999998, 43.7196032], [132.56055619999998, 43.720089699999996], [132.56276, 43.720535299999995], [132.5644748, 43.7208528], [132.56657939999997, 43.721303400000004], [132.5687406, 43.7217183], [132.5701224, 43.721810399999995], [132.5712349, 43.72128810000001], [132.5710932, 43.7203765], [132.5722128, 43.71947], [132.5745867, 43.7189784], [132.5752528, 43.7188555], [132.57645739999998, 43.718624999999996], [132.57756279999998, 43.718456], [132.5794194, 43.7181436], [132.5808224, 43.718138499999995], [132.5825585, 43.7181589], [132.5872708, 43.7188862], [132.5880857, 43.7191935], [132.5901902, 43.7199361], [132.5926349, 43.7216517], [132.5941018, 43.722614400000005], [132.5963693, 43.723843499999994], [132.598814, 43.7243146], [132.6021728, 43.724212200000004], [132.6033491, 43.724033000000006], [132.6047026, 43.7233314], [132.6054183, 43.7221075], [132.6067859, 43.720801599999994], [132.61051319999999, 43.71893229999999], [132.6111367, 43.71831259999999], [132.6111863, 43.71681710000001], [132.6110659, 43.7157569], [132.6116824, 43.713877200000006], [132.6131492, 43.7119975], [132.6143609, 43.7114699], [132.6188866, 43.70927569999999], [132.616012, 43.7118131], [132.618648, 43.7139848], [132.62014319999997, 43.71394899999999], [132.62233989999996, 43.71333949999999], [132.6236862, 43.713073099999995], [132.6264144, 43.71317559999999], [132.62805119999996, 43.71264289999999], [132.6293994, 43.7113303], [132.6306448, 43.7101177], [132.6306731, 43.7089242], [132.6294047, 43.70725439999999], [132.62905039999998, 43.70601469999999], [132.6298086, 43.704611099999994], [132.6321116, 43.7031563], [132.63403819999996, 43.70211129999999], [132.63541289999998, 43.7006564], [132.6358097, 43.699426800000005], [132.63525699999997, 43.69713169999999], [132.63466179999998, 43.6949491], [132.634369, 43.6927442], [132.63479989999996, 43.69108490000001], [132.6361227, 43.6900704], [132.63669989999997, 43.68986610000001], [132.63995089999997, 43.68871539999999], [132.6431977, 43.6877298], [132.6455828, 43.6877226], [132.6497917, 43.6854037], [132.6526778, 43.6845775], [132.6556341, 43.6842152], [132.657929, 43.6835847], [132.65943219999997, 43.68270059999999], [132.66203769999998, 43.68224399999999], [132.66431250000002, 43.6824397], [132.6669281, 43.6832658], [132.6690325, 43.68342530000001], [132.6732916, 43.683534], [132.67464439999998, 43.683338299999996], [132.6766888, 43.682714999999995], [132.6783423, 43.6810047], [132.67879319999997, 43.679743699999996], [132.67930429999998, 43.6784536], [132.6799657, 43.677337400000006], [132.68031639999998, 43.675511], [132.6799256, 43.67378589999999], [132.6784826, 43.6716694], [132.6772399, 43.67013269999999], [132.6765585, 43.667073699999996], [132.6769293, 43.6659646], [132.6789636, 43.664783], [132.6801862, 43.664348], [132.6851266, 43.662303699999995], [132.6864996, 43.661093], [132.6877221, 43.6593458], [132.6884437, 43.65740999999999], [132.6890951, 43.655851199999994], [132.6908488, 43.6543286], [132.6913198, 43.6540748], [132.69347430000002, 43.652806], [132.6952281, 43.6515806], [132.6969016, 43.650688699999996], [132.6977534, 43.6489557], [132.6981543, 43.6476505], [132.6975229, 43.6459681], [132.69645069999999, 43.644409], [132.6945566, 43.6420522], [132.69482719999996, 43.6413995], [132.69633039999997, 43.6396952], [132.69756299999997, 43.6378023], [132.6984181, 43.636409900000004], [132.6991664, 43.635191400000004], [132.7001084, 43.6311949], [132.70090009999998, 43.62860539999999], [132.7017719, 43.6275536], [132.7020525, 43.626479999999994], [132.7016517, 43.6251743], [132.70138109999996, 43.6227877], [132.7015314, 43.6187324], [132.70237319999998, 43.61757159999999], [132.7053796, 43.6159972], [132.7078548, 43.6144011], [132.7087968, 43.6122825], [132.7096988, 43.6108313], [132.7110516, 43.60964129999999], [132.7124446, 43.6090246], [132.7156614, 43.60797969999999], [132.7167437, 43.6077403], [132.7196198, 43.6070727], [132.7225059, 43.6063108], [132.7252217, 43.605519799999996], [132.7273462, 43.60491030000001], [132.72973119999997, 43.604003199999994], [132.7311743, 43.603676699999994], [132.7347519, 43.6027913], [132.7383094, 43.6018407], [132.7409851, 43.60182619999999], [132.741907, 43.6014996], [132.7420273, 43.6000845], [132.7412757, 43.5983283], [132.74124559999998, 43.5962526], [132.7421776, 43.5952583], [132.74537439999997, 43.59431479999999], [132.74817029999997, 43.59366159999999], [132.7515675, 43.59353829999999], [132.75346149999996, 43.5932842], [132.75505839999997, 43.5925538], [132.7572832, 43.5906885], [132.7590269, 43.5893094], [132.7611514, 43.587567299999996], [132.7634061, 43.5862971], [132.7650697, 43.585614699999994], [132.7670739, 43.58481629999999], [132.77035899999998, 43.5838474], [132.7745894, 43.58265659999999], [132.77564529999998, 43.58229399999999], [132.777223, 43.5807846], [132.77746109999998, 43.576708800000006], [132.77546669999998, 43.5745091], [132.7712694, 43.5711231], [132.768233, 43.5684702], [132.7657623, 43.5642211], [132.7641787, 43.56343009999999], [132.763207, 43.5629447], [132.7596301, 43.56115799999999], [132.75702019999997, 43.5582777], [132.756878, 43.5581207], [132.7544504, 43.5554414], [132.7543394, 43.5496826], [132.7554625, 43.5468763], [132.755016, 43.5423019], [132.7586775, 43.539863600000004], [132.76969169999998, 43.5345334], [132.7743653, 43.5341665], [132.78112259999997, 43.532051599999996], [132.7822538, 43.5309293], [132.78356359999998, 43.520957700000004], [132.78392079999998, 43.51854], [132.7877311, 43.5151941], [132.7946671, 43.51165360000001], [132.79499449999997, 43.5096242], [132.7952624, 43.505953899999994], [132.79570899999996, 43.5020242], [132.7961555, 43.4975544], [132.79600659999997, 43.4939482], [132.7976439, 43.4903201], [132.80246629999996, 43.48537429999999], [132.8023175, 43.4833224], [132.7988941, 43.47986650000001], [132.7978523, 43.47720960000001], [132.7945182, 43.4725868], [132.7923452, 43.47057769999999], [132.7902614, 43.4661488], [132.7879395, 43.46437709999999], [132.7843078, 43.461676399999995], [132.79085679999997, 43.461200999999996], [132.79570899999996, 43.46169799999999], [132.8008886, 43.461093], [132.8046692, 43.4589971], [132.8060385, 43.45783019999999], [132.81032509999997, 43.4548699], [132.8144331, 43.4529682], [132.81598099999997, 43.45113140000001], [132.8156238, 43.4449288], [132.81690379999998, 43.44374009999999], [132.8208035, 43.443242999999995], [132.8223812, 43.44123299999999], [132.82288719999997, 43.4380124], [132.8242268, 43.43665059999999], [132.8300316, 43.43362439999999], [132.83071619999998, 43.43215440000001], [132.82869199999996, 43.42346359999999], [132.8390513, 43.42086909999999], [132.8420876, 43.42002589999999], [132.84482629999997, 43.4186854], [132.8491427, 43.417387999999995], [132.8513753, 43.4174529], [132.85396509999998, 43.419507], [132.8575949, 43.4234203], [132.8598294, 43.4246095], [132.8639076, 43.42458789999999], [132.86667609999998, 43.4235069], [132.8691766, 43.4208259], [132.871052, 43.4182097], [132.8731357, 43.416696099999996], [132.8765591, 43.41567979999999], [132.8856383, 43.4154203], [132.888377, 43.4135391], [132.8926338, 43.41068469999999], [132.8942711, 43.4081978], [132.8949557, 43.40629469999999], [132.89614649999996, 43.4018827], [132.8993316, 43.3999794], [132.90358849999998, 43.3980977], [132.907094, 43.39617739999999], [132.9101642, 43.3938035], [132.91406429999998, 43.3917128], [132.91946689999997, 43.38929679999999], [132.9239105, 43.38641599999999], [132.9277146, 43.3851615], [132.930304, 43.38269879999999], [132.9287696, 43.378191199999996], [132.92592439999999, 43.3730095], [132.9262121, 43.372080000000004], [132.9285458, 43.3716153], [132.93545089999998, 43.36706039999999], [132.9409813, 43.3630398], [132.94484949999998, 43.35922810000001], [132.9464798, 43.3555557], [132.9467356, 43.351696999999994], [132.95041189999998, 43.3473732], [132.9508275, 43.345048399999996], [132.9535767, 43.34332799999999], [132.95543079999996, 43.3407241], [132.95491939999997, 43.33835259999999], [132.95427999999998, 43.335888], [132.94849379999997, 43.331656], [132.9453609, 43.33095839999999], [132.937369, 43.33091189999999], [132.932382, 43.3247727], [132.9301762, 43.3234238], [132.9182841, 43.32263309999999], [132.9117307, 43.32240049999999], [132.9088536, 43.3236098], [132.9040584, 43.322261], [132.90137309999997, 43.322214499999994], [132.89894349999997, 43.3218423], [132.8972172, 43.31960959999999], [132.8953311, 43.3182141], [132.8926778, 43.3172838], [132.8868276, 43.31612079999999], [132.88248, 43.3139344], [132.88222429999996, 43.311934], [132.8798906, 43.3081889], [132.8769176, 43.3061418], [132.8693412, 43.3037689], [132.8633951, 43.3013029], [132.8613492, 43.300279200000006], [132.8616369, 43.29883679999999], [132.86815839999997, 43.2940671], [132.8713552, 43.2901347], [132.8736249, 43.28855239999999], [132.87995449999997, 43.28431719999999], [132.88136109999996, 43.281850299999995], [132.88100949999998, 43.2802678], [132.8789635, 43.278219699999994], [132.87512739999997, 43.2754268], [132.870492, 43.2726803], [132.8650894, 43.2694682], [132.86173279999997, 43.26783879999999], [132.8524301, 43.264696199999996], [132.8508317, 43.26283389999999], [132.85041619999998, 43.2578518], [132.8354232, 43.2494699], [132.8289657, 43.24462650000001], [132.8270476, 43.24462650000001], [132.8222204, 43.243369], [132.8227319, 43.242064899999995], [132.8257369, 43.2392238], [132.8287739, 43.2358235], [132.82874189999998, 43.2309324], [132.82870989999998, 43.22757829999999], [132.8280386, 43.2252024], [132.82522539999997, 43.219215500000004], [132.8251934, 43.21716539999999], [132.82848609999996, 43.21071179999999], [132.83171879999998, 43.20302250000001], [132.8335046, 43.19600270000001], [132.8353604, 43.1937827], [132.83592329999996, 43.1934649], [132.8361277, 43.1927106], [132.8375662, 43.19070620000001], [132.83596779999996, 43.18996039999999], [132.8311087, 43.1905197], [132.8280398, 43.18921449999999], [132.8239159, 43.18585809999999], [132.81736249999997, 43.186301], [132.8107771, 43.1878393], [132.80937049999997, 43.187886], [132.8092426, 43.18658069999999], [132.8077081, 43.1865341], [132.8065893, 43.185135499999994], [132.8062057, 43.1814059], [132.8066212, 43.1773497], [132.8091787, 43.175391499999996], [132.8200797, 43.1757645], [132.824291, 43.17743339999999], [132.8310043, 43.177619899999996], [132.83122809999998, 43.175615], [132.83407319999998, 43.1744493], [132.83279449999998, 43.16904039999999], [132.8310682, 43.1665223], [132.82940589999998, 43.1647502], [132.823486, 43.161684], [132.8191442, 43.1594337], [132.8141572, 43.1518778], [132.8105448, 43.1487059], [132.8064849, 43.1454872], [132.80427909999997, 43.14315469999999], [132.80463079999998, 43.133404], [132.8052896, 43.13252039999999], [132.8069964, 43.1302311], [132.8066997, 43.127957599999995], [132.8066128, 43.12729149999999], [132.80392749999996, 43.121085], [132.8038268, 43.117590099999994], [132.8036398, 43.11109729999999], [132.8006188, 43.1078067], [132.7992201, 43.106393999999995], [132.796788, 43.1047995], [132.79423919999996, 43.104291999999994], [132.7901793, 43.10226190000001], [132.7880361, 43.097820799999994], [132.7873457, 43.0927337], [132.7869692, 43.08905339999999], [132.7852893, 43.0871497], [132.78392799999997, 43.086409399999994], [132.7795256, 43.08391329999999], [132.77726639999997, 43.082072899999986], [132.7735881, 43.078476599999995], [132.76851949999997, 43.07841320000001], [132.7645225, 43.08027479999999], [132.7617131, 43.0816287], [132.75832439999996, 43.0820941], [132.75467499999996, 43.080824799999995], [132.7490851, 43.08046519999999], [132.74439299999997, 43.07917479999999], [132.7351537, 43.0736107], [132.72953479999998, 43.0720874], [132.71412629999998, 43.071621900000004], [132.7051476, 43.071368], [132.6975302, 43.07115639999999], [132.6921826, 43.07062650000001], [132.68840679999997, 43.0688713], [132.6831934, 43.0660148], [132.6789357, 43.06411039999999], [132.67424369999998, 43.0619309], [132.6704784, 43.0600263], [132.6662787, 43.0576562], [132.66265829999998, 43.05786779999999], [132.6595303, 43.05793129999999], [132.6553885, 43.0595819], [132.65060949999997, 43.0615711], [132.6470181, 43.0617404], [132.6443245, 43.0587355], [132.6398931, 43.05534939999999], [132.6365913, 43.05456639999999], [132.6337239, 43.0541431], [132.6290318, 43.053952599999995], [132.62648299999998, 43.0533177], [132.62425289999996, 43.0521537], [132.6230074, 43.0487037], [132.6196477, 43.04523249999999], [132.61428189999998, 43.0410069], [132.60719339999997, 43.03710389999999], [132.6014587, 43.0337166], [132.59963399999998, 43.032340500000004], [132.59581079999998, 43.0286989], [132.59433369999996, 43.0260946], [132.5944206, 43.02308789999999], [132.59216139999998, 43.019022299999996], [132.5910174, 43.0173009], [132.5873245, 43.0164176], [132.5834724, 43.01402459999999], [132.57620259999996, 43.009916], [132.5704099, 43.006972], [132.5672529, 43.00604010000001], [132.55879559999997, 43.0055317], [132.5523368, 43.0044303], [132.5482819, 43.0027782], [132.5427209, 43.0014226], [132.53860809999998, 43.0003846], [132.5311066, 43.0019309], [132.5269069, 43.0030747], [132.52178039999998, 43.0031383], [132.52033219999998, 43.00296879999999], [132.5161311, 43.00079480000001], [132.5113592, 43.0003005], [132.5031879, 42.998269199999996], [132.5031879, 42.996261999999994], [132.5047853, 42.99245719999999], [132.5079803, 42.9878731], [132.5118715, 42.98451719999999], [132.5120353, 42.9807716], [132.5114619, 42.9764563], [132.519613, 42.9728601], [132.5209755, 42.97163739999999], [132.52303479999998, 42.9693558], [132.5307101, 42.95710499999999], [132.53493879999996, 42.95074549999999], [132.53754499999997, 42.9468527], [132.52776859999997, 42.952322599999995], [132.5200745, 42.9566181], [132.5172879, 42.9585688], [132.5111336, 42.96296459999999], [132.506797, 42.966144799999995], [132.5050439, 42.9673871], [132.5010948, 42.9703308], [132.4972452, 42.97256019999999], [132.4754462, 42.9855097], [132.4613122, 42.9938407], [132.4582478, 42.9956468], [132.4526534, 42.9989732], [132.4558112, 43.006438], [132.4581991, 43.0081269], [132.4693986, 43.0158573], [132.4696726, 43.0179021], [132.4703185, 43.0235281], [132.4711658, 43.030622699999995], [132.47160939999998, 43.03415179999999], [132.4723123, 43.03982719999999], [132.45672009999998, 43.0454459], [132.4546192, 43.0461421], [132.4485908, 43.0432335], [132.44474289999997, 43.04138999999999], [132.44138419999996, 43.039780799999996], [132.4387638, 43.03855339999999], [132.4382286, 43.04145319999999], [132.4382009, 43.0423029], [132.4377673, 43.0422692], [132.4367859, 43.0467758]]], [[[132.3473525, 43.01228059999999], [132.3444736, 43.0120907], [132.3411396, 43.01057029999999], [132.3401849, 43.009903699999995], [132.3406547, 42.99864939999999], [132.33801580000002, 42.9961434], [132.3349363, 42.9956353], [132.33542559999998, 42.994227499999994], [132.3345579, 42.99280069999999], [132.3347405, 42.99167920000001], [132.33535379999998, 42.99052429999999], [132.3356083, 42.9892167], [132.3354191, 42.98840539999999], [132.33486450000004, 42.98770379999999], [132.3340033, 42.987102499999985], [132.3328159, 42.9860143], [132.3326919, 42.9849452], [132.3325706, 42.98431480000001], [132.3322026, 42.98374720000001], [132.33121089999997, 42.983117199999995], [132.3300365, 42.9829597], [132.3281444, 42.9835086], [132.32676129999996, 42.98417679999999], [132.3253781, 42.98417679999999], [132.324269, 42.9835993], [132.32383190000002, 42.98278789999999], [132.32410589999998, 42.9812653], [132.32446469999996, 42.9800577], [132.3245277, 42.9792287], [132.32441899999998, 42.9783918], [132.3239754, 42.9766114], [132.3234404, 42.9752414], [132.3235056, 42.974558800000004], [132.32412539999999, 42.9736375], [132.3243538, 42.9730742], [132.3242755, 42.971990500000004], [132.3230555, 42.9707112], [132.3220964, 42.96954629999999], [132.3218746, 42.968243], [132.3221094, 42.9664575], [132.3213135, 42.9642661], [132.32059579999998, 42.96433769999999], [132.3203805, 42.964452300000005], [132.3200106, 42.965855899999994], [132.31891259999998, 42.966814600000006], [132.3175193, 42.9686038], [132.3166889, 42.9689076], [132.3159508, 42.96964349999999], [132.3123708, 42.9713314], [132.3119556, 42.97065619999999], [132.3110975, 42.9706225], [132.3090122, 42.97008910000001], [132.30643, 42.970002599999994], [132.30473369999999, 42.96916230000001], [132.304277, 42.96916230000001], [132.3036898, 42.9689332], [132.3025154, 42.96810249999999], [132.3017064, 42.9671859], [132.3002042, 42.9675747], [132.3006873, 42.9682911], [132.3008452, 42.9691146], [132.3015368, 42.96985930000001], [132.3023458, 42.9703558], [132.30401599999996, 42.970670899999995], [132.30442129999997, 42.9709931], [132.3046323, 42.97133399999999], [132.30469759999997, 42.97165679999999], [132.3045807, 42.97235539999999], [132.3043422, 42.97274269999999], [132.3029852, 42.9733156], [132.3029464, 42.973547999999994], [132.3039377, 42.9741366], [132.30537289999998, 42.97589539999999], [132.3072384, 42.9771157], [132.3079261, 42.97851529999999], [132.3084322, 42.978584299999994], [132.3089221, 42.9784748], [132.30922179999996, 42.9788478], [132.3094006, 42.97898769999999], [132.3094751, 42.979065899999995], [132.3095248, 42.97908579999999], [132.3095943, 42.9791276], [132.3098054, 42.9793547], [132.3098948, 42.97947099999999], [132.3099441, 42.97958119999999], [132.3099714, 42.97968839999999], [132.3099888, 42.979822799999994], [132.3099937, 42.9799972], [132.3099689, 42.9804115], [132.3099445, 42.9805648], [132.3099414, 42.9806243], [132.3099489, 42.98070779999999], [132.3099404, 42.9807701], [132.3098721, 42.9809601], [132.30982979999996, 42.981021899999995], [132.3098, 42.98109459999999], [132.3097181, 42.9811818], [132.3096237, 42.98124899999999], [132.3093257, 42.98136709999999], [132.3092711, 42.98143799999999], [132.30915679999998, 42.9814761], [132.3091494, 42.981527], [132.3091146, 42.981565100000005], [132.3090699, 42.9815706], [132.3090178, 42.98153789999999], [132.3089458, 42.9815524], [132.30889109999998, 42.9815888], [132.30892339999997, 42.981628699999995], [132.30892339999997, 42.981710500000005], [132.3089011, 42.9817214], [132.3088663, 42.9816941], [132.3087471, 42.981676], [132.30874959999997, 42.9817759], [132.3088017, 42.981874], [132.30884149999997, 42.9819285], [132.3089905, 42.9820484], [132.30897799999997, 42.9820847], [132.30900039999997, 42.9821211], [132.30907989999997, 42.9821629], [132.3091047, 42.98221010000001], [132.3091121, 42.9822664], [132.30909229999997, 42.9823409], [132.3089408, 42.9825934], [132.30876199999997, 42.9828678], [132.3085881, 42.9830839], [132.3084367, 42.98324749999999], [132.3082901, 42.9833783], [132.3081238, 42.9834909], [132.3079425, 42.9835835], [132.3077661, 42.9836471], [132.3074955, 42.983710699999996], [132.30726349999998, 42.9837427], [132.3071185, 42.9836613], [132.30699129999996, 42.983625], [132.30689, 42.98363079999999], [132.3068125, 42.98366709999999], [132.3067807, 42.98372229999999], [132.30681849999996, 42.9837659], [132.3067489, 42.9837558], [132.3067489, 42.9837034], [132.3066893, 42.983699099999995], [132.3065701, 42.9837034], [132.30647079999997, 42.9837543], [132.3063218, 42.983761599999994], [132.30626419999996, 42.983797900000006], [132.306292, 42.983850200000006], [132.3062364, 42.9838372], [132.3061822, 42.983892299999994], [132.3062327, 42.983951899999994], [132.306093, 42.983957600000004], [132.30603869999996, 42.98398029999999], [132.3061163, 42.984110799999996], [132.3061667, 42.98413359999999], [132.3063103, 42.98410799999999], [132.3063957, 42.98414209999999], [132.30639949999997, 42.9841818], [132.3064888, 42.9841903], [132.30655859999996, 42.9841165], [132.30651209999996, 42.98409099999999], [132.3065897, 42.98405689999999], [132.3066673, 42.984105199999995], [132.3066634, 42.9842329], [132.30676679999996, 42.9842947], [132.30698599999997, 42.9843699], [132.307195, 42.98441], [132.3073492, 42.98446510000001], [132.3078253, 42.9847082], [132.3079487, 42.98481339999999], [132.30807879999998, 42.984923699999996], [132.3081885, 42.98495129999999], [132.3083906, 42.984961299999995], [132.3085242, 42.9850039], [132.3086715, 42.985086599999995], [132.30937720000003, 42.985830899999996], [132.3094731, 42.9858935], [132.3096821, 42.9859562], [132.3097609, 42.985988799999994], [132.309826, 42.9860539], [132.309845, 42.98616319999999], [132.3098432, 42.986226], [132.3098222, 42.9862838], [132.3098064, 42.98638259999999], [132.309845, 42.98662639999999], [132.30988359999998, 42.9866738], [132.30989059999996, 42.9867906], [132.309859, 42.98710750000001], [132.3098503, 42.987181899999996], [132.3098643, 42.9872551], [132.3099064, 42.987340999999994], [132.3099537, 42.9873962], [132.3102484, 42.9878876], [132.31036239999997, 42.9880813], [132.3104431, 42.9881776], [132.31048699999997, 42.98825709999999], [132.3104922, 42.98829049999999], [132.3104747, 42.988319999999995], [132.3104536, 42.98834049999999], [132.31046060000003, 42.9883841], [132.3104922, 42.9884149], [132.3105273, 42.9884367], [132.3105589, 42.9884868], [132.31057819999998, 42.988554799999996], [132.3105764, 42.98865359999999], [132.3105519, 42.988763899999995], [132.31048699999997, 42.9889102], [132.3104063, 42.9890462], [132.31018179999998, 42.98932969999999], [132.3100713, 42.9894593], [132.30997129999997, 42.9895542], [132.30979939999997, 42.989754399999995], [132.3096836, 42.9898686], [132.30956959999997, 42.98996609999999], [132.30948539999997, 42.9900161], [132.3093697, 42.990052], [132.3092188, 42.9900623], [132.3089399, 42.9901457], [132.3089066, 42.9901457], [132.3088259, 42.9900944], [132.30869609999996, 42.99005330000001], [132.3086244, 42.9900646], [132.3086387, 42.9901335], [132.30861450000003, 42.9901506], [132.30853639999998, 42.99011840000001], [132.3085067, 42.9901217], [132.3084924, 42.9901513], [132.3084627, 42.990123], [132.3084241, 42.9901335], [132.3084483, 42.99017559999999], [132.3084295, 42.990194599999995], [132.3084385, 42.9902183], [132.3084017, 42.9902222], [132.30836749999997, 42.99020709999999], [132.3083388, 42.990216999999994], [132.3083738, 42.990260299999996], [132.3083612, 42.99026619999999], [132.3082849, 42.99024059999999], [132.3082508, 42.99024459999999], [132.3082364, 42.9902327], [132.3082032, 42.9902235], [132.30812509999998, 42.9902354], [132.30811249999996, 42.990257699999994], [132.3081161, 42.990282], [132.3080269, 42.99031219999999], [132.3080063, 42.990341099999995], [132.3079524, 42.9903595], [132.3079111, 42.990356799999994], [132.3078788, 42.9903293], [132.30786169999996, 42.9903279], [132.30783659999997, 42.9903358], [132.3078204, 42.990356199999994], [132.3077899, 42.99036869999999], [132.3077816, 42.99039249999999], [132.3078123, 42.9904141], [132.30776309999996, 42.9904308], [132.3077561, 42.9904667], [132.3077175, 42.990492399999994], [132.3076719, 42.990486000000004], [132.30760699999996, 42.990520599999996], [132.3076105, 42.99055140000001], [132.3075562, 42.9905809], [132.3075421, 42.990621999999995], [132.3075211, 42.990621999999995], [132.3074702, 42.9905771], [132.30738249999996, 42.990564199999994], [132.3073545, 42.99057580000001], [132.3071843, 42.990604000000005], [132.3071159, 42.9906297], [132.30703520000003, 42.9906309], [132.3069703, 42.9906912], [132.3069581, 42.99073229999999], [132.3069739, 42.990817], [132.3069142, 42.99082469999999], [132.306909, 42.9907964], [132.3068809, 42.99078099999999], [132.3068405, 42.99078099999999], [132.3067844, 42.9908016], [132.30677919999997, 42.9908798], [132.30664060000004, 42.990953], [132.306588, 42.990995299999994], [132.3065915, 42.991053], [132.3066616, 42.9910736], [132.30667739999998, 42.991089], [132.3066529, 42.9911339], [132.3066739, 42.9911698], [132.3067493, 42.99118899999999], [132.3067844, 42.9912198], [132.30682829999998, 42.99125699999999], [132.3068774, 42.9912711], [132.3069651, 42.9912737], [132.3070931, 42.991265999999996], [132.30716679999998, 42.9912699], [132.3072264, 42.9912865], [132.30729479999997, 42.99134299999999], [132.3073369, 42.9913584], [132.30737199999996, 42.9913597], [132.3074123, 42.9913468], [132.3074387, 42.9913186], [132.3074825, 42.991242899999996], [132.3075193, 42.9912134], [132.30756849999997, 42.99119799999999], [132.3076316, 42.9911993], [132.3078614, 42.9912609], [132.3079631, 42.9912673], [132.3080245, 42.99126470000001], [132.3081227, 42.99123519999999], [132.30817529999996, 42.9912327], [132.308349, 42.991241599999995], [132.3084139, 42.99123139999999], [132.3085169, 42.9911966], [132.3085572, 42.9911928], [132.308598, 42.99119799999999], [132.3088221, 42.9912582], [132.3089133, 42.991263399999994], [132.3090378, 42.9912582], [132.30916229999997, 42.9912351], [132.3093956, 42.9911286], [132.3095219, 42.991103], [132.30970779999998, 42.99108759999999], [132.3099078, 42.9910991], [132.3100902, 42.9911363], [132.31017089999997, 42.99118119999999], [132.3102147, 42.99126590000001], [132.3102581, 42.99131359999999], [132.31023209999998, 42.9913379], [132.3101798, 42.9913695], [132.3100719, 42.9914105], [132.3099603, 42.9914929], [132.3099059, 42.9915401], [132.30989779999996, 42.99157499999999], [132.3098761, 42.99163260000001], [132.30983339999997, 42.991687999999996], [132.30930249999997, 42.991907399999995], [132.30935089999997, 42.991970099999996], [132.3102887, 42.991582699999995], [132.3104457, 42.991517599999995], [132.3104928, 42.9915538], [132.31074499999997, 42.9917548], [132.3107261, 42.991772499999996], [132.3107802, 42.9918033], [132.3108137, 42.9918252], [132.3109215, 42.9918646], [132.3111954, 42.99160179999999], [132.3112302, 42.991605899999996], [132.31132, 42.9915797], [132.3113727, 42.991578800000006], [132.3114255, 42.9915657], [132.31145240000004, 42.99158619999999], [132.3114996, 42.9915912], [132.31153659999998, 42.9915818], [132.3115716, 42.9916036], [132.311612, 42.99160749999999], [132.3116453, 42.99159589999999], [132.31168389999996, 42.991621599999995], [132.3117348, 42.9916267], [132.31177689999998, 42.99161899999999], [132.31179619999997, 42.9916408], [132.31185049999996, 42.9916498], [132.3118926, 42.991646], [132.311926, 42.99167419999999], [132.3119733, 42.991688299999986], [132.3120189, 42.9916845], [132.3120435, 42.9917063], [132.3120641, 42.9917378], [132.3120868, 42.991784599999995], [132.3121362, 42.9918319], [132.312524, 42.991969499999996], [132.3124906, 42.9920175], [132.3124141, 42.991987099999996], [132.3119232, 42.99181449999999], [132.3119107, 42.9918335], [132.3118002, 42.9917946], [132.3117165, 42.99192179999999], [132.31138019999997, 42.99180359999999], [132.3112988, 42.991927399999994], [132.3122366, 42.99225719999999], [132.3122372, 42.9930521], [132.3123551, 42.993050499999995], [132.3123562, 42.9931096], [132.3122585, 42.993141599999994], [132.31221479999996, 42.9931499], [132.31212270000003, 42.993158099999995], [132.31212159999998, 42.9931761], [132.3120968, 42.9931777], [132.31207579999997, 42.9931995], [132.311983, 42.99318039999999], [132.3118181, 42.9931817], [132.3113761, 42.99323820000001], [132.3113831, 42.9932908], [132.3113708, 42.993337], [132.3113498, 42.9933703], [132.31127089999998, 42.993430599999996], [132.3112323, 42.9934845], [132.3112446, 42.99354089999999], [132.311227, 42.9936359], [132.3111849, 42.9937257], [132.3111042, 42.993803899999996], [132.31103579999998, 42.993846299999994], [132.31081129999998, 42.9939553], [132.31048509999997, 42.9941465], [132.31040789999997, 42.99418880000001], [132.31034650000004, 42.994208099999994], [132.3102904, 42.994208099999994], [132.3102132, 42.9941939], [132.3099501, 42.99416829999999], [132.3098501, 42.9941709], [132.3097677, 42.99418880000001], [132.3097256, 42.9942119], [132.3096712, 42.9942619], [132.3096133, 42.99428369999999], [132.3095239, 42.99430039999999], [132.309438, 42.9942991], [132.3093485, 42.99427729999999], [132.3092082, 42.994196499999994], [132.3091661, 42.994160599999994], [132.3090836, 42.9941183], [132.3090486, 42.9941131], [132.3089661, 42.99418239999999], [132.3089679, 42.994206799999986], [132.3091117, 42.99431069999999], [132.3091292, 42.99434279999999], [132.30914330000002, 42.99444669999999], [132.3091626, 42.994479999999996], [132.3092029, 42.9945211], [132.3092082, 42.9945762], [132.3091906, 42.99461219999999], [132.30886619999998, 42.994946899999995], [132.3088259, 42.9950389], [132.3088302, 42.99508839999999], [132.308885, 42.99516260000001], [132.30906039999996, 42.995343], [132.3090741, 42.9953911], [132.30907129999997, 42.9954272], [132.3090302, 42.995475299999995], [132.308578, 42.99575589999999], [132.3084739, 42.995813999999996], [132.3083725, 42.995846099999994], [132.3081752, 42.995872199999994], [132.3078655, 42.9958822], [132.3076791, 42.99588020000001], [132.3070406, 42.995802], [132.30656919999998, 42.9957238], [132.3061855, 42.9956437], [132.3057083, 42.9955417], [132.30554169999996, 42.9954952], [132.305454, 42.9954632], [132.305397, 42.9954279], [132.3053554, 42.99538460000001], [132.3053269, 42.9953092], [132.3052984, 42.995094299999984], [132.3053115, 42.995059], [132.3053181, 42.99500609999999], [132.30529399999998, 42.9949612], [132.3052808, 42.99482969999999], [132.30529399999998, 42.9947608], [132.3052962, 42.99461159999999], [132.3052282, 42.9945539], [132.30518649999996, 42.9945539], [132.3051851, 42.9944321], [132.3055857, 42.9944335], [132.3055855, 42.99446199999999], [132.30570229999998, 42.9944624], [132.30570289999997, 42.994372399999996], [132.3051855, 42.9943706], [132.30516839999999, 42.994191], [132.3051959, 42.994080700000005], [132.3052644, 42.993920399999986], [132.3054425, 42.9938878], [132.3046546, 42.99169779999999], [132.3045758, 42.9914923], [132.3042778, 42.9910187], [132.3041887, 42.9910438], [132.3041065, 42.9910187], [132.3040071, 42.990968599999995], [132.3039112, 42.9908809], [132.3038564, 42.99078819999999], [132.3037742, 42.990702999999996], [132.30354459999998, 42.9905426], [132.3032706, 42.99037719999999], [132.3031781, 42.9902695], [132.3031336, 42.9902419], [132.3029623, 42.99003389999999], [132.30272929999998, 42.9899086], [132.30269159999997, 42.989913699999995], [132.30263, 42.9898786], [132.30256149999997, 42.989815899999996], [132.3023696, 42.9898059], [132.3021264, 42.9896781], [132.302027, 42.989585399999996], [132.3020018, 42.989507899999985], [132.30204989999996, 42.9894726], [132.3020285, 42.9893747], [132.30194290000003, 42.98929249999999], [132.3020018, 42.9891633], [132.3019866, 42.98908689999999], [132.3020254, 42.9889418], [132.30199949999997, 42.988888199999984], [132.30187019999997, 42.9888346], [132.3017796, 42.98884090000001], [132.3017624, 42.988761999999994], [132.30149509999998, 42.98867059999999], [132.30149509999998, 42.9886327], [132.3013545, 42.98856839999999], [132.3013159, 42.98852], [132.301211, 42.98848159999999], [132.30107579999998, 42.98851189999999], [132.30104, 42.988542200000005], [132.30104819999997, 42.98858659999999], [132.3009682, 42.988633], [132.30089369999996, 42.9887157], [132.30089369999996, 42.98876219999999], [132.3009544, 42.98878439999999], [132.3008799, 42.9888066], [132.30083300000004, 42.988863099999996], [132.3007447, 42.9888873], [132.30071160000003, 42.9889216], [132.3006564, 42.98895389999999], [132.3006454, 42.98899020000001], [132.3004854, 42.9892748], [132.3003253, 42.9893112], [132.3002674, 42.9893455], [132.300226, 42.9893414], [132.3001708, 42.9893576], [132.3001901, 42.9893091], [132.3001763, 42.9892486], [132.3001211, 42.98920009999999], [132.3000797, 42.9891779], [132.3000853, 42.9891013], [132.30011559999997, 42.9890185], [132.3000632, 42.9890145], [132.3000797, 42.988982199999995], [132.30001349999998, 42.988968], [132.2998618, 42.9889862], [132.2997321, 42.98903669999999], [132.2996245, 42.989139599999994], [132.2995886, 42.9893172], [132.29962719999997, 42.98942619999999], [132.29969899999998, 42.98950289999999], [132.2998066, 42.9895513], [132.2998866, 42.98954929999999], [132.2999528, 42.9895715], [132.3001404, 42.989543299999994], [132.30019560000002, 42.9895635], [132.30028939999997, 42.98954929999999], [132.30035569999998, 42.9895655], [132.30021769999996, 42.989589699999996], [132.3001239, 42.9896301], [132.30001349999998, 42.9896301], [132.2999225, 42.9896603], [132.29986999999997, 42.9896603], [132.2997348, 42.9897189], [132.29971549999996, 42.989753199999996], [132.2997376, 42.9897895], [132.2999169, 42.9898299], [132.2999721, 42.989886399999996], [132.2999473, 42.989920699999985], [132.2998231, 42.98994089999999], [132.29985899999997, 42.9900156], [132.2999114, 42.9900156], [132.29987279999997, 42.9900842], [132.2998204, 42.9901023], [132.29977069999998, 42.9901811], [132.2997045, 42.990171], [132.29968789999998, 42.9901023], [132.29954169999996, 42.99010439999999], [132.2994948, 42.9901609], [132.2995776, 42.9902739], [132.2994506, 42.9903647], [132.29937609999996, 42.9903768], [132.2993292, 42.99040310000001], [132.2993237, 42.990459599999994], [132.2993485, 42.9904919], [132.299423, 42.99050799999999], [132.29960789999998, 42.9906231], [132.29959690000004, 42.990663399999995], [132.29951410000004, 42.9906554], [132.2994561, 42.99067959999999], [132.2994479, 42.9907543], [132.2994396, 42.9908431], [132.29951410000004, 42.990889499999994], [132.2996686, 42.99089349999999], [132.29968789999998, 42.9909299], [132.29965759999996, 42.9910086], [132.2995224, 42.991091299999994], [132.2995224, 42.9911337], [132.2994506, 42.99117609999999], [132.2994617, 42.9912568], [132.29951410000004, 42.9913295], [132.2996051, 42.991369799999994], [132.29969899999998, 42.99136779999999], [132.2997983, 42.991384], [132.2999004, 42.9914768], [132.2999887, 42.99150709999999], [132.3001018, 42.991521199999994], [132.3001266, 42.991553499999995], [132.3000963, 42.9916524], [132.30002729999998, 42.9916685], [132.29989489999997, 42.9916605], [132.2998562, 42.9916968], [132.29979279999998, 42.991775499999996], [132.2998838, 42.9918118], [132.2998921, 42.9918522], [132.2999832, 42.99185829999999], [132.2999832, 42.99188049999999], [132.2998976, 42.9919007], [132.29987829999996, 42.9919289], [132.2999666, 42.99194909999999], [132.299997, 42.99202580000001], [132.29989489999997, 42.992051999999994], [132.2998314, 42.9921065], [132.2999087, 42.9921913], [132.2999914, 42.99219529999999], [132.3001129, 42.99217109999999], [132.3001018, 42.992235699999995], [132.30001349999998, 42.9922962], [132.3000052, 42.99234469999999], [132.3001717, 42.99236019999999], [132.3001783, 42.992444199999994], [132.3002114, 42.992444199999994], [132.3002622, 42.9923505], [132.3002975, 42.99234890000001], [132.3003152, 42.9924749], [132.30029529999996, 42.9925637], [132.300249, 42.9926864], [132.3001783, 42.992776799999994], [132.3001253, 42.9928285], [132.30012089999997, 42.992922099999994], [132.3001916, 42.9930222], [132.30024039999998, 42.9931548], [132.3002646, 42.99338439999999], [132.3003584, 42.9936765], [132.30055169999997, 42.9938818], [132.3004684, 42.9940576], [132.3003378, 42.994194699999994], [132.3000478, 42.9944137], [132.29982439999998, 42.9945633], [132.2996766, 42.9946109], [132.29960949999997, 42.9946302], [132.29947479999998, 42.9945643], [132.2993237, 42.994457399999995], [132.2991884, 42.994496899999994], [132.2991298, 42.994454], [132.29898489999997, 42.994454], [132.2989367, 42.9944389], [132.2989367, 42.9943708], [132.29877149999996, 42.99437979999999], [132.29874989999996, 42.99455729999999], [132.2986809, 42.9945977], [132.2985947, 42.9945371], [132.2985085, 42.9945901], [132.2984567, 42.9947818], [132.2983602, 42.9948474], [132.2982395, 42.994822199999994], [132.2981567, 42.99489539999999], [132.2982326, 42.994968499999985], [132.298167, 42.995003800000006], [132.29800839999996, 42.994991199999994], [132.2979497, 42.995026499999994], [132.2979739, 42.995127399999994], [132.29782559999998, 42.9951224], [132.2977462, 42.995193], [132.2978877, 42.9952485], [132.29801179999998, 42.9952233], [132.2981325, 42.9953066], [132.29826359999998, 42.995281299999995], [132.29834639999999, 42.9953595], [132.29831529999998, 42.99544529999999], [132.2983671, 42.9954958], [132.29840849999997, 42.99569499999999], [132.29839809999999, 42.99583379999999], [132.2983602, 42.99593469999999], [132.2982843, 42.9960835], [132.2981498, 42.99627529999999], [132.2980256, 42.996411499999994], [132.297898, 42.99645439999999], [132.2977945, 42.9966007], [132.2976842, 42.996636], [132.297729, 42.9966865], [132.297698, 42.9967647], [132.2976117, 42.996787399999995], [132.2975358, 42.9967192], [132.2974531, 42.9967319], [132.297422, 42.9967596], [132.2972806, 42.996747], [132.2972151, 42.9967773], [132.2972116, 42.996825199999996], [132.2972703, 42.996857999999996], [132.2973841, 42.99684789999999], [132.2974427, 42.9968832], [132.2975186, 42.9968832], [132.2975324, 42.996941199999995], [132.29751509999997, 42.997057299999994], [132.29755309999996, 42.99711279999999], [132.2975393, 42.9972288], [132.297291, 42.9976425], [132.297291, 42.99774339999999], [132.2972565, 42.9978292], [132.29733579999998, 42.9979049], [132.2974082, 42.998061299999996], [132.2974013, 42.998129399999996], [132.2974841, 42.99819999999999], [132.29755999999998, 42.99840939999999], [132.2976704, 42.998497699999994], [132.29777039999996, 42.998618799999996], [132.29790829999996, 42.9988534], [132.2979221, 42.998994599999996], [132.2978083, 42.999055199999994], [132.29778069999998, 42.999093], [132.2978842, 42.99917880000001], [132.2980532, 42.999229199999995], [132.2981498, 42.999231699999996], [132.2982739, 42.9992191], [132.29831529999998, 42.99930239999999], [132.2984947, 42.999418399999996], [132.29844639999996, 42.9995042], [132.298505, 42.9995294], [132.2985671, 42.99949409999999], [132.29862229999998, 42.9995244], [132.2986982, 42.9995143], [132.2987534, 42.9995471], [132.29874989999996, 42.99959499999999], [132.2988568, 42.9996757], [132.2991673, 42.99980939999999], [132.3003296, 43.00012720000001], [132.3005745, 43.000218], [132.3016058, 43.0005762], [132.3020955, 43.0006998], [132.30226449999998, 43.000765399999985], [132.3023991, 43.0008411], [132.3025301, 43.00096719999999], [132.30264050000002, 43.0011009], [132.3027026, 43.0012371], [132.3027474, 43.0013885], [132.3027716, 43.0015348], [132.3027819, 43.00169619999999], [132.30277849999996, 43.0018526], [132.3027578, 43.0019459], [132.3027164, 43.0020266], [132.3026232, 43.002069500000005], [132.30249619999998, 43.0022789], [132.3021566, 43.0025299], [132.3021349, 43.002639099999996], [132.3021159, 43.0026987], [132.302143, 43.00278209999999], [132.302124, 43.0028317], [132.3020453, 43.002891299999995], [132.3020208, 43.0029489], [132.3020344, 43.0029846], [132.30208869999998, 43.0030005], [132.3021512, 43.0030561], [132.3021267, 43.00309579999999], [132.30208599999997, 43.0031415], [132.302143, 43.00327649999999], [132.3020914, 43.0035307], [132.3021132, 43.003580299999996], [132.3021132, 43.0036637], [132.302162, 43.0037292], [132.3021973, 43.00380069999999], [132.302181, 43.0039556], [132.30227059999999, 43.004064799999995], [132.3023602, 43.0041184], [132.302363, 43.0041482], [132.3023412, 43.0041681], [132.3023792, 43.00421969999999], [132.3024145, 43.0042336], [132.3024607, 43.0043468], [132.3025123, 43.0043726], [132.3025883, 43.0043646], [132.3027023, 43.0043865], [132.30290599999998, 43.0043726], [132.30310689999996, 43.0043309], [132.3032291, 43.0042673], [132.3033078, 43.00417199999999], [132.303373, 43.00415219999999], [132.3034897, 43.00415219999999], [132.30360919999998, 43.004183899999994], [132.3038617, 43.0042376], [132.3039866, 43.00427529999999], [132.3040979, 43.004340799999994], [132.3042038, 43.00442819999999], [132.30433689999998, 43.0045791], [132.3044346, 43.00465450000001], [132.3046165, 43.00477759999999], [132.30471429999997, 43.0048849], [132.3048093, 43.005029799999996], [132.3048337, 43.005145], [132.3048365, 43.0052304], [132.3048256, 43.00530779999999], [132.3047984, 43.00542299999999], [132.3047957, 43.0055441], [132.3047414, 43.00561749999999], [132.3046627, 43.00566919999999], [132.30463009999997, 43.0057962], [132.30474689999997, 43.0057962], [132.3048174, 43.005814099999995], [132.3048745, 43.0058459], [132.3049098, 43.005897499999996], [132.304907, 43.00595109999999], [132.3049722, 43.0059988], [132.3049858, 43.006046399999995], [132.3049831, 43.006086100000005], [132.30507, 43.0061397], [132.3052274, 43.00626479999999], [132.305336, 43.006352199999995], [132.3055234, 43.00652889999999], [132.3057243, 43.00667979999999], [132.3059388, 43.0068089], [132.3060909, 43.0068545], [132.3061832, 43.0068545], [132.3062701, 43.0068386], [132.3063407, 43.00680489999999], [132.30644379999998, 43.00670759999999], [132.3065796, 43.006521], [132.3066393, 43.006481199999996], [132.3067208, 43.0064654], [132.3068267, 43.006463399999994], [132.30695699999998, 43.00648519999999], [132.307329, 43.0065825], [132.3076276, 43.0066202], [132.3077743, 43.0066599], [132.307891, 43.0067275], [132.307948, 43.0067433], [132.3080403, 43.00673940000001], [132.308244, 43.006860499999995], [132.30831189999998, 43.0068903], [132.3084367, 43.0068645], [132.30855079999998, 43.0068863], [132.3087381, 43.0068684], [132.3090395, 43.0068466], [132.30929200000003, 43.0068545], [132.3095635, 43.0068803], [132.30979159999998, 43.0069339], [132.3100278, 43.0069955], [132.3102396, 43.007086799999996], [132.3104052, 43.00716429999999], [132.31083969999997, 43.0073946], [132.31104329999997, 43.0074978], [132.31120080000002, 43.00753949999999], [132.3113175, 43.007547499999994], [132.3114723, 43.007547499999994], [132.3118063, 43.00753159999999], [132.3120452, 43.0075375], [132.3122135, 43.0075693], [132.3123384, 43.0076209], [132.3124497, 43.0076865], [132.3130878, 43.00811929999999], [132.3135331, 43.0084767], [132.31402449999996, 43.0089294], [132.31424719999998, 43.0091617], [132.3143042, 43.009253], [132.31434759999996, 43.0094257], [132.3143965, 43.009523], [132.314459, 43.0096064], [132.3145078, 43.00961829999999], [132.3146246, 43.009598399999994], [132.3147196, 43.0096084], [132.3148255, 43.009664], [132.3149884, 43.0097652], [132.31509429999997, 43.0098982], [132.3151893, 43.010084899999995], [132.3152898, 43.01021], [132.3160266, 43.0107746], [132.3161359, 43.0108383], [132.3162271, 43.0108544], [132.3163371, 43.01084749999999], [132.3164189, 43.0108107], [132.31645029999999, 43.010744], [132.3164535, 43.01065199999999], [132.31648179999996, 43.01060379999999], [132.31653839999998, 43.010567], [132.316617, 43.01056009999999], [132.3169628, 43.01064289999999], [132.3171263, 43.0106383], [132.3173936, 43.0106061], [132.3175571, 43.0105946], [132.3176986, 43.0105969], [132.31785579999996, 43.010615300000005], [132.3180602, 43.0106681], [132.3182865, 43.01074859999999], [132.3185098, 43.0108544], [132.3186796, 43.01095089999998], [132.3188242, 43.01106589999999], [132.31902709999997, 43.01129410000001], [132.3194275, 43.011780699999996], [132.31956269999998, 43.0119807], [132.31980789999997, 43.012498], [132.3198205, 43.01260829999999], [132.31989279999996, 43.012851999999995], [132.319918, 43.013081899999996], [132.3200155, 43.013543999999996], [132.3200846, 43.0136015], [132.32016009999998, 43.0137992], [132.3202198, 43.0138521], [132.32023559999996, 43.0139119], [132.3202984, 43.0139372], [132.3203645, 43.01394179999999], [132.32046509999998, 43.0139877], [132.3209241, 43.0143763], [132.32124169999997, 43.01459009999999], [132.32168529999998, 43.01487349999999], [132.32181739999996, 43.014954], [132.3218614, 43.01502299999999], [132.3218708, 43.0152138], [132.3218457, 43.01541840000001], [132.3217985, 43.01557009999999], [132.32174189999998, 43.01575859999999], [132.32165389999997, 43.01621839999999], [132.3215816, 43.016413799999995], [132.3214621, 43.0166161], [132.3213772, 43.01674030000001], [132.3212734, 43.0168322], [132.3212011, 43.01685979999999], [132.3211508, 43.01686899999999], [132.3203868, 43.01666899999999], [132.3197579, 43.0164529], [132.3197013, 43.016422999999996], [132.3195284, 43.0163587], [132.3193335, 43.0163311], [132.31927199999998, 43.01636359999999], [132.3192516, 43.016420000000004], [132.3179069, 43.0160762], [132.31761600000002, 43.01668449999999], [132.3177957, 43.0167305], [132.3178553, 43.0166059], [132.3178082, 43.01659389999999], [132.3179784, 43.016238], [132.3180346, 43.0162523], [132.3180502, 43.01621969999999], [132.319206, 43.01651519999999], [132.31918169999997, 43.0165685], [132.3192206, 43.01660129999999], [132.3193721, 43.0166435], [132.3194581, 43.01666590000001], [132.3199434, 43.0168253], [132.3200625, 43.01680929999999], [132.32012889999996, 43.016811499999996], [132.32037129999998, 43.0168327], [132.32061, 43.016908099999995], [132.3206634, 43.01695410000001], [132.3206886, 43.01704599999999], [132.3207641, 43.0172276], [132.3207924, 43.0174299], [132.3208018, 43.0176391], [132.3207955, 43.0178207], [132.3207546, 43.018], [132.32067599999996, 43.0182437], [132.32058170000002, 43.0184322], [132.32040250000003, 43.0186943], [132.32025469999996, 43.0188529], [132.3200881, 43.0189931], [132.31996259999997, 43.0190623], [132.319906, 43.0191404], [132.3197677, 43.01926], [132.3195727, 43.019395599999996], [132.3191703, 43.01960019999999], [132.3190036, 43.0196692], [132.31876779999996, 43.019731199999995], [132.31850689999996, 43.019814], [132.3183591, 43.01983700000001], [132.3182207, 43.01985079999999], [132.318073, 43.01983700000001], [132.3179786, 43.019807099999994], [132.3178875, 43.0197427], [132.31779629999997, 43.0196209], [132.3177743, 43.019551899999996], [132.31771769999997, 43.0194554], [132.31757929999998, 43.01933579999999], [132.3174799, 43.01918729999999], [132.3174571, 43.01911809999999], [132.3173836, 43.01898740000001], [132.3172629, 43.0188918], [132.3171361, 43.0188623], [132.31705359999998, 43.0188006], [132.3170134, 43.0187196], [132.3170114, 43.01862989999999], [132.31690269999999, 43.018512199999996], [132.3155122, 43.019052099999996], [132.31537739999996, 43.018875599999994], [132.3151742, 43.0186578], [132.31508359999998, 43.01860049999999], [132.3150393, 43.0184725], [132.3149609, 43.01835919999999], [132.3149072, 43.018307699999994], [132.3148998, 43.018286599999996], [132.3149103, 43.01826719999999], [132.31495079999996, 43.01824], [132.3143578, 43.017429299999996], [132.3149495, 43.0171983], [132.31486119999997, 43.01707760000001], [132.3142166, 43.01732989999999], [132.31412, 43.01724899999999], [132.3138793, 43.01716999999999], [132.3134912, 43.01708369999999], [132.31303429999997, 43.01702989999999], [132.3127297, 43.01702989999999], [132.3121942, 43.017105300000004], [132.3119535, 43.01720949999999], [132.3113934, 43.01737109999999], [132.3105091, 43.0175866], [132.3103273, 43.0176333], [132.310121, 43.01764409999999], [132.310067, 43.01767280000001], [132.3100473, 43.0177554], [132.3094234, 43.0178919], [132.30917279999997, 43.017917100000005], [132.30904019999997, 43.0179135], [132.3088977, 43.017856], [132.3087995, 43.0177554], [132.3087454, 43.017619], [132.3087356, 43.017536299999996], [132.3086766, 43.017464499999996], [132.3082148, 43.017274099999995], [132.3080822, 43.01730289999999], [132.3080478, 43.0173675], [132.3081313, 43.017504], [132.30830329999998, 43.0175794], [132.3083917, 43.0177231], [132.30834749999997, 43.0178309], [132.3083671, 43.0178919], [132.308318, 43.0179494], [132.30834749999997, 43.017999700000004], [132.3084015, 43.018021299999994], [132.30857349999997, 43.018362499999995], [132.308598, 43.0184774], [132.30849489999997, 43.018947999999995], [132.30849, 43.0190845], [132.30843589999998, 43.0191024], [132.3084507, 43.0191563], [132.30894689999997, 43.0193718], [132.3090304, 43.01946879999999], [132.30912859999998, 43.0196699], [132.30918759999997, 43.0199609], [132.30921209999997, 43.0201872], [132.30920719999997, 43.0203991], [132.30919249999997, 43.020610999999995], [132.30914829999998, 43.0208588], [132.30903529999998, 43.021139], [132.308883, 43.0214155], [132.3086766, 43.0216993], [132.30847519999998, 43.021925599999996], [132.3081461, 43.02217339999999], [132.3079201, 43.02230269999999], [132.3076253, 43.0224248], [132.30733049999998, 43.02248229999999], [132.30712909999997, 43.0225505], [132.30664269999997, 43.022848599999996], [132.3064266, 43.022881], [132.3063283, 43.02292409999999], [132.3061908, 43.0229061], [132.3061243, 43.0230347], [132.306054, 43.023061899999995], [132.3060499, 43.0231254], [132.3058844, 43.0233522], [132.3056653, 43.02332499999999], [132.3056363, 43.02335819999999], [132.3058224, 43.0234489], [132.30579759999998, 43.0235397], [132.3058059, 43.0238027], [132.3056953, 43.02376759999999], [132.30580729999997, 43.0238523], [132.30579089999998, 43.02393039999999], [132.3057066, 43.02388950000001], [132.30587339999997, 43.02401969999999], [132.3060209, 43.0243469], [132.30608299999997, 43.0244286], [132.3060623, 43.0245797], [132.3059961, 43.02452829999999], [132.3059423, 43.0245888], [132.30601679999998, 43.0246553], [132.30595059999996, 43.0247279], [132.3061119, 43.0248307], [132.3062029, 43.024927399999996], [132.3063146, 43.02496669999999], [132.3063725, 43.0250393], [132.30638900000002, 43.0252812], [132.3064469, 43.0254323], [132.3064428, 43.025507899999994], [132.3063766, 43.0255805], [132.306418, 43.0256984], [132.3065172, 43.02576789999999], [132.3065172, 43.025907000000004], [132.3064469, 43.0259947], [132.3065296, 43.026034], [132.3065007, 43.02609449999999], [132.30661229999998, 43.02619419999999], [132.3066868, 43.02619419999999], [132.3068026, 43.0263908], [132.3068439, 43.02652679999999], [132.30689249999998, 43.0267988], [132.3069255, 43.02716159999999], [132.3069131, 43.0275818], [132.3068718, 43.0279295], [132.3068263, 43.0280867], [132.3067353, 43.02817739999999], [132.3066526, 43.02829229999999], [132.30664169999997, 43.0284045], [132.30660729999997, 43.0285516], [132.306422, 43.02882819999999], [132.3064087, 43.02892889999999], [132.30642989999998, 43.029004300000004], [132.3065093, 43.0290856], [132.3067899, 43.0292733], [132.3068111, 43.0293642], [132.3067767, 43.029424199999994], [132.30685869999996, 43.0295441], [132.30693019999998, 43.029689299999994], [132.3070122, 43.02997169999999], [132.307134, 43.0301323], [132.3072002, 43.03018649999999], [132.3072452, 43.03039929999999], [132.3072478, 43.0306102], [132.3072213, 43.0308676], [132.3071499, 43.0311462], [132.3071499, 43.03123709999999], [132.3071605, 43.031389999999995], [132.3071102, 43.03166469999999], [132.30711279999997, 43.03180009999999], [132.3071446, 43.03193939999999], [132.30716839999997, 43.03223739999999], [132.3071525, 43.0325121], [132.3071585, 43.032936299999996], [132.3071373, 43.0331356], [132.3071479, 43.03322849999999], [132.3070658, 43.0334355], [132.30704469999998, 43.03358639999999], [132.3068541, 43.033847599999994], [132.30677729999996, 43.033911399999994], [132.3067297, 43.0340101], [132.3066847, 43.034050699999995], [132.30664499999997, 43.03410879999999], [132.3064729, 43.034261599999994], [132.3063353, 43.0343642], [132.3059118, 43.0347898], [132.3058509, 43.03485169999999], [132.30577949999997, 43.034890399999995], [132.3056948, 43.0350045], [132.30559679999996, 43.03497749999999], [132.3055095, 43.0350123], [132.3055144, 43.0350389], [132.30548189999996, 43.0350498], [132.305467, 43.0350806], [132.30548189999996, 43.035103299999996], [132.30548189999996, 43.03511919999999], [132.3055144, 43.0351806], [132.3055538, 43.0353088], [132.305522, 43.03536489999999], [132.30540819999996, 43.0353823], [132.30540819999996, 43.0354326], [132.30535, 43.0354249], [132.30531029999997, 43.03546159999999], [132.3053129, 43.0355932], [132.3053288, 43.03562029999999], [132.30528119999997, 43.0356745], [132.30525469999998, 43.03579249999999], [132.30519909999998, 43.0358099], [132.3051567, 43.0358505], [132.30509319999996, 43.03586599999999], [132.30507999999998, 43.03591240000001], [132.30504949999997, 43.0359216], [132.305036, 43.0359622], [132.3050726, 43.035985999999994], [132.3050631, 43.0360415], [132.3051173, 43.03607409999999], [132.3051295, 43.0361029], [132.3050214, 43.036239300000005], [132.3048499, 43.03648379999999], [132.30478, 43.0365875], [132.30468049999996, 43.0366355], [132.3046572, 43.036666399999994], [132.3046826, 43.03669429999999], [132.3046424, 43.0367964], [132.3045789, 43.0369835], [132.3044879, 43.03749129999999], [132.3045086, 43.03775739999999], [132.3046202, 43.0378783], [132.3045954, 43.0379387], [132.30477739999998, 43.038241], [132.3047815, 43.0383559], [132.3052804, 43.0390657], [132.30589529999997, 43.0395538], [132.3090082, 43.037739300000005], [132.3180819, 43.03236249999999], [132.325714, 43.02785529999999], [132.3260098, 43.0278426], [132.3261729, 43.0291393], [132.3267869, 43.028803999999994], [132.3311766, 43.026508199999995], [132.33491, 43.0245683], [132.34192509999997, 43.0211165], [132.34687039999997, 43.0186782], [132.3466122, 43.0178642], [132.34662449999996, 43.015362499999995], [132.3466041, 43.01485029999999], [132.3463923, 43.0143116], [132.3459986, 43.01393379999999], [132.34655229999998, 43.013475], [132.34713049999996, 43.0127373], [132.3473525, 43.01228059999999]]]]}}]}