{"type": "FeatureCollection", "features": [{"type": "Feature", "properties": {"id": "city-81701000", "name": "ГО Улан-Удэ", "region": "Республика Бурятия", "isCity": true, "sourceOktmo": "81-701-000-000", "sourceAgg": "Улан-Удэ", "excelNames": ["ГО Улан-Удэ"], "oktmo": "81701000", "vgp": [{"year": 2019, "value": 254473191.8231264}, {"year": 2020, "value": 262725191.45386457}, {"year": 2021, "value": 245000808.800255}, {"year": 2022, "value": 389563751.35351616}, {"year": 2023, "value": 414141663.31030613}, {"year": 2024, "value": 448179789.32750756}], "population": [{"year": 2019, "value": 435496.0}, {"year": 2020, "value": 437514.0}, {"year": 2021, "value": 436406.0}, {"year": 2022, "value": 437860.0}, {"year": 2023, "value": 436138.0}, {"year": 2024, "value": 435751.0}, {"year": 2025, "value": 435067.0}], "shipments": [{"year": 2019, "value": 116124395.1}, {"year": 2020, "value": 134273019.7}, {"year": 2021, "value": 151107812.6}, {"year": 2022, "value": 187996695.3}, {"year": 2023, "value": 182809432.1}, {"year": 2024, "value": 133810778.4}], "employees": [{"year": 2019, "value": 93619.0}, {"year": 2020, "value": 93720.0}, {"year": 2021, "value": 91845.0}, {"year": 2022, "value": 91087.0}, {"year": 2023, "value": 91029.0}, {"year": 2024, "value": 90837.0}], "investments": [{"year": 2019, "value": 0.0}, {"year": 2020, "value": 0.0}, {"year": 2021, "value": 39693650.0}, {"year": 2022, "value": 83783620.0}, {"year": 2023, "value": 88744300.0}, {"year": 2024, "value": 73352296.2}], "vgp2024": 448179789.32750756, "pop2024": 435751.0, "ship2024": 133810778.4, "emp2024": 90837.0, "inv2024": 73352296.2}, "geometry": {"type": "MultiPolygon", "coordinates": [[[[107.79794059999999, 51.851210599999995], [107.79941459999999, 51.8517395], [107.8000048, 51.851137], [107.80060909999999, 51.8504954], [107.80093930000001, 51.8501586], [107.80125009999999, 51.8498175], [107.80178099999999, 51.8494647], [107.80232059999999, 51.8487359], [107.8046675, 51.84905109999999], [107.8067842, 51.8494247], [107.8095313, 51.850340100000004], [107.81053729999998, 51.85067529999999], [107.8108753, 51.8507879], [107.81112079999998, 51.85086969999999], [107.81445359999998, 51.8515481], [107.8215088, 51.8516262], [107.8242251, 51.85200509999999], [107.82929089999999, 51.852716], [107.83812689999999, 51.85386329999999], [107.8507422, 51.85899009999999], [107.8580675, 51.861829500000006], [107.8665885, 51.865261000000004], [107.8756111, 51.86878499999999], [107.88172159999999, 51.8712218], [107.8820799, 51.8713967], [107.88364369999998, 51.8720061], [107.88901009999998, 51.8741621], [107.89551129999998, 51.87677], [107.89569169999999, 51.8768288], [107.9011917, 51.87862040000001], [107.90516909999998, 51.87955989999998], [107.9057877, 51.8797123], [107.90925939999998, 51.88030259999999], [107.9130959, 51.8808307], [107.91780499999999, 51.88151369999999], [107.921769, 51.8821076], [107.9232643, 51.88235], [107.92433989999999, 51.8825107], [107.9245305, 51.882125699999996], [107.9259661, 51.87819060000001], [107.9269951, 51.8768641], [107.92715129999999, 51.87645829999999], [107.9270208, 51.8743795], [107.92608879999999, 51.872309800000004], [107.92599769999998, 51.87163909999999], [107.92576089999999, 51.8702123], [107.92770109999998, 51.869128699999976], [107.92799969999999, 51.8690576], [107.93060539999999, 51.87452820000001], [107.93820620000001, 51.8745164], [107.9382, 51.8750989], [107.94370939999999, 51.87496709999999], [107.94445069999999, 51.874523999999994], [107.94687759999998, 51.87451909999999], [107.9481456, 51.87412170000001], [107.95037979999998, 51.874674999999996], [107.9552689, 51.874792], [107.9568201, 51.8736367], [107.9573911, 51.8704336], [107.95826859999998, 51.8650285], [107.95770609999998, 51.864036999999996], [107.9559171, 51.862140200000006], [107.9527304, 51.85905059999999], [107.9473171, 51.8613878], [107.9413896, 51.8636682], [107.94126639999999, 51.86371559999999], [107.9395275, 51.86427520000001], [107.9306786, 51.86392939999999], [107.92747309999999, 51.8681242], [107.92779279999999, 51.8686988], [107.9253492, 51.8698291], [107.9254816, 51.87062220000001], [107.92576089999999, 51.87237399999999], [107.926214, 51.8733994], [107.9267513, 51.87439740000001], [107.92688499999998, 51.8765928], [107.9267013, 51.87681789999999], [107.9261813, 51.8774261], [107.9256027, 51.8782289], [107.9252207, 51.878969100000006], [107.92471399999998, 51.8803043], [107.92414530000002, 51.8821279], [107.91655, 51.8810941], [107.9079059, 51.87984199999999], [107.9055743, 51.879308099999996], [107.90356279999999, 51.8788919], [107.90146679999998, 51.878368699999996], [107.89587309999999, 51.8765319], [107.8927729, 51.87530029999999], [107.889154, 51.8738647], [107.88373809999999, 51.87173919999999], [107.8828733, 51.8713868], [107.88318929999998, 51.8709512], [107.88354489999999, 51.870639499999996], [107.88779390000002, 51.867149600000005], [107.8899893, 51.864516], [107.89056399999998, 51.8639557], [107.89394079999998, 51.86397239999999], [107.90205319999998, 51.8610724], [107.91439479999998, 51.864321499999996], [107.9153828, 51.86405349999999], [107.925643, 51.85725879999999], [107.9256188, 51.854640100000005], [107.9255919, 51.853324300000004], [107.9252395, 51.8482842], [107.92294589999999, 51.8464353], [107.91823659999999, 51.844817500000005], [107.9127455, 51.84288899999999], [107.90952929999999, 51.8399111], [107.9088245, 51.83494910000001], [107.89617319999999, 51.8350666], [107.88974069999999, 51.834982], [107.86661869999999, 51.83520429999999], [107.8667384, 51.8494517], [107.86676439999998, 51.85303639999999], [107.86678970000001, 51.8580485], [107.87687619999998, 51.8600391], [107.88263669999999, 51.862777900000005], [107.8860928, 51.8637648], [107.88955079999998, 51.86397], [107.8896737, 51.864441], [107.88750319999998, 51.86702720000001], [107.88320809999999, 51.8705054], [107.88241089999998, 51.8711569], [107.8803319, 51.8703182], [107.87601649999999, 51.8686348], [107.8719835, 51.86701769999999], [107.86563629999999, 51.86451730000001], [107.8594593, 51.86209660000001], [107.859591, 51.8619125], [107.85928289999998, 51.86179189999999], [107.85892789999998, 51.86182900000001], [107.85747710000001, 51.8613271], [107.85101289999999, 51.85874629999999], [107.84107, 51.8545967], [107.8383947, 51.8535591], [107.82573369999999, 51.851881], [107.82194319999999, 51.8514172], [107.81809709999999, 51.85088400000001], [107.810963, 51.8499758], [107.81232809999999, 51.8474171], [107.81444650000002, 51.8455633], [107.8167523, 51.84401569999999], [107.8198735, 51.84254369999999], [107.82266619999999, 51.841091600000006], [107.8229434, 51.831193], [107.8229734, 51.83054249999999], [107.82302839999998, 51.8293533], [107.82312599999999, 51.8252405], [107.8231663, 51.8234009], [107.8224146, 51.82204980000001], [107.8224657, 51.8187607], [107.81757799999998, 51.8174834], [107.8150507, 51.8178657], [107.8058921, 51.8192055], [107.8035807, 51.81952110000001], [107.80215039999999, 51.8206513], [107.79970339999998, 51.8218815], [107.79965420000002, 51.816705299999995], [107.79960289999998, 51.81131390000001], [107.7995782, 51.809159], [107.7995668, 51.8081661], [107.7995559, 51.8072325], [107.79954449999998, 51.806262399999994], [107.7995339, 51.805315099999994], [107.7995678, 51.80431759999999], [107.79963709999998, 51.80333770000001], [107.79970509999998, 51.8023812], [107.79976209999998, 51.801575], [107.79974449999999, 51.8013835], [107.7996171, 51.799998399999986], [107.7994482, 51.79816009999998], [107.7994274, 51.796829], [107.7994229, 51.7963967], [107.79941449999998, 51.79435939999999], [107.79941539999999, 51.7927662], [107.7993185, 51.78818039999999], [107.79927139999998, 51.7859436], [107.79923429999998, 51.7842138], [107.79919850000002, 51.782959399999996], [107.80372149999998, 51.7818226], [107.81265569999998, 51.7784805], [107.81158309999998, 51.7758047], [107.8057958, 51.7743161], [107.8036034, 51.77381669999999], [107.8042638, 51.77206880000001], [107.8040488, 51.7711247], [107.79926480000002, 51.7711177], [107.7971282, 51.7711155], [107.79387579999998, 51.7710905], [107.791317, 51.771041499999995], [107.78790289999999, 51.770978500000005], [107.7837773, 51.7709024], [107.77957229999998, 51.770834300000004], [107.7778612, 51.770747500000006], [107.77749049999998, 51.7707112], [107.7773528, 51.7706966], [107.7772153, 51.77068200000001], [107.773439, 51.770279099999996], [107.77145440000001, 51.770212599999994], [107.76959009999999, 51.77041319999999], [107.7651822, 51.7703534], [107.7608165, 51.7701297], [107.754736, 51.7698345], [107.75400719999999, 51.76979310000001], [107.75219719999998, 51.76970430000001], [107.75148829999999, 51.7696902], [107.74913879999998, 51.7696341], [107.7475974, 51.769603700000005], [107.74618179999999, 51.769522], [107.7452479, 51.7695241], [107.7435425, 51.769511699999995], [107.7428692, 51.769485700000004], [107.7408187, 51.76940609999999], [107.7372028, 51.7693122], [107.73422159999998, 51.7692597], [107.73198039999998, 51.769232300000006], [107.72914379999999, 51.76911419999998], [107.7261714, 51.76898709999999], [107.7262938, 51.767919], [107.72639009999999, 51.766700400000005], [107.72613200000002, 51.7661965], [107.7260942, 51.762311], [107.7260865, 51.7615395], [107.72603299999999, 51.7593003], [107.72593969999998, 51.756881299999996], [107.72594439999999, 51.7555913], [107.725757, 51.75418229999999], [107.72590739999998, 51.75259330000001], [107.72582540000002, 51.751584799999996], [107.72577519999999, 51.7502359], [107.72571089999998, 51.748577399999995], [107.7256484, 51.7471017], [107.7256164, 51.7463456], [107.72558329999998, 51.74535449999999], [107.72554249999999, 51.744136], [107.7255185, 51.7430856], [107.72548849999998, 51.7423804], [107.72542859999999, 51.740969699999994], [107.7253902, 51.73986719999999], [107.7253534, 51.73829209999999], [107.72535240000002, 51.73785370000001], [107.7253505, 51.73727240000001], [107.72521629999999, 51.7360525], [107.7250661, 51.73473249999999], [107.72513619999998, 51.73378840000001], [107.72515169999998, 51.7335526], [107.72515739999999, 51.7334656], [107.7252399, 51.7323992], [107.72532959999998, 51.73000369999998], [107.7253451, 51.72861879999999], [107.72537930000001, 51.72794319999999], [107.7253945, 51.7271466], [107.72540079999999, 51.726835], [107.72542099999998, 51.72572120000001], [107.7254281, 51.725060499999984], [107.72544400000001, 51.7238471], [107.72543629999998, 51.723004700000004], [107.72545329999998, 51.7220255], [107.7254019, 51.72159599999999], [107.7254267, 51.7210354], [107.7255527, 51.720175700000006], [107.725488, 51.7190753], [107.7257365, 51.7186302], [107.72560399999999, 51.7168408], [107.7257347, 51.71486889999999], [107.725831, 51.71236270000001], [107.7258574, 51.711076799999994], [107.725751, 51.70999880000001], [107.7240643, 51.7100625], [107.7210766, 51.71020849999999], [107.7185249, 51.7103382], [107.71564639999998, 51.71045289999999], [107.7138128, 51.710492099999996], [107.71156919999999, 51.71053779999999], [107.7088957, 51.710529999999984], [107.7043153, 51.71056], [107.6993495, 51.71054079999998], [107.6974386, 51.71052410000001], [107.69185429999999, 51.710484300000005], [107.6872933, 51.7104716], [107.68575720000001, 51.710493799999995], [107.68548359999998, 51.71209090000001], [107.6846848, 51.71697019999999], [107.68459349999999, 51.7175279], [107.68447339999999, 51.7182613], [107.68431139999998, 51.71924599999999], [107.6845834, 51.72225610000001], [107.68481649999998, 51.72429439999999], [107.68514239999999, 51.725569699999994], [107.6856117, 51.72685830000001], [107.6856591, 51.729137], [107.68559729999998, 51.7303978], [107.6854437, 51.7326383], [107.6853614, 51.7343415], [107.6852809, 51.73560179999999], [107.68524699999999, 51.73613310000001], [107.68520129999999, 51.736984099999994], [107.6851704, 51.73756079999999], [107.68515769999999, 51.73773969999999], [107.6851146, 51.73834570000001], [107.6850814, 51.7388135], [107.6850145, 51.739690599999996], [107.6849547, 51.74047339999999], [107.6848942, 51.74122150000001], [107.6847338, 51.7418767], [107.68469550000002, 51.74202979999999], [107.68466659999999, 51.7421455], [107.6828266, 51.74262339999999], [107.681783, 51.742894099999994], [107.6807011, 51.7431752], [107.68014759999998, 51.743318999999985], [107.6789771, 51.74362469999999], [107.67631629999998, 51.74437429999999], [107.6750803, 51.7446993], [107.673632, 51.74508], [107.67199699999999, 51.7455266], [107.672356, 51.748195899999985], [107.67265409999999, 51.750624200000004], [107.6728351, 51.7518593], [107.6730453, 51.7533175], [107.6738064, 51.754356599999994], [107.6763501, 51.7562275], [107.6740247, 51.7562988], [107.6710043, 51.756409700000006], [107.6585146, 51.7566862], [107.65262779999999, 51.75684780000001], [107.6399471, 51.75762929999999], [107.6389077, 51.7576464], [107.6351845, 51.7577304], [107.6323192, 51.757925900000004], [107.62952249999998, 51.7580256], [107.62718960000001, 51.7581417], [107.6242987, 51.7582867], [107.61597159999998, 51.75873049999999], [107.614151, 51.7588271], [107.61236459999999, 51.75891330000001], [107.60872809999998, 51.7590823], [107.5955072, 51.75694819999999], [107.59246699999998, 51.7569377], [107.5819969, 51.7570427], [107.57833109999999, 51.75706639999999], [107.5741492, 51.7570933], [107.5700908, 51.7571187], [107.5664632, 51.757141000000004], [107.56163029999999, 51.75193269999999], [107.5602203, 51.7526525], [107.5584238, 51.7539495], [107.5557649, 51.7553953], [107.55475429999998, 51.755444], [107.5568645, 51.75762910000001], [107.55813629999999, 51.76058309999999], [107.55461380000001, 51.7601571], [107.55137040000001, 51.760414000000004], [107.5490955, 51.7592353], [107.5443007, 51.7611655], [107.5400086, 51.75988929999999], [107.5380364, 51.7599367], [107.53746909999998, 51.76003239999999], [107.53582199999998, 51.7599891], [107.53452189999999, 51.760021300000005], [107.528406, 51.76016669999999], [107.52812019999999, 51.7608264], [107.52704839999998, 51.762079500000006], [107.5264478, 51.7626063], [107.5262179, 51.7628259], [107.52621310000002, 51.762871999999994], [107.5261318, 51.762915], [107.5259426, 51.7631406], [107.525933, 51.763176200000004], [107.52568149999999, 51.763476], [107.52560969999999, 51.76350719999999], [107.5256048, 51.76353389999999], [107.52555219999999, 51.7635725], [107.5255713, 51.7636379], [107.525509, 51.7636512], [107.5254971, 51.76368980000001], [107.52537739999998, 51.763795099999996], [107.5253223, 51.76389309999999], [107.5252242, 51.76402379999998], [107.52524559999999, 51.7641277], [107.5252144, 51.7642286], [107.52515209999999, 51.7642716], [107.52510659999999, 51.764289399999996], [107.5250754, 51.7643413], [107.524999, 51.76439479999999], [107.52491009999999, 51.7645344], [107.52469949999998, 51.76473609999999], [107.5244049, 51.76505079999999], [107.5242684, 51.765226], [107.52406979999999, 51.7654263], [107.5239859, 51.7654886], [107.523902, 51.76560880000001], [107.52381809999999, 51.7658345], [107.5237343, 51.7659368], [107.5236362, 51.76602290000001], [107.5235857, 51.766123999999984], [107.52344439999999, 51.7663242], [107.52339949999998, 51.76644110000001], [107.52338939999999, 51.7665217], [107.52333419999998, 51.7666197], [107.523286, 51.7666386], [107.5232795, 51.76664879999999], [107.52325969999998, 51.76673389999999], [107.52321669999999, 51.7667963], [107.5230658, 51.766894199999996], [107.5227259, 51.767210299999995], [107.52256289999998, 51.7674597], [107.52245749999999, 51.767708999999996], [107.52238309999998, 51.7678991], [107.52217699999999, 51.76831769999999], [107.52216489999999, 51.76841420000001], [107.5221768, 51.7684631], [107.52215039999999, 51.76851509999998], [107.52216729999999, 51.7685522], [107.522227, 51.7686458], [107.52237759999998, 51.76877059999999], [107.5223824, 51.768824], [107.52234629999998, 51.768868499999996], [107.52227459999999, 51.768862600000006], [107.52222679999998, 51.76885359999999], [107.52212629999998, 51.7688862], [107.52197769999998, 51.76905099999999], [107.5220088, 51.7691416], [107.5220182, 51.76922179999999], [107.5219751, 51.7693286], [107.5218553, 51.7694533], [107.5217476, 51.76954229999999], [107.52164929999999, 51.769655099999994], [107.5212684, 51.77017159999999], [107.52112939999999, 51.7703942], [107.52105749999998, 51.770559], [107.52097599999999, 51.7706896], [107.5208993, 51.77091970000001], [107.52092069999999, 51.77103399999999], [107.5208896, 51.77105029999999], [107.5208751, 51.771158799999995], [107.52083669999999, 51.7712255], [107.5207864, 51.7712508], [107.5207271, 51.77125779999999], [107.520691, 51.771275], [107.520717, 51.771332400000006], [107.52068599999998, 51.7713591], [107.52062370000002, 51.771367999999995], [107.52055189999999, 51.77139609999999], [107.5202672, 51.7714774], [107.5203014, 51.77151229999999], [107.5203119, 51.7715943], [107.52034880000001, 51.771645199999995], [107.5203752, 51.771773], [107.5203908, 51.77190569999999], [107.5203537, 51.772097699999996], [107.5203351, 51.772218900000006], [107.52028999999999, 51.77230410000001], [107.5202477, 51.77245829999999], [107.5202238, 51.772548399999984], [107.5198874, 51.77449389999999], [107.5200614, 51.7762211], [107.5205242, 51.7776506], [107.52203249999998, 51.7793231], [107.52336099999998, 51.78063469999999], [107.52442040000001, 51.7817352], [107.5251971, 51.7823879], [107.52570409999998, 51.782938899999984], [107.5258361, 51.78303390000001], [107.52648559999999, 51.78391279999999], [107.52693979999998, 51.7844081], [107.52720389999999, 51.78467380000001], [107.5272778, 51.784804900000005], [107.52752089999998, 51.78503779999999], [107.52768990000001, 51.785241000000006], [107.5279804, 51.785519900000004], [107.5288257, 51.786352900000004], [107.529259, 51.786657999999996], [107.5294651, 51.7867728], [107.5295179, 51.78683509999999], [107.52965, 51.786890799999995], [107.52971349999999, 51.786959700000004], [107.5300411, 51.7871631], [107.53022589999999, 51.787340099999994], [107.5304479, 51.7874879], [107.53088109999999, 51.7879338], [107.53143049999998, 51.78843889999999], [107.53163659999998, 51.7886717], [107.5317582, 51.78888810000001], [107.53232869999998, 51.7894462], [107.53275139999998, 51.7898102], [107.5330261, 51.790151400000006], [107.53308949999999, 51.7902694], [107.533174, 51.79049239999999], [107.5333854, 51.79077439999999], [107.53372349999998, 51.7910892], [107.5341304, 51.791433600000005], [107.53459029999999, 51.79168289999999], [107.5351716, 51.79206010000001], [107.53631869999998, 51.7924636], [107.5373126, 51.79279489999998], [107.53804219999999, 51.79296899999999], [107.53833830000002, 51.7930116], [107.5388245, 51.79313629999999], [107.53940079999998, 51.7932741], [107.5404898, 51.7935824], [107.5410979, 51.7938153], [107.54122469999999, 51.79382520000001], [107.54172169999998, 51.7940088], [107.54170580000002, 51.7940679], [107.5413884, 51.794346399999995], [107.54075389999998, 51.7945234], [107.5405846, 51.7947495], [107.54051029999998, 51.79499539999999], [107.54055789999998, 51.7952249], [107.54074279999999, 51.795513400000004], [107.5410071, 51.7957496], [107.5414036, 51.79597580000001], [107.5416623, 51.7960765], [107.54187969999998, 51.7961204], [107.5422941, 51.79612409999999], [107.5424645, 51.79611310000001], [107.5428142, 51.79606210000001], [107.54308179999998, 51.7960567], [107.54358119999999, 51.7962427], [107.5438104, 51.7963994], [107.54417309999998, 51.796623], [107.5446977, 51.796895000000006], [107.545209, 51.797084700000006], [107.5459979, 51.79753489999999], [107.5461315, 51.797598599999986], [107.5463932, 51.7977718], [107.5465606, 51.79781919999999], [107.54669769999998, 51.7979006], [107.54681029999999, 51.797934000000005], [107.546922, 51.7979577], [107.54705429999999, 51.798016], [107.54776249999999, 51.798251099999995], [107.5479241, 51.7983241], [107.5481812, 51.79839890000001], [107.5482797, 51.7984043], [107.54851469999998, 51.7985081], [107.54862359999998, 51.79852629999999], [107.54874689999998, 51.798572], [107.54913779999998, 51.798670400000006], [107.54937009999999, 51.7987502], [107.5495549, 51.7987962], [107.54964909999998, 51.79883809999999], [107.54981649999999, 51.7988855], [107.5500075, 51.799007599999996], [107.55017399999998, 51.79909099999999], [107.5503386, 51.7995505], [107.5516478, 51.8020847], [107.5523302, 51.8043058], [107.5521811, 51.8072692], [107.55441669999999, 51.8101152], [107.5548899, 51.811339], [107.55494579999998, 51.81237610000001], [107.551378, 51.8149214], [107.5536773, 51.8177212], [107.55452879999999, 51.81759890000001], [107.55457419999999, 51.8176211], [107.5546718, 51.81770439999998], [107.5547277, 51.8178378], [107.55476879999999, 51.818002500000006], [107.55476879999999, 51.8182191], [107.5547555, 51.8182902], [107.55463799999998, 51.8185131], [107.55435439999998, 51.818679800000005], [107.5540842, 51.81874810000001], [107.55336589999999, 51.8188217], [107.5531221, 51.8188963], [107.5528283, 51.819027299999995], [107.55271079999999, 51.819043699999995], [107.551997, 51.8193568], [107.55184129999999, 51.81939679999999], [107.55159439999998, 51.819589799999996], [107.55149179999998, 51.8196098], [107.55137419999998, 51.8195479], [107.55127720000002, 51.81954240000001], [107.5511421, 51.8196789], [107.55086, 51.820152199999995], [107.5507218, 51.8203979], [107.55067779999999, 51.8206637], [107.5506717, 51.82098409999999], [107.5505542, 51.82128989999999], [107.55055409999999, 51.8214081], [107.5504601, 51.82159009999999], [107.5503778, 51.8216776], [107.5501751, 51.821774000000005], [107.54996059999999, 51.821832199999996], [107.5493495, 51.82189040000001], [107.54904099999999, 51.8218576], [107.54873559999999, 51.8217771], [107.54827149999998, 51.82168639999999], [107.5480482, 51.8216736], [107.54783079999999, 51.8216135], [107.54765169999999, 51.82146069999999], [107.54732859999999, 51.8213095], [107.54717579999999, 51.821207599999994], [107.5465971, 51.820890799999994], [107.5454664, 51.82023529999999], [107.54538119999998, 51.8201989], [107.54485559999999, 51.81982570000001], [107.54432099999998, 51.8195652], [107.5438217, 51.819385], [107.54344859999999, 51.819314], [107.5427671, 51.8192465], [107.5421532, 51.8192245], [107.54167149999999, 51.819227999999995], [107.5414158, 51.819268199999996], [107.54115729999998, 51.8193609], [107.5409723, 51.819455500000004], [107.5408724, 51.819489999999995], [107.5405404, 51.8196592], [107.54029629999998, 51.81985589999999], [107.54015549999998, 51.8199159], [107.54004069999999, 51.8200633], [107.5398233, 51.8202672], [107.53982899999998, 51.8203091], [107.53974959999998, 51.82037270000001], [107.5395793, 51.820722100000005], [107.5395261, 51.820920599999994], [107.53951429999998, 51.8212792], [107.53959339999999, 51.8215067], [107.539849, 51.82170690000001], [107.53997529999998, 51.8217725], [107.5402338, 51.821916400000006], [107.5404157, 51.82200019999999], [107.5406566, 51.8222587], [107.54068879999998, 51.822337], [107.54062129999998, 51.82244789999999], [107.5405243, 51.8225026], [107.5405125, 51.822553500000005], [107.5405125, 51.82273010000001], [107.5404124, 51.8228393], [107.54032429999998, 51.8229722], [107.54025089999999, 51.8230231], [107.5402185, 51.82315599999999], [107.5402595, 51.82340889999998], [107.54042079999999, 51.8236912], [107.5405352, 51.82418809999999], [107.54059079999999, 51.824619600000005], [107.5405555, 51.824778], [107.54042029999998, 51.8249709], [107.5401235, 51.8252348], [107.539953, 51.825411300000006], [107.5394504, 51.82565509999999], [107.5389422, 51.8258133], [107.53827509999999, 51.82591519999998], [107.53813999999998, 51.8259078], [107.53803709999998, 51.8258077], [107.5377464, 51.8257841], [107.5373556, 51.82579669999999], [107.53701779999999, 51.8257657], [107.53687959999999, 51.825783799999996], [107.53662699999998, 51.8257019], [107.5365124, 51.8257037], [107.53635959999998, 51.82572189999999], [107.5361629, 51.8256654], [107.53596899999998, 51.82567629999999], [107.5358544, 51.8256598], [107.5357781, 51.825605199999984], [107.53558689999998, 51.82561059999999], [107.53541959999998, 51.8256471], [107.5352404, 51.8256342], [107.5346321, 51.825776], [107.53440589999998, 51.825819599999996], [107.53429119999998, 51.8258742], [107.53414719999999, 51.82592330000001], [107.53375339999998, 51.82611990000001], [107.5336975, 51.8262018], [107.53326829999999, 51.82663130000001], [107.53313319999998, 51.82674229999999], [107.53297729999998, 51.826915099999994], [107.53298899999999, 51.82699519999999], [107.5329624, 51.8271572], [107.5329125, 51.82722269999999], [107.5328683, 51.82733379999999], [107.53273309999999, 51.8274812], [107.53264189999999, 51.8275357], [107.532113, 51.8276994], [107.5318543, 51.827761200000005], [107.53156940000001, 51.827857699999996], [107.53127849999998, 51.8279505], [107.5310315, 51.82797399999999], [107.5308023, 51.827988600000005], [107.53060549999998, 51.8280231], [107.53030569999999, 51.8280576], [107.52995899999999, 51.82812669999999], [107.5297622, 51.8281903], [107.52953299999999, 51.828254099999995], [107.52932419999999, 51.82837039999999], [107.5292007, 51.8284851], [107.52899190000001, 51.8287617], [107.5287654, 51.82918579999999], [107.5286126, 51.829283999999994], [107.52850959999999, 51.829520699999996], [107.5284976, 51.8297608], [107.52859170000002, 51.8295607], [107.5286711, 51.829528], [107.52876509999999, 51.829535199999995], [107.52880629999999, 51.829569899999996], [107.5288412, 51.8298064], [107.52883529999998, 51.8299867], [107.52888809999999, 51.8300431], [107.5288704, 51.8302051], [107.5289991, 51.8303859], [107.52907, 51.8304856], [107.52929599999999, 51.83084419999999], [107.52945739999998, 51.8309953], [107.52968639999999, 51.831306600000005], [107.5298862, 51.831436000000004], [107.5300289, 51.831552900000005], [107.53017989999998, 51.83165579999999], [107.53033459999999, 51.83182469999999], [107.53027199999998, 51.83187259999999], [107.53015049999999, 51.831858899999986], [107.5299551, 51.83179259999999], [107.53009879999999, 51.8319183], [107.5301687, 51.831991299999984], [107.5303382, 51.832114700000005], [107.530703, 51.8322358], [107.5308318, 51.8322792], [107.53109709999998, 51.83234319999999], [107.53136229999998, 51.83239110000001], [107.531613, 51.832421000000004], [107.53178979999998, 51.8324348], [107.5320957, 51.832441700000004], [107.53254159999999, 51.83242580000001], [107.5326743, 51.832437199999994], [107.5329839, 51.832494399999995], [107.53316440000002, 51.8325104], [107.5334148, 51.83260859999999], [107.53367289999998, 51.8326772], [107.5337613, 51.832734200000004], [107.53378699999999, 51.832809600000004], [107.5339122, 51.8329946], [107.5339011, 51.83312699999999], [107.53374249999999, 51.83331880000001], [107.53368709999998, 51.8334306], [107.53367969999998, 51.833645100000005], [107.53366489999999, 51.833732], [107.53368869999998, 51.83383839999998], [107.53377889999999, 51.833976299999996], [107.53386000000002, 51.8340334], [107.53417669999999, 51.83418189999999], [107.5344052, 51.8343281], [107.53489869999999, 51.8346501], [107.53528929999999, 51.8348946], [107.5355397, 51.83509089999999], [107.53571659999999, 51.8352827], [107.53580859999998, 51.83550189999998], [107.5358452, 51.8357828], [107.53579359999999, 51.83592660000001], [107.53570509999999, 51.836113699999984], [107.535539, 51.836269], [107.5347501, 51.8366592], [107.5341567, 51.8368395], [107.53381019999999, 51.8368851], [107.5333605, 51.83689859999999], [107.53301789999999, 51.836914500000006], [107.53277099999998, 51.83695779999999], [107.53258669999998, 51.836962299999996], [107.5324318, 51.836989700000004], [107.53215179999998, 51.83695769999999], [107.53194899999998, 51.83693709999999], [107.53153629999998, 51.8368296], [107.53111999999999, 51.83672910000001], [107.5310535, 51.83668339999999], [107.53081399999999, 51.83668109999999], [107.5303755, 51.83671069999999], [107.53013219999998, 51.83674949999998], [107.53000329999999, 51.8367288], [107.5260815, 51.8362126], [107.52214939999999, 51.836852099999994], [107.5187546, 51.8351534], [107.5169868, 51.834270999999994], [107.51517290000001, 51.8335488], [107.5129785, 51.8347665], [107.5123251, 51.83359049999999], [107.5082253, 51.8261321], [107.50669959999999, 51.8233644], [107.5062204, 51.8225008], [107.5074949, 51.8223729], [107.50762530000002, 51.8223609], [107.50846049999998, 51.822284100000005], [107.51055480000001, 51.8220589], [107.5121587, 51.821734899999996], [107.51405239999998, 51.821249900000005], [107.51748379999998, 51.82033849999998], [107.51963639999998, 51.823423600000005], [107.5199716, 51.8233678], [107.5205091, 51.8240011], [107.5213763, 51.82339859999999], [107.5226223, 51.82261950000001], [107.52114410000001, 51.8208918], [107.51934649999998, 51.81818229999999], [107.5186827, 51.8166799], [107.5180176, 51.8145155], [107.51815079999999, 51.81398759999999], [107.5181293, 51.81338399999999], [107.51804249999999, 51.8128609], [107.5175181, 51.81170989999999], [107.5161372, 51.8120404], [107.5111751, 51.813540200000006], [107.5103908, 51.813461299999986], [107.5091641, 51.81171160000001], [107.50794459999999, 51.810878300000006], [107.50442370000002, 51.8066529], [107.50685490000001, 51.8047937], [107.5067163, 51.80371879999999], [107.510387, 51.80226309999998], [107.5200383, 51.797960100000005], [107.50755769999999, 51.797906999999995], [107.5076539, 51.795651199999995], [107.50780819999999, 51.7955149], [107.507886, 51.794901200000005], [107.5076795, 51.7942343], [107.5069311, 51.7929785], [107.50624179999998, 51.7916928], [107.50574289999999, 51.7911154], [107.504619, 51.7905436], [107.5036774, 51.790035599999996], [107.5026878, 51.7906144], [107.50157019999999, 51.7911188], [107.50132799999999, 51.79081349999999], [107.4985791, 51.79174020000001], [107.49636049999998, 51.7916098], [107.4918774, 51.7921319], [107.4895763, 51.7911289], [107.4885039, 51.790651800000006], [107.4870145, 51.78932369999998], [107.4846938, 51.7890257], [107.48215249999998, 51.7888814], [107.48038089999999, 51.78928990000001], [107.4785006, 51.789883], [107.47885959999999, 51.790280199999984], [107.4797043, 51.79091050000001], [107.4800373, 51.79106079999999], [107.481718, 51.7918175], [107.4820808, 51.79213039999999], [107.4839719, 51.79374730000001], [107.4855599, 51.7955684], [107.4880836, 51.79846], [107.4834765, 51.7979803], [107.48308079999998, 51.79793910000001], [107.4796019, 51.7975791], [107.47527759999998, 51.7971323], [107.47170169999998, 51.79766849999999], [107.46821059999999, 51.7981949], [107.46531219999999, 51.7986323], [107.46523269999999, 51.79843040000001], [107.4650688, 51.7980146], [107.46473989999998, 51.79717970000001], [107.46442689999999, 51.7963853], [107.46311569999999, 51.79305709999999], [107.4626924, 51.791980199999976], [107.45580009999999, 51.7890998], [107.45487309999999, 51.7882244], [107.45263340000001, 51.7880973], [107.4524413, 51.7880837], [107.45129549999999, 51.7881315], [107.45120939999998, 51.78792729999999], [107.45118609999999, 51.78781949999999], [107.45108319999999, 51.787549500000004], [107.45102489999998, 51.78744789999999], [107.4508646, 51.787405400000004], [107.45016659999999, 51.787474199999984], [107.4500988, 51.78720199999999], [107.44923549999999, 51.7869731], [107.44894920000002, 51.7858938], [107.4441176, 51.78633059999999], [107.44416639999999, 51.786569699999994], [107.4426784, 51.78666820000001], [107.44264819999998, 51.7866907], [107.44256419999999, 51.786752400000005], [107.4408042, 51.7869755], [107.44159029999999, 51.78952509999999], [107.4417135, 51.78952509999999], [107.4417401, 51.7895471], [107.44187669999998, 51.789711], [107.44187459999999, 51.7899828], [107.4425221, 51.791968600000004], [107.44272789999998, 51.792041499999996], [107.44260769999998, 51.7935395], [107.4424229, 51.79362480000001], [107.44183739999998, 51.795424], [107.4417785, 51.79563530000001], [107.4338323, 51.7947342], [107.43335549999999, 51.7957438], [107.43254539999998, 51.7959744], [107.4323616, 51.797232300000005], [107.43148159999998, 51.7979505], [107.4296394, 51.7994538], [107.42717799999998, 51.8011443], [107.42454859999998, 51.802931199999996], [107.42256709999998, 51.8029927], [107.42083759999998, 51.8034365], [107.4186107, 51.802815800000005], [107.40913540000001, 51.80332349999999], [107.40823829999998, 51.80521710000001], [107.4113442, 51.805750999999994], [107.4148071, 51.8065277], [107.41938030000001, 51.808279799999994], [107.4261895, 51.8097155], [107.4430011, 51.81195569999999], [107.44078759999998, 51.813128999999996], [107.43632410000001, 51.8161634], [107.43074400000002, 51.81996749999999], [107.43522950000002, 51.819801599999984], [107.43835039999999, 51.817776699999996], [107.4407204, 51.81633990000001], [107.4433367, 51.8147464], [107.44345909999998, 51.8172274], [107.44532599999998, 51.8170042], [107.44755929999998, 51.8164947], [107.4580175, 51.81341329999999], [107.46130489999999, 51.8147754], [107.4642542, 51.8159837], [107.4673531, 51.817259299999996], [107.47052859999998, 51.8185634], [107.47295979999998, 51.8180329], [107.4765991, 51.8181792], [107.4814538, 51.82182600000001], [107.48000500000002, 51.823190399999994], [107.47649, 51.824521000000004], [107.46876619999999, 51.8275581], [107.4613134, 51.83170160000001], [107.46072539999999, 51.83215169999999], [107.46083519999999, 51.8347058], [107.4609123, 51.8360509], [107.4659061, 51.8367004], [107.46964049999998, 51.8352737], [107.4735793, 51.835100399999995], [107.4742512, 51.835397599999986], [107.4780166, 51.83699500000001], [107.47886549999998, 51.83698340000001], [107.4835473, 51.8367064], [107.48361019999999, 51.838943999999984], [107.4861879, 51.8404323], [107.49204479999999, 51.8420462], [107.5007671, 51.847501], [107.50405209999998, 51.849863], [107.50458040000001, 51.850313], [107.50501099999998, 51.8507309], [107.5056351, 51.8513237], [107.5057896, 51.851628399999996], [107.50615989999999, 51.8519085], [107.50664669999999, 51.851461], [107.50722489999998, 51.8519383], [107.5076335, 51.852308400000005], [107.50799820000002, 51.8526201], [107.5083462, 51.8527812], [107.50911820000002, 51.85306419999999], [107.5109555, 51.8537559], [107.5110678, 51.85439379999999], [107.5119855, 51.855068], [107.5152277, 51.856886499999995], [107.51665479999998, 51.860670999999996], [107.51684149999998, 51.860856], [107.517913, 51.86075679999999], [107.5188081, 51.860581800000006], [107.52049429999998, 51.86041809999999], [107.5212385, 51.860292699999995], [107.5227635, 51.859884], [107.52377329999999, 51.8597038], [107.525465, 51.8592308], [107.52574599999998, 51.859205], [107.52952779999998, 51.86099759999999], [107.52957469999998, 51.861059], [107.52946519999999, 51.861248999999994], [107.5293506, 51.86150670000001], [107.528996, 51.86208649999999], [107.5286002, 51.862872700000004], [107.52851679999999, 51.8629919], [107.5277902, 51.8636603], [107.5273919, 51.8640806], [107.5272824, 51.86417410000001], [107.52677739999999, 51.86445099999999], [107.5266708, 51.864528299999996], [107.52640779999999, 51.8646571], [107.5257622, 51.86487929999999], [107.525487, 51.86529809999999], [107.5254106, 51.86541460000001], [107.5253453, 51.8655155], [107.52514529999999, 51.86575570000001], [107.52507439999998, 51.865840899999995], [107.52500030000002, 51.8659703], [107.52498580000001, 51.8659954], [107.52495359999999, 51.8660642], [107.5249154, 51.8661452], [107.5249207, 51.86616779999999], [107.52496479999999, 51.86620169999999], [107.5249662, 51.86621269999999], [107.5249701, 51.8662468], [107.524923, 51.8664336], [107.52493599999998, 51.8665641], [107.52495459999999, 51.8666365], [107.52496979999998, 51.866694599999995], [107.52497519999999, 51.86670409999999], [107.5250372, 51.8668106], [107.5250398, 51.866867], [107.5249749, 51.867039500000004], [107.5249537, 51.8670958], [107.5249407, 51.867123299999996], [107.52489119999998, 51.867227799999995], [107.5248911, 51.86734839999999], [107.5248909, 51.8674099], [107.52487269999999, 51.8675727], [107.5248596, 51.867677399999984], [107.5248206, 51.8677627], [107.52477040000001, 51.86788159999999], [107.52471259999999, 51.8679981], [107.52464589999998, 51.868091299999996], [107.5246161, 51.8682138], [107.52460409999999, 51.86826370000001], [107.5245414, 51.86836519999999], [107.5245285, 51.868390399999996], [107.52452069999998, 51.868405499999994], [107.52451809999998, 51.868436100000004], [107.5245153, 51.8684682], [107.5245309, 51.8685875], [107.5245272, 51.8686062], [107.52457719999998, 51.8686687], [107.52457619999998, 51.8687353], [107.52457649999998, 51.8687722], [107.52457409999998, 51.868830800000005], [107.52457019999999, 51.8688785], [107.52456899999999, 51.86893250000001], [107.52456950000001, 51.86899089999999], [107.5245686, 51.869041399999986], [107.52456179999999, 51.8690991], [107.5245505, 51.8691405], [107.52454229999998, 51.8691918], [107.5245223, 51.86923599999999], [107.5245085, 51.8693097], [107.52450019999999, 51.869361999999995], [107.5244962, 51.86939879999999], [107.5244764, 51.8694592], [107.5244509, 51.86951779999999], [107.52442659999998, 51.869583600000006], [107.5244096, 51.86963060000001], [107.52437389999999, 51.86968369999999], [107.5243656, 51.8697315], [107.52434579999999, 51.8697783], [107.5243331, 51.8698297], [107.52431609999998, 51.86986649999999], [107.52429909999998, 51.8699107], [107.52428059999998, 51.8699532], [107.52425979999998, 51.8699926], [107.5242522, 51.870007199999996], [107.5242437, 51.8700442], [107.52419789999999, 51.87010459999999], [107.52418959999999, 51.8701479], [107.52417109999999, 51.8701794], [107.52413779999999, 51.87020919999999], [107.52412949999999, 51.870248], [107.5241037, 51.87029470000001], [107.5240953, 51.87031090000001], [107.5240565, 51.8703588], [107.52403519999999, 51.8703949], [107.5240207, 51.870414699999984], [107.52400599999999, 51.8705482], [107.5239346, 51.8706378], [107.5238955, 51.870681899999994], [107.5238446, 51.8708557], [107.52374090000002, 51.87103489999999], [107.5236396, 51.87122], [107.52354979999998, 51.8714107], [107.52344849999999, 51.871574399999986], [107.5233473, 51.871711199999986], [107.5232275, 51.8718549], [107.5231999, 51.8719203], [107.5231789, 51.872055599999996], [107.52316949999998, 51.8722905], [107.52314869999998, 51.8723887], [107.523075, 51.8725012], [107.5229323, 51.8726748], [107.5228264, 51.8728271], [107.52278259999999, 51.87293390000001], [107.522739, 51.872975200000006], [107.5227135, 51.8730264], [107.522633, 51.873115999999996], [107.52259379999998, 51.873152999999995], [107.522534, 51.873258400000005], [107.52249929999999, 51.87341509999999], [107.52247389999998, 51.8734833], [107.52250609999999, 51.87353319999999], [107.5225152, 51.87359159999999], [107.52251289999998, 51.873656999999994], [107.5225978, 51.873853499999996], [107.52261149999998, 51.8739304], [107.52258159999998, 51.873994499999995], [107.5225861, 51.8742137], [107.5225469, 51.87428069999999], [107.5225421, 51.87440729999999], [107.5225168, 51.874455700000006], [107.5224936, 51.87466930000001], [107.52248439999998, 51.87475899999999], [107.5224405, 51.87489279999999], [107.52244269999998, 51.8749768], [107.5223942, 51.87534550000001], [107.52223059999999, 51.875648600000005], [107.52216389999998, 51.87571699999999], [107.52209009999999, 51.8757981], [107.52208309999999, 51.8758594], [107.5220577, 51.876105599999995], [107.52202069999998, 51.8761996], [107.5219677, 51.8762607], [107.5219424, 51.87632779999999], [107.5219562, 51.8763576], [107.52192169999998, 51.8763932], [107.5214241, 51.87722729999999], [107.52141929999999, 51.877455], [107.5213731, 51.87759319999999], [107.5212464, 51.8778053], [107.52100229999999, 51.878233699999996], [107.5208131, 51.878714800000004], [107.5227483, 51.879425499999996], [107.5230273, 51.8795449], [107.5230966, 51.879578300000006], [107.52297229999999, 51.87973209999999], [107.52265229999999, 51.880106500000004], [107.52229060000002, 51.8804836], [107.5221756, 51.88063729999999], [107.52195919999998, 51.8807839], [107.52167379999999, 51.8810144], [107.5213952, 51.8811993], [107.52133299999998, 51.8812648], [107.52123179999998, 51.88130460000001], [107.52115119999999, 51.881348900000006], [107.5210569, 51.88133309999999], [107.520981, 51.88135019999999], [107.5209166, 51.8813773], [107.52076699999999, 51.8813686], [107.52071419999999, 51.881391399999984], [107.52065879999999, 51.8814469], [107.52048399999998, 51.8814596], [107.52035979999998, 51.88147089999999], [107.52000539999999, 51.8816075], [107.5197637, 51.8817256], [107.51968769999999, 51.8817811], [107.5196624, 51.88182810000001], [107.51966, 51.882018800000004], [107.5195678, 51.8820971], [107.5191166, 51.88243719999999], [107.51883109999999, 51.88268479999999], [107.51858009999998, 51.882891099999995], [107.51841659999998, 51.8830163], [107.5179262, 51.8834632], [107.5176568, 51.883676699999995], [107.51731369999999, 51.8840011], [107.51712959999999, 51.8841307], [107.5166899, 51.88437679999999], [107.5164459, 51.8845504], [107.5163953, 51.884608699999994], [107.5163009, 51.8846628], [107.516188, 51.8847767], [107.5159577, 51.88492459999999], [107.5158749, 51.88502], [107.51555259999999, 51.8852662], [107.51523249999998, 51.8855151], [107.5150897, 51.885629], [107.5148986, 51.8857642], [107.5147881, 51.88586519999999], [107.5145832, 51.8860716], [107.5143045, 51.886336199999995], [107.5141667, 51.8865363], [107.5139819, 51.88684429999999], [107.51381809999998, 51.88711339999998], [107.5137743, 51.8872301], [107.5137581, 51.88734689999999], [107.5137212, 51.8874778], [107.5136429, 51.887510500000005], [107.5136359, 51.88760589999999], [107.513553, 51.8877397], [107.51354359999999, 51.88779809999998], [107.51353209999999, 51.8879091], [107.51347910000001, 51.888005899999996], [107.5134489, 51.88813970000001], [107.51340049999999, 51.8882807], [107.5133911, 51.88838320000001], [107.51332440000002, 51.88846999999999], [107.5132943, 51.88861949999999], [107.5132689, 51.88879589999999], [107.5132537, 51.888868200000005], [107.51323389999999, 51.88892189999999], [107.51317879999999, 51.88902230000001], [107.5131222, 51.8891741], [107.5130658, 51.889325500000005], [107.51302649999998, 51.88944089999998], [107.5128559, 51.8896814], [107.51276159999999, 51.8897738], [107.51266699999998, 51.88993179999999], [107.51255189999999, 51.890075599999996], [107.51252639999998, 51.8901481], [107.51242489999998, 51.8903147], [107.5124227, 51.890366], [107.5123305, 51.89052110000001], [107.5123051, 51.8906064], [107.5121412, 51.89100510000001], [107.5121249, 51.8911973], [107.5121754, 51.891350999999986], [107.51210859999999, 51.891452099999995], [107.5121359, 51.8916003], [107.51217279999999, 51.89166999999999], [107.5121336, 51.8917795], [107.51213799999998, 51.8918792], [107.51225969999999, 51.89222239999999], [107.51226999999999, 51.8923605], [107.5122732, 51.8924032], [107.51224999999998, 51.8924603], [107.5122009, 51.89268030000001], [107.51217159999999, 51.89273339999999], [107.5121731, 51.8927627], [107.5121646, 51.8927832], [107.51209089999999, 51.8928089], [107.5120749, 51.8928502], [107.5120932, 51.8929043], [107.51204819999998, 51.8929703], [107.5119444, 51.8931202], [107.51183630000001, 51.8932344], [107.5117283, 51.893348399999994], [107.5116912, 51.893377400000006], [107.51149559999999, 51.8935298], [107.51125009999998, 51.8936737], [107.51105939999998, 51.893800600000006], [107.51091889999998, 51.893860200000006], [107.5108894, 51.89387080000001], [107.51075319999998, 51.8939198], [107.5106934, 51.893951599999994], [107.5106463, 51.89397679999999], [107.5106067, 51.8940061], [107.5105375, 51.89405729999999], [107.51043779999999, 51.8940867], [107.5103843, 51.894102499999995], [107.51036649999999, 51.89416370000001], [107.5103003, 51.894185400000005], [107.5102511, 51.89419539999999], [107.51024149999999, 51.89419579999999], [107.51020379999999, 51.8942166], [107.51004849999998, 51.894302], [107.50997939999999, 51.894378399999994], [107.50984939999998, 51.8944392], [107.50979469999999, 51.8945092], [107.50974399999998, 51.8945305], [107.5097109, 51.894544399999994], [107.50963959999999, 51.8946078], [107.5095858, 51.8946378], [107.50944869999998, 51.894714], [107.509434, 51.894749], [107.5094258, 51.894768500000005], [107.50938159999998, 51.89482029999999], [107.509313, 51.89483789999999], [107.5092705, 51.8948487], [107.50922249999999, 51.8949081], [107.50921589999999, 51.8949161], [107.508939, 51.8951028], [107.5089236, 51.895120099999986], [107.50889499999998, 51.895152], [107.50867639999998, 51.8952785], [107.5086308, 51.895304900000006], [107.5085406, 51.8953398], [107.50848809999998, 51.89539580000001], [107.5084266, 51.8954044], [107.507493, 51.895888600000006], [107.5065343, 51.89629969999999], [107.50611429999998, 51.896426799999986], [107.5059479, 51.8965786], [107.50575769999999, 51.896676600000006], [107.50506849999998, 51.8968967], [107.50468799999999, 51.8971856], [107.5038166, 51.897523099999994], [107.50349959999998, 51.89757689999998], [107.5033807, 51.89770910000001], [107.50210509999998, 51.8982719], [107.50177219999999, 51.8983256], [107.50172469999998, 51.8984187], [107.50120949999999, 51.898776], [107.5008926, 51.8988592], [107.50058329999999, 51.89925579999999], [107.50024229999998, 51.8994761], [107.49997259999999, 51.899809100000006], [107.49987739999999, 51.89990699999999], [107.49969509999998, 51.90009799999999], [107.4993303, 51.9005142], [107.49917939999999, 51.9007641], [107.4989016, 51.90115579999999], [107.49846519999998, 51.9017532], [107.49825069999999, 51.90224799999999], [107.49801679999999, 51.902417399999976], [107.4969494, 51.90261089999999], [107.4964143, 51.9025533], [107.49570409999998, 51.9026655], [107.4949629, 51.9030023], [107.49410659999998, 51.9036027], [107.49377, 51.90384699999998], [107.49344969999999, 51.904148600000006], [107.4930285, 51.9047253], [107.4928241, 51.90523280000001], [107.4926313, 51.9058445], [107.4925162, 51.9063897], [107.49240719999999, 51.907146799999985], [107.49247989999999, 51.9072028], [107.49247259999999, 51.9073863], [107.49250549999998, 51.90745389999999], [107.49237689999998, 51.907650700000005], [107.49220139999998, 51.90794559999999], [107.4920737, 51.908368800000005], [107.49192429999998, 51.9090261], [107.4918643, 51.90972839999999], [107.4919067, 51.9103888], [107.4920193, 51.91095429999999], [107.4922532, 51.911607199999985], [107.492507, 51.9122021], [107.4928161, 51.9128534], [107.49312889999999, 51.91335709999999], [107.4932993, 51.913705699999994], [107.49357819999999, 51.914123999999994], [107.4936955, 51.91435149999999], [107.4938593, 51.9145817], [107.49398819999999, 51.914809], [107.49409169999998, 51.914955899999995], [107.4943663, 51.915156], [107.4946896, 51.9153368], [107.49494759999999, 51.91566149999999], [107.4953403, 51.9160779], [107.49586709999998, 51.916590299999996], [107.49612889999999, 51.91678160000001], [107.4963662, 51.917026599999986], [107.49668889999998, 51.917215500000005], [107.49688639999998, 51.917451], [107.497335, 51.91775629999999], [107.49775, 51.917885600000005], [107.4989126, 51.91812049999999], [107.4990262, 51.91821989999999], [107.49908479999999, 51.91842189999999], [107.49925279999998, 51.918689799999996], [107.49934979999999, 51.9188783], [107.499442, 51.91914649999999], [107.49945129999999, 51.91935709999999], [107.4995074, 51.91948059999999], [107.49951949999999, 51.919647799999986], [107.4995707, 51.919736499999985], [107.49962960000002, 51.9198723], [107.49964349999999, 51.9200276], [107.4997384, 51.920138999999985], [107.4997725, 51.9202508], [107.4998748, 51.9204773], [107.5000045, 51.9206486], [107.5002531, 51.9208144], [107.5002291, 51.920921199999995], [107.50030199999999, 51.921134099999996], [107.5005982, 51.92160379999999], [107.5008452, 51.92212070000001], [107.50119419999999, 51.92299289999999], [107.501261, 51.923254], [107.50150389999999, 51.92391700000001], [107.5015263, 51.9240791], [107.5016806, 51.924440600000004], [107.50174339999998, 51.9247102], [107.5018234, 51.924808199999994], [107.5019884, 51.9251337], [107.50201969999999, 51.9252867], [107.5020973, 51.9254361], [107.5020944, 51.9258422], [107.50222639999998, 51.926274599999985], [107.5023254, 51.9270925], [107.50269699999998, 51.927830099999994], [107.50307109999999, 51.928241199999995], [107.5035811, 51.9286548], [107.50374419999999, 51.92881549999998], [107.50384729999999, 51.92890760000001], [107.50396029999999, 51.92903389999999], [107.5040857, 51.9292982], [107.5041813, 51.92960359999999], [107.50432619999998, 51.9300444], [107.50442199999999, 51.93047739999999], [107.5045118, 51.9306917], [107.5045101, 51.9309294], [107.50458839999999, 51.9311796], [107.5045531, 51.9318258], [107.5045954, 51.9324442], [107.5046338, 51.9327283], [107.50461359999998, 51.9329554], [107.5046405, 51.93310710000001], [107.5046131, 51.93331839999998], [107.5045971, 51.933830399999984], [107.5045357, 51.93398], [107.5045003, 51.9342786], [107.5043847, 51.9345669], [107.5042973, 51.934709000000005], [107.504275, 51.935094], [107.5041284, 51.93548109999999], [107.50397739999998, 51.93578279999999], [107.5037208, 51.93610329999999], [107.50299039999999, 51.93690420000001], [107.50286439999999, 51.93718], [107.5028303, 51.93744269999999], [107.5026029, 51.93798139999999], [107.5024192, 51.938459], [107.50233639999999, 51.938683000000005], [107.5022474, 51.9390036], [107.50206379999999, 51.9394236], [107.5019989, 51.9396107], [107.50188089999999, 51.93988710000001], [107.50180069999999, 51.94012260000001], [107.50168169999999, 51.9404194], [107.5016041, 51.9406292], [107.5013815, 51.9410101], [107.50094459999998, 51.9418337], [107.5008611, 51.94215760000001], [107.5008419, 51.9423103], [107.50085179999999, 51.94241749999998], [107.5009373, 51.942921399999996], [107.5010324, 51.943223100000004], [107.5010736, 51.943461], [107.5012812, 51.9439239], [107.5015306, 51.9441683], [107.5018676, 51.94438339999999], [107.502179, 51.94455229999999], [107.5025039, 51.94477109999999], [107.50285819999999, 51.9449765], [107.50316179999999, 51.94516809999999], [107.5033568, 51.9453047], [107.50372469999999, 51.9455868], [107.50403319999998, 51.9458957], [107.50423139999998, 51.946248899999986], [107.50437119999998, 51.946605999999996], [107.5044809, 51.9470037], [107.50452099999998, 51.9472025], [107.50452449999999, 51.9474099], [107.5045197, 51.94768040000001], [107.50447889999998, 51.9479146], [107.50442210000001, 51.94821640000001], [107.504343, 51.948545], [107.5041922, 51.9488386], [107.50411879999999, 51.9492109], [107.5035624, 51.9506524], [107.5034462, 51.95079380000001], [107.5031616, 51.9511491], [107.50264939999998, 51.952516200000005], [107.50252, 51.9528204], [107.50175779999998, 51.9548592], [107.50168389999999, 51.955452], [107.50145159999998, 51.9561243], [107.50125759999999, 51.9565726], [107.50106039999999, 51.957034699999994], [107.50073859999999, 51.9576973], [107.50062399999999, 51.957958100000006], [107.5002303, 51.9582982], [107.49877589999998, 51.959365], [107.4979635, 51.9627402], [107.49768889999999, 51.96388089999999], [107.496139, 51.96533000000001], [107.4960322, 51.9661688], [107.4960068, 51.9663688], [107.4959274, 51.9665605], [107.4959536, 51.9667859], [107.49582059999999, 51.9678316], [107.4975383, 51.969907599999985], [107.49825849999999, 51.97220939999999], [107.4980191, 51.9731926], [107.49773689999999, 51.97435250000001], [107.49595039999998, 51.978354599999996], [107.49589769999999, 51.97935999999999], [107.49573889999999, 51.982389], [107.49478629999999, 51.9859604], [107.49308589999998, 51.98858009999999], [107.49280249999998, 51.9890167], [107.49252779999999, 51.991288499999996], [107.49151819999999, 51.99253559999999], [107.4888338, 51.99405949999999], [107.48674099999998, 51.9964256], [107.4850971, 51.999283500000004], [107.48528349999998, 52.00317329999999], [107.4858367, 52.00576180000001], [107.4873593, 52.0097874], [107.49074669999999, 52.01286210000001], [107.49147089999998, 52.0132655], [107.4951951, 52.0153399], [107.49586340000002, 52.01571220000001], [107.4961072, 52.0158479], [107.49861529999998, 52.01694779999999], [107.49998859999998, 52.01755020000001], [107.5000404, 52.017598799999995], [107.50076569999999, 52.0182791], [107.5015423, 52.0190073], [107.5019077, 52.01920359999999], [107.50351059999998, 52.0199766], [107.50510249999999, 52.02081959999999], [107.5061376, 52.0213507], [107.506253, 52.02127169999999], [107.5066202, 52.021020299999996], [107.5067213, 52.020927699999994], [107.50686469999998, 52.0208219], [107.50790580000002, 52.020052899999996], [107.5087376, 52.019040700000005], [107.5088802, 52.01842039999999], [107.5089735, 52.0180138], [107.50895679999999, 52.01790479999999], [107.5068551, 52.0158171], [107.49969169999999, 52.0107554], [107.49763989999998, 52.0087289], [107.49811269999998, 52.0076178], [107.49823649999999, 52.0073267], [107.50299849999999, 52.0044355], [107.50525779999998, 52.002708399999996], [107.5070341, 51.99965100000001], [107.52071, 51.97420700000001], [107.5191969, 51.9579684], [107.51791079999998, 51.946796000000006], [107.51728879999999, 51.9411438], [107.51667409999999, 51.9363344], [107.522117, 51.9365367], [107.5263115, 51.9364744], [107.527156, 51.9364807], [107.5279841, 51.9364681], [107.5379649, 51.9364432], [107.5715044, 51.9371771], [107.59105749999999, 51.9374406], [107.59153029999999, 51.93743820000001], [107.59333559999999, 51.93745319999999], [107.59630479999998, 51.93748829999999], [107.59619159999998, 51.9241683], [107.5961974, 51.923622299999984], [107.59545, 51.9113624], [107.5950279, 51.901315399999994], [107.5953952, 51.8973037], [107.5958237, 51.8931832], [107.5959691, 51.89178489999998], [107.59611139999998, 51.890282199999994], [107.59612239999998, 51.89016560000001], [107.5993477, 51.889872399999994], [107.60409669999999, 51.8897812], [107.61235889999999, 51.889856], [107.61341209999999, 51.889827999999994], [107.61466340000001, 51.889839399999985], [107.62081329999998, 51.889978], [107.6239316, 51.8903775], [107.62408449999998, 51.8903018], [107.62673689999998, 51.890524600000006], [107.62977889999999, 51.8907831], [107.6347666, 51.8912409], [107.6385146, 51.891602899999995], [107.6414048, 51.8918964], [107.64136759999998, 51.8927764], [107.64131099999999, 51.89784709999999], [107.641329, 51.89935210000001], [107.6413255, 51.9026672], [107.6413101, 51.90318469999999], [107.6413727, 51.9056528], [107.6415456, 51.9083693], [107.6417784, 51.911949899999996], [107.6418669, 51.9132362], [107.64213039999999, 51.91648669999999], [107.6421445, 51.91715709999999], [107.64216969999998, 51.91744639999999], [107.6433972, 51.9174614], [107.6448494, 51.9174669], [107.6458351, 51.9174338], [107.650307, 51.91735210000001], [107.6536926, 51.9173406], [107.65441459999998, 51.9173767], [107.65620159999999, 51.917401100000006], [107.65725760000001, 51.9174411], [107.6842409, 51.9177516], [107.68805589999998, 51.917800199999995], [107.68854999999999, 51.917823699999985], [107.68953089999998, 51.9178284], [107.68959429999998, 51.917437799999995], [107.68969069999999, 51.91447209999999], [107.68980579999999, 51.912218100000004], [107.68994069999998, 51.910343899999994], [107.69009469999999, 51.91009019999999], [107.6901031, 51.9098162], [107.6901076, 51.909668999999994], [107.69010279999999, 51.909499499999995], [107.6900806, 51.90892500000001], [107.6902091, 51.908688599999984], [107.69031509999999, 51.9083186], [107.6912759, 51.9031172], [107.69166209999999, 51.9010389], [107.6916746, 51.9009699], [107.69169569999998, 51.90085479999999], [107.6928949, 51.900457], [107.693053, 51.899978999999995], [107.6932375, 51.8990868], [107.6934331, 51.8982902], [107.6931315, 51.8977734], [107.6921206, 51.8973257], [107.6921925, 51.89092049999999], [107.6924107, 51.889040300000005], [107.6934833, 51.889050999999995], [107.6942096, 51.889036], [107.69693849999999, 51.889049], [107.7032967, 51.889078999999995], [107.7047798, 51.889079699999996], [107.7133389, 51.88913769999999], [107.7223058, 51.8892547], [107.7255154, 51.889322], [107.72977600000002, 51.8893062], [107.73219869999998, 51.88904740000001], [107.7322354, 51.8879323], [107.7326953, 51.88269209999999], [107.73280819999998, 51.8812818], [107.75178329999999, 51.883760099999996], [107.75157559999998, 51.88273790000001], [107.7549466, 51.879950099999995], [107.75653609999999, 51.878054999999996], [107.7567215, 51.876582599999985], [107.7578628, 51.87663039999999], [107.7637867, 51.8767745], [107.76868269999999, 51.8769902], [107.77400559999998, 51.877268599999994], [107.7739744, 51.8770939], [107.77394209999999, 51.87689030000001], [107.77320679999998, 51.87254579999999], [107.77138629999999, 51.871240699999994], [107.7693231, 51.87018210000001], [107.76906239999998, 51.8688467], [107.759988, 51.86843820000001], [107.76010899999999, 51.86660899999999], [107.7631422, 51.860580399999996], [107.7663995, 51.8547753], [107.76682469999999, 51.852465599999995], [107.7670727, 51.851118199999995], [107.76910639999998, 51.851697], [107.77781829999999, 51.85271039999999], [107.77869460000001, 51.8526997], [107.7800201, 51.85254179999998], [107.7817286, 51.85229809999999], [107.7827276, 51.85237819999999], [107.7833947, 51.8522762], [107.78402999999999, 51.8518795], [107.78441929999998, 51.851711], [107.7845821, 51.8510542], [107.78467319999999, 51.8507057], [107.78473479999998, 51.8506385], [107.78478059999999, 51.8504915], [107.78486249999999, 51.8503667], [107.78534570000001, 51.8499535], [107.7854277, 51.8498512], [107.7855199, 51.8497232], [107.785628, 51.8496718], [107.7856949, 51.849610899999995], [107.7857202, 51.84951499999999], [107.78581769999998, 51.849406200000004], [107.78593059999999, 51.8493101], [107.7860184, 51.84931], [107.7860804, 51.8493354], [107.7861424, 51.84930969999999], [107.78621909999998, 51.8491945], [107.7863785, 51.8490887], [107.7866102, 51.8489765], [107.78682879999998, 51.8488481], [107.78931419999999, 51.8492774], [107.7893675, 51.849303500000005], [107.79004909999999, 51.849413999999996], [107.7905947, 51.8495009], [107.79065919999998, 51.8494798], [107.7907283, 51.849459], [107.7908111, 51.8493911], [107.7908718, 51.8493679], [107.79101999999999, 51.8493633], [107.7910821, 51.8493461], [107.7912301, 51.8492815], [107.7917828, 51.84921069999999], [107.79233120000002, 51.849190799999995], [107.79285400000002, 51.8492006], [107.79332109999999, 51.8492354], [107.7948015, 51.84943020000001], [107.79496989999998, 51.84946690000001], [107.79522739999999, 51.84954479999999], [107.7955181, 51.8496988], [107.7956685, 51.849848800000004], [107.7957671, 51.849957200000006], [107.7960677, 51.85019629999999], [107.796285, 51.85030449999999], [107.7965022, 51.8504031], [107.7967813, 51.85048249999999], [107.79694189999998, 51.8505908], [107.79794059999999, 51.851210599999995]]]]}}, {"type": "Feature", "properties": {"id": "mo-81622000", "name": "Иволгинский муниципальный район", "region": "Республика Бурятия", "isCity": false, "sourceOktmo": "81-622-000-000", "sourceAgg": "Улан-Удэ", "excelNames": ["Иволгинский муниципальный район"], "oktmo": "81622000", "vgp": [{"year": 2019, "value": 6311038.608917373}, {"year": 2020, "value": 6729591.157161044}, {"year": 2021, "value": 6830203.186187067}, {"year": 2022, "value": 10955570.658013012}, {"year": 2023, "value": 11534460.046903023}, {"year": 2024, "value": 12579372.799474472}], "population": [{"year": 2019, "value": 56625.0}, {"year": 2020, "value": 61808.0}, {"year": 2021, "value": 64368.0}, {"year": 2022, "value": 65420.0}, {"year": 2023, "value": 67429.0}, {"year": 2024, "value": 69756.0}, {"year": 2025, "value": 71719.0}], "shipments": [{"year": 2019, "value": 956589.3}, {"year": 2020, "value": 886795.8}, {"year": 2021, "value": 1066449.0}, {"year": 2022, "value": 1044864.6}, {"year": 2023, "value": 1095070.1}, {"year": 2024, "value": 976893.6}], "employees": [{"year": 2019, "value": 2974.0}, {"year": 2020, "value": 3032.0}, {"year": 2021, "value": 3238.0}, {"year": 2022, "value": 3271.0}, {"year": 2023, "value": 3348.0}, {"year": 2024, "value": 3418.0}], "investments": [{"year": 2019, "value": 0.0}, {"year": 2020, "value": 0.0}, {"year": 2021, "value": 0.0}, {"year": 2022, "value": 0.0}, {"year": 2023, "value": 0.0}, {"year": 2024, "value": 150609.9}], "vgp2024": 12579372.799474472, "pop2024": 69756.0, "ship2024": 976893.6, "emp2024": 3418.0, "inv2024": 150609.9}, "geometry": {"type": "MultiPolygon", "coordinates": [[[[106.40582669999999, 51.6075842], [106.40582669999999, 51.6075843], [106.40652989999998, 51.6112423], [106.4085423, 51.6157181], [106.409941, 51.617659499999995], [106.4159896, 51.6227534], [106.4182217, 51.62564309999999], [106.4189636, 51.6279674], [106.4194986, 51.63866899999999], [106.4200205, 51.640371], [106.4217765, 51.64084979999999], [106.4282354, 51.64181299999999], [106.44167189999999, 51.645273700000004], [106.44384839999998, 51.6463303], [106.4463432, 51.6489662], [106.44811869999998, 51.6500276], [106.45251989999998, 51.65151490000001], [106.45775819999999, 51.654033299999995], [106.461508, 51.6581533], [106.4651685, 51.661565899999985], [106.46837279999998, 51.663275999999996], [106.4800932, 51.661087099999996], [106.48691419999999, 51.66275089999999], [106.50011799999999, 51.666958], [106.50917659999999, 51.67138349999999], [106.5121833, 51.67313639999999], [106.51467269999999, 51.675437699999996], [106.52320429999999, 51.6800356], [106.52725089999998, 51.68277460000001], [106.53201419999999, 51.6868792], [106.5330981, 51.68919850000001], [106.5350292, 51.694756399999996], [106.53572969999999, 51.6976223], [106.5346876, 51.70051089999999], [106.5349166, 51.7052994], [106.5359884, 51.7072438], [106.5381844, 51.7087149], [106.54384629999998, 51.71151559999999], [106.56447939999998, 51.71857589999999], [106.56647719999998, 51.7200909], [106.56740209999998, 51.7216201], [106.56743089999999, 51.72245309999999], [106.5656316, 51.72668530000001], [106.56557669999998, 51.7289778], [106.56683789999998, 51.7324609], [106.57065169999998, 51.737951599999995], [106.5776266, 51.7455246], [106.5803945, 51.74790410000001], [106.5801726, 51.7492403], [106.57916449999999, 51.75112899999999], [106.57929259999999, 51.7528771], [106.58008149999999, 51.75432479999999], [106.58240669999999, 51.7555436], [106.58640099999998, 51.7564896], [106.5929643, 51.7579425], [106.59529739999999, 51.75936920000001], [106.5975582, 51.7625467], [106.59912650000001, 51.767025399999994], [106.60037739999999, 51.7682164], [106.60443369999999, 51.7708696], [106.609754, 51.7731718], [106.6144352, 51.772607599999986], [106.62000250000001, 51.7705309], [106.6299082, 51.7677274], [106.63837059999999, 51.7659014], [106.6426526, 51.7654666], [106.64444819999999, 51.764983199999996], [106.64642229999998, 51.7638723], [106.6482442, 51.7604301], [106.64804699999999, 51.7550162], [106.64980619999999, 51.749866600000004], [106.6510189, 51.74814130000001], [106.6534448, 51.7465656], [106.65667289999999, 51.74489510000001], [106.65957729999998, 51.7435625], [106.6647076, 51.74253149999999], [106.6677079, 51.741989], [106.6690935, 51.7413443], [106.66965539999998, 51.73837799999999], [106.6721284, 51.7344678], [106.6746063, 51.73251589999999], [106.67737989999999, 51.7313098], [106.6812372, 51.7303795], [106.6890681, 51.729850500000005], [106.6933648, 51.7299136], [106.69539389999998, 51.7303427], [106.70368680000001, 51.73318110000001], [106.70825719999999, 51.7351564], [106.7115087, 51.737734100000004], [106.719509, 51.743409], [106.72302009999999, 51.7474825], [106.7237174, 51.74993059999999], [106.7239367, 51.7539274], [106.72391149999999, 51.758552800000004], [106.72937549999999, 51.75922239999999], [106.73433169999998, 51.760649400000005], [106.7405953, 51.7646402], [106.74514679999999, 51.7677392], [106.7470535, 51.76841929999999], [106.7494601, 51.76813349999999], [106.75130549999999, 51.7672311], [106.7554394, 51.76300259999999], [106.7568229, 51.76231529999998], [106.766196, 51.765049899999994], [106.76871500000001, 51.7659286], [106.77180009999998, 51.7692572], [106.77316679999998, 51.7698616], [106.7768291, 51.7707647], [106.7814783, 51.7728609], [106.78474489999999, 51.7756447], [106.787991, 51.7795954], [106.7909926, 51.78075789999999], [106.7993048, 51.782006], [106.80769679999999, 51.7818772], [106.811245, 51.781572600000004], [106.8141822, 51.781110500000004], [106.81900099999999, 51.778994499999996], [106.82458599999998, 51.7759079], [106.83009859999999, 51.7743638], [106.83263930000001, 51.77407429999999], [106.83627229999999, 51.7742258], [106.84161579999999, 51.7751422], [106.84475629999999, 51.7763846], [106.84726619999999, 51.77863699999999], [106.84894129999999, 51.781819], [106.8504067, 51.78479589999999], [106.85359189999998, 51.7887458], [106.8555885, 51.7899226], [106.8599062, 51.7919794], [106.8633063, 51.7945923], [106.8673165, 51.797320199999994], [106.8694362, 51.7982033], [106.873094, 51.798895], [106.87918799999998, 51.79838099999999], [106.8847672, 51.79841679999999], [106.8901589, 51.79878849999999], [106.89673159999998, 51.7984743], [106.9015741, 51.8033545], [106.9045341, 51.8050149], [106.9069341, 51.8061427], [106.91019299999999, 51.808506499999986], [106.9138111, 51.8129892], [106.916956, 51.8189799], [106.9190726, 51.8213204], [106.9231856, 51.82316990000001], [106.92557099999999, 51.823922499999995], [106.93359379999998, 51.82441579999999], [106.9376326, 51.8245159], [106.9396842, 51.8253155], [106.9426104, 51.82768399999999], [106.9440333, 51.829493500000005], [106.94599229999999, 51.8343781], [106.9485169, 51.84300300000001], [106.950407, 51.846263400000005], [106.95047879999998, 51.84792889999999], [106.94929159999998, 51.850032], [106.9479768, 51.85230380000001], [106.94776909999999, 51.8537239], [106.9502731, 51.8587242], [106.95094679999998, 51.8602964], [106.9522022, 51.8613172], [106.95978999999998, 51.8624827], [106.96757999999998, 51.8636442], [106.9749742, 51.8649787], [106.9848226, 51.860896200000006], [106.988479, 51.85987599999999], [106.99150679999998, 51.8598665], [106.99448949999999, 51.86035770000001], [106.9964784, 51.86119889999999], [106.9981421, 51.86229559999999], [106.99957379999998, 51.8642297], [107.00048149999999, 51.864964300000004], [107.00645890000001, 51.8661958], [107.0134489, 51.868993], [107.0191619, 51.87181180000001], [107.02127859999999, 51.8724838], [107.0268651, 51.872471], [107.0296865, 51.8723391], [107.03315659999998, 51.874654099999994], [107.04066569999999, 51.87844080000001], [107.0447661, 51.87978629999999], [107.04962299999998, 51.879993400000004], [107.05231769999999, 51.88002980000001], [107.05404119999999, 51.88091639999999], [107.0551168, 51.88235600000001], [107.0546673, 51.88873900000001], [107.07298929999999, 51.906418], [107.07963379999998, 51.90734239999999], [107.08336499999999, 51.90790139999999], [107.0917564, 51.91016919999999], [107.0977198, 51.91235469999999], [107.0972354, 51.9178634], [107.1006887, 51.9225521], [107.10392819999998, 51.92553589999999], [107.1147391, 51.93042559999999], [107.11663049999999, 51.9305164], [107.12010699999999, 51.929912300000005], [107.12968820000002, 51.92728089999999], [107.13760070000001, 51.923595599999985], [107.1398208, 51.92209679999999], [107.14345859999999, 51.923488899999995], [107.14622130000001, 51.92348030000001], [107.15083349999999, 51.922687700000004], [107.1535463, 51.92163819999998], [107.15512829999999, 51.92090079999999], [107.15642539999999, 51.921251999999996], [107.1602685, 51.92409809999998], [107.17031, 51.9282887], [107.1713764, 51.929435700000006], [107.17176049999999, 51.9318035], [107.1735597, 51.9327704], [107.17567949999999, 51.93339799999999], [107.180064, 51.9320668], [107.1826151, 51.9318528], [107.1860248, 51.9326646], [107.18951589999999, 51.93376629999999], [107.1936052, 51.9360653], [107.1962703, 51.93818229999999], [107.19861339999999, 51.9364718], [107.19946479999999, 51.93458090000001], [107.19993659999999, 51.931821899999996], [107.19949989999999, 51.9297884], [107.19961869999999, 51.9280778], [107.20588079999999, 51.92933549999999], [107.21087629999998, 51.929491799999994], [107.2172243, 51.9283724], [107.21977699999998, 51.9281992], [107.22354009999998, 51.92933649999999], [107.22947579999999, 51.932141], [107.2328777, 51.9354934], [107.23479660000001, 51.93612360000001], [107.25283519999999, 51.9355712], [107.2589304, 51.9347877], [107.26378349999999, 51.933444399999985], [107.26801359999999, 51.93177959999999], [107.27130699999998, 51.93159099999999], [107.2854764, 51.934525099999995], [107.29073240000001, 51.937131300000004], [107.30216240000001, 51.943117], [107.3036816, 51.94250389999999], [107.3101409, 51.93700189999999], [107.31046710000001, 51.93678709999999], [107.31259429999999, 51.93620370000001], [107.3152335, 51.93640189999999], [107.31903470000002, 51.940827199999994], [107.32169949999998, 51.9428165], [107.324254, 51.9439744], [107.3277215, 51.944530799999995], [107.33217979999999, 51.9524848], [107.3350349, 51.95422], [107.33622809999999, 51.9538212], [107.3399555, 51.9515803], [107.34181559999999, 51.9510434], [107.34378659999999, 51.95133740000001], [107.3522641, 51.953543399999994], [107.35343129999998, 51.9552285], [107.3550356, 51.9562382], [107.3578284, 51.9567656], [107.36006269999999, 51.956929200000005], [107.36392969999999, 51.9586434], [107.3648866, 51.9601659], [107.36536339999999, 51.9615314], [107.36496119999998, 51.9667064], [107.36582479999998, 51.9677309], [107.36838619999999, 51.9689711], [107.37065829999999, 51.9698421], [107.3757953, 51.972571900000005], [107.37863660000001, 51.97526469999999], [107.38062649999999, 51.9784331], [107.38192259999998, 51.9812404], [107.3817809, 51.98366], [107.3801529, 51.9873182], [107.3814472, 51.98754199999998], [107.383735, 51.9874124], [107.3861409, 51.9882387], [107.39008809999999, 51.99011699999999], [107.3917363, 51.991916999999994], [107.3936796, 51.99671119999999], [107.39576770000001, 52.004210799999996], [107.3966283, 52.0051517], [107.39792749999998, 52.005458600000004], [107.3997374, 52.005213399999995], [107.4041713, 52.00353950000001], [107.40611159999999, 52.003208199999996], [107.40874169999998, 52.00315440000001], [107.4108074, 52.0039038], [107.41343959999999, 52.00514170000001], [107.41684969999999, 52.00828010000001], [107.4177556, 52.0088034], [107.41961039999998, 52.008140099999984], [107.423756, 52.0061381], [107.42733719999998, 52.00493929999999], [107.43226729999999, 52.0049625], [107.43581469999998, 52.0043891], [107.4378017, 52.00368129999998], [107.4396288, 52.0025184], [107.4406694, 52.0017884], [107.4421439, 52.00159119999999], [107.44518589999998, 52.0029032], [107.45093199999998, 52.0067422], [107.4540143, 52.01001159999999], [107.4605622, 52.0161254], [107.46460990000001, 52.023416199999986], [107.46605549999998, 52.0251361], [107.4699637, 52.0286377], [107.47292019999999, 52.0295758], [107.47826399999998, 52.030921799999994], [107.4826155, 52.0350806], [107.48824780000001, 52.0391703], [107.49052359999999, 52.0399972], [107.49249009999998, 52.0401224], [107.49685859999998, 52.0396965], [107.5070662, 52.0393871], [107.51527389999998, 52.039137800000006], [107.5167517, 52.03898119999999], [107.52164269999999, 52.0370431], [107.5288931, 52.03980459999999], [107.5314938, 52.0415822], [107.5342036, 52.04289910000001], [107.53773169999998, 52.045531600000004], [107.5414381, 52.04653509999999], [107.5481855, 52.04872269999999], [107.5493249, 52.04973999999999], [107.55169350000001, 52.050980499999994], [107.55361789999999, 52.05035529999999], [107.55569949999999, 52.048935], [107.557908, 52.0485537], [107.55927389999998, 52.0499825], [107.5622162, 52.05179359999999], [107.5735815, 52.0566714], [107.57713999999999, 52.0574269], [107.58373429999999, 52.05807419999999], [107.59445699999999, 52.058796799999996], [107.5966851, 52.058747700000005], [107.5990094, 52.0580297], [107.6049793, 52.0572311], [107.61030959999998, 52.0559046], [107.6131544, 52.054841399999994], [107.6143159, 52.05389889999999], [107.61502169999999, 52.052091399999995], [107.61502230000002, 52.0486327], [107.61601219999999, 52.0470689], [107.6201232, 52.04456069999999], [107.62391829999999, 52.042434300000004], [107.6246817, 52.04162549999998], [107.62424269999998, 52.03759329999999], [107.62348029999998, 52.032651400000006], [107.62538819999999, 52.0317755], [107.6291802, 52.03077400000001], [107.6325393, 52.03044909999999], [107.635432, 52.0290925], [107.6397536, 52.02562040000001], [107.64133719999998, 52.0238347], [107.64690409999999, 52.020876], [107.64767999999998, 52.01915000000001], [107.65050269999999, 52.016627899999996], [107.65213969999999, 52.0157577], [107.65559769999999, 52.014846299999995], [107.65669729999999, 52.0140297], [107.6601629, 52.00870079999999], [107.6613734, 52.00633990000001], [107.66298259999999, 52.005011700000004], [107.66589190000002, 52.000570399999994], [107.66453969999999, 51.99826740000001], [107.6645133, 51.99668439999999], [107.66645909999998, 51.99534849999999], [107.67517919999999, 51.99215039999999], [107.6814819, 51.98692309999999], [107.6855535, 51.9850383], [107.69205129999999, 51.983098], [107.69719569999998, 51.9811049], [107.70061949999999, 51.9785678], [107.712058, 51.9780131], [107.71246269999999, 51.97354489999999], [107.71343919999998, 51.969605300000005], [107.7208623, 51.9651833], [107.72360519999998, 51.962577800000005], [107.72400860000002, 51.961443299999985], [107.7251553, 51.9603333], [107.7286943, 51.9586261], [107.7303671, 51.957295499999994], [107.7310959, 51.95486149999999], [107.7272391, 51.9513255], [107.7264797, 51.949926299999994], [107.726756, 51.948919800000006], [107.728984, 51.9467428], [107.7297547, 51.9438911], [107.7312459, 51.940689500000005], [107.73041179999998, 51.93916699999999], [107.7266514, 51.936087199999996], [107.72452759999999, 51.9333026], [107.72144679999998, 51.9269565], [107.7210719, 51.9252149], [107.7223021, 51.92326940000001], [107.7246763, 51.921297499999994], [107.72567750000002, 51.9200242], [107.72574389999998, 51.9188975], [107.7248499, 51.91637620000001], [107.72142639999998, 51.9099129], [107.716542, 51.90490020000001], [107.7141894, 51.9038711], [107.70796959999998, 51.9023892], [107.70662379999999, 51.901295], [107.7064268, 51.9002578], [107.7082567, 51.89596509999999], [107.70831859999998, 51.8947551], [107.7071348, 51.89299049999998], [107.70453369999998, 51.8911751], [107.7012678, 51.89062510000001], [107.6981118, 51.890781], [107.69657729999999, 51.8898993], [107.69693849999999, 51.889049], [107.6942096, 51.889036], [107.6934833, 51.889050999999995], [107.6924107, 51.889040300000005], [107.6921925, 51.89092049999999], [107.6921206, 51.8973257], [107.6931315, 51.8977734], [107.6934331, 51.8982902], [107.6932375, 51.8990868], [107.693053, 51.899978999999995], [107.6928949, 51.900457], [107.69169569999998, 51.90085479999999], [107.6916746, 51.9009699], [107.69166209999999, 51.9010389], [107.6912759, 51.9031172], [107.69031509999999, 51.9083186], [107.6902091, 51.908688599999984], [107.6900806, 51.90892500000001], [107.69010279999999, 51.909499499999995], [107.6901076, 51.909668999999994], [107.6901031, 51.9098162], [107.69009469999999, 51.91009019999999], [107.68994069999998, 51.910343899999994], [107.68980579999999, 51.912218100000004], [107.68969069999999, 51.91447209999999], [107.68959429999998, 51.917437799999995], [107.68953089999998, 51.9178284], [107.68854999999999, 51.917823699999985], [107.68805589999998, 51.917800199999995], [107.6842409, 51.9177516], [107.65725760000001, 51.9174411], [107.65620159999999, 51.917401100000006], [107.65441459999998, 51.9173767], [107.6536926, 51.9173406], [107.650307, 51.91735210000001], [107.6458351, 51.9174338], [107.6448494, 51.9174669], [107.6433972, 51.9174614], [107.64216969999998, 51.91744639999999], [107.6421445, 51.91715709999999], [107.64213039999999, 51.91648669999999], [107.6418669, 51.9132362], [107.6417784, 51.911949899999996], [107.6415456, 51.9083693], [107.6413727, 51.9056528], [107.6413101, 51.90318469999999], [107.6413255, 51.9026672], [107.641329, 51.89935210000001], [107.64131099999999, 51.89784709999999], [107.64136759999998, 51.8927764], [107.6414048, 51.8918964], [107.6385146, 51.891602899999995], [107.6347666, 51.8912409], [107.62977889999999, 51.8907831], [107.62673689999998, 51.890524600000006], [107.62408449999998, 51.8903018], [107.6239316, 51.8903775], [107.62081329999998, 51.889978], [107.61466340000001, 51.889839399999985], [107.61341209999999, 51.889827999999994], [107.61235889999999, 51.889856], [107.60409669999999, 51.8897812], [107.5993477, 51.889872399999994], [107.59612239999998, 51.89016560000001], [107.59611139999998, 51.890282199999994], [107.5959691, 51.89178489999998], [107.5958237, 51.8931832], [107.5953952, 51.8973037], [107.5950279, 51.901315399999994], [107.59545, 51.9113624], [107.5961974, 51.923622299999984], [107.59619159999998, 51.9241683], [107.59630479999998, 51.93748829999999], [107.59333559999999, 51.93745319999999], [107.59153029999999, 51.93743820000001], [107.59105749999999, 51.9374406], [107.5715044, 51.9371771], [107.5379649, 51.9364432], [107.5279841, 51.9364681], [107.527156, 51.9364807], [107.5263115, 51.9364744], [107.522117, 51.9365367], [107.51667409999999, 51.9363344], [107.51728879999999, 51.9411438], [107.51791079999998, 51.946796000000006], [107.5191969, 51.9579684], [107.52071, 51.97420700000001], [107.5070341, 51.99965100000001], [107.50525779999998, 52.002708399999996], [107.50299849999999, 52.0044355], [107.49823649999999, 52.0073267], [107.49811269999998, 52.0076178], [107.49763989999998, 52.0087289], [107.49969169999999, 52.0107554], [107.5068551, 52.0158171], [107.50895679999999, 52.01790479999999], [107.5089735, 52.0180138], [107.5088802, 52.01842039999999], [107.5087376, 52.019040700000005], [107.50790580000002, 52.020052899999996], [107.50686469999998, 52.0208219], [107.5067213, 52.020927699999994], [107.5066202, 52.021020299999996], [107.506253, 52.02127169999999], [107.5061376, 52.0213507], [107.50510249999999, 52.02081959999999], [107.50351059999998, 52.0199766], [107.5019077, 52.01920359999999], [107.5015423, 52.0190073], [107.50076569999999, 52.0182791], [107.5000404, 52.017598799999995], [107.49998859999998, 52.01755020000001], [107.49861529999998, 52.01694779999999], [107.4961072, 52.0158479], [107.49586340000002, 52.01571220000001], [107.4951951, 52.0153399], [107.49147089999998, 52.0132655], [107.49074669999999, 52.01286210000001], [107.4873593, 52.0097874], [107.4858367, 52.00576180000001], [107.48528349999998, 52.00317329999999], [107.4850971, 51.999283500000004], [107.48674099999998, 51.9964256], [107.4888338, 51.99405949999999], [107.49151819999999, 51.99253559999999], [107.49252779999999, 51.991288499999996], [107.49280249999998, 51.9890167], [107.49308589999998, 51.98858009999999], [107.49478629999999, 51.9859604], [107.49573889999999, 51.982389], [107.49589769999999, 51.97935999999999], [107.49595039999998, 51.978354599999996], [107.49773689999999, 51.97435250000001], [107.4980191, 51.9731926], [107.49825849999999, 51.97220939999999], [107.4975383, 51.969907599999985], [107.49582059999999, 51.9678316], [107.4959536, 51.9667859], [107.4959274, 51.9665605], [107.4960068, 51.9663688], [107.4960322, 51.9661688], [107.496139, 51.96533000000001], [107.49768889999999, 51.96388089999999], [107.4979635, 51.9627402], [107.49877589999998, 51.959365], [107.5002303, 51.9582982], [107.50062399999999, 51.957958100000006], [107.50073859999999, 51.9576973], [107.50106039999999, 51.957034699999994], [107.50125759999999, 51.9565726], [107.50145159999998, 51.9561243], [107.50168389999999, 51.955452], [107.50175779999998, 51.9548592], [107.50252, 51.9528204], [107.50264939999998, 51.952516200000005], [107.5031616, 51.9511491], [107.5034462, 51.95079380000001], [107.5035624, 51.9506524], [107.50411879999999, 51.9492109], [107.5041922, 51.9488386], [107.504343, 51.948545], [107.50442210000001, 51.94821640000001], [107.50447889999998, 51.9479146], [107.5045197, 51.94768040000001], [107.50452449999999, 51.9474099], [107.50452099999998, 51.9472025], [107.5044809, 51.9470037], [107.50437119999998, 51.946605999999996], [107.50423139999998, 51.946248899999986], [107.50403319999998, 51.9458957], [107.50372469999999, 51.9455868], [107.5033568, 51.9453047], [107.50316179999999, 51.94516809999999], [107.50285819999999, 51.9449765], [107.5025039, 51.94477109999999], [107.502179, 51.94455229999999], [107.5018676, 51.94438339999999], [107.5015306, 51.9441683], [107.5012812, 51.9439239], [107.5010736, 51.943461], [107.5010324, 51.943223100000004], [107.5009373, 51.942921399999996], [107.50085179999999, 51.94241749999998], [107.5008419, 51.9423103], [107.5008611, 51.94215760000001], [107.50094459999998, 51.9418337], [107.5013815, 51.9410101], [107.5016041, 51.9406292], [107.50168169999999, 51.9404194], [107.50180069999999, 51.94012260000001], [107.50188089999999, 51.93988710000001], [107.5019989, 51.9396107], [107.50206379999999, 51.9394236], [107.5022474, 51.9390036], [107.50233639999999, 51.938683000000005], [107.5024192, 51.938459], [107.5026029, 51.93798139999999], [107.5028303, 51.93744269999999], [107.50286439999999, 51.93718], [107.50299039999999, 51.93690420000001], [107.5037208, 51.93610329999999], [107.50397739999998, 51.93578279999999], [107.5041284, 51.93548109999999], [107.504275, 51.935094], [107.5042973, 51.934709000000005], [107.5043847, 51.9345669], [107.5045003, 51.9342786], [107.5045357, 51.93398], [107.5045971, 51.933830399999984], [107.5046131, 51.93331839999998], [107.5046405, 51.93310710000001], [107.50461359999998, 51.9329554], [107.5046338, 51.9327283], [107.5045954, 51.9324442], [107.5045531, 51.9318258], [107.50458839999999, 51.9311796], [107.5045101, 51.9309294], [107.5045118, 51.9306917], [107.50442199999999, 51.93047739999999], [107.50432619999998, 51.9300444], [107.5041813, 51.92960359999999], [107.5040857, 51.9292982], [107.50396029999999, 51.92903389999999], [107.50384729999999, 51.92890760000001], [107.50374419999999, 51.92881549999998], [107.5035811, 51.9286548], [107.50307109999999, 51.928241199999995], [107.50269699999998, 51.927830099999994], [107.5023254, 51.9270925], [107.50222639999998, 51.926274599999985], [107.5020944, 51.9258422], [107.5020973, 51.9254361], [107.50201969999999, 51.9252867], [107.5019884, 51.9251337], [107.5018234, 51.924808199999994], [107.50174339999998, 51.9247102], [107.5016806, 51.924440600000004], [107.5015263, 51.9240791], [107.50150389999999, 51.92391700000001], [107.501261, 51.923254], [107.50119419999999, 51.92299289999999], [107.5008452, 51.92212070000001], [107.5005982, 51.92160379999999], [107.50030199999999, 51.921134099999996], [107.5002291, 51.920921199999995], [107.5002531, 51.9208144], [107.5000045, 51.9206486], [107.4998748, 51.9204773], [107.4997725, 51.9202508], [107.4997384, 51.920138999999985], [107.49964349999999, 51.9200276], [107.49962960000002, 51.9198723], [107.4995707, 51.919736499999985], [107.49951949999999, 51.919647799999986], [107.4995074, 51.91948059999999], [107.49945129999999, 51.91935709999999], [107.499442, 51.91914649999999], [107.49934979999999, 51.9188783], [107.49925279999998, 51.918689799999996], [107.49908479999999, 51.91842189999999], [107.4990262, 51.91821989999999], [107.4989126, 51.91812049999999], [107.49775, 51.917885600000005], [107.497335, 51.91775629999999], [107.49688639999998, 51.917451], [107.49668889999998, 51.917215500000005], [107.4963662, 51.917026599999986], [107.49612889999999, 51.91678160000001], [107.49586709999998, 51.916590299999996], [107.4953403, 51.9160779], [107.49494759999999, 51.91566149999999], [107.4946896, 51.9153368], [107.4943663, 51.915156], [107.49409169999998, 51.914955899999995], [107.49398819999999, 51.914809], [107.4938593, 51.9145817], [107.4936955, 51.91435149999999], [107.49357819999999, 51.914123999999994], [107.4932993, 51.913705699999994], [107.49312889999999, 51.91335709999999], [107.4928161, 51.9128534], [107.492507, 51.9122021], [107.4922532, 51.911607199999985], [107.4920193, 51.91095429999999], [107.4919067, 51.9103888], [107.4918643, 51.90972839999999], [107.49192429999998, 51.9090261], [107.4920737, 51.908368800000005], [107.49220139999998, 51.90794559999999], [107.49237689999998, 51.907650700000005], [107.49250549999998, 51.90745389999999], [107.49247259999999, 51.9073863], [107.49247989999999, 51.9072028], [107.49240719999999, 51.907146799999985], [107.4925162, 51.9063897], [107.4926313, 51.9058445], [107.4928241, 51.90523280000001], [107.4930285, 51.9047253], [107.49344969999999, 51.904148600000006], [107.49377, 51.90384699999998], [107.49410659999998, 51.9036027], [107.4949629, 51.9030023], [107.49570409999998, 51.9026655], [107.4964143, 51.9025533], [107.4969494, 51.90261089999999], [107.49801679999999, 51.902417399999976], [107.49825069999999, 51.90224799999999], [107.49846519999998, 51.9017532], [107.4989016, 51.90115579999999], [107.49917939999999, 51.9007641], [107.4993303, 51.9005142], [107.49969509999998, 51.90009799999999], [107.49987739999999, 51.89990699999999], [107.49997259999999, 51.899809100000006], [107.50024229999998, 51.8994761], [107.50058329999999, 51.89925579999999], [107.5008926, 51.8988592], [107.50120949999999, 51.898776], [107.50172469999998, 51.8984187], [107.50177219999999, 51.8983256], [107.50210509999998, 51.8982719], [107.5033807, 51.89770910000001], [107.50349959999998, 51.89757689999998], [107.5038166, 51.897523099999994], [107.50468799999999, 51.8971856], [107.50506849999998, 51.8968967], [107.50575769999999, 51.896676600000006], [107.5059479, 51.8965786], [107.50611429999998, 51.896426799999986], [107.5065343, 51.89629969999999], [107.507493, 51.895888600000006], [107.5084266, 51.8954044], [107.50848809999998, 51.89539580000001], [107.5085406, 51.8953398], [107.5086308, 51.895304900000006], [107.50867639999998, 51.8952785], [107.50889499999998, 51.895152], [107.5089236, 51.895120099999986], [107.508939, 51.8951028], [107.50921589999999, 51.8949161], [107.50922249999999, 51.8949081], [107.5092705, 51.8948487], [107.509313, 51.89483789999999], [107.50938159999998, 51.89482029999999], [107.5094258, 51.894768500000005], [107.509434, 51.894749], [107.50944869999998, 51.894714], [107.5095858, 51.8946378], [107.50963959999999, 51.8946078], [107.5097109, 51.894544399999994], [107.50974399999998, 51.8945305], [107.50979469999999, 51.8945092], [107.50984939999998, 51.8944392], [107.50997939999999, 51.894378399999994], [107.51004849999998, 51.894302], [107.51020379999999, 51.8942166], [107.51024149999999, 51.89419579999999], [107.5102511, 51.89419539999999], [107.5103003, 51.894185400000005], [107.51036649999999, 51.89416370000001], [107.5103843, 51.894102499999995], [107.51043779999999, 51.8940867], [107.5105375, 51.89405729999999], [107.5106067, 51.8940061], [107.5106463, 51.89397679999999], [107.5106934, 51.893951599999994], [107.51075319999998, 51.8939198], [107.5108894, 51.89387080000001], [107.51091889999998, 51.893860200000006], [107.51105939999998, 51.893800600000006], [107.51125009999998, 51.8936737], [107.51149559999999, 51.8935298], [107.5116912, 51.893377400000006], [107.5117283, 51.893348399999994], [107.51183630000001, 51.8932344], [107.5119444, 51.8931202], [107.51204819999998, 51.8929703], [107.5120932, 51.8929043], [107.5120749, 51.8928502], [107.51209089999999, 51.8928089], [107.5121646, 51.8927832], [107.5121731, 51.8927627], [107.51217159999999, 51.89273339999999], [107.5122009, 51.89268030000001], [107.51224999999998, 51.8924603], [107.5122732, 51.8924032], [107.51226999999999, 51.8923605], [107.51225969999999, 51.89222239999999], [107.51213799999998, 51.8918792], [107.5121336, 51.8917795], [107.51217279999999, 51.89166999999999], [107.5121359, 51.8916003], [107.51210859999999, 51.891452099999995], [107.5121754, 51.891350999999986], [107.5121249, 51.8911973], [107.5121412, 51.89100510000001], [107.5123051, 51.8906064], [107.5123305, 51.89052110000001], [107.5124227, 51.890366], [107.51242489999998, 51.8903147], [107.51252639999998, 51.8901481], [107.51255189999999, 51.890075599999996], [107.51266699999998, 51.88993179999999], [107.51276159999999, 51.8897738], [107.5128559, 51.8896814], [107.51302649999998, 51.88944089999998], [107.5130658, 51.889325500000005], [107.5131222, 51.8891741], [107.51317879999999, 51.88902230000001], [107.51323389999999, 51.88892189999999], [107.5132537, 51.888868200000005], [107.5132689, 51.88879589999999], [107.5132943, 51.88861949999999], [107.51332440000002, 51.88846999999999], [107.5133911, 51.88838320000001], [107.51340049999999, 51.8882807], [107.5134489, 51.88813970000001], [107.51347910000001, 51.888005899999996], [107.51353209999999, 51.8879091], [107.51354359999999, 51.88779809999998], [107.513553, 51.8877397], [107.5136359, 51.88760589999999], [107.5136429, 51.887510500000005], [107.5137212, 51.8874778], [107.5137581, 51.88734689999999], [107.5137743, 51.8872301], [107.51381809999998, 51.88711339999998], [107.5139819, 51.88684429999999], [107.5141667, 51.8865363], [107.5143045, 51.886336199999995], [107.5145832, 51.8860716], [107.5147881, 51.88586519999999], [107.5148986, 51.8857642], [107.5150897, 51.885629], [107.51523249999998, 51.8855151], [107.51555259999999, 51.8852662], [107.5158749, 51.88502], [107.5159577, 51.88492459999999], [107.516188, 51.8847767], [107.5163009, 51.8846628], [107.5163953, 51.884608699999994], [107.5164459, 51.8845504], [107.5166899, 51.88437679999999], [107.51712959999999, 51.8841307], [107.51731369999999, 51.8840011], [107.5176568, 51.883676699999995], [107.5179262, 51.8834632], [107.51841659999998, 51.8830163], [107.51858009999998, 51.882891099999995], [107.51883109999999, 51.88268479999999], [107.5191166, 51.88243719999999], [107.5195678, 51.8820971], [107.51966, 51.882018800000004], [107.5196624, 51.88182810000001], [107.51968769999999, 51.8817811], [107.5197637, 51.8817256], [107.52000539999999, 51.8816075], [107.52035979999998, 51.88147089999999], [107.52048399999998, 51.8814596], [107.52065879999999, 51.8814469], [107.52071419999999, 51.881391399999984], [107.52076699999999, 51.8813686], [107.5209166, 51.8813773], [107.520981, 51.88135019999999], [107.5210569, 51.88133309999999], [107.52115119999999, 51.881348900000006], [107.52123179999998, 51.88130460000001], [107.52133299999998, 51.8812648], [107.5213952, 51.8811993], [107.52167379999999, 51.8810144], [107.52195919999998, 51.8807839], [107.5221756, 51.88063729999999], [107.52229060000002, 51.8804836], [107.52265229999999, 51.880106500000004], [107.52297229999999, 51.87973209999999], [107.5230966, 51.879578300000006], [107.5230273, 51.8795449], [107.5227483, 51.879425499999996], [107.5208131, 51.878714800000004], [107.52100229999999, 51.878233699999996], [107.5212464, 51.8778053], [107.5213731, 51.87759319999999], [107.52141929999999, 51.877455], [107.5214241, 51.87722729999999], [107.52192169999998, 51.8763932], [107.5219562, 51.8763576], [107.5219424, 51.87632779999999], [107.5219677, 51.8762607], [107.52202069999998, 51.8761996], [107.5220577, 51.876105599999995], [107.52208309999999, 51.8758594], [107.52209009999999, 51.8757981], [107.52216389999998, 51.87571699999999], [107.52223059999999, 51.875648600000005], [107.5223942, 51.87534550000001], [107.52244269999998, 51.8749768], [107.5224405, 51.87489279999999], [107.52248439999998, 51.87475899999999], [107.5224936, 51.87466930000001], [107.5225168, 51.874455700000006], [107.5225421, 51.87440729999999], [107.5225469, 51.87428069999999], [107.5225861, 51.8742137], [107.52258159999998, 51.873994499999995], [107.52261149999998, 51.8739304], [107.5225978, 51.873853499999996], [107.52251289999998, 51.873656999999994], [107.5225152, 51.87359159999999], [107.52250609999999, 51.87353319999999], [107.52247389999998, 51.8734833], [107.52249929999999, 51.87341509999999], [107.522534, 51.873258400000005], [107.52259379999998, 51.873152999999995], [107.522633, 51.873115999999996], [107.5227135, 51.8730264], [107.522739, 51.872975200000006], [107.52278259999999, 51.87293390000001], [107.5228264, 51.8728271], [107.5229323, 51.8726748], [107.523075, 51.8725012], [107.52314869999998, 51.8723887], [107.52316949999998, 51.8722905], [107.5231789, 51.872055599999996], [107.5231999, 51.8719203], [107.5232275, 51.8718549], [107.5233473, 51.871711199999986], [107.52344849999999, 51.871574399999986], [107.52354979999998, 51.8714107], [107.5236396, 51.87122], [107.52374090000002, 51.87103489999999], [107.5238446, 51.8708557], [107.5238955, 51.870681899999994], [107.5239346, 51.8706378], [107.52400599999999, 51.8705482], [107.5240207, 51.870414699999984], [107.52403519999999, 51.8703949], [107.5240565, 51.8703588], [107.5240953, 51.87031090000001], [107.5241037, 51.87029470000001], [107.52412949999999, 51.870248], [107.52413779999999, 51.87020919999999], [107.52417109999999, 51.8701794], [107.52418959999999, 51.8701479], [107.52419789999999, 51.87010459999999], [107.5242437, 51.8700442], [107.5242522, 51.870007199999996], [107.52425979999998, 51.8699926], [107.52428059999998, 51.8699532], [107.52429909999998, 51.8699107], [107.52431609999998, 51.86986649999999], [107.5243331, 51.8698297], [107.52434579999999, 51.8697783], [107.5243656, 51.8697315], [107.52437389999999, 51.86968369999999], [107.5244096, 51.86963060000001], [107.52442659999998, 51.869583600000006], [107.5244509, 51.86951779999999], [107.5244764, 51.8694592], [107.5244962, 51.86939879999999], [107.52450019999999, 51.869361999999995], [107.5245085, 51.8693097], [107.5245223, 51.86923599999999], [107.52454229999998, 51.8691918], [107.5245505, 51.8691405], [107.52456179999999, 51.8690991], [107.5245686, 51.869041399999986], [107.52456950000001, 51.86899089999999], [107.52456899999999, 51.86893250000001], [107.52457019999999, 51.8688785], [107.52457409999998, 51.868830800000005], [107.52457649999998, 51.8687722], [107.52457619999998, 51.8687353], [107.52457719999998, 51.8686687], [107.5245272, 51.8686062], [107.5245309, 51.8685875], [107.5245153, 51.8684682], [107.52451809999998, 51.868436100000004], [107.52452069999998, 51.868405499999994], [107.5245285, 51.868390399999996], [107.5245414, 51.86836519999999], [107.52460409999999, 51.86826370000001], [107.5246161, 51.8682138], [107.52464589999998, 51.868091299999996], [107.52471259999999, 51.8679981], [107.52477040000001, 51.86788159999999], [107.5248206, 51.8677627], [107.5248596, 51.867677399999984], [107.52487269999999, 51.8675727], [107.5248909, 51.8674099], [107.5248911, 51.86734839999999], [107.52489119999998, 51.867227799999995], [107.5249407, 51.867123299999996], [107.5249537, 51.8670958], [107.5249749, 51.867039500000004], [107.5250398, 51.866867], [107.5250372, 51.8668106], [107.52497519999999, 51.86670409999999], [107.52496979999998, 51.866694599999995], [107.52495459999999, 51.8666365], [107.52493599999998, 51.8665641], [107.524923, 51.8664336], [107.5249701, 51.8662468], [107.5249662, 51.86621269999999], [107.52496479999999, 51.86620169999999], [107.5249207, 51.86616779999999], [107.5249154, 51.8661452], [107.52495359999999, 51.8660642], [107.52498580000001, 51.8659954], [107.52500030000002, 51.8659703], [107.52507439999998, 51.865840899999995], [107.52514529999999, 51.86575570000001], [107.5253453, 51.8655155], [107.5254106, 51.86541460000001], [107.525487, 51.86529809999999], [107.5257622, 51.86487929999999], [107.52640779999999, 51.8646571], [107.5266708, 51.864528299999996], [107.52677739999999, 51.86445099999999], [107.5272824, 51.86417410000001], [107.5273919, 51.8640806], [107.5277902, 51.8636603], [107.52851679999999, 51.8629919], [107.5286002, 51.862872700000004], [107.528996, 51.86208649999999], [107.5293506, 51.86150670000001], [107.52946519999999, 51.861248999999994], [107.52957469999998, 51.861059], [107.52952779999998, 51.86099759999999], [107.52574599999998, 51.859205], [107.525465, 51.8592308], [107.52377329999999, 51.8597038], [107.5227635, 51.859884], [107.5212385, 51.860292699999995], [107.52049429999998, 51.86041809999999], [107.5188081, 51.860581800000006], [107.517913, 51.86075679999999], [107.51684149999998, 51.860856], [107.51665479999998, 51.860670999999996], [107.5152277, 51.856886499999995], [107.5119855, 51.855068], [107.5110678, 51.85439379999999], [107.5109555, 51.8537559], [107.50911820000002, 51.85306419999999], [107.5083462, 51.8527812], [107.50799820000002, 51.8526201], [107.5076335, 51.852308400000005], [107.50722489999998, 51.8519383], [107.50664669999999, 51.851461], [107.50615989999999, 51.8519085], [107.5057896, 51.851628399999996], [107.5056351, 51.8513237], [107.50501099999998, 51.8507309], [107.50458040000001, 51.850313], [107.50405209999998, 51.849863], [107.5007671, 51.847501], [107.49204479999999, 51.8420462], [107.4861879, 51.8404323], [107.48361019999999, 51.838943999999984], [107.4835473, 51.8367064], [107.47886549999998, 51.83698340000001], [107.4780166, 51.83699500000001], [107.4742512, 51.835397599999986], [107.4735793, 51.835100399999995], [107.46964049999998, 51.8352737], [107.4659061, 51.8367004], [107.4609123, 51.8360509], [107.46083519999999, 51.8347058], [107.46072539999999, 51.83215169999999], [107.4613134, 51.83170160000001], [107.46876619999999, 51.8275581], [107.47649, 51.824521000000004], [107.48000500000002, 51.823190399999994], [107.4814538, 51.82182600000001], [107.4765991, 51.8181792], [107.47295979999998, 51.8180329], [107.47052859999998, 51.8185634], [107.4673531, 51.817259299999996], [107.4642542, 51.8159837], [107.46130489999999, 51.8147754], [107.4580175, 51.81341329999999], [107.44755929999998, 51.8164947], [107.44532599999998, 51.8170042], [107.44345909999998, 51.8172274], [107.4433367, 51.8147464], [107.4407204, 51.81633990000001], [107.43835039999999, 51.817776699999996], [107.43522950000002, 51.819801599999984], [107.43074400000002, 51.81996749999999], [107.43632410000001, 51.8161634], [107.44078759999998, 51.813128999999996], [107.4430011, 51.81195569999999], [107.4261895, 51.8097155], [107.41938030000001, 51.808279799999994], [107.4148071, 51.8065277], [107.4113442, 51.805750999999994], [107.40823829999998, 51.80521710000001], [107.40913540000001, 51.80332349999999], [107.4186107, 51.802815800000005], [107.42083759999998, 51.8034365], [107.42256709999998, 51.8029927], [107.42454859999998, 51.802931199999996], [107.42717799999998, 51.8011443], [107.4296394, 51.7994538], [107.43148159999998, 51.7979505], [107.4323616, 51.797232300000005], [107.43254539999998, 51.7959744], [107.43335549999999, 51.7957438], [107.4338323, 51.7947342], [107.4417785, 51.79563530000001], [107.44183739999998, 51.795424], [107.4424229, 51.79362480000001], [107.44260769999998, 51.7935395], [107.44272789999998, 51.792041499999996], [107.4425221, 51.791968600000004], [107.44187459999999, 51.7899828], [107.44187669999998, 51.789711], [107.4417401, 51.7895471], [107.4417135, 51.78952509999999], [107.44159029999999, 51.78952509999999], [107.4408042, 51.7869755], [107.44256419999999, 51.786752400000005], [107.44264819999998, 51.7866907], [107.4426784, 51.78666820000001], [107.44416639999999, 51.786569699999994], [107.4441176, 51.78633059999999], [107.44894920000002, 51.7858938], [107.44923549999999, 51.7869731], [107.4500988, 51.78720199999999], [107.45016659999999, 51.787474199999984], [107.4508646, 51.787405400000004], [107.45102489999998, 51.78744789999999], [107.45108319999999, 51.787549500000004], [107.45118609999999, 51.78781949999999], [107.45120939999998, 51.78792729999999], [107.45129549999999, 51.7881315], [107.4524413, 51.7880837], [107.45263340000001, 51.7880973], [107.45487309999999, 51.7882244], [107.45580009999999, 51.7890998], [107.4626924, 51.791980199999976], [107.46311569999999, 51.79305709999999], [107.46442689999999, 51.7963853], [107.46473989999998, 51.79717970000001], [107.4650688, 51.7980146], [107.46523269999999, 51.79843040000001], [107.46531219999999, 51.7986323], [107.46821059999999, 51.7981949], [107.47170169999998, 51.79766849999999], [107.47527759999998, 51.7971323], [107.4796019, 51.7975791], [107.48308079999998, 51.79793910000001], [107.4834765, 51.7979803], [107.4880836, 51.79846], [107.4855599, 51.7955684], [107.4839719, 51.79374730000001], [107.4820808, 51.79213039999999], [107.481718, 51.7918175], [107.4800373, 51.79106079999999], [107.4797043, 51.79091050000001], [107.47885959999999, 51.790280199999984], [107.4785006, 51.789883], [107.48038089999999, 51.78928990000001], [107.48215249999998, 51.7888814], [107.4846938, 51.7890257], [107.4870145, 51.78932369999998], [107.4885039, 51.790651800000006], [107.4895763, 51.7911289], [107.4918774, 51.7921319], [107.49636049999998, 51.7916098], [107.4985791, 51.79174020000001], [107.50132799999999, 51.79081349999999], [107.50157019999999, 51.7911188], [107.5026878, 51.7906144], [107.5036774, 51.790035599999996], [107.504619, 51.7905436], [107.50574289999999, 51.7911154], [107.50624179999998, 51.7916928], [107.5069311, 51.7929785], [107.5076795, 51.7942343], [107.507886, 51.794901200000005], [107.50780819999999, 51.7955149], [107.5076539, 51.795651199999995], [107.50755769999999, 51.797906999999995], [107.5200383, 51.797960100000005], [107.510387, 51.80226309999998], [107.5067163, 51.80371879999999], [107.50685490000001, 51.8047937], [107.50442370000002, 51.8066529], [107.50794459999999, 51.810878300000006], [107.5091641, 51.81171160000001], [107.5103908, 51.813461299999986], [107.5111751, 51.813540200000006], [107.5161372, 51.8120404], [107.5175181, 51.81170989999999], [107.51804249999999, 51.8128609], [107.5181293, 51.81338399999999], [107.51815079999999, 51.81398759999999], [107.5180176, 51.8145155], [107.5186827, 51.8166799], [107.51934649999998, 51.81818229999999], [107.52114410000001, 51.8208918], [107.5226223, 51.82261950000001], [107.5213763, 51.82339859999999], [107.5205091, 51.8240011], [107.5199716, 51.8233678], [107.51963639999998, 51.823423600000005], [107.51748379999998, 51.82033849999998], [107.51405239999998, 51.821249900000005], [107.5121587, 51.821734899999996], [107.51055480000001, 51.8220589], [107.50846049999998, 51.822284100000005], [107.50762530000002, 51.8223609], [107.5074949, 51.8223729], [107.5062204, 51.8225008], [107.50669959999999, 51.8233644], [107.5082253, 51.8261321], [107.5123251, 51.83359049999999], [107.5129785, 51.8347665], [107.51517290000001, 51.8335488], [107.5169868, 51.834270999999994], [107.5187546, 51.8351534], [107.52214939999999, 51.836852099999994], [107.5260815, 51.8362126], [107.53000329999999, 51.8367288], [107.53013219999998, 51.83674949999998], [107.5303755, 51.83671069999999], [107.53081399999999, 51.83668109999999], [107.5310535, 51.83668339999999], [107.53111999999999, 51.83672910000001], [107.53153629999998, 51.8368296], [107.53194899999998, 51.83693709999999], [107.53215179999998, 51.83695769999999], [107.5324318, 51.836989700000004], [107.53258669999998, 51.836962299999996], [107.53277099999998, 51.83695779999999], [107.53301789999999, 51.836914500000006], [107.5333605, 51.83689859999999], [107.53381019999999, 51.8368851], [107.5341567, 51.8368395], [107.5347501, 51.8366592], [107.535539, 51.836269], [107.53570509999999, 51.836113699999984], [107.53579359999999, 51.83592660000001], [107.5358452, 51.8357828], [107.53580859999998, 51.83550189999998], [107.53571659999999, 51.8352827], [107.5355397, 51.83509089999999], [107.53528929999999, 51.8348946], [107.53489869999999, 51.8346501], [107.5344052, 51.8343281], [107.53417669999999, 51.83418189999999], [107.53386000000002, 51.8340334], [107.53377889999999, 51.833976299999996], [107.53368869999998, 51.83383839999998], [107.53366489999999, 51.833732], [107.53367969999998, 51.833645100000005], [107.53368709999998, 51.8334306], [107.53374249999999, 51.83331880000001], [107.5339011, 51.83312699999999], [107.5339122, 51.8329946], [107.53378699999999, 51.832809600000004], [107.5337613, 51.832734200000004], [107.53367289999998, 51.8326772], [107.5334148, 51.83260859999999], [107.53316440000002, 51.8325104], [107.5329839, 51.832494399999995], [107.5326743, 51.832437199999994], [107.53254159999999, 51.83242580000001], [107.5320957, 51.832441700000004], [107.53178979999998, 51.8324348], [107.531613, 51.832421000000004], [107.53136229999998, 51.83239110000001], [107.53109709999998, 51.83234319999999], [107.5308318, 51.8322792], [107.530703, 51.8322358], [107.5303382, 51.832114700000005], [107.5301687, 51.831991299999984], [107.53009879999999, 51.8319183], [107.5299551, 51.83179259999999], [107.53015049999999, 51.831858899999986], [107.53027199999998, 51.83187259999999], [107.53033459999999, 51.83182469999999], [107.53017989999998, 51.83165579999999], [107.5300289, 51.831552900000005], [107.5298862, 51.831436000000004], [107.52968639999999, 51.831306600000005], [107.52945739999998, 51.8309953], [107.52929599999999, 51.83084419999999], [107.52907, 51.8304856], [107.5289991, 51.8303859], [107.5288704, 51.8302051], [107.52888809999999, 51.8300431], [107.52883529999998, 51.8299867], [107.5288412, 51.8298064], [107.52880629999999, 51.829569899999996], [107.52876509999999, 51.829535199999995], [107.5286711, 51.829528], [107.52859170000002, 51.8295607], [107.5284976, 51.8297608], [107.52850959999999, 51.829520699999996], [107.5286126, 51.829283999999994], [107.5287654, 51.82918579999999], [107.52899190000001, 51.8287617], [107.5292007, 51.8284851], [107.52932419999999, 51.82837039999999], [107.52953299999999, 51.828254099999995], [107.5297622, 51.8281903], [107.52995899999999, 51.82812669999999], [107.53030569999999, 51.8280576], [107.53060549999998, 51.8280231], [107.5308023, 51.827988600000005], [107.5310315, 51.82797399999999], [107.53127849999998, 51.8279505], [107.53156940000001, 51.827857699999996], [107.5318543, 51.827761200000005], [107.532113, 51.8276994], [107.53264189999999, 51.8275357], [107.53273309999999, 51.8274812], [107.5328683, 51.82733379999999], [107.5329125, 51.82722269999999], [107.5329624, 51.8271572], [107.53298899999999, 51.82699519999999], [107.53297729999998, 51.826915099999994], [107.53313319999998, 51.82674229999999], [107.53326829999999, 51.82663130000001], [107.5336975, 51.8262018], [107.53375339999998, 51.82611990000001], [107.53414719999999, 51.82592330000001], [107.53429119999998, 51.8258742], [107.53440589999998, 51.825819599999996], [107.5346321, 51.825776], [107.5352404, 51.8256342], [107.53541959999998, 51.8256471], [107.53558689999998, 51.82561059999999], [107.5357781, 51.825605199999984], [107.5358544, 51.8256598], [107.53596899999998, 51.82567629999999], [107.5361629, 51.8256654], [107.53635959999998, 51.82572189999999], [107.5365124, 51.8257037], [107.53662699999998, 51.8257019], [107.53687959999999, 51.825783799999996], [107.53701779999999, 51.8257657], [107.5373556, 51.82579669999999], [107.5377464, 51.8257841], [107.53803709999998, 51.8258077], [107.53813999999998, 51.8259078], [107.53827509999999, 51.82591519999998], [107.5389422, 51.8258133], [107.5394504, 51.82565509999999], [107.539953, 51.825411300000006], [107.5401235, 51.8252348], [107.54042029999998, 51.8249709], [107.5405555, 51.824778], [107.54059079999999, 51.824619600000005], [107.5405352, 51.82418809999999], [107.54042079999999, 51.8236912], [107.5402595, 51.82340889999998], [107.5402185, 51.82315599999999], [107.54025089999999, 51.8230231], [107.54032429999998, 51.8229722], [107.5404124, 51.8228393], [107.5405125, 51.82273010000001], [107.5405125, 51.822553500000005], [107.5405243, 51.8225026], [107.54062129999998, 51.82244789999999], [107.54068879999998, 51.822337], [107.5406566, 51.8222587], [107.5404157, 51.82200019999999], [107.5402338, 51.821916400000006], [107.53997529999998, 51.8217725], [107.539849, 51.82170690000001], [107.53959339999999, 51.8215067], [107.53951429999998, 51.8212792], [107.5395261, 51.820920599999994], [107.5395793, 51.820722100000005], [107.53974959999998, 51.82037270000001], [107.53982899999998, 51.8203091], [107.5398233, 51.8202672], [107.54004069999999, 51.8200633], [107.54015549999998, 51.8199159], [107.54029629999998, 51.81985589999999], [107.5405404, 51.8196592], [107.5408724, 51.819489999999995], [107.5409723, 51.819455500000004], [107.54115729999998, 51.8193609], [107.5414158, 51.819268199999996], [107.54167149999999, 51.819227999999995], [107.5421532, 51.8192245], [107.5427671, 51.8192465], [107.54344859999999, 51.819314], [107.5438217, 51.819385], [107.54432099999998, 51.8195652], [107.54485559999999, 51.81982570000001], [107.54538119999998, 51.8201989], [107.5454664, 51.82023529999999], [107.5465971, 51.820890799999994], [107.54717579999999, 51.821207599999994], [107.54732859999999, 51.8213095], [107.54765169999999, 51.82146069999999], [107.54783079999999, 51.8216135], [107.5480482, 51.8216736], [107.54827149999998, 51.82168639999999], [107.54873559999999, 51.8217771], [107.54904099999999, 51.8218576], [107.5493495, 51.82189040000001], [107.54996059999999, 51.821832199999996], [107.5501751, 51.821774000000005], [107.5503778, 51.8216776], [107.5504601, 51.82159009999999], [107.55055409999999, 51.8214081], [107.5505542, 51.82128989999999], [107.5506717, 51.82098409999999], [107.55067779999999, 51.8206637], [107.5507218, 51.8203979], [107.55086, 51.820152199999995], [107.5511421, 51.8196789], [107.55127720000002, 51.81954240000001], [107.55137419999998, 51.8195479], [107.55149179999998, 51.8196098], [107.55159439999998, 51.819589799999996], [107.55184129999999, 51.81939679999999], [107.551997, 51.8193568], [107.55271079999999, 51.819043699999995], [107.5528283, 51.819027299999995], [107.5531221, 51.8188963], [107.55336589999999, 51.8188217], [107.5540842, 51.81874810000001], [107.55435439999998, 51.818679800000005], [107.55463799999998, 51.8185131], [107.5547555, 51.8182902], [107.55476879999999, 51.8182191], [107.55476879999999, 51.818002500000006], [107.5547277, 51.8178378], [107.5546718, 51.81770439999998], [107.55457419999999, 51.8176211], [107.55452879999999, 51.81759890000001], [107.5536773, 51.8177212], [107.551378, 51.8149214], [107.55494579999998, 51.81237610000001], [107.5548899, 51.811339], [107.55441669999999, 51.8101152], [107.5521811, 51.8072692], [107.5523302, 51.8043058], [107.5516478, 51.8020847], [107.5503386, 51.7995505], [107.55017399999998, 51.79909099999999], [107.5500075, 51.799007599999996], [107.54981649999999, 51.7988855], [107.54964909999998, 51.79883809999999], [107.5495549, 51.7987962], [107.54937009999999, 51.7987502], [107.54913779999998, 51.798670400000006], [107.54874689999998, 51.798572], [107.54862359999998, 51.79852629999999], [107.54851469999998, 51.7985081], [107.5482797, 51.7984043], [107.5481812, 51.79839890000001], [107.5479241, 51.7983241], [107.54776249999999, 51.798251099999995], [107.54705429999999, 51.798016], [107.546922, 51.7979577], [107.54681029999999, 51.797934000000005], [107.54669769999998, 51.7979006], [107.5465606, 51.79781919999999], [107.5463932, 51.7977718], [107.5461315, 51.797598599999986], [107.5459979, 51.79753489999999], [107.545209, 51.797084700000006], [107.5446977, 51.796895000000006], [107.54417309999998, 51.796623], [107.5438104, 51.7963994], [107.54358119999999, 51.7962427], [107.54308179999998, 51.7960567], [107.5428142, 51.79606210000001], [107.5424645, 51.79611310000001], [107.5422941, 51.79612409999999], [107.54187969999998, 51.7961204], [107.5416623, 51.7960765], [107.5414036, 51.79597580000001], [107.5410071, 51.7957496], [107.54074279999999, 51.795513400000004], [107.54055789999998, 51.7952249], [107.54051029999998, 51.79499539999999], [107.5405846, 51.7947495], [107.54075389999998, 51.7945234], [107.5413884, 51.794346399999995], [107.54170580000002, 51.7940679], [107.54172169999998, 51.7940088], [107.54122469999999, 51.79382520000001], [107.5410979, 51.7938153], [107.5404898, 51.7935824], [107.53940079999998, 51.7932741], [107.5388245, 51.79313629999999], [107.53833830000002, 51.7930116], [107.53804219999999, 51.79296899999999], [107.5373126, 51.79279489999998], [107.53631869999998, 51.7924636], [107.5351716, 51.79206010000001], [107.53459029999999, 51.79168289999999], [107.5341304, 51.791433600000005], [107.53372349999998, 51.7910892], [107.5333854, 51.79077439999999], [107.533174, 51.79049239999999], [107.53308949999999, 51.7902694], [107.5330261, 51.790151400000006], [107.53275139999998, 51.7898102], [107.53232869999998, 51.7894462], [107.5317582, 51.78888810000001], [107.53163659999998, 51.7886717], [107.53143049999998, 51.78843889999999], [107.53088109999999, 51.7879338], [107.5304479, 51.7874879], [107.53022589999999, 51.787340099999994], [107.5300411, 51.7871631], [107.52971349999999, 51.786959700000004], [107.52965, 51.786890799999995], [107.5295179, 51.78683509999999], [107.5294651, 51.7867728], [107.529259, 51.786657999999996], [107.5288257, 51.786352900000004], [107.5279804, 51.785519900000004], [107.52768990000001, 51.785241000000006], [107.52752089999998, 51.78503779999999], [107.5272778, 51.784804900000005], [107.52720389999999, 51.78467380000001], [107.52693979999998, 51.7844081], [107.52648559999999, 51.78391279999999], [107.5258361, 51.78303390000001], [107.52570409999998, 51.782938899999984], [107.5251971, 51.7823879], [107.52442040000001, 51.7817352], [107.52336099999998, 51.78063469999999], [107.52203249999998, 51.7793231], [107.5205242, 51.7776506], [107.5200614, 51.7762211], [107.5198874, 51.77449389999999], [107.5202238, 51.772548399999984], [107.5202477, 51.77245829999999], [107.52028999999999, 51.77230410000001], [107.5203351, 51.772218900000006], [107.5203537, 51.772097699999996], [107.5203908, 51.77190569999999], [107.5203752, 51.771773], [107.52034880000001, 51.771645199999995], [107.5203119, 51.7715943], [107.5203014, 51.77151229999999], [107.5202672, 51.7714774], [107.52055189999999, 51.77139609999999], [107.52062370000002, 51.771367999999995], [107.52068599999998, 51.7713591], [107.520717, 51.771332400000006], [107.520691, 51.771275], [107.5207271, 51.77125779999999], [107.5207864, 51.7712508], [107.52083669999999, 51.7712255], [107.5208751, 51.771158799999995], [107.5208896, 51.77105029999999], [107.52092069999999, 51.77103399999999], [107.5208993, 51.77091970000001], [107.52097599999999, 51.7706896], [107.52105749999998, 51.770559], [107.52112939999999, 51.7703942], [107.5212684, 51.77017159999999], [107.52164929999999, 51.769655099999994], [107.5217476, 51.76954229999999], [107.5218553, 51.7694533], [107.5219751, 51.7693286], [107.5220182, 51.76922179999999], [107.5220088, 51.7691416], [107.52197769999998, 51.76905099999999], [107.52212629999998, 51.7688862], [107.52222679999998, 51.76885359999999], [107.52227459999999, 51.768862600000006], [107.52234629999998, 51.768868499999996], [107.5223824, 51.768824], [107.52237759999998, 51.76877059999999], [107.522227, 51.7686458], [107.52216729999999, 51.7685522], [107.52215039999999, 51.76851509999998], [107.5221768, 51.7684631], [107.52216489999999, 51.76841420000001], [107.52217699999999, 51.76831769999999], [107.52238309999998, 51.7678991], [107.52245749999999, 51.767708999999996], [107.52256289999998, 51.7674597], [107.5227259, 51.767210299999995], [107.5230658, 51.766894199999996], [107.52321669999999, 51.7667963], [107.52325969999998, 51.76673389999999], [107.5232795, 51.76664879999999], [107.523286, 51.7666386], [107.52333419999998, 51.7666197], [107.52338939999999, 51.7665217], [107.52339949999998, 51.76644110000001], [107.52344439999999, 51.7663242], [107.5235857, 51.766123999999984], [107.5236362, 51.76602290000001], [107.5237343, 51.7659368], [107.52381809999999, 51.7658345], [107.523902, 51.76560880000001], [107.5239859, 51.7654886], [107.52406979999999, 51.7654263], [107.5242684, 51.765226], [107.5244049, 51.76505079999999], [107.52469949999998, 51.76473609999999], [107.52491009999999, 51.7645344], [107.524999, 51.76439479999999], [107.5250754, 51.7643413], [107.52510659999999, 51.764289399999996], [107.52515209999999, 51.7642716], [107.5252144, 51.7642286], [107.52524559999999, 51.7641277], [107.5252242, 51.76402379999998], [107.5253223, 51.76389309999999], [107.52537739999998, 51.763795099999996], [107.5254971, 51.76368980000001], [107.525509, 51.7636512], [107.5255713, 51.7636379], [107.52555219999999, 51.7635725], [107.5256048, 51.76353389999999], [107.52560969999999, 51.76350719999999], [107.52568149999999, 51.763476], [107.525933, 51.763176200000004], [107.5259426, 51.7631406], [107.5261318, 51.762915], [107.52621310000002, 51.762871999999994], [107.5262179, 51.7628259], [107.5264478, 51.7626063], [107.52704839999998, 51.762079500000006], [107.52812019999999, 51.7608264], [107.528406, 51.76016669999999], [107.52857439999998, 51.75859359999999], [107.5280672, 51.757792099999996], [107.5260263, 51.756346099999995], [107.52282599999998, 51.7553588], [107.51961439999998, 51.7551111], [107.5169535, 51.755801999999996], [107.51473339999998, 51.75718470000001], [107.5108204, 51.75950669999999], [107.5064834, 51.76057259999998], [107.5014166, 51.7607318], [107.49647269999998, 51.76001449999999], [107.49268079999999, 51.7581485], [107.48909339999999, 51.75678500000001], [107.4869124, 51.7540758], [107.4833157, 51.7481065], [107.4831429, 51.74495709999999], [107.481232, 51.74227189999999], [107.48089399999999, 51.74179689999999], [107.48004129999998, 51.74074559999999], [107.47904669999998, 51.740173], [107.4764244, 51.73999870000001], [107.4749623, 51.74048580000001], [107.4741164, 51.74056079999999], [107.4728503, 51.740375399999984], [107.47157179999999, 51.739983900000006], [107.46787289999999, 51.7362587], [107.4663307, 51.7338948], [107.4637551, 51.7291964], [107.4621854, 51.725017400000006], [107.4553754, 51.71980860000001], [107.4520563, 51.71793639999999], [107.4502361, 51.71716180000001], [107.4481329, 51.7142823], [107.44598199999999, 51.71331479999999], [107.4432784, 51.7102965], [107.4439129, 51.704091699999985], [107.44062659999999, 51.7010416], [107.4282365, 51.697689], [107.4233345, 51.6963826], [107.4198586, 51.694079], [107.41650100000001, 51.69273679999999], [107.4144849, 51.69265320000001], [107.41193979999998, 51.69272420000001], [107.4079637, 51.691258899999994], [107.40470029999999, 51.689089499999994], [107.40126329999998, 51.6870353], [107.3992228, 51.6841698], [107.3989927, 51.6820873], [107.40475379999998, 51.677499499999996], [107.4100018, 51.6715581], [107.41236239999999, 51.66931399999999], [107.4148608, 51.6633992], [107.41479419999999, 51.66140519999999], [107.4138917, 51.659329699999994], [107.41316049999999, 51.65749699999999], [107.40963229999998, 51.6552044], [107.40763019999999, 51.6555411], [107.4058539, 51.655386699999994], [107.4035195, 51.6552311], [107.40116159999998, 51.6553245], [107.39903019999998, 51.6555716], [107.3959272, 51.65531849999999], [107.393425, 51.6546037], [107.39053879999999, 51.651953799999994], [107.38915689999999, 51.6486066], [107.38975939999999, 51.64628139999999], [107.389728, 51.641635799999996], [107.3918592, 51.6412042], [107.39210709999999, 51.638596199999995], [107.39033449999998, 51.635241799999996], [107.3871121, 51.63256749999999], [107.3842222, 51.6309823], [107.37754429999998, 51.62851499999999], [107.3732045, 51.6265479], [107.3681287, 51.6231229], [107.3650057, 51.6208843], [107.36450259999998, 51.618936000000005], [107.36277249999999, 51.617845700000004], [107.3605483, 51.614973499999984], [107.3579216, 51.6125066], [107.3567094, 51.60949559999999], [107.3561679, 51.6084804], [107.35525739999999, 51.60457869999998], [107.35618909999998, 51.59966899999999], [107.3566129, 51.59728999999999], [107.35772919999998, 51.59406409999999], [107.35684129999999, 51.5919572], [107.3563638, 51.5897016], [107.35959519999999, 51.5849892], [107.36176579999999, 51.582986999999996], [107.3623044, 51.5817676], [107.36254799999999, 51.5800125], [107.36192439999999, 51.5757328], [107.3609007, 51.5753368], [107.3599225, 51.5758149], [107.3588537, 51.5771283], [107.3587393, 51.578797400000006], [107.358733, 51.581256], [107.35804529999999, 51.582186799999995], [107.3565517, 51.583050199999995], [107.3533205, 51.5839485], [107.35227079999999, 51.58434460000001], [107.3504408, 51.585247], [107.3487448, 51.58588960000001], [107.34558320000001, 51.58594849999999], [107.3388032, 51.5682786], [107.3266028, 51.555894800000004], [107.30290439999999, 51.53140140000001], [107.2948171, 51.5286847], [107.2742657, 51.5238346], [107.2747875, 51.52224089999999], [107.2764685, 51.52112479999999], [107.27776989999998, 51.5204328], [107.27984069999998, 51.520434199999976], [107.28033699999999, 51.51967450000001], [107.2784167, 51.518670099999994], [107.2753758, 51.5173692], [107.27520729999999, 51.5137434], [107.27331689999998, 51.5129952], [107.26817089999999, 51.512402099999996], [107.25915279999998, 51.5143119], [107.25616229999999, 51.5143995], [107.2516218, 51.5149653], [107.24924459999998, 51.5157808], [107.24548329999999, 51.517278], [107.239063, 51.51776540000001], [107.23377289999999, 51.5171887], [107.22900759999999, 51.5164812], [107.22500740000001, 51.5152133], [107.2223014, 51.5123727], [107.2191568, 51.51010209999999], [107.21646469999999, 51.5095911], [107.2119081, 51.5101662], [107.2085506, 51.510718399999995], [107.2025658, 51.5116781], [107.197533, 51.511438500000004], [107.19280019999998, 51.51092830000001], [107.185021, 51.510778599999995], [107.18056709999999, 51.5110818], [107.17772319999999, 51.5107788], [107.1751151, 51.5094223], [107.1710415, 51.50520579999999], [107.16837809999998, 51.5035177], [107.1668024, 51.5031132], [107.16405189999999, 51.503259], [107.16258179999998, 51.5028203], [107.15962269999999, 51.50095799999999], [107.159077, 51.499301200000005], [107.1554905, 51.49686699999999], [107.15267129999998, 51.493710099999994], [107.1334146, 51.490186699999995], [107.13300470000001, 51.48998589999999], [107.1347806, 51.487995], [107.13478119999999, 51.486578300000005], [107.13458539999999, 51.4852484], [107.1310674, 51.484228800000004], [107.1179643, 51.4837579], [107.10326849999998, 51.483480799999995], [107.1003154, 51.483117099999994], [107.0986536, 51.4818134], [107.0935036, 51.4757382], [107.0910005, 51.47353270000001], [107.08813179999999, 51.4720837], [107.07780449999998, 51.46947529999999], [107.07420139999999, 51.46799739999999], [107.06937099999999, 51.46445750000001], [107.06442879999999, 51.46137759999999], [107.0641911, 51.4605483], [107.06463699999999, 51.4600821], [107.06535899999999, 51.4598195], [107.06709189999998, 51.45978900000001], [107.06847259999999, 51.4593479], [107.06955709999998, 51.458481], [107.06953489999998, 51.4566736], [107.0681354, 51.4563118], [107.06693399999999, 51.45522880000001], [107.0634532, 51.45344510000001], [107.05646619999999, 51.44775589999999], [107.0541458, 51.4454461], [107.051369, 51.44005310000001], [107.04942529999998, 51.43859629999999], [107.04904839999999, 51.4348384], [107.0458615, 51.432247800000006], [107.0415352, 51.4308324], [107.0371128, 51.4292693], [107.0332877, 51.4275005], [107.0262686, 51.42268070000001], [107.02328, 51.42062279999999], [107.021858, 51.419457], [107.0182795, 51.4178384], [107.01429519999999, 51.4161136], [107.01117069999998, 51.4145384], [107.0101178, 51.41397909999999], [107.0086542, 51.4132215], [107.0071403, 51.41199879999998], [107.004628, 51.40974959999999], [107.00261069999999, 51.40859149999999], [106.9986597, 51.405453599999994], [106.99432330000002, 51.403719800000005], [106.9918157, 51.40190189999999], [106.9882287, 51.3980015], [106.98425449999999, 51.3924808], [106.98280359999998, 51.38447], [106.98146599999998, 51.3830114], [106.9672053, 51.3843352], [106.95778700000001, 51.38678490000001], [106.952376, 51.38795869999999], [106.9407383, 51.38994379999998], [106.9298739, 51.3913317], [106.9251536, 51.391534400000005], [106.92341259999999, 51.3913129], [106.92217439999999, 51.39037489999999], [106.9199539, 51.388244399999984], [106.9155793, 51.3871493], [106.9100051, 51.3860318], [106.90932629999999, 51.384126200000004], [106.9031339, 51.380935], [106.8964301, 51.3766267], [106.90068919999999, 51.3669319], [106.8744739, 51.3623539], [106.8708603, 51.360244900000005], [106.86678639999998, 51.35826819999999], [106.8497737, 51.362205], [106.84582559999998, 51.3616839], [106.8412389, 51.3601727], [106.83997659999999, 51.3602342], [106.83627499999999, 51.36087559999999], [106.83380069999998, 51.3622477], [106.8317801, 51.3633212], [106.8307174, 51.3633795], [106.8251114, 51.3630086], [106.82272659999998, 51.363295799999996], [106.81600719999999, 51.3650669], [106.8181887, 51.36636649999999], [106.8232693, 51.3685794], [106.79603969999998, 51.373625399999995], [106.7828449, 51.381869], [106.78756169999998, 51.3901311], [106.795262, 51.391180199999994], [106.80338879999998, 51.39968079999999], [106.8184937, 51.4026142], [106.81730459999999, 51.3894234], [106.83786799999999, 51.3890193], [106.84680119999999, 51.39254570000001], [106.8609681, 51.39861369999999], [106.8768526, 51.40423559999999], [106.88399229999999, 51.40937139999998], [106.88506989999999, 51.4112709], [106.89094930000002, 51.4326361], [106.88435389999998, 51.432742299999994], [106.88718719999999, 51.43840529999999], [106.88769529999999, 51.44102249999999], [106.8875043, 51.4428589], [106.8951662, 51.444318800000005], [106.90611899999999, 51.4479329], [106.90760029999998, 51.4530759], [106.9140777, 51.453261999999995], [106.92109809999998, 51.469565], [106.92396259999998, 51.4805603], [106.95006289999999, 51.4885464], [106.9521878, 51.505470399999986], [106.9557262, 51.5085783], [106.9451897, 51.51987939999999], [106.9479296, 51.523042499999995], [106.96112619999998, 51.52703100000001], [106.9615847, 51.531482], [106.97056499999998, 51.5321232], [106.97189419999998, 51.538142900000004], [106.972446, 51.5391586], [106.97139489999999, 51.5395763], [106.9704636, 51.5396753], [106.9695679, 51.539356999999995], [106.9681488, 51.5386808], [106.967339, 51.5384944], [106.9665398, 51.5385578], [106.96531749999998, 51.539345], [106.9648845, 51.53921890000001], [106.96490209999999, 51.5377685], [106.9645687, 51.53747409999999], [106.96366069999999, 51.537489300000004], [106.9628564, 51.538052900000004], [106.9628677, 51.5389361], [106.96251099999999, 51.53934199999999], [106.9615818, 51.539490900000004], [106.9601808, 51.53923089999999], [106.9594638, 51.5393429], [106.9590235, 51.53966689999999], [106.95940279999999, 51.5404107], [106.95912849999999, 51.54086529999999], [106.9580323, 51.54148369999999], [106.9574433, 51.541460099999995], [106.9560567, 51.5409165], [106.9554434, 51.5403268], [106.95517589999999, 51.53969790000001], [106.95492759999999, 51.5382686], [106.9544868, 51.53795919999999], [106.95363769999999, 51.5381068], [106.95359959999999, 51.539090800000004], [106.9534024, 51.5394774], [106.9520747, 51.539682799999994], [106.9505925, 51.540024200000005], [106.95031149999998, 51.5403289], [106.9511413, 51.540981800000004], [106.9510227, 51.5413338], [106.9504206, 51.54162720000001], [106.9495572, 51.541441400000004], [106.94890549999998, 51.5412023], [106.9487249, 51.5413552], [106.94889379999998, 51.5428026], [106.9484215, 51.543010499999994], [106.94769449999998, 51.54288909999999], [106.9473118, 51.5420621], [106.94690899999999, 51.542018799999994], [106.9463771, 51.54271099999999], [106.9460018, 51.5426838], [106.94523119999998, 51.54216339999999], [106.9445697, 51.5423243], [106.9439149, 51.5426351], [106.94293, 51.5427348], [106.9423132, 51.5433117], [106.9412404, 51.54322959999999], [106.9395427, 51.5429075], [106.9390684, 51.5430654], [106.93909019999998, 51.543581699999976], [106.9388877, 51.54385179999999], [106.9379009, 51.54390139999999], [106.9376717, 51.54417190000001], [106.9376347, 51.544555900000006], [106.9374007, 51.5447097], [106.9369992, 51.5446998], [106.93663489999999, 51.5443057], [106.936344, 51.5443772], [106.936228, 51.54479580000001], [106.93575079999998, 51.544886999999996], [106.93523479999999, 51.54469550000001], [106.93469, 51.545087800000005], [106.9338605, 51.5450682], [106.93365259999999, 51.5458383], [106.93274569999998, 51.5458866], [106.9322257, 51.54622859999999], [106.9317953, 51.54616899999999], [106.93135889999999, 51.5459595], [106.93097, 51.54624930000001], [106.93046399999999, 51.546290899999995], [106.92998579999998, 51.545732], [106.9295766, 51.54553879999999], [106.9289362, 51.54556600000001], [106.92888909999999, 51.5450834], [106.92878919999998, 51.544618400000004], [106.9281715, 51.5445451], [106.92801539999999, 51.5452811], [106.92769410000001, 51.5452696], [106.92625999999998, 51.54422660000001], [106.9256612, 51.544603099999996], [106.9248807, 51.5438492], [106.9213401, 51.54419049999999], [106.9207889, 51.5437996], [106.92007469999999, 51.543977999999996], [106.9189087, 51.542946900000004], [106.9184068, 51.5430885], [106.9182251, 51.54385820000001], [106.9178637, 51.5441641], [106.9171967, 51.544191600000005], [106.9161444, 51.5439589], [106.91575149999998, 51.54414849999999], [106.91558409999999, 51.544618], [106.9154548, 51.5447203], [106.9147018, 51.5446158], [106.91452049999998, 51.54475209999999], [106.9145078, 51.5450856], [106.9147362, 51.5454319], [106.91343119999999, 51.545553299999995], [106.91320369999998, 51.54522360000001], [106.9133731, 51.54480420000001], [106.91197329999999, 51.54488539999999], [106.90975909999999, 51.5494633], [106.907623, 51.55591499999999], [106.9077647, 51.55770449999999], [106.89136429999999, 51.5587618], [106.88824809999998, 51.5577702], [106.8817162, 51.553375100000004], [106.87656769999998, 51.55170749999999], [106.87388219999998, 51.55141700000001], [106.87013849999998, 51.5497683], [106.8779786, 51.54539290000001], [106.87521469999999, 51.544811999999986], [106.87234199999999, 51.545483000000004], [106.87221239999998, 51.54493500000001], [106.87198979999998, 51.54472189999999], [106.87214189999999, 51.5438694], [106.87179139999999, 51.54379170000001], [106.87108769999999, 51.5442363], [106.87094330000001, 51.5446219], [106.8702802, 51.54474909999999], [106.86966109999999, 51.544642399999994], [106.8684691, 51.5449112], [106.86800539999999, 51.5453354], [106.86755199999999, 51.5453593], [106.86703690000002, 51.5451842], [106.86592239999999, 51.5453851], [106.8655359, 51.5457414], [106.86454949999998, 51.545807], [106.8645433, 51.5463072], [106.8632316, 51.5462613], [106.8619936, 51.54671439999999], [106.8620072, 51.547047500000005], [106.8622633, 51.5474268], [106.86200909999998, 51.5477476], [106.86202619999999, 51.548164], [106.8617905, 51.54828440000001], [106.86097459999999, 51.54794720000001], [106.8606588, 51.548069000000005], [106.85978319999998, 51.54888290000001], [106.8593024, 51.5488906], [106.85926469999998, 51.5486245], [106.85959639999999, 51.5482358], [106.8590566, 51.5481111], [106.85813029999998, 51.54834230000001], [106.8581081, 51.54910949999999], [106.85586269999999, 51.550428399999994], [106.85430339999999, 51.55086969999999], [106.8537813, 51.55117799999999], [106.85325299999998, 51.551336400000004], [106.85241919999999, 51.55121619999999], [106.8520056, 51.550906], [106.85144919999999, 51.5510316], [106.85106159999998, 51.55135429999999], [106.85076340000002, 51.551259], [106.85068769999998, 51.55071019999999], [106.8502568, 51.550633600000005], [106.8497479, 51.550608399999994], [106.8494662, 51.550912699999984], [106.85012549999999, 51.551352300000005], [106.8500603, 51.55172009999999], [106.8490802, 51.5512856], [106.84835769999998, 51.55126349999998], [106.84761040000001, 51.5506421], [106.84713089999998, 51.5506829], [106.84566639999998, 51.5514894], [106.84497189999999, 51.5515003], [106.84439649999999, 51.5511593], [106.8437519, 51.5510861], [106.8418519, 51.5516993], [106.84115060000002, 51.5522103], [106.8404599, 51.55232109999999], [106.84024299999999, 51.5529079], [106.83984759999998, 51.5530475], [106.83887219999998, 51.55206269999999], [106.83847069999999, 51.5520524], [106.8382297, 51.552706], [106.83790509999999, 51.5532779], [106.83740009999998, 51.553352499999995], [106.8373226, 51.5527536], [106.83657789999998, 51.552848700000006], [106.83621380000001, 51.552437700000006], [106.8358959, 51.55250939999999], [106.8355433, 51.5530482], [106.8351673, 51.5543374], [106.8344812, 51.55389819999999], [106.83424150000002, 51.5545854], [106.8332249, 51.5545679], [106.83259150000002, 51.5547777], [106.83215879999999, 51.5553178], [106.8311573, 51.5550169], [106.83060099999999, 51.55514219999999], [106.8301388, 51.555616099999995], [106.82890089999998, 51.5560854], [106.82828689999998, 51.55544499999999], [106.82783539999998, 51.55551869999999], [106.8279456, 51.55626699999999], [106.82769369999998, 51.556654300000005], [106.82723609999998, 51.556578], [106.8271748, 51.5557123], [106.82680069999999, 51.55571809999999], [106.82636569999998, 51.55620819999999], [106.8257786, 51.556233999999996], [106.82567039999999, 51.5568692], [106.8248879, 51.55669799999999], [106.8244605, 51.55670469999999], [106.82428679999998, 51.5570406], [106.8244905, 51.5574542], [106.8239286, 51.558112900000005], [106.8228937, 51.558979], [106.82276199999998, 51.559697799999995], [106.82210389999999, 51.5599579], [106.82192949999998, 51.5602774], [106.8220837, 51.5607916], [106.8206941, 51.561479899999995], [106.8202336, 51.56200379999999], [106.81983279999999, 51.56201], [106.81895959999999, 51.561573499999994], [106.8185667, 51.56177970000001], [106.81900609999998, 51.5627396], [106.81872809999999, 51.5631439], [106.818171, 51.5632524], [106.8170272, 51.56273689999999], [106.8164073, 51.562613199999994], [106.81614919999998, 51.562850399999995], [106.81598449999998, 51.5640863], [106.81516929999998, 51.564432399999994], [106.81491929999999, 51.5648696], [106.81382419999998, 51.5649032], [106.81365109999999, 51.56525599999999], [106.81328879999998, 51.56556150000001], [106.81264519999999, 51.565521399999994], [106.8121008, 51.5652798], [106.81170329999999, 51.56536930000001], [106.81100609999999, 51.56599670000001], [106.8097927, 51.5664154], [106.8095987, 51.56691860000001], [106.80879929999999, 51.569014300000006], [106.80834559999998, 51.56903789999999], [106.80715969999999, 51.56880619999999], [106.8068279, 51.5692113], [106.80561679999998, 51.56969660000001], [106.80456939999999, 51.57026280000001], [106.8046368, 51.57061169999999], [106.80505039999998, 51.57092209999999], [106.8050087, 51.571222699999986], [106.8037336, 51.57144219999999], [106.8037462, 51.57175879999999], [106.80440749999998, 51.572248599999995], [106.80439719999998, 51.5726655], [106.80351009999998, 51.57322920000001], [106.80218399999998, 51.5735162], [106.7993099, 51.5745605], [106.79816429999998, 51.5746779], [106.7976167, 51.5750364], [106.7970601, 51.57584489999999], [106.79675829999998, 51.5763328], [106.79606129999999, 51.57629359999999], [106.7955255, 51.57626839999999], [106.79512909999998, 51.57639119999999], [106.7952477, 51.57668929999999], [106.79574479999998, 51.577081799999995], [106.7953588, 51.57747100000001], [106.79442179999998, 51.577451999999994], [106.79397389999998, 51.577625499999996], [106.79353969999998, 51.5781488], [106.7925388, 51.577864100000006], [106.79173999999999, 51.5779597], [106.7734818, 51.56831160000001], [106.7726848, 51.561573499999994], [106.7774925, 51.55800059999999], [106.7621743, 51.5508149], [106.72293469999998, 51.580690099999984], [106.67249419999999, 51.5639198], [106.66298610000001, 51.5616798], [106.65596130000002, 51.561529199999995], [106.65410999999999, 51.562096999999994], [106.65150519999999, 51.564008599999994], [106.6495643, 51.56395260000001], [106.64442739999998, 51.56239970000001], [106.6356524, 51.55818889999999], [106.6291747, 51.55836250000001], [106.626759, 51.5581043], [106.62255729999998, 51.5564958], [106.6127245, 51.5506312], [106.61018159999999, 51.550541100000004], [106.6064149, 51.551759600000004], [106.6035304, 51.555257399999995], [106.6024736, 51.557521799999996], [106.602124, 51.558985], [106.5870013, 51.550857], [106.58056099999999, 51.5482356], [106.5751727, 51.5508915], [106.570086, 51.55262640000001], [106.56697349999999, 51.553459600000004], [106.5607648, 51.5536674], [106.5560141, 51.5535221], [106.5463019, 51.5509422], [106.5427261, 51.5499476], [106.5408585, 51.5500555], [106.53894069999998, 51.55066399999999], [106.53665099999999, 51.5541108], [106.53525139999999, 51.5562124], [106.5322148, 51.5593355], [106.53004189999999, 51.560322199999995], [106.5225444, 51.562003000000004], [106.51760909999999, 51.562358599999996], [106.5158451, 51.56358980000001], [106.51300029999999, 51.56650150000001], [106.51146089999999, 51.564438], [106.5067179, 51.560498999999986], [106.5042236, 51.55986430000001], [106.4998952, 51.560378], [106.493253, 51.5596295], [106.48882799999998, 51.5592275], [106.48666799999998, 51.55858810000001], [106.4832783, 51.557131], [106.48019270000002, 51.556795], [106.4775882, 51.556869500000005], [106.4746834, 51.55798939999999], [106.4723987, 51.55968480000001], [106.46983059999998, 51.5629669], [106.46874079999999, 51.5685639], [106.46827330000002, 51.570653099999994], [106.46544489999998, 51.5741884], [106.463893, 51.5779161], [106.46322739999998, 51.582174499999994], [106.4553454, 51.582480800000006], [106.45137129999999, 51.58369669999999], [106.44896989999998, 51.5838931], [106.4454145, 51.5835619], [106.44114369999998, 51.58386440000001], [106.43942909999998, 51.5846354], [106.43693319999998, 51.5860826], [106.43470590000001, 51.58544329999998], [106.4312883, 51.585235000000004], [106.42921699999998, 51.58530189999998], [106.42649400000002, 51.5859182], [106.42467019999998, 51.5874822], [106.41841929999998, 51.595099499999996], [106.4163314, 51.59679129999999], [106.41499819999999, 51.59909909999999], [106.41384139999998, 51.6027796], [106.4126131, 51.6041695], [106.4108371, 51.6051491], [106.40582669999999, 51.6075842]]]]}}, {"type": "Feature", "properties": {"id": "mo-81618000", "name": "Заиграевский муниципальный район", "region": "Республика Бурятия", "isCity": false, "sourceOktmo": "81-618-000-000", "sourceAgg": "Улан-Удэ", "excelNames": ["Заиграевский муниципальный район"], "oktmo": "81618000", "vgp": [{"year": 2019, "value": 17337384.714343697}, {"year": 2020, "value": 18209519.899675477}, {"year": 2021, "value": 16574049.293503758}, {"year": 2022, "value": 25740530.727280866}, {"year": 2023, "value": 26138686.02003971}, {"year": 2024, "value": 27592462.03225671}], "population": [{"year": 2019, "value": 51136.0}, {"year": 2020, "value": 51501.0}, {"year": 2021, "value": 51326.0}, {"year": 2022, "value": 50675.0}, {"year": 2023, "value": 50806.0}, {"year": 2024, "value": 50607.0}, {"year": 2025, "value": 50689.0}], "shipments": [{"year": 2019, "value": 4264787.3}, {"year": 2020, "value": 5493607.2}, {"year": 2021, "value": 5473505.3}, {"year": 2022, "value": 4788071.5}, {"year": 2023, "value": 6428134.2}, {"year": 2024, "value": 7026645.2}], "employees": [{"year": 2019, "value": 7629.0}, {"year": 2020, "value": 7608.0}, {"year": 2021, "value": 7395.0}, {"year": 2022, "value": 7219.0}, {"year": 2023, "value": 7038.0}, {"year": 2024, "value": 6932.0}], "investments": [{"year": 2019, "value": 0.0}, {"year": 2020, "value": 0.0}, {"year": 2021, "value": 1576285.96}, {"year": 2022, "value": 2191140.0}, {"year": 2023, "value": 2193000.0}, {"year": 2024, "value": 425787.60000000003}], "vgp2024": 27592462.03225671, "pop2024": 50607.0, "ship2024": 7026645.2, "emp2024": 6932.0, "inv2024": 425787.60000000003}, "geometry": {"type": "MultiPolygon", "coordinates": [[[[107.76682469999999, 51.852465599999995], [107.7663995, 51.8547753], [107.7631422, 51.860580399999996], [107.76010899999999, 51.86660899999999], [107.759988, 51.86843820000001], [107.76906239999998, 51.8688467], [107.7693231, 51.87018210000001], [107.77138629999999, 51.871240699999994], [107.77320679999998, 51.87254579999999], [107.77394209999999, 51.87689030000001], [107.7739744, 51.8770939], [107.77400559999998, 51.877268599999994], [107.76868269999999, 51.8769902], [107.7637867, 51.8767745], [107.7578628, 51.87663039999999], [107.7567215, 51.876582599999985], [107.75653609999999, 51.878054999999996], [107.7549466, 51.879950099999995], [107.75157559999998, 51.88273790000001], [107.75178329999999, 51.883760099999996], [107.73280819999998, 51.8812818], [107.7326953, 51.88269209999999], [107.7322354, 51.8879323], [107.73219869999998, 51.88904740000001], [107.72977600000002, 51.8893062], [107.7255154, 51.889322], [107.7223058, 51.8892547], [107.7133389, 51.88913769999999], [107.7047798, 51.889079699999996], [107.7032967, 51.889078999999995], [107.69693849999999, 51.889049], [107.69657729999999, 51.8898993], [107.6981118, 51.890781], [107.7012678, 51.89062510000001], [107.70453369999998, 51.8911751], [107.7071348, 51.89299049999998], [107.70831859999998, 51.8947551], [107.7082567, 51.89596509999999], [107.7064268, 51.9002578], [107.70662379999999, 51.901295], [107.70796959999998, 51.9023892], [107.7141894, 51.9038711], [107.716542, 51.90490020000001], [107.72142639999998, 51.9099129], [107.7248499, 51.91637620000001], [107.72574389999998, 51.9188975], [107.72567750000002, 51.9200242], [107.7246763, 51.921297499999994], [107.7223021, 51.92326940000001], [107.7210719, 51.9252149], [107.72144679999998, 51.9269565], [107.72452759999999, 51.9333026], [107.7266514, 51.936087199999996], [107.73041179999998, 51.93916699999999], [107.7312459, 51.940689500000005], [107.7297547, 51.9438911], [107.728984, 51.9467428], [107.726756, 51.948919800000006], [107.7264797, 51.949926299999994], [107.7272391, 51.9513255], [107.7310959, 51.95486149999999], [107.7303671, 51.957295499999994], [107.7286943, 51.9586261], [107.7251553, 51.9603333], [107.72400860000002, 51.961443299999985], [107.72360519999998, 51.962577800000005], [107.7208623, 51.9651833], [107.71343919999998, 51.969605300000005], [107.71246269999999, 51.97354489999999], [107.712058, 51.9780131], [107.72986859999999, 51.990144599999994], [107.73263259999999, 51.993414200000004], [107.7332634, 52.0004421], [107.73268369999998, 52.00533120000001], [107.73291959999999, 52.0092011], [107.7346544, 52.0132864], [107.7365603, 52.015742399999986], [107.7389219, 52.0168126], [107.74125079999999, 52.017341800000004], [107.75062779999999, 52.0171647], [107.75321620000001, 52.017520999999995], [107.75585489999999, 52.0197929], [107.75731230000001, 52.0204255], [107.7628346, 52.0212545], [107.7650545, 52.022202500000006], [107.77127579999998, 52.0266818], [107.77674589999998, 52.0310118], [107.77867619999999, 52.03163299999999], [107.7823918, 52.03162859999999], [107.78627629999998, 52.0310784], [107.79087129999999, 52.030011], [107.79600619999998, 52.0300143], [107.798453, 52.0313313], [107.80184209999999, 52.0325842], [107.8077713, 52.03340149999999], [107.8134776, 52.033890299999996], [107.8187941, 52.0335548], [107.8247065, 52.0319545], [107.82659029999999, 52.031826], [107.8281496, 52.0319136], [107.83086759999999, 52.03643220000001], [107.83389859999998, 52.03948470000001], [107.8380895, 52.041634099999996], [107.8463172, 52.0445609], [107.84966079999998, 52.04506349999998], [107.8534967, 52.04480389999999], [107.85831799999998, 52.0441035], [107.86134639999999, 52.043904999999995], [107.8651703, 52.044520399999996], [107.86820069999999, 52.0454051], [107.86975180000002, 52.0464091], [107.8729628, 52.047997699999996], [107.8776453, 52.0493419], [107.8855807, 52.05081469999998], [107.887894, 52.051049600000006], [107.89186759999998, 52.0508271], [107.896713, 52.0515416], [107.898948, 52.05265330000001], [107.90257069999998, 52.05639800000001], [107.90434709999998, 52.0587713], [107.90549189999999, 52.060785], [107.90683649999998, 52.06171030000001], [107.9093965, 52.0626055], [107.91397059999998, 52.0632842], [107.91613319999999, 52.06327230000001], [107.9195898, 52.0644369], [107.9226902, 52.0653185], [107.92751569999999, 52.06569859999998], [107.9319206, 52.06688100000001], [107.93643619999999, 52.0676852], [107.939008, 52.068746299999994], [107.94058049999998, 52.07004059999999], [107.94241709999999, 52.073287], [107.94388979999998, 52.0771675], [107.9443461, 52.07998979999999], [107.94529519999999, 52.08104959999999], [107.94765989999999, 52.0820322], [107.9507619, 52.08291309999999], [107.9550328, 52.083056], [107.9606695, 52.08237269999999], [107.96951849999999, 52.0821916], [107.97678939999999, 52.08167469999999], [107.9801685, 52.081631], [107.9825597, 52.081987], [107.98534139999998, 52.0831252], [107.9918414, 52.08625239999999], [107.9957968, 52.08773550000001], [107.99749310000001, 52.08881749999999], [107.9983956, 52.09016990000001], [107.998893, 52.091532400000006], [107.99796809999998, 52.0948898], [107.9981841, 52.096092899999995], [107.9990337, 52.0966547], [108.0005929, 52.0966983], [108.00433859999998, 52.09384], [108.0051663, 52.09373969999999], [108.01173259999999, 52.095241400000006], [108.01714289999998, 52.0958641], [108.02013960000001, 52.096728799999994], [108.0242427, 52.0972573], [108.0312982, 52.0978399], [108.0339454, 52.0985337], [108.0372496, 52.0994765], [108.0418068, 52.10009670000001], [108.04547319999999, 52.10102809999999], [108.0439141, 52.1037401], [108.04360299999999, 52.104966199999986], [108.04427719999998, 52.10718789999999], [108.04493879999998, 52.10910599999999], [108.04893999999999, 52.1141823], [108.04924469999999, 52.1150396], [108.0487276, 52.1164021], [108.0464645, 52.1193189], [108.04668639999998, 52.120436999999995], [108.04995429999998, 52.1236946], [108.0499038, 52.1279411], [108.04631939999999, 52.1344255], [108.0458536, 52.1364972], [108.04617119999999, 52.13765810000001], [108.04688870000001, 52.139233700000005], [108.04722449999998, 52.142357200000006], [108.04705069999999, 52.144982500000005], [108.0482683, 52.145215199999996], [108.05600339999998, 52.1438411], [108.0592667, 52.14296170000001], [108.06405949999998, 52.142575499999985], [108.0688644, 52.143251399999976], [108.0723863, 52.1434401], [108.07522270000001, 52.1428025], [108.079822, 52.1416018], [108.08120369999999, 52.141838299999996], [108.0845544, 52.14338769999999], [108.0862707, 52.14479560000001], [108.0884136, 52.147225199999994], [108.08906580000001, 52.14907199999999], [108.08929259999998, 52.1508049], [108.0894951, 52.15231899999999], [108.08911779999998, 52.15406949999999], [108.08732119999999, 52.1564018], [108.08702509999999, 52.15841719999999], [108.087806, 52.1603077], [108.09561069999998, 52.165456], [108.09922519999999, 52.1685487], [108.1013943, 52.1688348], [108.1166573, 52.17062489999999], [108.1238285, 52.17292410000001], [108.12626929999999, 52.17333750000001], [108.1310355, 52.1734031], [108.1426025, 52.175150499999994], [108.14561059999998, 52.17607689999999], [108.147995, 52.1770003], [108.15130719999999, 52.17794009999999], [108.15652819999998, 52.17862240000001], [108.1668544, 52.179225], [108.1711849, 52.17968290000001], [108.17529369999998, 52.1810456], [108.1782527, 52.182380599999995], [108.18082589999999, 52.1846167], [108.18230909999998, 52.187180500000004], [108.18357939999999, 52.19181249999998], [108.1907246, 52.19071889999999], [108.1950004, 52.189455200000005], [108.19769269999999, 52.18850789999998], [108.20417089999998, 52.184919699999995], [108.2083448, 52.182641999999994], [108.21268579999999, 52.17900269999999], [108.21694989999999, 52.1739456], [108.2190189, 52.17321559999999], [108.2230871, 52.17312949999999], [108.2252982, 52.17328259999999], [108.2300181, 52.1754163], [108.2331171, 52.175843099999994], [108.2431493, 52.179870599999994], [108.24734979999998, 52.18244649999998], [108.2493566, 52.18325180000001], [108.2512522, 52.18319499999999], [108.2530303, 52.1823768], [108.2562309, 52.182501900000005], [108.25979559999999, 52.18339379999999], [108.2667678, 52.185598600000006], [108.2698003, 52.1860532], [108.271702, 52.18670389999999], [108.2808528, 52.1915169], [108.28247759999999, 52.19185780000001], [108.28694519999999, 52.1914549], [108.2921984, 52.19031150000001], [108.2944957, 52.19041489999999], [108.30542239999998, 52.194760999999986], [108.31202629999999, 52.1971366], [108.3169984, 52.199565699999994], [108.32251230000001, 52.20339249999999], [108.3285954, 52.20762630000001], [108.330453, 52.209589900000005], [108.33195439999999, 52.211907999999994], [108.33271309999999, 52.2130795], [108.33449669999999, 52.219036100000004], [108.3343605, 52.2213084], [108.3338434, 52.2230667], [108.3267799, 52.23099729999999], [108.3234547, 52.2369898], [108.32073179999999, 52.24117549999999], [108.3196138, 52.243324400000006], [108.31680459999998, 52.246193399999996], [108.31842249999998, 52.246685299999996], [108.32353209999998, 52.2466496], [108.32509229999998, 52.24673549999999], [108.32907469999999, 52.247634899999994], [108.3331029, 52.2477765], [108.3370744, 52.2485944], [108.3440949, 52.2485706], [108.34530169999998, 52.248779799999994], [108.3519795, 52.2517414], [108.3544922, 52.25382020000001], [108.3585854, 52.2542661], [108.36164019999998, 52.25554799999999], [108.3662362, 52.25585279999999], [108.36609710000002, 52.2568104], [108.3652128, 52.25921780000001], [108.3651812, 52.2611387], [108.36875899999998, 52.2633422], [108.37035009999998, 52.2657037], [108.3713963, 52.26891260000001], [108.37142499999999, 52.2726045], [108.37188169999999, 52.2746373], [108.37338919999999, 52.275631600000004], [108.37716279999998, 52.27733369999999], [108.378711, 52.27903659999999], [108.37904589999998, 52.28313990000001], [108.3794297, 52.2850193], [108.38217970000001, 52.288720999999995], [108.3943522, 52.296271700000005], [108.3966987, 52.2984472], [108.39639839999998, 52.2993507], [108.3937521, 52.3022757], [108.3901482, 52.3074549], [108.3879181, 52.3117035], [108.38570649999998, 52.314233400000006], [108.3847723, 52.3160834], [108.384674, 52.317750000000004], [108.3863917, 52.3194061], [108.3928626, 52.32162230000001], [108.3978885, 52.3245648], [108.4000104, 52.3249655], [108.4039755, 52.3249011], [108.41096340000001, 52.32535790000001], [108.41527869999999, 52.3263625], [108.41728919999998, 52.3272662], [108.4177456, 52.33076510000001], [108.41846099999998, 52.332651600000005], [108.4208547, 52.335485], [108.42389969999999, 52.338484199999996], [108.4265683, 52.3422841], [108.43037949999999, 52.344895199999996], [108.4340356, 52.3487671], [108.43762789999998, 52.353749799999996], [108.440681, 52.3566476], [108.4425094, 52.36073239999998], [108.4452634, 52.36453369999999], [108.4472356, 52.3661438], [108.45069569999998, 52.3677354], [108.45273209999999, 52.3682344], [108.45696580000002, 52.37044939999999], [108.4600548, 52.37132479999999], [108.46558960000002, 52.3730618], [108.4681563, 52.372965], [108.4791159, 52.3691038], [108.48329299999999, 52.3682827], [108.48642519999999, 52.3684], [108.48998329999999, 52.371206099999995], [108.49329169999999, 52.372591], [108.5000207, 52.3733909], [108.509658, 52.37389790000001], [108.51126839999999, 52.3731734], [108.5146219, 52.3664179], [108.5149601, 52.3648069], [108.5147177, 52.3617681], [108.51503340000001, 52.36056120000001], [108.5168393, 52.3592846], [108.51816169999998, 52.3577955], [108.51860759999998, 52.355731899999995], [108.5196879, 52.3541365], [108.51926319999998, 52.35139720000001], [108.5198147, 52.35039749999999], [108.5216885, 52.349374999999995], [108.52759479999999, 52.3485886], [108.5307876, 52.34759350000001], [108.533363, 52.3458271], [108.53712719999999, 52.3416786], [108.5400534, 52.34131479999999], [108.55068329999999, 52.3401706], [108.55453209999999, 52.3392391], [108.55664639999999, 52.3383222], [108.55696900000001, 52.33696359999999], [108.5570509, 52.333982199999994], [108.552405, 52.3254419], [108.55146059999998, 52.324613400000004], [108.54772489999999, 52.3235245], [108.5458191, 52.3221703], [108.54476609999999, 52.32032809999999], [108.54601659999999, 52.3141349], [108.54682239999998, 52.312988600000004], [108.55208479999999, 52.310317], [108.55328009999998, 52.3095833], [108.55503119999999, 52.3077487], [108.5571633, 52.3064781], [108.55925759999998, 52.3043978], [108.5611981, 52.30211209999999], [108.5658458, 52.294067299999995], [108.56694769999999, 52.29201699999999], [108.5683851, 52.28835540000001], [108.5746312, 52.2872198], [108.59927179999998, 52.28135259999999], [108.62186269999998, 52.28438859999999], [108.6392741, 52.2809965], [108.6401995, 52.2744418], [108.64098619999999, 52.273598], [108.64352329999998, 52.272384699999996], [108.64536539999999, 52.2687304], [108.64642299999998, 52.267436899999986], [108.6503472, 52.26180140000001], [108.67748079999998, 52.2550576], [108.67795399999999, 52.2491511], [108.71482509999998, 52.24021350000001], [108.7637865, 52.229623399999994], [108.7647552, 52.2250912], [108.79722679999999, 52.224438000000006], [108.83555959999998, 52.194658800000006], [108.8786244, 52.18184029999998], [108.89894479999998, 52.167794], [108.8965731, 52.16578], [108.8950979, 52.163933400000005], [108.89269939999998, 52.1607558], [108.8903762, 52.15773119999999], [108.8879039, 52.1561195], [108.88525659999999, 52.151268599999995], [108.88369079999998, 52.1496225], [108.88295359999998, 52.147839700000006], [108.88255419999999, 52.1458606], [108.88286099999999, 52.139394199999984], [108.88139769999998, 52.13906459999998], [108.88020440000001, 52.13823409999999], [108.8785736, 52.1345138], [108.876808, 52.1319034], [108.8754699, 52.13066580000001], [108.87184340000002, 52.129184699999996], [108.8701415, 52.128699], [108.86816909999999, 52.12871380000001], [108.867044, 52.1281878], [108.86457689999999, 52.12652510000001], [108.86061299999999, 52.125239799999996], [108.8593385, 52.1244077], [108.85802529999998, 52.1243838], [108.85240769999999, 52.1250401], [108.8510294, 52.1246611], [108.84848809999998, 52.12284509999999], [108.84663789999999, 52.1203337], [108.8422951, 52.11671489999999], [108.8388067, 52.1141229], [108.83374999999998, 52.1117042], [108.8312971, 52.1097884], [108.8269624, 52.107736499999994], [108.82479229999998, 52.108455], [108.82249019999999, 52.1085137], [108.8209363, 52.10838369999999], [108.8191561, 52.107845199999986], [108.8170772, 52.106694399999995], [108.8116972, 52.1058867], [108.8105437, 52.10596640000001], [108.8071355, 52.10681319999999], [108.8062405, 52.1066448], [108.79930709999998, 52.104038], [108.79504609999998, 52.10552580000001], [108.79123890000001, 52.10579829999999], [108.7791418, 52.0911303], [108.79447989999998, 52.0820542], [108.79060829999999, 52.076523], [108.77164899999998, 52.049416099999995], [108.7605939, 52.042531999999994], [108.7640712, 52.030361799999994], [108.7797141, 52.0240339], [108.78659269999999, 52.0142024], [108.78027079999998, 52.00948220000001], [108.7733858, 52.01612769999998], [108.7654442, 52.0159772], [108.763036, 52.0116842], [108.75552, 52.0112378], [108.73838869999999, 52.014601299999995], [108.71905089999998, 52.0000703], [108.71686989999999, 51.9978538], [108.7157578, 51.9971749], [108.7142188, 51.99522359999999], [108.7115822, 51.9891047], [108.7097724, 51.98765379999999], [108.7074842, 51.98755859999999], [108.7059399, 51.9873262], [108.70547239999999, 51.9868621], [108.70572379999999, 51.9851478], [108.7044028, 51.983756799999995], [108.70202349999998, 51.982244099999996], [108.69469080000002, 51.9799264], [108.688692, 51.978747000000006], [108.67784079999998, 51.9764096], [108.67278429999999, 51.9738119], [108.6756115, 51.973604899999984], [108.678895, 51.97217289999999], [108.6811355, 51.9706395], [108.68307239999999, 51.969908999999994], [108.68572749999998, 51.96986009999999], [108.6875723, 51.9702807], [108.68873659999998, 51.9715171], [108.6894026, 51.97289539999999], [108.6922873, 51.97411499999999], [108.69464889999999, 51.974363499999995], [108.69672999999999, 51.97369629999999], [108.69830729999998, 51.9732721], [108.69969249999998, 51.9734004], [108.7011249, 51.97420700000001], [108.7028648, 51.9747668], [108.7049059, 51.973916700000004], [108.7056059, 51.972393200000006], [108.7051577, 51.967388699999994], [108.70133319999998, 51.9653421], [108.69810869999999, 51.96436899999999], [108.6979487, 51.9626972], [108.69188870000002, 51.9547915], [108.6854729, 51.9442999], [108.67576389999999, 51.942187], [108.6822854, 51.9362984], [108.6815323, 51.933452], [108.6817391, 51.931029], [108.68268639999998, 51.9285194], [108.6843272, 51.9268325], [108.6873777, 51.924768799999995], [108.69064959999999, 51.92316439999999], [108.69328319999998, 51.92124399999999], [108.69406, 51.9204502], [108.6955058, 51.9193661], [108.6961577, 51.917811400000005], [108.6985949, 51.9149264], [108.69960950000001, 51.9126707], [108.7010809, 51.91108140000001], [108.7027761, 51.909901], [108.70557889999999, 51.90944999999999], [108.7032799, 51.90804000000001], [108.70041369999998, 51.903332099999986], [108.6989242, 51.9020894], [108.6957095, 51.901015099999995], [108.6946232, 51.899881300000004], [108.6902512, 51.89109859999999], [108.68894639999999, 51.8871985], [108.6884799, 51.88580499999999], [108.6885176, 51.8834796], [108.6896009, 51.881478400000006], [108.6968356, 51.87580530000001], [108.69649049999998, 51.87296690000001], [108.69513649999999, 51.8690974], [108.69340179999999, 51.8662824], [108.6911041, 51.86330439999999], [108.7023203, 51.8579621], [108.7057852, 51.8572712], [108.7075448, 51.85639530000001], [108.7093754, 51.85572299999999], [108.7121921, 51.853932], [108.7180999, 51.84952159999999], [108.7274979, 51.8493495], [108.7333271, 51.8487035], [108.7387151, 51.8470882], [108.74814869999999, 51.8429206], [108.7503674, 51.840990999999995], [108.7623091, 51.8405111], [108.7669501, 51.84075080000001], [108.77377819999998, 51.8413356], [108.7782713, 51.841268799999995], [108.7838418, 51.84086820000001], [108.7860192, 51.839746299999995], [108.786168, 51.83671519999999], [108.78781359999999, 51.8364429], [108.79295849999998, 51.83638779999999], [108.8004507, 51.835061899999985], [108.80479269999998, 51.83640700000001], [108.8068741, 51.8389236], [108.80910849999998, 51.83997649999999], [108.814148, 51.8404242], [108.81661389999998, 51.84006550000001], [108.8193688, 51.8388019], [108.82204689999999, 51.8374358], [108.82494119999998, 51.8349611], [108.82542939999999, 51.83330159999999], [108.82565199999999, 51.830372999999994], [108.8282212, 51.8329488], [108.83134069999998, 51.8342704], [108.8357078, 51.83510939999999], [108.84099620000002, 51.83545929999999], [108.8512759, 51.8372658], [108.85543509999998, 51.8373417], [108.86409129999998, 51.835527199999994], [108.86880909999998, 51.83586559999999], [108.87095099999999, 51.83544940000001], [108.8782438, 51.8331035], [108.88380069999998, 51.8329509], [108.88567379999999, 51.8330352], [108.887125, 51.833415200000005], [108.88969549999999, 51.8325512], [108.89091269999999, 51.830955], [108.8919842, 51.82723260000001], [108.89533039999999, 51.8254722], [108.8967369, 51.8268121], [108.8988984, 51.8277102], [108.9018959, 51.829938], [108.9045654, 51.830440599999996], [108.90912939999998, 51.8305725], [108.9130902, 51.8296315], [108.91437879999998, 51.8282387], [108.91630189999998, 51.8258254], [108.9183486, 51.82532569999999], [108.92038219999999, 51.82546279999998], [108.9217054, 51.8250817], [108.9230564, 51.82409429999999], [108.92836489999999, 51.822216100000006], [108.934812, 51.8204081], [108.9394982, 51.8196307], [108.94432409999999, 51.81936120000001], [108.95283970000001, 51.82229079999999], [108.95969429999998, 51.82407859999999], [108.9615149, 51.82532359999999], [108.9636002, 51.8279385], [108.96629249999998, 51.83157510000001], [108.96810879999998, 51.8329211], [108.9729836, 51.83340979999999], [108.9745105, 51.8339416], [108.9763228, 51.8353887], [108.9785882, 51.8376524], [108.9799499, 51.83823199999999], [108.98829399999998, 51.83781889999999], [108.98997009999998, 51.8368363], [108.99237519999998, 51.8341469], [108.99419329999999, 51.8318015], [108.99602999999999, 51.8308721], [109.01860539999998, 51.83155809999999], [109.0222403, 51.832043999999996], [109.0276818, 51.833025299999996], [109.03063529999999, 51.8326703], [109.035678, 51.8311872], [109.0442994, 51.8280949], [109.0489336, 51.826604499999995], [109.05560699999998, 51.8270184], [109.058285, 51.827366000000005], [109.0601716, 51.83093649999999], [109.06155139999998, 51.831111], [109.06440999999998, 51.831057], [109.0706743, 51.831513900000004], [109.0746166, 51.832842500000005], [109.07707989999999, 51.83632109999999], [109.0777064, 51.838859400000004], [109.08029259999999, 51.8433006], [109.08648409999999, 51.849367799999996], [109.0877659, 51.849944900000004], [109.0910166, 51.850301], [109.09412539999998, 51.85014919999999], [109.0974337, 51.849525299999996], [109.10143349999998, 51.84915509999999], [109.1045739, 51.8482451], [109.11022119999998, 51.845959500000006], [109.1145245, 51.8445623], [109.1201139, 51.8436405], [109.128799, 51.84286900000001], [109.1330493, 51.84273420000001], [109.1373623, 51.84305539999999], [109.1485465, 51.8430297], [109.1614752, 51.836255], [109.16317219999999, 51.8346636], [109.16514759999998, 51.8362619], [109.16989650000001, 51.83790319999998], [109.17475349999998, 51.84091130000001], [109.17687059999999, 51.8410454], [109.17887719999999, 51.839862899999986], [109.1800618, 51.8388195], [109.18258859999999, 51.8389091], [109.18641029999999, 51.839271399999994], [109.18862689999999, 51.8389518], [109.1909677, 51.837571999999994], [109.192839, 51.8356795], [109.1960263, 51.83557669999999], [109.198442, 51.834349700000004], [109.19981839999998, 51.83462349999999], [109.2006653, 51.8359006], [109.20363089999998, 51.8372605], [109.20615950000001, 51.83729919999999], [109.21097019999999, 51.837423], [109.21534689999999, 51.83819729999998], [109.2188046, 51.83951379999999], [109.22401539999998, 51.8419185], [109.23501579999999, 51.84658400000001], [109.23772259999998, 51.84834360000001], [109.2427114, 51.85231159999999], [109.2482908, 51.8579058], [109.25012259999998, 51.8590961], [109.2524717, 51.859586], [109.2558564, 51.860748599999994], [109.25646439999998, 51.8619205], [109.25797379999999, 51.8651282], [109.26139979999999, 51.867353], [109.26289799999999, 51.86874029999999], [109.26402309999999, 51.87133560000001], [109.2655896, 51.87307770000001], [109.26869769999999, 51.8729718], [109.2784157, 51.8708897], [109.27967309999998, 51.87004859999999], [109.28002549999998, 51.86851670000001], [109.2815306, 51.8684578], [109.2829307, 51.86900399999999], [109.283889, 51.87086859999999], [109.28513939999999, 51.8723531], [109.28739059999998, 51.873296], [109.2897735, 51.87292620000001], [109.29184689999998, 51.8720968], [109.29331829999998, 51.87206749999999], [109.30483649999998, 51.87637999999998], [109.31429259999999, 51.8812687], [109.31633919999999, 51.878972100000006], [109.32117109999999, 51.8764625], [109.3253546, 51.8781908], [109.3313214, 51.880298], [109.3333629, 51.8803269], [109.34522849999999, 51.8797865], [109.34827749999998, 51.8790709], [109.34819160000002, 51.87472149999999], [109.34976149999999, 51.8742379], [109.3573319, 51.8749506], [109.36229579999998, 51.87547490000001], [109.36427739999999, 51.87489579999999], [109.36545149999999, 51.874052600000006], [109.36589339999999, 51.8708734], [109.3709804, 51.863461], [109.37248219999998, 51.862571800000005], [109.3729415, 51.8611624], [109.3729401, 51.8589377], [109.37078679999999, 51.85299229999999], [109.3686335, 51.8493221], [109.3685403, 51.8451243], [109.36918349999999, 51.840886199999986], [109.3706724, 51.838075499999995], [109.37447079999998, 51.8345888], [109.37747449999999, 51.832759499999995], [109.37790979999998, 51.8320071], [109.37708529999999, 51.829973399999986], [109.3750463, 51.82766999999999], [109.37557949999999, 51.8264638], [109.37868769999999, 51.8239787], [109.38061409999999, 51.8203144], [109.3812683, 51.8179977], [109.38055089999999, 51.8152575], [109.37832579999998, 51.8113336], [109.3758876, 51.8065473], [109.37738609999998, 51.803433099999985], [109.37769599999999, 51.801617199999995], [109.3776254, 51.799037799999994], [109.3783209, 51.79783390000001], [109.3834664, 51.795326100000004], [109.3946654, 51.79224369999999], [109.4000417, 51.79011], [109.40045429999999, 51.7899462], [109.4065968, 51.7868443], [109.40893899999999, 51.785157], [109.4102994, 51.7835575], [109.4117824, 51.7807968], [109.4130966, 51.7781853], [109.41480389999998, 51.771332099999995], [109.41362089999998, 51.770203699999996], [109.41177059999998, 51.769521499999996], [109.4113067, 51.7688073], [109.41124670000002, 51.765874000000004], [109.4118401, 51.762899000000004], [109.4132673, 51.759379], [109.40893019999999, 51.75527550000001], [109.403578, 51.7522704], [109.40345609999999, 51.7511058], [109.40519839999999, 51.74789350000001], [109.40454229999999, 51.7457105], [109.4018913, 51.744663300000006], [109.3988844, 51.74447060000001], [109.3995642, 51.743670900000005], [109.3997666, 51.742561300000006], [109.3988451, 51.7409814], [109.39561479999999, 51.7379037], [109.39564159999999, 51.7371456], [109.39668289999999, 51.7353396], [109.3961337, 51.7324501], [109.3947947, 51.73116780000001], [109.38796489999999, 51.72632159999999], [109.38624810000002, 51.72422499999999], [109.38710699999999, 51.72297280000001], [109.387481, 51.72161289999998], [109.3871335, 51.7199395], [109.38515839999998, 51.7159685], [109.3831206, 51.71376649999999], [109.3776609, 51.70939340000001], [109.38099049999998, 51.7073158], [109.3798391, 51.705378499999995], [109.376526, 51.7024508], [109.37759389999998, 51.7021621], [109.37929839999998, 51.7022869], [109.3807028, 51.7016995], [109.38239259999999, 51.699952999999994], [109.383466, 51.6995129], [109.38501669999998, 51.6993825], [109.3862492, 51.6990455], [109.39061439999999, 51.6952627], [109.40449129999999, 51.691659900000005], [109.40379129999998, 51.69074020000001], [109.3993341, 51.68794930000001], [109.39761669999999, 51.6859034], [109.39675519999999, 51.68265569999999], [109.39627539999998, 51.6801211], [109.3963396, 51.6783018], [109.3949445, 51.6763614], [109.3917752, 51.673992199999994], [109.3909456, 51.672160600000005], [109.3923491, 51.666972], [109.39097929999998, 51.664324], [109.38945499999998, 51.6637469], [109.38189179999999, 51.661519399999996], [109.38094539999999, 51.6606973], [109.37844439999999, 51.6556067], [109.3762001, 51.6524407], [109.3718456, 51.6514704], [109.3638487, 51.64781980000001], [109.36231619999998, 51.6474951], [109.35403039999998, 51.64737920000001], [109.34730819999999, 51.64672869999999], [109.34579229999999, 51.645948799999985], [109.34515869999998, 51.6432602], [109.3438241, 51.6419773], [109.3415035, 51.6409839], [109.3359807, 51.6364563], [109.334938, 51.6360875], [109.33161009999999, 51.635989800000004], [109.32735729999999, 51.6367382], [109.3216677, 51.634583899999996], [109.3186434, 51.6328722], [109.31682979999998, 51.6313799], [109.31425879999999, 51.628410300000006], [109.31011349999999, 51.6262777], [109.2995924, 51.62304139999999], [109.2957219, 51.622277399999994], [109.2937319, 51.6211867], [109.2927975, 51.620111300000005], [109.29263969999998, 51.615659499999985], [109.29310709999999, 51.6096998], [109.29107830000001, 51.60749619999999], [109.2897067, 51.60509969999999], [109.28556539999998, 51.6007921], [109.2829626, 51.5966078], [109.28154799999999, 51.5953736], [109.2775464, 51.593848699999995], [109.27052809999999, 51.5926836], [109.26210569999999, 51.5921546], [109.25843929999999, 51.5903812], [109.2505839, 51.5877868], [109.24592559999999, 51.5865038], [109.24308809999998, 51.5864106], [109.2401601, 51.5865691], [109.23795129999999, 51.5849179], [109.2353097, 51.583968099999986], [109.23183729999998, 51.58351129999999], [109.22834169999999, 51.583660800000004], [109.22128389999999, 51.5752617], [109.2173853, 51.5753542], [109.2085808, 51.576383], [109.19850329999998, 51.578807499999996], [109.19343979999998, 51.5775667], [109.18756699999999, 51.57424000000001], [109.18352969999998, 51.5717], [109.1796231, 51.5699709], [109.17729349999999, 51.56937860000001], [109.1755987, 51.569149900000006], [109.1791415, 51.563744099999994], [109.17559629999998, 51.56313279999999], [109.17150599999998, 51.561956699999996], [109.16890779999999, 51.55999469999999], [109.1660909, 51.5574225], [109.16298439999998, 51.55600880000001], [109.16025249999998, 51.5553592], [109.15715799999998, 51.55566449999999], [109.1502124, 51.5569205], [109.14605040000001, 51.55953470000001], [109.14367329999999, 51.562126400000004], [109.1406192, 51.56738729999999], [109.1403245, 51.568646699999995], [109.12557759999999, 51.5582992], [109.12553179999999, 51.5574389], [109.12599759999999, 51.55597999999999], [109.12465669999999, 51.5530764], [109.12270939999999, 51.5511238], [109.11989139999999, 51.55062360000001], [109.11357989999999, 51.5502695], [109.11360759999998, 51.5476406], [109.1127726, 51.54626189999999], [109.10679280000001, 51.54378909999999], [109.10035510000002, 51.540651], [109.096013, 51.539771599999995], [109.0906778, 51.53938149999999], [109.0859376, 51.5402649], [109.0766444, 51.53758479999999], [109.0779707, 51.534977100000006], [109.07817929999999, 51.5319466], [109.0775313, 51.53001449999999], [109.0760899, 51.5276649], [109.07251309999998, 51.5240667], [109.0695971, 51.5220973], [109.06532829999999, 51.519549299999994], [109.061105, 51.5178881], [109.0600909, 51.51567510000001], [109.05853640000001, 51.513900400000004], [109.05594709999998, 51.511945899999986], [109.0533917, 51.510723899999995], [109.05199, 51.50996849999999], [109.05202819999998, 51.5090744], [109.05269590000002, 51.5071739], [109.05506269999998, 51.503634], [109.05572149999999, 51.501936499999985], [109.05621959999999, 51.4988693], [109.05663959999998, 51.492808399999994], [109.05617739999998, 51.488156], [109.05010759999999, 51.4777243], [109.04866619999999, 51.47639869999999], [109.04680369999998, 51.47499590000001], [109.0442414, 51.47486090000001], [109.03861970000001, 51.47525499999999], [109.0370454, 51.475513299999996], [109.03417339999999, 51.47717349999999], [109.03114089999998, 51.4780174], [109.02884699999998, 51.478345], [109.02507179999999, 51.47828139999999], [109.0215834, 51.4776125], [109.01953600000002, 51.4767644], [109.01508069999998, 51.4728658], [109.00896659999998, 51.4667018], [109.0075237, 51.4639522], [109.0067047, 51.4618232], [109.0043351, 51.4594239], [109.00285479999998, 51.4590326], [109.0007023, 51.459117899999995], [108.9983567, 51.459159199999995], [108.99680939999999, 51.4588074], [108.995289, 51.45784590000001], [108.9939398, 51.4559518], [108.99277770000002, 51.4527593], [108.9922155, 51.452220999999994], [108.9883811, 51.4520739], [108.98565969999999, 51.4517832], [108.9839428, 51.450858899999986], [108.9831509, 51.449625], [108.98219989999998, 51.44757489999999], [108.97048079999999, 51.44175959999999], [108.96740959999998, 51.4405675], [108.9492687, 51.4372823], [108.94749229999998, 51.43916289999999], [108.9460811, 51.44015499999999], [108.94310919999998, 51.4411197], [108.93707130000001, 51.44223379999999], [108.9336912, 51.442133600000005], [108.93021269999998, 51.44133999999999], [108.92805119999998, 51.4402037], [108.92572619999999, 51.43837289999999], [108.92309400000002, 51.434706299999995], [108.92104229999998, 51.4325955], [108.9186291, 51.4312919], [108.9164964, 51.4309692], [108.91282209999999, 51.431636], [108.8990378, 51.43566049999999], [108.8886956, 51.439786000000005], [108.8770321, 51.4442935], [108.87005339999999, 51.44599719999999], [108.8637439, 51.44808390000001], [108.8611944, 51.4489271], [108.8601196, 51.44963980000001], [108.86008959999998, 51.45167289999999], [108.8587088, 51.453356], [108.85358979999998, 51.4570045], [108.8507106, 51.4587006], [108.84668499999998, 51.4570811], [108.84391469999998, 51.4564607], [108.8412974, 51.455355], [108.83050339999998, 51.44958330000001], [108.82943240000002, 51.4488313], [108.82734379999998, 51.443464199999994], [108.82656979999999, 51.441944899999996], [108.8251828, 51.44236659999999], [108.8239395, 51.4425063], [108.8210461, 51.44176100000001], [108.81856239999999, 51.44061659999999], [108.8165457, 51.43923680000001], [108.8160321, 51.437722199999996], [108.8149927, 51.43631990000001], [108.81357, 51.43613080000001], [108.81177570000001, 51.436910699999984], [108.8099181, 51.437648800000005], [108.8050337, 51.4377201], [108.802756, 51.43771819999999], [108.8011611, 51.4356951], [108.80001029999998, 51.4352669], [108.79649539999998, 51.43528210000001], [108.7932231, 51.43566799999999], [108.7896039, 51.436494599999996], [108.78536189999998, 51.43673989999999], [108.783969, 51.437283099999995], [108.7833228, 51.438531699999984], [108.7832341, 51.440360500000004], [108.7832127, 51.44214980000001], [108.78269039999999, 51.443522699999995], [108.78219199999998, 51.444408200000005], [108.783481, 51.44601899999999], [108.7835065, 51.4468329], [108.7817309, 51.44854829999999], [108.77994149999999, 51.450548199999986], [108.7785382, 51.45129430000001], [108.7756428, 51.451930899999994], [108.7743164, 51.4524345], [108.7734274, 51.45331250000001], [108.77348589999998, 51.45612009999999], [108.77301089999999, 51.4565179], [108.7604549, 51.4523332], [108.7583735, 51.4522934], [108.75639829999999, 51.452743700000006], [108.75472659999998, 51.45364730000001], [108.75313669999998, 51.4555285], [108.75119389999999, 51.4606163], [108.75003999999998, 51.4615703], [108.7477033, 51.46274559999999], [108.74473369999998, 51.4635427], [108.74295109999998, 51.46403719999999], [108.74072599999998, 51.4655806], [108.7350813, 51.4677902], [108.7333312, 51.4689359], [108.7322425, 51.4711927], [108.7309261, 51.47409579999999], [108.73079, 51.475525499999996], [108.7309272, 51.476699], [108.73047200000002, 51.4779917], [108.7276056, 51.48062069999999], [108.7242242, 51.48311770000001], [108.7192905, 51.485381], [108.71532649999999, 51.48648339999999], [108.7125947, 51.487691], [108.70912039999999, 51.490714499999996], [108.70784489999998, 51.49146230000001], [108.70434189999999, 51.4924514], [108.70121099999999, 51.493813599999996], [108.69630519999998, 51.49676790000001], [108.694775, 51.4973887], [108.6900467, 51.4981092], [108.6880627, 51.49868020000001], [108.68624109999999, 51.49990509999999], [108.68215549999998, 51.5033632], [108.68029119999998, 51.5041399], [108.678189, 51.5044643], [108.6755195, 51.5044113], [108.6713309, 51.5034741], [108.6652757, 51.5033537], [108.65787209999999, 51.50284], [108.64990579999998, 51.5018669], [108.6486247, 51.5014345], [108.64636259999999, 51.4998029], [108.64427719999999, 51.49854070000001], [108.6252278, 51.4914043], [108.62936689999998, 51.48949489999999], [108.6336734, 51.48685660000001], [108.6341963, 51.48556569999999], [108.6342007, 51.4842235], [108.63178520000001, 51.4792935], [108.63162999999999, 51.4785176], [108.6333431, 51.475623500000005], [108.63356789999999, 51.4737977], [108.6345401, 51.4688549], [108.63469549999999, 51.467109], [108.6341437, 51.465185999999996], [108.63429079999999, 51.4636027], [108.63509259999998, 51.461951099999986], [108.63516189999999, 51.4606102], [108.6342891, 51.458599599999985], [108.63193539999999, 51.45501320000001], [108.6319986, 51.45379419999999], [108.6355883, 51.4511007], [108.63601639999999, 51.450377200000005], [108.6348232, 51.44449590000001], [108.63548599999999, 51.441743300000006], [108.6243036, 51.4389952], [108.62329489999999, 51.4383646], [108.6227688, 51.43721500000001], [108.6203686, 51.43456309999999], [108.6209285, 51.4308867], [108.62165289999999, 51.4261286], [108.62275399999999, 51.4249712], [108.6242365, 51.4239845], [108.624176, 51.422640900000005], [108.6203194, 51.41422399999999], [108.6170245, 51.4087879], [108.6151933, 51.40773370000001], [108.61320029999999, 51.4072864], [108.61165799999999, 51.40692949999999], [108.61052879999998, 51.4061336], [108.6085317, 51.4057674], [108.5922901, 51.40543480000001], [108.5906491, 51.40572629999999], [108.58890429999998, 51.406748099999994], [108.58736010000001, 51.4064316], [108.58257089999998, 51.4047465], [108.5805715, 51.40320009999999], [108.57632859999998, 51.40103799999999], [108.57306749999998, 51.3999942], [108.56665179999999, 51.39957640000001], [108.5621675, 51.39952379999999], [108.56110239999998, 51.39998980000001], [108.5605568, 51.40168679999999], [108.5599853, 51.4026512], [108.55871190000002, 51.40335679999998], [108.5560854, 51.40383079999999], [108.55285029999999, 51.40473949999999], [108.5492032, 51.4072665], [108.53509689999998, 51.4155941], [108.53299369999999, 51.41599719999999], [108.5315013, 51.4159251], [108.52615599999999, 51.412517499999986], [108.5230579, 51.4108657], [108.52055919999998, 51.4101621], [108.5174023, 51.409607], [108.512272, 51.40945760000001], [108.50918019999999, 51.4089037], [108.50732709999998, 51.408294799999986], [108.4963389, 51.41563159999998], [108.49378499999999, 51.4164873], [108.48845639999999, 51.41632249999999], [108.48340060000001, 51.4156072], [108.47637299999998, 51.4139895], [108.47167139999999, 51.41419160000001], [108.4676658, 51.414964699999985], [108.4616821, 51.417869399999994], [108.4571775, 51.41888419999999], [108.45417449999998, 51.4190719], [108.4511356, 51.41844959999999], [108.4494091, 51.417501699999995], [108.44831559999999, 51.4153539], [108.4474309, 51.4138175], [108.4438693, 51.4124251], [108.44081979999999, 51.4120045], [108.43306889999998, 51.4117843], [108.4257926, 51.413192300000006], [108.4196604, 51.4147168], [108.4110286, 51.416862099999996], [108.40880319999998, 51.4147395], [108.40643439999998, 51.4137262], [108.39957429999998, 51.4120569], [108.3958761, 51.410255299999996], [108.39339529999998, 51.40979560000001], [108.3924433, 51.409471], [108.39083949999998, 51.407817], [108.38859219999999, 51.4032663], [108.3851112, 51.40475610000001], [108.37843749999999, 51.40693329999999], [108.37411109999998, 51.40764550000001], [108.36695509999998, 51.4083446], [108.36219849999999, 51.4095018], [108.35966589999998, 51.4099505], [108.35314479999998, 51.4094494], [108.3385584, 51.4071971], [108.33411699999999, 51.4070962], [108.3305798, 51.4081282], [108.32700589999999, 51.40840059999999], [108.31525219999999, 51.4088904], [108.3076702, 51.4085646], [108.3058335, 51.4081684], [108.3027699, 51.4052659], [108.30162959999998, 51.4026604], [108.2971355, 51.404832599999985], [108.29317019999999, 51.40625810000001], [108.2903828, 51.4069018], [108.27830329999999, 51.40743079999999], [108.26817329999999, 51.407801899999995], [108.26537719999999, 51.4072309], [108.2639178, 51.40729790000001], [108.2593678, 51.4090121], [108.25041239999999, 51.410016], [108.2441167, 51.4098174], [108.2423159, 51.410179600000006], [108.2419156, 51.41279990000001], [108.2411492, 51.41343930000001], [108.2394168, 51.4140054], [108.23691319999999, 51.4139464], [108.2306751, 51.4127877], [108.2287156, 51.4130952], [108.22473949999998, 51.415984900000005], [108.2231182, 51.4160477], [108.22039379999998, 51.415629], [108.21465539999998, 51.418223600000005], [108.2127456, 51.419038], [108.2090803, 51.4194564], [108.2047937, 51.419455299999996], [108.20146319999999, 51.41836429999999], [108.19549199999999, 51.41549070000001], [108.18809299999998, 51.41349259999999], [108.1847977, 51.41316049999999], [108.1823316, 51.413809199999996], [108.17795809999998, 51.4165359], [108.1751221, 51.41793429999999], [108.16650239999998, 51.41737200000001], [108.1645516, 51.417527099999994], [108.1612366, 51.4188123], [108.1591958, 51.41911679999999], [108.1560397, 51.419141399999994], [108.1533307, 51.419783699999996], [108.1462025, 51.4225434], [108.1438256, 51.42304179999999], [108.1355525, 51.42339599999999], [108.13206999999998, 51.4234626], [108.12750089999999, 51.4227942], [108.12370509999998, 51.422701100000005], [108.1210004, 51.4309793], [108.11755739999998, 51.435547400000004], [108.1177915, 51.4369693], [108.11807139999999, 51.4389485], [108.11767809999999, 51.4400514], [108.11469949999999, 51.441090700000004], [108.1120674, 51.44304879999999], [108.1104927, 51.44619599999999], [108.1104057, 51.446295], [108.10889769999999, 51.448381999999995], [108.1055321, 51.451687199999995], [108.10367829999998, 51.454119500000004], [108.09989100000001, 51.45640279999999], [108.09672999999998, 51.4577405], [108.0968498, 51.45840100000001], [108.1000877, 51.4609592], [108.1035579, 51.4624106], [108.10589339999999, 51.4638844], [108.10987449999999, 51.468786999999985], [108.1125659, 51.4697637], [108.1198832, 51.4718656], [108.12874529999999, 51.4751681], [108.14994879999999, 51.4844852], [108.1547941, 51.48601910000001], [108.1604708, 51.487218799999994], [108.1671527, 51.48788619999999], [108.17335919999998, 51.48839009999999], [108.1746922, 51.494339100000005], [108.1765893, 51.49903760000001], [108.18030369999998, 51.5058025], [108.2010086, 51.51307549999999], [108.2077703, 51.515158400000004], [108.20047439999999, 51.5178165], [108.1880536, 51.520755699999995], [108.1853668, 51.5209442], [108.18295719999999, 51.520582899999994], [108.17963239999999, 51.5192892], [108.17540229999999, 51.516911500000006], [108.17147629999998, 51.5187893], [108.1816305, 51.5236864], [108.1823809, 51.5246653], [108.18206310000001, 51.5258714], [108.17736749999999, 51.527073299999984], [108.1771619, 51.52777639999999], [108.17778429999998, 51.5295108], [108.1771675, 51.53030510000001], [108.1665682, 51.5364722], [108.1563195, 51.5447707], [108.15015949999999, 51.54340749999999], [108.1486924, 51.543523499999985], [108.1437626, 51.545830900000006], [108.13783649999999, 51.54720360000001], [108.1328598, 51.5489531], [108.13097939999999, 51.550475000000006], [108.12657139999999, 51.557346], [108.12135389999999, 51.562882200000004], [108.11355, 51.5579871], [108.10788429999998, 51.55521770000001], [108.0900884, 51.5480513], [108.08333399999998, 51.5458605], [108.0811506, 51.54575549999999], [108.0794858, 51.5464221], [108.0778467, 51.5466847], [108.0763081, 51.54664639999999], [108.07376529999999, 51.545824399999994], [108.07190279999999, 51.54451360000001], [108.0708794, 51.541504200000006], [108.07069199999998, 51.539375400000004], [108.0735682, 51.53246819999999], [108.0793225, 51.531246100000004], [108.07919929999998, 51.526843199999995], [108.0696281, 51.5256435], [108.06877309999999, 51.5275944], [108.05829239999998, 51.5244087], [108.046838, 51.5215111], [108.04382099999998, 51.5210304], [108.04142769999999, 51.5204341], [108.0385578, 51.518439799999996], [108.03601399999998, 51.51766750000001], [108.033597, 51.5161903], [108.0304356, 51.51494700000001], [108.02819739999998, 51.5132214], [108.02410479999999, 51.51134749999999], [108.01949229999998, 51.5087522], [108.01518760000002, 51.50636670000001], [108.0138718, 51.505422800000005], [108.01327719999999, 51.5046492], [108.0128745, 51.5033745], [108.0111666, 51.501732800000006], [108.01114179999999, 51.500134], [108.0106775, 51.4988073], [108.00811859999999, 51.497052800000006], [108.00746230000001, 51.495448], [108.00671959999998, 51.494417599999984], [108.00630669999998, 51.4935473], [108.00532139999999, 51.492510599999996], [108.00373019999999, 51.49206530000001], [108.00275309999999, 51.4921416], [108.00094260000002, 51.4921805], [107.9989748, 51.4923406], [107.9959404, 51.4919834], [107.99453260000001, 51.4918943], [107.9935382, 51.4920031], [107.99264609999999, 51.49265110000001], [107.98549789999998, 51.50687839999999], [107.9623757, 51.5015055], [107.9606449, 51.5015909], [107.94828129999999, 51.50557010000001], [107.9458977, 51.50692200000001], [107.93828759999998, 51.513197699999985], [107.93606849999999, 51.514003599999995], [107.93131520000001, 51.515914599999995], [107.9260094, 51.51963130000001], [107.9220955, 51.523188], [107.9237281, 51.527815100000005], [107.92494759999998, 51.5291182], [107.9269677, 51.5304015], [107.93005259999998, 51.53161639999999], [107.9325532, 51.532054], [107.9390457, 51.53222469999999], [107.9426272, 51.5328435], [107.94671859999998, 51.5341159], [107.95003139999999, 51.53574129999999], [107.95420699999998, 51.53830339999999], [107.9568988, 51.540652900000005], [107.96298169999999, 51.546834], [107.9651505, 51.54832119999999], [107.97362319999999, 51.5531911], [107.9745374, 51.575381400000005], [107.97025359999999, 51.5784073], [107.96926369999998, 51.579640999999995], [107.96636709999999, 51.5813813], [107.9625623, 51.583561399999994], [107.9595333, 51.58430469999999], [107.9551469, 51.58474859999998], [107.95396619999998, 51.5851119], [107.9534643, 51.58562450000001], [107.9534622, 51.5866248], [107.9550905, 51.5880008], [107.9614684, 51.5914241], [107.9648807, 51.5945052], [107.97057649999999, 51.60077929999999], [107.97694909999998, 51.6040768], [107.9797526, 51.606006099999995], [107.97990399999999, 51.6072941], [107.9796994, 51.60825789999999], [107.9790325, 51.6093168], [107.969249, 51.61427429999999], [107.96534879999999, 51.617081799999994], [107.95996189999998, 51.6207185], [107.9579531, 51.62276969999999], [107.9569169, 51.62433789999999], [107.9569447, 51.6257958], [107.96359549999998, 51.6292121], [107.96473849999998, 51.6303086], [107.96487589999998, 51.6313886], [107.96398819999999, 51.6342033], [107.9636018, 51.6385473], [107.9641387, 51.6406175], [107.9658469, 51.6421581], [107.97058549999998, 51.64087129999999], [107.97392339999999, 51.6407034], [107.97542189999999, 51.6410821], [107.97971820000001, 51.6453074], [107.98264179999998, 51.64698349999999], [107.9876049, 51.6491076], [107.99441159999999, 51.65276839999999], [108.00020179999999, 51.6550564], [108.00134229999999, 51.65579], [108.00176589999998, 51.65676299999999], [108.00423709999998, 51.6624383], [108.00520919999998, 51.6637275], [108.00700989999999, 51.6647849], [108.0095547, 51.6656589], [108.01444099999999, 51.6667948], [108.0162647, 51.6686113], [108.02375169999999, 51.67598269999999], [108.02616319999998, 51.6776621], [108.0302437, 51.67746209999999], [108.03430429999999, 51.67756469999999], [108.0358724, 51.678464], [108.03724849999999, 51.67981369999999], [108.03683429999998, 51.6849111], [108.0356715, 51.687764299999984], [108.0335719, 51.6912513], [108.03338159999998, 51.6929155], [108.03422969999998, 51.6961229], [108.03506739999999, 51.6970039], [108.04028679999999, 51.7005745], [108.0415856, 51.7018715], [108.04183700000002, 51.7042547], [108.0196877, 51.7068807], [108.01695629999999, 51.707569799999995], [108.01872569999999, 51.709132], [108.025866, 51.713207199999985], [108.0310686, 51.718295], [108.03356899999999, 51.7211396], [108.03547909999999, 51.723059], [108.03961599999998, 51.7257931], [108.040474, 51.7263711], [108.04125169999999, 51.72942499999999], [108.0406814, 51.730675000000005], [108.0391372, 51.73311410000001], [108.03916249999999, 51.73397439999999], [108.0399777, 51.735208699999994], [108.04192169999999, 51.736623200000004], [108.04648339999999, 51.73911489999999], [108.05308669999998, 51.74403449999999], [108.0483864, 51.74740599999999], [108.04831059999998, 51.7485672], [108.04971149999999, 51.754569899999986], [108.0491511, 51.75566839999999], [108.04693699999999, 51.75713], [108.0442875, 51.7577712], [108.03806469999999, 51.758221299999995], [108.0367263, 51.76496430000001], [108.03518419999999, 51.7673528], [108.0331087, 51.7691717], [108.0343332, 51.77163], [108.0378319, 51.775460599999995], [108.03840899999999, 51.777851999999996], [108.03812049999999, 51.779766499999994], [108.03671549999999, 51.78129869999999], [108.0349365, 51.78231589999999], [108.01001139999998, 51.797838099999986], [108.00031229999999, 51.80273340000001], [107.99638059999998, 51.80325049999999], [107.98198309999998, 51.8081594], [107.96863439999998, 51.812706600000006], [107.9678944, 51.8137256], [107.9675806, 51.8161089], [107.9674777, 51.81761180000001], [107.9654414, 51.81937179999999], [107.95589649999998, 51.82148779999999], [107.949657, 51.823769899999995], [107.9450074, 51.8267203], [107.91793969999999, 51.84377909999999], [107.9137792, 51.8424501], [107.9135323, 51.8423746], [107.90900269999999, 51.83475349999999], [107.86616419999999, 51.8347915], [107.8229434, 51.831193], [107.82266619999999, 51.841091600000006], [107.8198735, 51.84254369999999], [107.8167523, 51.84401569999999], [107.81444650000002, 51.8455633], [107.81232809999999, 51.8474171], [107.810963, 51.8499758], [107.81809709999999, 51.85088400000001], [107.82194319999999, 51.8514172], [107.82573369999999, 51.851881], [107.8383947, 51.8535591], [107.84107, 51.8545967], [107.85101289999999, 51.85874629999999], [107.85747710000001, 51.8613271], [107.85892789999998, 51.86182900000001], [107.85928289999998, 51.86179189999999], [107.859591, 51.8619125], [107.8594593, 51.86209660000001], [107.86563629999999, 51.86451730000001], [107.8719835, 51.86701769999999], [107.87601649999999, 51.8686348], [107.8803319, 51.8703182], [107.88241089999998, 51.8711569], [107.88320809999999, 51.8705054], [107.88750319999998, 51.86702720000001], [107.8896737, 51.864441], [107.88955079999998, 51.86397], [107.8860928, 51.8637648], [107.88263669999999, 51.862777900000005], [107.87687619999998, 51.8600391], [107.86678970000001, 51.8580485], [107.86676439999998, 51.85303639999999], [107.8667384, 51.8494517], [107.86661869999999, 51.83520429999999], [107.88974069999999, 51.834982], [107.89617319999999, 51.8350666], [107.9088245, 51.83494910000001], [107.90952929999999, 51.8399111], [107.9127455, 51.84288899999999], [107.91823659999999, 51.844817500000005], [107.92294589999999, 51.8464353], [107.9252395, 51.8482842], [107.9255919, 51.853324300000004], [107.9256188, 51.854640100000005], [107.925643, 51.85725879999999], [107.9153828, 51.86405349999999], [107.91439479999998, 51.864321499999996], [107.90205319999998, 51.8610724], [107.89394079999998, 51.86397239999999], [107.89056399999998, 51.8639557], [107.8899893, 51.864516], [107.88779390000002, 51.867149600000005], [107.88354489999999, 51.870639499999996], [107.88318929999998, 51.8709512], [107.8828733, 51.8713868], [107.88373809999999, 51.87173919999999], [107.889154, 51.8738647], [107.8927729, 51.87530029999999], [107.89587309999999, 51.8765319], [107.90146679999998, 51.878368699999996], [107.90356279999999, 51.8788919], [107.9055743, 51.879308099999996], [107.9079059, 51.87984199999999], [107.91655, 51.8810941], [107.92414530000002, 51.8821279], [107.92471399999998, 51.8803043], [107.9252207, 51.878969100000006], [107.9256027, 51.8782289], [107.9261813, 51.8774261], [107.9267013, 51.87681789999999], [107.92688499999998, 51.8765928], [107.9267513, 51.87439740000001], [107.926214, 51.8733994], [107.92576089999999, 51.87237399999999], [107.9254816, 51.87062220000001], [107.9253492, 51.8698291], [107.92779279999999, 51.8686988], [107.92747309999999, 51.8681242], [107.9306786, 51.86392939999999], [107.9395275, 51.86427520000001], [107.94126639999999, 51.86371559999999], [107.9413896, 51.8636682], [107.9473171, 51.8613878], [107.9527304, 51.85905059999999], [107.9559171, 51.862140200000006], [107.95770609999998, 51.864036999999996], [107.95826859999998, 51.8650285], [107.9573911, 51.8704336], [107.9568201, 51.8736367], [107.9552689, 51.874792], [107.95037979999998, 51.874674999999996], [107.9481456, 51.87412170000001], [107.94687759999998, 51.87451909999999], [107.94445069999999, 51.874523999999994], [107.94370939999999, 51.87496709999999], [107.9382, 51.8750989], [107.93820620000001, 51.8745164], [107.93060539999999, 51.87452820000001], [107.92799969999999, 51.8690576], [107.92770109999998, 51.869128699999976], [107.92576089999999, 51.8702123], [107.92599769999998, 51.87163909999999], [107.92608879999999, 51.872309800000004], [107.9270208, 51.8743795], [107.92715129999999, 51.87645829999999], [107.9269951, 51.8768641], [107.9259661, 51.87819060000001], [107.9245305, 51.882125699999996], [107.92433989999999, 51.8825107], [107.9232643, 51.88235], [107.921769, 51.8821076], [107.91780499999999, 51.88151369999999], [107.9130959, 51.8808307], [107.90925939999998, 51.88030259999999], [107.9057877, 51.8797123], [107.90516909999998, 51.87955989999998], [107.9011917, 51.87862040000001], [107.89569169999999, 51.8768288], [107.89551129999998, 51.87677], [107.88901009999998, 51.8741621], [107.88364369999998, 51.8720061], [107.8820799, 51.8713967], [107.88172159999999, 51.8712218], [107.8756111, 51.86878499999999], [107.8665885, 51.865261000000004], [107.8580675, 51.861829500000006], [107.8507422, 51.85899009999999], [107.83812689999999, 51.85386329999999], [107.82929089999999, 51.852716], [107.8242251, 51.85200509999999], [107.8215088, 51.8516262], [107.81445359999998, 51.8515481], [107.81112079999998, 51.85086969999999], [107.8108753, 51.8507879], [107.81053729999998, 51.85067529999999], [107.8095313, 51.850340100000004], [107.8067842, 51.8494247], [107.8046675, 51.84905109999999], [107.80232059999999, 51.8487359], [107.80178099999999, 51.8494647], [107.80125009999999, 51.8498175], [107.80093930000001, 51.8501586], [107.80060909999999, 51.8504954], [107.8000048, 51.851137], [107.79941459999999, 51.8517395], [107.79794059999999, 51.851210599999995], [107.79694189999998, 51.8505908], [107.7967813, 51.85048249999999], [107.7965022, 51.8504031], [107.796285, 51.85030449999999], [107.7960677, 51.85019629999999], [107.7957671, 51.849957200000006], [107.7956685, 51.849848800000004], [107.7955181, 51.8496988], [107.79522739999999, 51.84954479999999], [107.79496989999998, 51.84946690000001], [107.7948015, 51.84943020000001], [107.79332109999999, 51.8492354], [107.79285400000002, 51.8492006], [107.79233120000002, 51.849190799999995], [107.7917828, 51.84921069999999], [107.7912301, 51.8492815], [107.7910821, 51.8493461], [107.79101999999999, 51.8493633], [107.7908718, 51.8493679], [107.7908111, 51.8493911], [107.7907283, 51.849459], [107.79065919999998, 51.8494798], [107.7905947, 51.8495009], [107.79004909999999, 51.849413999999996], [107.7893675, 51.849303500000005], [107.78931419999999, 51.8492774], [107.78682879999998, 51.8488481], [107.7866102, 51.8489765], [107.7863785, 51.8490887], [107.78621909999998, 51.8491945], [107.7861424, 51.84930969999999], [107.7860804, 51.8493354], [107.7860184, 51.84931], [107.78593059999999, 51.8493101], [107.78581769999998, 51.849406200000004], [107.7857202, 51.84951499999999], [107.7856949, 51.849610899999995], [107.785628, 51.8496718], [107.7855199, 51.8497232], [107.7854277, 51.8498512], [107.78534570000001, 51.8499535], [107.78486249999999, 51.8503667], [107.78478059999999, 51.8504915], [107.78473479999998, 51.8506385], [107.78467319999999, 51.8507057], [107.7845821, 51.8510542], [107.78441929999998, 51.851711], [107.78402999999999, 51.8518795], [107.7833947, 51.8522762], [107.7827276, 51.85237819999999], [107.7817286, 51.85229809999999], [107.7800201, 51.85254179999998], [107.77869460000001, 51.8526997], [107.77781829999999, 51.85271039999999], [107.76910639999998, 51.851697], [107.7670727, 51.851118199999995], [107.76682469999999, 51.852465599999995]]]]}}, {"type": "Feature", "properties": {"id": "mo-81642000", "name": "Прибайкальский муниципальный район", "region": "Республика Бурятия", "isCity": false, "sourceOktmo": "81-642-000-000", "sourceAgg": "Улан-Удэ", "excelNames": ["Прибайкальский муниципальный район"], "oktmo": "81642000", "vgp": [{"year": 2019, "value": 8068345.190281046}, {"year": 2020, "value": 7902521.423300564}, {"year": 2021, "value": 7173372.160124663}, {"year": 2022, "value": 11167449.550670795}, {"year": 2023, "value": 11409448.518672228}, {"year": 2024, "value": 11832136.796601385}], "population": [{"year": 2019, "value": 26488.0}, {"year": 2020, "value": 26140.0}, {"year": 2021, "value": 25878.0}, {"year": 2022, "value": 24101.0}, {"year": 2023, "value": 23913.0}, {"year": 2024, "value": 23701.0}, {"year": 2025, "value": 23444.0}], "shipments": [{"year": 2019, "value": 1441284.3}, {"year": 2020, "value": 1353444.3}, {"year": 2021, "value": 1593017.4}, {"year": 2022, "value": 2003597.7}, {"year": 2023, "value": 1646734.9}, {"year": 2024, "value": 1463179.1}], "employees": [{"year": 2019, "value": 3791.0}, {"year": 2020, "value": 3642.0}, {"year": 2021, "value": 3503.0}, {"year": 2022, "value": 3382.0}, {"year": 2023, "value": 3330.0}, {"year": 2024, "value": 3118.0}], "investments": [{"year": 2019, "value": 823890.0}, {"year": 2020, "value": 1018040.0}, {"year": 2021, "value": 1066500.0}, {"year": 2022, "value": 1695570.0}, {"year": 2023, "value": 0.0}, {"year": 2024, "value": 691598.0}], "vgp2024": 11832136.796601385, "pop2024": 23701.0, "ship2024": 1463179.1, "emp2024": 3118.0, "inv2024": 691598.0}, "geometry": {"type": "MultiPolygon", "coordinates": [[[[107.71582669999998, 53.08323740000001], [107.8633964, 53.1581152], [108.01265510000002, 53.233717399999996], [108.02059399999999, 53.24242180000001], [108.03941449999999, 53.2637252], [108.0481277, 53.27627199999999], [108.05858359999999, 53.2987516], [108.07516099999998, 53.332176299999986], [108.0875444, 53.35377110000001], [108.27139929999998, 53.277006899999996], [108.45304789999999, 53.20102829999999], [108.4552501, 53.200101], [108.45976950000001, 53.1988293], [108.4616711, 53.19860269999999], [108.46424309999999, 53.1992238], [108.4708193, 53.200662900000005], [108.4771194, 53.20116209999999], [108.48100939999999, 53.201110299999996], [108.48243189999998, 53.2005398], [108.48427869999999, 53.19937809999999], [108.4920915, 53.1968737], [108.4981187, 53.1954321], [108.50152899999999, 53.1950363], [108.5040523, 53.1936882], [108.50661909999998, 53.191607399999995], [108.5081422, 53.18933809999999], [108.50999969999998, 53.18797609999999], [108.51145890000001, 53.1877062], [108.51586679999998, 53.188264299999986], [108.52146259999999, 53.18844649999999], [108.52722479999998, 53.18863170000001], [108.53182859999998, 53.1886931], [108.53221819999999, 53.1877341], [108.5320845, 53.185297199999994], [108.5320365, 53.184229099999996], [108.53081439999998, 53.1833038], [108.5276798, 53.181872199999994], [108.52610109999999, 53.1794723], [108.5236061, 53.177553599999996], [108.52202829999999, 53.1770209], [108.52152129999999, 53.17621020000001], [108.52228499999998, 53.1745587], [108.5256669, 53.1708604], [108.52596329999999, 53.169599399999996], [108.5259807, 53.168366000000006], [108.5306491, 53.167295], [108.5312694, 53.1643067], [108.530908, 53.16196509999999], [108.52972789999998, 53.1603404], [108.528766, 53.1597204], [108.5236489, 53.15994839999998], [108.52162649999998, 53.159440000000004], [108.52133119999999, 53.15786669999999], [108.51909869999999, 53.155286399999994], [108.5175177, 53.1538867], [108.51684079999998, 53.1522054], [108.514805, 53.1519298], [108.5122408, 53.1521437], [108.5078449, 53.1514523], [108.50531469999999, 53.150166000000006], [108.5043653, 53.14841239999999], [108.5046306, 53.146750600000004], [108.50603350000002, 53.14461239999999], [108.50568590000002, 53.1402037], [108.5062698, 53.1350473], [108.50858199999999, 53.1297268], [108.51051, 53.12806609999999], [108.5128473, 53.126980700000004], [108.5142093, 53.1255085], [108.5145534, 53.1243818], [108.5135981, 53.12272810000001], [108.5106584, 53.12090009999999], [108.50892049999999, 53.1193635], [108.5075131, 53.1178671], [108.50584279999998, 53.1161318], [108.5058389, 53.11526469999999], [108.5087942, 53.115893], [108.51121769999999, 53.1161433], [108.51356029999998, 53.116825299999995], [108.51749809999998, 53.1167734], [108.51982249999999, 53.114954], [108.52044240000001, 53.1119658], [108.520622, 53.11080239999999], [108.5215132, 53.1097872], [108.52573459999999, 53.1086738], [108.5284616, 53.1075295], [108.52935249999999, 53.1065141], [108.52958129999999, 53.1054518], [108.52806589999999, 53.10201930000001], [108.52778259999998, 53.1002463], [108.52796769999999, 53.09898299999999], [108.52972409999998, 53.0983189], [108.5320931, 53.097600699999994], [108.53393790000001, 53.0963714], [108.53768520000001, 53.0948144], [108.5354549, 53.092234399999995], [108.5317684, 53.088991], [108.5282289, 53.0860839], [108.5272423, 53.0840295], [108.52754199999998, 53.0827019], [108.5288312, 53.0814947], [108.53226239999998, 53.08153190000001], [108.5358768, 53.0812726], [108.53903829999999, 53.0802371], [108.54070659999998, 53.07917080000001], [108.5420885, 53.0782654], [108.54405709999999, 53.0777389], [108.5465575, 53.07758989999999], [108.54668399999998, 53.07542509999999], [108.5480309, 53.07321850000001], [108.54933869999999, 53.071677900000005], [108.54535940000001, 53.0715633], [108.5414647, 53.070950100000005], [108.53863569999999, 53.0691582], [108.53679759999999, 53.0665196], [108.5356946, 53.064563], [108.5357245, 53.062162799999996], [108.53639069999998, 53.06024239999999], [108.5456262, 53.0603648], [108.54844989999998, 53.0565545], [108.5489028, 53.05543], [108.5484696, 53.0543208], [108.5461359, 53.0516389], [108.54479349999998, 53.049043899999994], [108.5444264, 53.04680230000001], [108.54581599999999, 53.04479659999999], [108.55026219999999, 53.04255319999999], [108.5559416, 53.03716709999999], [108.55720049999998, 53.0354921], [108.5576802, 53.0339013], [108.5577518, 53.0326689], [108.55850479999998, 53.0320841], [108.5606246, 53.03272729999999], [108.5646632, 53.0327093], [108.5651965, 53.0330536], [108.5671371, 53.0367942], [108.56911849999999, 53.039835399999994], [108.5710102, 53.0406072], [108.5747782, 53.04241739999999], [108.5771799, 53.0449001], [108.5790811, 53.0464722], [108.5823279, 53.04773809999999], [108.58407719999998, 53.04810679999999], [108.58642329999999, 53.0477204], [108.59021389999998, 53.04626269999999], [108.595163, 53.0467955], [108.5976478, 53.0468786], [108.6001538, 53.046595100000005], [108.60113179999999, 53.04981579999999], [108.60098559999999, 53.0533474], [108.6006237, 53.0567747], [108.6013883, 53.0579236], [108.6033537, 53.0593634], [108.60465209999998, 53.06085650000001], [108.6092905, 53.0620159], [108.6139467, 53.0638424], [108.62160429999999, 53.0664284], [108.62842719999999, 53.07303219999999], [108.63024, 53.07720260000001], [108.6308001, 53.07904760000001], [108.6310128, 53.080185500000006], [108.64331029999998, 53.0820612], [108.64841399999999, 53.081894399999996], [108.65161819999999, 53.0820238], [108.655346, 53.0826967], [108.66244839999999, 53.082435], [108.6646038, 53.0825103], [108.6681379, 53.0836792], [108.67412910000002, 53.080494300000005], [108.6779584, 53.0793346], [108.68286059999998, 53.0787957], [108.68885149999998, 53.07457629999999], [108.69071109999999, 53.0729782], [108.69234849999998, 53.068374899999995], [108.6946197, 53.06431709999998], [108.6963974, 53.0621838], [108.69865969999998, 53.0602932], [108.7016038, 53.0590825], [108.70688499999999, 53.058649900000006], [108.71088179999998, 53.058426], [108.7151351, 53.0585737], [108.7196549, 53.0578926], [108.72152729999999, 53.0580614], [108.72653029999998, 53.059689999999996], [108.729847, 53.0607864], [108.73120079999998, 53.063379499999996], [108.73146249999999, 53.067752399999996], [108.7378661, 53.06397179999999], [108.7400157, 53.06311199999999], [108.7428125, 53.0625644], [108.7446462, 53.0613984], [108.74612549999999, 53.0585919], [108.75273829999999, 53.058082199999994], [108.7551531, 53.05742720000001], [108.7619123, 53.0583201], [108.76480679999999, 53.059040800000005], [108.7661856, 53.060166900000006], [108.76802330000001, 53.06203489999999], [108.7708225, 53.0593526], [108.77356479999999, 53.0577363], [108.77775889999998, 53.056913599999994], [108.7841984, 53.05653230000001], [108.7924964, 53.0565849], [108.7938707, 53.055709900000004], [108.79638279999999, 53.053188500000005], [108.7985044, 53.05282739999999], [108.80036220000001, 53.0543284], [108.8044124, 53.0562364], [108.808769, 53.0575829], [108.8136126, 53.060205199999984], [108.81476339999999, 53.0604262], [108.81760569999999, 53.0600444], [108.8195828, 53.05821290000001], [108.82077509999999, 53.056567300000005], [108.8221331, 53.0559918], [108.82406129999998, 53.05616009999999], [108.82667869999999, 53.0590415], [108.8280902, 53.0617012], [108.83029169999999, 53.064075], [108.8362061, 53.06208089999999], [108.84316599999998, 53.0612723], [108.8468081, 53.060404], [108.84996649999998, 53.0603271], [108.8545131, 53.0612419], [108.85770130000002, 53.0616655], [108.86151570000001, 53.0628338], [108.8640544, 53.0651462], [108.8659252, 53.0664464], [108.87108089999998, 53.0706389], [108.87400019999998, 53.07419159999999], [108.87478689999999, 53.076139399999995], [108.8788658, 53.0786787], [108.8816814, 53.07992879999999], [108.8839812, 53.080435999999985], [108.89055909999999, 53.08065150000001], [108.8929092, 53.0834601], [108.89566359999999, 53.084842], [108.8982102, 53.087053899999994], [108.8998769, 53.0891503], [108.90279159999999, 53.09286869999999], [108.9075584, 53.091684699999995], [108.91169619999998, 53.08978929999999], [108.91459299999998, 53.0883392], [108.91621849999999, 53.0868336], [108.9177438, 53.0862265], [108.9211451, 53.0879857], [108.92414849999999, 53.08883780000001], [108.92565479999999, 53.08973069999999], [108.92798839999999, 53.0918048], [108.93141360000001, 53.093097300000004], [108.93632969999999, 53.09448209999999], [108.93981829999998, 53.09674239999999], [108.9425548, 53.0996567], [108.944815, 53.1021293], [108.94712909999998, 53.1046361], [108.9474187, 53.1055079], [108.94757260000002, 53.1080112], [108.94806209999999, 53.10932], [108.94951769999999, 53.110144999999996], [108.9521307, 53.1110898], [108.95514289999998, 53.11180780000001], [108.9578457, 53.112053599999996], [108.96097709999998, 53.1114732], [108.9646876, 53.109235399999996], [108.9682465, 53.1066948], [108.9705581, 53.10586690000001], [108.9727314, 53.10560349999999], [108.9788403, 53.106439699999996], [108.9849837, 53.107709699999994], [108.9893626, 53.1088164], [108.99629390000001, 53.1109992], [108.99924030000001, 53.111948399999996], [109.00137889999999, 53.1124173], [109.00386839999999, 53.112491999999996], [109.00603419999999, 53.11239450000001], [109.01068249999999, 53.114838600000006], [109.01754769999998, 53.119619699999994], [109.0215978, 53.1218535], [109.0261012, 53.1238945], [109.0294319, 53.12494920000001], [109.03184659999998, 53.125455599999995], [109.03417749999998, 53.1253936], [109.03769309999998, 53.12488399999999], [109.04208019999999, 53.123521800000006], [109.04615829999999, 53.121654199999995], [109.0497757, 53.1272475], [109.05643889999999, 53.13292319999999], [109.06209539999999, 53.13644849999999], [109.0629321, 53.1375288], [109.06024239999999, 53.140519700000006], [109.05780839999998, 53.14278099999999], [109.0558874, 53.1459175], [109.0553182, 53.1486091], [109.06437279999999, 53.1506552], [109.0752908, 53.1543976], [109.0824095, 53.157578400000006], [109.0870317, 53.1595856], [109.08995839999999, 53.1586652], [109.092849, 53.1561104], [109.09548999999998, 53.1541516], [109.097423, 53.1531152], [109.0989795, 53.153039699999994], [109.10077629999999, 53.153768099999986], [109.10680339999999, 53.1565969], [109.1092043, 53.1574682], [109.11251309999999, 53.15788679999999], [109.1169889, 53.1582568], [109.1209062, 53.158718], [109.12385419999998, 53.1597641], [109.12524269999999, 53.16095269999999], [109.1261188, 53.1624333], [109.1294071, 53.1645516], [109.13273019999998, 53.1659033], [109.1379895, 53.167385], [109.1443191, 53.16974960000001], [109.1510383, 53.17335369999999], [109.15412159999998, 53.17513460000001], [109.15817459999998, 53.176330099999994], [109.1660623, 53.1786507], [109.1714355, 53.1788657], [109.17576829999999, 53.1787646], [109.17972599999999, 53.1783576], [109.18383399999999, 53.1783195], [109.1854365, 53.17847689999999], [109.18647399999999, 53.1788592], [109.1878855, 53.1808476], [109.18922239999999, 53.18200120000001], [109.19205539999999, 53.1832106], [109.19604459999998, 53.184637300000006], [109.20076660000001, 53.1858081], [109.20507629999999, 53.187539199999996], [109.2099423, 53.18924520000001], [109.2160675, 53.19136960000001], [109.21841050000002, 53.18980379999999], [109.22140209999999, 53.1886476], [109.2251499, 53.18796939999999], [109.22883359999999, 53.18749009999999], [109.23327519999998, 53.1861548], [109.23716469999998, 53.184744699999996], [109.2410809, 53.182701300000005], [109.2423111, 53.182485899999996], [109.2430151, 53.18289620000001], [109.24453059999999, 53.186419], [109.24719709999998, 53.19029189999999], [109.25086369999998, 53.1928456], [109.25424129999999, 53.1943615], [109.25758039999998, 53.1954766], [109.2594972, 53.1987382], [109.26235290000001, 53.20344699999999], [109.2649894, 53.20545189999999], [109.26772629999999, 53.2063914], [109.2734377, 53.207906799999996], [109.27831159999998, 53.2095434], [109.28108260000002, 53.21101649999999], [109.28475289999999, 53.21490270000001], [109.28652269999999, 53.2177618], [109.28819509999998, 53.2189524], [109.2909931, 53.21979210000001], [109.29388249999998, 53.21976630000001], [109.3003559, 53.21902399999999], [109.3059452, 53.218168999999996], [109.31047159999999, 53.2174988], [109.31479849999998, 53.217626], [109.31788389999998, 53.218235699999994], [109.32143530000002, 53.21968539999999], [109.32555409999999, 53.22084269999999], [109.33061939999999, 53.2219463], [109.3347563, 53.222670199999996], [109.33794790000002, 53.223414299999995], [109.3406268, 53.2244846], [109.3526373, 53.2297498], [109.35625689999999, 53.23093260000001], [109.3641366, 53.232573200000004], [109.36832909999998, 53.2333298], [109.37334879999999, 53.2370649], [109.374829, 53.2389852], [109.37695889999999, 53.2427478], [109.37888639999998, 53.2446072], [109.3846357, 53.2482182], [109.3940008, 53.2532104], [109.401152, 53.256572399999996], [109.40588369999999, 53.257835], [109.41696369999998, 53.26028089999999], [109.4231488, 53.261361799999996], [109.42869539999998, 53.26170069999999], [109.42780209999998, 53.263256], [109.428395, 53.2651974], [109.4308777, 53.2671632], [109.4350379, 53.2688841], [109.4386733, 53.26979779999999], [109.4420156, 53.2696408], [109.4459316, 53.2690244], [109.4478906, 53.26868279999999], [109.4495723, 53.27127149999999], [109.45058589999998, 53.2738849], [109.4523563, 53.2756078], [109.45486929999998, 53.276806699999995], [109.4577856, 53.277644099999996], [109.4620211, 53.2788981], [109.4660241, 53.2819161], [109.46940249999999, 53.28529269999999], [109.4704905, 53.2874401], [109.47046930000002, 53.28950689999999], [109.46963209999998, 53.2925635], [109.4677724, 53.2961739], [109.4675965, 53.2979053], [109.46869719999998, 53.29971950000001], [109.4706895, 53.3015116], [109.47344069999998, 53.3023464], [109.4767928, 53.3034888], [109.4789597, 53.30508300000001], [109.4830565, 53.307168], [109.48676919999998, 53.30911480000001], [109.49010270000001, 53.31079], [109.4924655, 53.3116195], [109.49516599999998, 53.3123531], [109.49723429999999, 53.312112099999986], [109.5017206, 53.3112008], [109.50536479999998, 53.310479], [109.507658, 53.3101739], [109.51076029999999, 53.310578799999995], [109.5139471, 53.31171810000001], [109.5221106, 53.3153185], [109.5251677, 53.3169893], [109.52848999999999, 53.31903], [109.53028449999998, 53.32021850000001], [109.5355774, 53.3185489], [109.54428209999999, 53.316420099999995], [109.5480577, 53.321399500000005], [109.55206979999998, 53.3260147], [109.55785439999998, 53.33091769999999], [109.5610328, 53.3339559], [109.56509479999998, 53.33728260000001], [109.5678098, 53.33866710000001], [109.5740817, 53.340656900000006], [109.5797046, 53.343314799999995], [109.5818906, 53.34555639999999], [109.58155379999998, 53.3481815], [109.5808958, 53.35102810000001], [109.58109049999999, 53.3546735], [109.5819262, 53.3579133], [109.5832674, 53.3591308], [109.5851266, 53.35986630000001], [109.5915304, 53.3617816], [109.5969824, 53.3640236], [109.6021344, 53.3658486], [109.60631539999999, 53.3686012], [109.6096217, 53.37123090000001], [109.6109217, 53.3718092], [109.61229669999999, 53.37201280000001], [109.6156971, 53.371713899999996], [109.62045329999998, 53.3722191], [109.62505189999999, 53.37373629999999], [109.6270572, 53.371881300000005], [109.62925910000001, 53.3677751], [109.6319199, 53.3650261], [109.6365123, 53.36673059999999], [109.6396944, 53.3673675], [109.64325899999999, 53.36782079999999], [109.64574969999998, 53.368487200000004], [109.647228, 53.3694053], [109.6503392, 53.37233200000001], [109.65354509999999, 53.3742456], [109.66148189999998, 53.37752639999999], [109.66416289999998, 53.3781571], [109.6676901, 53.3778205], [109.6768493, 53.376081], [109.6821557, 53.375049999999995], [109.6883237, 53.3745914], [109.692978, 53.37434150000001], [109.696981, 53.374873], [109.69648289999999, 53.3705486], [109.6969897, 53.3683007], [109.70039729999999, 53.3656333], [109.70339319999998, 53.36202260000001], [109.70499769999999, 53.3587348], [109.70798469999998, 53.3553867], [109.71261659999999, 53.353708600000004], [109.71816129999999, 53.352979], [109.72311279999998, 53.35321929999999], [109.72595499999998, 53.3526109], [109.7277051, 53.350713899999995], [109.7285811, 53.348657499999995], [109.7311618, 53.34624359999999], [109.7351, 53.3424541], [109.7398072, 53.34025], [109.74538449999999, 53.3383176], [109.7493069, 53.337194], [109.75163609999998, 53.33691770000001], [109.7572618, 53.33765189999999], [109.76057989999998, 53.33791119999999], [109.76613139999999, 53.336841500000006], [109.7687062, 53.33675509999999], [109.7746162, 53.3385429], [109.7802715, 53.34047809999999], [109.783778, 53.34073879999998], [109.7902609, 53.34001529999999], [109.79569529999999, 53.3408958], [109.80024459999998, 53.342030300000005], [109.8069702, 53.3438996], [109.81541009999998, 53.3473629], [109.8213791, 53.3494118], [109.82518609999998, 53.3502], [109.82738099999999, 53.35025899999999], [109.8337855, 53.34780460000001], [109.8384913, 53.34548389999999], [109.84089219999998, 53.344868600000005], [109.84440939999999, 53.344752099999994], [109.84784889999999, 53.3451981], [109.85200479999999, 53.347040199999995], [109.8576992, 53.3500613], [109.8635736, 53.35101800000001], [109.86960239999999, 53.3532905], [109.87366349999999, 53.354004299999986], [109.87704809999998, 53.3541861], [109.87648329999999, 53.3566221], [109.8729444, 53.359969], [109.867582, 53.3634117], [109.8627453, 53.36592009999999], [109.86536100000001, 53.36673329999999], [109.87142809999999, 53.367616500000004], [109.8764061, 53.3693528], [109.88067859999998, 53.3716834], [109.88752829999999, 53.3788448], [109.8902885, 53.38142399999999], [109.8939969, 53.383786399999984], [109.8989137, 53.3830802], [109.9082213, 53.3826013], [109.913017, 53.38170559999999], [109.91483529999998, 53.381055], [109.91884689999999, 53.3796172], [109.9236392, 53.3788337], [109.9283463, 53.37895069999999], [109.9335191, 53.38057379999999], [109.93966419999998, 53.38355709999998], [109.94438209999998, 53.3858517], [109.94881489999999, 53.38435049999999], [109.9535877, 53.3817631], [109.957715, 53.379883299999996], [109.96049309999998, 53.379268800000006], [109.96632969999999, 53.37943140000001], [109.968463, 53.376858299999995], [109.96933149999998, 53.37464990000001], [109.9700072, 53.372627599999994], [109.97129549999998, 53.37124909999999], [109.97293729999998, 53.3708499], [109.98320819999999, 53.371988200000004], [109.99192229999998, 53.37258700000001], [110.0005558, 53.373973], [110.0034016, 53.37309509999999], [110.00709450000001, 53.3736136], [110.0129204, 53.3742247], [110.01875329999999, 53.374535], [110.0238362, 53.3746887], [110.0300098, 53.373799399999996], [110.03357539999999, 53.371574700000004], [110.0359288, 53.3702038], [110.0429012, 53.37007139999999], [110.0493052, 53.3700842], [110.0556562, 53.3696457], [110.06053979999999, 53.37028449999999], [110.0668387, 53.3722862], [110.0723887, 53.3740939], [110.0782071, 53.37511479999999], [110.08601819999998, 53.376939099999994], [110.09084979999999, 53.37712559999999], [110.09537909999999, 53.37674640000001], [110.09719679999999, 53.376910099999996], [110.1016775, 53.3788963], [110.1029849, 53.37638979999999], [110.1014071, 53.373711599999986], [110.10115169999999, 53.3708556], [110.10213999999999, 53.36553], [110.1049405, 53.357513899999994], [110.10700079999998, 53.3518958], [110.1089369, 53.3492812], [110.11392819999999, 53.34451049999999], [110.11899039999999, 53.339289699999995], [110.12127669999998, 53.3379167], [110.12424599999999, 53.3368866], [110.12584499999998, 53.3353585], [110.12657659999999, 53.33326060000001], [110.1262661, 53.3299535], [110.1261236, 53.3276615], [110.1273846, 53.3241779], [110.12850509999998, 53.3214444], [110.12962929999999, 53.3185231], [110.13023359999998, 53.31649939999999], [110.12960579999998, 53.31337789999999], [110.12800179999999, 53.3088972], [110.12612329999999, 53.305616300000004], [110.12291189999999, 53.303189499999995], [110.11893869999999, 53.3012455], [110.11160009999999, 53.2996015], [110.1016485, 53.2955363], [110.0925253, 53.29120340000001], [110.0855914, 53.28694140000001], [110.0824435, 53.284839999999996], [110.07383209999999, 53.2823679], [110.0679393, 53.28073640000001], [110.06627149999998, 53.2777172], [110.06456849999998, 53.2763373], [110.05912929999998, 53.2748731], [110.0520071, 53.271154100000004], [110.04376959999999, 53.2684641], [110.03600939999998, 53.26484829999999], [110.0447998, 53.2630616], [110.05013339999999, 53.2609186], [110.05901099999998, 53.2550323], [110.06771529999999, 53.24859759999998], [110.07815399999998, 53.241902599999996], [110.08958419999999, 53.23554229999999], [110.0952149, 53.231978299999994], [110.0983656, 53.22937909999999], [110.1045702, 53.2243982], [110.1080019, 53.221363499999995], [110.11099449999999, 53.21750569999999], [110.1169212, 53.217113000000005], [110.1213977, 53.2163814], [110.125615, 53.2149371], [110.12807959999999, 53.2146274], [110.1308941, 53.21503089999999], [110.1360574, 53.2163805], [110.1403298, 53.2167398], [110.1451593, 53.2165564], [110.1490012, 53.2156551], [110.15514299999998, 53.2135131], [110.1599797, 53.2129465], [110.16662409999999, 53.2130485], [110.17319290000002, 53.212329600000004], [110.17690689999999, 53.2133395], [110.18196599999999, 53.2154517], [110.18583999999998, 53.21766480000001], [110.18965989999998, 53.222828699999994], [110.1932518, 53.22558609999999], [110.19904159999999, 53.2277025], [110.2028903, 53.226417000000005], [110.20846010000001, 53.22563490000001], [110.2131603, 53.222551], [110.22041659999998, 53.224184399999984], [110.2256942, 53.2244379], [110.22998269999998, 53.223974199999994], [110.2342885, 53.2277188], [110.2390676, 53.230482599999995], [110.24187569999998, 53.2313752], [110.244608, 53.2313928], [110.24854289999999, 53.230325], [110.25091089999998, 53.2303401], [110.2560835, 53.2314661], [110.2602629, 53.2320936], [110.2683476, 53.233401400000005], [110.27056289999999, 53.23166629999999], [110.2737669, 53.23070229999999], [110.27757039999999, 53.2320375], [110.2811175, 53.2323598], [110.2837488, 53.23576440000001], [110.28650059999998, 53.23739359999999], [110.29152489999998, 53.2393641], [110.29651119999998, 53.24086979999999], [110.29823979999999, 53.241016699999996], [110.3071322, 53.2404137], [110.30977649999998, 53.243162100000006], [110.312033, 53.24451429999999], [110.31465809999999, 53.2456228], [110.31911779999999, 53.2488734], [110.3240805, 53.25204459999999], [110.3248391, 53.2530874], [110.3242233, 53.2575655], [110.3242787, 53.2598886], [110.32588469999999, 53.2621386], [110.32838279999999, 53.2626995], [110.33248429999999, 53.2627229], [110.3354444, 53.2628763], [110.33730370000002, 53.2634881], [110.3436312, 53.2670488], [110.3501008, 53.270309299999994], [110.3572649, 53.27291759999999], [110.36529359999999, 53.275694], [110.36695679999998, 53.2710028], [110.36796349999999, 53.26756499999998], [110.37008609999998, 53.2657729], [110.37290549999999, 53.26302799999999], [110.3749664, 53.2591313], [110.3787775, 53.25710209999999], [110.3813442, 53.2560499], [110.38477489999998, 53.25511149999999], [110.38719720000002, 53.26113620000001], [110.3898848, 53.264511399999996], [110.3921029, 53.26561589999999], [110.39410329999998, 53.265981499999995], [110.3950972, 53.26661519999999], [110.3955681, 53.2688311], [110.39753779999998, 53.2714647], [110.40142759999999, 53.273698], [110.4076789, 53.2766537], [110.4145692, 53.2796124], [110.41942640000002, 53.2812215], [110.42338509999999, 53.281842299999994], [110.4277153, 53.2819455], [110.43228069999999, 53.281503199999996], [110.43479949999998, 53.2806409], [110.4386909, 53.2794027], [110.4437606, 53.2786891], [110.44820000000001, 53.27734379999999], [110.45444709999998, 53.27726379999999], [110.4610567, 53.27734910000001], [110.4639592, 53.2748484], [110.4666284, 53.27278379999999], [110.4690641, 53.2711553], [110.4713317, 53.2683235], [110.4774007, 53.267749699999996], [110.48424489999998, 53.26715159999999], [110.48725339999999, 53.2671375], [110.49016239999999, 53.2678334], [110.4935677, 53.2689959], [110.49756499999998, 53.2702156], [110.50034079999999, 53.27063739999999], [110.5034891, 53.2703777], [110.50756109999999, 53.2690286], [110.512401, 53.2682837], [110.5197412, 53.2681229], [110.52539369999998, 53.268091399999996], [110.5291272, 53.2684891], [110.5330261, 53.270472399999996], [110.53550950000002, 53.27275040000001], [110.53980799999998, 53.275828], [110.5468828, 53.27946279999999], [110.54837699999999, 53.2804797], [110.5501352, 53.282454], [110.55098549999998, 53.284042299999996], [110.5527532, 53.2850875], [110.55543769999998, 53.2856716], [110.5573971, 53.2858157], [110.566739, 53.28642469999998], [110.57622319999999, 53.28651430000001], [110.58611089999998, 53.2873151], [110.59500019999999, 53.287647099999994], [110.6030235, 53.28794799999999], [110.60553359999999, 53.2877379], [110.6082794, 53.2866269], [110.61203459999999, 53.2825077], [110.6196602, 53.2835495], [110.62513809999999, 53.2828023], [110.63354189999998, 53.2811075], [110.63929809999999, 53.27970460000001], [110.64496779999999, 53.2776727], [110.655847, 53.2739619], [110.6637599, 53.27046], [110.67308129999999, 53.267371700000005], [110.67989169999998, 53.2647127], [110.6875623, 53.2627389], [110.6909892, 53.261463799999994], [110.69291149999998, 53.2602666], [110.69361139999998, 53.25786379999999], [110.6933941, 53.2563056], [110.6914968, 53.2538957], [110.6860205, 53.2485796], [110.6829925, 53.245073599999984], [110.6804662, 53.241568799999996], [110.67839609999999, 53.2380379], [110.67114760000001, 53.2326614], [110.6683389, 53.2306312], [110.6649377, 53.2287086], [110.661214, 53.227304], [110.65827159999999, 53.22499989999999], [110.6555006, 53.2182147], [110.65048279999999, 53.207760799999996], [110.6432991, 53.1953052], [110.6401692, 53.1940931], [110.63131079999998, 53.1923163], [110.62762879999998, 53.1918946], [110.6262172, 53.19202669999999], [110.62325419999999, 53.192672800000004], [110.61952379999998, 53.19260599999999], [110.6113298, 53.19304339999999], [110.6067788, 53.19313739999999], [110.6036871, 53.1928536], [110.6010102, 53.1920247], [110.59842609999998, 53.19094989999999], [110.5960746, 53.1893568], [110.5939469, 53.1882017], [110.5919046, 53.187647899999995], [110.5883558, 53.18766269999999], [110.5857156, 53.18781729999999], [110.58071399999999, 53.1874987], [110.57862410000001, 53.1871906], [110.57708429999998, 53.1864472], [110.5766887, 53.184997300000006], [110.577751, 53.1833069], [110.5779904, 53.182050800000006], [110.57458439999999, 53.18143719999999], [110.5710942, 53.18016730000001], [110.56665349999999, 53.178374600000005], [110.5580993, 53.1786976], [110.5490811, 53.1798654], [110.54056079999998, 53.1812258], [110.53295069999999, 53.1825071], [110.5297199, 53.1826034], [110.51837999999998, 53.18378680000001], [110.51419359999998, 53.1838788], [110.5094212, 53.1835035], [110.50588409999999, 53.182504800000004], [110.50227, 53.180248500000005], [110.5002868, 53.1786278], [110.4980841, 53.1763229], [110.4953736, 53.1746988], [110.49315599999998, 53.173732799999996], [110.4876525, 53.1737634], [110.4831914, 53.17409899999999], [110.478422, 53.1735859], [110.47379989999999, 53.1721441], [110.46842429999998, 53.1691138], [110.4645923, 53.166336300000005], [110.4618477, 53.1639462], [110.45636979999999, 53.1619805], [110.451427, 53.160919], [110.449253, 53.160225600000004], [110.44676740000001, 53.159038800000005], [110.44300309999998, 53.158283], [110.4417486, 53.15682879999999], [110.4401365, 53.15488070000001], [110.43820469999999, 53.153067899999996], [110.4356866, 53.15089689999999], [110.4317652, 53.1483091], [110.42773969999999, 53.1467592], [110.4232141, 53.145261299999994], [110.4179598, 53.14389619999999], [110.41737309999999, 53.1401221], [110.41768579999999, 53.1370902], [110.41858209999998, 53.13458059999999], [110.42040039999999, 53.1310644], [110.42311519999998, 53.12845449999999], [110.42559539999999, 53.126389800000005], [110.4268457, 53.124565000000004], [110.4268166, 53.1233078], [110.4255213, 53.1216071], [110.4220144, 53.118829799999986], [110.41899769999999, 53.1167926], [110.41770139999998, 53.1152011], [110.41836579999999, 53.1130455], [110.41958079999999, 53.110428199999994], [110.4202877, 53.1084641], [110.4216296, 53.10655789999999], [110.4262228, 53.10253599999999], [110.4335694, 53.09970249999999], [110.4362058, 53.099469299999996], [110.4403261, 53.1003636], [110.44377079999998, 53.100844599999995], [110.4487807, 53.1005028], [110.4494409, 53.0997486], [110.4516297, 53.0981919], [110.45286159999999, 53.09681350000001], [110.4528806, 53.0952727], [110.45134439999998, 53.0932023], [110.445417, 53.088421], [110.4422666, 53.0871262], [110.43674759999999, 53.084488099999994], [110.43249139999999, 53.08151620000001], [110.4313859, 53.079787200000005], [110.4317086, 53.07830010000001], [110.4331314, 53.0755648], [110.4326761, 53.0738649], [110.4310941, 53.0721073], [110.4277288, 53.070785099999995], [110.42413399999998, 53.07045399999999], [110.42140809999998, 53.069996599999996], [110.4182164, 53.068701], [110.41555269999999, 53.066833300000006], [110.41130810000001, 53.063233999999994], [110.4078622, 53.0615451], [110.404489, 53.0609272], [110.39297719999999, 53.059457699999996], [110.3904602, 53.05965359999999], [110.38862380000002, 53.06079309999999], [110.3872343, 53.0640766], [110.3867607, 53.060705], [110.3871832, 53.0583828], [110.38619919999998, 53.05743739999999], [110.38378159999999, 53.0567196], [110.380018, 53.0561773], [110.3766139, 53.05472290000001], [110.3710839, 53.050383899999986], [110.35993759999998, 53.0478945], [110.34850609999998, 53.047204599999986], [110.33971409999998, 53.0468158], [110.3358974, 53.0470031], [110.3286529, 53.04745799999999], [110.3246276, 53.047121399999995], [110.32225929999998, 53.04611539999999], [110.32107009999999, 53.04454140000001], [110.31981339999999, 53.041713400000006], [110.3142256, 53.0387819], [110.31122099999999, 53.0369622], [110.30791640000001, 53.0349316], [110.30610579999998, 53.034346299999996], [110.3017436, 53.0334846], [110.29825789999998, 53.0347174], [110.29412899999998, 53.0355284], [110.2897991, 53.0353455], [110.28627599999999, 53.0361859], [110.28470109999999, 53.0371165], [110.28141099999999, 53.03960370000001], [110.2761196, 53.0425485], [110.27018999999999, 53.0447317], [110.2647495, 53.04613410000001], [110.2613652, 53.04637399999999], [110.2567275, 53.04639699999999], [110.2536588, 53.04590730000001], [110.2505226, 53.044294099999995], [110.24766039999999, 53.0418731], [110.2440013, 53.0379319], [110.24184239999998, 53.034966700000005], [110.2411928, 53.0324292], [110.24126979999998, 53.030470799999996], [110.24236959999999, 53.02697820000001], [110.2417324, 53.026242799999984], [110.2380764, 53.02473040000001], [110.2350121, 53.02408369999999], [110.23224529999999, 53.02377829999999], [110.23000039999998, 53.0233456], [110.22879689999999, 53.02281539999999], [110.22829769999998, 53.021636799999996], [110.2279564, 53.0188662], [110.2242088, 53.01523719999999], [110.2224712, 53.01308409999999], [110.21984919999998, 53.0095278], [110.21801709999998, 53.00784399999999], [110.2162112, 53.0071267], [110.21233949999998, 53.0069311], [110.20733899999999, 53.00689749999999], [110.2037131, 53.0062852], [110.19934659999998, 53.0047146], [110.1949953, 53.00353559999999], [110.1919683, 53.003332], [110.18913419999998, 53.003234], [110.1881442, 53.002913899999996], [110.18686529999998, 53.0018342], [110.18624949999999, 53.0004931], [110.18564869999999, 52.996799], [110.1854858, 52.99209699999999], [110.18495469999999, 52.9891616], [110.18597889999998, 52.98815759999999], [110.1874167, 52.9874094], [110.19119889999999, 52.98672750000001], [110.1970839, 52.9855543], [110.197763, 52.98505339999999], [110.1991844, 52.9806653], [110.2004749, 52.9788039], [110.2069044, 52.97525789999999], [110.21230449999999, 52.97301929999999], [110.2151114, 52.9706115], [110.2164119, 52.9681433], [110.2189089, 52.964318199999994], [110.2183594, 52.96229269999999], [110.2137696, 52.96150419999999], [110.20943909999998, 52.9602624], [110.1980565, 52.9556368], [110.195241, 52.9540002], [110.19366509999999, 52.9532314], [110.18949119999999, 52.95264710000001], [110.18623230000001, 52.95237190000001], [110.18146139999999, 52.9523898], [110.1750293, 52.9517388], [110.1722591, 52.95217439999999], [110.17124319999999, 52.9527738], [110.1689566, 52.9541733], [110.1656024, 52.9545036], [110.16158839999999, 52.9543237], [110.1551189, 52.955592100000004], [110.151601, 52.95571880000001], [110.14875659999998, 52.955647799999994], [110.1479406, 52.9545805], [110.14805089999999, 52.9532164], [110.14844519999998, 52.9501865], [110.14585309999998, 52.9458208], [110.1442335, 52.943079499999996], [110.144134, 52.9396415], [110.14574049999999, 52.9345479], [110.13942029999998, 52.932632], [110.13569369999999, 52.930734699999995], [110.13033799999998, 52.9266518], [110.12787259999999, 52.9244601], [110.1254963, 52.9220164], [110.1236289, 52.9192225], [110.12158149999999, 52.91708439999999], [110.12024890000002, 52.9168217], [110.11245509999999, 52.91762310000001], [110.106687, 52.9175293], [110.10084639999998, 52.91687869999999], [110.09867450000002, 52.9167611], [110.09339009999998, 52.9175297], [110.0912986, 52.9175643], [110.08805779999999, 52.91657899999999], [110.0855601, 52.9160544], [110.0828834, 52.91608440000001], [110.07759559999998, 52.9170037], [110.07434, 52.9167257], [110.06910279999998, 52.9152695], [110.0647194, 52.913011000000004], [110.0619183, 52.91106789999999], [110.0607038, 52.9092387], [110.0584169, 52.9105854], [110.057294, 52.9122446], [110.05657139999998, 52.9147157], [110.0554525, 52.9161727], [110.05282309999998, 52.917870400000005], [110.0503771, 52.9188113], [110.045172, 52.91973009999999], [110.04146049999999, 52.921166], [110.0399474, 52.9215077], [110.0342474, 52.9183275], [110.03059220000002, 52.917236199999984], [110.02827119999999, 52.91630729999999], [110.0263019, 52.9146232], [110.02316939999999, 52.912625899999995], [110.01973469999999, 52.912901], [110.01258939999998, 52.9145605], [110.0105002, 52.9144926], [110.008345, 52.9136659], [110.00547549999999, 52.911165], [110.0034971, 52.90993520000001], [110.002163, 52.909772399999994], [110.0007347, 52.910063699999995], [109.9992857, 52.9112647], [109.9966671, 52.9124051], [109.9946526, 52.91274200000001], [109.99264609999999, 52.912724999999995], [109.99089759999998, 52.91240690000001], [109.9845062, 52.910380999999994], [109.98221249999999, 52.911928399999994], [109.97879839999999, 52.9148814], [109.9751555, 52.9168721], [109.9705972, 52.9186524], [109.9665658, 52.919375599999995], [109.9599046, 52.9216428], [109.95789300000001, 52.9218273], [109.9542837, 52.922351599999985], [109.9518296, 52.9235432], [109.9444095, 52.9260049], [109.9390449, 52.9264626], [109.93358409999999, 52.92742479999999], [109.9310852, 52.9269979], [109.92793349999998, 52.92590799999999], [109.9240283, 52.9248617], [109.92121269999998, 52.9237241], [109.91411619999998, 52.92320440000001], [109.91113369999998, 52.9254013], [109.90918229999998, 52.926495499999994], [109.9071728, 52.92657809999999], [109.87931060000001, 52.9236396], [109.8757295, 52.9230497], [109.87217049999998, 52.921600500000004], [109.8696832, 52.920768200000005], [109.8678369, 52.9210034], [109.8665683, 52.92154729999999], [109.865707, 52.9224995], [109.8655784, 52.924217], [109.8664508, 52.9260451], [109.8662308, 52.92806490000001], [109.86536939999999, 52.929017], [109.8618966, 52.930652], [109.860941, 52.9320076], [109.861407, 52.933377], [109.86394289999998, 52.93557479999999], [109.86472239999999, 52.937755900000006], [109.864526, 52.93886609999999], [109.8583808, 52.9434578], [109.85581919999998, 52.945404399999994], [109.8547578, 52.9475678], [109.85374399999999, 52.9510965], [109.84730989999998, 52.95699909999998], [109.84571199999999, 52.95728679999999], [109.84141429999998, 52.9552231], [109.836858, 52.9534599], [109.833615, 52.95266989999999], [109.8295177, 52.95252849999999], [109.8258456, 52.952138399999995], [109.8249155, 52.952483099999995], [109.82345599999998, 52.9538335], [109.82198419999999, 52.9556386], [109.81376749999998, 52.9591964], [109.8120827, 52.959584], [109.80998909999998, 52.95961359999999], [109.80424949999998, 52.95829229999999], [109.8019021, 52.9584202], [109.79626299999998, 52.95952599999999], [109.78711169999998, 52.9634769], [109.77800799999999, 52.968640699999995], [109.77631269999999, 52.969381500000004], [109.77333489999998, 52.968087100000005], [109.7709149, 52.96780929999999], [109.7657209, 52.9679071], [109.7474314, 52.9691818], [109.7383899, 52.9691368], [109.73455579999998, 52.96853990000001], [109.7314868, 52.9675468], [109.7267035, 52.9650693], [109.72462299999998, 52.9646426], [109.7216936, 52.96461109999999], [109.7172189, 52.9658772], [109.715128, 52.96580409999999], [109.70995389999999, 52.9652425], [109.70108359999999, 52.9650954], [109.6967209, 52.9654014], [109.6911648, 52.966402], [109.6840646, 52.9658685], [109.67425509999998, 52.9663156], [109.66361309999999, 52.966601], [109.65842859999998, 52.9663908], [109.64376629999998, 52.96405089999999], [109.6350104, 52.9629396], [109.63124459999999, 52.9628964], [109.62390240000002, 52.96210380000001], [109.6183808, 52.96198919999999], [109.61451009999999, 52.962601299999996], [109.6107509, 52.96339660000001], [109.6103988, 52.9628869], [109.61051609999998, 52.962362500000005], [109.612386, 52.960959], [109.6150126, 52.9599786], [109.6168825, 52.9590904], [109.61776619999999, 52.95763469999999], [109.6180237, 52.9548069], [109.6153791, 52.9485079], [109.6128729, 52.945749], [109.60798989999999, 52.9414456], [109.60653449999998, 52.939861699999994], [109.6060756, 52.935913299999996], [109.605608, 52.93484620000001], [109.60443709999998, 52.9348325], [109.60274169999998, 52.9355202], [109.5994342, 52.9368967], [109.593209, 52.9379353], [109.5895993, 52.93829699999999], [109.5872591, 52.93821859999999], [109.5837826, 52.9370651], [109.5801026, 52.9370213], [109.5746331, 52.937966800000005], [109.57212729999999, 52.93783549999999], [109.57047269999998, 52.9372596], [109.56907929999998, 52.93638349999999], [109.5674883, 52.9338873], [109.5643672, 52.932130999999984], [109.56326, 52.930196599999995], [109.56330189999998, 52.9289333], [109.56382199999999, 52.9258561], [109.5636381, 52.9238318], [109.562516, 52.9223523], [109.5607855, 52.9215731], [109.55580440000001, 52.920451], [109.55491329999998, 52.9195809], [109.55504250000001, 52.9182176], [109.55602919999998, 52.916207500000006], [109.55702619999998, 52.9138943], [109.5567438, 52.912323799999996], [109.55536469999998, 52.9110433], [109.5528024, 52.9101526], [109.5462211, 52.9094153], [109.53911839999999, 52.909277499999995], [109.53730349999998, 52.90854740000001], [109.53458959999999, 52.9071997], [109.53354749999998, 52.9058725], [109.5335748, 52.905064], [109.5341938, 52.90406070000001], [109.5367675, 52.9021209], [109.5404238, 52.9002955], [109.5405411, 52.899285899999995], [109.5395776, 52.8981114], [109.5351454, 52.895681], [109.53426719999999, 52.894456899999994], [109.5324582, 52.8910981], [109.5314353, 52.886738], [109.5320596, 52.8806292], [109.53064679999999, 52.8754555], [109.52927159999999, 52.874124099999996], [109.52645949999999, 52.87328049999999], [109.5234615, 52.8729905], [109.52089339999999, 52.872351800000004], [109.51383409999998, 52.8686746], [109.5120057, 52.868398899999995], [109.50891289999998, 52.868461200000006], [109.50049639999999, 52.8702761], [109.494296, 52.870804299999996], [109.4883739, 52.87052680000001], [109.4857158, 52.87008859999999], [109.4837559, 52.868799900000006], [109.48041179999998, 52.8664823], [109.4764568, 52.8625391], [109.4740017, 52.8610922], [109.46689129999999, 52.859029], [109.46381679999999, 52.858584799999996], [109.45822879999999, 52.85836069999999], [109.4552964, 52.858625999999994], [109.4521895, 52.859091], [109.4450903, 52.8614248], [109.44248949999998, 52.8617445], [109.43931529999999, 52.8617534], [109.43604839999999, 52.8620137], [109.4337942, 52.8619841], [109.4287362, 52.8609566], [109.4224592, 52.859003099999995], [109.4179028, 52.85798189999999], [109.4159754, 52.85815839999999], [109.4145919, 52.85945430000001], [109.4117097, 52.8629039], [109.40827399999999, 52.865486600000004], [109.4062035, 52.86727869999999], [109.4012809, 52.869386199999994], [109.3995868, 52.87002059999999], [109.39804829999999, 52.8709603], [109.3939556, 52.87545469999999], [109.39269549999999, 52.87563990000001], [109.3864434, 52.8752518], [109.3743931, 52.8735204], [109.36542959999998, 52.8719313], [109.36284659999998, 52.871744], [109.35923319999999, 52.87230079999999], [109.3509318, 52.8730958], [109.34731609999999, 52.873702599999994], [109.3410133, 52.87685], [109.3390654, 52.8775306], [109.33496359999998, 52.8777259], [109.3301258, 52.87750630000001], [109.3273796, 52.8772149], [109.3254374, 52.87774360000001], [109.3224736, 52.878763500000005], [109.32076409999999, 52.87975029999999], [109.3186354, 52.8807818], [109.31706929999999, 52.882377199999986], [109.31443589999999, 52.8813289], [109.3117365, 52.8798245], [109.3055577, 52.8775627], [109.3020318, 52.8758442], [109.30034539999998, 52.8741013], [109.298725, 52.87493739999999], [109.2973894, 52.8770415], [109.29606939999998, 52.8787413], [109.2936695, 52.880274], [109.2901739, 52.882043599999996], [109.2885789, 52.8822229], [109.2822474, 52.8817271], [109.28064669999999, 52.8820576], [109.2790992, 52.88314739999999], [109.27613139999998, 52.886339799999995], [109.2739861, 52.88984729999999], [109.27243229999999, 52.89108860000001], [109.27006309999999, 52.8918124], [109.26509819999998, 52.892649899999995], [109.2544523, 52.893403799999994], [109.24579459999998, 52.894590599999994], [109.24144429999998, 52.89467799999999], [109.23885669999999, 52.8945891], [109.2386126, 52.8923611], [109.2373703, 52.8900172], [109.23594469999999, 52.88807510000001], [109.2334882, 52.8868253], [109.2306626, 52.88642939999998], [109.22607079999999, 52.88631019999999], [109.219188, 52.88499399999999], [109.2147884, 52.8842707], [109.2083615, 52.884072800000006], [109.1995356, 52.883282099999995], [109.19652269999999, 52.88338799999999], [109.18856119999998, 52.8839241], [109.18689159999998, 52.8818765], [109.1834208, 52.8789419], [109.1789401, 52.8761938], [109.1767256, 52.8751994], [109.17531059999999, 52.875076499999984], [109.17379269999999, 52.875407], [109.1721333, 52.8751289], [109.17057429999998, 52.8744476], [109.164489, 52.87015770000001], [109.1614082, 52.86793610000001], [109.1548558, 52.8648519], [109.1408342, 52.85674680000001], [109.1384995, 52.85665959999999], [109.13157729999999, 52.8583708], [109.1196706, 52.85944669999999], [109.1147502, 52.859267599999995], [109.10885929999999, 52.85836499999999], [109.10194080000001, 52.85613120000001], [109.08734260000001, 52.85003259999999], [109.08290530000001, 52.84839379999999], [109.0793438, 52.8477295], [109.0563768, 52.84781069999999], [109.05554479999999, 52.84400539999999], [109.05403879999999, 52.8403409], [109.0538789, 52.8383161], [109.05315989999998, 52.837596500000004], [109.0472005, 52.838307400000005], [109.0430808, 52.83894730000001], [109.0404113, 52.838903300000005], [109.03784779999998, 52.838355400000005], [109.0341463, 52.837131400000004], [109.0221428, 52.8312192], [109.01475079999999, 52.82674800000001], [109.01271629999998, 52.82560190000001], [109.0094731, 52.825345199999994], [109.0030145, 52.82604559999999], [109.0005148, 52.825952900000004], [108.99702610000001, 52.8255908], [108.9931716, 52.8241101], [108.98552429999998, 52.819835], [108.9829285, 52.8182236], [108.98199809999998, 52.816691199999994], [108.98225919999999, 52.81285340000001], [108.9813207, 52.8097029], [108.97414429999999, 52.80255350000001], [108.9721744, 52.801862500000006], [108.967009, 52.801723599999995], [108.9619387, 52.8013333], [108.9542562, 52.79973489999999], [108.9505553, 52.79860930000001], [108.94517379999999, 52.79598849999999], [108.94030959999999, 52.7930224], [108.9382599, 52.792278900000014], [108.9289965, 52.7906516], [108.92429249999999, 52.78960870000001], [108.92168879999998, 52.78824869999998], [108.91919749999998, 52.7862838], [108.91897749999998, 52.7839039], [108.9197309, 52.78209699999999], [108.9214379, 52.78126749999999], [108.92324510000002, 52.780085799999995], [108.9233741, 52.779127499999994], [108.92054129999998, 52.7755895], [108.91755320000001, 52.773565299999994], [108.9113851, 52.77006960000001], [108.90905699999999, 52.76820849999999], [108.90519769999999, 52.7652587], [108.90346259999998, 52.7632058], [108.9035548, 52.7612862], [108.90469789999999, 52.76004249999999], [108.9052728, 52.7584855], [108.90455000000001, 52.7579165], [108.8985228, 52.7567482], [108.89450899999999, 52.755312], [108.88798289999998, 52.7524153], [108.8833525, 52.74995650000001], [108.88070109999998, 52.74793739999999], [108.88075509999999, 52.74682610000001], [108.88416769999999, 52.74344920000001], [108.88503689999999, 52.7409875], [108.8849388, 52.73957000000001], [108.8784648, 52.733943700000005], [108.8738323, 52.731585599999995], [108.8694005, 52.730242200000006], [108.85713359999998, 52.7273414], [108.85680209999998, 52.7256165], [108.85988959999999, 52.7220828], [108.8620189, 52.716003699999995], [108.8635441, 52.7137562], [108.86671339999998, 52.7102236], [108.8671446, 52.7082092], [108.86685199999998, 52.705676000000004], [108.8648371, 52.7043252], [108.85623029999999, 52.699923], [108.85373439999998, 52.6982095], [108.84967639999999, 52.6961136], [108.84294589999999, 52.69422169999999], [108.83822209999998, 52.69383229999999], [108.8365436, 52.6924367], [108.835459, 52.68913049999999], [108.83394899999999, 52.67929469999999], [108.83402779999999, 52.6743414], [108.83555529999998, 52.667342000000005], [108.83644859999998, 52.6660942], [108.8399423, 52.664388499999994], [108.840586, 52.6631362], [108.84025039999999, 52.66151229999999], [108.8376427, 52.6570661], [108.83710279999998, 52.65452839999998], [108.8359751, 52.65379990000001], [108.83298989999999, 52.653644299999996], [108.8270499, 52.6543949], [108.82138919999998, 52.654543800000006], [108.81691649999999, 52.6558771], [108.81517189999998, 52.655844900000005], [108.80982329999999, 52.654735], [108.806788, 52.6539205], [108.8053588, 52.6525795], [108.80236969999999, 52.64918719999999], [108.80126909999998, 52.6446165], [108.80163789999999, 52.640578700000006], [108.79941689999998, 52.638464600000006], [108.79692929999999, 52.6366994], [108.7925398, 52.634746799999995], [108.7904706, 52.6329388], [108.77994509999999, 52.62910169999999], [108.77651619999999, 52.62719589999998], [108.7748692, 52.625973], [108.7728033, 52.62411399999999], [108.766961, 52.62137499999999], [108.7627679, 52.620183499999996], [108.75841269999998, 52.61762360000001], [108.7558166, 52.6164117], [108.7532049, 52.61550269999999], [108.75008130000002, 52.6135727], [108.74854609999998, 52.61111659999999], [108.74826610000001, 52.6084822], [108.74898949999998, 52.607333], [108.75491069999998, 52.603603], [108.7566446, 52.6005518], [108.7578859, 52.599007799999995], [108.75908499999998, 52.5950365], [108.7560792, 52.587244], [108.7549437, 52.5850989], [108.7523315, 52.5842403], [108.7473533, 52.58419629999999], [108.7441348, 52.5838316], [108.74111590000001, 52.58281339999999], [108.73830999999998, 52.5808892], [108.73714949999999, 52.5792492], [108.73662679999998, 52.57650900000001], [108.73560389999999, 52.5738097], [108.7354542, 52.5718855], [108.736582, 52.567710700000006], [108.7369165, 52.5660486], [108.736075, 52.564667400000005], [108.73374939999998, 52.5631062], [108.72957959999998, 52.5619139], [108.73037849999999, 52.5593001], [108.72988699999999, 52.5575716], [108.7277641, 52.555306300000005], [108.7244503, 52.5536248], [108.7245749, 52.5528182], [108.72638739999998, 52.553055199999996], [108.72796960000001, 52.5529339], [108.7300961, 52.551913], [108.7358037, 52.5506066], [108.73699490000001, 52.5500227], [108.7379352, 52.5478666], [108.73918389999999, 52.5429356], [108.74029229999998, 52.5407321], [108.7433342, 52.5380094], [108.7430779, 52.53653829999998], [108.7403423, 52.5333009], [108.73712619999999, 52.52651490000001], [108.7359826, 52.5245718], [108.72452189999998, 52.51697010000001], [108.7190408, 52.5139827], [108.7136733, 52.5088229], [108.7099075, 52.50794119999999], [108.7010907, 52.5085792], [108.69579539999998, 52.5084254], [108.6925107, 52.507855899999996], [108.68912839999999, 52.5056663], [108.6872248, 52.50562910000001], [108.683728, 52.5062685], [108.67909000000002, 52.5062282], [108.67605649999999, 52.505612500000005], [108.67225989999999, 52.505012], [108.66709069999999, 52.504991], [108.6639902, 52.504707399999994], [108.65567169999998, 52.50253049999999], [108.64729979999998, 52.5010497], [108.63936829999999, 52.5006387], [108.6338238, 52.501741499999994], [108.62825959999999, 52.501984], [108.616207, 52.501488899999984], [108.6143334, 52.50089499999999], [108.61190839999999, 52.49978420000001], [108.6057829, 52.4951097], [108.60453599999998, 52.493668899999996], [108.60362760000001, 52.49056620000001], [108.600944, 52.488135400000004], [108.5979071, 52.4861019], [108.5971433, 52.4849234], [108.59690019999998, 52.48178370000001], [108.5950388, 52.4779538], [108.59248019999998, 52.474766900000006], [108.5898805, 52.4738543], [108.58304599999998, 52.4731587], [108.58109169999999, 52.4725625], [108.57504499999999, 52.4680903], [108.57203609999999, 52.4656016], [108.5664438, 52.46493050000001], [108.5635648, 52.464294800000005], [108.5562894, 52.4614345], [108.5540499, 52.460023099999994], [108.5517529, 52.4581552], [108.54686539999999, 52.4567393], [108.53833799999998, 52.455298000000006], [108.53265929999999, 52.4547245], [108.5250565, 52.45451510000001], [108.5203843, 52.45370929999999], [108.5198907, 52.45218199999999], [108.51802029999999, 52.450120299999995], [108.5124844, 52.4391026], [108.50919309999999, 52.43496799999999], [108.5014953, 52.4277268], [108.50022199999998, 52.4268403], [108.49438239999999, 52.4262616], [108.4925311, 52.4253628], [108.4897724, 52.42151200000001], [108.48628719999999, 52.4188086], [108.48482499999999, 52.4154403], [108.48428870000001, 52.411788400000006], [108.47937569999999, 52.40369470000001], [108.4771502, 52.4021303], [108.47465119999998, 52.4010151], [108.4662283, 52.399419], [108.4637268, 52.3983541], [108.4553621, 52.3914492], [108.45417509999999, 52.389097799999995], [108.45119219999998, 52.3846445], [108.4501981, 52.38324769999999], [108.4498697, 52.381774400000005], [108.4501176, 52.3792008], [108.45114069999998, 52.375784599999996], [108.4515134, 52.373618400000005], [108.45069569999998, 52.3677354], [108.4472356, 52.3661438], [108.4452634, 52.36453369999999], [108.4425094, 52.36073239999998], [108.440681, 52.3566476], [108.43762789999998, 52.353749799999996], [108.4340356, 52.3487671], [108.43037949999999, 52.344895199999996], [108.4265683, 52.3422841], [108.42389969999999, 52.338484199999996], [108.4208547, 52.335485], [108.41846099999998, 52.332651600000005], [108.4177456, 52.33076510000001], [108.41728919999998, 52.3272662], [108.41527869999999, 52.3263625], [108.41096340000001, 52.32535790000001], [108.4039755, 52.3249011], [108.4000104, 52.3249655], [108.3978885, 52.3245648], [108.3928626, 52.32162230000001], [108.3863917, 52.3194061], [108.384674, 52.317750000000004], [108.3847723, 52.3160834], [108.38570649999998, 52.314233400000006], [108.3879181, 52.3117035], [108.3901482, 52.3074549], [108.3937521, 52.3022757], [108.39639839999998, 52.2993507], [108.3966987, 52.2984472], [108.3943522, 52.296271700000005], [108.38217970000001, 52.288720999999995], [108.3794297, 52.2850193], [108.37904589999998, 52.28313990000001], [108.378711, 52.27903659999999], [108.37716279999998, 52.27733369999999], [108.37338919999999, 52.275631600000004], [108.37188169999999, 52.2746373], [108.37142499999999, 52.2726045], [108.3713963, 52.26891260000001], [108.37035009999998, 52.2657037], [108.36875899999998, 52.2633422], [108.3651812, 52.2611387], [108.3652128, 52.25921780000001], [108.36609710000002, 52.2568104], [108.3662362, 52.25585279999999], [108.36164019999998, 52.25554799999999], [108.3585854, 52.2542661], [108.3544922, 52.25382020000001], [108.3519795, 52.2517414], [108.34530169999998, 52.248779799999994], [108.3440949, 52.2485706], [108.3370744, 52.2485944], [108.3331029, 52.2477765], [108.32907469999999, 52.247634899999994], [108.32509229999998, 52.24673549999999], [108.32353209999998, 52.2466496], [108.31842249999998, 52.246685299999996], [108.31680459999998, 52.246193399999996], [108.3196138, 52.243324400000006], [108.32073179999999, 52.24117549999999], [108.3234547, 52.2369898], [108.3267799, 52.23099729999999], [108.3338434, 52.2230667], [108.3343605, 52.2213084], [108.33449669999999, 52.219036100000004], [108.33271309999999, 52.2130795], [108.33195439999999, 52.211907999999994], [108.330453, 52.209589900000005], [108.3285954, 52.20762630000001], [108.32251230000001, 52.20339249999999], [108.3169984, 52.199565699999994], [108.31202629999999, 52.1971366], [108.30542239999998, 52.194760999999986], [108.2944957, 52.19041489999999], [108.2921984, 52.19031150000001], [108.28694519999999, 52.1914549], [108.28247759999999, 52.19185780000001], [108.2808528, 52.1915169], [108.271702, 52.18670389999999], [108.2698003, 52.1860532], [108.2667678, 52.185598600000006], [108.25979559999999, 52.18339379999999], [108.2562309, 52.182501900000005], [108.2530303, 52.1823768], [108.2512522, 52.18319499999999], [108.2493566, 52.18325180000001], [108.24734979999998, 52.18244649999998], [108.2431493, 52.179870599999994], [108.2331171, 52.175843099999994], [108.2300181, 52.1754163], [108.2252982, 52.17328259999999], [108.2230871, 52.17312949999999], [108.2190189, 52.17321559999999], [108.21694989999999, 52.1739456], [108.21268579999999, 52.17900269999999], [108.2083448, 52.182641999999994], [108.20417089999998, 52.184919699999995], [108.19769269999999, 52.18850789999998], [108.1950004, 52.189455200000005], [108.1907246, 52.19071889999999], [108.18357939999999, 52.19181249999998], [108.18230909999998, 52.187180500000004], [108.18082589999999, 52.1846167], [108.1782527, 52.182380599999995], [108.17529369999998, 52.1810456], [108.1711849, 52.17968290000001], [108.1668544, 52.179225], [108.15652819999998, 52.17862240000001], [108.15130719999999, 52.17794009999999], [108.147995, 52.1770003], [108.14561059999998, 52.17607689999999], [108.1426025, 52.175150499999994], [108.1310355, 52.1734031], [108.12626929999999, 52.17333750000001], [108.1238285, 52.17292410000001], [108.1166573, 52.17062489999999], [108.1013943, 52.1688348], [108.09922519999999, 52.1685487], [108.09561069999998, 52.165456], [108.087806, 52.1603077], [108.08702509999999, 52.15841719999999], [108.08732119999999, 52.1564018], [108.08911779999998, 52.15406949999999], [108.0894951, 52.15231899999999], [108.08929259999998, 52.1508049], [108.08906580000001, 52.14907199999999], [108.0884136, 52.147225199999994], [108.0862707, 52.14479560000001], [108.0845544, 52.14338769999999], [108.08120369999999, 52.141838299999996], [108.079822, 52.1416018], [108.07522270000001, 52.1428025], [108.0723863, 52.1434401], [108.0688644, 52.143251399999976], [108.06405949999998, 52.142575499999985], [108.0592667, 52.14296170000001], [108.05600339999998, 52.1438411], [108.0482683, 52.145215199999996], [108.04705069999999, 52.144982500000005], [108.04722449999998, 52.142357200000006], [108.04688870000001, 52.139233700000005], [108.04617119999999, 52.13765810000001], [108.0458536, 52.1364972], [108.04631939999999, 52.1344255], [108.0499038, 52.1279411], [108.04995429999998, 52.1236946], [108.04668639999998, 52.120436999999995], [108.0464645, 52.1193189], [108.0487276, 52.1164021], [108.04924469999999, 52.1150396], [108.04893999999999, 52.1141823], [108.04493879999998, 52.10910599999999], [108.04427719999998, 52.10718789999999], [108.04360299999999, 52.104966199999986], [108.0439141, 52.1037401], [108.04547319999999, 52.10102809999999], [108.0418068, 52.10009670000001], [108.0372496, 52.0994765], [108.0339454, 52.0985337], [108.0312982, 52.0978399], [108.0242427, 52.0972573], [108.02013960000001, 52.096728799999994], [108.01714289999998, 52.0958641], [108.01173259999999, 52.095241400000006], [108.0051663, 52.09373969999999], [108.00433859999998, 52.09384], [108.0005929, 52.0966983], [107.9990337, 52.0966547], [107.9981841, 52.096092899999995], [107.99796809999998, 52.0948898], [107.998893, 52.091532400000006], [107.9983956, 52.09016990000001], [107.99749310000001, 52.08881749999999], [107.9957968, 52.08773550000001], [107.9918414, 52.08625239999999], [107.98534139999998, 52.0831252], [107.9825597, 52.081987], [107.9801685, 52.081631], [107.97678939999999, 52.08167469999999], [107.96951849999999, 52.0821916], [107.9606695, 52.08237269999999], [107.9550328, 52.083056], [107.9507619, 52.08291309999999], [107.94765989999999, 52.0820322], [107.94529519999999, 52.08104959999999], [107.9443461, 52.07998979999999], [107.94388979999998, 52.0771675], [107.94241709999999, 52.073287], [107.94058049999998, 52.07004059999999], [107.939008, 52.068746299999994], [107.93643619999999, 52.0676852], [107.9319206, 52.06688100000001], [107.92751569999999, 52.06569859999998], [107.9226902, 52.0653185], [107.9195898, 52.0644369], [107.91613319999999, 52.06327230000001], [107.91397059999998, 52.0632842], [107.9093965, 52.0626055], [107.90683649999998, 52.06171030000001], [107.90549189999999, 52.060785], [107.90434709999998, 52.0587713], [107.90257069999998, 52.05639800000001], [107.898948, 52.05265330000001], [107.896713, 52.0515416], [107.89186759999998, 52.0508271], [107.887894, 52.051049600000006], [107.8855807, 52.05081469999998], [107.8776453, 52.0493419], [107.8729628, 52.047997699999996], [107.86975180000002, 52.0464091], [107.86820069999999, 52.0454051], [107.8651703, 52.044520399999996], [107.86134639999999, 52.043904999999995], [107.85831799999998, 52.0441035], [107.8534967, 52.04480389999999], [107.84966079999998, 52.04506349999998], [107.8463172, 52.0445609], [107.8380895, 52.041634099999996], [107.83389859999998, 52.03948470000001], [107.83086759999999, 52.03643220000001], [107.8281496, 52.0319136], [107.82659029999999, 52.031826], [107.8247065, 52.0319545], [107.8187941, 52.0335548], [107.8134776, 52.033890299999996], [107.8077713, 52.03340149999999], [107.80184209999999, 52.0325842], [107.798453, 52.0313313], [107.79600619999998, 52.0300143], [107.79087129999999, 52.030011], [107.78627629999998, 52.0310784], [107.7823918, 52.03162859999999], [107.77867619999999, 52.03163299999999], [107.77674589999998, 52.0310118], [107.77127579999998, 52.0266818], [107.7650545, 52.022202500000006], [107.7628346, 52.0212545], [107.75731230000001, 52.0204255], [107.75585489999999, 52.0197929], [107.75321620000001, 52.017520999999995], [107.75062779999999, 52.0171647], [107.74125079999999, 52.017341800000004], [107.7389219, 52.0168126], [107.7365603, 52.015742399999986], [107.7346544, 52.0132864], [107.73291959999999, 52.0092011], [107.73268369999998, 52.00533120000001], [107.7332634, 52.0004421], [107.73263259999999, 51.993414200000004], [107.72986859999999, 51.990144599999994], [107.712058, 51.9780131], [107.70061949999999, 51.9785678], [107.69719569999998, 51.9811049], [107.69205129999999, 51.983098], [107.6855535, 51.9850383], [107.6814819, 51.98692309999999], [107.67517919999999, 51.99215039999999], [107.66645909999998, 51.99534849999999], [107.6645133, 51.99668439999999], [107.66453969999999, 51.99826740000001], [107.66589190000002, 52.000570399999994], [107.66298259999999, 52.005011700000004], [107.6613734, 52.00633990000001], [107.6601629, 52.00870079999999], [107.65669729999999, 52.0140297], [107.65559769999999, 52.014846299999995], [107.65213969999999, 52.0157577], [107.65050269999999, 52.016627899999996], [107.64767999999998, 52.01915000000001], [107.64690409999999, 52.020876], [107.64133719999998, 52.0238347], [107.6397536, 52.02562040000001], [107.635432, 52.0290925], [107.6325393, 52.03044909999999], [107.6291802, 52.03077400000001], [107.62538819999999, 52.0317755], [107.62348029999998, 52.032651400000006], [107.62424269999998, 52.03759329999999], [107.6246817, 52.04162549999998], [107.62391829999999, 52.042434300000004], [107.6201232, 52.04456069999999], [107.61601219999999, 52.0470689], [107.61502230000002, 52.0486327], [107.61502169999999, 52.052091399999995], [107.6143159, 52.05389889999999], [107.6131544, 52.054841399999994], [107.61030959999998, 52.0559046], [107.6049793, 52.0572311], [107.5990094, 52.0580297], [107.5966851, 52.058747700000005], [107.59445699999999, 52.058796799999996], [107.58373429999999, 52.05807419999999], [107.57713999999999, 52.0574269], [107.5735815, 52.0566714], [107.5622162, 52.05179359999999], [107.55927389999998, 52.0499825], [107.557908, 52.0485537], [107.55569949999999, 52.048935], [107.55361789999999, 52.05035529999999], [107.55169350000001, 52.050980499999994], [107.5493249, 52.04973999999999], [107.5481855, 52.04872269999999], [107.5414381, 52.04653509999999], [107.53773169999998, 52.045531600000004], [107.5342036, 52.04289910000001], [107.5314938, 52.0415822], [107.5288931, 52.03980459999999], [107.52164269999999, 52.0370431], [107.5167517, 52.03898119999999], [107.51527389999998, 52.039137800000006], [107.5070662, 52.0393871], [107.49685859999998, 52.0396965], [107.49249009999998, 52.0401224], [107.49052359999999, 52.0399972], [107.48824780000001, 52.0391703], [107.4826155, 52.0350806], [107.47826399999998, 52.030921799999994], [107.47292019999999, 52.0295758], [107.4699637, 52.0286377], [107.46605549999998, 52.0251361], [107.46460990000001, 52.023416199999986], [107.4605622, 52.0161254], [107.4540143, 52.01001159999999], [107.45093199999998, 52.0067422], [107.44518589999998, 52.0029032], [107.4421439, 52.00159119999999], [107.4406694, 52.0017884], [107.4396288, 52.0025184], [107.4378017, 52.00368129999998], [107.43581469999998, 52.0043891], [107.43226729999999, 52.0049625], [107.42733719999998, 52.00493929999999], [107.423756, 52.0061381], [107.41961039999998, 52.008140099999984], [107.4177556, 52.0088034], [107.41684969999999, 52.00828010000001], [107.41343959999999, 52.00514170000001], [107.4108074, 52.0039038], [107.40874169999998, 52.00315440000001], [107.40611159999999, 52.003208199999996], [107.4041713, 52.00353950000001], [107.3997374, 52.005213399999995], [107.39792749999998, 52.005458600000004], [107.3966283, 52.0051517], [107.39576770000001, 52.004210799999996], [107.3936796, 51.99671119999999], [107.3917363, 51.991916999999994], [107.39008809999999, 51.99011699999999], [107.3861409, 51.9882387], [107.383735, 51.9874124], [107.3814472, 51.98754199999998], [107.3801529, 51.9873182], [107.3817809, 51.98366], [107.38192259999998, 51.9812404], [107.38062649999999, 51.9784331], [107.37863660000001, 51.97526469999999], [107.3757953, 51.972571900000005], [107.37065829999999, 51.9698421], [107.36838619999999, 51.9689711], [107.36582479999998, 51.9677309], [107.36496119999998, 51.9667064], [107.36536339999999, 51.9615314], [107.3648866, 51.9601659], [107.36392969999999, 51.9586434], [107.36006269999999, 51.956929200000005], [107.3578284, 51.9567656], [107.3550356, 51.9562382], [107.35343129999998, 51.9552285], [107.3522641, 51.953543399999994], [107.34378659999999, 51.95133740000001], [107.34181559999999, 51.9510434], [107.3399555, 51.9515803], [107.33622809999999, 51.9538212], [107.3350349, 51.95422], [107.33217979999999, 51.9524848], [107.3277215, 51.944530799999995], [107.324254, 51.9439744], [107.32169949999998, 51.9428165], [107.31903470000002, 51.940827199999994], [107.3152335, 51.93640189999999], [107.31259429999999, 51.93620370000001], [107.31046710000001, 51.93678709999999], [107.3101409, 51.93700189999999], [107.3036816, 51.94250389999999], [107.30216240000001, 51.943117], [107.29073240000001, 51.937131300000004], [107.2854764, 51.934525099999995], [107.27130699999998, 51.93159099999999], [107.26801359999999, 51.93177959999999], [107.26378349999999, 51.933444399999985], [107.2589304, 51.9347877], [107.25283519999999, 51.9355712], [107.23479660000001, 51.93612360000001], [107.2328777, 51.9354934], [107.22947579999999, 51.932141], [107.22354009999998, 51.92933649999999], [107.21977699999998, 51.9281992], [107.2172243, 51.9283724], [107.21087629999998, 51.929491799999994], [107.20588079999999, 51.92933549999999], [107.19961869999999, 51.9280778], [107.19949989999999, 51.9297884], [107.19993659999999, 51.931821899999996], [107.19946479999999, 51.93458090000001], [107.19861339999999, 51.9364718], [107.1962703, 51.93818229999999], [107.1936052, 51.9360653], [107.18951589999999, 51.93376629999999], [107.1860248, 51.9326646], [107.1826151, 51.9318528], [107.180064, 51.9320668], [107.17567949999999, 51.93339799999999], [107.1735597, 51.9327704], [107.17176049999999, 51.9318035], [107.1713764, 51.929435700000006], [107.17031, 51.9282887], [107.1602685, 51.92409809999998], [107.15642539999999, 51.921251999999996], [107.15512829999999, 51.92090079999999], [107.1535463, 51.92163819999998], [107.15083349999999, 51.922687700000004], [107.14622130000001, 51.92348030000001], [107.14345859999999, 51.923488899999995], [107.1398208, 51.92209679999999], [107.13760070000001, 51.923595599999985], [107.12968820000002, 51.92728089999999], [107.12010699999999, 51.929912300000005], [107.11663049999999, 51.9305164], [107.1147391, 51.93042559999999], [107.11160449999998, 51.93831529999999], [107.10827879999998, 51.9464586], [107.10433009999998, 51.9614877], [107.1023191, 51.97039889999999], [107.098544, 51.9776748], [107.0973343, 51.98211289999999], [107.0974685, 51.98498570000001], [107.1005364, 51.9899727], [107.10089179999999, 51.991799599999986], [107.10042449999999, 51.9933497], [107.09900699999999, 51.99479159999999], [107.09700709999998, 51.9953274], [107.08964229999998, 51.9951667], [107.0839654, 51.995017299999994], [107.0817551, 51.995389599999996], [107.07951619999999, 51.99659590000001], [107.07790699999998, 51.998290999999995], [107.07599929999999, 52.0008246], [107.0686162, 52.0119965], [107.05290149999999, 52.0123963], [107.03935009999998, 52.0306735], [107.04718519999999, 52.04987080000001], [107.02459149999999, 52.0628448], [107.02418179999998, 52.070226600000005], [107.01371569999999, 52.070531], [107.0131139, 52.0709879], [107.0069825, 52.0794745], [107.00635249999999, 52.0800274], [107.00472399999998, 52.082363400000006], [107.0036883, 52.085159999999995], [106.99992739999999, 52.0872655], [106.9889544, 52.1021175], [106.98470970000001, 52.102522500000006], [106.9827399, 52.1023474], [106.9817406, 52.10269759999999], [106.98002029999999, 52.105101299999994], [106.9789414, 52.1082445], [106.9771771, 52.1111907], [106.9732375, 52.11392319999999], [106.9728137, 52.11505539999999], [106.9757651, 52.11904739999999], [106.9772973, 52.1200219], [106.98497989999998, 52.1223092], [106.9844865, 52.1264424], [106.9851388, 52.1289315], [106.98523139999999, 52.13101309999999], [106.98237679999998, 52.13381119999999], [106.98221239999998, 52.13468890000001], [106.9867501, 52.13927909999999], [106.98931329999999, 52.14361070000001], [106.9873734, 52.14544550000001], [106.9824094, 52.1482685], [106.98144229999998, 52.1493681], [106.981733, 52.1528631], [106.9814314, 52.15370149999999], [106.9768256, 52.1552369], [106.97363559999998, 52.15662389999999], [106.9722089, 52.1580643], [106.9714775, 52.1599098], [106.9692604, 52.1618636], [106.97016139999998, 52.1653899], [106.97247339999998, 52.1686429], [106.97253049999999, 52.16993349999999], [106.9721684, 52.17093959999999], [106.9652655, 52.1726798], [106.9639206, 52.17599379999999], [106.96796440000001, 52.1785512], [106.9690957, 52.1796155], [106.96948989999999, 52.18240070000001], [106.96681399999999, 52.184736900000004], [106.9644624, 52.1913591], [106.96210429999998, 52.19323159999999], [106.9567904, 52.19573650000001], [106.95515509999998, 52.19709699999999], [106.95514579999998, 52.19997190000001], [106.95701369999999, 52.2023575], [106.95883769999999, 52.20528550000001], [106.96446849999998, 52.2114833], [106.96727899999999, 52.2136863], [106.9705878, 52.222547399999996], [106.9734805, 52.2265823], [106.97631619999999, 52.229326400000005], [106.9810864, 52.2328296], [106.9842268, 52.2347768], [106.984565, 52.2362708], [106.98218669999999, 52.2377276], [106.98166649999999, 52.2382363], [106.9828109, 52.2395504], [106.9836452, 52.24303599999998], [106.98444490000001, 52.244230900000005], [106.9934948, 52.2507866], [106.9932005, 52.2517914], [106.9895831, 52.2543939], [106.98868479999999, 52.25707579999999], [106.98963009999999, 52.258476300000005], [106.9928388, 52.2603807], [106.99693539999998, 52.262394599999986], [106.9979064, 52.2673778], [106.9988466, 52.268653500000006], [107.0016814, 52.2697721], [107.00431669999999, 52.2709773], [107.0054174, 52.2727919], [107.00717229999998, 52.274053800000004], [107.01093909999999, 52.2762396], [107.012553, 52.27887849999999], [107.0140728, 52.280936], [107.01673719999998, 52.2827652], [107.0187304, 52.2832729], [107.0233691, 52.28369349999999], [107.03257029999999, 52.28582690000001], [107.03221019999998, 52.289833], [107.02817319999998, 52.29665219999999], [107.02790409999999, 52.2981983], [107.02743379999998, 52.3012897], [107.0266509, 52.30646949999999], [107.02566869999998, 52.30877790000001], [107.02444659999999, 52.3102989], [107.02206969999999, 52.3118396], [107.0206531, 52.31357199999999], [107.0210083, 52.31539910000001], [107.01979939999998, 52.31871139999999], [107.019162, 52.3211388], [107.0193509, 52.32230220000001], [107.0240803, 52.3275959], [107.0257447, 52.331275700000006], [107.0279732, 52.3339038], [107.028238, 52.33523259999999], [107.02622460000002, 52.337308699999994], [107.0153209, 52.34582809999999], [107.01097039999999, 52.35040200000001], [107.0039712, 52.3536043], [107.00503839999999, 52.35462779999999], [107.0155888, 52.3576981], [107.02294109999998, 52.360738899999994], [107.0279039, 52.362111999999996], [107.0352299, 52.363069299999985], [107.05221019999999, 52.36673369999999], [107.0648947, 52.370179], [107.0812982, 52.3715995], [107.08959979999999, 52.37153630000001], [107.09166509999999, 52.37058319999999], [107.09223379999999, 52.3696565], [107.0924744, 52.36898560000001], [107.0971041, 52.367570199999996], [107.09907229999999, 52.3674518], [107.10562879999999, 52.3679186], [107.11331580000001, 52.367823], [107.1181241, 52.36873680000001], [107.1290298, 52.37187399999999], [107.13126639999999, 52.3730836], [107.13216889999998, 52.37485899999998], [107.1356055, 52.374130099999995], [107.1497468, 52.3695406], [107.15459880000002, 52.36853550000001], [107.16614579999998, 52.368032500000005], [107.17113459999999, 52.36844090000001], [107.17731659999998, 52.369577199999995], [107.1801049, 52.3695258], [107.1821948, 52.3691122], [107.18908219999999, 52.366609700000005], [107.1936011, 52.36577609999999], [107.1944627, 52.368051699999995], [107.1936427, 52.37348339999999], [107.19411909999998, 52.3748495], [107.19587719999998, 52.3759834], [107.20085729999998, 52.377557499999995], [107.20726619999999, 52.3791046], [107.21027019999998, 52.38063149999999], [107.21164559999998, 52.38227239999999], [107.2129951, 52.38474699999999], [107.2154685, 52.387909099999995], [107.21778269999999, 52.3892406], [107.22048619999998, 52.39018969999999], [107.22418129999998, 52.3905368], [107.22661589999998, 52.39019939999999], [107.2301054, 52.38917529999999], [107.2370872, 52.385834900000006], [107.2409318, 52.383762299999994], [107.24570319999998, 52.37983830000001], [107.24619240000001, 52.3787459], [107.24705349999999, 52.3782712], [107.2481438, 52.378292099999996], [107.25146989999999, 52.380770299999995], [107.2545966, 52.3820024], [107.2560933, 52.38197379999999], [107.26180279999998, 52.38044790000001], [107.26846189999999, 52.37752849999999], [107.2782042, 52.3750079], [107.2854869, 52.37365890000001], [107.2901624, 52.37323500000001], [107.29202669999998, 52.3737405], [107.29412730000001, 52.37486640000001], [107.29504289999998, 52.37676510000001], [107.2945754, 52.37956589999999], [107.2935668, 52.38112720000001], [107.2936121, 52.3820013], [107.2953429, 52.38255100000001], [107.29761580000002, 52.3830484], [107.29888569999999, 52.3838987], [107.29969679999999, 52.3850912], [107.2998643, 52.38700469999999], [107.29869519999998, 52.392027500000005], [107.3017235, 52.392635], [107.304581, 52.392579399999995], [107.30865829999999, 52.39370809999999], [107.31380699999998, 52.394482499999995], [107.31686399999998, 52.3956309], [107.3185053, 52.397057], [107.3202211, 52.399898300000004], [107.3200733, 52.402276199999996], [107.3205978, 52.40318249999999], [107.32295979999999, 52.4040527], [107.33462999999999, 52.407031], [107.33957030000002, 52.40897499999999], [107.34949939999998, 52.41119460000001], [107.35694709999999, 52.411587999999995], [107.3592399, 52.412417299999994], [107.363379, 52.41591780000001], [107.3683391, 52.418193599999995], [107.37334569999999, 52.422593], [107.37696919999999, 52.4266036], [107.382298, 52.4306213], [107.3884889, 52.432912900000005], [107.39707949999999, 52.4354472], [107.40060019999999, 52.436250900000005], [107.4040073, 52.436223299999995], [107.41148909999998, 52.43465439999999], [107.4145559, 52.4346333], [107.42095949999998, 52.43579400000001], [107.4234997, 52.436117], [107.42716089999999, 52.43575020000001], [107.4322354, 52.4338125], [107.4364956, 52.433183], [107.43954369999999, 52.432828399999984], [107.44220759999999, 52.4316902], [107.44676879999999, 52.42788749999999], [107.44929249999998, 52.42546009999999], [107.45103229999998, 52.422424], [107.4517649, 52.4196588], [107.4525546, 52.410559], [107.45285549999998, 52.409844299999996], [107.4547162, 52.4102223], [107.45692309999998, 52.4119264], [107.46033139999999, 52.4143972], [107.4628938, 52.4151357], [107.46590719999999, 52.4154062], [107.4686932, 52.4152646], [107.47494389999999, 52.41371730000001], [107.4772677, 52.4126268], [107.47930739999998, 52.41133399999999], [107.4809883, 52.4097154], [107.48262859999998, 52.409805899999995], [107.48443309999999, 52.41039289999999], [107.486301, 52.412103699999996], [107.4886851, 52.413303500000005], [107.49036779999999, 52.4177682], [107.49137469999998, 52.4187053], [107.4981587, 52.422979000000005], [107.4952458, 52.42570709999999], [107.49367069999998, 52.42799029999999], [107.4926284, 52.43005410000001], [107.4929809, 52.4350883], [107.49408699999998, 52.43777359999999], [107.49598449999999, 52.439983600000005], [107.49767319999998, 52.4409061], [107.5013322, 52.44170379999999], [107.5024689, 52.442513000000005], [107.502327, 52.4472245], [107.5028651, 52.44829649999999], [107.50618229999999, 52.450268], [107.51077029999999, 52.451795600000004], [107.5141903, 52.4519729], [107.515891, 52.4518951], [107.51937529999998, 52.45319580000001], [107.52266999999999, 52.454750600000004], [107.52516029999998, 52.4553641], [107.5269363, 52.455409599999996], [107.5313608, 52.4540649], [107.53400069999999, 52.4537166], [107.53626289999998, 52.453918], [107.538357, 52.454748], [107.540426, 52.45632880000001], [107.5431867, 52.4568945], [107.5494391, 52.4576765], [107.54785119999998, 52.45971060000001], [107.54536089999999, 52.4614729], [107.53976519999999, 52.46617659999999], [107.53683429999998, 52.46978109999999], [107.53126399999998, 52.4737756], [107.5262834, 52.47854909999999], [107.52161319999999, 52.4816071], [107.517494, 52.4835698], [107.5121991, 52.4852658], [107.5086666, 52.48675759999999], [107.5044266, 52.48901420000001], [107.5026708, 52.49055119999999], [107.5018085, 52.492194500000004], [107.5032671, 52.49503870000001], [107.50361119999998, 52.497489800000004], [107.5034789, 52.5023677], [107.502915, 52.50446310000001], [107.50195839999999, 52.5056498], [107.50003709999999, 52.50669049999999], [107.49704339999998, 52.506878799999996], [107.4927394, 52.5080529], [107.4901006, 52.5084836], [107.4881273, 52.50860850000001], [107.4854531, 52.508414599999995], [107.4817608, 52.507117099999995], [107.4772926, 52.505377499999994], [107.4748068, 52.50488789999999], [107.47208579999999, 52.505069600000006], [107.47008859999998, 52.5059864], [107.4683218, 52.5073566], [107.4669734, 52.50888489999999], [107.46578229999999, 52.51078480000001], [107.4622735, 52.51398290000001], [107.4611881, 52.515338699999994], [107.4581593, 52.51736], [107.4561451, 52.51798509999999], [107.4514089, 52.518791799999995], [107.4501334, 52.5191932], [107.4455993, 52.52241209999999], [107.4439779, 52.52519540000001], [107.4415488, 52.528203899999994], [107.4400565, 52.530859899999996], [107.44022629999999, 52.532689700000006], [107.4436304, 52.5386193], [107.44454309999999, 52.5415172], [107.4445014, 52.5432264], [107.4440269, 52.544527699999996], [107.44459049999999, 52.546057899999994], [107.44595009999999, 52.547154599999985], [107.4506216, 52.54880790000001], [107.45773489999999, 52.5501188], [107.46975379999999, 52.5547851], [107.47016339999999, 52.56085999999999], [107.4708528, 52.56217889999999], [107.47064059999998, 52.5632666], [107.4682754, 52.56498260000001], [107.46714889999998, 52.5668395], [107.466939, 52.56796899999999], [107.4675174, 52.5697485], [107.4695988, 52.57149669999999], [107.4721989, 52.572734100000005], [107.4804896, 52.574227300000004], [107.4884537, 52.577185], [107.4919308, 52.57819529999999], [107.49279779999999, 52.57901039999999], [107.4934506, 52.580871599999995], [107.4933849, 52.582123], [107.49133349999998, 52.58695769999999], [107.49302329999999, 52.5902137], [107.49341719999998, 52.5923305], [107.4927888, 52.5957186], [107.49281759999998, 52.5986347], [107.49220949999999, 52.5999809], [107.49089469999998, 52.600925399999994], [107.487595, 52.6018697], [107.4854312, 52.603540200000005], [107.48432099999998, 52.606896799999994], [107.4841725, 52.609108199999994], [107.48487509999998, 52.61063499999999], [107.48482529999998, 52.6121777], [107.4761774, 52.615400699999995], [107.4773983, 52.617625100000005], [107.4816702, 52.62174400000001], [107.48123169999998, 52.6224615], [107.47961399999998, 52.622912], [107.4787814, 52.62392940000001], [107.47805009999999, 52.6267365], [107.47720799999999, 52.62758740000001], [107.47332799999998, 52.62921], [107.46961079999998, 52.63007919999999], [107.46669270000001, 52.631765], [107.466704, 52.633181500000006], [107.4673945, 52.634500499999994], [107.4666318, 52.63676619999998], [107.46293139999999, 52.6403849], [107.46424449999999, 52.6418159], [107.46895939999999, 52.6452592], [107.47094049999998, 52.647592999999986], [107.4725133, 52.65118509999999], [107.47410139999998, 52.6514018], [107.48175589999998, 52.654699999999984], [107.48290489999998, 52.658050800000005], [107.4842621, 52.6602307], [107.48520399999998, 52.665961], [107.48658059999998, 52.669681999999995], [107.4870267, 52.6715059], [107.4865548, 52.674057399999995], [107.48462379999998, 52.6774729], [107.4774928, 52.683497200000005], [107.4737777, 52.68569979999999], [107.35966939999999, 52.7635538], [107.24347749999998, 52.84268659999999], [107.359494, 52.90189369999999], [107.47497229999999, 52.96074599999999], [107.5947941, 53.021727299999995], [107.71582669999998, 53.08323740000001]]]]}}, {"type": "Feature", "properties": {"id": "mo-81650000", "name": "Тарбагатайский муниципальный район", "region": "Республика Бурятия", "isCity": false, "sourceOktmo": "81-650-000-000", "sourceAgg": "Улан-Удэ", "excelNames": ["Тарбагатайский муниципальный район"], "oktmo": "81650000", "vgp": [{"year": 2019, "value": 3979192.498566444}, {"year": 2020, "value": 4132921.8883575737}, {"year": 2021, "value": 3970770.3200984886}, {"year": 2022, "value": 6072427.4223980885}, {"year": 2023, "value": 6421217.718762026}, {"year": 2024, "value": 7163795.654768559}], "population": [{"year": 2019, "value": 21699.0}, {"year": 2020, "value": 23212.0}, {"year": 2021, "value": 24167.0}, {"year": 2022, "value": 25819.0}, {"year": 2023, "value": 26628.0}, {"year": 2024, "value": 27330.0}, {"year": 2025, "value": 28253.0}], "shipments": [{"year": 2019, "value": 1156063.3}, {"year": 2020, "value": 1510983.8}, {"year": 2021, "value": 1476568.7}, {"year": 2022, "value": 1570259.9}, {"year": 2023, "value": 2212405.0}, {"year": 2024, "value": 2642716.1}], "employees": [{"year": 2019, "value": 1928.0}, {"year": 2020, "value": 1942.0}, {"year": 2021, "value": 1985.0}, {"year": 2022, "value": 1876.0}, {"year": 2023, "value": 1925.0}, {"year": 2024, "value": 1989.0}], "investments": [{"year": 2019, "value": 2403060.0}, {"year": 2020, "value": 1356980.0}, {"year": 2021, "value": 931340.0}, {"year": 2022, "value": 1791530.0}, {"year": 2023, "value": 0.0}, {"year": 2024, "value": 31078.300000000003}], "vgp2024": 7163795.654768559, "pop2024": 27330.0, "ship2024": 2642716.1, "emp2024": 1989.0, "inv2024": 31078.300000000003}, "geometry": {"type": "MultiPolygon", "coordinates": [[[[107.8229434, 51.831193], [107.86616419999999, 51.8347915], [107.90900269999999, 51.83475349999999], [107.9135323, 51.8423746], [107.9137792, 51.8424501], [107.91793969999999, 51.84377909999999], [107.9450074, 51.8267203], [107.949657, 51.823769899999995], [107.95589649999998, 51.82148779999999], [107.9654414, 51.81937179999999], [107.9674777, 51.81761180000001], [107.9675806, 51.8161089], [107.9678944, 51.8137256], [107.96863439999998, 51.812706600000006], [107.98198309999998, 51.8081594], [107.99638059999998, 51.80325049999999], [108.00031229999999, 51.80273340000001], [108.01001139999998, 51.797838099999986], [108.0349365, 51.78231589999999], [108.03671549999999, 51.78129869999999], [108.03812049999999, 51.779766499999994], [108.03840899999999, 51.777851999999996], [108.0378319, 51.775460599999995], [108.0343332, 51.77163], [108.0331087, 51.7691717], [108.03518419999999, 51.7673528], [108.0367263, 51.76496430000001], [108.03806469999999, 51.758221299999995], [108.0442875, 51.7577712], [108.04693699999999, 51.75713], [108.0491511, 51.75566839999999], [108.04971149999999, 51.754569899999986], [108.04831059999998, 51.7485672], [108.0483864, 51.74740599999999], [108.05308669999998, 51.74403449999999], [108.04648339999999, 51.73911489999999], [108.04192169999999, 51.736623200000004], [108.0399777, 51.735208699999994], [108.03916249999999, 51.73397439999999], [108.0391372, 51.73311410000001], [108.0406814, 51.730675000000005], [108.04125169999999, 51.72942499999999], [108.040474, 51.7263711], [108.03961599999998, 51.7257931], [108.03547909999999, 51.723059], [108.03356899999999, 51.7211396], [108.0310686, 51.718295], [108.025866, 51.713207199999985], [108.01872569999999, 51.709132], [108.01695629999999, 51.707569799999995], [108.0196877, 51.7068807], [108.04183700000002, 51.7042547], [108.0415856, 51.7018715], [108.04028679999999, 51.7005745], [108.03506739999999, 51.6970039], [108.03422969999998, 51.6961229], [108.03338159999998, 51.6929155], [108.0335719, 51.6912513], [108.0356715, 51.687764299999984], [108.03683429999998, 51.6849111], [108.03724849999999, 51.67981369999999], [108.0358724, 51.678464], [108.03430429999999, 51.67756469999999], [108.0302437, 51.67746209999999], [108.02616319999998, 51.6776621], [108.02375169999999, 51.67598269999999], [108.0162647, 51.6686113], [108.01444099999999, 51.6667948], [108.0095547, 51.6656589], [108.00700989999999, 51.6647849], [108.00520919999998, 51.6637275], [108.00423709999998, 51.6624383], [108.00176589999998, 51.65676299999999], [108.00134229999999, 51.65579], [108.00020179999999, 51.6550564], [107.99441159999999, 51.65276839999999], [107.9876049, 51.6491076], [107.98264179999998, 51.64698349999999], [107.97971820000001, 51.6453074], [107.97542189999999, 51.6410821], [107.97392339999999, 51.6407034], [107.97058549999998, 51.64087129999999], [107.9658469, 51.6421581], [107.9641387, 51.6406175], [107.9636018, 51.6385473], [107.96398819999999, 51.6342033], [107.96487589999998, 51.6313886], [107.96473849999998, 51.6303086], [107.96359549999998, 51.6292121], [107.9569447, 51.6257958], [107.9569169, 51.62433789999999], [107.9579531, 51.62276969999999], [107.95996189999998, 51.6207185], [107.96534879999999, 51.617081799999994], [107.969249, 51.61427429999999], [107.9790325, 51.6093168], [107.9796994, 51.60825789999999], [107.97990399999999, 51.6072941], [107.9797526, 51.606006099999995], [107.97694909999998, 51.6040768], [107.97057649999999, 51.60077929999999], [107.9648807, 51.5945052], [107.9614684, 51.5914241], [107.9550905, 51.5880008], [107.9534622, 51.5866248], [107.9534643, 51.58562450000001], [107.95396619999998, 51.5851119], [107.9551469, 51.58474859999998], [107.9595333, 51.58430469999999], [107.9625623, 51.583561399999994], [107.96636709999999, 51.5813813], [107.96926369999998, 51.579640999999995], [107.97025359999999, 51.5784073], [107.9745374, 51.575381400000005], [107.97362319999999, 51.5531911], [107.9651505, 51.54832119999999], [107.96298169999999, 51.546834], [107.9568988, 51.540652900000005], [107.95420699999998, 51.53830339999999], [107.95003139999999, 51.53574129999999], [107.94671859999998, 51.5341159], [107.9426272, 51.5328435], [107.9390457, 51.53222469999999], [107.9325532, 51.532054], [107.93005259999998, 51.53161639999999], [107.9269677, 51.5304015], [107.92494759999998, 51.5291182], [107.9237281, 51.527815100000005], [107.9220955, 51.523188], [107.9260094, 51.51963130000001], [107.93131520000001, 51.515914599999995], [107.93606849999999, 51.514003599999995], [107.93828759999998, 51.513197699999985], [107.9458977, 51.50692200000001], [107.94828129999999, 51.50557010000001], [107.9606449, 51.5015909], [107.9623757, 51.5015055], [107.98549789999998, 51.50687839999999], [107.99264609999999, 51.49265110000001], [107.9935382, 51.4920031], [107.99453260000001, 51.4918943], [107.9959404, 51.4919834], [107.9989748, 51.4923406], [108.00094260000002, 51.4921805], [108.00275309999999, 51.4921416], [108.00373019999999, 51.49206530000001], [108.00532139999999, 51.492510599999996], [108.00630669999998, 51.4935473], [108.00671959999998, 51.494417599999984], [108.00746230000001, 51.495448], [108.00811859999999, 51.497052800000006], [108.0106775, 51.4988073], [108.01114179999999, 51.500134], [108.0111666, 51.501732800000006], [108.0128745, 51.5033745], [108.01327719999999, 51.5046492], [108.0138718, 51.505422800000005], [108.01518760000002, 51.50636670000001], [108.01949229999998, 51.5087522], [108.02410479999999, 51.51134749999999], [108.02819739999998, 51.5132214], [108.0304356, 51.51494700000001], [108.033597, 51.5161903], [108.03601399999998, 51.51766750000001], [108.0385578, 51.518439799999996], [108.04142769999999, 51.5204341], [108.04382099999998, 51.5210304], [108.046838, 51.5215111], [108.05829239999998, 51.5244087], [108.06877309999999, 51.5275944], [108.0696281, 51.5256435], [108.07919929999998, 51.526843199999995], [108.0793225, 51.531246100000004], [108.0735682, 51.53246819999999], [108.07069199999998, 51.539375400000004], [108.0708794, 51.541504200000006], [108.07190279999999, 51.54451360000001], [108.07376529999999, 51.545824399999994], [108.0763081, 51.54664639999999], [108.0778467, 51.5466847], [108.0794858, 51.5464221], [108.0811506, 51.54575549999999], [108.08333399999998, 51.5458605], [108.0900884, 51.5480513], [108.10788429999998, 51.55521770000001], [108.11355, 51.5579871], [108.12135389999999, 51.562882200000004], [108.12657139999999, 51.557346], [108.13097939999999, 51.550475000000006], [108.1328598, 51.5489531], [108.13783649999999, 51.54720360000001], [108.1437626, 51.545830900000006], [108.1486924, 51.543523499999985], [108.15015949999999, 51.54340749999999], [108.1563195, 51.5447707], [108.1665682, 51.5364722], [108.1771675, 51.53030510000001], [108.17778429999998, 51.5295108], [108.1771619, 51.52777639999999], [108.17736749999999, 51.527073299999984], [108.18206310000001, 51.5258714], [108.1823809, 51.5246653], [108.1816305, 51.5236864], [108.17147629999998, 51.5187893], [108.17540229999999, 51.516911500000006], [108.17963239999999, 51.5192892], [108.18295719999999, 51.520582899999994], [108.1853668, 51.5209442], [108.1880536, 51.520755699999995], [108.20047439999999, 51.5178165], [108.2077703, 51.515158400000004], [108.2010086, 51.51307549999999], [108.18030369999998, 51.5058025], [108.1765893, 51.49903760000001], [108.1746922, 51.494339100000005], [108.17335919999998, 51.48839009999999], [108.1671527, 51.48788619999999], [108.1604708, 51.487218799999994], [108.1547941, 51.48601910000001], [108.14994879999999, 51.4844852], [108.12874529999999, 51.4751681], [108.1198832, 51.4718656], [108.1125659, 51.4697637], [108.10987449999999, 51.468786999999985], [108.10589339999999, 51.4638844], [108.1035579, 51.4624106], [108.1000877, 51.4609592], [108.0968498, 51.45840100000001], [108.09672999999998, 51.4577405], [108.09989100000001, 51.45640279999999], [108.10367829999998, 51.454119500000004], [108.1055321, 51.451687199999995], [108.10889769999999, 51.448381999999995], [108.1104057, 51.446295], [108.1104927, 51.44619599999999], [108.1120674, 51.44304879999999], [108.11469949999999, 51.441090700000004], [108.11767809999999, 51.4400514], [108.11807139999999, 51.4389485], [108.1177915, 51.4369693], [108.11755739999998, 51.435547400000004], [108.1210004, 51.4309793], [108.12370509999998, 51.422701100000005], [108.11805909999998, 51.4237257], [108.1146668, 51.4236419], [108.1071938, 51.4228509], [108.104247, 51.4221206], [108.09128669999998, 51.416034100000005], [108.0875331, 51.41528319999999], [108.0833631, 51.4147244], [108.0804334, 51.4150054], [108.07539819999998, 51.41659909999999], [108.0735377, 51.41660340000001], [108.07077279999999, 51.4155733], [108.0696518, 51.4141293], [108.0697941, 51.41317179999999], [108.0710924, 51.4118388], [108.0853729, 51.407289399999996], [108.08740689999999, 51.40582289999999], [108.08983359999999, 51.40198889999999], [108.09059109999998, 51.39897329999999], [108.0904387, 51.3975536], [108.08471599999999, 51.393466299999986], [108.0768349, 51.39028609999999], [108.07346129999999, 51.3886845], [108.07046219999998, 51.386283000000006], [108.0686387, 51.3857317], [108.06415489999999, 51.3863276], [108.06043309999998, 51.3863859], [108.051618, 51.38520319999999], [108.0431575, 51.3860519], [108.0467868, 51.383665500000006], [108.04719410000001, 51.3823609], [108.0476084, 51.37969079999999], [108.0494979, 51.37670389999999], [108.0525761, 51.369043700000006], [108.049809, 51.3655855], [108.04861979999998, 51.362723300000006], [108.048821, 51.3595927], [108.04281249999998, 51.3625769], [108.04126379999998, 51.3627904], [108.0362217, 51.36205619999999], [108.03353169999998, 51.36117879999999], [108.03119389999999, 51.359854999999996], [108.0297564, 51.35835199999999], [108.0259057, 51.3641715], [108.02401, 51.3659944], [108.0201172, 51.367463400000005], [108.018058, 51.36806829999999], [108.0138377, 51.37084360000001], [108.01134529999999, 51.371892499999994], [108.00663499999999, 51.375969899999994], [108.0039166, 51.3767602], [108.00029029999999, 51.3770531], [107.9982438, 51.37731240000001], [107.99339729999998, 51.3785616], [107.9900403, 51.3801895], [107.98703729999998, 51.3821416], [107.9808924, 51.383923800000005], [107.97817159999998, 51.3840762], [107.97506689999999, 51.3834468], [107.97117979999999, 51.382044900000004], [107.9648604, 51.3790795], [107.96208, 51.377274199999995], [107.95884539999999, 51.380815399999996], [107.9514013, 51.3872546], [107.94784559999998, 51.38997], [107.94484789999998, 51.391003899999994], [107.9383277, 51.39216799999999], [107.9339115, 51.39186209999999], [107.9299313, 51.39212829999999], [107.92588759999998, 51.3934798], [107.9182507, 51.3980465], [107.9034326, 51.408125500000004], [107.89977619999999, 51.41142519999998], [107.89683229999999, 51.408080500000004], [107.8948125, 51.40458790000001], [107.89323299999998, 51.399625799999995], [107.89120749999998, 51.39709199999999], [107.88760180000001, 51.394847000000006], [107.8846095, 51.39387889999999], [107.8819918, 51.393568300000005], [107.87908089999999, 51.39388989999999], [107.87633789999998, 51.391581599999995], [107.8749254, 51.3892408], [107.87333689999998, 51.3809029], [107.8726262, 51.37912829999999], [107.86978129999999, 51.3772168], [107.8635897, 51.37305649999999], [107.8568063, 51.371055], [107.84926689999999, 51.369738500000004], [107.84567949999999, 51.3698672], [107.839482, 51.3719347], [107.83395259999999, 51.3753195], [107.8284758, 51.3793694], [107.82705379999999, 51.3800706], [107.8246778, 51.3804198], [107.81989189999999, 51.380368499999996], [107.8155086, 51.3796819], [107.81300989999998, 51.3791168], [107.80704809999999, 51.376176], [107.7988338, 51.375789499999996], [107.79273949999998, 51.37214209999999], [107.79077080000002, 51.371522399999996], [107.75890429999998, 51.3717774], [107.7419001, 51.372468700000006], [107.71003489999998, 51.37183519999999], [107.7115103, 51.3652582], [107.71430529999999, 51.3573585], [107.7154032, 51.354540699999994], [107.71253809999999, 51.34773059999999], [107.6978332, 51.3489039], [107.6941534, 51.3485721], [107.69138229999999, 51.34784400000001], [107.6893251, 51.34680769999999], [107.685551, 51.3403096], [107.67163889999999, 51.34021109999999], [107.6708551, 51.3541903], [107.6650167, 51.35336479999999], [107.6537006, 51.351038], [107.64660649999999, 51.3491981], [107.6429096, 51.34740620000001], [107.6335373, 51.344116899999996], [107.61296849999998, 51.3439944], [107.60821129999998, 51.3469341], [107.60285229999998, 51.3521795], [107.6003682, 51.3553185], [107.59745299999999, 51.354383], [107.59299969999998, 51.358024199999996], [107.57689949999998, 51.3557958], [107.57066229999998, 51.3561413], [107.5640015, 51.35128650000001], [107.5590463, 51.3483527], [107.55619199999998, 51.34728990000001], [107.5492812, 51.346273499999995], [107.5419965, 51.343306299999995], [107.5313097, 51.33653689999999], [107.52804679999998, 51.3340652], [107.52835609999998, 51.332433300000005], [107.52370759999998, 51.3277411], [107.51813409999998, 51.32556900000001], [107.5161378, 51.3206944], [107.51117759999998, 51.31146599999999], [107.5079051, 51.3063268], [107.50130029999998, 51.2998002], [107.4998832, 51.2994137], [107.49720869999999, 51.296678799999995], [107.49518479999999, 51.2936797], [107.45769209999999, 51.2836378], [107.45481479999998, 51.2670704], [107.4121372, 51.25508090000001], [107.4061939, 51.2493687], [107.3896502, 51.2427901], [107.3934709, 51.22558409999999], [107.4075742, 51.2033326], [107.40504949999999, 51.1803385], [107.37695869999999, 51.1730368], [107.33761439999999, 51.173705000000005], [107.31485509999999, 51.174616099999994], [107.23200629999998, 51.1708928], [107.18751289999999, 51.1663995], [107.17415389999998, 51.1613979], [107.176013, 51.13894319999999], [107.1659254, 51.1314629], [107.14749979999999, 51.1255693], [107.0864276, 51.106029799999995], [107.07191699999998, 51.121998600000005], [107.06271149999999, 51.1279121], [107.05810979999998, 51.1257013], [107.05692439999999, 51.1258473], [107.05392459999999, 51.125399800000004], [107.0528676, 51.1254602], [107.05155889999999, 51.1258164], [107.04767339999998, 51.1278015], [107.0453665, 51.12805040000001], [107.04378579999998, 51.1282446], [107.04189239999998, 51.128861099999995], [107.04009820000002, 51.13022599999999], [107.03971189999999, 51.13198299999999], [107.0399453, 51.135771], [107.03961059999999, 51.13719369999999], [107.03790209999998, 51.14051559999999], [107.03708199999998, 51.14144670000001], [107.03461429999999, 51.14257309999999], [107.03128, 51.1450898], [107.03006599999999, 51.146111], [107.02869579999998, 51.1465931], [107.02592249999998, 51.146808], [107.0249479, 51.147241599999994], [107.02348719999999, 51.1486837], [107.0230139, 51.1499837], [107.02218049999999, 51.150623200000005], [107.02041119999998, 51.1510705], [107.0193701, 51.1515052], [107.018472, 51.1521874], [107.01799339999998, 51.153362599999994], [107.01773679999998, 51.1550755], [107.01844269999998, 51.1560636], [107.0207557, 51.1574403], [107.0212021, 51.1585578], [107.0211998, 51.1600164], [107.02046869999998, 51.1614876], [107.01900379999998, 51.16284629999999], [107.0168402, 51.16338379999999], [107.0153796, 51.1633256], [107.0139579, 51.1626416], [107.01270789999998, 51.161329699999996], [107.01164209999999, 51.1596811], [107.0100791, 51.1587912], [107.0090179, 51.15876779999999], [107.0082467, 51.15932269999999], [107.00796079999999, 51.1603695], [107.00751439999999, 51.166878], [107.00760639999999, 51.17204359999999], [107.00020719999999, 51.17262889999999], [106.99755949999998, 51.1727158], [106.994224, 51.172231100000005], [106.97388479999998, 51.1662836], [106.9476115, 51.173516600000006], [106.91890110000001, 51.170157399999994], [106.90234559999999, 51.1737616], [106.9094845, 51.1796877], [106.9091825, 51.186818399999986], [106.9178851, 51.19359339999998], [106.91219969999999, 51.20843800000001], [106.91253879999998, 51.218225200000006], [106.9028823, 51.2286337], [106.8979745, 51.2400062], [106.9150134, 51.2490629], [106.92159969999999, 51.25733069999998], [106.91812569999999, 51.258429599999985], [106.9114926, 51.26183], [106.92334539999999, 51.27051169999999], [106.93159069999999, 51.27545979999999], [106.93749819999998, 51.27848730000001], [106.94255329999999, 51.280195400000004], [106.948435, 51.2810145], [106.9510192, 51.2808464], [106.95649379999999, 51.278338099999985], [106.9653526, 51.28352360000001], [106.97165799999999, 51.28645949999999], [106.97613909999998, 51.2886758], [106.98122709999998, 51.2910901], [106.9848817, 51.292611599999994], [106.98786129999999, 51.2938946], [106.99012510000001, 51.295522999999996], [106.99243229999999, 51.29815060000001], [106.993702, 51.2998375], [106.99440259999999, 51.302200799999994], [106.99484490000002, 51.3047352], [106.9946711, 51.306863400000005], [106.9943986, 51.3082432], [106.9924261, 51.311818699999996], [106.99135609999999, 51.3132122], [106.9892534, 51.31533139999999], [106.9866156, 51.31737639999999], [106.9851699, 51.3193178], [106.983252, 51.3257258], [106.98114829999999, 51.32938690000001], [106.9803132, 51.33160949999999], [106.9818561, 51.336542200000004], [106.9824312, 51.343699900000004], [106.98516829999998, 51.3516125], [106.9851938, 51.3537373], [106.98459739999998, 51.3584146], [106.9848565, 51.36286900000001], [106.9858581, 51.3675607], [106.9867719, 51.3702121], [106.98726359999999, 51.3769543], [106.9865985, 51.38004910000001], [106.98598729999999, 51.3813097], [106.9843652, 51.3822956], [106.98146599999998, 51.3830114], [106.98280359999998, 51.38447], [106.98425449999999, 51.3924808], [106.9882287, 51.3980015], [106.9918157, 51.40190189999999], [106.99432330000002, 51.403719800000005], [106.9986597, 51.405453599999994], [107.00261069999999, 51.40859149999999], [107.004628, 51.40974959999999], [107.0071403, 51.41199879999998], [107.0086542, 51.4132215], [107.0101178, 51.41397909999999], [107.01117069999998, 51.4145384], [107.01429519999999, 51.4161136], [107.0182795, 51.4178384], [107.021858, 51.419457], [107.02328, 51.42062279999999], [107.0262686, 51.42268070000001], [107.0332877, 51.4275005], [107.0371128, 51.4292693], [107.0415352, 51.4308324], [107.0458615, 51.432247800000006], [107.04904839999999, 51.4348384], [107.04942529999998, 51.43859629999999], [107.051369, 51.44005310000001], [107.0541458, 51.4454461], [107.05646619999999, 51.44775589999999], [107.0634532, 51.45344510000001], [107.06693399999999, 51.45522880000001], [107.0681354, 51.4563118], [107.06953489999998, 51.4566736], [107.06955709999998, 51.458481], [107.06847259999999, 51.4593479], [107.06709189999998, 51.45978900000001], [107.06535899999999, 51.4598195], [107.06463699999999, 51.4600821], [107.0641911, 51.4605483], [107.06442879999999, 51.46137759999999], [107.06937099999999, 51.46445750000001], [107.07420139999999, 51.46799739999999], [107.07780449999998, 51.46947529999999], [107.08813179999999, 51.4720837], [107.0910005, 51.47353270000001], [107.0935036, 51.4757382], [107.0986536, 51.4818134], [107.1003154, 51.483117099999994], [107.10326849999998, 51.483480799999995], [107.1179643, 51.4837579], [107.1310674, 51.484228800000004], [107.13458539999999, 51.4852484], [107.13478119999999, 51.486578300000005], [107.1347806, 51.487995], [107.13300470000001, 51.48998589999999], [107.1334146, 51.490186699999995], [107.15267129999998, 51.493710099999994], [107.1554905, 51.49686699999999], [107.159077, 51.499301200000005], [107.15962269999999, 51.50095799999999], [107.16258179999998, 51.5028203], [107.16405189999999, 51.503259], [107.1668024, 51.5031132], [107.16837809999998, 51.5035177], [107.1710415, 51.50520579999999], [107.1751151, 51.5094223], [107.17772319999999, 51.5107788], [107.18056709999999, 51.5110818], [107.185021, 51.510778599999995], [107.19280019999998, 51.51092830000001], [107.197533, 51.511438500000004], [107.2025658, 51.5116781], [107.2085506, 51.510718399999995], [107.2119081, 51.5101662], [107.21646469999999, 51.5095911], [107.2191568, 51.51010209999999], [107.2223014, 51.5123727], [107.22500740000001, 51.5152133], [107.22900759999999, 51.5164812], [107.23377289999999, 51.5171887], [107.239063, 51.51776540000001], [107.24548329999999, 51.517278], [107.24924459999998, 51.5157808], [107.2516218, 51.5149653], [107.25616229999999, 51.5143995], [107.25915279999998, 51.5143119], [107.26817089999999, 51.512402099999996], [107.27331689999998, 51.5129952], [107.27520729999999, 51.5137434], [107.2753758, 51.5173692], [107.2784167, 51.518670099999994], [107.28033699999999, 51.51967450000001], [107.27984069999998, 51.520434199999976], [107.27776989999998, 51.5204328], [107.2764685, 51.52112479999999], [107.2747875, 51.52224089999999], [107.2742657, 51.5238346], [107.2948171, 51.5286847], [107.30290439999999, 51.53140140000001], [107.3266028, 51.555894800000004], [107.3388032, 51.5682786], [107.34558320000001, 51.58594849999999], [107.3487448, 51.58588960000001], [107.3504408, 51.585247], [107.35227079999999, 51.58434460000001], [107.3533205, 51.5839485], [107.3565517, 51.583050199999995], [107.35804529999999, 51.582186799999995], [107.358733, 51.581256], [107.3587393, 51.578797400000006], [107.3588537, 51.5771283], [107.3599225, 51.5758149], [107.3609007, 51.5753368], [107.36192439999999, 51.5757328], [107.36254799999999, 51.5800125], [107.3623044, 51.5817676], [107.36176579999999, 51.582986999999996], [107.35959519999999, 51.5849892], [107.3563638, 51.5897016], [107.35684129999999, 51.5919572], [107.35772919999998, 51.59406409999999], [107.3566129, 51.59728999999999], [107.35618909999998, 51.59966899999999], [107.35525739999999, 51.60457869999998], [107.3561679, 51.6084804], [107.3567094, 51.60949559999999], [107.3579216, 51.6125066], [107.3605483, 51.614973499999984], [107.36277249999999, 51.617845700000004], [107.36450259999998, 51.618936000000005], [107.3650057, 51.6208843], [107.3681287, 51.6231229], [107.3732045, 51.6265479], [107.37754429999998, 51.62851499999999], [107.3842222, 51.6309823], [107.3871121, 51.63256749999999], [107.39033449999998, 51.635241799999996], [107.39210709999999, 51.638596199999995], [107.3918592, 51.6412042], [107.389728, 51.641635799999996], [107.38975939999999, 51.64628139999999], [107.38915689999999, 51.6486066], [107.39053879999999, 51.651953799999994], [107.393425, 51.6546037], [107.3959272, 51.65531849999999], [107.39903019999998, 51.6555716], [107.40116159999998, 51.6553245], [107.4035195, 51.6552311], [107.4058539, 51.655386699999994], [107.40763019999999, 51.6555411], [107.40963229999998, 51.6552044], [107.41316049999999, 51.65749699999999], [107.4138917, 51.659329699999994], [107.41479419999999, 51.66140519999999], [107.4148608, 51.6633992], [107.41236239999999, 51.66931399999999], [107.4100018, 51.6715581], [107.40475379999998, 51.677499499999996], [107.3989927, 51.6820873], [107.3992228, 51.6841698], [107.40126329999998, 51.6870353], [107.40470029999999, 51.689089499999994], [107.4079637, 51.691258899999994], [107.41193979999998, 51.69272420000001], [107.4144849, 51.69265320000001], [107.41650100000001, 51.69273679999999], [107.4198586, 51.694079], [107.4233345, 51.6963826], [107.4282365, 51.697689], [107.44062659999999, 51.7010416], [107.4439129, 51.704091699999985], [107.4432784, 51.7102965], [107.44598199999999, 51.71331479999999], [107.4481329, 51.7142823], [107.4502361, 51.71716180000001], [107.4520563, 51.71793639999999], [107.4553754, 51.71980860000001], [107.4621854, 51.725017400000006], [107.4637551, 51.7291964], [107.4663307, 51.7338948], [107.46787289999999, 51.7362587], [107.47157179999999, 51.739983900000006], [107.4728503, 51.740375399999984], [107.4741164, 51.74056079999999], [107.4749623, 51.74048580000001], [107.4764244, 51.73999870000001], [107.47904669999998, 51.740173], [107.48004129999998, 51.74074559999999], [107.48089399999999, 51.74179689999999], [107.481232, 51.74227189999999], [107.4831429, 51.74495709999999], [107.4833157, 51.7481065], [107.4869124, 51.7540758], [107.48909339999999, 51.75678500000001], [107.49268079999999, 51.7581485], [107.49647269999998, 51.76001449999999], [107.5014166, 51.7607318], [107.5064834, 51.76057259999998], [107.5108204, 51.75950669999999], [107.51473339999998, 51.75718470000001], [107.5169535, 51.755801999999996], [107.51961439999998, 51.7551111], [107.52282599999998, 51.7553588], [107.5260263, 51.756346099999995], [107.5280672, 51.757792099999996], [107.52857439999998, 51.75859359999999], [107.528406, 51.76016669999999], [107.53452189999999, 51.760021300000005], [107.53582199999998, 51.7599891], [107.53746909999998, 51.76003239999999], [107.5380364, 51.7599367], [107.5400086, 51.75988929999999], [107.5443007, 51.7611655], [107.5490955, 51.7592353], [107.55137040000001, 51.760414000000004], [107.55461380000001, 51.7601571], [107.55813629999999, 51.76058309999999], [107.5568645, 51.75762910000001], [107.55475429999998, 51.755444], [107.5557649, 51.7553953], [107.5584238, 51.7539495], [107.5602203, 51.7526525], [107.56163029999999, 51.75193269999999], [107.5664632, 51.757141000000004], [107.5700908, 51.7571187], [107.5741492, 51.7570933], [107.57833109999999, 51.75706639999999], [107.5819969, 51.7570427], [107.59246699999998, 51.7569377], [107.5955072, 51.75694819999999], [107.60872809999998, 51.7590823], [107.61236459999999, 51.75891330000001], [107.614151, 51.7588271], [107.61597159999998, 51.75873049999999], [107.6242987, 51.7582867], [107.62718960000001, 51.7581417], [107.62952249999998, 51.7580256], [107.6323192, 51.757925900000004], [107.6351845, 51.7577304], [107.6389077, 51.7576464], [107.6399471, 51.75762929999999], [107.65262779999999, 51.75684780000001], [107.6585146, 51.7566862], [107.6710043, 51.756409700000006], [107.6740247, 51.7562988], [107.6763501, 51.7562275], [107.6738064, 51.754356599999994], [107.6730453, 51.7533175], [107.6728351, 51.7518593], [107.67265409999999, 51.750624200000004], [107.672356, 51.748195899999985], [107.67199699999999, 51.7455266], [107.673632, 51.74508], [107.6750803, 51.7446993], [107.67631629999998, 51.74437429999999], [107.6789771, 51.74362469999999], [107.68014759999998, 51.743318999999985], [107.6807011, 51.7431752], [107.681783, 51.742894099999994], [107.6828266, 51.74262339999999], [107.68466659999999, 51.7421455], [107.68469550000002, 51.74202979999999], [107.6847338, 51.7418767], [107.6848942, 51.74122150000001], [107.6849547, 51.74047339999999], [107.6850145, 51.739690599999996], [107.6850814, 51.7388135], [107.6851146, 51.73834570000001], [107.68515769999999, 51.73773969999999], [107.6851704, 51.73756079999999], [107.68520129999999, 51.736984099999994], [107.68524699999999, 51.73613310000001], [107.6852809, 51.73560179999999], [107.6853614, 51.7343415], [107.6854437, 51.7326383], [107.68559729999998, 51.7303978], [107.6856591, 51.729137], [107.6856117, 51.72685830000001], [107.68514239999999, 51.725569699999994], [107.68481649999998, 51.72429439999999], [107.6845834, 51.72225610000001], [107.68431139999998, 51.71924599999999], [107.68447339999999, 51.7182613], [107.68459349999999, 51.7175279], [107.6846848, 51.71697019999999], [107.68548359999998, 51.71209090000001], [107.68575720000001, 51.710493799999995], [107.6872933, 51.7104716], [107.69185429999999, 51.710484300000005], [107.6974386, 51.71052410000001], [107.6993495, 51.71054079999998], [107.7043153, 51.71056], [107.7088957, 51.710529999999984], [107.71156919999999, 51.71053779999999], [107.7138128, 51.710492099999996], [107.71564639999998, 51.71045289999999], [107.7185249, 51.7103382], [107.7210766, 51.71020849999999], [107.7240643, 51.7100625], [107.725751, 51.70999880000001], [107.7258574, 51.711076799999994], [107.725831, 51.71236270000001], [107.7257347, 51.71486889999999], [107.72560399999999, 51.7168408], [107.7257365, 51.7186302], [107.725488, 51.7190753], [107.7255527, 51.720175700000006], [107.7254267, 51.7210354], [107.7254019, 51.72159599999999], [107.72545329999998, 51.7220255], [107.72543629999998, 51.723004700000004], [107.72544400000001, 51.7238471], [107.7254281, 51.725060499999984], [107.72542099999998, 51.72572120000001], [107.72540079999999, 51.726835], [107.7253945, 51.7271466], [107.72537930000001, 51.72794319999999], [107.7253451, 51.72861879999999], [107.72532959999998, 51.73000369999998], [107.7252399, 51.7323992], [107.72515739999999, 51.7334656], [107.72515169999998, 51.7335526], [107.72513619999998, 51.73378840000001], [107.7250661, 51.73473249999999], [107.72521629999999, 51.7360525], [107.7253505, 51.73727240000001], [107.72535240000002, 51.73785370000001], [107.7253534, 51.73829209999999], [107.7253902, 51.73986719999999], [107.72542859999999, 51.740969699999994], [107.72548849999998, 51.7423804], [107.7255185, 51.7430856], [107.72554249999999, 51.744136], [107.72558329999998, 51.74535449999999], [107.7256164, 51.7463456], [107.7256484, 51.7471017], [107.72571089999998, 51.748577399999995], [107.72577519999999, 51.7502359], [107.72582540000002, 51.751584799999996], [107.72590739999998, 51.75259330000001], [107.725757, 51.75418229999999], [107.72594439999999, 51.7555913], [107.72593969999998, 51.756881299999996], [107.72603299999999, 51.7593003], [107.7260865, 51.7615395], [107.7260942, 51.762311], [107.72613200000002, 51.7661965], [107.72639009999999, 51.766700400000005], [107.7262938, 51.767919], [107.7261714, 51.76898709999999], [107.72914379999999, 51.76911419999998], [107.73198039999998, 51.769232300000006], [107.73422159999998, 51.7692597], [107.7372028, 51.7693122], [107.7408187, 51.76940609999999], [107.7428692, 51.769485700000004], [107.7435425, 51.769511699999995], [107.7452479, 51.7695241], [107.74618179999999, 51.769522], [107.7475974, 51.769603700000005], [107.74913879999998, 51.7696341], [107.75148829999999, 51.7696902], [107.75219719999998, 51.76970430000001], [107.75400719999999, 51.76979310000001], [107.754736, 51.7698345], [107.7608165, 51.7701297], [107.7651822, 51.7703534], [107.76959009999999, 51.77041319999999], [107.77145440000001, 51.770212599999994], [107.773439, 51.770279099999996], [107.7772153, 51.77068200000001], [107.7773528, 51.7706966], [107.77749049999998, 51.7707112], [107.7778612, 51.770747500000006], [107.77957229999998, 51.770834300000004], [107.7837773, 51.7709024], [107.78790289999999, 51.770978500000005], [107.791317, 51.771041499999995], [107.79387579999998, 51.7710905], [107.7971282, 51.7711155], [107.79926480000002, 51.7711177], [107.8040488, 51.7711247], [107.8042638, 51.77206880000001], [107.8036034, 51.77381669999999], [107.8057958, 51.7743161], [107.81158309999998, 51.7758047], [107.81265569999998, 51.7784805], [107.80372149999998, 51.7818226], [107.79919850000002, 51.782959399999996], [107.79923429999998, 51.7842138], [107.79927139999998, 51.7859436], [107.7993185, 51.78818039999999], [107.79941539999999, 51.7927662], [107.79941449999998, 51.79435939999999], [107.7994229, 51.7963967], [107.7994274, 51.796829], [107.7994482, 51.79816009999998], [107.7996171, 51.799998399999986], [107.79974449999999, 51.8013835], [107.79976209999998, 51.801575], [107.79970509999998, 51.8023812], [107.79963709999998, 51.80333770000001], [107.7995678, 51.80431759999999], [107.7995339, 51.805315099999994], [107.79954449999998, 51.806262399999994], [107.7995559, 51.8072325], [107.7995668, 51.8081661], [107.7995782, 51.809159], [107.79960289999998, 51.81131390000001], [107.79965420000002, 51.816705299999995], [107.79970339999998, 51.8218815], [107.80215039999999, 51.8206513], [107.8035807, 51.81952110000001], [107.8058921, 51.8192055], [107.8150507, 51.8178657], [107.81757799999998, 51.8174834], [107.8224657, 51.8187607], [107.8224146, 51.82204980000001], [107.8231663, 51.8234009], [107.82312599999999, 51.8252405], [107.82302839999998, 51.8293533], [107.8229734, 51.83054249999999], [107.8229434, 51.831193]]]]}}]}