{"type": "FeatureCollection", "features": [{"type": "Feature", "properties": {"id": "city-12701000", "name": "ГО Астрахань", "region": "Астраханская область", "isCity": true, "sourceOktmo": "12-701-000-000", "sourceAgg": "Астрахань", "excelNames": ["ГО Астрахань"], "oktmo": "12701000", "vgp": [{"year": 2019, "value": 441133104.1603644}, {"year": 2020, "value": 411720603.78313994}, {"year": 2021, "value": 407748193.99980634}, {"year": 2022, "value": 671399453.5406178}, {"year": 2023, "value": 683046230.9677799}, {"year": 2024, "value": 768877000.6831101}], "population": [{"year": 2019, "value": 534241.0}, {"year": 2020, "value": 529793.0}, {"year": 2021, "value": 524371.0}, {"year": 2022, "value": 518695.0}, {"year": 2023, "value": 468842.0}, {"year": 2024, "value": 465524.0}, {"year": 2025, "value": 465990.0}], "shipments": [{"year": 2019, "value": 405616453.1}, {"year": 2020, "value": 319139935.3}, {"year": 2021, "value": 466109906.6}, {"year": 2022, "value": 555408593.1}, {"year": 2023, "value": 536253984.2}, {"year": 2024, "value": 576518369.0}], "employees": [{"year": 2019, "value": 115409.0}, {"year": 2020, "value": 113826.0}, {"year": 2021, "value": 110088.0}, {"year": 2022, "value": 107484.0}, {"year": 2023, "value": 104431.0}, {"year": 2024, "value": 102810.0}], "investments": [{"year": 2019, "value": 67308933.0}, {"year": 2020, "value": 76271092.0}, {"year": 2021, "value": 56617717.0}, {"year": 2022, "value": 48885072.0}, {"year": 2023, "value": 48059026.0}, {"year": 2024, "value": 55978529.0}], "vgp2024": 768877000.6831101, "pop2024": 465524.0, "ship2024": 576518369.0, "emp2024": 102810.0, "inv2024": 55978529.0}, "geometry": {"type": "MultiPolygon", "coordinates": [[[[47.9634481, 46.3466263], [47.967207499999994, 46.35098779999999], [47.97207449999999, 46.3565924], [47.9711689, 46.357672], [47.97017499999999, 46.358227899999996], [47.9694419, 46.3583638], [47.96759109999999, 46.35874389999999], [47.967228799999994, 46.35917769999999], [47.96597959999999, 46.3606745], [47.964538399999995, 46.3638268], [47.9632249, 46.36429379999999], [47.9631344, 46.3643261], [47.9631588, 46.366137900000005], [47.9631333, 46.3661863], [47.9625914, 46.3664778], [47.9604262, 46.36581069999999], [47.9601849, 46.3668103], [47.96218979999999, 46.367366200000006], [47.96700249999999, 46.3684781], [47.97708039999999, 46.3709209], [47.9811163, 46.3708086], [47.98413299999999, 46.371853], [47.9847301, 46.3722576], [47.986494699999994, 46.37359059999999], [47.986965899999994, 46.3738144], [47.988018999999994, 46.374312499999995], [47.9919922, 46.37448289999999], [47.9960417, 46.3738132], [47.9969785, 46.373564], [47.9995718, 46.3733135], [48.00268079999999, 46.375173600000004], [48.0040849, 46.3753262], [48.006953, 46.37568709999999], [48.0083573, 46.37588130000001], [48.0093602, 46.3759644], [48.0104629, 46.3757977], [48.011365899999994, 46.3757144], [48.0119241, 46.3756496], [48.01265140000001, 46.3766643], [48.0138137, 46.378188], [48.0157534, 46.380541699999995], [48.016643099999996, 46.3819052], [48.01766679999999, 46.3832099], [48.018549799999995, 46.38437609999999], [48.0190717, 46.385125599999995], [48.0202006, 46.3852093], [48.0207002, 46.38657789999999], [48.020576399999996, 46.387432], [48.0200849, 46.388177999999996], [48.01917319999999, 46.388804199999996], [48.0179844, 46.389141900000006], [48.0168883, 46.3892005], [48.0173685, 46.3908733], [48.0173684, 46.39243450000001], [48.017157499999996, 46.394023], [48.01670899999999, 46.3944438], [48.014989699999994, 46.393684199999996], [48.013019199999995, 46.3928571], [48.00559109999999, 46.3892644], [48.0049894, 46.390666499999995], [48.004789, 46.3911662], [48.004588399999996, 46.392415699999994], [48.0028431, 46.3937069], [48.005231, 46.3936507], [48.0092301, 46.3946432], [48.007905599999994, 46.3967228], [48.00777029999999, 46.3973222], [48.0076549, 46.39798179999999], [48.0034835, 46.3975998], [48.0033783, 46.397215], [48.003187100000005, 46.397051000000005], [48.00318959999999, 46.397008899999996], [48.0026627, 46.396980199999994], [48.002675, 46.396667099999995], [48.0024171, 46.396618499999995], [48.0024481, 46.396519], [48.00246649999999, 46.39646510000001], [48.0025363, 46.3962278], [47.9991207, 46.39572499999999], [47.99893569999999, 46.39619549999999], [47.9987702, 46.3966666], [47.9982935, 46.3974415], [47.9979215, 46.3980277], [47.9946659, 46.401736799999995], [47.9924704, 46.4043489], [47.9897589, 46.4072504], [47.988739, 46.4084501], [47.988718500000004, 46.408489], [47.9885093, 46.40870389999999], [47.9884686, 46.40886979999999], [47.9882391, 46.4087639], [47.9886164, 46.4084006], [47.988074, 46.40818649999999], [47.987723599999995, 46.408549199999996], [47.9870112, 46.4082477], [47.98632789999999, 46.4079652], [47.9855521, 46.40764209999999], [47.986714199999994, 46.4054113], [47.9866603, 46.404842], [47.98863719999999, 46.40518], [47.989099499999995, 46.4052858], [47.9895855, 46.40466249999999], [47.985130299999994, 46.404007899999996], [47.98086669999999, 46.403577899999995], [47.9803183, 46.40346589999999], [47.979073699999994, 46.4027952], [47.9792837, 46.4012355], [47.9750666, 46.400409599999996], [47.9646591, 46.3995682], [47.96291480000001, 46.403466], [47.96008669999999, 46.4116653], [47.9586189, 46.41166479999999], [47.9568927, 46.4175997], [47.9559315, 46.41939550000001], [47.955265999999995, 46.42018360000001], [47.953557800000006, 46.4222063], [47.95231429999999, 46.42374819999999], [47.9516359, 46.424587499999994], [47.95090079999999, 46.42564149999999], [47.9501956, 46.42669599999999], [47.94943069999999, 46.4278471], [47.948582599999995, 46.429018199999994], [47.948469100000004, 46.4295257], [47.94793069999999, 46.4316342], [47.9468535, 46.43618289999999], [47.945918, 46.4400288], [47.94563409999999, 46.4416102], [47.9453774, 46.4442459], [47.945092100000004, 46.447037599999994], [47.94449339999999, 46.4537147], [47.94404759999999, 46.4538566], [47.94404029999999, 46.4539098], [47.944233, 46.4548828], [47.94433229999999, 46.455573099999995], [47.94439189999999, 46.45572489999999], [47.944662599999994, 46.456415699999994], [47.9452353, 46.45745939999999], [47.945582099999996, 46.45797389999999], [47.9464811, 46.4590046], [47.946942099999994, 46.4594784], [47.9479508, 46.460346400000006], [47.9490337, 46.461251999999995], [47.9495895, 46.4617167], [47.9508535, 46.4627263], [47.9520996, 46.4637459], [47.954026799999994, 46.4653876], [47.95587539999999, 46.466901699999994], [47.9562462, 46.467242999999996], [47.9579224, 46.4685838], [47.958275, 46.4689024], [47.9582267, 46.46894129999999], [47.9586483, 46.469265699999994], [47.95877459999999, 46.46935349999999], [47.95937279999999, 46.4698448], [47.960167199999994, 46.470462500000004], [47.9603563, 46.4706001], [47.960381399999996, 46.4706528], [47.9604993, 46.4708482], [47.960554900000005, 46.470841199999995], [47.96075069999999, 46.470624599999994], [47.96092629999999, 46.47028089999999], [47.961175999999995, 46.46897], [47.96165709999999, 46.469012299999996], [47.962299099999996, 46.468990999999995], [47.96301489999999, 46.4691108], [47.963386199999995, 46.46916830000001], [47.96486629999999, 46.469316899999995], [47.9652847, 46.469396599999996], [47.9659194, 46.4694812], [47.969212899999995, 46.469676299999996], [47.97480019999999, 46.46980090000001], [47.9750661, 46.4697919], [47.97933580000001, 46.469647], [47.9791809, 46.4685984], [47.9785636, 46.4648044], [47.97801259999999, 46.4584065], [47.98000029999999, 46.444144400000006], [47.9833783, 46.4350305], [47.9892844, 46.427989], [47.996930899999995, 46.421842], [48.004675299999995, 46.4173601], [48.0067738, 46.4158763], [48.013444699999994, 46.4108423], [48.01948659999999, 46.4059936], [48.025769399999994, 46.400753300000005], [48.03198979999999, 46.3955395], [48.037226999999994, 46.39258809999999], [48.04414049999999, 46.38980939999999], [48.04905899999999, 46.3891133], [48.052566, 46.38912669999999], [48.0611299, 46.38976399999999], [48.06549259999999, 46.3894726], [48.0657765, 46.3913039], [48.06635899999999, 46.3944143], [48.06648210000001, 46.3946958], [48.0669079, 46.39566889999999], [48.0671522, 46.3964054], [48.0675757, 46.39816019999999], [48.067707199999994, 46.3987469], [48.0683554, 46.4026476], [48.06868879999999, 46.4046522], [48.0689325, 46.4059833], [48.06529789999999, 46.409523099999994], [48.064276799999995, 46.410685799999996], [48.0634204, 46.41192869999999], [48.0634954, 46.4134067], [48.0638651, 46.4139186], [48.06381749999999, 46.4146504], [48.06371699999999, 46.4151775], [48.06364059999999, 46.4155773], [48.06368659999999, 46.41621299999999], [48.0636717, 46.41669029999999], [48.06363029999999, 46.4177709], [48.0634684, 46.4182251], [48.063542299999995, 46.41884749999999], [48.06353390000001, 46.4193939], [48.063214, 46.420649399999995], [48.0629017, 46.4210178], [48.0611962, 46.4231902], [48.059742199999995, 46.424404], [48.058504, 46.4255285], [48.05794589999999, 46.4261553], [48.057246299999996, 46.42761350000001], [48.05700989999999, 46.4285932], [48.0570569, 46.4307853], [48.0570536, 46.43156619999999], [48.0571701, 46.432484499999994], [48.0573971, 46.4335131], [48.05743819999999, 46.433777899999995], [48.057567199999994, 46.434510599999996], [48.0575972, 46.43518469999999], [48.057500299999994, 46.43577739999999], [48.05794770000001, 46.4358603], [48.06571569999999, 46.4360187], [48.065687499999996, 46.436569], [48.06648419999999, 46.43656849999999], [48.06761, 46.436607699999996], [48.0675763, 46.43741399999999], [48.067639899999996, 46.4374459], [48.0710339, 46.43774679999999], [48.0704609, 46.443662499999995], [48.06953729999999, 46.45243309999999], [48.07091559999999, 46.45253699999999], [48.0739909, 46.4520509], [48.0760024, 46.4511442], [48.07883519999999, 46.450108199999995], [48.08055349999999, 46.4495841], [48.08166620000001, 46.449235900000005], [48.0826453, 46.44896669999999], [48.08341169999999, 46.4488096], [48.0842698, 46.448684500000006], [48.0866028, 46.44824779999999], [48.0869998, 46.4482314], [48.08825769999999, 46.4479188], [48.0894899, 46.4475214], [48.0907934, 46.447180599999996], [48.0916961, 46.447059], [48.09251439999999, 46.446987199999995], [48.093293599999996, 46.44696509999999], [48.0953699, 46.4467826], [48.09653809999999, 46.4466442], [48.09892839999999, 46.44657049999999], [48.0998702, 46.4463465], [48.101639, 46.445656099999994], [48.10246849999999, 46.4453747], [48.103291, 46.4452233], [48.1047094, 46.4450659], [48.1061488, 46.4449915], [48.1082492, 46.44476989999999], [48.1101625, 46.444606], [48.1111486, 46.4442955], [48.1125404, 46.443755499999995], [48.113273799999995, 46.4433982], [48.11663000000001, 46.4417166], [48.1178699, 46.44127559999999], [48.11825129999999, 46.4410411], [48.118662799999996, 46.440748199999994], [48.119017299999996, 46.44055329999999], [48.1194118, 46.44045859999999], [48.1198623, 46.4403785], [48.12049309999999, 46.4403213], [48.12131049999999, 46.440096], [48.12173859999999, 46.4400101], [48.1222837, 46.4399976], [48.12265300000001, 46.43995209999999], [48.1231193, 46.43985649999999], [48.1236775, 46.4398152], [48.12922379999999, 46.43947109999999], [48.13022449999999, 46.4392844], [48.1309466, 46.43928679999999], [48.1359296, 46.438230700000005], [48.13967, 46.43740139999999], [48.1405141, 46.43711139999999], [48.14172949999999, 46.43693799999999], [48.14247189999999, 46.43690109999999], [48.1459994, 46.4365396], [48.1463089, 46.4366937], [48.1466956, 46.43642940000001], [48.1480892, 46.4358106], [48.1492789, 46.4351742], [48.1509801, 46.434021699999995], [48.1518848, 46.4336113], [48.1526679, 46.43309240000001], [48.15515, 46.4319045], [48.15772050000001, 46.4303799], [48.1582962, 46.429781], [48.15936349999999, 46.427429399999994], [48.16029979999999, 46.4257846], [48.16095349999999, 46.4239012], [48.1610215, 46.423536899999995], [48.1610987, 46.4229244], [48.1610832, 46.422058699999994], [48.161071799999995, 46.4214031], [48.1609458, 46.420845799999995], [48.160689899999994, 46.42009440000001], [48.1604964, 46.419747099999995], [48.1605393, 46.419356], [48.16047389999999, 46.41857939999999], [48.160010199999995, 46.417245], [48.159885599999996, 46.4167331], [48.1596678, 46.4161236], [48.15965189999999, 46.415772999999994], [48.159870899999994, 46.4151963], [48.1603731, 46.414409], [48.16092309999999, 46.413572900000005], [48.16126009999999, 46.41319709999999], [48.1618164, 46.4127455], [48.162421699999996, 46.4124416], [48.16333180000001, 46.4120296], [48.16372189999999, 46.4117785], [48.1639488, 46.4115352], [48.1643183, 46.4110999], [48.16490039999999, 46.4099556], [48.16517350000001, 46.40956529999999], [48.16578619999999, 46.409298899999996], [48.167367999999996, 46.40696679999999], [48.16741489999999, 46.40581219999999], [48.1676701, 46.4050195], [48.1684318, 46.4047895], [48.16946169999999, 46.40425789999999], [48.170070599999995, 46.4038018], [48.17002169999999, 46.403421099999996], [48.1707904, 46.4036329], [48.1712269, 46.4037267], [48.17173540000001, 46.4037482], [48.173226199999995, 46.403583499999996], [48.1738447, 46.4035514], [48.175342, 46.403339499999994], [48.17600209999999, 46.403252099999996], [48.1770998, 46.40298289999999], [48.1775376, 46.40280109999999], [48.17828, 46.402327500000006], [48.178825700000004, 46.40212749999999], [48.17959489999999, 46.40174939999999], [48.180415399999994, 46.40170450000001], [48.180923099999994, 46.40174369999999], [48.181503, 46.4018795], [48.18203059999999, 46.4020318], [48.1823694, 46.4022714], [48.1827018, 46.4025581], [48.18299449999999, 46.4028617], [48.18320659999999, 46.4031543], [48.1833378, 46.4034511], [48.1849809, 46.4019979], [48.1862823, 46.40063289999999], [48.189795499999995, 46.3969213], [48.19336469999999, 46.3931091], [48.196096399999995, 46.3902603], [48.1987018, 46.3875427], [48.2005349, 46.386313699999995], [48.20107769999999, 46.38578989999999], [48.20147849999999, 46.38516499999999], [48.201888, 46.3815024], [48.2010655, 46.38140539999999], [48.20038399999999, 46.3814185], [48.19940069999999, 46.38159029999999], [48.1971218, 46.3833989], [48.1946953, 46.3849577], [48.1913502, 46.38681199999999], [48.1874869, 46.38886], [48.1847856, 46.3901997], [48.17495339999999, 46.3952162], [48.1715448, 46.39713609999999], [48.167939399999995, 46.39959669999999], [48.16624869999999, 46.40037349999999], [48.16399919999999, 46.40107569999999], [48.16168869999999, 46.4015388], [48.159557299999996, 46.4018194], [48.1568689, 46.4021012], [48.154621799999994, 46.402136299999995], [48.152471399999996, 46.4019108], [48.150667299999995, 46.4014869], [48.14901879999999, 46.4010213], [48.1476937, 46.4002666], [48.1465799, 46.399354499999994], [48.1450482, 46.39805280000001], [48.145279599999995, 46.3971394], [48.145345999999996, 46.3961874], [48.1453148, 46.3955191], [48.1448144, 46.39422329999999], [48.1434712, 46.3924961], [48.141997999999994, 46.39104329999999], [48.1416688, 46.3904857], [48.1416489, 46.3901267], [48.1424154, 46.389385999999995], [48.14317079999999, 46.38938189999999], [48.1434821, 46.3890197], [48.1444643, 46.388914], [48.14499849999999, 46.3889861], [48.14551699999999, 46.3889876], [48.1459016, 46.3889132], [48.1463393, 46.3887714], [48.1465942, 46.3885373], [48.1465949, 46.38822739999999], [48.146616699999996, 46.3874912], [48.146869699999996, 46.3859209], [48.14708799999999, 46.3853286], [48.1473801, 46.38470220000001], [48.14764029999999, 46.3843652], [48.14800189999999, 46.3840994], [48.14865879999999, 46.3836614], [48.1493328, 46.38332260000001], [48.1509133, 46.3824191], [48.1515055, 46.3819567], [48.1525815, 46.381208599999994], [48.1539311, 46.380394800000005], [48.154653399999994, 46.380080799999995], [48.155278, 46.3797374], [48.15606429999999, 46.379273], [48.1563565, 46.378959599999995], [48.1566984, 46.378322999999995], [48.1568897, 46.3780789], [48.157984199999994, 46.3779266], [48.1594653, 46.37797489999999], [48.1600779, 46.3780742], [48.1628101, 46.378248899999996], [48.16692760000001, 46.3784695], [48.1678838, 46.377683899999994], [48.1703966, 46.3780439], [48.1710841, 46.378381499999996], [48.1726796, 46.3785661], [48.174731, 46.37889179999999], [48.1757974, 46.3789639], [48.178172999999994, 46.3789227], [48.178644299999995, 46.3777675], [48.1772233, 46.377383200000004], [48.1752663, 46.3767514], [48.1740256, 46.3763202], [48.1709162, 46.37502959999999], [48.1682618, 46.373720199999994], [48.1655877, 46.372837], [48.1628806, 46.3721167], [48.159477499999994, 46.3713999], [48.1524979, 46.36993979999999], [48.1495396, 46.3694572], [48.1490852, 46.36938469999999], [48.149271399999996, 46.36890139999999], [48.1493046, 46.368880399999995], [48.149240799999994, 46.3688055], [48.1492221, 46.36873539999999], [48.149203199999995, 46.3686652], [48.149105199999994, 46.3685399], [48.1490026, 46.3684121], [48.1488948, 46.36828169999999], [48.1487702, 46.36832580000001], [48.1487003, 46.3682239], [48.148680999999996, 46.3681929], [48.148516, 46.367914799999994], [48.1484807, 46.3679147], [48.14836799999999, 46.367457699999996], [48.1484147, 46.367446699999995], [48.148374499999996, 46.3673154], [48.1482582, 46.367206], [48.14818619999999, 46.3672265], [48.14815769999999, 46.3671602], [48.148008499999996, 46.36677790000001], [48.1479398, 46.36680139999999], [48.147760500000004, 46.366540799999996], [48.14772979999999, 46.366477399999994], [48.14772769999999, 46.3664674], [48.1478745, 46.366434299999995], [48.1478539, 46.36631070000001], [48.14782120000001, 46.3662156], [48.14774439999999, 46.366030800000004], [48.147677, 46.366052999999994], [48.14766339999999, 46.3660119], [48.1476059, 46.36602409999999], [48.1475702, 46.3659243], [48.1475344, 46.36582429999999], [48.1475292, 46.3658014], [48.1474469, 46.36558410000001], [48.14740559999999, 46.3654588], [48.1473246, 46.3653047], [48.1472492, 46.36519249999999], [48.1473331, 46.3651638], [48.14732239999999, 46.36512489999999], [48.1473727, 46.365096799999996], [48.1473983, 46.36498009999999], [48.1476446, 46.364952699999996], [48.147677099999996, 46.3649262], [48.1476556, 46.36480379999999], [48.1476341, 46.364681499999996], [48.14761289999999, 46.36461990000001], [48.147643599999995, 46.364615], [48.1476301, 46.3645388], [48.1476152, 46.3644555], [48.1476169, 46.364441199999995], [48.1475791, 46.364268], [48.1475024, 46.36417459999999], [48.1475304, 46.364138399999995], [48.1474741, 46.3638535], [48.1474173, 46.3635748], [48.14734459999999, 46.3635345], [48.147325, 46.363489], [48.1473557, 46.3634644], [48.1473636, 46.3634422], [48.1473086, 46.3631088], [48.14725729999999, 46.36308669999999], [48.14728099999999, 46.36300810000001], [48.1472409, 46.363017], [48.14721680000001, 46.3628585], [48.14718719999999, 46.362662699999994], [48.1471229, 46.3624489], [48.14710379999999, 46.3624388], [48.14707659999999, 46.3624299], [48.1470398, 46.3624283], [48.14705489999999, 46.36236650000001], [48.1470712, 46.3623509], [48.147070899999996, 46.36232259999999], [48.1470259, 46.3622178], [48.1470947, 46.3621791], [48.1471366, 46.362174], [48.1472971, 46.3621147], [48.147036799999995, 46.361673999999994], [48.14696469999999, 46.3616941], [48.146922399999994, 46.3615795], [48.1468233, 46.3613584], [48.14686379999999, 46.361338], [48.146681799999996, 46.36091809999999], [48.1466805, 46.36088259999999], [48.146661099999996, 46.3608446], [48.1466461, 46.3608295], [48.1465471, 46.3606337], [48.14649899999999, 46.3606464], [48.1463491, 46.3603828], [48.146313199999994, 46.3603926], [48.1462918, 46.360390499999994], [48.146240799999994, 46.36030209999999], [48.1462224, 46.36025879999999], [48.1460514, 46.359900700000004], [48.14606650000001, 46.359893099999994], [48.146049, 46.3598511], [48.14603139999999, 46.3598092], [48.14619199999999, 46.35976139999999], [48.1460442, 46.359426899999995], [48.1460301, 46.3593817], [48.1461966, 46.3593409], [48.146184999999996, 46.35925619999999], [48.1463043, 46.3592468], [48.146321099999994, 46.359188], [48.1463292, 46.3591], [48.1463431, 46.3590835], [48.14639729999999, 46.35906959999999], [48.14647449999999, 46.35906529999999], [48.14644669999999, 46.3588863], [48.1464155, 46.3587021], [48.146393499999995, 46.3586074], [48.146473199999996, 46.3586475], [48.1464406, 46.3585292], [48.14639749999999, 46.3583989], [48.1472936, 46.35829699999999], [48.1472838, 46.35815329999999], [48.1472647, 46.358090399999995], [48.147318999999996, 46.358085499999994], [48.1473008, 46.35796969999999], [48.1472686, 46.357974899999995], [48.14722569999999, 46.3578267], [48.14706139999999, 46.35761949999999], [48.14693309999999, 46.3576259], [48.14688339999999, 46.3573853], [48.146921, 46.35737739999999], [48.146901, 46.35730019999999], [48.1468688, 46.3573022], [48.14682909999999, 46.3571642], [48.1462136, 46.35653159999999], [48.1388515, 46.355878499999996], [48.1388043, 46.3554856], [48.1388423, 46.35546539999999], [48.138718, 46.3538319], [48.1385778, 46.3538316], [48.1384323, 46.3538313], [48.13831149999999, 46.353831], [48.1382303, 46.3538308], [48.1382275, 46.3537705], [48.138184300000006, 46.3537624], [48.1381447, 46.3537561], [48.1381462, 46.353772299999996], [48.1381471, 46.3538307], [48.138101999999996, 46.35383110000001], [48.1380394, 46.3538173], [48.138025, 46.3538303], [48.1377226, 46.3538375], [48.1377171, 46.3537885], [48.1372051, 46.35381209999999], [48.1371947, 46.3539035], [48.13707149999999, 46.3539026], [48.1370539, 46.3538822], [48.1367636, 46.3538445], [48.1367879, 46.3537492], [48.1365026, 46.353704300000004], [48.1365417, 46.3536722], [48.1365634, 46.3536028], [48.13650559999999, 46.35359029999999], [48.136541, 46.3534338], [48.1364784, 46.3533563], [48.136532499999994, 46.3532009], [48.13643819999999, 46.353125999999996], [48.136577499999994, 46.35274], [48.1337691, 46.3520639], [48.133335, 46.3517573], [48.13230059999999, 46.3514277], [48.1319397, 46.3513489], [48.132132899999995, 46.3508651], [48.132294300000005, 46.350350399999996], [48.1323338, 46.349870800000005], [48.13230329999999, 46.34953759999999], [48.13250229999999, 46.3492201], [48.13273929999999, 46.3487301], [48.1328905, 46.3481322], [48.13294090000001, 46.34771799999999], [48.1330744, 46.347462], [48.1330524, 46.3470559], [48.1328824, 46.34627029999999], [48.1325548, 46.34537459999999], [48.1320269, 46.34427089999999], [48.13123889999999, 46.3430046], [48.130391, 46.3416861], [48.129448599999996, 46.3402523], [48.128835, 46.3393206], [48.12826919999999, 46.3383922], [48.1277526, 46.33735209999999], [48.1273286, 46.336560199999994], [48.1269542, 46.3360123], [48.12665119999999, 46.33547409999999], [48.1264576, 46.33486419999999], [48.126412, 46.33436249999999], [48.1264023, 46.3339067], [48.1264779, 46.33338009999999], [48.126525199999996, 46.33302549999999], [48.126413299999996, 46.332597199999995], [48.1259381, 46.332232899999994], [48.1252047, 46.3319451], [48.124647, 46.33196099999999], [48.123642499999995, 46.332671899999994], [48.11997819999999, 46.3355597], [48.11838039999999, 46.33630159999999], [48.116895, 46.33701270000001], [48.1154338, 46.3375911], [48.113533, 46.3382917], [48.1113403, 46.3388793], [48.1091863, 46.3394564], [48.1070166, 46.340001199999996], [48.10493029999999, 46.3404725], [48.1023801, 46.34087329999999], [48.100369799999996, 46.341153399999996], [48.0997168, 46.341314399999995], [48.09911099999999, 46.3416301], [48.09780570000001, 46.3424765], [48.0972151, 46.34124740000001], [48.096900399999996, 46.3405926], [48.09599419999999, 46.340658999999995], [48.0959526, 46.340637], [48.0956315, 46.3401462], [48.0955789, 46.340147], [48.0953744, 46.3401244], [48.094845799999995, 46.33980079999999], [48.09425209999999, 46.3394893], [48.09374569999999, 46.339432699999996], [48.0933833, 46.33938529999999], [48.0932959, 46.3393476], [48.0932743, 46.3393142], [48.088855099999996, 46.340153699999995], [48.085784600000004, 46.34039189999999], [48.085266299999994, 46.3403677], [48.0837866, 46.3401103], [48.081761199999995, 46.33985179999999], [48.0816313, 46.339910499999995], [48.0815798, 46.339915], [48.081396399999996, 46.3398456], [48.081349, 46.3398317], [48.08112559999999, 46.3397399], [48.0804607, 46.3393595], [48.0795949, 46.3390326], [48.0783868, 46.3389359], [48.0777853, 46.33892039999999], [48.07677999999999, 46.338597699999994], [48.0766173, 46.3382296], [48.0759823, 46.3377572], [48.0754953, 46.3371651], [48.0741644, 46.33538219999999], [48.0725503, 46.3338], [48.07233949999999, 46.3335299], [48.0722334, 46.3334154], [48.0719714, 46.33328409999999], [48.070808299999996, 46.332982799999996], [48.0687606, 46.3320758], [48.06531819999999, 46.3306922], [48.0653593, 46.33049259999999], [48.0652919, 46.33032409999999], [48.0654066, 46.33016], [48.06592439999999, 46.3303667], [48.066058999999996, 46.329308399999995], [48.065453, 46.32924500000001], [48.065515999999995, 46.32871709999999], [48.06521049999999, 46.3286872], [48.0651695, 46.3286864], [48.06504999999999, 46.329402599999995], [48.065046099999996, 46.3294459], [48.0649063, 46.3305483], [48.0639709, 46.3298819], [48.06367959999999, 46.3298617], [48.0631337, 46.32919509999999], [48.0626904, 46.32819909999999], [48.06185119999999, 46.3274901], [48.061831, 46.32746509999999], [48.06181699999999, 46.32738109999999], [48.0618872, 46.3271698], [48.0612244, 46.3263742], [48.061008799999996, 46.32624859999999], [48.060794099999995, 46.326158799999995], [48.05465410000001, 46.3258835], [48.054520999999994, 46.3252094], [48.0538504, 46.3218723], [48.053844899999994, 46.3218624], [48.053757499999996, 46.32180579999999], [48.0549048, 46.321256999999996], [48.0548962, 46.32124259999999], [48.0549635, 46.3212098], [48.05497419999999, 46.3212184], [48.0565348, 46.320468], [48.056664299999994, 46.32042640000001], [48.0537118, 46.32038330000001], [48.0534961, 46.320368], [48.0535228, 46.32021159999999], [48.0535301, 46.3201637], [48.0535345, 46.320038999999994], [48.0535584, 46.3198068], [48.0536043, 46.31950739999999], [48.05358499999999, 46.319503600000004], [48.05360519999999, 46.319092999999995], [48.05352539999999, 46.3190645], [48.0543356, 46.318062399999995], [48.0557976, 46.3162541], [48.0559157, 46.316108099999994], [48.0602209, 46.31078289999999], [48.0620062, 46.31146210000001], [48.0661389, 46.3130496], [48.0665006, 46.313185299999994], [48.06740739999999, 46.313550899999996], [48.0679351, 46.3137529], [48.0687133, 46.314114], [48.070427, 46.3148169], [48.070979, 46.3149921], [48.0714077, 46.31509079999999], [48.0716577, 46.3140964], [48.07189449999999, 46.31316259999999], [48.07232549999999, 46.31293699999999], [48.078893099999995, 46.3129401], [48.0789426, 46.3093808], [48.0789435, 46.309319], [48.0737202, 46.308848], [48.07410719999999, 46.3075908], [48.074465999999994, 46.30600150000001], [48.0741548, 46.305853299999995], [48.07447319999999, 46.305389999999996], [48.0735316, 46.30513599999999], [48.0732535, 46.3051481], [48.07267349999999, 46.3052309], [48.0719967, 46.3053944], [48.07124269999999, 46.30564269999999], [48.07056099999999, 46.30580249999999], [48.070089499999995, 46.3058699], [48.069556999999996, 46.3058562], [48.0690129, 46.3057519], [48.0686689, 46.305573100000004], [48.06848539999999, 46.30526429999999], [48.06841060000001, 46.3049066], [48.068336499999994, 46.3042754], [48.0682514, 46.30404229999999], [48.0680405, 46.303822399999994], [48.067307500000005, 46.30338160000001], [48.0666007, 46.3029644], [48.06617539999999, 46.302776300000005], [48.0658042, 46.302725699999996], [48.0654006, 46.3027564], [48.0646476, 46.3028842], [48.06352189999999, 46.3030022], [48.062489299999996, 46.3031908], [48.06113049999999, 46.30358139999999], [48.05941589999999, 46.3041554], [48.0582952, 46.304465400000005], [48.0573287, 46.304657799999994], [48.05669949999999, 46.3047698], [48.056449699999995, 46.304779499999995], [48.055978, 46.3047566], [48.055526799999996, 46.3047219], [48.054937200000005, 46.30464609999999], [48.054481599999995, 46.304611099999995], [48.05402339999999, 46.3046225], [48.0534824, 46.3046193], [48.0530798, 46.30460349999999], [48.0526948, 46.3045935], [48.05243659999999, 46.304615399999996], [48.0520778, 46.3047398], [48.05178819999999, 46.304865899999996], [48.0515615, 46.304926], [48.051322799999994, 46.3049028], [48.0510461, 46.3048849], [48.050764199999996, 46.3049633], [48.0504783, 46.30508149999999], [48.04996, 46.30524989999999], [48.04949839999999, 46.3053716], [48.049020799999994, 46.30550089999999], [48.0483373, 46.3056597], [48.047933, 46.3057909], [48.0475441, 46.305957199999995], [48.047221099999994, 46.3060826], [48.046761399999994, 46.30616959999999], [48.046389399999995, 46.3063444], [48.04595749999999, 46.3065578], [48.0455845, 46.3066658], [48.04493819999999, 46.30684949999999], [48.04435289999999, 46.306976], [48.0431126, 46.3069439], [48.0424689, 46.30679359999999], [48.0417915, 46.3066103], [48.0406671, 46.3062203], [48.039675599999995, 46.30579379999999], [48.0390367, 46.30541900000001], [48.03857959999999, 46.3050773], [48.0379998, 46.3045726], [48.039299899999996, 46.303962399999996], [48.0403657, 46.3031631], [48.0410032, 46.3023619], [48.0414174, 46.3015487], [48.0414524, 46.300899], [48.042422499999994, 46.299361299999994], [48.044162099999994, 46.2976025], [48.0453877, 46.2962731], [48.0461092, 46.29550979999999], [48.04623599999999, 46.2945937], [48.045804499999996, 46.2936514], [48.0450391, 46.2928317], [48.0444358, 46.29204], [48.0441805, 46.2913469], [48.04423469999999, 46.290339499999995], [48.0447207, 46.28930749999999], [48.045529, 46.2882061], [48.04664989999999, 46.287381499999995], [48.047778799999996, 46.286757], [48.0468238, 46.28567369999999], [48.0439244, 46.2855773], [48.0432107, 46.2854876], [48.018555, 46.284912799999994], [48.0108003, 46.28692409999999], [48.0097977, 46.287103699999996], [48.009475599999995, 46.288491199999996], [48.00645620000001, 46.288441], [48.0062582, 46.2884452], [48.006145399999994, 46.288514299999996], [48.004866799999995, 46.2892965], [48.0042634, 46.28966569999999], [48.0027765, 46.2895599], [48.00176269999999, 46.2895173], [48.0014641, 46.28801549999999], [48.00120569999999, 46.2867191], [47.99863249999999, 46.2869462], [47.9986768, 46.28728190000001], [47.9966238, 46.287502999999994], [47.9957839, 46.28883939999999], [47.994156, 46.2894818], [47.99351899999999, 46.28972949999999], [47.9933579, 46.2897462], [47.9896085, 46.2903881], [47.9880136, 46.29065], [47.9866926, 46.2903274], [47.9857279, 46.28839309999999], [47.985338999999996, 46.2876515], [47.98461669999999, 46.2874072], [47.9840467, 46.287214399999996], [47.983824399999996, 46.2871389], [47.9816028, 46.2863845], [47.981229799999994, 46.28626319999999], [47.978353999999996, 46.286014], [47.9782364, 46.28522649999999], [47.9782965, 46.285223], [47.978739399999995, 46.2851974], [47.979370599999996, 46.2851588], [47.97941279999999, 46.28513529999999], [47.9794346, 46.28506529999999], [47.97947489999999, 46.2850447], [47.98193319999999, 46.2846027], [47.9906058, 46.28212609999999], [47.99099609999999, 46.281972599999996], [47.99109429999999, 46.2816627], [47.9912711, 46.281333000000004], [47.9913499, 46.2811871], [47.992113, 46.279855299999994], [47.99152539999999, 46.27796899999999], [47.9897626, 46.27599169999999], [47.9895711, 46.27281229999999], [47.989568799999994, 46.27260359999999], [47.9896965, 46.2711244], [47.98962530000001, 46.270832999999996], [47.9736557, 46.274159], [47.97281329999999, 46.27243159999999], [47.976056899999996, 46.2712844], [47.97446879999999, 46.26952299999999], [47.97426469999999, 46.2693647], [47.97390879999999, 46.2688822], [47.9738766, 46.2688318], [47.975660299999994, 46.268197], [47.978133699999994, 46.2673233], [47.97865269999999, 46.2668196], [47.9795743, 46.2650027], [47.977198599999994, 46.2630281], [47.9757059, 46.2617871], [47.9732547, 46.2625225], [47.9719987, 46.2626922], [47.970336999999994, 46.2628578], [47.96806169999999, 46.26301999999999], [47.9660012, 46.2633976], [47.9637914, 46.263908799999996], [47.9612531, 46.26486299999999], [47.95628179999999, 46.26663659999999], [47.95085869999999, 46.268378299999995], [47.948908, 46.26898119999999], [47.947315999999994, 46.26626129999999], [47.94623949999999, 46.265861099999995], [47.9441395, 46.2637679], [47.94181760000001, 46.26454439999999], [47.941606199999995, 46.26461509999999], [47.939365599999995, 46.265289599999996], [47.938035299999996, 46.2655132], [47.936591199999995, 46.2654314], [47.9364719, 46.2654247], [47.9350302, 46.2648561], [47.934892399999995, 46.264757], [47.927913499999995, 46.259716], [47.9260425, 46.2605224], [47.925435099999994, 46.2607889], [47.9246658, 46.2611775], [47.9238243, 46.261681599999996], [47.92172889999999, 46.26299649999999], [47.92139439999999, 46.2622063], [47.92033849999999, 46.2618001], [47.9198089, 46.26204499999999], [47.9185159, 46.26221439999999], [47.9132153, 46.26322929999999], [47.9104382, 46.26386279999999], [47.908914599999996, 46.26420679999999], [47.90798649999999, 46.2644156], [47.9074169, 46.2645437], [47.90620729999999, 46.2648187], [47.9038646, 46.2653508], [47.90378809999999, 46.26529849999999], [47.9036155, 46.2653388], [47.9036011, 46.2653748], [47.9035319, 46.2653912], [47.899994199999995, 46.2662132], [47.899586799999994, 46.266297400000006], [47.899054299999996, 46.26639579999999], [47.8732495, 46.26618309999999], [47.8714698, 46.2660679], [47.871523599999996, 46.2663169], [47.87111649999999, 46.2696565], [47.8712745, 46.26997719999999], [47.87136499999999, 46.27002000000001], [47.8715605, 46.26989089999999], [47.8719129, 46.26978129999999], [47.8725079, 46.2696979], [47.8730054, 46.2695846], [47.873633299999995, 46.26933869999999], [47.87439229999999, 46.26912699999999], [47.8751151, 46.2689577], [47.87560739999999, 46.2689453], [47.876107399999995, 46.269028000000006], [47.8769489, 46.2691417], [47.877618999999996, 46.26933369999999], [47.87811659999999, 46.2695225], [47.878358, 46.2698207], [47.8785817, 46.27022529999999], [47.87879519999999, 46.270388999999994], [47.87924039999999, 46.27056309999999], [47.880242599999995, 46.27077890000001], [47.8809038, 46.27101600000001], [47.8813764, 46.2711681], [47.8816864, 46.2711189], [47.8825914, 46.27053599999999], [47.882976799999994, 46.270398], [47.884259799999995, 46.27038829999999], [47.886521699999996, 46.27077990000001], [47.88747039999999, 46.2708786], [47.889730899999996, 46.2709156], [47.8905832, 46.27098839999999], [47.89163959999999, 46.271327500000005], [47.893048, 46.2718104], [47.8947468, 46.27246319999999], [47.8961117, 46.2727171], [47.897054499999996, 46.2727932], [47.900121999999996, 46.2731039], [47.9016602, 46.2731891], [47.9042515, 46.27320629999999], [47.905857499999996, 46.27339369999999], [47.9071621, 46.2736848], [47.9082455, 46.27411740000001], [47.9085363, 46.2743546], [47.907745399999996, 46.27453129999999], [47.90660739999999, 46.2752349], [47.9059589, 46.2753864], [47.9047192, 46.2754017], [47.9038735, 46.27547359999999], [47.9028015, 46.2758607], [47.90241339999999, 46.2762251], [47.9020529, 46.2769197], [47.90182819999999, 46.27728], [47.9006749, 46.2781477], [47.89991309999999, 46.2784469], [47.89913719999999, 46.2784953], [47.8975825, 46.2783891], [47.8961422, 46.27833019999999], [47.894484199999994, 46.278579199999996], [47.8936535, 46.2788143], [47.89137, 46.2796531], [47.89016399999999, 46.2796962], [47.8891824, 46.2795357], [47.8881462, 46.2792739], [47.88791929999999, 46.279455199999994], [47.88789439999999, 46.2796232], [47.888457499999994, 46.27982299999999], [47.88918209999999, 46.2801753], [47.889834, 46.28058169999999], [47.8903121, 46.2808396], [47.8909345, 46.281126], [47.8914645, 46.2814348], [47.8921921, 46.281993899999996], [47.8926613, 46.28242649999999], [47.8931849, 46.2829585], [47.89372459999999, 46.28369330000001], [47.8941482, 46.2841936], [47.8949675, 46.2847028], [47.8962579, 46.28520439999999], [47.89739589999999, 46.2856703], [47.8980214, 46.2858669], [47.8990356, 46.286033599999996], [47.8997333, 46.28627879999999], [47.9026106, 46.2871952], [47.902843, 46.2874142], [47.90286969999999, 46.287773599999994], [47.902782, 46.2879789], [47.902509499999994, 46.288030899999995], [47.9019902, 46.2880279], [47.9014203, 46.2879974], [47.9005419, 46.28792979999999], [47.899972399999996, 46.28805580000001], [47.899607599999996, 46.28822329999999], [47.89939849999999, 46.2886894], [47.90028579999999, 46.2895161], [47.9010781, 46.29012039999999], [47.9022875, 46.2908031], [47.90445559999999, 46.29179880000001], [47.9054053, 46.2923775], [47.9067929, 46.29263459999999], [47.909018499999995, 46.29314479999999], [47.909704399999995, 46.2932749], [47.9111871, 46.2936743], [47.91235389999999, 46.293943299999995], [47.9140522, 46.29439479999999], [47.9159838, 46.2950364], [47.9165468, 46.2953036], [47.917177, 46.295731999999994], [47.9174284, 46.2958713], [47.91780889999999, 46.295996599999995], [47.9190817, 46.29616190000001], [47.91997769999999, 46.2962165], [47.92103199999999, 46.29622369999999], [47.92222999999999, 46.296148], [47.922776500000005, 46.29607839999999], [47.9231976, 46.29603879999999], [47.92361399999999, 46.2961073], [47.9237205, 46.2962558], [47.92372209999999, 46.2964806], [47.92353489999999, 46.2967679], [47.9232927, 46.29694679999999], [47.9227364, 46.2971303], [47.9215242, 46.29737529999999], [47.9216739, 46.29745609999999], [47.9227183, 46.29807079999999], [47.927198100000005, 46.30057289999999], [47.9337491, 46.3010899], [47.9399175, 46.30229609999999], [47.941664, 46.3024237], [47.9428974, 46.3025151], [47.946625299999994, 46.30278929999999], [47.9519681, 46.303615699999995], [47.9519799, 46.3086506], [47.951317599999996, 46.3086913], [47.9511225, 46.308780999999996], [47.9512045, 46.314350299999994], [47.9517759, 46.31438049999999], [47.9511349, 46.31513609999999], [47.9510791, 46.3153814], [47.950377100000004, 46.319286], [47.9520476, 46.31925729999999], [47.95298199999999, 46.3194317], [47.9568136, 46.319634199999996], [47.960156899999994, 46.3195691], [47.960715799999996, 46.3194218], [47.9619464, 46.3187408], [47.963448699999994, 46.318301899999994], [47.9645338, 46.3179273], [47.9661309, 46.320434999999996], [47.9673138, 46.32207009999999], [47.967493399999995, 46.3226166], [47.9688504, 46.3243333], [47.96870179999999, 46.3243878], [47.96870839999999, 46.3243938], [47.968972799999996, 46.32460689999999], [47.9687702, 46.3249367], [47.968636200000006, 46.3251862], [47.9685122, 46.3253168], [47.968519799999996, 46.325534299999994], [47.9685974, 46.3257109], [47.9689549, 46.3261083], [47.9690408, 46.326232899999994], [47.969125299999995, 46.3263584], [47.9691314, 46.32637239999999], [47.9693547, 46.32670649999999], [47.96953039999999, 46.3270717], [47.9692193, 46.327258900000004], [47.97146649999999, 46.3292725], [47.9734683, 46.331002700000006], [47.975360099999996, 46.33258729999999], [47.976346099999994, 46.332822900000004], [47.9766195, 46.33339639999999], [47.97690659999999, 46.334047299999995], [47.977017399999994, 46.334600599999995], [47.9769954, 46.334961], [47.9767519, 46.33554680000001], [47.97637709999999, 46.3362547], [47.976199199999996, 46.3368548], [47.97658249999999, 46.33680259999999], [47.9760548, 46.3393442], [47.9743569, 46.3401724], [47.9707628, 46.34015339999999], [47.9694624, 46.340129], [47.96772380000001, 46.34031430000001], [47.967350499999995, 46.3405379], [47.966550899999994, 46.34052989999999], [47.965961799999995, 46.340590299999995], [47.96498369999999, 46.340520299999994], [47.96497399999999, 46.3408192], [47.9640106, 46.3407812], [47.9640347, 46.33988089999999], [47.9613696, 46.3394866], [47.9613863, 46.3419289], [47.9612759, 46.3422687], [47.9610703, 46.34341549999999], [47.961258699999995, 46.34341460000001], [47.9609866, 46.3436843], [47.9609486, 46.34379259999999], [47.96111009999999, 46.34384239999999], [47.961073, 46.34393279999999], [47.961234899999994, 46.3439877], [47.961262299999994, 46.3446175], [47.9617289, 46.3449519], [47.96229749999999, 46.3454249], [47.962965, 46.346081], [47.9634481, 46.3466263]]]]}}, {"type": "Feature", "properties": {"id": "mo-12610000", "name": "Володарский муниципальный район", "region": "Астраханская область", "isCity": false, "sourceOktmo": "12-610-000-000", "sourceAgg": "Астрахань", "excelNames": ["Володарский муниципальный район"], "oktmo": "12610000", "vgp": [{"year": 2019, "value": 8384866.136857725}, {"year": 2020, "value": 7738644.017525279}, {"year": 2021, "value": 7754810.664091817}, {"year": 2022, "value": 12988856.942747481}, {"year": 2023, "value": 13712091.69684949}, {"year": 2024, "value": 15248180.944691787}], "population": [{"year": 2019, "value": 46634.0}, {"year": 2020, "value": 46234.0}, {"year": 2021, "value": 45974.0}, {"year": 2022, "value": 45466.0}, {"year": 2023, "value": 44300.0}, {"year": 2024, "value": 44068.0}, {"year": 2025, "value": 43945.0}], "shipments": [{"year": 2019, "value": 1344561.3}, {"year": 2020, "value": 1273383.1}, {"year": 2021, "value": 1250646.7}, {"year": 2022, "value": 1143115.5}, {"year": 2023, "value": 999373.3}, {"year": 2024, "value": 521592.3}], "employees": [{"year": 2019, "value": 3842.0}, {"year": 2020, "value": 3678.0}, {"year": 2021, "value": 3595.0}, {"year": 2022, "value": 3585.0}, {"year": 2023, "value": 3544.0}, {"year": 2024, "value": 3363.0}], "investments": [{"year": 2019, "value": 210571.0}, {"year": 2020, "value": 138743.0}, {"year": 2021, "value": 209672.0}, {"year": 2022, "value": 148237.0}, {"year": 2023, "value": 203010.0}, {"year": 2024, "value": 145801.0}], "vgp2024": 15248180.944691787, "pop2024": 44068.0, "ship2024": 521592.3, "emp2024": 3363.0, "inv2024": 145801.0}, "geometry": {"type": "MultiPolygon", "coordinates": [[[[48.4441442, 46.1710987], [48.44097289999999, 46.17195559999999], [48.436853299999996, 46.17276549999999], [48.435251599999994, 46.1726372], [48.43230899999999, 46.172787799999995], [48.4280395, 46.1727835], [48.42666189999999, 46.172875899999994], [48.42477559999999, 46.1732938], [48.423539, 46.1737387], [48.422094, 46.174515199999995], [48.4210734, 46.1750899], [48.4166586, 46.177123], [48.413662200000005, 46.1788886], [48.4105996, 46.1804171], [48.4081416, 46.18285029999999], [48.4047411, 46.1844451], [48.398525299999996, 46.1858619], [48.3941901, 46.18780999999999], [48.3825653, 46.194491899999996], [48.380074799999996, 46.1966644], [48.3764284, 46.2009684], [48.3741829, 46.2026663], [48.3697788, 46.2083478], [48.36721699999999, 46.21098839999999], [48.36437639999999, 46.2127199], [48.3578564, 46.2153248], [48.3557374, 46.21575459999999], [48.3527899, 46.2159795], [48.3509355, 46.2165525], [48.34930190000001, 46.21713739999999], [48.34730309999999, 46.218403300000006], [48.3456411, 46.21981269999999], [48.34525289999999, 46.2203758], [48.3451288, 46.221212599999994], [48.3456046, 46.222786], [48.3450767, 46.2237865], [48.3411386, 46.2270295], [48.3363156, 46.2300518], [48.3350615, 46.2309011], [48.3342556, 46.231795899999995], [48.333778699999996, 46.2325255], [48.3333585, 46.23378199999999], [48.333140099999994, 46.235052], [48.3332035, 46.2362485], [48.33404809999999, 46.2390163], [48.3350718, 46.24064189999999], [48.335605, 46.2436224], [48.3360683, 46.2448991], [48.3364503, 46.24619880000001], [48.3363977, 46.249674199999994], [48.3371788, 46.2512698], [48.3392697, 46.2541749], [48.34004159999999, 46.25573519999999], [48.3404061, 46.25771099999999], [48.339916099999996, 46.2599133], [48.3395462, 46.2618261], [48.338583299999996, 46.2648994], [48.336479100000005, 46.2696025], [48.3363993, 46.2707627], [48.3369321, 46.2719414], [48.33801660000001, 46.272821799999996], [48.33906799999999, 46.27323489999999], [48.3402413, 46.27337680000001], [48.3418332, 46.2736471], [48.34314319999999, 46.2743773], [48.3445216, 46.275646599999995], [48.3449686, 46.27665549999999], [48.3448326, 46.277638399999994], [48.3415067, 46.281448299999994], [48.3408365, 46.283273], [48.3404575, 46.28556559999999], [48.339911699999995, 46.28695989999999], [48.337981199999994, 46.2884252], [48.33495719999999, 46.289914], [48.33379089999999, 46.2909674], [48.332725499999995, 46.29238370000001], [48.329905499999995, 46.29638430000001], [48.3298751, 46.2966964], [48.3303814, 46.29682919999999], [48.331555699999996, 46.296757], [48.33516579999999, 46.2960201], [48.3391218, 46.2951803], [48.34391209999999, 46.294040599999995], [48.34639359999999, 46.293628299999995], [48.350619599999995, 46.293339], [48.35462299999999, 46.2930514], [48.3556948, 46.29269939999999], [48.35726759999999, 46.293368599999994], [48.3582037, 46.29352519999999], [48.3590273, 46.293565599999994], [48.362159299999995, 46.293428299999995], [48.3652206, 46.2931079], [48.3670277, 46.2925303], [48.36870369999999, 46.291691], [48.3696659, 46.2909809], [48.370846699999994, 46.2894511], [48.371403799999996, 46.2891681], [48.37223209999999, 46.2892191], [48.37425089999999, 46.28894199999999], [48.3759656, 46.28825960000001], [48.3781648, 46.286725], [48.38075619999999, 46.285404899999996], [48.384094, 46.283913399999996], [48.3857126, 46.2829834], [48.3865926, 46.28232580000001], [48.38818169999999, 46.2806164], [48.38963939999999, 46.2799386], [48.39126509999999, 46.2793976], [48.39452339999999, 46.27719079999999], [48.3964746, 46.2761579], [48.3981517, 46.2752859], [48.399058399999994, 46.274439], [48.40008699999999, 46.27291230000001], [48.4023005, 46.27348520000001], [48.40360069999999, 46.27402], [48.4048667, 46.275016099999995], [48.4080543, 46.2757216], [48.4094389, 46.275941499999995], [48.40977649999999, 46.2762835], [48.41016969999999, 46.2767582], [48.410730099999995, 46.27716219999999], [48.4109722, 46.27752180000001], [48.4110488, 46.27829169999999], [48.4113469, 46.2788213], [48.4119813, 46.2789673], [48.413271, 46.2788079], [48.4139841, 46.2789131], [48.4147276, 46.2794633], [48.4161073, 46.2806632], [48.4167123, 46.2814345], [48.41651149999999, 46.281884999999996], [48.416689399999996, 46.28224469999999], [48.417273599999994, 46.2823681], [48.41772759999999, 46.2823044], [48.4179279, 46.28211009999999], [48.41813779999999, 46.2817094], [48.4180668, 46.281434700000005], [48.4176076, 46.2810348], [48.417778299999995, 46.28073909999999], [48.4181802, 46.2800776], [48.4190316, 46.2809927], [48.4190627, 46.2823663], [48.419326, 46.2828626], [48.4197547, 46.2831792], [48.41989219999999, 46.2852947], [48.42004459999999, 46.2856295], [48.4201689, 46.285995400000004], [48.4198834, 46.286541299999996], [48.4174813, 46.2885172], [48.41663799999999, 46.2889699], [48.4159698, 46.2891164], [48.4147723, 46.289214], [48.4138889, 46.2894591], [48.4127483, 46.2903153], [48.41140829999999, 46.2910265], [48.40981759999999, 46.2915205], [48.4091624, 46.29154809999999], [48.4079828, 46.29151079999999], [48.407224799999995, 46.29161009999999], [48.40675619999999, 46.291899], [48.4061034, 46.29204059999999], [48.404477699999994, 46.29205399999999], [48.4034221, 46.2921445], [48.40192699999999, 46.2926327], [48.4006307, 46.29352289999999], [48.39952529999999, 46.2944174], [48.39844649999999, 46.2951164], [48.397623, 46.295732099999995], [48.3972211, 46.2962813], [48.39711140000001, 46.2970638], [48.39691229999999, 46.2979551], [48.396597699999994, 46.2985034], [48.39502029999999, 46.29975029999999], [48.3944116, 46.300464399999996], [48.3932688, 46.30186400000001], [48.3956006, 46.3017559], [48.3968605, 46.30176529999999], [48.3978422, 46.301878], [48.39827960000001, 46.3021718], [48.3941912, 46.304849999999995], [48.391919099999996, 46.30583699999999], [48.39028379999999, 46.3066978], [48.3884082, 46.30922759999999], [48.3868076, 46.310775], [48.383806299999996, 46.312449699999995], [48.3801978, 46.314113799999994], [48.37708779999999, 46.31502569999999], [48.37589779999999, 46.31522579999999], [48.3743815, 46.315525], [48.3725579, 46.3165575], [48.37096149999999, 46.3180939], [48.369275900000005, 46.31964800000001], [48.36798259999999, 46.3204845], [48.367076399999995, 46.3208902], [48.3655312, 46.3214431], [48.3647329, 46.322178599999994], [48.3634765, 46.3248765], [48.36283709999999, 46.3256075], [48.3621189, 46.32596649999999], [48.3622064, 46.327368899999996], [48.3624012, 46.3278269], [48.36285869999999, 46.328137999999996], [48.36354819999999, 46.328457099999994], [48.3646744, 46.3286331], [48.36608960000001, 46.3284405], [48.3680623, 46.3279494], [48.36942119999999, 46.32781169999999], [48.370542, 46.3279635], [48.3714698, 46.32832019999999], [48.37189889999999, 46.3289847], [48.3721606, 46.3298278], [48.3719619, 46.3304188], [48.3710221, 46.3308747], [48.3701378, 46.3313161], [48.3711196, 46.3323216], [48.3786733, 46.3400553], [48.3793843, 46.3407689], [48.38598989999999, 46.3374716], [48.3921343, 46.3350408], [48.398438299999995, 46.3329902], [48.4009501, 46.332556499999995], [48.4051701, 46.33257029999999], [48.411742499999995, 46.3332494], [48.4173886, 46.333803499999995], [48.4209831, 46.333950300000005], [48.421172899999995, 46.33435359999999], [48.422310599999996, 46.33693490000001], [48.426783199999996, 46.335709599999994], [48.443933099999995, 46.3259005], [48.445927, 46.3294174], [48.4468878, 46.3314371], [48.4459585, 46.3338351], [48.44469689999999, 46.3367508], [48.44335619999999, 46.338691], [48.441996200000006, 46.3404214], [48.4405519, 46.3419415], [48.43789739999999, 46.3433503], [48.4349177, 46.34483219999999], [48.43109739999999, 46.3460249], [48.4273709, 46.3465739], [48.4226758, 46.3466831], [48.417847599999995, 46.3470908], [48.4127999, 46.3477668], [48.4101925, 46.3487708], [48.4086796, 46.35051489999999], [48.4074266, 46.3522155], [48.404356899999996, 46.3538758], [48.40096059999999, 46.355699], [48.3978295, 46.357029399999995], [48.39533109999999, 46.3578988], [48.39147729999999, 46.359943799999996], [48.3879952, 46.3616312], [48.38482569999999, 46.3625117], [48.3815521, 46.36304669999999], [48.37848369999999, 46.363441099999996], [48.3784827, 46.3634345], [48.37374419999999, 46.3640669], [48.369061599999995, 46.3651772], [48.3634095, 46.368462], [48.3608176, 46.371339], [48.3588606, 46.37536059999999], [48.3564697, 46.37938], [48.3554192, 46.38032509999999], [48.3535095, 46.38197079999999], [48.3518629, 46.38263109999999], [48.350424399999994, 46.3831854], [48.34887869999999, 46.3837061], [48.3475281, 46.383920499999995], [48.3460109, 46.3839919], [48.341888999999995, 46.3837727], [48.3394247, 46.3836483], [48.3377525, 46.38374799999999], [48.335627099999996, 46.383978799999994], [48.33369559999999, 46.3843528], [48.3322533, 46.3850239], [48.3303546, 46.3857487], [48.327740299999995, 46.3875368], [48.32360849999999, 46.3905199], [48.311901899999995, 46.3967946], [48.30674009999999, 46.398829899999996], [48.301181899999996, 46.4010061], [48.29769439999999, 46.40212489999999], [48.2936849, 46.40301879999999], [48.2903315, 46.40354829999999], [48.28459229999999, 46.4043004], [48.2824223, 46.4047405], [48.281836199999994, 46.40483269999999], [48.2814971, 46.4051544], [48.2812274, 46.4056346], [48.2802849, 46.407606], [48.279657099999994, 46.4096653], [48.2789864, 46.41112509999999], [48.2784751, 46.4126291], [48.2778831, 46.413364599999994], [48.2779383, 46.413397399999994], [48.279867, 46.4148484], [48.2796845, 46.4155062], [48.2787529, 46.4170578], [48.2773331, 46.4194448], [48.2776286, 46.419985999999994], [48.27792380000001, 46.4205573], [48.2773472, 46.421512], [48.2768177, 46.422197399999995], [48.2788509, 46.4223909], [48.27457809999999, 46.4253502], [48.26991129999999, 46.42878339999999], [48.26445209999999, 46.4326371], [48.2597375, 46.435811099999995], [48.25791509999999, 46.4371621], [48.256729199999995, 46.438187199999994], [48.256427699999996, 46.43879239999999], [48.25755749999999, 46.439513999999996], [48.258868899999996, 46.44047119999999], [48.259548099999996, 46.44145600000001], [48.2603288, 46.4428783], [48.2624747, 46.446888], [48.266050199999995, 46.4533364], [48.2702741, 46.4608544], [48.27313329999999, 46.4661901], [48.2691881, 46.467523699999994], [48.2679633, 46.46794109999999], [48.2688295, 46.47111279999999], [48.270822499999994, 46.47115999999999], [48.2720245, 46.4721257], [48.273471199999996, 46.4729755], [48.275428299999994, 46.4738455], [48.2778446, 46.4749201], [48.2809638, 46.47615069999999], [48.282929900000006, 46.4772006], [48.2834835, 46.47792960000001], [48.28375439999999, 46.47786059999999], [48.28410159999999, 46.477194], [48.28394900000001, 46.4761488], [48.2865885, 46.4773307], [48.2879756, 46.4785916], [48.29113269999999, 46.483141499999995], [48.29357589999999, 46.4817443], [48.302937099999994, 46.4763891], [48.30929199999999, 46.4734786], [48.30928579999999, 46.4723275], [48.2986465, 46.4653932], [48.333842999999995, 46.43907159999999], [48.34265229999999, 46.4424576], [48.3415048, 46.445690199999994], [48.34975759999999, 46.449338499999996], [48.35772860000001, 46.4526173], [48.365615, 46.455625600000005], [48.379586399999994, 46.46244229999999], [48.3702609, 46.4660787], [48.36736199999999, 46.468014200000006], [48.3672395, 46.47002930000001], [48.367759799999995, 46.471208299999994], [48.371853, 46.4744245], [48.3736824, 46.4758462], [48.3757921, 46.4744141], [48.3782952, 46.4725474], [48.3802473, 46.4719877], [48.3816557, 46.472130299999996], [48.38537929999999, 46.4731212], [48.3864677, 46.47591930000001], [48.3913438, 46.48841389999999], [48.39175339999999, 46.489455299999996], [48.39485129999999, 46.4909204], [48.39761179999999, 46.4919441], [48.4030461, 46.4931173], [48.40663769999999, 46.49380949999999], [48.409264199999996, 46.493857799999994], [48.41335529999999, 46.4934439], [48.4160397, 46.4926861], [48.417266299999994, 46.4917858], [48.417817299999996, 46.4904113], [48.41816909999999, 46.48943899999999], [48.4178473, 46.487824499999995], [48.4171372, 46.4861407], [48.4162288, 46.484791799999996], [48.415271999999995, 46.483408999999995], [48.41604340000001, 46.4829513], [48.417342899999994, 46.48203459999999], [48.4184204, 46.48138539999999], [48.41988829999999, 46.4806208], [48.4210136, 46.4800391], [48.421649099999996, 46.4797569], [48.42226159999999, 46.4793739], [48.4232422, 46.4786738], [48.424345699999996, 46.4778735], [48.42544689999999, 46.47725799999999], [48.4264245, 46.4768265], [48.42727839999999, 46.476579199999996], [48.4279858, 46.4763815], [48.428668, 46.4762676], [48.4291554, 46.47616949999999], [48.43010459999999, 46.4760906], [48.431005299999995, 46.475994699999994], [48.431979899999995, 46.47583199999999], [48.4331024, 46.475468500000005], [48.43410399999999, 46.47505389999999], [48.43491139999999, 46.4746215], [48.4357943, 46.4739375], [48.43746269999999, 46.4726026], [48.43874089999999, 46.4713663], [48.43967469999999, 46.470481], [48.4408267, 46.4696472], [48.4423462, 46.4685634], [48.4446398, 46.46781959999999], [48.445468, 46.467672799999995], [48.44624569999999, 46.4676937], [48.447410899999994, 46.467851], [48.449594299999994, 46.468282499999994], [48.450783599999994, 46.4684567], [48.452290999999995, 46.46846459999999], [48.453434400000006, 46.468386599999995], [48.4543372, 46.468105699999995], [48.4550456, 46.4677903], [48.4556095, 46.4673564], [48.45659429999999, 46.46621919999999], [48.45718599999999, 46.4654664], [48.45780189999999, 46.464713599999996], [48.4584398, 46.4641793], [48.459201, 46.4634778], [48.4600592, 46.4627935], [48.46118369999999, 46.4622113], [48.4628181, 46.4616821], [48.463523499999994, 46.4616522], [48.4647397, 46.461574399999996], [48.465785499999996, 46.461529299999995], [48.466977199999995, 46.461484999999996], [48.4691675, 46.4612442], [48.4702995, 46.4610904], [48.4714315, 46.460936499999995], [48.472552199999996, 46.46070699999999], [48.473843, 46.4603604], [48.4749416, 46.4600303], [48.4761849, 46.4596838], [48.477138, 46.4592014], [48.4780675, 46.45860119999999], [48.4786809, 46.45810039999999], [48.4795123, 46.4576342], [48.48036739999999, 46.4572017], [48.48119629999999, 46.45697069999999], [48.482316299999994, 46.4567915], [48.48360819999999, 46.45644500000001], [48.4846324, 46.4561309], [48.4853892, 46.45581549999999], [48.4859273, 46.4554822], [48.48668479999999, 46.45508279999999], [48.4874413, 46.454801], [48.48856369999999, 46.4543864], [48.48932009999999, 46.454104599999994], [48.49048959999999, 46.45382469999999], [48.491780999999996, 46.4535119], [48.4927572, 46.4531135], [48.4937099, 46.4526478], [48.494441300000005, 46.45243299999999], [48.4949264, 46.4525193], [48.4953867, 46.452672699999994], [48.49621249999999, 46.45272709999999], [48.4976957, 46.45266709999999], [48.49898369999999, 46.45269009999999], [48.499978799999994, 46.4528293], [48.50150639999999, 46.4531894], [48.502623099999994, 46.45332909999999], [48.5053441, 46.45344289999999], [48.5064887, 46.45323], [48.507634200000005, 46.4528994], [48.5101217, 46.452054499999996], [48.5142903, 46.4507806], [48.51570459999999, 46.450316900000004], [48.51587479999999, 46.450300899999995], [48.5162874, 46.4503532], [48.51633940000001, 46.4500175], [48.51634529999999, 46.4494127], [48.5163024, 46.4463384], [48.5238641, 46.44666999999999], [48.5235792, 46.45164799999999], [48.5228497, 46.453538], [48.52211719999999, 46.45574200000001], [48.52328349999999, 46.4563481], [48.5230055, 46.45787620000001], [48.5229076, 46.461193599999994], [48.5229109, 46.463573999999994], [48.5235002, 46.46530619999999], [48.5240292, 46.4664465], [48.525005699999994, 46.466953999999994], [48.5251219, 46.4673055], [48.5255043, 46.46792649999999], [48.5256476, 46.4685465], [48.5255809, 46.4692686], [48.5256937, 46.469970999999994], [48.525807900000004, 46.470529000000006], [48.5257446, 46.470900199999996], [48.52562089999999, 46.47133319999999], [48.525737199999995, 46.47166399999999], [48.5258181, 46.4725726], [48.5259507, 46.4743279], [48.52626269999999, 46.4760633], [48.5263723, 46.477095999999996], [48.526424, 46.4779426], [48.52634199999999, 46.48025419999999], [48.5265526, 46.4832071], [48.5273564, 46.489733199999996], [48.52749450000001, 46.4909525], [48.52799529999999, 46.4917186], [48.529562199999994, 46.493521699999995], [48.53038959999999, 46.49451619999999], [48.53124389999999, 46.495841299999995], [48.53159209999999, 46.496937], [48.53182459999999, 46.4976399], [48.5338172, 46.49870169999999], [48.535383, 46.4975115], [48.5367616, 46.49712540000001], [48.5377784, 46.497068], [48.539778, 46.49740729999999], [48.5409717, 46.497619099999994], [48.542465, 46.4977495], [48.5444691, 46.4976139], [48.5465952, 46.497210499999994], [48.552378299999994, 46.495666899999996], [48.5627731, 46.4929705], [48.59795359999999, 46.466646399999995], [48.5989003, 46.4653291], [48.6000334, 46.463775], [48.6008815, 46.462354], [48.60163659999999, 46.4613454], [48.6020615, 46.460542], [48.6034495, 46.45883409999999], [48.6041445, 46.4578666], [48.6049867, 46.4571474], [48.60675969999999, 46.4558331], [48.607569399999996, 46.4554234], [48.6091014, 46.454355799999995], [48.610991799999994, 46.4532691], [48.612609899999995, 46.452614700000005], [48.6148577, 46.4516531], [48.6162355, 46.45114219999999], [48.61842299999999, 46.45022159999999], [48.619501799999995, 46.4497715], [48.6210256, 46.4496947], [48.62227959999999, 46.44974059999999], [48.6230549, 46.449887999999994], [48.623828, 46.45032439999999], [48.6243628, 46.4506774], [48.6252264, 46.4510108], [48.62600079999999, 46.451282], [48.62692049999999, 46.45206989999999], [48.6281711, 46.4525699], [48.62942269999999, 46.45294619999999], [48.6313574, 46.453799599999996], [48.6355582, 46.455198], [48.6379098, 46.4562593], [48.6398134, 46.4573396], [48.641984699999995, 46.45856529999999], [48.6429379, 46.4589196], [48.6445768, 46.4594622], [48.6468429, 46.4600069], [48.6489903, 46.46046859999999], [48.65101859999999, 46.46086789999999], [48.6523599, 46.461285499999995], [48.65369930000001, 46.4619507], [48.655125899999994, 46.462946499999994], [48.6572956, 46.46448159999999], [48.6587207, 46.465725], [48.6599688, 46.46663749999999], [48.6609206, 46.46721879999999], [48.662618699999996, 46.46790579999999], [48.6645256, 46.4686347], [48.6654784, 46.46909209999999], [48.66621839999999, 46.470064799999996], [48.66913989999999, 46.4709829], [48.6722138, 46.4714885], [48.6758862, 46.4718722], [48.68039559999999, 46.4721758], [48.68735389999999, 46.4726729], [48.689683099999996, 46.47286609999999], [48.6921297, 46.4733899], [48.6950523, 46.4742453], [48.701496, 46.475834], [48.706196299999995, 46.47647899999999], [48.712387, 46.47680689999999], [48.71547189999999, 46.4769904], [48.718992300000004, 46.478012199999995], [48.7221597, 46.4798114], [48.7256968, 46.482308], [48.7284814, 46.4839845], [48.730891799999995, 46.4848746], [48.7358582, 46.486066099999995], [48.7397397, 46.486502099999996], [48.744523099999995, 46.48661309999999], [48.7520079, 46.4864366], [48.75707899999999, 46.485893499999996], [48.7631928, 46.4851892], [48.776085, 46.4834215], [48.783975700000006, 46.48250490000001], [48.7859894, 46.4822997], [48.789299699999994, 46.4821084], [48.79318109999999, 46.4820673], [48.797877099999994, 46.481792600000006], [48.8034826, 46.4808378], [48.810160499999995, 46.47937309999999], [48.81469359999999, 46.47875640000001], [48.818812, 46.47876509999999], [48.826656199999995, 46.4801687], [48.83197930000001, 46.4784735], [48.83812579999999, 46.477440599999994], [48.8589556, 46.4786673], [48.8676568, 46.480456], [48.8732235, 46.481327199999996], [48.8786788, 46.481562999999994], [48.88294909999999, 46.47978669999999], [48.88562809999999, 46.4781652], [48.88871149999999, 46.4750626], [48.889928, 46.4738384], [48.89288989999999, 46.47120139999999], [48.89599509999999, 46.4674326], [48.89865319999999, 46.4635339], [48.90368779999999, 46.45972379999999], [48.9071378, 46.4558299], [48.909812099999996, 46.4529361], [48.91201289999999, 46.4507326], [48.9179351, 46.45023859999999], [48.93621439999999, 46.445802199999996], [48.9425696, 46.4423931], [48.9481281, 46.4373093], [48.953451599999994, 46.4356214], [48.9560889, 46.4353721], [48.97179589999999, 46.43566789999999], [48.985957899999995, 46.4330059], [48.99789559999999, 46.42889199999999], [49.001750799999996, 46.4275634], [49.0046186, 46.42605999999999], [49.0261267, 46.414783199999995], [49.03228219999999, 46.409752999999995], [49.0371155, 46.4029211], [49.04491550000001, 46.3965927], [49.0536303, 46.3929643], [49.05806239999999, 46.39204039999999], [49.0633527, 46.3912052], [49.067563899999996, 46.3908608], [49.0755434, 46.39100129999999], [49.08177349999999, 46.39036589999999], [49.08392860000001, 46.390146099999995], [49.09089589999999, 46.3883916], [49.0949569, 46.38700729999999], [49.10184389999999, 46.3852334], [49.10450889999999, 46.3849986], [49.10766939999999, 46.3863317], [49.1102227, 46.3866782], [49.1112709, 46.3871823], [49.11189, 46.3877456], [49.112799599999995, 46.38793809999999], [49.118904699999995, 46.3878485], [49.1210645, 46.389519799999995], [49.12247649999999, 46.39002479999999], [49.1239465, 46.389909499999995], [49.13034429999999, 46.388037499999996], [49.1322661, 46.3871318], [49.13582989999999, 46.3848382], [49.138185799999995, 46.383806199999995], [49.141956099999994, 46.3826058], [49.1449678, 46.3822577], [49.150719, 46.38341369999999], [49.1546244, 46.383781299999995], [49.16052929999999, 46.38387649999999], [49.1626577, 46.3836164], [49.17980289999999, 46.377144], [49.1912873, 46.3699556], [49.19267889999999, 46.36886350000001], [49.2145978, 46.3451468], [49.22061680000001, 46.3386323], [49.2384739, 46.3197035], [49.2625566, 46.294165099999994], [49.2637274, 46.2933006], [49.2669047, 46.29227459999999], [49.34172389999999, 46.2615587], [49.37415719999999, 46.2481872], [49.27559769999999, 46.16333209999999], [49.25538879999999, 46.08996319999999], [49.1664009, 46.03075729999999], [49.1230645, 46.0028471], [49.0118926, 46.0017571], [49.0181068, 45.9083268], [48.8972252, 45.91109339999999], [48.8936261, 45.83280959999999], [48.85486579999999, 45.7928385], [48.7910216, 45.7286809], [48.781863, 45.6753512], [48.5862933, 45.66801159999999], [48.59086589999999, 45.688055399999996], [48.5952965, 45.70826559999999], [48.599776199999994, 45.7286773], [48.6040684, 45.7489873], [48.6099262, 45.7778899], [48.61398619999999, 45.7982327], [48.6167277, 45.812598799999996], [48.6182027, 45.832830699999995], [48.6205423, 45.852930699999995], [48.62135219999999, 45.86631679999999], [48.617653999999995, 45.8720618], [48.5859318, 45.91760579999999], [48.5802304, 45.9263987], [48.5757678, 45.9316616], [48.5747693, 45.931837300000005], [48.573597299999996, 45.9373785], [48.5730067, 45.9401554], [48.5729634, 45.9425898], [48.57211970000001, 45.9443388], [48.5694821, 45.946010099999995], [48.56802439999999, 45.94783399999999], [48.567654, 45.9496462], [48.56853589999999, 45.9531415], [48.56921899999999, 45.954691], [48.5699117, 45.9558436], [48.57131729999999, 45.957195899999995], [48.5715868, 45.95786], [48.5717785, 45.95988599999999], [48.572769599999994, 45.96246119999999], [48.5744563, 45.9646161], [48.574562199999995, 45.9677271], [48.575586300000005, 45.9683744], [48.5774738, 45.969368499999995], [48.5800911, 45.971675399999995], [48.5804597, 45.972440000000006], [48.58143319999999, 45.97456569999999], [48.582280600000004, 45.9757364], [48.58313429999999, 45.9762703], [48.58233799999999, 45.976582], [48.5820361, 45.9765794], [48.58188899999999, 45.976783999999995], [48.5825275, 45.97733160000001], [48.5833803, 45.9797301], [48.5832533, 45.9808364], [48.58306569999999, 45.98342539999999], [48.58338139999999, 45.9853227], [48.582730999999995, 45.987724699999994], [48.5818208, 45.9894552], [48.5808922, 45.9913821], [48.580189, 45.99216539999999], [48.578626899999996, 45.9925058], [48.57822409999999, 45.993059099999996], [48.5781171, 45.993937300000006], [48.5777832, 45.99419019999999], [48.5761586, 45.994091], [48.5745973, 45.994315799999995], [48.57177070000001, 45.9951132], [48.5705855, 45.9959754], [48.568777299999994, 45.9998177], [48.568334799999995, 46.004925899999996], [48.5677907, 46.0064496], [48.5673179, 46.0073956], [48.56757009999999, 46.00892279999999], [48.5679859, 46.010704999999994], [48.56784079999999, 46.0121379], [48.567123599999995, 46.01447029999999], [48.5666523, 46.0152313], [48.5660828, 46.015829999999994], [48.565745099999994, 46.01649909999999], [48.56557209999999, 46.01730779999999], [48.5657977, 46.01807170000001], [48.56632669999999, 46.0182285], [48.567770599999996, 46.02133129999999], [48.56427299999999, 46.0346442], [48.5625889, 46.038421099999994], [48.5598257, 46.0438231], [48.560305199999995, 46.0452313], [48.559690599999996, 46.04535069999999], [48.5582353, 46.046351599999994], [48.55683059999999, 46.04658979999999], [48.5562121, 46.0471365], [48.5553752, 46.04759059999999], [48.554143599999996, 46.0480736], [48.55329689999999, 46.0496266], [48.5523663, 46.0507518], [48.55069089999999, 46.0518127], [48.55085799999999, 46.052729], [48.5508057, 46.0536749], [48.550314099999994, 46.05471049999999], [48.549378399999995, 46.0563851], [48.5494573, 46.0573621], [48.549799199999995, 46.0583402], [48.5496161, 46.05919409999999], [48.54903989999999, 46.0598934], [48.5486236, 46.06062669999999], [48.5479758, 46.0605288], [48.546913499999995, 46.0609519], [48.545715200000004, 46.0613269], [48.5438044, 46.0612234], [48.5411336, 46.0620672], [48.53971, 46.0622651], [48.5386739, 46.0622225], [48.53782259999999, 46.061981], [48.5372143, 46.061312799999996], [48.53633229999999, 46.06069099999999], [48.5352413, 46.060543499999994], [48.533638499999995, 46.060346], [48.532032599999994, 46.06048139999999], [48.5303195, 46.0611391], [48.5288139, 46.06148879999999], [48.527069899999994, 46.0617897], [48.5248775, 46.062564], [48.52347079999999, 46.0632943], [48.52274739999999, 46.0639564], [48.521711200000006, 46.0652112], [48.518524199999995, 46.0664323], [48.5151676, 46.0675099], [48.50893489999999, 46.069382], [48.504402799999994, 46.07190349999999], [48.5027258, 46.07227579999999], [48.5014189, 46.073220199999994], [48.5004155, 46.0745463], [48.500251899999995, 46.0772549], [48.49995719999999, 46.07941619999999], [48.4988839, 46.08088459999999], [48.49746939999999, 46.0823038], [48.49428480000001, 46.08465859999999], [48.4906786, 46.088473900000004], [48.48672049999999, 46.0919829], [48.4855375, 46.0935347], [48.48455849999999, 46.095740199999995], [48.4856802, 46.0962924], [48.487517399999994, 46.09648179999999], [48.4885604, 46.0964432], [48.4876655, 46.09785109999999], [48.477684399999994, 46.1158812], [48.4682804, 46.134270199999996], [48.46204089999999, 46.1379158], [48.451095200000005, 46.13929579999999], [48.4459223, 46.144720799999995], [48.439638599999995, 46.150421599999994], [48.457337599999995, 46.15969410000001], [48.45796899999999, 46.1597668], [48.4602999, 46.1611777], [48.4636961, 46.162348099999996], [48.460066999999995, 46.16587049999999], [48.4583771, 46.16716900000001], [48.456815, 46.1676956], [48.45486060000001, 46.1681251], [48.4535597, 46.1682134], [48.45232690000001, 46.168337699999995], [48.4516724, 46.1687621], [48.4509252, 46.1690611], [48.4486587, 46.169881], [48.4441442, 46.1710987]]]]}}, {"type": "Feature", "properties": {"id": "mo-12620000", "name": "Икрянинский муниципальный район", "region": "Астраханская область", "isCity": false, "sourceOktmo": "12-620-000-000", "sourceAgg": "Астрахань", "excelNames": ["Икрянинский муниципальный район"], "oktmo": "12620000", "vgp": [{"year": 2019, "value": 10520593.98054276}, {"year": 2020, "value": 10263766.173305918}, {"year": 2021, "value": 10816053.644414641}, {"year": 2022, "value": 17995167.975848895}, {"year": 2023, "value": 17609147.711415846}, {"year": 2024, "value": 19185020.55863997}], "population": [{"year": 2019, "value": 46973.0}, {"year": 2020, "value": 46443.0}, {"year": 2021, "value": 45917.0}, {"year": 2022, "value": 45396.0}, {"year": 2023, "value": 48058.0}, {"year": 2024, "value": 47744.0}, {"year": 2025, "value": 47299.0}], "shipments": [{"year": 2019, "value": 1338618.5}, {"year": 2020, "value": 1020939.1}, {"year": 2021, "value": 1476667.3}, {"year": 2022, "value": 1684048.2}, {"year": 2023, "value": 1519770.3}, {"year": 2024, "value": 1020647.8}], "employees": [{"year": 2019, "value": 4609.0}, {"year": 2020, "value": 4631.0}, {"year": 2021, "value": 4725.0}, {"year": 2022, "value": 4697.0}, {"year": 2023, "value": 4449.0}, {"year": 2024, "value": 4199.0}], "investments": [{"year": 2019, "value": 134963.0}, {"year": 2020, "value": 236749.0}, {"year": 2021, "value": 211315.0}, {"year": 2022, "value": 278902.0}, {"year": 2023, "value": 210627.0}, {"year": 2024, "value": 260320.0}], "vgp2024": 19185020.55863997, "pop2024": 47744.0, "ship2024": 1020647.8, "emp2024": 4199.0, "inv2024": 260320.0}, "geometry": {"type": "MultiPolygon", "coordinates": [[[[47.9145072, 45.4777532], [47.939427099999996, 45.46079279999999], [47.939059099999994, 45.44650060000001], [47.93796549999999, 45.4140663], [47.8193004, 45.41960319999999], [47.7590496, 45.40374099999999], [47.7539011, 45.423800099999994], [47.7262384, 45.493167699999994], [47.7237469, 45.5072883], [47.72373869999999, 45.507334799999995], [47.72317929999999, 45.51050440000001], [47.719588, 45.5308506], [47.719491899999994, 45.531394799999994], [47.7184536, 45.5372761], [47.718412, 45.53751179999999], [47.7169683, 45.545687699999995], [47.7162141, 45.5513199], [47.71492189999999, 45.5541148], [47.71394399999999, 45.5577914], [47.71389189999999, 45.5580248], [47.7138824, 45.55805089999999], [47.713826399999995, 45.5582747], [47.712235799999995, 45.5649787], [47.7106709, 45.571573199999996], [47.70784290000001, 45.58253199999999], [47.7007878, 45.59395529999999], [47.6961931, 45.60218330000001], [47.692003699999994, 45.606885999999996], [47.6853957, 45.61400079999999], [47.6840221, 45.6159119], [47.6813615, 45.61828419999999], [47.6792995, 45.620564300000005], [47.6745321, 45.6292184], [47.6766424, 45.631081], [47.6783471, 45.6328555], [47.67906229999999, 45.63505649999999], [47.6784741, 45.6368922], [47.6790226, 45.6407574], [47.67909399999999, 45.6436369], [47.6821372, 45.647294699999996], [47.6835153, 45.649744399999996], [47.68633419999999, 45.654948299999994], [47.6865682, 45.65895249999999], [47.6863998, 45.6610892], [47.68564949999999, 45.6622401], [47.6811418, 45.6657654], [47.6785205, 45.668337699999995], [47.6740881, 45.67183459999999], [47.6687167, 45.675948600000005], [47.6593317, 45.680896499999996], [47.6530523, 45.682781999999996], [47.64783719999999, 45.6837408], [47.64575429999999, 45.6845214], [47.64159849999999, 45.6864034], [47.64040539999999, 45.6875061], [47.6398321, 45.6888826], [47.63877959999999, 45.6929067], [47.638213, 45.69654969999999], [47.63765819999999, 45.701560099999995], [47.63643939999999, 45.7055332], [47.63626229999999, 45.7083384], [47.638574399999996, 45.7176142], [47.638841899999996, 45.72363159999999], [47.636582499999996, 45.72499109999999], [47.6339181, 45.7262617], [47.6300551, 45.7291191], [47.6236701, 45.7335928], [47.6200195, 45.7372773], [47.620002, 45.73734499999999], [47.6185711, 45.738580299999995], [47.6145234, 45.7420739], [47.61179299999999, 45.7464966], [47.610165699999996, 45.7499793], [47.6078611, 45.75729329999999], [47.6009219, 45.7647639], [47.6002249, 45.7672549], [47.5999488, 45.76906889999999], [47.59984239999999, 45.7714439], [47.59765599999999, 45.7761944], [47.5979598, 45.7768075], [47.5985018, 45.7769738], [47.60043399999999, 45.7768674], [47.6015373, 45.7772411], [47.6020337, 45.7778921], [47.60223539999999, 45.778948299999996], [47.6012163, 45.7808669], [47.6009241, 45.78210440000001], [47.6006155, 45.7827123], [47.5995578, 45.7832899], [47.59883769999999, 45.7842652], [47.5993578, 45.78572009999999], [47.5982575, 45.7896372], [47.59833509999999, 45.7917423], [47.60007649999999, 45.797109899999995], [47.602616399999995, 45.8002397], [47.6038002, 45.8010846], [47.602921, 45.806338399999994], [47.5956527, 45.8070002], [47.586972, 45.8086056], [47.574391, 45.810679], [47.56804579999999, 45.810776999999995], [47.56119939999999, 45.811470699999994], [47.5546015, 45.81288570000001], [47.55345419999999, 45.8129944], [47.5489407, 45.8120353], [47.5473159, 45.812230199999995], [47.54626569999999, 45.81370609999999], [47.5316323, 45.81561979999999], [47.5300022, 45.81581460000001], [47.5270368, 45.8163144], [47.5289756, 45.8181509], [47.533533899999995, 45.8221052], [47.5424367, 45.8268953], [47.5516916, 45.8307984], [47.55352119999999, 45.841260999999996], [47.54363589999999, 45.84238979999999], [47.5437167, 45.84337909999999], [47.5403196, 45.843934], [47.54041579999999, 45.8446097], [47.54042549999999, 45.84521999999999], [47.54008509999999, 45.8459377], [47.54064879999999, 45.84704349999999], [47.5396061, 45.8479536], [47.5394864, 45.8531203], [47.540974799999994, 45.8541824], [47.5435665, 45.8546595], [47.55321489999999, 45.85387179999999], [47.56116089999999, 45.8552687], [47.568055, 45.855898], [47.5775296, 45.8581741], [47.5805822, 45.86017569999999], [47.58906569999999, 45.8698011], [47.59086219999999, 45.8722215], [47.59142769999999, 45.874696199999995], [47.5899533, 45.87991079999999], [47.5886856, 45.884393800000005], [47.5881983, 45.8861169], [47.587196999999996, 45.89122939999999], [47.586006499999996, 45.89285319999999], [47.5811038, 45.8995397], [47.581051, 45.9023637], [47.581084999999995, 45.90240609999999], [47.58288869999999, 45.90465859999999], [47.5863704, 45.9058607], [47.5894682, 45.9057108], [47.589560899999995, 45.9057063], [47.592616899999996, 45.90371009999999], [47.5949585, 45.9033816], [47.598551199999996, 45.90509469999999], [47.59934489999999, 45.9060647], [47.599027299999996, 45.90845499999999], [47.5963564, 45.9106469], [47.5959392, 45.9128406], [47.5960959, 45.9131265], [47.5987894, 45.9143855], [47.5996353, 45.91456209999999], [47.600611199999996, 45.9146368], [47.60243299999999, 45.9144809], [47.6039312, 45.9145192], [47.605145400000005, 45.9152108], [47.605095799999994, 45.916670800000006], [47.60202929999999, 45.92043], [47.6015095, 45.92160689999999], [47.6010239, 45.9227063], [47.6007477, 45.92543259999999], [47.5999472, 45.92757569999999], [47.59321959999999, 45.932044399999995], [47.59197629999999, 45.93343500000001], [47.5859869, 45.93479109999999], [47.579361999999996, 45.9353142], [47.5779299, 45.93759519999999], [47.5783571, 45.9390668], [47.580942199999996, 45.94074439999999], [47.584274099999995, 45.9413908], [47.5879569, 45.9412372], [47.589427799999996, 45.9418265], [47.596622999999994, 45.94170900000001], [47.5989111, 45.9423242], [47.5999668, 45.94230449999999], [47.6006221, 45.94217239999999], [47.601719499999994, 45.9421702], [47.60221279999999, 45.9418216], [47.602790799999994, 45.9418309], [47.6036379, 45.94099169999999], [47.6050013, 45.941413299999994], [47.6061629, 45.94177249999999], [47.6062636, 45.9417798], [47.60999309999999, 45.9420516], [47.609801999999995, 45.942968300000004], [47.60732639999999, 45.94312699999999], [47.606141400000006, 45.9434562], [47.607036799999996, 45.94448589999999], [47.6095013, 45.9450363], [47.612417, 45.9441041], [47.61390209999999, 45.9444545], [47.61436549999999, 45.9462198], [47.6134759, 45.9482104], [47.6101415, 45.9514695], [47.60885849999999, 45.9541654], [47.6079341, 45.95491929999999], [47.607772999999995, 45.9549671], [47.6037149, 45.9561713], [47.5873008, 45.95651649999999], [47.57913659999999, 45.9560894], [47.57669479999999, 45.9569874], [47.5634828, 45.96486819999999], [47.5631808, 45.96551039999999], [47.5616017, 45.9688687], [47.5579707, 45.9715291], [47.5483723, 45.974989], [47.540561399999994, 45.9738616], [47.5331935, 45.972350299999995], [47.52743209999999, 45.9734547], [47.52425759999999, 45.9752058], [47.5250662, 45.98011919999999], [47.5289832, 45.99411899999999], [47.529847, 45.9957176], [47.5319683, 45.99964309999999], [47.5348993, 46.0028216], [47.5348131, 46.0065698], [47.5360039, 46.0091086], [47.5359684, 46.01224069999999], [47.533895799999996, 46.0143692], [47.53198859999999, 46.01490019999999], [47.5251, 46.0135476], [47.5205033, 46.013304999999995], [47.51349119999999, 46.0142599], [47.5079265, 46.016308], [47.50642489999999, 46.016772399999994], [47.5021173, 46.0181043], [47.498575499999994, 46.018321799999995], [47.497325499999995, 46.017966799999996], [47.49604179999999, 46.01641759999999], [47.491520699999995, 46.0150546], [47.485052499999995, 46.0168017], [47.4740713, 46.015272], [47.4519318, 46.0158444], [47.428474699999995, 46.0171786], [47.40819689999999, 46.0178173], [47.399378999999996, 46.01926769999999], [47.39827019999999, 46.0192322], [47.3967852, 46.01896709999999], [47.395114899999996, 46.0182391], [47.393837, 46.017077199999996], [47.39255349999999, 46.0163815], [47.3919018, 46.0163397], [47.3892186, 46.0168948], [47.37927059999999, 46.0174542], [47.374037, 46.017067499999996], [47.370168799999995, 46.0176822], [47.3675916, 46.0187787], [47.366136499999996, 46.0197138], [47.3646734, 46.0221288], [47.36291119999999, 46.02341009999999], [47.3536152, 46.0211139], [47.3510996, 46.0190534], [47.3497796, 46.015542], [47.3558214, 46.0066602], [47.343105099999995, 46.0066501], [47.340436, 46.00847019999999], [47.33611859999999, 46.00991560000001], [47.33226979999999, 46.016090999999996], [47.3295201, 46.0173], [47.3267374, 46.01695389999999], [47.3232732, 46.017634599999994], [47.3203842, 46.01880719999999], [47.3165585, 46.0189843], [47.3106349, 46.01993], [47.301946, 46.0205618], [47.2982125, 46.020366599999996], [47.29769129999999, 46.02119439999999], [47.298330799999995, 46.0223102], [47.2996792, 46.023133099999995], [47.30204539999999, 46.0259993], [47.3020265, 46.0260047], [47.3020479, 46.026031], [47.2947503, 46.0281241], [47.2853289, 46.031434299999994], [47.2764803, 46.0363585], [47.26871979999999, 46.0415503], [47.266526899999995, 46.04466330000001], [47.26367679999999, 46.046832499999994], [47.25960359999999, 46.04881829999999], [47.256539, 46.050365299999996], [47.2542613, 46.052993199999996], [47.255729499999994, 46.0592597], [47.2571991, 46.063174100000005], [47.2561387, 46.065056299999995], [47.25305999999999, 46.067138400000005], [47.24743089999999, 46.068533699999996], [47.2402895, 46.0711523], [47.234246, 46.07474779999999], [47.23144169999999, 46.079109599999995], [47.2312195, 46.0805889], [47.236556, 46.09548889999999], [47.24328899999999, 46.09448129999999], [47.250840200000006, 46.0944329], [47.2616112, 46.0935702], [47.2695017, 46.0930779], [47.2734126, 46.09271639999999], [47.27596749999999, 46.0935448], [47.27907209999999, 46.09278489999999], [47.28125200000001, 46.09378269999999], [47.2826599, 46.0930166], [47.2912914, 46.0952234], [47.293602400000005, 46.09595819999999], [47.3110415, 46.0944492], [47.318606499999994, 46.0943276], [47.31684310000001, 46.100953399999995], [47.3148701, 46.10839699999999], [47.295348399999995, 46.1077511], [47.283129699999996, 46.1077012], [47.2799934, 46.1079352], [47.278211399999996, 46.1081143], [47.2766643, 46.1085723], [47.27255329999999, 46.1103133], [47.2713845, 46.1113331], [47.27134759999999, 46.11201719999999], [47.27261159999999, 46.112975299999995], [47.2789523, 46.114293399999994], [47.28096879999999, 46.114236], [47.285511099999994, 46.1149261], [47.292218899999995, 46.11526800000001], [47.29956609999999, 46.1152249], [47.308748699999995, 46.1151793], [47.310962599999996, 46.1154996], [47.31310679999999, 46.1157074], [47.323162399999994, 46.1153093], [47.3265837, 46.1144619], [47.3304739, 46.1156811], [47.336036500000006, 46.11727989999999], [47.33278469999999, 46.125011799999996], [47.329368, 46.132674], [47.3437165, 46.13270249999999], [47.3593592, 46.1335342], [47.3640512, 46.1337167], [47.368936999999995, 46.134686599999995], [47.36963529999999, 46.13497809999999], [47.3721743, 46.1377685], [47.3735735, 46.141140199999995], [47.3910447, 46.142406599999994], [47.4001952, 46.1427196], [47.404972799999996, 46.1427639], [47.4100214, 46.141839499999996], [47.414033499999995, 46.140469], [47.4194385, 46.141254999999994], [47.4256897, 46.1406735], [47.4305304, 46.14127289999999], [47.434051999999994, 46.141392], [47.43830129999999, 46.1404732], [47.4430618, 46.1400458], [47.4445221, 46.14401079999999], [47.4458463, 46.1481633], [47.4580079, 46.14751059999999], [47.4600291, 46.1475574], [47.4676536, 46.14879739999999], [47.4699753, 46.1491974], [47.4749951, 46.1494313], [47.4823702, 46.1490744], [47.49003100000001, 46.1487379], [47.4923274, 46.148858999999995], [47.49671349999999, 46.1496204], [47.4986193, 46.14991719999999], [47.501289299999996, 46.15065169999999], [47.50139819999999, 46.1510543], [47.501638899999996, 46.15157260000001], [47.5035319, 46.151536799999995], [47.5052363, 46.151444], [47.5138644, 46.15187639999999], [47.5202535, 46.1522961], [47.5297788, 46.1528113], [47.5283744, 46.15784779999999], [47.5273366, 46.1619011], [47.5277183, 46.1624379], [47.5281992, 46.162702599999996], [47.52901229999999, 46.16287179999999], [47.5309656, 46.162945799999996], [47.53293089999999, 46.1629422], [47.5347774, 46.162946399999996], [47.5383176, 46.1623897], [47.53928059999999, 46.16232349999999], [47.54325639999999, 46.162370499999994], [47.5455358, 46.1621582], [47.5474386, 46.1618732], [47.5517914, 46.1613556], [47.5575555, 46.1601264], [47.5580537, 46.1600919], [47.55873799999999, 46.1603304], [47.55962970000001, 46.1607424], [47.5599957, 46.1608809], [47.560313, 46.16090809999999], [47.56094149999999, 46.1608382], [47.561567399999994, 46.1608855], [47.5619102, 46.1609678], [47.5628493, 46.16134099999999], [47.56322939999999, 46.161494499999996], [47.56372269999999, 46.16163639999999], [47.564119899999994, 46.1616545], [47.56438419999999, 46.1616037], [47.564786999999995, 46.1615838], [47.5660606, 46.1617138], [47.56645640000001, 46.16171039999999], [47.5667142, 46.1616811], [47.5673758, 46.1614865], [47.56769839999999, 46.1614631], [47.57024590000001, 46.1616078], [47.5706091, 46.16156719999999], [47.5715701, 46.1613478], [47.572381699999994, 46.1614197], [47.57422019999999, 46.16140719999999], [47.574700299999996, 46.1614811], [47.57614159999999, 46.1618537], [47.577336499999994, 46.1618989], [47.57740969999999, 46.164872499999994], [47.5913489, 46.1649413], [47.5994436, 46.1743], [47.60155939999999, 46.1747604], [47.6040701, 46.1747423], [47.6069714, 46.1747154], [47.60873699999999, 46.1750761], [47.6106043, 46.17640389999999], [47.6123548, 46.1780183], [47.612369599999994, 46.1795174], [47.6113185, 46.1805106], [47.6097302, 46.18155480000001], [47.6072201, 46.1823871], [47.605080799999996, 46.1827975], [47.60196719999999, 46.18290679999999], [47.5982193, 46.1823452], [47.5944007, 46.181462], [47.587597, 46.1816692], [47.58674419999999, 46.18176749999999], [47.5853052, 46.1820967], [47.5849884, 46.182244299999994], [47.5832757, 46.183491399999994], [47.5661879, 46.18371679999999], [47.5662235, 46.18502689999999], [47.56844579999999, 46.19028470000001], [47.5686945, 46.1994248], [47.570009600000006, 46.205553699999996], [47.570548599999995, 46.2108902], [47.5709789, 46.2159594], [47.57411969999999, 46.21590539999999], [47.5868478, 46.2154526], [47.5934064, 46.21511259999999], [47.59800249999999, 46.214998099999995], [47.60917260000001, 46.214723899999996], [47.6240574, 46.2142885], [47.62445219999999, 46.21461209999999], [47.627951, 46.214874200000004], [47.6283766, 46.2148197], [47.62972909999999, 46.213991699999994], [47.631990699999996, 46.2110204], [47.63279349999999, 46.2106746], [47.6339042, 46.210543], [47.639180399999994, 46.209808499999994], [47.64373569999999, 46.20990729999999], [47.647920199999994, 46.21135689999999], [47.6494274, 46.21171089999999], [47.6550805, 46.21131069999999], [47.6636405, 46.2102077], [47.6733307, 46.20988760000001], [47.6794958, 46.2097711], [47.684473200000006, 46.2100268], [47.6884415, 46.210047499999995], [47.6892458, 46.2109569], [47.69085189999999, 46.2128089], [47.69161189999999, 46.2137808], [47.69250559999999, 46.21483959999999], [47.6934721, 46.2160585], [47.694311799999994, 46.2173345], [47.70231840000001, 46.2297078], [47.7070203, 46.2366846], [47.7080155, 46.24026909999999], [47.7060237, 46.2408819], [47.70300809999999, 46.2428602], [47.701231799999995, 46.244728099999996], [47.70087139999999, 46.245582399999996], [47.70114569999999, 46.2464217], [47.7042, 46.2481747], [47.711152299999995, 46.2495461], [47.7124439, 46.2500718], [47.715186, 46.2506196], [47.7181008, 46.2510837], [47.73192619999999, 46.252133099999995], [47.7373023, 46.2525149], [47.7428441, 46.25311059999999], [47.74565509999999, 46.25511600000001], [47.7485407, 46.25656029999999], [47.750209999999996, 46.2565438], [47.75266320000001, 46.2556584], [47.753921, 46.2548689], [47.755912499999994, 46.25398899999999], [47.757057999999994, 46.2537078], [47.75835579999999, 46.2537218], [47.7594889, 46.25389789999999], [47.76172849999999, 46.25370929999999], [47.76471589999999, 46.2534793], [47.766984599999994, 46.252940599999995], [47.7672753, 46.2517775], [47.767110599999995, 46.25108329999999], [47.7673042, 46.2502924], [47.76835689999999, 46.2495346], [47.7695551, 46.2493258], [47.77337279999999, 46.24973949999999], [47.77669889999999, 46.24960889999999], [47.77953699999999, 46.24956379999999], [47.7835726, 46.249927099999994], [47.785578199999996, 46.2500694], [47.786932699999994, 46.251217], [47.7872481, 46.2523791], [47.78770539999999, 46.25342609999999], [47.7880013, 46.25399829999999], [47.78827729999999, 46.2543282], [47.788762999999996, 46.254490999999994], [47.78987779999999, 46.25453230000001], [47.7917948, 46.254557899999995], [47.792665799999995, 46.25444139999999], [47.79368169999999, 46.2540226], [47.7954979, 46.2528988], [47.79637739999999, 46.2524402], [47.7990757, 46.2516485], [47.8000239, 46.2514798], [47.8009984, 46.2513714], [47.80163369999999, 46.2514171], [47.8033558, 46.2516686], [47.805984599999995, 46.25177179999999], [47.812363899999994, 46.2515892], [47.812937, 46.25150130000001], [47.8138069, 46.2513686], [47.8143785, 46.25112969999999], [47.8150558, 46.2505732], [47.81695640000001, 46.2500768], [47.8195539, 46.249455299999994], [47.82082319999999, 46.2492282], [47.822493099999996, 46.2490738], [47.825162999999996, 46.2492909], [47.82580289999999, 46.24911139999999], [47.8284719, 46.2486013], [47.8304653, 46.248287899999994], [47.831884599999995, 46.248175499999995], [47.8330119, 46.248513100000004], [47.8337203, 46.2485676], [47.8342775, 46.2487465], [47.83913129999999, 46.2486377], [47.8411278, 46.2486893], [47.84333649999999, 46.2487084], [47.844548399999994, 46.248313100000004], [47.8453739, 46.248078500000005], [47.84646959999999, 46.247943500000005], [47.8476676, 46.2477339], [47.8479611, 46.24779509999999], [47.8490504, 46.24823909999999], [47.8494787, 46.248498399999995], [47.84984169999999, 46.24910129999999], [47.8500987, 46.249409899999996], [47.8506417, 46.249525899999995], [47.852068599999996, 46.2495302], [47.8525973, 46.2495727], [47.8532344, 46.24962], [47.8537621, 46.249641100000005], [47.8541959, 46.2495512], [47.85454579999999, 46.249294199999994], [47.854906099999994, 46.2487345], [47.8553399, 46.248493499999995], [47.855919699999994, 46.24842329999999], [47.856907699999994, 46.24841489999999], [47.85852419999999, 46.248588999999996], [47.8591019, 46.248625], [47.85985649999999, 46.2484713], [47.8604046, 46.24843429999999], [47.8612301, 46.248548799999995], [47.86163849999999, 46.248472], [47.8636141, 46.2478489], [47.863801, 46.2478374], [47.86427629999999, 46.247810799999996], [47.866880699999996, 46.2501376], [47.86710779999999, 46.2503173], [47.8675862, 46.25058609999999], [47.8678703, 46.25091549999999], [47.86818689999999, 46.251116399999994], [47.86881249999999, 46.250976599999994], [47.8692341, 46.25095], [47.8695282, 46.2510218], [47.8721102, 46.251637599999995], [47.873396199999995, 46.25199489999999], [47.8739896, 46.2521597], [47.8754627, 46.2525032], [47.87697, 46.2529551], [47.8787894, 46.25366149999999], [47.87707090000001, 46.2552858], [47.87301459999999, 46.258745899999994], [47.87207709999999, 46.2595653], [47.8722714, 46.259573499999995], [47.8717273, 46.2639311], [47.87166249999999, 46.2639276], [47.87158749999999, 46.264576299999995], [47.8716519, 46.26457969999999], [47.8714698, 46.2660679], [47.8732495, 46.26618309999999], [47.899054299999996, 46.26639579999999], [47.899586799999994, 46.266297400000006], [47.899994199999995, 46.2662132], [47.9035319, 46.2653912], [47.9036011, 46.2653748], [47.9036155, 46.2653388], [47.90378809999999, 46.26529849999999], [47.9038646, 46.2653508], [47.90620729999999, 46.2648187], [47.9074169, 46.2645437], [47.90798649999999, 46.2644156], [47.908914599999996, 46.26420679999999], [47.9104382, 46.26386279999999], [47.9132153, 46.26322929999999], [47.9185159, 46.26221439999999], [47.9198089, 46.26204499999999], [47.92033849999999, 46.2618001], [47.92139439999999, 46.2622063], [47.92172889999999, 46.26299649999999], [47.9238243, 46.261681599999996], [47.9246658, 46.2611775], [47.925435099999994, 46.2607889], [47.9260425, 46.2605224], [47.927913499999995, 46.259716], [47.934892399999995, 46.264757], [47.9350302, 46.2648561], [47.9364719, 46.2654247], [47.936591199999995, 46.2654314], [47.938035299999996, 46.2655132], [47.939365599999995, 46.265289599999996], [47.941606199999995, 46.26461509999999], [47.94181760000001, 46.26454439999999], [47.9441395, 46.2637679], [47.94623949999999, 46.265861099999995], [47.947315999999994, 46.26626129999999], [47.9457088, 46.2633163], [47.942735299999995, 46.2575108], [47.9399195, 46.25298819999999], [47.93458189999999, 46.2486289], [47.92563359999999, 46.2415599], [47.917563599999994, 46.236386399999994], [47.9145039, 46.23120089999999], [47.91247619999999, 46.225716999999996], [47.910549, 46.2215806], [47.9095044, 46.217439799999994], [47.90957639999999, 46.2161663], [47.909942099999995, 46.21517089999999], [47.9106153, 46.2142848], [47.914777199999996, 46.209516799999996], [47.91575149999999, 46.2083577], [47.91206819999999, 46.209116800000004], [47.9100303, 46.2094604], [47.9043163, 46.207265199999995], [47.8993626, 46.2048167], [47.898322, 46.2034001], [47.89836809999999, 46.20240869999999], [47.9002551, 46.2019774], [47.9025677, 46.2018603], [47.9036372, 46.2010236], [47.90348949999999, 46.200028], [47.902704799999995, 46.19926079999999], [47.901632199999995, 46.19825590000001], [47.898687, 46.197181], [47.8971195, 46.19665679999999], [47.8965143, 46.195859], [47.8970835, 46.19447569999999], [47.897325200000004, 46.1934507], [47.89718169999999, 46.1925677], [47.8965455, 46.1920798], [47.895387899999996, 46.1916192], [47.8937905, 46.1912577], [47.89253089999999, 46.190723999999996], [47.8905069, 46.189829], [47.88718089999999, 46.189249999999994], [47.88502369999999, 46.1885947], [47.884423, 46.18836369999999], [47.88259709999999, 46.18646700000001], [47.880956899999994, 46.1849175], [47.8798733, 46.1832138], [47.8791211, 46.18271649999999], [47.8774842, 46.1819876], [47.87453260000001, 46.180832099999996], [47.8699253, 46.177984599999995], [47.866890399999996, 46.1765166], [47.86313940000001, 46.17487260000001], [47.861745, 46.1736711], [47.86178559999999, 46.172300299999996], [47.8625633, 46.17061530000001], [47.865334999999995, 46.16900809999999], [47.86947, 46.166750199999996], [47.8737096, 46.16294479999999], [47.8764369, 46.160663], [47.8771969, 46.1586339], [47.8766825, 46.1568002], [47.8753031, 46.154379899999995], [47.87242549999999, 46.1519267], [47.8682759, 46.1495734], [47.8579092, 46.1455164], [47.8561414, 46.144086900000005], [47.8513797, 46.13816419999999], [47.848400299999994, 46.1351326], [47.8451065, 46.13296389999999], [47.8426992, 46.1321193], [47.8404974, 46.131734699999996], [47.8388073, 46.13178849999999], [47.8377097, 46.13237039999999], [47.8369065, 46.1339418], [47.8352115, 46.1347016], [47.83136390000001, 46.1352797], [47.826119399999996, 46.135407099999995], [47.82263009999999, 46.13518439999999], [47.8177256, 46.1344783], [47.8145144, 46.133641299999994], [47.814522999999994, 46.13323389999999], [47.81454999999999, 46.13196729999999], [47.8117538, 46.131268899999995], [47.8078197, 46.12990539999999], [47.80651569999999, 46.12904429999999], [47.80592179999999, 46.1272337], [47.8066086, 46.12499559999999], [47.8092891, 46.12355339999999], [47.811960299999996, 46.1232499], [47.8139604, 46.12354469999999], [47.8159847, 46.12476819999999], [47.8172146, 46.1255374], [47.8188218, 46.1258763], [47.8204911, 46.1254771], [47.8217109, 46.1243523], [47.8227571, 46.1232401], [47.824153599999995, 46.12271], [47.825851799999995, 46.1230814], [47.8289287, 46.1235476], [47.831073499999995, 46.122705399999994], [47.83364929999999, 46.1207649], [47.834853, 46.119011699999994], [47.834763, 46.1176602], [47.832673699999994, 46.1162096], [47.830425399999996, 46.1146457], [47.8292718, 46.11302439999999], [47.828779899999994, 46.10987899999999], [47.8270796, 46.108577399999994], [47.82614829999999, 46.1069144], [47.8258655, 46.105115399999995], [47.825823299999996, 46.10291689999999], [47.826649599999996, 46.1010329], [47.82812199999999, 46.1001509], [47.831421399999996, 46.09906320000001], [47.83316959999999, 46.09821659999999], [47.83466339999999, 46.0967761], [47.834877999999996, 46.09504280000001], [47.833638099999995, 46.0937617], [47.830802199999994, 46.0927204], [47.828613600000004, 46.0926804], [47.829102899999995, 46.0842155], [47.82817099999999, 46.082018100000006], [47.82542409999999, 46.0756251], [47.8245497, 46.07353], [47.823049399999995, 46.0722449], [47.82279359999999, 46.0716662], [47.82389899999999, 46.069656599999995], [47.824043100000004, 46.06842369999999], [47.8243612, 46.067560799999995], [47.82414369999999, 46.06699699999999], [47.8219286, 46.0661224], [47.821549299999994, 46.0655244], [47.821647899999995, 46.0640203], [47.8215792, 46.063622699999996], [47.821335000000005, 46.06347259999999], [47.82087489999999, 46.0634797], [47.820585599999994, 46.0636805], [47.82047839999999, 46.06375500000001], [47.8202782, 46.06394759999999], [47.819036, 46.0648041], [47.8181276, 46.0651396], [47.8171342, 46.065280699999995], [47.8162409, 46.0652871], [47.815155299999994, 46.0652229], [47.8141825, 46.065256299999994], [47.812485599999995, 46.0655318], [47.810255299999994, 46.065956099999994], [47.8072352, 46.066145799999994], [47.8027723, 46.0673092], [47.8005601, 46.067335799999995], [47.796428899999995, 46.0668857], [47.79138199999999, 46.05993699999999], [47.788607799999994, 46.052107799999995], [47.7782163, 46.05090710000001], [47.773125099999994, 46.050626099999995], [47.7647591, 46.04876869999999], [47.7647446, 46.042161799999995], [47.76607599999999, 46.039347299999996], [47.766422, 46.0391965], [47.769222299999996, 46.0374668], [47.7707772, 46.0365569], [47.771512699999995, 46.0359381], [47.7726167, 46.03392449999999], [47.7735, 46.0324526], [47.7739855, 46.03174289999999], [47.77596489999999, 46.0285272], [47.77872229999999, 46.0238373], [47.7787616, 46.0237704], [47.7787599, 46.023343], [47.778276299999995, 46.02294160000001], [47.77817869999999, 46.02273989999999], [47.77813449999999, 46.0226485], [47.7785602, 46.02205579999999], [47.7784663, 46.0215807], [47.77762859999999, 46.0211116], [47.7770845, 46.0205402], [47.776204, 46.020141499999994], [47.7757847, 46.01975319999999], [47.7757123, 46.0190934], [47.775661899999996, 46.018633599999994], [47.7757754, 46.018373399999994], [47.77613899999999, 46.0175404], [47.7760544, 46.0169058], [47.7759099, 46.0158221], [47.7753614, 46.0149348], [47.77509559999999, 46.0145049], [47.7743459, 46.0137324], [47.774307300000004, 46.01369269999999], [47.77396819999999, 46.01309080000001], [47.7739276, 46.0122922], [47.7735125, 46.0121534], [47.7721905, 46.012357], [47.7719461, 46.0121799], [47.770939299999995, 46.0114502], [47.7703934, 46.01100739999999], [47.76973159999999, 46.0105907], [47.768449999999994, 46.0095057], [47.76736079999999, 46.0084769], [47.7657295, 46.0078305], [47.76551070000001, 46.007524000000004], [47.765436599999994, 46.00673019999999], [47.76481299999999, 46.0054651], [47.76492389999999, 46.005334100000006], [47.76550610000001, 46.004646199999996], [47.76587529999999, 46.00421], [47.7659937, 46.0024966], [47.765978, 46.00242039999999], [47.765570499999995, 46.00044599999999], [47.76572169999999, 45.9999492], [47.7656214, 45.9993768], [47.76321579999999, 45.997106099999996], [47.761345199999994, 45.9950242], [47.7595483, 45.994257499999996], [47.75744509999999, 45.9938865], [47.7573062, 45.99388189999999], [47.7549506, 45.99380419999999], [47.7544482, 45.9937074], [47.7541655, 45.993652899999994], [47.75418629999999, 45.99350230000001], [47.7543418, 45.992375499999994], [47.7543557, 45.9922749], [47.7545977, 45.99197989999999], [47.755560599999995, 45.99183620000001], [47.7556885, 45.991817100000006], [47.75777849999999, 45.9917008], [47.759251000000006, 45.991389299999994], [47.7624359, 45.9906639], [47.763513399999994, 45.9905692], [47.76638909999999, 45.99047339999999], [47.7675358, 45.990382999999994], [47.7676655, 45.9903728], [47.7681244, 45.9901289], [47.7682217, 45.9895524], [47.76815739999999, 45.9874101], [47.76787100000001, 45.98608419999999], [47.7642977, 45.980086], [47.76390570000001, 45.97744879999999], [47.7655184, 45.9706786], [47.7668819, 45.9649393], [47.7682105, 45.9606716], [47.7688662, 45.957253699999995], [47.7704611, 45.9497509], [47.77273939999999, 45.94538059999999], [47.7749617, 45.9427362], [47.77961749999999, 45.93553510000001], [47.783326, 45.9319376], [47.786657999999996, 45.930208], [47.78903390000001, 45.928949900000006], [47.79200089999999, 45.9267086], [47.801226099999994, 45.92287619999999], [47.80330769999999, 45.92177459999999], [47.8044856, 45.920777199999996], [47.8061734, 45.9186762], [47.8077883, 45.9154623], [47.8101042, 45.9111815], [47.8137503, 45.907721599999995], [47.81927410000001, 45.9043165], [47.819349499999994, 45.9033078], [47.814302999999995, 45.901580499999994], [47.8052266, 45.8945014], [47.7997478, 45.88969589999999], [47.7948117, 45.88452989999999], [47.792962499999994, 45.88454699999999], [47.79003039999999, 45.8837484], [47.7878874, 45.8827094], [47.7852052, 45.8804783], [47.7824418, 45.8780879], [47.7796467, 45.8765734], [47.775286699999995, 45.87550269999999], [47.77363079999999, 45.8748639], [47.772663, 45.8741663], [47.7709694, 45.87216469999999], [47.77039289999999, 45.871483299999994], [47.7696035, 45.8706538], [47.767538099999996, 45.86930569999999], [47.76682709999999, 45.8684274], [47.76527000000001, 45.863703799999996], [47.764722299999995, 45.8624586], [47.76480839999999, 45.86186299999999], [47.76476389999999, 45.8617442], [47.7626249, 45.8560271], [47.762585099999995, 45.8554186], [47.76255379999999, 45.85493929999999], [47.762535, 45.8546522], [47.76479139999999, 45.8541372], [47.766272, 45.85371069999999], [47.7675709, 45.8532272], [47.7690574, 45.8525449], [47.77055299999999, 45.851801699999996], [47.7715503, 45.851606999999994], [47.77269749999999, 45.8512791], [47.7751142, 45.8510041], [47.78020529999999, 45.8508479], [47.78086379999999, 45.8505997], [47.7817159, 45.8507562], [47.784052900000006, 45.8510002], [47.78622909999999, 45.85105269999999], [47.79002679999999, 45.8509658], [47.7902095, 45.850950000000005], [47.7927724, 45.85072859999999], [47.7928473, 45.850715799999996], [47.7952336, 45.8503081], [47.79711240000001, 45.8495633], [47.79745249999999, 45.8493497], [47.79813, 45.8489242], [47.799360199999995, 45.8485511], [47.8004866, 45.84809559999999], [47.803018699999996, 45.8475322], [47.8078484, 45.8499897], [47.812577399999995, 45.853119799999995], [47.81230819999999, 45.8535865], [47.8124988, 45.8543408], [47.81342639999999, 45.855420599999995], [47.813483, 45.8561157], [47.8134439, 45.85787959999999], [47.8160516, 45.8625845], [47.81822979999999, 45.8608113], [47.819241399999996, 45.8593764], [47.8207292, 45.8585926], [47.822805, 45.8583541], [47.827880699999994, 45.85308119999999], [47.83334409999999, 45.849225], [47.83411689999999, 45.8480906], [47.83217429999999, 45.8456667], [47.831628, 45.8452731], [47.8309956, 45.84505320000001], [47.82940979999999, 45.8452756], [47.8287014, 45.845000799999994], [47.828399899999994, 45.8445415], [47.829146, 45.843386900000006], [47.82927109999999, 45.8427297], [47.83068479999999, 45.8402445], [47.83245929999999, 45.8388005], [47.8339369, 45.8382729], [47.834643899999996, 45.837903399999995], [47.83582270000001, 45.83471930000001], [47.83583449999999, 45.8328786], [47.835276, 45.8305667], [47.8358161, 45.827602899999995], [47.8359231, 45.8252782], [47.83464579999999, 45.8245471], [47.834013, 45.8236156], [47.8352528, 45.821401099999996], [47.836340099999994, 45.819862500000006], [47.8380405, 45.81851939999999], [47.83997449999999, 45.8175325], [47.8417937, 45.81673789999999], [47.8431541, 45.8153183], [47.84492049999999, 45.812222999999996], [47.84686609999999, 45.81035909999999], [47.8471096, 45.8094115], [47.8469888, 45.80735039999999], [47.8478833, 45.80667329999999], [47.8486749, 45.80599519999999], [47.849353, 45.8052717], [47.85018380000001, 45.80402360000001], [47.85125829999999, 45.8038297], [47.852727599999994, 45.801355599999994], [47.85315179999999, 45.80112969999999], [47.853618399999995, 45.800725299999996], [47.8535621, 45.7998726], [47.852891699999994, 45.79753989999999], [47.85201729999999, 45.7969882], [47.85141099999999, 45.796110899999995], [47.8502235, 45.79264799999999], [47.85114409999999, 45.7901439], [47.85292329999999, 45.78831629999999], [47.8566105, 45.785603599999995], [47.8586063, 45.78379360000001], [47.860715299999995, 45.7811325], [47.8630612, 45.7780187], [47.8649119, 45.776665], [47.86619139999999, 45.7746548], [47.866701, 45.7740266], [47.8680237, 45.7729436], [47.86866199999999, 45.7716402], [47.869937199999995, 45.7703695], [47.87139959999999, 45.768324199999995], [47.87058079999999, 45.7676482], [47.86999649999999, 45.7669467], [47.8701755, 45.7663241], [47.87145709999999, 45.76474129999999], [47.87153519999999, 45.7640826], [47.870107399999995, 45.762909], [47.8695671, 45.7619524], [47.8699759, 45.7607321], [47.86929080000001, 45.7587816], [47.8689507, 45.757966599999996], [47.86966559999999, 45.7555141], [47.8717008, 45.7527991], [47.8723955, 45.7509357], [47.8700999, 45.7498531], [47.8723956, 45.7428662], [47.8718287, 45.740922299999994], [47.8721976, 45.739269699999994], [47.8722368, 45.73728349999999], [47.872989499999996, 45.7357024], [47.8753174, 45.732897599999994], [47.876841399999996, 45.7315349], [47.8775516, 45.7292777], [47.8763518, 45.725777099999995], [47.877144, 45.7222979], [47.8759897, 45.7199449], [47.87589650000001, 45.7184477], [47.8771479, 45.7141977], [47.876167499999994, 45.71323389999999], [47.87483389999999, 45.7111121], [47.87353720000001, 45.7096259], [47.8718345, 45.7090658], [47.8726677, 45.7017417], [47.873751199999994, 45.6888948], [47.88018459999999, 45.6800086], [47.89008729999999, 45.66367689999999], [47.89573089999999, 45.64993749999999], [47.90442, 45.63847599999999], [47.9173253, 45.6258932], [47.918244599999994, 45.624119099999994], [47.91626769999999, 45.612589099999994], [47.9132485, 45.60345099999999], [47.91454399999999, 45.59400759999999], [47.914954099999996, 45.56820059999999], [47.917567399999996, 45.547995699999994], [47.91719909999999, 45.522413], [47.91651689999999, 45.5124074], [47.9145072, 45.4777532]]]]}}, {"type": "Feature", "properties": {"id": "mo-12625000", "name": "Камызякский муниципальный район", "region": "Астраханская область", "isCity": false, "sourceOktmo": "12-625-000-000", "sourceAgg": "Астрахань", "excelNames": ["Камызякский муниципальный район"], "oktmo": "12625000", "vgp": [{"year": 2019, "value": 11207629.27986118}, {"year": 2020, "value": 10600029.830127817}, {"year": 2021, "value": 10397079.50209228}, {"year": 2022, "value": 16135073.335381445}, {"year": 2023, "value": 16347212.84387784}, {"year": 2024, "value": 18136210.47041514}], "population": [{"year": 2019, "value": 46413.0}, {"year": 2020, "value": 46096.0}, {"year": 2021, "value": 45893.0}, {"year": 2022, "value": 45634.0}, {"year": 2023, "value": 47368.0}, {"year": 2024, "value": 46892.0}, {"year": 2025, "value": 46528.0}], "shipments": [{"year": 2019, "value": 1196694.5}, {"year": 2020, "value": 994100.3}, {"year": 2021, "value": 986027.1}, {"year": 2022, "value": 1060778.0}, {"year": 2023, "value": 1029810.7}, {"year": 2024, "value": 884989.0}], "employees": [{"year": 2019, "value": 4835.0}, {"year": 2020, "value": 4805.0}, {"year": 2021, "value": 4674.0}, {"year": 2022, "value": 4355.0}, {"year": 2023, "value": 4174.0}, {"year": 2024, "value": 4037.0}], "investments": [{"year": 2019, "value": 167204.0}, {"year": 2020, "value": 232090.0}, {"year": 2021, "value": 136795.0}, {"year": 2022, "value": 171753.0}, {"year": 2023, "value": 233466.0}, {"year": 2024, "value": 338975.0}], "vgp2024": 18136210.47041514, "pop2024": 46892.0, "ship2024": 884989.0, "emp2024": 4037.0, "inv2024": 338975.0}, "geometry": {"type": "MultiPolygon", "coordinates": [[[[47.9100303, 46.2094604], [47.91206819999999, 46.209116800000004], [47.91575149999999, 46.2083577], [47.916892399999995, 46.2076733], [47.918155, 46.2071989], [47.9196856, 46.2067374], [47.921066, 46.2063722], [47.922718599999996, 46.20603140000001], [47.9242768, 46.20565429999999], [47.9260538, 46.2053892], [47.927425, 46.2049738], [47.9298331, 46.2037447], [47.9332888, 46.2018517], [47.9365021, 46.2000156], [47.9390195, 46.1982716], [47.9417265, 46.1963259], [47.943450899999995, 46.19492559999999], [47.945681, 46.1929836], [47.9472312, 46.19132369999999], [47.94843289999999, 46.1898611], [47.94936969999999, 46.1885292], [47.9501874, 46.187194], [47.9507563, 46.185872999999994], [47.9512127, 46.1846411], [47.95359959999999, 46.1847549], [47.9541612, 46.18335129999999], [47.9542894, 46.1830306], [47.95842609999999, 46.1843063], [47.9576493, 46.1854693], [47.9580216, 46.18549469999999], [47.9588713, 46.18554869999999], [47.970009299999994, 46.1855985], [47.9705477, 46.18556439999999], [47.9716655, 46.18568460000001], [47.9734893, 46.1857329], [47.98051499999999, 46.186062699999994], [47.9900899, 46.186503099999996], [47.990606199999995, 46.1857759], [47.9914982, 46.186198], [47.9928639, 46.1868695], [47.993459, 46.18735529999999], [47.9991317, 46.18532400000001], [47.99942339999999, 46.1852376], [47.9995739, 46.1849595], [47.9995224, 46.1847099], [47.999345899999994, 46.184472199999995], [47.998816, 46.1842589], [47.9972559, 46.183796], [47.993168299999994, 46.182898699999996], [47.9907155, 46.182307599999994], [47.98886649999999, 46.182059499999994], [47.98731289999999, 46.1819359], [47.984177599999995, 46.1817477], [47.9825932, 46.1816118], [47.981041399999995, 46.18147690000001], [47.979938399999995, 46.181271], [47.979309, 46.181100199999996], [47.978714, 46.1807909], [47.9786547, 46.1803909], [47.9796646, 46.1795222], [47.980480699999994, 46.1791104], [47.98102399999999, 46.178662499999994], [47.9821596, 46.1788087], [47.983484399999995, 46.178955699999996], [47.98367929999999, 46.17897839999999], [47.9838738, 46.1789994], [47.9840664, 46.1790252], [47.98426009999999, 46.17904169999999], [47.9843384, 46.17868949999999], [47.98453320000001, 46.178712399999995], [47.984615299999994, 46.1787203], [47.9848081, 46.1787434], [47.98500229999999, 46.178755699999996], [47.9851153, 46.1787629], [47.988204999999994, 46.1789575], [47.9886768, 46.17885100000001], [47.990811599999994, 46.17762], [47.9919717, 46.1769679], [47.99220729999999, 46.1767488], [47.9920836, 46.17653320000001], [47.991726699999994, 46.17637940000001], [47.9913165, 46.176261], [47.99058279999999, 46.1759682], [47.9902973, 46.1756587], [47.989858399999996, 46.1752182], [47.989621299999996, 46.174938], [47.989515, 46.1743466], [47.98957, 46.1740286], [47.9898692, 46.1734571], [47.99005329999999, 46.17314029999999], [47.9902773, 46.1727851], [47.9905834, 46.1725062], [47.9916825, 46.17183719999999], [47.99227739999999, 46.1713824], [47.99254559999999, 46.1710263], [47.9931458, 46.170474], [47.9949978, 46.16877099999999], [47.99642339999999, 46.16751709999999], [47.99742839999999, 46.1666132], [47.9984013, 46.1659211], [47.999063899999996, 46.165146299999996], [47.999282, 46.1645754], [47.9996744, 46.163152], [48.000262299999996, 46.1615505], [48.00080499999999, 46.161529699999996], [48.00148759999999, 46.1613092], [48.00174439999999, 46.16110369999999], [48.002238, 46.160714], [48.003786999999996, 46.15982339999999], [48.00465479999999, 46.1596143], [48.0057566, 46.15944399999999], [48.0069503, 46.15928279999999], [48.007726, 46.15931839999999], [48.0087678, 46.1591803], [48.00939259999999, 46.15892319999999], [48.009946500000005, 46.15863569999999], [48.010147499999995, 46.15841559999999], [48.01069139999999, 46.1577656], [48.0111026, 46.1570936], [48.01149929999999, 46.156104], [48.01179779999999, 46.15570790000001], [48.01193339999999, 46.155357], [48.012093, 46.155142299999994], [48.0122342, 46.15488570000001], [48.012322, 46.1547173], [48.012465899999995, 46.154618199999994], [48.0127039, 46.1545829], [48.0129975, 46.154625599999996], [48.013374199999994, 46.1547645], [48.013726199999994, 46.1549509], [48.0140099, 46.1551772], [48.0143744, 46.1553661], [48.014819, 46.15549370000001], [48.0152106, 46.155530199999994], [48.015656, 46.1555025], [48.016092699999994, 46.1554047], [48.0164876, 46.1553798], [48.01713779999999, 46.1554099], [48.0182725, 46.15550079999999], [48.01865579999999, 46.1555174], [48.019158999999995, 46.155445699999994], [48.0199565, 46.15525420000001], [48.0209293, 46.1550804], [48.02123, 46.1549943], [48.0214066, 46.154812899999996], [48.021390499999995, 46.1545871], [48.020219899999994, 46.15339240000001], [48.019736, 46.15308439999999], [48.0189971, 46.1528879], [48.0175518, 46.1526926], [48.0164861, 46.152371599999995], [48.01532019999999, 46.15185139999999], [48.014351899999994, 46.15124409999999], [48.014040400000006, 46.15098309999999], [48.01327729999999, 46.150190699999996], [48.0129923, 46.14999069999999], [48.012086499999995, 46.1496256], [48.0111903, 46.14924069999999], [48.01077159999999, 46.14894970000001], [48.0106017, 46.14865639999999], [48.0105161, 46.1475063], [48.010676999999994, 46.14668609999999], [48.011009200000004, 46.14636659999999], [48.01162279999999, 46.1459647], [48.01260589999999, 46.145423699999995], [48.01308600000001, 46.14512559999999], [48.0137879, 46.14466470000001], [48.014076, 46.144459899999994], [48.0145727, 46.144179799999996], [48.015123200000005, 46.1439299], [48.0155665, 46.1437643], [48.016068, 46.1435717], [48.0165929, 46.143353499999996], [48.0168391, 46.143167299999995], [48.01714729999999, 46.1428818], [48.01759040000001, 46.1425453], [48.017891299999995, 46.1423957], [48.018393599999996, 46.1422447], [48.0188684, 46.1421959], [48.019315899999995, 46.142220699999996], [48.0202157, 46.142347], [48.0208273, 46.1424461], [48.0216043, 46.1426305], [48.0219082, 46.142658], [48.0222558, 46.1426321], [48.02255009999999, 46.1425264], [48.023179, 46.142188299999994], [48.0240806, 46.1418705], [48.0244762, 46.141832699999995], [48.025100699999996, 46.14190369999999], [48.02661919999999, 46.1421685], [48.0279934, 46.1424297], [48.0286841, 46.1424959], [48.0295236, 46.14245639999999], [48.0299846, 46.142488099999994], [48.030468799999994, 46.142439399999994], [48.031059799999994, 46.1422228], [48.03166619999999, 46.1419498], [48.0321933, 46.1416059], [48.032661899999994, 46.1413183], [48.0330327, 46.14097999999999], [48.0333262, 46.1406722], [48.03375549999999, 46.1400073], [48.0340029, 46.139412], [48.0341082, 46.1389145], [48.0340775, 46.1385505], [48.03409589999999, 46.1369799], [48.0341432, 46.1366245], [48.0343634, 46.136569], [48.0346546, 46.1365962], [48.0349029, 46.1369527], [48.035201199999996, 46.1372603], [48.035585899999994, 46.1375984], [48.036107099999995, 46.1379752], [48.036639199999996, 46.1383238], [48.0368318, 46.138547599999995], [48.036924899999995, 46.1388651], [48.036942399999994, 46.13919249999999], [48.036830699999996, 46.139804399999996], [48.036834299999995, 46.1400911], [48.0370014, 46.1403208], [48.0373703, 46.1406039], [48.0378915, 46.140919499999995], [48.0381559, 46.14112839999999], [48.03828959999999, 46.1413375], [48.0385457, 46.14172709999999], [48.0389394, 46.1422493], [48.0394095, 46.142699199999996], [48.0404319, 46.14366650000001], [48.04071679999999, 46.1438709], [48.0411973, 46.1440692], [48.0414066, 46.1442169], [48.04169379999999, 46.1445197], [48.041951499999996, 46.1448809], [48.04233469999999, 46.1454247], [48.0426224, 46.145931], [48.0428705, 46.1462941], [48.043102899999994, 46.1467145], [48.0432233, 46.14705239999999], [48.0433977, 46.14743980000001], [48.043497499999994, 46.1478123], [48.04349800000001, 46.1481536], [48.04342069999999, 46.148657], [48.043373, 46.149017699999995], [48.0433274, 46.1495154], [48.0431777, 46.15007829999999], [48.043079199999994, 46.15044549999999], [48.04300010000001, 46.1512171], [48.042867699999995, 46.1518088], [48.0428072, 46.15240899999999], [48.0427886, 46.15293019999999], [48.0468589, 46.1559329], [48.0544631, 46.149667400000006], [48.058814700000006, 46.151257799999996], [48.062926999999995, 46.1528324], [48.070068799999994, 46.1551324], [48.0777737, 46.1560639], [48.08755709999999, 46.1546406], [48.0910961, 46.15641279999999], [48.0962411, 46.1590969], [48.0984015, 46.1602725], [48.099017, 46.16057849999999], [48.09920389999999, 46.1592454], [48.099446799999996, 46.15801], [48.0998597, 46.156834399999994], [48.1004174, 46.155949699999994], [48.101122800000006, 46.1552109], [48.1017648, 46.154668199999996], [48.10246949999999, 46.154195], [48.1032452, 46.15372969999999], [48.1047335, 46.15310279999999], [48.1073135, 46.1521272], [48.10949339999999, 46.1515086], [48.110820399999994, 46.1511158], [48.112360599999995, 46.1506453], [48.11372909999999, 46.150225799999994], [48.11426929999999, 46.1500078], [48.11460009999999, 46.14971649999999], [48.1148329, 46.1493357], [48.115009799999996, 46.14892629999999], [48.1153247, 46.1486161], [48.115612799999994, 46.1484598], [48.11592989999999, 46.14842749999999], [48.11627399999999, 46.1485629], [48.116757, 46.1488437], [48.117401, 46.14927699999999], [48.1180712, 46.149717], [48.11861799999999, 46.1498853], [48.11917059999999, 46.149939399999994], [48.11987309999999, 46.149848999999996], [48.12054169999999, 46.14965579999999], [48.121206799999996, 46.1494317], [48.12180219999999, 46.1491749], [48.1223224, 46.148829799999994], [48.122698899999996, 46.1485142], [48.12293069999999, 46.148075399999996], [48.1229593, 46.1475263], [48.1227157, 46.1469116], [48.12253249999999, 46.1461651], [48.122481400000005, 46.1455276], [48.122609800000006, 46.1449409], [48.1228788, 46.1445524], [48.1233563, 46.1444285], [48.1246095, 46.1446005], [48.12633139999999, 46.1449058], [48.128271899999994, 46.1448169], [48.1296927, 46.144768299999996], [48.13152329999999, 46.1448543], [48.1322317, 46.1447522], [48.1359375, 46.143832999999994], [48.14354279999999, 46.1464614], [48.150068, 46.1484409], [48.15104049999999, 46.148360800000006], [48.153689099999994, 46.14866039999999], [48.155590399999994, 46.1488204], [48.156956, 46.1489504], [48.15708759999999, 46.1477706], [48.157649, 46.1470252], [48.1587067, 46.1462915], [48.1596987, 46.14552809999999], [48.1601651, 46.14431249999999], [48.160459599999996, 46.14301699999999], [48.16044159999999, 46.14205669999999], [48.1602288, 46.1411625], [48.16001429999999, 46.1399984], [48.1598328, 46.13849689999999], [48.15988779999999, 46.1377289], [48.160043, 46.1372289], [48.16050799999999, 46.13644159999999], [48.161048699999995, 46.13599429999999], [48.16155989999999, 46.135715499999996], [48.163377800000006, 46.1349942], [48.16450729999999, 46.1344881], [48.1660435, 46.13360500000001], [48.1674333, 46.1329521], [48.169062999999994, 46.1323627], [48.1711223, 46.1316725], [48.1723922, 46.1312154], [48.1735726, 46.13060399999999], [48.17427059999999, 46.1299123], [48.1745027, 46.129219899999995], [48.174746999999996, 46.1284904], [48.1754931, 46.12756589999999], [48.17659020000001, 46.1266574], [48.177900799999996, 46.12572529999999], [48.179437099999994, 46.124961899999995], [48.18182579999999, 46.1240338], [48.1868048, 46.122310799999994], [48.191581, 46.1201279], [48.1927052, 46.1197563], [48.1937772, 46.119617299999994], [48.1945703, 46.119648], [48.195308499999996, 46.1196925], [48.19599109999999, 46.11955509999999], [48.19658369999999, 46.119276500000005], [48.1970345, 46.11894169999999], [48.198069, 46.11757419999999], [48.2012978, 46.11528109999999], [48.2021344, 46.114988100000005], [48.20243119999999, 46.1149629], [48.20267069999999, 46.1150715], [48.202647199999994, 46.1152555], [48.20260609999999, 46.11558719999999], [48.2020709, 46.1167035], [48.2014682, 46.117551799999994], [48.200755699999995, 46.1186456], [48.2003326, 46.119955399999995], [48.2001145, 46.121693099999995], [48.200053399999994, 46.12337819999999], [48.1996723, 46.1250845], [48.199025899999995, 46.12686839999999], [48.1985137, 46.12835179999999], [48.19761449999999, 46.130157], [48.1969859, 46.1311911], [48.1966112, 46.1320519], [48.19662249999999, 46.1326136], [48.1968608, 46.1331351], [48.1974091, 46.13342000000001], [48.1982451, 46.1336431], [48.199367099999996, 46.13397439999999], [48.1997452, 46.1346143], [48.1997319, 46.13578759999999], [48.1995405, 46.136689800000006], [48.1992104, 46.13784609999999], [48.1985069, 46.138662], [48.1979506, 46.13944469999999], [48.1975829, 46.1405587], [48.1975023, 46.1413622], [48.1975835, 46.14224339999999], [48.1974942, 46.1430881], [48.1972257, 46.1443335], [48.1968403, 46.1453011], [48.19649369999999, 46.1464804], [48.1960434, 46.1475464], [48.19575989999999, 46.148426099999995], [48.1958029, 46.14907089999999], [48.195994299999995, 46.1495452], [48.196496599999996, 46.1504361], [48.19702829999999, 46.1510928], [48.197763599999995, 46.1517546], [48.1985582, 46.152511], [48.1990247, 46.1530771], [48.1991679, 46.15381339999999], [48.1991267, 46.1546245], [48.1993772, 46.15542820000001], [48.1997665, 46.15602079999999], [48.2003684, 46.156788600000006], [48.2009707, 46.15754840000001], [48.201441100000004, 46.1582683], [48.20158949999999, 46.159017], [48.2015808, 46.159879], [48.20155009999999, 46.160825700000004], [48.2016579, 46.1615741], [48.202045399999996, 46.162203], [48.2024828, 46.1628858], [48.2031741, 46.16361369999999], [48.20415369999999, 46.164750999999995], [48.20519399999999, 46.1658372], [48.2062091, 46.1667341], [48.2071082, 46.1672743], [48.2083716, 46.167871999999996], [48.2092551, 46.1683754], [48.209942, 46.1688497], [48.210457899999994, 46.1694817], [48.21071239999999, 46.1702086], [48.2107334, 46.17117669999999], [48.2105833, 46.171954500000005], [48.210280999999995, 46.17297549999999], [48.20964419999999, 46.1740449], [48.208636299999995, 46.17518629999999], [48.208123199999996, 46.1756539], [48.2074107, 46.1760292], [48.2066701, 46.1762661], [48.20578359999999, 46.1765076], [48.2050263, 46.176732], [48.2042388, 46.1772066], [48.20377529999999, 46.1777257], [48.2037821, 46.1782805], [48.2041018, 46.178758], [48.2046483, 46.17912760000001], [48.2054017, 46.17932819999999], [48.206548399999996, 46.179356299999995], [48.2073053, 46.179143999999994], [48.208166999999996, 46.17869949999999], [48.209120899999995, 46.1781641], [48.209800599999994, 46.1780916], [48.210752, 46.178293], [48.211389999999994, 46.1787013], [48.21202069999999, 46.17983009999999], [48.2126197, 46.1814237], [48.2133152, 46.182590499999996], [48.21369249999999, 46.18281549999999], [48.214133999999994, 46.18284249999999], [48.21469539999999, 46.18280769999999], [48.215587, 46.18238889999999], [48.219389099999994, 46.179733899999995], [48.2235148, 46.17647769999999], [48.2276592, 46.1722279], [48.2290612, 46.16938809999999], [48.2297526, 46.16751609999999], [48.230323899999995, 46.1660631], [48.23134889999999, 46.16465620000001], [48.233167599999994, 46.1635853], [48.235725499999994, 46.163095799999994], [48.2382781, 46.162647], [48.2412692, 46.1624435], [48.24313359999999, 46.1626528], [48.2454115, 46.16325929999999], [48.2507197, 46.16536469999999], [48.2543323, 46.1674349], [48.2604476, 46.1703738], [48.2650979, 46.1730449], [48.2686749, 46.175562299999996], [48.2611009, 46.1817111], [48.26079039999999, 46.183084199999996], [48.2626643, 46.184471699999996], [48.2637853, 46.1898076], [48.26828650000001, 46.1892292], [48.27598509999999, 46.1882218], [48.282092799999994, 46.1874555], [48.284805199999994, 46.1870816], [48.285402999999995, 46.1894307], [48.286429999999996, 46.1913701], [48.287236699999994, 46.1923613], [48.2886673, 46.19362799999999], [48.2902643, 46.194548899999994], [48.29146059999999, 46.194964999999996], [48.2927744, 46.1953582], [48.2954436, 46.196114], [48.298003699999995, 46.1966733], [48.299201499999995, 46.1967811], [48.300554399999996, 46.196862599999996], [48.3036241, 46.19695419999999], [48.30495809999999, 46.197027], [48.306499, 46.19723179999999], [48.30754199999999, 46.19751359999999], [48.30934229999999, 46.19812149999999], [48.309900299999995, 46.1984047], [48.312055099999995, 46.1998849], [48.315567099999996, 46.2024886], [48.31596869999999, 46.2026982], [48.318193099999995, 46.203433499999996], [48.319665199999996, 46.203642699999996], [48.3246098, 46.204781499999996], [48.32637629999999, 46.2049627], [48.3292109, 46.205016300000004], [48.33078609999999, 46.2051834], [48.332092, 46.2054235], [48.3328931, 46.205699499999994], [48.334383, 46.2065095], [48.3351837, 46.2067951], [48.34002519999999, 46.208169], [48.3405535, 46.20820990000001], [48.342278, 46.208113499999996], [48.3440822, 46.20770759999999], [48.3454356, 46.2075388], [48.3463861, 46.2073735], [48.3474476, 46.2070805], [48.34846819999999, 46.2065991], [48.3513111, 46.205600800000006], [48.35181450000001, 46.205504499999996], [48.3523272, 46.2054972], [48.3543252, 46.205622999999996], [48.3556308, 46.20578019999999], [48.3579807, 46.205516900000006], [48.3582758, 46.20556499999999], [48.3592567, 46.206004], [48.36012349999999, 46.2061542], [48.360466699999996, 46.2061526], [48.3613006, 46.2060321], [48.363008699999995, 46.205385299999996], [48.364597, 46.205179799999996], [48.365346599999995, 46.2050041], [48.3697788, 46.2083478], [48.3741829, 46.2026663], [48.3764284, 46.2009684], [48.380074799999996, 46.1966644], [48.3825653, 46.194491899999996], [48.3941901, 46.18780999999999], [48.398525299999996, 46.1858619], [48.4047411, 46.1844451], [48.4081416, 46.18285029999999], [48.4105996, 46.1804171], [48.413662200000005, 46.1788886], [48.4166586, 46.177123], [48.4210734, 46.1750899], [48.422094, 46.174515199999995], [48.423539, 46.1737387], [48.42477559999999, 46.1732938], [48.42666189999999, 46.172875899999994], [48.4280395, 46.1727835], [48.43230899999999, 46.172787799999995], [48.435251599999994, 46.1726372], [48.436853299999996, 46.17276549999999], [48.44097289999999, 46.17195559999999], [48.4441442, 46.1710987], [48.4486587, 46.169881], [48.4509252, 46.1690611], [48.4516724, 46.1687621], [48.45232690000001, 46.168337699999995], [48.4535597, 46.1682134], [48.45486060000001, 46.1681251], [48.456815, 46.1676956], [48.4583771, 46.16716900000001], [48.460066999999995, 46.16587049999999], [48.4636961, 46.162348099999996], [48.4602999, 46.1611777], [48.45796899999999, 46.1597668], [48.457337599999995, 46.15969410000001], [48.439638599999995, 46.150421599999994], [48.4459223, 46.144720799999995], [48.451095200000005, 46.13929579999999], [48.46204089999999, 46.1379158], [48.4682804, 46.134270199999996], [48.477684399999994, 46.1158812], [48.4876655, 46.09785109999999], [48.4885604, 46.0964432], [48.487517399999994, 46.09648179999999], [48.4856802, 46.0962924], [48.48455849999999, 46.095740199999995], [48.4855375, 46.0935347], [48.48672049999999, 46.0919829], [48.4906786, 46.088473900000004], [48.49428480000001, 46.08465859999999], [48.49746939999999, 46.0823038], [48.4988839, 46.08088459999999], [48.49995719999999, 46.07941619999999], [48.500251899999995, 46.0772549], [48.5004155, 46.0745463], [48.5014189, 46.073220199999994], [48.5027258, 46.07227579999999], [48.504402799999994, 46.07190349999999], [48.50893489999999, 46.069382], [48.5151676, 46.0675099], [48.518524199999995, 46.0664323], [48.521711200000006, 46.0652112], [48.52274739999999, 46.0639564], [48.52347079999999, 46.0632943], [48.5248775, 46.062564], [48.527069899999994, 46.0617897], [48.5288139, 46.06148879999999], [48.5303195, 46.0611391], [48.532032599999994, 46.06048139999999], [48.533638499999995, 46.060346], [48.5352413, 46.060543499999994], [48.53633229999999, 46.06069099999999], [48.5372143, 46.061312799999996], [48.53782259999999, 46.061981], [48.5386739, 46.0622225], [48.53971, 46.0622651], [48.5411336, 46.0620672], [48.5438044, 46.0612234], [48.545715200000004, 46.0613269], [48.546913499999995, 46.0609519], [48.5479758, 46.0605288], [48.5486236, 46.06062669999999], [48.54903989999999, 46.0598934], [48.5496161, 46.05919409999999], [48.549799199999995, 46.0583402], [48.5494573, 46.0573621], [48.549378399999995, 46.0563851], [48.550314099999994, 46.05471049999999], [48.5508057, 46.0536749], [48.55085799999999, 46.052729], [48.55069089999999, 46.0518127], [48.5523663, 46.0507518], [48.55329689999999, 46.0496266], [48.554143599999996, 46.0480736], [48.5553752, 46.04759059999999], [48.5562121, 46.0471365], [48.55683059999999, 46.04658979999999], [48.5582353, 46.046351599999994], [48.559690599999996, 46.04535069999999], [48.560305199999995, 46.0452313], [48.5598257, 46.0438231], [48.5625889, 46.038421099999994], [48.56427299999999, 46.0346442], [48.567770599999996, 46.02133129999999], [48.56632669999999, 46.0182285], [48.5657977, 46.01807170000001], [48.56557209999999, 46.01730779999999], [48.565745099999994, 46.01649909999999], [48.5660828, 46.015829999999994], [48.5666523, 46.0152313], [48.567123599999995, 46.01447029999999], [48.56784079999999, 46.0121379], [48.5679859, 46.010704999999994], [48.56757009999999, 46.00892279999999], [48.5673179, 46.0073956], [48.5677907, 46.0064496], [48.568334799999995, 46.004925899999996], [48.568777299999994, 45.9998177], [48.5705855, 45.9959754], [48.57177070000001, 45.9951132], [48.5745973, 45.994315799999995], [48.5761586, 45.994091], [48.5777832, 45.99419019999999], [48.5781171, 45.993937300000006], [48.57822409999999, 45.993059099999996], [48.578626899999996, 45.9925058], [48.580189, 45.99216539999999], [48.5808922, 45.9913821], [48.5818208, 45.9894552], [48.582730999999995, 45.987724699999994], [48.58338139999999, 45.9853227], [48.58306569999999, 45.98342539999999], [48.5832533, 45.9808364], [48.5833803, 45.9797301], [48.5825275, 45.97733160000001], [48.58188899999999, 45.976783999999995], [48.5820361, 45.9765794], [48.58233799999999, 45.976582], [48.58313429999999, 45.9762703], [48.582280600000004, 45.9757364], [48.58143319999999, 45.97456569999999], [48.5804597, 45.972440000000006], [48.5800911, 45.971675399999995], [48.5774738, 45.969368499999995], [48.575586300000005, 45.9683744], [48.574562199999995, 45.9677271], [48.5744563, 45.9646161], [48.572769599999994, 45.96246119999999], [48.5717785, 45.95988599999999], [48.5715868, 45.95786], [48.57131729999999, 45.957195899999995], [48.5699117, 45.9558436], [48.56921899999999, 45.954691], [48.56853589999999, 45.9531415], [48.567654, 45.9496462], [48.56802439999999, 45.94783399999999], [48.5694821, 45.946010099999995], [48.57211970000001, 45.9443388], [48.5729634, 45.9425898], [48.5730067, 45.9401554], [48.573597299999996, 45.9373785], [48.5747693, 45.931837300000005], [48.5757678, 45.9316616], [48.5802304, 45.9263987], [48.5859318, 45.91760579999999], [48.617653999999995, 45.8720618], [48.62135219999999, 45.86631679999999], [48.6205423, 45.852930699999995], [48.6182027, 45.832830699999995], [48.6167277, 45.812598799999996], [48.61398619999999, 45.7982327], [48.6099262, 45.7778899], [48.6040684, 45.7489873], [48.599776199999994, 45.7286773], [48.5952965, 45.70826559999999], [48.59086589999999, 45.688055399999996], [48.5862933, 45.66801159999999], [48.5326303, 45.667868299999995], [48.485150499999996, 45.6677009], [48.294390699999994, 45.6666016], [48.2098119, 45.665883699999995], [48.16672129999999, 45.6656881], [48.100535, 45.6656709], [48.06283689999999, 45.6654816], [48.025984199999996, 45.6648314], [48.026381, 45.6188351], [48.026854, 45.5979077], [48.026067499999996, 45.58196259999999], [48.024329900000005, 45.54326869999999], [48.023862599999994, 45.53256819999999], [48.021801499999995, 45.512550899999994], [47.91651689999999, 45.5124074], [47.91719909999999, 45.522413], [47.917567399999996, 45.547995699999994], [47.914954099999996, 45.56820059999999], [47.91454399999999, 45.59400759999999], [47.9132485, 45.60345099999999], [47.91626769999999, 45.612589099999994], [47.918244599999994, 45.624119099999994], [47.9173253, 45.6258932], [47.90442, 45.63847599999999], [47.89573089999999, 45.64993749999999], [47.89008729999999, 45.66367689999999], [47.88018459999999, 45.6800086], [47.873751199999994, 45.6888948], [47.8726677, 45.7017417], [47.8718345, 45.7090658], [47.87353720000001, 45.7096259], [47.87483389999999, 45.7111121], [47.876167499999994, 45.71323389999999], [47.8771479, 45.7141977], [47.87589650000001, 45.7184477], [47.8759897, 45.7199449], [47.877144, 45.7222979], [47.8763518, 45.725777099999995], [47.8775516, 45.7292777], [47.876841399999996, 45.7315349], [47.8753174, 45.732897599999994], [47.872989499999996, 45.7357024], [47.8722368, 45.73728349999999], [47.8721976, 45.739269699999994], [47.8718287, 45.740922299999994], [47.8723956, 45.7428662], [47.8700999, 45.7498531], [47.8723955, 45.7509357], [47.8717008, 45.7527991], [47.86966559999999, 45.7555141], [47.8689507, 45.757966599999996], [47.86929080000001, 45.7587816], [47.8699759, 45.7607321], [47.8695671, 45.7619524], [47.870107399999995, 45.762909], [47.87153519999999, 45.7640826], [47.87145709999999, 45.76474129999999], [47.8701755, 45.7663241], [47.86999649999999, 45.7669467], [47.87058079999999, 45.7676482], [47.87139959999999, 45.768324199999995], [47.869937199999995, 45.7703695], [47.86866199999999, 45.7716402], [47.8680237, 45.7729436], [47.866701, 45.7740266], [47.86619139999999, 45.7746548], [47.8649119, 45.776665], [47.8630612, 45.7780187], [47.860715299999995, 45.7811325], [47.8586063, 45.78379360000001], [47.8566105, 45.785603599999995], [47.85292329999999, 45.78831629999999], [47.85114409999999, 45.7901439], [47.8502235, 45.79264799999999], [47.85141099999999, 45.796110899999995], [47.85201729999999, 45.7969882], [47.852891699999994, 45.79753989999999], [47.8535621, 45.7998726], [47.853618399999995, 45.800725299999996], [47.85315179999999, 45.80112969999999], [47.852727599999994, 45.801355599999994], [47.85125829999999, 45.8038297], [47.85018380000001, 45.80402360000001], [47.849353, 45.8052717], [47.8486749, 45.80599519999999], [47.8478833, 45.80667329999999], [47.8469888, 45.80735039999999], [47.8471096, 45.8094115], [47.84686609999999, 45.81035909999999], [47.84492049999999, 45.812222999999996], [47.8431541, 45.8153183], [47.8417937, 45.81673789999999], [47.83997449999999, 45.8175325], [47.8380405, 45.81851939999999], [47.836340099999994, 45.819862500000006], [47.8352528, 45.821401099999996], [47.834013, 45.8236156], [47.83464579999999, 45.8245471], [47.8359231, 45.8252782], [47.8358161, 45.827602899999995], [47.835276, 45.8305667], [47.83583449999999, 45.8328786], [47.83582270000001, 45.83471930000001], [47.834643899999996, 45.837903399999995], [47.8339369, 45.8382729], [47.83245929999999, 45.8388005], [47.83068479999999, 45.8402445], [47.82927109999999, 45.8427297], [47.829146, 45.843386900000006], [47.828399899999994, 45.8445415], [47.8287014, 45.845000799999994], [47.82940979999999, 45.8452756], [47.8309956, 45.84505320000001], [47.831628, 45.8452731], [47.83217429999999, 45.8456667], [47.83411689999999, 45.8480906], [47.83334409999999, 45.849225], [47.827880699999994, 45.85308119999999], [47.822805, 45.8583541], [47.8207292, 45.8585926], [47.819241399999996, 45.8593764], [47.81822979999999, 45.8608113], [47.8160516, 45.8625845], [47.8134439, 45.85787959999999], [47.813483, 45.8561157], [47.81342639999999, 45.855420599999995], [47.8124988, 45.8543408], [47.81230819999999, 45.8535865], [47.812577399999995, 45.853119799999995], [47.8078484, 45.8499897], [47.803018699999996, 45.8475322], [47.8004866, 45.84809559999999], [47.799360199999995, 45.8485511], [47.79813, 45.8489242], [47.79745249999999, 45.8493497], [47.79711240000001, 45.8495633], [47.7952336, 45.8503081], [47.7928473, 45.850715799999996], [47.7927724, 45.85072859999999], [47.7902095, 45.850950000000005], [47.79002679999999, 45.8509658], [47.78622909999999, 45.85105269999999], [47.784052900000006, 45.8510002], [47.7817159, 45.8507562], [47.78086379999999, 45.8505997], [47.78020529999999, 45.8508479], [47.7751142, 45.8510041], [47.77269749999999, 45.8512791], [47.7715503, 45.851606999999994], [47.77055299999999, 45.851801699999996], [47.7690574, 45.8525449], [47.7675709, 45.8532272], [47.766272, 45.85371069999999], [47.76479139999999, 45.8541372], [47.762535, 45.8546522], [47.76255379999999, 45.85493929999999], [47.762585099999995, 45.8554186], [47.7626249, 45.8560271], [47.76476389999999, 45.8617442], [47.76480839999999, 45.86186299999999], [47.764722299999995, 45.8624586], [47.76527000000001, 45.863703799999996], [47.76682709999999, 45.8684274], [47.767538099999996, 45.86930569999999], [47.7696035, 45.8706538], [47.77039289999999, 45.871483299999994], [47.7709694, 45.87216469999999], [47.772663, 45.8741663], [47.77363079999999, 45.8748639], [47.775286699999995, 45.87550269999999], [47.7796467, 45.8765734], [47.7824418, 45.8780879], [47.7852052, 45.8804783], [47.7878874, 45.8827094], [47.79003039999999, 45.8837484], [47.792962499999994, 45.88454699999999], [47.7948117, 45.88452989999999], [47.7997478, 45.88969589999999], [47.8052266, 45.8945014], [47.814302999999995, 45.901580499999994], [47.819349499999994, 45.9033078], [47.81927410000001, 45.9043165], [47.8137503, 45.907721599999995], [47.8101042, 45.9111815], [47.8077883, 45.9154623], [47.8061734, 45.9186762], [47.8044856, 45.920777199999996], [47.80330769999999, 45.92177459999999], [47.801226099999994, 45.92287619999999], [47.79200089999999, 45.9267086], [47.78903390000001, 45.928949900000006], [47.786657999999996, 45.930208], [47.783326, 45.9319376], [47.77961749999999, 45.93553510000001], [47.7749617, 45.9427362], [47.77273939999999, 45.94538059999999], [47.7704611, 45.9497509], [47.7688662, 45.957253699999995], [47.7682105, 45.9606716], [47.7668819, 45.9649393], [47.7655184, 45.9706786], [47.76390570000001, 45.97744879999999], [47.7642977, 45.980086], [47.76787100000001, 45.98608419999999], [47.76815739999999, 45.9874101], [47.7682217, 45.9895524], [47.7681244, 45.9901289], [47.7676655, 45.9903728], [47.7675358, 45.990382999999994], [47.76638909999999, 45.99047339999999], [47.763513399999994, 45.9905692], [47.7624359, 45.9906639], [47.759251000000006, 45.991389299999994], [47.75777849999999, 45.9917008], [47.7556885, 45.991817100000006], [47.755560599999995, 45.99183620000001], [47.7545977, 45.99197989999999], [47.7543557, 45.9922749], [47.7543418, 45.992375499999994], [47.75418629999999, 45.99350230000001], [47.7541655, 45.993652899999994], [47.7544482, 45.9937074], [47.7549506, 45.99380419999999], [47.7573062, 45.99388189999999], [47.75744509999999, 45.9938865], [47.7595483, 45.994257499999996], [47.761345199999994, 45.9950242], [47.76321579999999, 45.997106099999996], [47.7656214, 45.9993768], [47.76572169999999, 45.9999492], [47.765570499999995, 46.00044599999999], [47.765978, 46.00242039999999], [47.7659937, 46.0024966], [47.76587529999999, 46.00421], [47.76550610000001, 46.004646199999996], [47.76492389999999, 46.005334100000006], [47.76481299999999, 46.0054651], [47.765436599999994, 46.00673019999999], [47.76551070000001, 46.007524000000004], [47.7657295, 46.0078305], [47.76736079999999, 46.0084769], [47.768449999999994, 46.0095057], [47.76973159999999, 46.0105907], [47.7703934, 46.01100739999999], [47.770939299999995, 46.0114502], [47.7719461, 46.0121799], [47.7721905, 46.012357], [47.7735125, 46.0121534], [47.7739276, 46.0122922], [47.77396819999999, 46.01309080000001], [47.774307300000004, 46.01369269999999], [47.7743459, 46.0137324], [47.77509559999999, 46.0145049], [47.7753614, 46.0149348], [47.7759099, 46.0158221], [47.7760544, 46.0169058], [47.77613899999999, 46.0175404], [47.7757754, 46.018373399999994], [47.775661899999996, 46.018633599999994], [47.7757123, 46.0190934], [47.7757847, 46.01975319999999], [47.776204, 46.020141499999994], [47.7770845, 46.0205402], [47.77762859999999, 46.0211116], [47.7784663, 46.0215807], [47.7785602, 46.02205579999999], [47.77813449999999, 46.0226485], [47.77817869999999, 46.02273989999999], [47.778276299999995, 46.02294160000001], [47.7787599, 46.023343], [47.7787616, 46.0237704], [47.77872229999999, 46.0238373], [47.77596489999999, 46.0285272], [47.7739855, 46.03174289999999], [47.7735, 46.0324526], [47.7726167, 46.03392449999999], [47.771512699999995, 46.0359381], [47.7707772, 46.0365569], [47.769222299999996, 46.0374668], [47.766422, 46.0391965], [47.76607599999999, 46.039347299999996], [47.7647446, 46.042161799999995], [47.7647591, 46.04876869999999], [47.773125099999994, 46.050626099999995], [47.7782163, 46.05090710000001], [47.788607799999994, 46.052107799999995], [47.79138199999999, 46.05993699999999], [47.796428899999995, 46.0668857], [47.8005601, 46.067335799999995], [47.8027723, 46.0673092], [47.8072352, 46.066145799999994], [47.810255299999994, 46.065956099999994], [47.812485599999995, 46.0655318], [47.8141825, 46.065256299999994], [47.815155299999994, 46.0652229], [47.8162409, 46.0652871], [47.8171342, 46.065280699999995], [47.8181276, 46.0651396], [47.819036, 46.0648041], [47.8202782, 46.06394759999999], [47.82047839999999, 46.06375500000001], [47.820585599999994, 46.0636805], [47.82087489999999, 46.0634797], [47.821335000000005, 46.06347259999999], [47.8215792, 46.063622699999996], [47.821647899999995, 46.0640203], [47.821549299999994, 46.0655244], [47.8219286, 46.0661224], [47.82414369999999, 46.06699699999999], [47.8243612, 46.067560799999995], [47.824043100000004, 46.06842369999999], [47.82389899999999, 46.069656599999995], [47.82279359999999, 46.0716662], [47.823049399999995, 46.0722449], [47.8245497, 46.07353], [47.82542409999999, 46.0756251], [47.82817099999999, 46.082018100000006], [47.829102899999995, 46.0842155], [47.828613600000004, 46.0926804], [47.830802199999994, 46.0927204], [47.833638099999995, 46.0937617], [47.834877999999996, 46.09504280000001], [47.83466339999999, 46.0967761], [47.83316959999999, 46.09821659999999], [47.831421399999996, 46.09906320000001], [47.82812199999999, 46.1001509], [47.826649599999996, 46.1010329], [47.825823299999996, 46.10291689999999], [47.8258655, 46.105115399999995], [47.82614829999999, 46.1069144], [47.8270796, 46.108577399999994], [47.828779899999994, 46.10987899999999], [47.8292718, 46.11302439999999], [47.830425399999996, 46.1146457], [47.832673699999994, 46.1162096], [47.834763, 46.1176602], [47.834853, 46.119011699999994], [47.83364929999999, 46.1207649], [47.831073499999995, 46.122705399999994], [47.8289287, 46.1235476], [47.825851799999995, 46.1230814], [47.824153599999995, 46.12271], [47.8227571, 46.1232401], [47.8217109, 46.1243523], [47.8204911, 46.1254771], [47.8188218, 46.1258763], [47.8172146, 46.1255374], [47.8159847, 46.12476819999999], [47.8139604, 46.12354469999999], [47.811960299999996, 46.1232499], [47.8092891, 46.12355339999999], [47.8066086, 46.12499559999999], [47.80592179999999, 46.1272337], [47.80651569999999, 46.12904429999999], [47.8078197, 46.12990539999999], [47.8117538, 46.131268899999995], [47.81454999999999, 46.13196729999999], [47.814522999999994, 46.13323389999999], [47.8145144, 46.133641299999994], [47.8177256, 46.1344783], [47.82263009999999, 46.13518439999999], [47.826119399999996, 46.135407099999995], [47.83136390000001, 46.1352797], [47.8352115, 46.1347016], [47.8369065, 46.1339418], [47.8377097, 46.13237039999999], [47.8388073, 46.13178849999999], [47.8404974, 46.131734699999996], [47.8426992, 46.1321193], [47.8451065, 46.13296389999999], [47.848400299999994, 46.1351326], [47.8513797, 46.13816419999999], [47.8561414, 46.144086900000005], [47.8579092, 46.1455164], [47.8682759, 46.1495734], [47.87242549999999, 46.1519267], [47.8753031, 46.154379899999995], [47.8766825, 46.1568002], [47.8771969, 46.1586339], [47.8764369, 46.160663], [47.8737096, 46.16294479999999], [47.86947, 46.166750199999996], [47.865334999999995, 46.16900809999999], [47.8625633, 46.17061530000001], [47.86178559999999, 46.172300299999996], [47.861745, 46.1736711], [47.86313940000001, 46.17487260000001], [47.866890399999996, 46.1765166], [47.8699253, 46.177984599999995], [47.87453260000001, 46.180832099999996], [47.8774842, 46.1819876], [47.8791211, 46.18271649999999], [47.8798733, 46.1832138], [47.880956899999994, 46.1849175], [47.88259709999999, 46.18646700000001], [47.884423, 46.18836369999999], [47.88502369999999, 46.1885947], [47.88718089999999, 46.189249999999994], [47.8905069, 46.189829], [47.89253089999999, 46.190723999999996], [47.8937905, 46.1912577], [47.895387899999996, 46.1916192], [47.8965455, 46.1920798], [47.89718169999999, 46.1925677], [47.897325200000004, 46.1934507], [47.8970835, 46.19447569999999], [47.8965143, 46.195859], [47.8971195, 46.19665679999999], [47.898687, 46.197181], [47.901632199999995, 46.19825590000001], [47.902704799999995, 46.19926079999999], [47.90348949999999, 46.200028], [47.9036372, 46.2010236], [47.9025677, 46.2018603], [47.9002551, 46.2019774], [47.89836809999999, 46.20240869999999], [47.898322, 46.2034001], [47.8993626, 46.2048167], [47.9043163, 46.207265199999995], [47.9100303, 46.2094604]]]]}}, {"type": "Feature", "properties": {"id": "mo-12630000", "name": "Красноярский муниципальный район", "region": "Астраханская область", "isCity": false, "sourceOktmo": "12-630-000-000", "sourceAgg": "Астрахань", "excelNames": ["Красноярский муниципальный район"], "oktmo": "12630000", "vgp": [{"year": 2019, "value": 81016815.01949528}, {"year": 2020, "value": 85241841.66557856}, {"year": 2021, "value": 78065818.71112351}, {"year": 2022, "value": 140591929.56465793}, {"year": 2023, "value": 147380285.7406695}, {"year": 2024, "value": 146950413.6858621}], "population": [{"year": 2019, "value": 36881.0}, {"year": 2020, "value": 36641.0}, {"year": 2021, "value": 36565.0}, {"year": 2022, "value": 36368.0}, {"year": 2023, "value": 36117.0}, {"year": 2024, "value": 35860.0}, {"year": 2025, "value": 35716.0}], "shipments": [{"year": 2019, "value": 55751156.3}, {"year": 2020, "value": 56877946.6}, {"year": 2021, "value": 51233136.2}, {"year": 2022, "value": 63333200.7}, {"year": 2023, "value": 67347146.0}, {"year": 2024, "value": 66895607.6}], "employees": [{"year": 2019, "value": 13099.0}, {"year": 2020, "value": 13304.0}, {"year": 2021, "value": 12626.0}, {"year": 2022, "value": 12558.0}, {"year": 2023, "value": 12747.0}, {"year": 2024, "value": 11862.0}], "investments": [{"year": 2019, "value": 4166051.0}, {"year": 2020, "value": 10245810.0}, {"year": 2021, "value": 10132609.0}, {"year": 2022, "value": 16384363.0}, {"year": 2023, "value": 15258359.0}, {"year": 2024, "value": 11841070.0}], "vgp2024": 146950413.6858621, "pop2024": 35860.0, "ship2024": 66895607.6, "emp2024": 11862.0, "inv2024": 11841070.0}, "geometry": {"type": "MultiPolygon", "coordinates": [[[[48.244703, 46.4398529], [48.244771699999994, 46.4425162], [48.2444848, 46.44441419999999], [48.244657499999995, 46.44487689999999], [48.244694, 46.4454025], [48.2446272, 46.4458735], [48.2447326, 46.4460514], [48.2451185, 46.4464482], [48.24531499999999, 46.44671670000001], [48.2453496, 46.44702010000001], [48.245252699999995, 46.447501700000004], [48.24512969999999, 46.4484301], [48.24479709999999, 46.4492734], [48.24408249999999, 46.4503353], [48.2429193, 46.4519824], [48.2420249, 46.4532292], [48.240395799999995, 46.45459679999999], [48.238907299999994, 46.455789], [48.2366729, 46.45828209999999], [48.23461249999999, 46.4602673], [48.232800899999994, 46.4618026], [48.231502, 46.46326049999999], [48.2311009, 46.4638757], [48.230252799999995, 46.4650445], [48.2296086, 46.466149099999996], [48.2292811, 46.466978], [48.228272399999994, 46.4682626], [48.22740989999999, 46.4694214], [48.2267423, 46.4704367], [48.225751, 46.4720156], [48.2253853, 46.4723512], [48.22449339999999, 46.4726074], [48.22402579999999, 46.4724421], [48.21576989999999, 46.46993890000001], [48.20528589999999, 46.4667546], [48.1999654, 46.46513819999999], [48.196051, 46.4639467], [48.19518719999999, 46.46357139999999], [48.1939812, 46.464097699999996], [48.1925754, 46.464581], [48.19165159999999, 46.46479539999999], [48.1908524, 46.4647894], [48.1902961, 46.4646467], [48.189659999999996, 46.4643657], [48.188866399999995, 46.4640008], [48.18814919999999, 46.4639126], [48.18583039999999, 46.463922999999994], [48.1839921, 46.464171799999995], [48.18254550000001, 46.46459889999999], [48.1819626, 46.464901299999994], [48.1813531, 46.4654913], [48.18104919999999, 46.465930699999994], [48.180804499999994, 46.4660943], [48.1807511, 46.466908999999994], [48.1808007, 46.467558], [48.181305699999996, 46.4684677], [48.1814094, 46.4694806], [48.181174799999994, 46.470390099999996], [48.1808069, 46.470929700000006], [48.1799962, 46.471635199999994], [48.17892849999999, 46.4721245], [48.17777279999999, 46.47241890000001], [48.1749677, 46.47285349999999], [48.17413969999999, 46.4734131], [48.173302, 46.4741713], [48.17286909999999, 46.4749344], [48.1722387, 46.4755926], [48.1712667, 46.476361499999996], [48.17075499999999, 46.4769999], [48.1702183, 46.4774168], [48.16889979999999, 46.4780247], [48.1683583, 46.4782517], [48.16788, 46.4786834], [48.167357, 46.47945300000001], [48.1656832, 46.4811673], [48.165264900000004, 46.4815069], [48.1649924, 46.48160819999999], [48.16451489999999, 46.48150100000001], [48.16418709999999, 46.48139509999999], [48.163995899999996, 46.4814619], [48.1638334, 46.4816064], [48.1635254, 46.482124], [48.1633194, 46.4828601], [48.1629183, 46.4834993], [48.1603158, 46.485448299999995], [48.1600209, 46.4858013], [48.15996599999999, 46.4860492], [48.1600002, 46.4864291], [48.1600536, 46.48682989999999], [48.1599566, 46.48702879999999], [48.159683199999996, 46.4872615], [48.15915079999999, 46.48740219999999], [48.1583909, 46.487355799999996], [48.15707559999999, 46.4871098], [48.1561618, 46.4867581], [48.15548239999999, 46.48665559999999], [48.15447319999999, 46.4866414], [48.1537823, 46.4867602], [48.1528384, 46.48705679999999], [48.1523132, 46.487391], [48.151790500000004, 46.48757309999999], [48.150642899999994, 46.4880588], [48.149774400000005, 46.4885972], [48.1490372, 46.4892283], [48.148705299999996, 46.48992379999999], [48.1484666, 46.490498499999994], [48.14806879999999, 46.4910028], [48.1470391, 46.491908599999995], [48.145376399999996, 46.4932863], [48.1450167, 46.4940805], [48.144761499999994, 46.49501939999999], [48.14442319999999, 46.4973458], [48.1441963, 46.49838129999999], [48.14378059999999, 46.4991723], [48.14288, 46.500533499999996], [48.1408773, 46.503990099999996], [48.1404438, 46.5054566], [48.140447699999996, 46.506390399999994], [48.14086669999999, 46.5094685], [48.14129849999999, 46.5117048], [48.14151079999999, 46.5127718], [48.142327099999996, 46.51408899999999], [48.1424547, 46.51445069999999], [48.142372599999995, 46.5148795], [48.14240029999999, 46.5150424], [48.1431247, 46.5162065], [48.14329219999999, 46.516676], [48.1432972, 46.51703570000001], [48.14318479999999, 46.5173429], [48.14316469999999, 46.51758449999999], [48.1432807, 46.5177451], [48.14349240000001, 46.51789039999999], [48.1458239, 46.5188735], [48.1475007, 46.519547], [48.14914999999999, 46.5201638], [48.151235299999996, 46.5210239], [48.1525281, 46.521262699999994], [48.15292809999999, 46.5215843], [48.1536772, 46.5219968], [48.15378379999999, 46.52217389999999], [48.1538164, 46.52264830000001], [48.153867700000006, 46.523174], [48.1538414, 46.5240599], [48.1539349, 46.5244745], [48.15419409999999, 46.5248153], [48.1543835, 46.52516979999999], [48.1546729, 46.5256416], [48.155004399999996, 46.526171399999996], [48.15540380000001, 46.526689999999995], [48.155896899999995, 46.52714279999999], [48.1566187, 46.52763689999999], [48.1569426, 46.5280739], [48.15700309999999, 46.528286099999995], [48.15718100000001, 46.5289583], [48.15714229999999, 46.5293304], [48.15699039999999, 46.5296126], [48.1566744, 46.5299619], [48.15589969999999, 46.530610599999996], [48.1558221, 46.53085029999999], [48.156115699999994, 46.5312345], [48.1566433, 46.531524], [48.15749869999999, 46.53179899999999], [48.15804349999999, 46.53188469999999], [48.158357499999994, 46.5318598], [48.158997, 46.53178460000001], [48.15925940000001, 46.5318115], [48.1593739, 46.5319433], [48.1592637, 46.532155100000004], [48.1590899, 46.532260699999995], [48.157980599999995, 46.5327807], [48.157055099999994, 46.5334082], [48.15686339999999, 46.5336096], [48.1566666, 46.5338562], [48.15644629999999, 46.5342851], [48.1560228, 46.5349877], [48.1556477, 46.53539750000001], [48.1551144, 46.5357776], [48.1545532, 46.5360809], [48.153563399999996, 46.5364456], [48.1529011, 46.536580799999996], [48.1519825, 46.5367464], [48.1507428, 46.5369949], [48.1497153, 46.5371076], [48.148907099999995, 46.53720369999999], [48.1481927, 46.53738], [48.147728, 46.5375511], [48.1468372, 46.53806329999999], [48.1453505, 46.5391281], [48.143651199999994, 46.5404522], [48.14235999999999, 46.54094299999999], [48.14029879999999, 46.5414495], [48.13975849999999, 46.54166579999999], [48.13919429999999, 46.5420592], [48.13869789999999, 46.5422186], [48.1382435, 46.5422581], [48.1374117, 46.5422539], [48.1371027, 46.5422669], [48.13686969999999, 46.5423417], [48.136064999999995, 46.54276870000001], [48.135077499999994, 46.5431898], [48.1342202, 46.54342559999999], [48.1339591, 46.5435569], [48.133799399999994, 46.5440368], [48.1334927, 46.544287100000005], [48.1334948, 46.544779199999994], [48.1331485, 46.5451363], [48.1333918, 46.545481], [48.1333663, 46.54567419999999], [48.1330723, 46.5458715], [48.1329808, 46.5459506], [48.132837, 46.5461688], [48.13276369999999, 46.5464353], [48.13275529999999, 46.54674489999999], [48.1328586, 46.547540999999995], [48.132908199999996, 46.5478151], [48.1328544, 46.5480126], [48.130773, 46.550657], [48.1300565, 46.5513676], [48.1278706, 46.55290649999999], [48.124613499999995, 46.5538504], [48.1236652, 46.5539608], [48.122911499999994, 46.553884499999995], [48.1214394, 46.5532155], [48.11853249999999, 46.5510247], [48.1172715, 46.5506082], [48.1160385, 46.5505698], [48.1151892, 46.5509528], [48.1148785, 46.5512711], [48.1151491, 46.551839199999996], [48.115498599999995, 46.55229], [48.11570619999999, 46.55280629999999], [48.1156459, 46.5537369], [48.1157149, 46.554121599999995], [48.1161298, 46.554870699999995], [48.1162223, 46.55601479999999], [48.116242, 46.556846199999995], [48.116576099999996, 46.5579539], [48.1164001, 46.558431899999995], [48.1161353, 46.5593658], [48.1161568, 46.5600128], [48.11358979999999, 46.56016199999999], [48.10869649999999, 46.56031529999999], [48.10232719999999, 46.56084969999999], [48.1018832, 46.56248659999999], [48.10167249999999, 46.562908], [48.1013856, 46.56318569999999], [48.10152589999999, 46.5633564], [48.101560299999996, 46.563524599999994], [48.105194499999996, 46.567321699999994], [48.108877099999994, 46.5722396], [48.11281519999999, 46.577642899999994], [48.1128406, 46.57836189999999], [48.1100629, 46.5783022], [48.10850630000001, 46.5784603], [48.1032575, 46.5784098], [48.1015164, 46.5785267], [48.0980889, 46.5794374], [48.0960578, 46.58089579999999], [48.09571749999999, 46.5812435], [48.09501959999999, 46.5811636], [48.0946318, 46.5803171], [48.0932718, 46.5789411], [48.09245560000001, 46.5774337], [48.0899127, 46.5747127], [48.08910999999999, 46.5738523], [48.088485399999996, 46.5734674], [48.0862226, 46.5718201], [48.085233, 46.5709104], [48.084941, 46.5703115], [48.0845788, 46.5694061], [48.0838877, 46.56880739999999], [48.083008099999994, 46.5683907], [48.0817077, 46.567947], [48.0777567, 46.567078599999995], [48.076375999999996, 46.56690319999999], [48.07377009999999, 46.5670375], [48.072321499999994, 46.5670528], [48.0715895, 46.5670725], [48.0706671, 46.5669065], [48.070121799999995, 46.5669535], [48.070020299999996, 46.5671653], [48.06973899999999, 46.5672985], [48.0687661, 46.5672124], [48.06549569999999, 46.5672899], [48.06235579999999, 46.5672193], [48.0613304, 46.5671089], [48.0606449, 46.5669539], [48.059758699999996, 46.566578699999994], [48.058727700000006, 46.565988299999994], [48.05790699999999, 46.5653611], [48.05712059999999, 46.56448499999999], [48.056298, 46.563432799999994], [48.055855, 46.5623966], [48.0557807, 46.561802], [48.055770499999994, 46.56089039999999], [48.055581499999995, 46.5603553], [48.0552191, 46.5598249], [48.0550104, 46.5596619], [48.05420779999999, 46.5592672], [48.052766899999995, 46.558830099999994], [48.05165709999999, 46.5586863], [48.050113399999994, 46.55859099999999], [48.0490908, 46.55838769999999], [48.0480837, 46.5579093], [48.04762529999999, 46.55765469999999], [48.047213299999996, 46.5572318], [48.04689139999999, 46.556427899999996], [48.046214299999995, 46.5566787], [48.0461476, 46.55712569999999], [48.043966999999995, 46.5699207], [48.043477300000006, 46.5701204], [48.0428028, 46.5697043], [48.04217489999999, 46.569661], [48.04115860000001, 46.56917429999999], [48.0400529, 46.56845119999999], [48.0392523, 46.5678756], [48.0368235, 46.5666891], [48.0347167, 46.56523649999999], [48.031303799999996, 46.56416709999999], [48.029981299999996, 46.5642381], [48.0280717, 46.564938], [48.0262809, 46.5657739], [48.02433539999999, 46.565539699999995], [48.022415, 46.56459579999999], [48.021107199999996, 46.564435599999996], [48.0201293, 46.5644473], [48.019855299999996, 46.5646737], [48.0132925, 46.57036360000001], [48.008071, 46.574922], [47.994984099999996, 46.5856763], [47.99053390000001, 46.59000809999999], [47.98561960000001, 46.590145099999994], [47.9832609, 46.59104609999999], [47.982582699999995, 46.5910834], [47.98219989999999, 46.5912132], [47.9822196, 46.5915764], [47.98250229999999, 46.591755799999994], [47.98265339999999, 46.5921401], [47.9829016, 46.5922944], [47.9833043, 46.5923354], [47.98348529999999, 46.5922655], [47.983908, 46.5923131], [47.984246899999995, 46.5925318], [47.9846071, 46.5925203], [47.984686700000005, 46.5926013], [47.9846941, 46.592889199999995], [47.9841583, 46.59292829999999], [47.983396299999995, 46.5928564], [47.982978200000005, 46.59301889999999], [47.98278959999999, 46.5937188], [47.982276899999995, 46.5939075], [47.9817023, 46.5939847], [47.98131969999999, 46.5940894], [47.9808127, 46.59449819999999], [47.9804377, 46.5946483], [47.97996119999999, 46.594728999999994], [47.9794741, 46.594749199999995], [47.979276799999994, 46.5946369], [47.978784399999995, 46.5946535], [47.9781778, 46.5947093], [47.9770418, 46.5953791], [47.9765973, 46.5953006], [47.976362599999995, 46.59529439999999], [47.9756724, 46.59542439999999], [47.97513029999999, 46.59571439999999], [47.974724300000005, 46.5965787], [47.9738716, 46.597069899999994], [47.97252439999999, 46.597207299999994], [47.9722466, 46.5972759], [47.9717912, 46.59757979999999], [47.971792199999996, 46.5978406], [47.9722441, 46.5986203], [47.9722018, 46.598730499999995], [47.9733141, 46.59907640000001], [47.9736046, 46.5990308], [47.97376729999999, 46.59911160000001], [47.97380789999999, 46.599291], [47.97365980000001, 46.5996026], [47.9734127, 46.5999293], [47.973779, 46.60012059999999], [47.9752054, 46.6005818], [47.97611899999999, 46.60094089999999], [47.97796679999999, 46.6019667], [47.97951929999999, 46.603443299999995], [47.98067489999999, 46.60432839999999], [47.984030399999995, 46.60622729999999], [47.984786199999995, 46.606594199999996], [47.9905831, 46.60876180000001], [47.993146, 46.609342700000006], [48.001127, 46.6089692], [48.0003196, 46.6099837], [47.99902409999999, 46.611432799999996], [48.00125119999999, 46.611223800000005], [48.0020575, 46.61111069999999], [48.0029454, 46.61089749999999], [48.00454359999999, 46.61019879999999], [48.0048307, 46.61033809999999], [48.007529399999996, 46.612760099999996], [48.0082699, 46.6134938], [48.0073028, 46.61373559999999], [48.00634959999999, 46.6143371], [48.0061004, 46.6146048], [48.00399769999999, 46.6159007], [48.00204, 46.6170553], [48.00105529999999, 46.6177585], [48.0004657, 46.6182504], [47.99977919999999, 46.6187122], [47.9994102, 46.6188955], [47.998661, 46.6191277], [47.9981643, 46.6196528], [47.998304, 46.619825899999995], [47.998458299999996, 46.620104399999995], [47.99847369999999, 46.62031639999999], [47.99850119999999, 46.6206066], [47.998609599999995, 46.62078399999999], [47.998975, 46.6210384], [47.9992208, 46.621119], [47.999467599999996, 46.6211099], [48.0003691, 46.6204331], [48.0007832, 46.6198385], [48.0010855, 46.6197369], [48.0013984, 46.619859], [48.00221429999999, 46.61996849999999], [48.0022129, 46.6203751], [48.00205199999999, 46.620936799999996], [48.0017745, 46.62190669999999], [48.0012516, 46.6227364], [48.0000693, 46.623604799999995], [47.9988404, 46.62429519999999], [47.99702179999999, 46.62528960000001], [47.994774, 46.62659839999999], [47.992784699999994, 46.627969], [47.9885367, 46.6311871], [47.9872773, 46.6324837], [47.9872143, 46.63295169999999], [47.9873127, 46.6332967], [47.9875943, 46.633873099999995], [47.987549, 46.6341092], [47.9874514, 46.6342034], [47.98727509999999, 46.63418239999999], [47.98625849999999, 46.63374079999999], [47.9848673, 46.6332656], [47.98415049999999, 46.6330978], [47.983587899999996, 46.6331027], [47.983121999999995, 46.63324999999999], [47.9827696, 46.6334651], [47.9822229, 46.6338863], [47.9819552, 46.63394480000001], [47.981648, 46.6338917], [47.9805753, 46.6340753], [47.9806456, 46.63488459999999], [47.98197489999999, 46.635688699999996], [47.9826087, 46.6426385], [47.98254469999999, 46.64370389999999], [47.978983, 46.6469325], [47.971297, 46.6498208], [47.961485, 46.65510189999999], [47.962894799999994, 46.658744299999995], [47.9648644, 46.664130799999995], [47.965010899999996, 46.664554300000006], [47.963964399999995, 46.66464250000001], [47.9620309, 46.6646622], [47.96208459999999, 46.66500179999999], [47.962196199999994, 46.665291599999996], [47.96266539999999, 46.66600809999999], [47.96278869999999, 46.6668395], [47.9636633, 46.66786069999999], [47.96416969999999, 46.668873], [47.9652573, 46.66891929999999], [47.96585809999999, 46.6692588], [47.966016700000004, 46.6696186], [47.96624349999999, 46.669937999999995], [47.96699989999999, 46.6705868], [47.9672414, 46.6708999], [47.9677009, 46.671869699999995], [47.9685822, 46.6723656], [47.9684152, 46.6726834], [47.968030600000006, 46.672702300000005], [47.96704479999999, 46.6724617], [47.96656449999999, 46.6724941], [47.9666803, 46.673889499999994], [47.96707709999999, 46.67444129999999], [47.96739339999999, 46.6748194], [47.96764689999999, 46.674992499999995], [47.9682466, 46.6753482], [47.96874979999999, 46.6757866], [47.96894549999999, 46.676050499999995], [47.9691084, 46.676422], [47.96914339999999, 46.6769455], [47.969501099999995, 46.67768319999999], [47.969769199999995, 46.67804309999999], [47.9702286, 46.678435199999996], [47.970228, 46.678542199999995], [47.970076799999994, 46.67861589999999], [47.969790499999995, 46.6786693], [47.969495499999994, 46.67896069999999], [47.96925989999999, 46.6790678], [47.9689366, 46.679076099999996], [47.9686476, 46.67900060000001], [47.9681495, 46.678888699999995], [47.9676214, 46.6788237], [47.96700619999999, 46.678848599999995], [47.9667688, 46.678808700000005], [47.9663259, 46.6786063], [47.965979, 46.678536599999994], [47.9657171, 46.6785613], [47.9656289, 46.6786837], [47.960291, 46.6806708], [47.960530899999995, 46.6822341], [47.9579938, 46.684179], [47.9558813, 46.6834716], [47.955264899999996, 46.6827316], [47.9542064, 46.68258929999999], [47.951508999999994, 46.6837004], [47.94709979999999, 46.6855601], [47.94662569999999, 46.6858961], [47.9454271, 46.687241099999994], [47.9440828, 46.689262], [47.94250199999999, 46.6896471], [47.9404675, 46.691135], [47.945849499999994, 46.699031399999996], [47.947647, 46.7018752], [47.9384939, 46.7040401], [47.922444999999996, 46.7181152], [47.91430019999999, 46.7259697], [47.9117678, 46.7316154], [47.916782, 46.7430813], [47.9169781, 46.7429345], [47.91769829999999, 46.74254849999999], [47.9190095, 46.74210239999999], [47.919769, 46.7420523], [47.92063509999999, 46.742196299999996], [47.9221708, 46.7427649], [47.9238229, 46.743276], [47.9248333, 46.7434395], [47.92579619999999, 46.743448799999996], [47.926221299999995, 46.742999999999995], [47.92619830000001, 46.7426374], [47.9259734, 46.741757], [47.9259006, 46.741352], [47.925927, 46.7410594], [47.9259524, 46.7403281], [47.9261092, 46.73961169999999], [47.9263862, 46.738973099999995], [47.927118699999994, 46.7378722], [47.927705, 46.7369719], [47.9282422, 46.7364823], [47.9289595, 46.736106], [47.929816, 46.7363585], [47.93034699999999, 46.7371511], [47.929968, 46.7383183], [47.929905, 46.73988589999999], [47.92999819999999, 46.7402911], [47.93120929999999, 46.7420173], [47.93211409999999, 46.7428765], [47.9342433, 46.7448418], [47.93500649999999, 46.7456856], [47.93580789999999, 46.7461672], [47.9352011, 46.7470675], [47.9349783, 46.7490308], [47.9350198, 46.7499581], [47.9348272, 46.75240949999999], [47.9346941, 46.7529657], [47.93372899999999, 46.7545245], [47.9313089, 46.75680779999999], [47.9298711, 46.7576718], [47.92919839999999, 46.75783259999999], [47.92875879999999, 46.7580095], [47.926354499999995, 46.75805569999999], [47.925090499999996, 46.75836379999999], [47.9235439, 46.7590943], [47.921542099999996, 46.7597646], [47.9210643, 46.7603034], [47.921023600000005, 46.7607979], [47.92139819999999, 46.76131740000001], [47.921504399999996, 46.76156929999999], [47.9211946, 46.762049], [47.9193782, 46.76285159999999], [47.91908, 46.76305080000001], [47.91792439999999, 46.763987199999995], [47.91698269999999, 46.764396], [47.9162233, 46.764332700000004], [47.914555, 46.7640932], [47.9138524, 46.7642256], [47.9132955, 46.7641713], [47.912732999999996, 46.763914799999995], [47.91220419999999, 46.76397909999999], [47.911113799999995, 46.7647141], [47.91010339999999, 46.7650038], [47.9090851, 46.7656766], [47.908172799999996, 46.76608929999999], [47.8960868, 46.7636632], [47.8915034, 46.7648883], [47.8874676, 46.76601910000001], [47.882821, 46.7673727], [47.8809658, 46.767366], [47.880327199999996, 46.7673635], [47.878820399999995, 46.7673563], [47.8770575, 46.767349100000004], [47.8759252, 46.76734309999999], [47.87504719999999, 46.76734080000001], [47.8744812, 46.76733899999999], [47.87364490000001, 46.768381899999994], [47.8727003, 46.76914260000001], [47.871857299999995, 46.76959209999999], [47.8713373, 46.77044899999999], [47.8704419, 46.770847499999995], [47.8689906, 46.771551], [47.8680766, 46.7718961], [47.8674668, 46.77244389999999], [47.86700669999999, 46.7730025], [47.8669156, 46.7734546], [47.8668216, 46.7735522], [47.866553499999995, 46.7737128], [47.8660093, 46.7739677], [47.865296799999996, 46.77411480000001], [47.864597399999994, 46.77435739999999], [47.86363999999999, 46.7746746], [47.862650599999995, 46.774834299999995], [47.8620184, 46.7750598], [47.86035759999999, 46.775400000000005], [47.8553501, 46.7775979], [47.854203999999996, 46.7776364], [47.85328799999999, 46.777947], [47.85195879999999, 46.77821589999999], [47.8512124, 46.7783191], [47.85078479999999, 46.7786212], [47.85008499999999, 46.7790057], [47.8498466, 46.7794543], [47.84889989999999, 46.7801256], [47.848359099999996, 46.7803406], [47.8470019, 46.7805275], [47.8442267, 46.781135199999994], [47.84311689999999, 46.78134819999999], [47.84235399999999, 46.78148569999999], [47.8420359, 46.78180859999999], [47.8415021, 46.7820468], [47.84061869999999, 46.7829792], [47.84036009999999, 46.7834912], [47.83973449999999, 46.7841994], [47.838967499999995, 46.78454959999999], [47.8380226, 46.78420860000001], [47.8379292, 46.78337789999999], [47.8382767, 46.7823635], [47.83770809999999, 46.78196019999999], [47.837015, 46.7821807], [47.8368249, 46.78309579999999], [47.8362749, 46.78384719999999], [47.8357405, 46.7843543], [47.835778399999995, 46.7849264], [47.83539059999999, 46.78517359999999], [47.83411280000001, 46.78575969999999], [47.83106909999999, 46.7863297], [47.822588800000005, 46.7863505], [47.8206129, 46.787256799999994], [47.82084689999999, 46.789229299999995], [47.82375079999999, 46.794923299999994], [47.830850299999994, 46.80923380000001], [47.8319088, 46.8108652], [47.8372771, 46.814175], [47.8381303, 46.8177796], [47.839126, 46.81831189999999], [47.8409439, 46.818239299999995], [47.84478429999999, 46.8159707], [47.845237399999995, 46.817564999999995], [47.8435402, 46.8190404], [47.8451973, 46.8195364], [47.8449849, 46.8207117], [47.847351700000004, 46.8202985], [47.8486276, 46.8215524], [47.8516664, 46.8225054], [47.8536491, 46.822395699999994], [47.85389719999999, 46.8260361], [47.8570843, 46.824866699999994], [47.85714769999999, 46.82596569999999], [47.8552913, 46.8281242], [47.8535742, 46.834036999999995], [47.85375539999999, 46.8432899], [47.85368119999999, 46.84799199999999], [47.8550477, 46.85353049999999], [47.848993199999995, 46.854960299999995], [47.845915299999994, 46.8563205], [47.84107689999999, 46.858055099999994], [47.833151799999996, 46.8601642], [47.8275467, 46.8628832], [47.8262404, 46.865306999999994], [47.8263205, 46.8662841], [47.82600589999999, 46.8663871], [47.8251456, 46.8666892], [47.8247359, 46.8669295], [47.82440749999999, 46.86722009999999], [47.8241482, 46.8672952], [47.8240784, 46.86750359999999], [47.8242978, 46.86784999999999], [47.82448839999999, 46.86818889999999], [47.82459279999999, 46.8684792], [47.8246075, 46.8688142], [47.8243479, 46.868993999999994], [47.823822799999995, 46.869140599999994], [47.82321379999999, 46.86931859999999], [47.82319460000001, 46.86960520000001], [47.8231043, 46.8697315], [47.82290069999999, 46.86975279999999], [47.822792899999996, 46.8699169], [47.8225297, 46.8701188], [47.8220059, 46.8701794], [47.8212766, 46.870697899999996], [47.82100779999999, 46.8710438], [47.82067309999999, 46.8713271], [47.8198863, 46.87123220000001], [47.81970499999999, 46.8720679], [47.8191853, 46.872461799999996], [47.81831789999999, 46.87289559999999], [47.81798249999999, 46.8731632], [47.81473239999999, 46.8756739], [47.8414264, 46.8975112], [47.8464427, 46.89689489999999], [47.85390129999999, 46.8979895], [47.860322499999995, 46.9005411], [47.862747899999995, 46.9002415], [47.863454899999994, 46.8989535], [47.86589119999999, 46.90005729999999], [47.8683968, 46.9027917], [47.8696832, 46.90487939999999], [47.87113759999999, 46.9073843], [47.87968649999999, 46.91346469999999], [47.8811911, 46.9152117], [47.885061, 46.91866769999999], [47.8920803, 46.923806], [47.90231849999999, 46.925914299999995], [47.87342799999999, 46.9678578], [47.89604599999999, 46.974185999999996], [47.9990111, 47.0010213], [48.1443876, 47.00202809999999], [48.1358035, 47.13959189999999], [48.2803339, 47.15361649999999], [48.29116859999999, 47.23737429999999], [48.2994502, 47.33151169999999], [48.30698039999999, 47.416961799999996], [48.3129541, 47.484650699999996], [48.3188528, 47.55140479999999], [48.3953118, 47.4760386], [48.451563099999994, 47.4116521], [48.519423, 47.41175189999999], [48.7102139, 47.0957556], [48.9152755, 46.880603699999995], [48.9198174, 46.8729818], [48.995967099999994, 46.74308369999999], [48.9199948, 46.6934117], [48.7505516, 46.685468099999994], [48.713344, 46.72091149999999], [48.6764261, 46.7133572], [48.67383509999999, 46.7208453], [48.6438514, 46.731015199999995], [48.62837300000001, 46.70802179999999], [48.615945, 46.704987], [48.600246, 46.7144495], [48.5487047, 46.7111337], [48.53527220000001, 46.70628549999999], [48.54371940000001, 46.6918959], [48.5529891, 46.6884531], [48.546129799999996, 46.6863255], [48.53041199999999, 46.6822848], [48.50720549999999, 46.675842200000005], [48.49933459999999, 46.6750766], [48.4898865, 46.6743975], [48.48947079999999, 46.6741435], [48.4888037, 46.6736336], [48.48718709999999, 46.672910599999994], [48.4858307, 46.6726591], [48.4834373, 46.67261150000001], [48.481564199999994, 46.671957], [48.47920549999999, 46.6715405], [48.4779024, 46.6706209], [48.4964794, 46.658787], [48.4988665, 46.6580966], [48.5033941, 46.6558138], [48.507709399999996, 46.6530886], [48.51173969999999, 46.6513843], [48.5183402, 46.6495986], [48.527563699999995, 46.6490922], [48.5331671, 46.6495658], [48.539314499999996, 46.649322899999994], [48.54676369999999, 46.6473327], [48.55474459999999, 46.6447378], [48.560284, 46.6418742], [48.56174339999999, 46.6401245], [48.5620745, 46.6385597], [48.5620322, 46.6369141], [48.56059319999999, 46.63411700000001], [48.55376759999999, 46.6307003], [48.5519691, 46.629646699999995], [48.550812099999995, 46.62792520000001], [48.54964569999999, 46.6243957], [48.5498633, 46.6220108], [48.5499261, 46.6213227], [48.5506858, 46.6195032], [48.55191129999999, 46.61817490000001], [48.556841299999995, 46.61514139999999], [48.5618799, 46.611443799999996], [48.5662693, 46.609240299999996], [48.571132, 46.6073467], [48.5736758, 46.6064571], [48.576573499999995, 46.6060745], [48.5803393, 46.606394], [48.582832999999994, 46.6075905], [48.5854265, 46.6084193], [48.590908, 46.6089094], [48.59668239999999, 46.608919699999994], [48.60094269999999, 46.60818309999999], [48.60521399999999, 46.6070132], [48.60645389999999, 46.6062218], [48.6085437, 46.6042319], [48.61036289999999, 46.602869399999996], [48.61268799999999, 46.6022354], [48.61401339999999, 46.6018932], [48.6153448, 46.601838699999995], [48.6176425, 46.6020288], [48.62050539999999, 46.6026519], [48.622726199999995, 46.6034038], [48.6219588, 46.6022098], [48.620167599999995, 46.60173429999999], [48.61628369999999, 46.6003779], [48.6152538, 46.60014199999999], [48.61389549999999, 46.600086], [48.6112133, 46.6002187], [48.6067501, 46.60039559999999], [48.6013707, 46.600436900000005], [48.59993299999999, 46.6002452], [48.59881719999999, 46.59990609999999], [48.59789450000001, 46.5992427], [48.596049199999996, 46.598019], [48.59476169999999, 46.597385], [48.59404719999999, 46.59718149999999], [48.5930601, 46.5971373], [48.587524, 46.5982136], [48.58714419999999, 46.59837279999999], [48.586494099999996, 46.598818099999995], [48.585964, 46.5989036], [48.5852989, 46.598815099999996], [48.5820588, 46.597901], [48.579741299999995, 46.5974439], [48.5774883, 46.59633809999999], [48.576586999999996, 46.5955419], [48.57609349999999, 46.59487839999999], [48.57508500000001, 46.5941854], [48.5749777, 46.59380209999999], [48.5748061, 46.5934629], [48.57373319999999, 46.5927699], [48.573325499999996, 46.5923865], [48.57308299999999, 46.5919029], [48.57283199999999, 46.5916345], [48.5724243, 46.591487], [48.57038579999999, 46.5912659], [48.56987079999999, 46.591029899999995], [48.569548899999994, 46.59069079999999], [48.5694846, 46.59029259999999], [48.569506, 46.5891719], [48.5692485, 46.588626299999994], [48.568518999999995, 46.587977499999994], [48.5678323, 46.5875941], [48.56708129999999, 46.58728440000001], [48.566559899999994, 46.587257799999996], [48.56562219999999, 46.587476099999996], [48.5646072, 46.587596999999995], [48.5639056, 46.58756459999999], [48.5628756, 46.58726959999999], [48.561560199999995, 46.5868154], [48.5588137, 46.586255], [48.557361, 46.58582439999999], [48.5566679, 46.5853407], [48.5560735, 46.5845857], [48.555622899999996, 46.58381880000001], [48.5556653, 46.5833103], [48.555879899999994, 46.58283099999999], [48.555987099999996, 46.5821969], [48.55592279999999, 46.581415199999995], [48.55562239999999, 46.58086219999999], [48.555558, 46.5805819], [48.55589059999999, 46.57879729999999], [48.5558096, 46.57861549999999], [48.55534389999999, 46.5782291], [48.5546213, 46.5778217], [48.5538618, 46.5774659], [48.55350289999999, 46.5771477], [48.553154899999996, 46.577052099999996], [48.5520609, 46.5765919], [48.5503794, 46.57576929999999], [48.550037, 46.5755302], [48.5499257, 46.57537229999999], [48.5485449, 46.5716227], [48.54894959999999, 46.57131129999999], [48.54935729999999, 46.5708392], [48.5494002, 46.5702197], [48.5487285, 46.5677886], [48.547741499999994, 46.5663429], [48.545924, 46.5651745], [48.5449949, 46.56330379999999], [48.54489409999999, 46.5618403], [48.545280299999995, 46.5602468], [48.5461107, 46.5591727], [48.54794110000001, 46.5572664], [48.5498293, 46.5561745], [48.5526502, 46.5556068], [48.5551937, 46.55552529999999], [48.5580691, 46.5557614], [48.5628756, 46.5559975], [48.5671242, 46.5568238], [48.568368799999995, 46.5570894], [48.57085779999999, 46.55812219999999], [48.5741623, 46.55989269999999], [48.5770806, 46.5605714], [48.5802992, 46.56071899999999], [48.58296, 46.56033539999999], [48.586573099999995, 46.5590965], [48.58881889999999, 46.5586242], [48.5908993, 46.5586239], [48.59373169999999, 46.558033699999996], [48.596135, 46.5573254], [48.599182, 46.55705979999999], [48.60308729999999, 46.55700079999999], [48.607250099999995, 46.557591], [48.6153181, 46.558092699999996], [48.620382199999995, 46.559096], [48.6222704, 46.55965669999999], [48.6258324, 46.5608075], [48.6275061, 46.5614567], [48.6289652, 46.5617222], [48.631626, 46.5615452], [48.633128, 46.561250099999995], [48.63424379999999, 46.5606304], [48.63580379999999, 46.559762899999996], [48.6382349, 46.559037], [48.641410699999994, 46.55900749999999], [48.644157299999996, 46.559273], [48.6461743, 46.5598632], [48.648163399999994, 46.5601465], [48.6497362, 46.55995169999999], [48.6517533, 46.559214], [48.656875199999995, 46.557756299999994], [48.6591336, 46.557492599999996], [48.6613234, 46.55723689999999], [48.6682328, 46.55584989999999], [48.6714514, 46.55584989999999], [48.6745842, 46.55641059999999], [48.6756571, 46.5567057], [48.676944600000006, 46.5573845], [48.6776312, 46.558417299999995], [48.6787899, 46.55939109999999], [48.680763999999996, 46.56033539999999], [48.68286689999999, 46.560866499999996], [48.6844977, 46.5606599], [48.6864289, 46.5600698], [48.6903342, 46.56001079999999], [48.6940249, 46.5604829], [48.6967715, 46.5614567], [48.6990066, 46.56274899999999], [48.7024042, 46.56305549999999], [48.70752319999999, 46.56181060000001], [48.714625899999994, 46.56076329999999], [48.7175196, 46.5597726], [48.7207441, 46.5582429], [48.72347160000001, 46.5558992], [48.7262224, 46.5539471], [48.732649099999996, 46.55261389999999], [48.7437696, 46.5507322], [48.7482387, 46.5502759], [48.75186889999999, 46.5487722], [48.754743399999995, 46.547055199999996], [48.7627388, 46.54098369999999], [48.7659222, 46.5399258], [48.768978, 46.53922179999999], [48.77220309999999, 46.539035199999994], [48.775369399999995, 46.5390489], [48.77934919999999, 46.53968689999999], [48.7803878, 46.5408256], [48.7814096, 46.5416568], [48.782706499999996, 46.54212979999999], [48.78400899999999, 46.542240199999995], [48.78468929999999, 46.5422979], [48.7864816, 46.5420876], [48.7874403, 46.5416576], [48.78801, 46.5408548], [48.7878571, 46.539985099999996], [48.78741459999999, 46.538483500000005], [48.787257399999994, 46.5371048], [48.78760549999999, 46.534511699999996], [48.78693259999999, 46.5332038], [48.7877479, 46.53123089999999], [48.7877287, 46.5278156], [48.7882053, 46.52514779999999], [48.79011859999999, 46.5210076], [48.7918655, 46.518380799999996], [48.7990915, 46.511771], [48.80456399999999, 46.50546919999999], [48.80916239999999, 46.50058229999999], [48.8145769, 46.495949499999995], [48.8168849, 46.49182869999999], [48.8177369, 46.4881837], [48.8197204, 46.485382599999994], [48.8228884, 46.4825882], [48.826656199999995, 46.4801687], [48.818812, 46.47876509999999], [48.81469359999999, 46.47875640000001], [48.810160499999995, 46.47937309999999], [48.8034826, 46.4808378], [48.797877099999994, 46.481792600000006], [48.79318109999999, 46.4820673], [48.789299699999994, 46.4821084], [48.7859894, 46.4822997], [48.783975700000006, 46.48250490000001], [48.776085, 46.4834215], [48.7631928, 46.4851892], [48.75707899999999, 46.485893499999996], [48.7520079, 46.4864366], [48.744523099999995, 46.48661309999999], [48.7397397, 46.486502099999996], [48.7358582, 46.486066099999995], [48.730891799999995, 46.4848746], [48.7284814, 46.4839845], [48.7256968, 46.482308], [48.7221597, 46.4798114], [48.718992300000004, 46.478012199999995], [48.71547189999999, 46.4769904], [48.712387, 46.47680689999999], [48.706196299999995, 46.47647899999999], [48.701496, 46.475834], [48.6950523, 46.4742453], [48.6921297, 46.4733899], [48.689683099999996, 46.47286609999999], [48.68735389999999, 46.4726729], [48.68039559999999, 46.4721758], [48.6758862, 46.4718722], [48.6722138, 46.4714885], [48.66913989999999, 46.4709829], [48.66621839999999, 46.470064799999996], [48.6654784, 46.46909209999999], [48.6645256, 46.4686347], [48.662618699999996, 46.46790579999999], [48.6609206, 46.46721879999999], [48.6599688, 46.46663749999999], [48.6587207, 46.465725], [48.6572956, 46.46448159999999], [48.655125899999994, 46.462946499999994], [48.65369930000001, 46.4619507], [48.6523599, 46.461285499999995], [48.65101859999999, 46.46086789999999], [48.6489903, 46.46046859999999], [48.6468429, 46.4600069], [48.6445768, 46.4594622], [48.6429379, 46.4589196], [48.641984699999995, 46.45856529999999], [48.6398134, 46.4573396], [48.6379098, 46.4562593], [48.6355582, 46.455198], [48.6313574, 46.453799599999996], [48.62942269999999, 46.45294619999999], [48.6281711, 46.4525699], [48.62692049999999, 46.45206989999999], [48.62600079999999, 46.451282], [48.6252264, 46.4510108], [48.6243628, 46.4506774], [48.623828, 46.45032439999999], [48.6230549, 46.449887999999994], [48.62227959999999, 46.44974059999999], [48.6210256, 46.4496947], [48.619501799999995, 46.4497715], [48.61842299999999, 46.45022159999999], [48.6162355, 46.45114219999999], [48.6148577, 46.4516531], [48.612609899999995, 46.452614700000005], [48.610991799999994, 46.4532691], [48.6091014, 46.454355799999995], [48.607569399999996, 46.4554234], [48.60675969999999, 46.4558331], [48.6049867, 46.4571474], [48.6041445, 46.4578666], [48.6034495, 46.45883409999999], [48.6020615, 46.460542], [48.60163659999999, 46.4613454], [48.6008815, 46.462354], [48.6000334, 46.463775], [48.5989003, 46.4653291], [48.59795359999999, 46.466646399999995], [48.5627731, 46.4929705], [48.552378299999994, 46.495666899999996], [48.5465952, 46.497210499999994], [48.5444691, 46.4976139], [48.542465, 46.4977495], [48.5409717, 46.497619099999994], [48.539778, 46.49740729999999], [48.5377784, 46.497068], [48.5367616, 46.49712540000001], [48.535383, 46.4975115], [48.5338172, 46.49870169999999], [48.53182459999999, 46.4976399], [48.53159209999999, 46.496937], [48.53124389999999, 46.495841299999995], [48.53038959999999, 46.49451619999999], [48.529562199999994, 46.493521699999995], [48.52799529999999, 46.4917186], [48.52749450000001, 46.4909525], [48.5273564, 46.489733199999996], [48.5265526, 46.4832071], [48.52634199999999, 46.48025419999999], [48.526424, 46.4779426], [48.5263723, 46.477095999999996], [48.52626269999999, 46.4760633], [48.5259507, 46.4743279], [48.5258181, 46.4725726], [48.525737199999995, 46.47166399999999], [48.52562089999999, 46.47133319999999], [48.5257446, 46.470900199999996], [48.525807900000004, 46.470529000000006], [48.5256937, 46.469970999999994], [48.5255809, 46.4692686], [48.5256476, 46.4685465], [48.5255043, 46.46792649999999], [48.5251219, 46.4673055], [48.525005699999994, 46.466953999999994], [48.5240292, 46.4664465], [48.5235002, 46.46530619999999], [48.5229109, 46.463573999999994], [48.5229076, 46.461193599999994], [48.5230055, 46.45787620000001], [48.52328349999999, 46.4563481], [48.52211719999999, 46.45574200000001], [48.5228497, 46.453538], [48.5235792, 46.45164799999999], [48.5238641, 46.44666999999999], [48.5163024, 46.4463384], [48.51634529999999, 46.4494127], [48.51633940000001, 46.4500175], [48.5162874, 46.4503532], [48.51587479999999, 46.450300899999995], [48.51570459999999, 46.450316900000004], [48.5142903, 46.4507806], [48.5101217, 46.452054499999996], [48.507634200000005, 46.4528994], [48.5064887, 46.45323], [48.5053441, 46.45344289999999], [48.502623099999994, 46.45332909999999], [48.50150639999999, 46.4531894], [48.499978799999994, 46.4528293], [48.49898369999999, 46.45269009999999], [48.4976957, 46.45266709999999], [48.49621249999999, 46.45272709999999], [48.4953867, 46.452672699999994], [48.4949264, 46.4525193], [48.494441300000005, 46.45243299999999], [48.4937099, 46.4526478], [48.4927572, 46.4531135], [48.491780999999996, 46.4535119], [48.49048959999999, 46.45382469999999], [48.48932009999999, 46.454104599999994], [48.48856369999999, 46.4543864], [48.4874413, 46.454801], [48.48668479999999, 46.45508279999999], [48.4859273, 46.4554822], [48.4853892, 46.45581549999999], [48.4846324, 46.4561309], [48.48360819999999, 46.45644500000001], [48.482316299999994, 46.4567915], [48.48119629999999, 46.45697069999999], [48.48036739999999, 46.4572017], [48.4795123, 46.4576342], [48.4786809, 46.45810039999999], [48.4780675, 46.45860119999999], [48.477138, 46.4592014], [48.4761849, 46.4596838], [48.4749416, 46.4600303], [48.473843, 46.4603604], [48.472552199999996, 46.46070699999999], [48.4714315, 46.460936499999995], [48.4702995, 46.4610904], [48.4691675, 46.4612442], [48.466977199999995, 46.461484999999996], [48.465785499999996, 46.461529299999995], [48.4647397, 46.461574399999996], [48.463523499999994, 46.4616522], [48.4628181, 46.4616821], [48.46118369999999, 46.4622113], [48.4600592, 46.4627935], [48.459201, 46.4634778], [48.4584398, 46.4641793], [48.45780189999999, 46.464713599999996], [48.45718599999999, 46.4654664], [48.45659429999999, 46.46621919999999], [48.4556095, 46.4673564], [48.4550456, 46.4677903], [48.4543372, 46.468105699999995], [48.453434400000006, 46.468386599999995], [48.452290999999995, 46.46846459999999], [48.450783599999994, 46.4684567], [48.449594299999994, 46.468282499999994], [48.447410899999994, 46.467851], [48.44624569999999, 46.4676937], [48.445468, 46.467672799999995], [48.4446398, 46.46781959999999], [48.4423462, 46.4685634], [48.4408267, 46.4696472], [48.43967469999999, 46.470481], [48.43874089999999, 46.4713663], [48.43746269999999, 46.4726026], [48.4357943, 46.4739375], [48.43491139999999, 46.4746215], [48.43410399999999, 46.47505389999999], [48.4331024, 46.475468500000005], [48.431979899999995, 46.47583199999999], [48.431005299999995, 46.475994699999994], [48.43010459999999, 46.4760906], [48.4291554, 46.47616949999999], [48.428668, 46.4762676], [48.4279858, 46.4763815], [48.42727839999999, 46.476579199999996], [48.4264245, 46.4768265], [48.42544689999999, 46.47725799999999], [48.424345699999996, 46.4778735], [48.4232422, 46.4786738], [48.42226159999999, 46.4793739], [48.421649099999996, 46.4797569], [48.4210136, 46.4800391], [48.41988829999999, 46.4806208], [48.4184204, 46.48138539999999], [48.417342899999994, 46.48203459999999], [48.41604340000001, 46.4829513], [48.415271999999995, 46.483408999999995], [48.4162288, 46.484791799999996], [48.4171372, 46.4861407], [48.4178473, 46.487824499999995], [48.41816909999999, 46.48943899999999], [48.417817299999996, 46.4904113], [48.417266299999994, 46.4917858], [48.4160397, 46.4926861], [48.41335529999999, 46.4934439], [48.409264199999996, 46.493857799999994], [48.40663769999999, 46.49380949999999], [48.4030461, 46.4931173], [48.39761179999999, 46.4919441], [48.39485129999999, 46.4909204], [48.39175339999999, 46.489455299999996], [48.3913438, 46.48841389999999], [48.3864677, 46.47591930000001], [48.38537929999999, 46.4731212], [48.3816557, 46.472130299999996], [48.3802473, 46.4719877], [48.3782952, 46.4725474], [48.3757921, 46.4744141], [48.3736824, 46.4758462], [48.371853, 46.4744245], [48.367759799999995, 46.471208299999994], [48.3672395, 46.47002930000001], [48.36736199999999, 46.468014200000006], [48.3702609, 46.4660787], [48.379586399999994, 46.46244229999999], [48.365615, 46.455625600000005], [48.35772860000001, 46.4526173], [48.34975759999999, 46.449338499999996], [48.3415048, 46.445690199999994], [48.34265229999999, 46.4424576], [48.333842999999995, 46.43907159999999], [48.2986465, 46.4653932], [48.30928579999999, 46.4723275], [48.30929199999999, 46.4734786], [48.302937099999994, 46.4763891], [48.29357589999999, 46.4817443], [48.29113269999999, 46.483141499999995], [48.2879756, 46.4785916], [48.2865885, 46.4773307], [48.28394900000001, 46.4761488], [48.28410159999999, 46.477194], [48.28375439999999, 46.47786059999999], [48.2834835, 46.47792960000001], [48.282929900000006, 46.4772006], [48.2809638, 46.47615069999999], [48.2778446, 46.4749201], [48.275428299999994, 46.4738455], [48.273471199999996, 46.4729755], [48.2720245, 46.4721257], [48.270822499999994, 46.47115999999999], [48.2688295, 46.47111279999999], [48.2679633, 46.46794109999999], [48.2691881, 46.467523699999994], [48.27313329999999, 46.4661901], [48.2702741, 46.4608544], [48.266050199999995, 46.4533364], [48.2624747, 46.446888], [48.2603288, 46.4428783], [48.259548099999996, 46.44145600000001], [48.258868899999996, 46.44047119999999], [48.25755749999999, 46.439513999999996], [48.256427699999996, 46.43879239999999], [48.256729199999995, 46.438187199999994], [48.25791509999999, 46.4371621], [48.2597375, 46.435811099999995], [48.26445209999999, 46.4326371], [48.26991129999999, 46.42878339999999], [48.27457809999999, 46.4253502], [48.2788509, 46.4223909], [48.2768177, 46.422197399999995], [48.2773472, 46.421512], [48.27792380000001, 46.4205573], [48.2776286, 46.419985999999994], [48.2773331, 46.4194448], [48.2787529, 46.4170578], [48.2796845, 46.4155062], [48.279867, 46.4148484], [48.2779383, 46.413397399999994], [48.27526759999999, 46.41544799999999], [48.27034249999999, 46.418404], [48.2615099, 46.42185190000001], [48.2564848, 46.424353999999994], [48.2538067, 46.426287499999994], [48.2510248, 46.4293385], [48.2464122, 46.43520939999999], [48.2450763, 46.43765509999999], [48.2446799, 46.4391214], [48.244703, 46.4398529]]]]}}, {"type": "Feature", "properties": {"id": "mo-12635000", "name": "Лиманский муниципальный район", "region": "Астраханская область", "isCity": false, "sourceOktmo": "12-635-000-000", "sourceAgg": "Астрахань", "excelNames": ["Лиманский муниципальный район"], "oktmo": "12635000", "vgp": [{"year": 2019, "value": 12838797.287575452}, {"year": 2020, "value": 12671255.442134613}, {"year": 2021, "value": 9844893.623436958}, {"year": 2022, "value": 16591190.454564076}, {"year": 2023, "value": 16564693.965775106}, {"year": 2024, "value": 17750368.086812668}], "population": [{"year": 2019, "value": 29668.0}, {"year": 2020, "value": 29192.0}, {"year": 2021, "value": 28840.0}, {"year": 2022, "value": 28333.0}, {"year": 2023, "value": 27946.0}, {"year": 2024, "value": 27717.0}, {"year": 2025, "value": 27593.0}], "shipments": [{"year": 2019, "value": 3545302.1}, {"year": 2020, "value": 8124322.5}, {"year": 2021, "value": 1132778.8}, {"year": 2022, "value": 1144765.5}, {"year": 2023, "value": 854677.0}, {"year": 2024, "value": 5068443.6}], "employees": [{"year": 2019, "value": 4048.0}, {"year": 2020, "value": 3949.0}, {"year": 2021, "value": 3683.0}, {"year": 2022, "value": 3506.0}, {"year": 2023, "value": 3317.0}, {"year": 2024, "value": 3155.0}], "investments": [{"year": 2019, "value": 2442895.0}, {"year": 2020, "value": 137297.0}, {"year": 2021, "value": 109296.0}, {"year": 2022, "value": 976996.0}, {"year": 2023, "value": 1133192.0}, {"year": 2024, "value": 1341502.0}], "vgp2024": 17750368.086812668, "pop2024": 27717.0, "ship2024": 5068443.6, "emp2024": 3155.0, "inv2024": 1341502.0}, "geometry": {"type": "MultiPolygon", "coordinates": [[[[46.82120669999999, 45.45413739999999], [46.8023492, 45.4657179], [46.79063669999999, 45.474425], [46.78335799999999, 45.4748768], [46.768338299999996, 45.47655759999999], [46.7521033, 45.47839319999999], [46.7489395, 45.4787347], [46.737626, 45.4800261], [46.72386149999999, 45.479077], [46.7137819, 45.478319], [46.6991312, 45.4772029], [46.6891407, 45.4773901], [46.6849545, 45.4773971], [46.6642681, 45.4775468], [46.6513087, 45.4790688], [46.638664899999995, 45.480540999999995], [46.6376886, 45.4772403], [46.625217, 45.43882], [46.60219659999999, 45.4345211], [46.577223, 45.4299225], [46.5775668, 45.443239199999994], [46.5528297, 45.44375380000001], [46.54304379999999, 45.44433719999999], [46.52643810000001, 45.4451833], [46.5043177, 45.44651139999999], [46.4956771, 45.447375], [46.48276499999999, 45.44867889999999], [46.4566584, 45.4513661], [46.4440474, 45.4526555], [46.4465634, 45.45850879999999], [46.45140099999999, 45.4696453], [46.45412619999999, 45.47574959999999], [46.45727629999999, 45.4828672], [46.4704778, 45.48444249999999], [46.4937145, 45.487107899999984], [46.50451549999999, 45.4883477], [46.53642229999999, 45.4920403], [46.552577799999995, 45.49384549999999], [46.5583051, 45.4945319], [46.583624799999996, 45.4974171], [46.59425589999999, 45.49867259999999], [46.6118995, 45.5006836], [46.6206715, 45.5016663], [46.6302751, 45.5027626], [46.6463734, 45.5045983], [46.6495234, 45.51421820000001], [46.65549729999999, 45.53282769999999], [46.6600547, 45.5473848], [46.68559979999999, 45.54940499999999], [46.703514899999995, 45.5507909], [46.7132881, 45.551545600000004], [46.7334648, 45.55263599999999], [46.743910899999996, 45.551789299999996], [46.758838999999995, 45.5506405], [46.77107449999999, 45.549681299999996], [46.77166939999999, 45.5391298], [46.7721837, 45.52858689999999], [46.7900988, 45.5274186], [46.7955281, 45.5272556], [46.8220633, 45.5259745], [46.840485699999995, 45.5253303], [46.88240619999999, 45.5237234], [46.88446299999999, 45.5237084], [46.8767721, 45.503996799999996], [46.8723579, 45.4949564], [46.8685032, 45.48453159999999], [46.8551614, 45.45052], [46.8279326, 45.45004999999999], [46.82120669999999, 45.45413739999999]]], [[[47.625985400000005, 45.40341029999999], [47.584534299999994, 45.4042797], [47.56451959999999, 45.40463869999999], [47.5514019, 45.404747099999994], [47.554984, 45.4166453], [47.55541349999999, 45.42002190000001], [47.555431199999994, 45.424435], [47.556406800000005, 45.428113], [47.559194399999996, 45.4336512], [47.5613679, 45.437278199999994], [47.5621201, 45.437877400000005], [47.563687, 45.4398371], [47.564589399999996, 45.441226], [47.5654238, 45.4433177], [47.5663145, 45.4461231], [47.566882, 45.4492692], [47.5669956, 45.45188780000001], [47.566552699999995, 45.4547271], [47.566016299999994, 45.45732370000001], [47.565653399999995, 45.4583336], [47.56524460000001, 45.4592532], [47.5650056, 45.4688505], [47.5647339, 45.4781856], [47.5639431, 45.4954544], [47.5619734, 45.4955696], [47.56114730000001, 45.495679499999994], [47.5594463, 45.4981255], [47.5474018, 45.50460689999999], [47.5349379, 45.5111681], [47.5271444, 45.517249199999995], [47.5265978, 45.517675700000005], [47.5194904, 45.5296382], [47.5099807, 45.5386233], [47.50859419999999, 45.5426731], [47.5066819, 45.54671309999999], [47.5052957, 45.54882270000001], [47.5043835, 45.55257989999999], [47.5041578, 45.556835], [47.50345649999999, 45.5594424], [47.50288909999999, 45.5616765], [47.50224889999999, 45.5637114], [47.500111399999994, 45.5712426], [47.501604, 45.5769609], [47.502443199999995, 45.579624], [47.50341139999999, 45.59494080000001], [47.4990458, 45.600901199999996], [47.4936487, 45.6059632], [47.491573700000004, 45.60943089999999], [47.4980409, 45.6183861], [47.5053759, 45.618873199999996], [47.513475, 45.6183181], [47.5177158, 45.6178516], [47.5205771, 45.6172947], [47.522092099999995, 45.616398], [47.524660499999996, 45.6156271], [47.5265962, 45.6153708], [47.5302258, 45.61532389999999], [47.5316204, 45.6154084], [47.53298319999999, 45.61564799999999], [47.5342032, 45.6160181], [47.536313199999995, 45.6169768], [47.54433399999999, 45.62115289999999], [47.55230099999999, 45.6268052], [47.561257899999994, 45.62693629999999], [47.56449279999999, 45.627631199999996], [47.563944899999996, 45.6295747], [47.560620899999996, 45.63029], [47.55681289999999, 45.63415059999999], [47.5561222, 45.6361329], [47.5561152, 45.6395115], [47.5547921, 45.6420239], [47.547630399999996, 45.6462451], [47.539885899999994, 45.6469799], [47.533971099999995, 45.6485719], [47.5284286, 45.6535178], [47.5234826, 45.6579122], [47.519644, 45.6592606], [47.5025769, 45.6518289], [47.498278799999994, 45.6495339], [47.4891268, 45.645324499999994], [47.47961599999999, 45.6459171], [47.46503049999999, 45.651004099999994], [47.4553635, 45.6491953], [47.44901899999999, 45.6493163], [47.44740509999999, 45.6494207], [47.4393089, 45.65226989999999], [47.43648259999999, 45.6523753], [47.43327549999999, 45.6526976], [47.423536299999995, 45.65367979999999], [47.4108333, 45.6543827], [47.4010067, 45.6549264], [47.4003455, 45.6564026], [47.40045549999999, 45.6569753], [47.4012502, 45.65801139999999], [47.40122819999999, 45.660562399999996], [47.400923399999996, 45.66133169999999], [47.401190099999994, 45.6639936], [47.398446699999994, 45.66538729999999], [47.3963857, 45.66586329999999], [47.39333040000001, 45.6661862], [47.38990499999999, 45.6667096], [47.3858169, 45.66642099999999], [47.38480919999999, 45.666655], [47.383073, 45.6668183], [47.377976399999994, 45.6667328], [47.3749282, 45.66611679999999], [47.3734728, 45.6661058], [47.3691985, 45.66660869999999], [47.35994899999999, 45.667111], [47.35647229999999, 45.667152599999994], [47.3537276, 45.66738099999999], [47.3500096, 45.66747999999999], [47.345693999999995, 45.6679825], [47.342183299999995, 45.6682787], [47.3397618, 45.668504000000006], [47.3374641, 45.6688133], [47.3312285, 45.670276199999996], [47.32704849999999, 45.671625799999994], [47.3125976, 45.6745387], [47.3034836, 45.6763531], [47.295991199999996, 45.6767832], [47.2946285, 45.6732099], [47.2932819, 45.66943129999999], [47.2927252, 45.6644919], [47.292996800000004, 45.6625653], [47.29350999999999, 45.6601976], [47.2902714, 45.65527519999999], [47.28410469999999, 45.6473425], [47.2710977, 45.6487365], [47.254701399999995, 45.64393479999999], [47.2426066, 45.63958749999999], [47.23030909999999, 45.6324943], [47.2216826, 45.6275402], [47.2183398, 45.6256754], [47.2123804, 45.6182056], [47.1982419, 45.61787919999999], [47.1833928, 45.6131036], [47.17029349999999, 45.6123054], [47.1645552, 45.611942], [47.16219019999999, 45.6115692], [47.152825199999995, 45.6099306], [47.1385775, 45.6099998], [47.10643139999999, 45.6115923], [47.095051399999996, 45.6122641], [47.0881835, 45.612269899999994], [47.0846248, 45.612075299999994], [47.08042189999999, 45.612], [47.076707899999995, 45.612146800000005], [47.06034199999999, 45.613006399999996], [47.03756659999999, 45.614241099999994], [47.00193589999999, 45.616684], [46.992739199999995, 45.6172893], [46.969002, 45.61886739999999], [46.9607773, 45.609862], [46.94879469999999, 45.5964446], [46.9267489, 45.591411799999996], [46.9094461, 45.5873343], [46.9093554, 45.5873126], [46.87673300000001, 45.57950809999999], [46.85631959999999, 45.5711635], [46.85435699999999, 45.5688587], [46.81405889999999, 45.565387799999996], [46.769149, 45.577237399999994], [46.7624719, 45.5981622], [46.7496692, 45.615088], [46.735000500000005, 45.6149429], [46.716445799999995, 45.6146911], [46.7141862, 45.6145754], [46.69252029999999, 45.6143943], [46.68340059999999, 45.61947469999999], [46.6879962, 45.6335285], [46.693883799999995, 45.6484696], [46.6664468, 45.65540879999999], [46.638747, 45.6619259], [46.6107652, 45.66850529999999], [46.55070829999999, 45.6824435], [46.5313749, 45.687718399999994], [46.49872229999999, 45.695489], [46.4777182, 45.70046039999999], [46.4926631, 45.7151329], [46.5075531, 45.7298198], [46.5357867, 45.75751710000001], [46.5396732, 45.76395329999999], [46.546764399999994, 45.78747359999999], [46.5498151, 45.798013], [46.5285882, 45.80075519999999], [46.4715661, 45.80820069999999], [46.4449178, 45.81169319999999], [46.41193179999999, 45.815958099999996], [46.40096379999999, 45.825121599999996], [46.38022079999999, 45.8424947], [46.3680639, 45.8528368], [46.3411995, 45.8750949], [46.3323233, 45.882555800000006], [46.3161552, 45.896146699999996], [46.3026971, 45.907942500000004], [46.29543230000001, 45.9144253], [46.30076150000001, 45.9314592], [46.3063041, 45.9490573], [46.310635899999994, 45.96301059999999], [46.3399323, 45.9635177], [46.3829341, 45.964254499999996], [46.4549294, 45.96544819999999], [46.45401849999999, 46.00485379999999], [46.4535185, 46.0264783], [46.4531962, 46.0416596], [46.45271559999999, 46.06122899999999], [46.45247239999999, 46.07117029999999], [46.4522689, 46.0801749], [46.4520452, 46.0928123], [46.4513115, 46.1243029], [46.4509293, 46.139941199999996], [46.4505459, 46.1579275], [46.4505634, 46.1596296], [46.450038899999996, 46.1755174], [46.44932899999999, 46.1776323], [46.4504039, 46.1797724], [46.458904, 46.196753699999995], [46.4592244, 46.197549699999996], [46.4638423, 46.2081057], [46.4692286, 46.217428899999994], [46.474982499999996, 46.228810599999996], [46.478425699999995, 46.23550999999999], [46.4857374, 46.25038839999999], [46.4928802, 46.2642541], [46.5012444, 46.2809492], [46.5209354, 46.27539689999999], [46.528311099999996, 46.2733013], [46.549265399999996, 46.2673875], [46.558458099999996, 46.2641406], [46.582794199999995, 46.25338369999999], [46.5716655, 46.2313218], [46.5653361, 46.2187749], [46.5588696, 46.2059328], [46.55120269999999, 46.1906954], [46.5444173, 46.1772329], [46.5398846, 46.1686496], [46.534711900000005, 46.1489104], [46.53238429999999, 46.140133], [46.5290207, 46.12744409999999], [46.5237786, 46.10760969999999], [46.520755599999994, 46.0961821], [46.51780089999999, 46.08501319999999], [46.551328600000005, 46.081929], [46.57274249999999, 46.0799535], [46.6171103, 46.0758475], [46.6209521, 46.075491099999994], [46.6318432, 46.074480300000005], [46.63231209999999, 46.0775223], [46.657955699999995, 46.0752279], [46.690260699999996, 46.0723301], [46.7011454, 46.0713497], [46.7078817, 46.07074519999999], [46.71893299999999, 46.0697891], [46.7207443, 46.075686299999994], [46.722847, 46.082533999999995], [46.723464299999996, 46.0845658], [46.72957949999999, 46.10470149999999], [46.7438322, 46.1020906], [46.761911, 46.09881409999999], [46.78482859999999, 46.0946075], [46.802784, 46.0913273], [46.83952909999999, 46.084605599999996], [46.8401965, 46.0844833], [46.84434159999999, 46.1017005], [46.84548689999999, 46.10627670000001], [46.84712009999999, 46.11426649999999], [46.85235149999999, 46.1356481], [46.8523916, 46.13607029999999], [46.8534853, 46.1402917], [46.85500590000001, 46.1463247], [46.85687339999999, 46.1463086], [46.883548999999995, 46.1460756], [46.9455997, 46.1457394], [46.952364, 46.1459391], [46.9933818, 46.1507347], [47.0085339, 46.1521136], [47.0384929, 46.1546043], [47.05988159999999, 46.15966739999999], [47.0825481, 46.1650108], [47.1040554, 46.16733570000001], [47.11613489999999, 46.1685587], [47.1316479, 46.17012929999999], [47.1461336, 46.17092589999999], [47.1516719, 46.1703296], [47.1928603, 46.165569600000005], [47.2076683, 46.1638538], [47.2312377, 46.161245], [47.2490243, 46.1592033], [47.25978550000001, 46.155971900000004], [47.2821257, 46.14926679999999], [47.2979086, 46.151029199999996], [47.3047426, 46.150089699999995], [47.3261897, 46.13985939999999], [47.329368, 46.132674], [47.33278469999999, 46.125011799999996], [47.336036500000006, 46.11727989999999], [47.3304739, 46.1156811], [47.3265837, 46.1144619], [47.323162399999994, 46.1153093], [47.31310679999999, 46.1157074], [47.310962599999996, 46.1154996], [47.308748699999995, 46.1151793], [47.29956609999999, 46.1152249], [47.292218899999995, 46.11526800000001], [47.285511099999994, 46.1149261], [47.28096879999999, 46.114236], [47.2789523, 46.114293399999994], [47.27261159999999, 46.112975299999995], [47.27134759999999, 46.11201719999999], [47.2713845, 46.1113331], [47.27255329999999, 46.1103133], [47.2766643, 46.1085723], [47.278211399999996, 46.1081143], [47.2799934, 46.1079352], [47.283129699999996, 46.1077012], [47.295348399999995, 46.1077511], [47.3148701, 46.10839699999999], [47.31684310000001, 46.100953399999995], [47.318606499999994, 46.0943276], [47.3110415, 46.0944492], [47.293602400000005, 46.09595819999999], [47.2912914, 46.0952234], [47.2826599, 46.0930166], [47.28125200000001, 46.09378269999999], [47.27907209999999, 46.09278489999999], [47.27596749999999, 46.0935448], [47.2734126, 46.09271639999999], [47.2695017, 46.0930779], [47.2616112, 46.0935702], [47.250840200000006, 46.0944329], [47.24328899999999, 46.09448129999999], [47.236556, 46.09548889999999], [47.2312195, 46.0805889], [47.23144169999999, 46.079109599999995], [47.234246, 46.07474779999999], [47.2402895, 46.0711523], [47.24743089999999, 46.068533699999996], [47.25305999999999, 46.067138400000005], [47.2561387, 46.065056299999995], [47.2571991, 46.063174100000005], [47.255729499999994, 46.0592597], [47.2542613, 46.052993199999996], [47.256539, 46.050365299999996], [47.25960359999999, 46.04881829999999], [47.26367679999999, 46.046832499999994], [47.266526899999995, 46.04466330000001], [47.26871979999999, 46.0415503], [47.2764803, 46.0363585], [47.2853289, 46.031434299999994], [47.2947503, 46.0281241], [47.3020479, 46.026031], [47.3020265, 46.0260047], [47.30204539999999, 46.0259993], [47.2996792, 46.023133099999995], [47.298330799999995, 46.0223102], [47.29769129999999, 46.02119439999999], [47.2982125, 46.020366599999996], [47.301946, 46.0205618], [47.3106349, 46.01993], [47.3165585, 46.0189843], [47.3203842, 46.01880719999999], [47.3232732, 46.017634599999994], [47.3267374, 46.01695389999999], [47.3295201, 46.0173], [47.33226979999999, 46.016090999999996], [47.33611859999999, 46.00991560000001], [47.340436, 46.00847019999999], [47.343105099999995, 46.0066501], [47.3558214, 46.0066602], [47.3497796, 46.015542], [47.3510996, 46.0190534], [47.3536152, 46.0211139], [47.36291119999999, 46.02341009999999], [47.3646734, 46.0221288], [47.366136499999996, 46.0197138], [47.3675916, 46.0187787], [47.370168799999995, 46.0176822], [47.374037, 46.017067499999996], [47.37927059999999, 46.0174542], [47.3892186, 46.0168948], [47.3919018, 46.0163397], [47.39255349999999, 46.0163815], [47.393837, 46.017077199999996], [47.395114899999996, 46.0182391], [47.3967852, 46.01896709999999], [47.39827019999999, 46.0192322], [47.399378999999996, 46.01926769999999], [47.40819689999999, 46.0178173], [47.428474699999995, 46.0171786], [47.4519318, 46.0158444], [47.4740713, 46.015272], [47.485052499999995, 46.0168017], [47.491520699999995, 46.0150546], [47.49604179999999, 46.01641759999999], [47.497325499999995, 46.017966799999996], [47.498575499999994, 46.018321799999995], [47.5021173, 46.0181043], [47.50642489999999, 46.016772399999994], [47.5079265, 46.016308], [47.51349119999999, 46.0142599], [47.5205033, 46.013304999999995], [47.5251, 46.0135476], [47.53198859999999, 46.01490019999999], [47.533895799999996, 46.0143692], [47.5359684, 46.01224069999999], [47.5360039, 46.0091086], [47.5348131, 46.0065698], [47.5348993, 46.0028216], [47.5319683, 45.99964309999999], [47.529847, 45.9957176], [47.5289832, 45.99411899999999], [47.5250662, 45.98011919999999], [47.52425759999999, 45.9752058], [47.52743209999999, 45.9734547], [47.5331935, 45.972350299999995], [47.540561399999994, 45.9738616], [47.5483723, 45.974989], [47.5579707, 45.9715291], [47.5616017, 45.9688687], [47.5631808, 45.96551039999999], [47.5634828, 45.96486819999999], [47.57669479999999, 45.9569874], [47.57913659999999, 45.9560894], [47.5873008, 45.95651649999999], [47.6037149, 45.9561713], [47.607772999999995, 45.9549671], [47.6079341, 45.95491929999999], [47.60885849999999, 45.9541654], [47.6101415, 45.9514695], [47.6134759, 45.9482104], [47.61436549999999, 45.9462198], [47.61390209999999, 45.9444545], [47.612417, 45.9441041], [47.6095013, 45.9450363], [47.607036799999996, 45.94448589999999], [47.606141400000006, 45.9434562], [47.60732639999999, 45.94312699999999], [47.609801999999995, 45.942968300000004], [47.60999309999999, 45.9420516], [47.6062636, 45.9417798], [47.6061629, 45.94177249999999], [47.6050013, 45.941413299999994], [47.6036379, 45.94099169999999], [47.602790799999994, 45.9418309], [47.60221279999999, 45.9418216], [47.601719499999994, 45.9421702], [47.6006221, 45.94217239999999], [47.5999668, 45.94230449999999], [47.5989111, 45.9423242], [47.596622999999994, 45.94170900000001], [47.589427799999996, 45.9418265], [47.5879569, 45.9412372], [47.584274099999995, 45.9413908], [47.580942199999996, 45.94074439999999], [47.5783571, 45.9390668], [47.5779299, 45.93759519999999], [47.579361999999996, 45.9353142], [47.5859869, 45.93479109999999], [47.59197629999999, 45.93343500000001], [47.59321959999999, 45.932044399999995], [47.5999472, 45.92757569999999], [47.6007477, 45.92543259999999], [47.6010239, 45.9227063], [47.6015095, 45.92160689999999], [47.60202929999999, 45.92043], [47.605095799999994, 45.916670800000006], [47.605145400000005, 45.9152108], [47.6039312, 45.9145192], [47.60243299999999, 45.9144809], [47.600611199999996, 45.9146368], [47.5996353, 45.91456209999999], [47.5987894, 45.9143855], [47.5960959, 45.9131265], [47.5959392, 45.9128406], [47.5963564, 45.9106469], [47.599027299999996, 45.90845499999999], [47.59934489999999, 45.9060647], [47.598551199999996, 45.90509469999999], [47.5949585, 45.9033816], [47.592616899999996, 45.90371009999999], [47.589560899999995, 45.9057063], [47.5894682, 45.9057108], [47.5863704, 45.9058607], [47.58288869999999, 45.90465859999999], [47.581084999999995, 45.90240609999999], [47.581051, 45.9023637], [47.5811038, 45.8995397], [47.586006499999996, 45.89285319999999], [47.587196999999996, 45.89122939999999], [47.5881983, 45.8861169], [47.5886856, 45.884393800000005], [47.5899533, 45.87991079999999], [47.59142769999999, 45.874696199999995], [47.59086219999999, 45.8722215], [47.58906569999999, 45.8698011], [47.5805822, 45.86017569999999], [47.5775296, 45.8581741], [47.568055, 45.855898], [47.56116089999999, 45.8552687], [47.55321489999999, 45.85387179999999], [47.5435665, 45.8546595], [47.540974799999994, 45.8541824], [47.5394864, 45.8531203], [47.5396061, 45.8479536], [47.54064879999999, 45.84704349999999], [47.54008509999999, 45.8459377], [47.54042549999999, 45.84521999999999], [47.54041579999999, 45.8446097], [47.5403196, 45.843934], [47.5437167, 45.84337909999999], [47.54363589999999, 45.84238979999999], [47.55352119999999, 45.841260999999996], [47.5516916, 45.8307984], [47.5424367, 45.8268953], [47.533533899999995, 45.8221052], [47.5289756, 45.8181509], [47.5270368, 45.8163144], [47.5300022, 45.81581460000001], [47.5316323, 45.81561979999999], [47.54626569999999, 45.81370609999999], [47.5473159, 45.812230199999995], [47.5489407, 45.8120353], [47.55345419999999, 45.8129944], [47.5546015, 45.81288570000001], [47.56119939999999, 45.811470699999994], [47.56804579999999, 45.810776999999995], [47.574391, 45.810679], [47.586972, 45.8086056], [47.5956527, 45.8070002], [47.602921, 45.806338399999994], [47.6038002, 45.8010846], [47.602616399999995, 45.8002397], [47.60007649999999, 45.797109899999995], [47.59833509999999, 45.7917423], [47.5982575, 45.7896372], [47.5993578, 45.78572009999999], [47.59883769999999, 45.7842652], [47.5995578, 45.7832899], [47.6006155, 45.7827123], [47.6009241, 45.78210440000001], [47.6012163, 45.7808669], [47.60223539999999, 45.778948299999996], [47.6020337, 45.7778921], [47.6015373, 45.7772411], [47.60043399999999, 45.7768674], [47.5985018, 45.7769738], [47.5979598, 45.7768075], [47.59765599999999, 45.7761944], [47.59984239999999, 45.7714439], [47.5999488, 45.76906889999999], [47.6002249, 45.7672549], [47.6009219, 45.7647639], [47.6078611, 45.75729329999999], [47.610165699999996, 45.7499793], [47.61179299999999, 45.7464966], [47.6145234, 45.7420739], [47.6185711, 45.738580299999995], [47.620002, 45.73734499999999], [47.6200195, 45.7372773], [47.6236701, 45.7335928], [47.6300551, 45.7291191], [47.6339181, 45.7262617], [47.636582499999996, 45.72499109999999], [47.638841899999996, 45.72363159999999], [47.638574399999996, 45.7176142], [47.63626229999999, 45.7083384], [47.63643939999999, 45.7055332], [47.63765819999999, 45.701560099999995], [47.638213, 45.69654969999999], [47.63877959999999, 45.6929067], [47.6398321, 45.6888826], [47.64040539999999, 45.6875061], [47.64159849999999, 45.6864034], [47.64575429999999, 45.6845214], [47.64783719999999, 45.6837408], [47.6530523, 45.682781999999996], [47.6593317, 45.680896499999996], [47.6687167, 45.675948600000005], [47.6740881, 45.67183459999999], [47.6785205, 45.668337699999995], [47.6811418, 45.6657654], [47.68564949999999, 45.6622401], [47.6863998, 45.6610892], [47.6865682, 45.65895249999999], [47.68633419999999, 45.654948299999994], [47.6835153, 45.649744399999996], [47.6821372, 45.647294699999996], [47.67909399999999, 45.6436369], [47.6790226, 45.6407574], [47.6784741, 45.6368922], [47.67906229999999, 45.63505649999999], [47.6783471, 45.6328555], [47.6766424, 45.631081], [47.6745321, 45.6292184], [47.6792995, 45.620564300000005], [47.6813615, 45.61828419999999], [47.6840221, 45.6159119], [47.6853957, 45.61400079999999], [47.692003699999994, 45.606885999999996], [47.6961931, 45.60218330000001], [47.7007878, 45.59395529999999], [47.70784290000001, 45.58253199999999], [47.7106709, 45.571573199999996], [47.712235799999995, 45.5649787], [47.713826399999995, 45.5582747], [47.7138824, 45.55805089999999], [47.71389189999999, 45.5580248], [47.71394399999999, 45.5577914], [47.71492189999999, 45.5541148], [47.7162141, 45.5513199], [47.7169683, 45.545687699999995], [47.718412, 45.53751179999999], [47.7184536, 45.5372761], [47.719491899999994, 45.531394799999994], [47.719588, 45.5308506], [47.72317929999999, 45.51050440000001], [47.72373869999999, 45.507334799999995], [47.7237469, 45.5072883], [47.7262384, 45.493167699999994], [47.7539011, 45.423800099999994], [47.7590496, 45.40374099999999], [47.695198, 45.40200399999999], [47.625985400000005, 45.40341029999999]], [[46.937644, 45.76903389999999], [46.9376912, 45.7554704], [46.937732, 45.719035], [46.961401699999996, 45.7203463], [46.962247399999995, 45.7203931], [46.9774482, 45.759063], [46.98458970000001, 45.78085529999999], [46.937644, 45.76903389999999]], [[47.0151051, 46.0929021], [47.0124534, 46.0872276], [47.011211, 46.084717], [47.0097142, 46.0817212], [47.006272, 46.07449689999999], [47.007438699999994, 46.062872399999996], [47.00775639999999, 46.05867369999999], [47.008100999999996, 46.0556578], [47.01508329999999, 46.0550845], [47.02330129999999, 46.0541727], [47.04655739999999, 46.0538266], [47.07374209999999, 46.0533804], [47.087208, 46.05317349999999], [47.1038836, 46.0529724], [47.116645, 46.0537043], [47.12909009999999, 46.068962], [47.130441499999996, 46.078602599999996], [47.1310926, 46.0833458], [47.13272799999999, 46.094182999999994], [47.131915400000004, 46.097725499999996], [47.12982199999999, 46.1077768], [47.1289388, 46.11251239999999], [47.12826939999999, 46.1125995], [47.1271983, 46.1135224], [47.1264951, 46.1138773], [47.12578409999999, 46.114144200000005], [47.1247015, 46.114434499999994], [47.1244, 46.1144416], [47.1199482, 46.1142552], [47.115159399999996, 46.1142831], [47.1115974, 46.110666], [47.1108733, 46.11006419999999], [47.108382299999995, 46.1097201], [47.1008769, 46.110188799999996], [47.0955607, 46.109055], [47.088361299999995, 46.108007099999995], [47.087592, 46.107032399999994], [47.08276519999999, 46.1043086], [47.0770266, 46.1006204], [47.06668919999999, 46.10075509999999], [47.0644405, 46.1008452], [47.06191499999999, 46.100862199999995], [47.04298609999999, 46.1012819], [47.0347109, 46.1014641], [47.0151051, 46.0929021]]]]}}, {"type": "Feature", "properties": {"id": "mo-12640000", "name": "Наримановский муниципальный район", "region": "Астраханская область", "isCity": false, "sourceOktmo": "12-640-000-000", "sourceAgg": "Астрахань", "excelNames": ["Наримановский муниципальный район"], "oktmo": "12640000", "vgp": [{"year": 2019, "value": 34472789.45083816}, {"year": 2020, "value": 36974462.54658792}, {"year": 2021, "value": 35410049.75349189}, {"year": 2022, "value": 55018642.27205514}, {"year": 2023, "value": 73455110.18718232}, {"year": 2024, "value": 90626918.83964576}], "population": [{"year": 2019, "value": 48223.0}, {"year": 2020, "value": 47547.0}, {"year": 2021, "value": 46954.0}, {"year": 2022, "value": 46640.0}, {"year": 2023, "value": 47916.0}, {"year": 2024, "value": 47528.0}, {"year": 2025, "value": 47431.0}], "shipments": [{"year": 2019, "value": 21104857.4}, {"year": 2020, "value": 25765053.0}, {"year": 2021, "value": 20098719.6}, {"year": 2022, "value": 19266143.9}, {"year": 2023, "value": 22128799.3}, {"year": 2024, "value": 31647117.2}], "employees": [{"year": 2019, "value": 7851.0}, {"year": 2020, "value": 8502.0}, {"year": 2021, "value": 8255.0}, {"year": 2022, "value": 7934.0}, {"year": 2023, "value": 9457.0}, {"year": 2024, "value": 10271.0}], "investments": [{"year": 2019, "value": 5242338.0}, {"year": 2020, "value": 1280230.0}, {"year": 2021, "value": 1524808.0}, {"year": 2022, "value": 1256798.0}, {"year": 2023, "value": 1830183.0}, {"year": 2024, "value": 3543738.0}], "vgp2024": 90626918.83964576, "pop2024": 47528.0, "ship2024": 31647117.2, "emp2024": 10271.0, "inv2024": 3543738.0}, "geometry": {"type": "MultiPolygon", "coordinates": [[[[48.19518719999999, 46.46357139999999], [48.1929366, 46.462929499999994], [48.18981639999999, 46.46265869999999], [48.18760379999999, 46.4625894], [48.18451129999999, 46.462778199999995], [48.1805484, 46.4635903], [48.17749839999999, 46.46440749999999], [48.1748616, 46.4655765], [48.17276, 46.4661406], [48.1702709, 46.4662205], [48.16835499999999, 46.46669099999999], [48.1667481, 46.4675948], [48.164187899999995, 46.4699545], [48.1634827, 46.47099699999999], [48.1634444, 46.4717303], [48.1637085, 46.4725093], [48.163734399999996, 46.47343709999999], [48.1629404, 46.47461059999999], [48.16218919999999, 46.475127199999996], [48.160002399999996, 46.4760081], [48.15847569999999, 46.476259], [48.154921099999996, 46.476413], [48.15263529999999, 46.476774899999995], [48.15030939999999, 46.476833500000005], [48.14831910000001, 46.4767355], [48.1466039, 46.4762159], [48.14423969999999, 46.4751437], [48.1432109, 46.47428949999999], [48.1423087, 46.47386449999999], [48.14114849999999, 46.4737957], [48.1380166, 46.4742308], [48.1363839, 46.4742576], [48.1333247, 46.4734093], [48.13231849999999, 46.473392000000004], [48.129813, 46.47411739999999], [48.1279828, 46.4745382], [48.1264084, 46.4746497], [48.12521689999999, 46.47450229999999], [48.1238053, 46.47372579999999], [48.1231923, 46.4736995], [48.12276979999999, 46.4738244], [48.1225524, 46.4742406], [48.1224122, 46.474795], [48.1220463, 46.4747708], [48.12107439999999, 46.47471999999999], [48.12041719999999, 46.4746858], [48.11895379999999, 46.474006], [48.11830669999999, 46.4740758], [48.1176738, 46.4742605], [48.1172253, 46.47438609999999], [48.11678929999999, 46.47445909999999], [48.116333399999995, 46.47445539999999], [48.11543950000001, 46.4741702], [48.1153977, 46.4739122], [48.1154364, 46.47363599999999], [48.115594, 46.4733851], [48.1160885, 46.473056799999995], [48.11632929999999, 46.4728522], [48.11646149999999, 46.472612899999994], [48.11651019999999, 46.47232559999999], [48.1164594, 46.471983099999996], [48.1163218, 46.471717], [48.116082899999995, 46.47140859999999], [48.1156948, 46.4711385], [48.11539470000001, 46.4710335], [48.11511149999999, 46.4710465], [48.1143067, 46.4712268], [48.1139036, 46.47128279999999], [48.113384499999995, 46.4713131], [48.11307109999999, 46.47138999999999], [48.112827599999996, 46.4715478], [48.1129012, 46.4716969], [48.11346089999999, 46.47210449999999], [48.1135604, 46.472252899999994], [48.1134599, 46.472378899999995], [48.113209000000005, 46.4724092], [48.1128655, 46.4724132], [48.11222969999999, 46.4723621], [48.1118856, 46.4723553], [48.11162499999999, 46.472491899999994], [48.1110926, 46.47329359999999], [48.11096959999999, 46.473556099999996], [48.1109717, 46.4737287], [48.1111345, 46.4738431], [48.111798199999996, 46.474066099999995], [48.1121788, 46.4742087], [48.112627, 46.4746229], [48.1127561, 46.4748785], [48.112805, 46.4751867], [48.1126656, 46.47543699999999], [48.112271699999994, 46.47583639999999], [48.11203809999999, 46.4759885], [48.111703299999995, 46.4760102], [48.1108981, 46.475800899999996], [48.11023169999999, 46.475532900000005], [48.10981759999999, 46.475396599999996], [48.10922209999999, 46.4753679], [48.10801769999999, 46.47546359999999], [48.107414899999995, 46.4755809], [48.10665339999999, 46.4755906], [48.10626619999999, 46.47537619999999], [48.1057183, 46.4750421], [48.1050086, 46.474696], [48.104403, 46.474537999999995], [48.10400099999999, 46.47447509999999], [48.10346109999999, 46.4745528], [48.10322849999999, 46.4747661], [48.10314439999999, 46.47530269999999], [48.1031778, 46.4755718], [48.1031358, 46.4758373], [48.1029336, 46.47599399999999], [48.102610999999996, 46.4760476], [48.1020114, 46.47600289999999], [48.1014945, 46.475628199999996], [48.1015165, 46.47542059999999], [48.101447900000004, 46.47508419999999], [48.1011833, 46.474416899999994], [48.10098299999999, 46.473916599999995], [48.1008533, 46.4736502], [48.1007616, 46.4734566], [48.100730600000006, 46.4731875], [48.100832, 46.4729544], [48.10109129999999, 46.4726596], [48.1011972, 46.4723868], [48.101125599999996, 46.4721367], [48.1010652, 46.4719458], [48.1011619, 46.47162839999999], [48.10142, 46.4713118], [48.1019723, 46.47099459999999], [48.1026109, 46.47077929999999], [48.10306169999999, 46.4705547], [48.1036751, 46.4704409], [48.1042497, 46.470470399999996], [48.10464519999999, 46.470556699999996], [48.1050285, 46.4707029], [48.1053767, 46.4709633], [48.1055215, 46.47121860000001], [48.10550779999999, 46.4718487], [48.10566779999999, 46.4720962], [48.10619369999999, 46.4723247], [48.10660149999999, 46.4723478], [48.106971800000004, 46.4722641], [48.1073799, 46.472039699999996], [48.107603899999994, 46.471859099999996], [48.10819589999999, 46.47109449999999], [48.108292799999994, 46.470922699999996], [48.1084164, 46.470807799999996], [48.1087547, 46.4706188], [48.1089445, 46.4702536], [48.1094627, 46.46960969999999], [48.10949409999999, 46.46947399999999], [48.1094028, 46.4694261], [48.109129, 46.4696026], [48.108876, 46.4697319], [48.1076782, 46.4697699], [48.1053988, 46.46975979999999], [48.1038042, 46.46967359999999], [48.10196069999999, 46.469308], [48.1014095, 46.469188], [48.10108639999999, 46.4692292], [48.0999028, 46.4697563], [48.0992487, 46.46999869999999], [48.09910409999999, 46.4707513], [48.0988651, 46.471263400000005], [48.0983842, 46.4721544], [48.0980292, 46.472550899999995], [48.097432, 46.4729054], [48.0947883, 46.4743661], [48.0932268, 46.4751398], [48.0924254, 46.475379200000006], [48.0919555, 46.475550299999995], [48.0914919, 46.475776999999994], [48.0903655, 46.476858199999995], [48.089959199999996, 46.477454], [48.0896026, 46.47819509999999], [48.08895989999999, 46.4794936], [48.0885359, 46.4800574], [48.0879572, 46.4806002], [48.08762509999999, 46.4808625], [48.0872847, 46.48109709999999], [48.086748899999996, 46.481414699999995], [48.0864199, 46.481492], [48.08545229999999, 46.4815181], [48.08447079999999, 46.481571499999994], [48.0841764, 46.481709099999996], [48.08376299999999, 46.48213580000001], [48.0830756, 46.483246599999994], [48.083135999999996, 46.4839017], [48.083267, 46.484191499999994], [48.0833613, 46.4844301], [48.0836336, 46.48579019999999], [48.0837135, 46.48632789999999], [48.083725599999994, 46.486680199999995], [48.0836058, 46.4871404], [48.0836356, 46.4873916], [48.083581099999996, 46.4877187], [48.08339139999999, 46.4880963], [48.0830197, 46.48820069999999], [48.08289649999999, 46.48818779999999], [48.0824974, 46.4880403], [48.081628699999996, 46.4876481], [48.081192200000004, 46.4874863], [48.08053389999999, 46.487363699999996], [48.0799378, 46.4873222], [48.07947970000001, 46.48728400000001], [48.07872019999999, 46.4871193], [48.07828789999999, 46.4870752], [48.077807299999996, 46.48696389999999], [48.0775169, 46.48671259999999], [48.07711809999999, 46.4863257], [48.075060799999996, 46.4850423], [48.0735316, 46.4844879], [48.07238809999999, 46.484119299999996], [48.07219049999999, 46.4841065], [48.0715513, 46.48418130000001], [48.0708019, 46.4841493], [48.0697794, 46.4838744], [48.069321, 46.483643799999996], [48.0687593, 46.483243300000005], [48.0681773, 46.482994399999995], [48.0670742, 46.4830636], [48.06647039999999, 46.48315219999999], [48.06548519999999, 46.4832795], [48.0673838, 46.4902945], [48.0677844, 46.4917767], [48.0728374, 46.5041275], [48.07199769999999, 46.5042538], [48.071959099999994, 46.504574500000004], [48.072494, 46.5053194], [48.07334889999999, 46.5103979], [48.0714459, 46.5105767], [48.06807909999999, 46.51091], [48.063726, 46.51130199999999], [48.06126019999999, 46.5117226], [48.05983080000001, 46.511838399999995], [48.05354299999999, 46.512468899999995], [48.04674539999999, 46.513110899999994], [48.04557940000001, 46.51323190000001], [48.04377209999999, 46.5134096], [48.0435382, 46.5130002], [48.04270679999999, 46.511554200000006], [48.0412908, 46.50914019999999], [48.040221499999994, 46.5078182], [48.0392318, 46.507267], [48.032455899999995, 46.50419019999999], [48.03142629999999, 46.503807300000005], [48.030261, 46.5033756], [48.0244691, 46.5035023], [48.023810399999995, 46.50351419999999], [48.0234704, 46.5030802], [48.020528199999994, 46.49933669999999], [48.0134336, 46.491876899999994], [48.006064099999996, 46.485744], [47.9987313, 46.480061899999995], [47.9945267, 46.47716979999999], [47.99940519999999, 46.47352049999999], [47.9974483, 46.4722048], [47.9974048, 46.4682993], [47.9976536, 46.46793579999999], [47.9985796, 46.467881899999995], [48.006297399999994, 46.46808639999999], [48.0132185, 46.46829499999999], [48.020158099999996, 46.468525299999996], [48.020285, 46.467440499999995], [48.0235992, 46.4674019], [48.027701099999994, 46.4672443], [48.029685699999995, 46.468730799999996], [48.0312321, 46.46850599999999], [48.03229279999999, 46.4684527], [48.03518809999999, 46.4684472], [48.0433699, 46.46741049999999], [48.0523131, 46.4553658], [48.0523052, 46.45528169999999], [48.0527439, 46.45470139999999], [48.05267659999999, 46.4542426], [48.05258249999999, 46.454138900000004], [48.051875599999995, 46.4540229], [48.051363599999995, 46.45390149999999], [48.05122209999999, 46.4538369], [48.051164299999996, 46.453641499999996], [48.051155099999995, 46.4533375], [48.0513342, 46.4526311], [48.05133699999999, 46.45240059999999], [48.0512263, 46.4520042], [48.051265699999995, 46.45182319999999], [48.0515337, 46.4516812], [48.05172309999999, 46.4515753], [48.051841399999994, 46.4513633], [48.05173009999999, 46.45114159999999], [48.051520599999996, 46.4510283], [48.0510631, 46.4508552], [48.05100159999999, 46.450732699999996], [48.0510563, 46.4502662], [48.0511904, 46.4500592], [48.05248859999999, 46.4493894], [48.0532583, 46.4488911], [48.053950199999996, 46.4482769], [48.0543792, 46.447662799999996], [48.0546738, 46.4469747], [48.054916799999994, 46.4462423], [48.055265, 46.44562659999999], [48.05571, 46.4450191], [48.0564359, 46.44417829999999], [48.0566572, 46.44376199999999], [48.0566977, 46.44332190000001], [48.056605, 46.4428296], [48.05636199999999, 46.442110899999996], [48.05629919999999, 46.4415783], [48.05634169999999, 46.44117219999999], [48.0566469, 46.440674699999995], [48.0568748, 46.4403771], [48.05696029999999, 46.4401822], [48.0569176, 46.4399764], [48.0567397, 46.43972749999999], [48.055515799999995, 46.4387877], [48.05572229999999, 46.438327], [48.05629269999999, 46.4377323], [48.0571923, 46.4365045], [48.057500299999994, 46.43577739999999], [48.0575972, 46.43518469999999], [48.057567199999994, 46.434510599999996], [48.05743819999999, 46.433777899999995], [48.0573971, 46.4335131], [48.0571701, 46.432484499999994], [48.0570536, 46.43156619999999], [48.0570569, 46.4307853], [48.05700989999999, 46.4285932], [48.057246299999996, 46.42761350000001], [48.05794589999999, 46.4261553], [48.058504, 46.4255285], [48.059742199999995, 46.424404], [48.0611962, 46.4231902], [48.0629017, 46.4210178], [48.063214, 46.420649399999995], [48.06353390000001, 46.4193939], [48.063542299999995, 46.41884749999999], [48.0634684, 46.4182251], [48.06363029999999, 46.4177709], [48.0636717, 46.41669029999999], [48.06368659999999, 46.41621299999999], [48.06364059999999, 46.4155773], [48.06371699999999, 46.4151775], [48.06381749999999, 46.4146504], [48.0638651, 46.4139186], [48.0634954, 46.4134067], [48.0634204, 46.41192869999999], [48.064276799999995, 46.410685799999996], [48.06529789999999, 46.409523099999994], [48.0689325, 46.4059833], [48.06868879999999, 46.4046522], [48.0683554, 46.4026476], [48.067707199999994, 46.3987469], [48.0675757, 46.39816019999999], [48.0671522, 46.3964054], [48.0669079, 46.39566889999999], [48.06648210000001, 46.3946958], [48.06635899999999, 46.3944143], [48.0657765, 46.3913039], [48.06549259999999, 46.3894726], [48.0611299, 46.38976399999999], [48.052566, 46.38912669999999], [48.04905899999999, 46.3891133], [48.04414049999999, 46.38980939999999], [48.037226999999994, 46.39258809999999], [48.03198979999999, 46.3955395], [48.025769399999994, 46.400753300000005], [48.01948659999999, 46.4059936], [48.013444699999994, 46.4108423], [48.0067738, 46.4158763], [48.004675299999995, 46.4173601], [47.996930899999995, 46.421842], [47.9892844, 46.427989], [47.9833783, 46.4350305], [47.98000029999999, 46.444144400000006], [47.97801259999999, 46.4584065], [47.9785636, 46.4648044], [47.9791809, 46.4685984], [47.97933580000001, 46.469647], [47.9750661, 46.4697919], [47.97480019999999, 46.46980090000001], [47.969212899999995, 46.469676299999996], [47.9659194, 46.4694812], [47.9652847, 46.469396599999996], [47.96486629999999, 46.469316899999995], [47.963386199999995, 46.46916830000001], [47.96301489999999, 46.4691108], [47.962299099999996, 46.468990999999995], [47.96165709999999, 46.469012299999996], [47.961175999999995, 46.46897], [47.96092629999999, 46.47028089999999], [47.96075069999999, 46.470624599999994], [47.960554900000005, 46.470841199999995], [47.9604993, 46.4708482], [47.960381399999996, 46.4706528], [47.9603563, 46.4706001], [47.960167199999994, 46.470462500000004], [47.95937279999999, 46.4698448], [47.95877459999999, 46.46935349999999], [47.9586483, 46.469265699999994], [47.9582267, 46.46894129999999], [47.958275, 46.4689024], [47.9579224, 46.4685838], [47.9562462, 46.467242999999996], [47.95587539999999, 46.466901699999994], [47.954026799999994, 46.4653876], [47.9520996, 46.4637459], [47.9508535, 46.4627263], [47.9495895, 46.4617167], [47.9490337, 46.461251999999995], [47.9479508, 46.460346400000006], [47.946942099999994, 46.4594784], [47.9464811, 46.4590046], [47.945582099999996, 46.45797389999999], [47.9452353, 46.45745939999999], [47.944662599999994, 46.456415699999994], [47.94439189999999, 46.45572489999999], [47.94433229999999, 46.455573099999995], [47.944233, 46.4548828], [47.94404029999999, 46.4539098], [47.94404759999999, 46.4538566], [47.94449339999999, 46.4537147], [47.945092100000004, 46.447037599999994], [47.9453774, 46.4442459], [47.94563409999999, 46.4416102], [47.945918, 46.4400288], [47.9468535, 46.43618289999999], [47.94793069999999, 46.4316342], [47.948469100000004, 46.4295257], [47.948582599999995, 46.429018199999994], [47.94943069999999, 46.4278471], [47.9501956, 46.42669599999999], [47.95090079999999, 46.42564149999999], [47.9516359, 46.424587499999994], [47.95231429999999, 46.42374819999999], [47.953557800000006, 46.4222063], [47.955265999999995, 46.42018360000001], [47.9559315, 46.41939550000001], [47.9568927, 46.4175997], [47.9586189, 46.41166479999999], [47.96008669999999, 46.4116653], [47.96291480000001, 46.403466], [47.9646591, 46.3995682], [47.9750666, 46.400409599999996], [47.9792837, 46.4012355], [47.979073699999994, 46.4027952], [47.9803183, 46.40346589999999], [47.98086669999999, 46.403577899999995], [47.985130299999994, 46.404007899999996], [47.9895855, 46.40466249999999], [47.989099499999995, 46.4052858], [47.98863719999999, 46.40518], [47.9866603, 46.404842], [47.986714199999994, 46.4054113], [47.9855521, 46.40764209999999], [47.98632789999999, 46.4079652], [47.9870112, 46.4082477], [47.987723599999995, 46.408549199999996], [47.988074, 46.40818649999999], [47.9886164, 46.4084006], [47.9882391, 46.4087639], [47.9884686, 46.40886979999999], [47.9885093, 46.40870389999999], [47.988718500000004, 46.408489], [47.988739, 46.4084501], [47.9897589, 46.4072504], [47.9924704, 46.4043489], [47.9946659, 46.401736799999995], [47.9979215, 46.3980277], [47.9982935, 46.3974415], [47.9987702, 46.3966666], [47.99893569999999, 46.39619549999999], [47.9991207, 46.39572499999999], [48.0025363, 46.3962278], [48.00246649999999, 46.39646510000001], [48.0024481, 46.396519], [48.0024171, 46.396618499999995], [48.002675, 46.396667099999995], [48.0026627, 46.396980199999994], [48.00318959999999, 46.397008899999996], [48.003187100000005, 46.397051000000005], [48.0033783, 46.397215], [48.0034835, 46.3975998], [48.0076549, 46.39798179999999], [48.00777029999999, 46.3973222], [48.007905599999994, 46.3967228], [48.0092301, 46.3946432], [48.005231, 46.3936507], [48.0028431, 46.3937069], [48.004588399999996, 46.392415699999994], [48.004789, 46.3911662], [48.0049894, 46.390666499999995], [48.00559109999999, 46.3892644], [48.013019199999995, 46.3928571], [48.014989699999994, 46.393684199999996], [48.01670899999999, 46.3944438], [48.017157499999996, 46.394023], [48.0173684, 46.39243450000001], [48.0173685, 46.3908733], [48.0168883, 46.3892005], [48.0179844, 46.389141900000006], [48.01917319999999, 46.388804199999996], [48.0200849, 46.388177999999996], [48.020576399999996, 46.387432], [48.0207002, 46.38657789999999], [48.0202006, 46.3852093], [48.0190717, 46.385125599999995], [48.018549799999995, 46.38437609999999], [48.01766679999999, 46.3832099], [48.016643099999996, 46.3819052], [48.0157534, 46.380541699999995], [48.0138137, 46.378188], [48.01265140000001, 46.3766643], [48.0119241, 46.3756496], [48.011365899999994, 46.3757144], [48.0104629, 46.3757977], [48.0093602, 46.3759644], [48.0083573, 46.37588130000001], [48.006953, 46.37568709999999], [48.0040849, 46.3753262], [48.00268079999999, 46.375173600000004], [47.9995718, 46.3733135], [47.9969785, 46.373564], [47.9960417, 46.3738132], [47.9919922, 46.37448289999999], [47.988018999999994, 46.374312499999995], [47.986965899999994, 46.3738144], [47.986494699999994, 46.37359059999999], [47.9847301, 46.3722576], [47.98413299999999, 46.371853], [47.9811163, 46.3708086], [47.97708039999999, 46.3709209], [47.96700249999999, 46.3684781], [47.96218979999999, 46.367366200000006], [47.9601849, 46.3668103], [47.9604262, 46.36581069999999], [47.9625914, 46.3664778], [47.9631333, 46.3661863], [47.9631588, 46.366137900000005], [47.9631344, 46.3643261], [47.9632249, 46.36429379999999], [47.964538399999995, 46.3638268], [47.96597959999999, 46.3606745], [47.967228799999994, 46.35917769999999], [47.96759109999999, 46.35874389999999], [47.9694419, 46.3583638], [47.97017499999999, 46.358227899999996], [47.9711689, 46.357672], [47.97207449999999, 46.3565924], [47.967207499999994, 46.35098779999999], [47.9634481, 46.3466263], [47.962965, 46.346081], [47.96229749999999, 46.3454249], [47.9617289, 46.3449519], [47.961262299999994, 46.3446175], [47.961234899999994, 46.3439877], [47.961073, 46.34393279999999], [47.96111009999999, 46.34384239999999], [47.9609486, 46.34379259999999], [47.9609866, 46.3436843], [47.961258699999995, 46.34341460000001], [47.9610703, 46.34341549999999], [47.9612759, 46.3422687], [47.9613863, 46.3419289], [47.9613696, 46.3394866], [47.9640347, 46.33988089999999], [47.9640106, 46.3407812], [47.96497399999999, 46.3408192], [47.96498369999999, 46.340520299999994], [47.965961799999995, 46.340590299999995], [47.966550899999994, 46.34052989999999], [47.967350499999995, 46.3405379], [47.96772380000001, 46.34031430000001], [47.9694624, 46.340129], [47.9707628, 46.34015339999999], [47.9743569, 46.3401724], [47.9760548, 46.3393442], [47.97658249999999, 46.33680259999999], [47.976199199999996, 46.3368548], [47.97637709999999, 46.3362547], [47.9767519, 46.33554680000001], [47.9769954, 46.334961], [47.977017399999994, 46.334600599999995], [47.97690659999999, 46.334047299999995], [47.9766195, 46.33339639999999], [47.976346099999994, 46.332822900000004], [47.975360099999996, 46.33258729999999], [47.9734683, 46.331002700000006], [47.97146649999999, 46.3292725], [47.9692193, 46.327258900000004], [47.96953039999999, 46.3270717], [47.9693547, 46.32670649999999], [47.9691314, 46.32637239999999], [47.969125299999995, 46.3263584], [47.9690408, 46.326232899999994], [47.9689549, 46.3261083], [47.9685974, 46.3257109], [47.968519799999996, 46.325534299999994], [47.9685122, 46.3253168], [47.968636200000006, 46.3251862], [47.9687702, 46.3249367], [47.968972799999996, 46.32460689999999], [47.96870839999999, 46.3243938], [47.96870179999999, 46.3243878], [47.9688504, 46.3243333], [47.967493399999995, 46.3226166], [47.9673138, 46.32207009999999], [47.9661309, 46.320434999999996], [47.9645338, 46.3179273], [47.963448699999994, 46.318301899999994], [47.9619464, 46.3187408], [47.960715799999996, 46.3194218], [47.960156899999994, 46.3195691], [47.9568136, 46.319634199999996], [47.95298199999999, 46.3194317], [47.9520476, 46.31925729999999], [47.950377100000004, 46.319286], [47.9510791, 46.3153814], [47.9511349, 46.31513609999999], [47.9517759, 46.31438049999999], [47.9512045, 46.314350299999994], [47.9511225, 46.308780999999996], [47.951317599999996, 46.3086913], [47.9519799, 46.3086506], [47.9519681, 46.303615699999995], [47.946625299999994, 46.30278929999999], [47.9428974, 46.3025151], [47.941664, 46.3024237], [47.9399175, 46.30229609999999], [47.9337491, 46.3010899], [47.927198100000005, 46.30057289999999], [47.9227183, 46.29807079999999], [47.9216739, 46.29745609999999], [47.9215242, 46.29737529999999], [47.9227364, 46.2971303], [47.9232927, 46.29694679999999], [47.92353489999999, 46.2967679], [47.92372209999999, 46.2964806], [47.9237205, 46.2962558], [47.92361399999999, 46.2961073], [47.9231976, 46.29603879999999], [47.922776500000005, 46.29607839999999], [47.92222999999999, 46.296148], [47.92103199999999, 46.29622369999999], [47.91997769999999, 46.2962165], [47.9190817, 46.29616190000001], [47.91780889999999, 46.295996599999995], [47.9174284, 46.2958713], [47.917177, 46.295731999999994], [47.9165468, 46.2953036], [47.9159838, 46.2950364], [47.9140522, 46.29439479999999], [47.91235389999999, 46.293943299999995], [47.9111871, 46.2936743], [47.909704399999995, 46.2932749], [47.909018499999995, 46.29314479999999], [47.9067929, 46.29263459999999], [47.9054053, 46.2923775], [47.90445559999999, 46.29179880000001], [47.9022875, 46.2908031], [47.9010781, 46.29012039999999], [47.90028579999999, 46.2895161], [47.89939849999999, 46.2886894], [47.899607599999996, 46.28822329999999], [47.899972399999996, 46.28805580000001], [47.9005419, 46.28792979999999], [47.9014203, 46.2879974], [47.9019902, 46.2880279], [47.902509499999994, 46.288030899999995], [47.902782, 46.2879789], [47.90286969999999, 46.287773599999994], [47.902843, 46.2874142], [47.9026106, 46.2871952], [47.8997333, 46.28627879999999], [47.8990356, 46.286033599999996], [47.8980214, 46.2858669], [47.89739589999999, 46.2856703], [47.8962579, 46.28520439999999], [47.8949675, 46.2847028], [47.8941482, 46.2841936], [47.89372459999999, 46.28369330000001], [47.8931849, 46.2829585], [47.8926613, 46.28242649999999], [47.8921921, 46.281993899999996], [47.8914645, 46.2814348], [47.8909345, 46.281126], [47.8903121, 46.2808396], [47.889834, 46.28058169999999], [47.88918209999999, 46.2801753], [47.888457499999994, 46.27982299999999], [47.88789439999999, 46.2796232], [47.88791929999999, 46.279455199999994], [47.8881462, 46.2792739], [47.8891824, 46.2795357], [47.89016399999999, 46.2796962], [47.89137, 46.2796531], [47.8936535, 46.2788143], [47.894484199999994, 46.278579199999996], [47.8961422, 46.27833019999999], [47.8975825, 46.2783891], [47.89913719999999, 46.2784953], [47.89991309999999, 46.2784469], [47.9006749, 46.2781477], [47.90182819999999, 46.27728], [47.9020529, 46.2769197], [47.90241339999999, 46.2762251], [47.9028015, 46.2758607], [47.9038735, 46.27547359999999], [47.9047192, 46.2754017], [47.9059589, 46.2753864], [47.90660739999999, 46.2752349], [47.907745399999996, 46.27453129999999], [47.9085363, 46.2743546], [47.9082455, 46.27411740000001], [47.9071621, 46.2736848], [47.905857499999996, 46.27339369999999], [47.9042515, 46.27320629999999], [47.9016602, 46.2731891], [47.900121999999996, 46.2731039], [47.897054499999996, 46.2727932], [47.8961117, 46.2727171], [47.8947468, 46.27246319999999], [47.893048, 46.2718104], [47.89163959999999, 46.271327500000005], [47.8905832, 46.27098839999999], [47.889730899999996, 46.2709156], [47.88747039999999, 46.2708786], [47.886521699999996, 46.27077990000001], [47.884259799999995, 46.27038829999999], [47.882976799999994, 46.270398], [47.8825914, 46.27053599999999], [47.8816864, 46.2711189], [47.8813764, 46.2711681], [47.8809038, 46.27101600000001], [47.880242599999995, 46.27077890000001], [47.87924039999999, 46.27056309999999], [47.87879519999999, 46.270388999999994], [47.8785817, 46.27022529999999], [47.878358, 46.2698207], [47.87811659999999, 46.2695225], [47.877618999999996, 46.26933369999999], [47.8769489, 46.2691417], [47.876107399999995, 46.269028000000006], [47.87560739999999, 46.2689453], [47.8751151, 46.2689577], [47.87439229999999, 46.26912699999999], [47.873633299999995, 46.26933869999999], [47.8730054, 46.2695846], [47.8725079, 46.2696979], [47.8719129, 46.26978129999999], [47.8715605, 46.26989089999999], [47.87136499999999, 46.27002000000001], [47.8712745, 46.26997719999999], [47.87111649999999, 46.2696565], [47.871523599999996, 46.2663169], [47.8714698, 46.2660679], [47.8716519, 46.26457969999999], [47.87158749999999, 46.264576299999995], [47.87166249999999, 46.2639276], [47.8717273, 46.2639311], [47.8722714, 46.259573499999995], [47.87207709999999, 46.2595653], [47.87301459999999, 46.258745899999994], [47.87707090000001, 46.2552858], [47.8787894, 46.25366149999999], [47.87697, 46.2529551], [47.8754627, 46.2525032], [47.8739896, 46.2521597], [47.873396199999995, 46.25199489999999], [47.8721102, 46.251637599999995], [47.8695282, 46.2510218], [47.8692341, 46.25095], [47.86881249999999, 46.250976599999994], [47.86818689999999, 46.251116399999994], [47.8678703, 46.25091549999999], [47.8675862, 46.25058609999999], [47.86710779999999, 46.2503173], [47.866880699999996, 46.2501376], [47.86427629999999, 46.247810799999996], [47.863801, 46.2478374], [47.8636141, 46.2478489], [47.86163849999999, 46.248472], [47.8612301, 46.248548799999995], [47.8604046, 46.24843429999999], [47.85985649999999, 46.2484713], [47.8591019, 46.248625], [47.85852419999999, 46.248588999999996], [47.856907699999994, 46.24841489999999], [47.855919699999994, 46.24842329999999], [47.8553399, 46.248493499999995], [47.854906099999994, 46.2487345], [47.85454579999999, 46.249294199999994], [47.8541959, 46.2495512], [47.8537621, 46.249641100000005], [47.8532344, 46.24962], [47.8525973, 46.2495727], [47.852068599999996, 46.2495302], [47.8506417, 46.249525899999995], [47.8500987, 46.249409899999996], [47.84984169999999, 46.24910129999999], [47.8494787, 46.248498399999995], [47.8490504, 46.24823909999999], [47.8479611, 46.24779509999999], [47.8476676, 46.2477339], [47.84646959999999, 46.247943500000005], [47.8453739, 46.248078500000005], [47.844548399999994, 46.248313100000004], [47.84333649999999, 46.2487084], [47.8411278, 46.2486893], [47.83913129999999, 46.2486377], [47.8342775, 46.2487465], [47.8337203, 46.2485676], [47.8330119, 46.248513100000004], [47.831884599999995, 46.248175499999995], [47.8304653, 46.248287899999994], [47.8284719, 46.2486013], [47.82580289999999, 46.24911139999999], [47.825162999999996, 46.2492909], [47.822493099999996, 46.2490738], [47.82082319999999, 46.2492282], [47.8195539, 46.249455299999994], [47.81695640000001, 46.2500768], [47.8150558, 46.2505732], [47.8143785, 46.25112969999999], [47.8138069, 46.2513686], [47.812937, 46.25150130000001], [47.812363899999994, 46.2515892], [47.805984599999995, 46.25177179999999], [47.8033558, 46.2516686], [47.80163369999999, 46.2514171], [47.8009984, 46.2513714], [47.8000239, 46.2514798], [47.7990757, 46.2516485], [47.79637739999999, 46.2524402], [47.7954979, 46.2528988], [47.79368169999999, 46.2540226], [47.792665799999995, 46.25444139999999], [47.7917948, 46.254557899999995], [47.78987779999999, 46.25453230000001], [47.788762999999996, 46.254490999999994], [47.78827729999999, 46.2543282], [47.7880013, 46.25399829999999], [47.78770539999999, 46.25342609999999], [47.7872481, 46.2523791], [47.786932699999994, 46.251217], [47.785578199999996, 46.2500694], [47.7835726, 46.249927099999994], [47.77953699999999, 46.24956379999999], [47.77669889999999, 46.24960889999999], [47.77337279999999, 46.24973949999999], [47.7695551, 46.2493258], [47.76835689999999, 46.2495346], [47.7673042, 46.2502924], [47.767110599999995, 46.25108329999999], [47.7672753, 46.2517775], [47.766984599999994, 46.252940599999995], [47.76471589999999, 46.2534793], [47.76172849999999, 46.25370929999999], [47.7594889, 46.25389789999999], [47.75835579999999, 46.2537218], [47.757057999999994, 46.2537078], [47.755912499999994, 46.25398899999999], [47.753921, 46.2548689], [47.75266320000001, 46.2556584], [47.750209999999996, 46.2565438], [47.7485407, 46.25656029999999], [47.74565509999999, 46.25511600000001], [47.7428441, 46.25311059999999], [47.7373023, 46.2525149], [47.73192619999999, 46.252133099999995], [47.7181008, 46.2510837], [47.715186, 46.2506196], [47.7124439, 46.2500718], [47.711152299999995, 46.2495461], [47.7042, 46.2481747], [47.70114569999999, 46.2464217], [47.70087139999999, 46.245582399999996], [47.701231799999995, 46.244728099999996], [47.70300809999999, 46.2428602], [47.7060237, 46.2408819], [47.7080155, 46.24026909999999], [47.7070203, 46.2366846], [47.70231840000001, 46.2297078], [47.694311799999994, 46.2173345], [47.6934721, 46.2160585], [47.69250559999999, 46.21483959999999], [47.69161189999999, 46.2137808], [47.69085189999999, 46.2128089], [47.6892458, 46.2109569], [47.6884415, 46.210047499999995], [47.684473200000006, 46.2100268], [47.6794958, 46.2097711], [47.6733307, 46.20988760000001], [47.6636405, 46.2102077], [47.6550805, 46.21131069999999], [47.6494274, 46.21171089999999], [47.647920199999994, 46.21135689999999], [47.64373569999999, 46.20990729999999], [47.639180399999994, 46.209808499999994], [47.6339042, 46.210543], [47.63279349999999, 46.2106746], [47.631990699999996, 46.2110204], [47.62972909999999, 46.213991699999994], [47.6283766, 46.2148197], [47.627951, 46.214874200000004], [47.62445219999999, 46.21461209999999], [47.6240574, 46.2142885], [47.60917260000001, 46.214723899999996], [47.59800249999999, 46.214998099999995], [47.5934064, 46.21511259999999], [47.5868478, 46.2154526], [47.57411969999999, 46.21590539999999], [47.5709789, 46.2159594], [47.570548599999995, 46.2108902], [47.570009600000006, 46.205553699999996], [47.5686945, 46.1994248], [47.56844579999999, 46.19028470000001], [47.5662235, 46.18502689999999], [47.5661879, 46.18371679999999], [47.5832757, 46.183491399999994], [47.5849884, 46.182244299999994], [47.5853052, 46.1820967], [47.58674419999999, 46.18176749999999], [47.587597, 46.1816692], [47.5944007, 46.181462], [47.5982193, 46.1823452], [47.60196719999999, 46.18290679999999], [47.605080799999996, 46.1827975], [47.6072201, 46.1823871], [47.6097302, 46.18155480000001], [47.6113185, 46.1805106], [47.612369599999994, 46.1795174], [47.6123548, 46.1780183], [47.6106043, 46.17640389999999], [47.60873699999999, 46.1750761], [47.6069714, 46.1747154], [47.6040701, 46.1747423], [47.60155939999999, 46.1747604], [47.5994436, 46.1743], [47.5913489, 46.1649413], [47.57740969999999, 46.164872499999994], [47.577336499999994, 46.1618989], [47.57614159999999, 46.1618537], [47.574700299999996, 46.1614811], [47.57422019999999, 46.16140719999999], [47.572381699999994, 46.1614197], [47.5715701, 46.1613478], [47.5706091, 46.16156719999999], [47.57024590000001, 46.1616078], [47.56769839999999, 46.1614631], [47.5673758, 46.1614865], [47.5667142, 46.1616811], [47.56645640000001, 46.16171039999999], [47.5660606, 46.1617138], [47.564786999999995, 46.1615838], [47.56438419999999, 46.1616037], [47.564119899999994, 46.1616545], [47.56372269999999, 46.16163639999999], [47.56322939999999, 46.161494499999996], [47.5628493, 46.16134099999999], [47.5619102, 46.1609678], [47.561567399999994, 46.1608855], [47.56094149999999, 46.1608382], [47.560313, 46.16090809999999], [47.5599957, 46.1608809], [47.55962970000001, 46.1607424], [47.55873799999999, 46.1603304], [47.5580537, 46.1600919], [47.5575555, 46.1601264], [47.5517914, 46.1613556], [47.5474386, 46.1618732], [47.5455358, 46.1621582], [47.54325639999999, 46.162370499999994], [47.53928059999999, 46.16232349999999], [47.5383176, 46.1623897], [47.5347774, 46.162946399999996], [47.53293089999999, 46.1629422], [47.5309656, 46.162945799999996], [47.52901229999999, 46.16287179999999], [47.5281992, 46.162702599999996], [47.5277183, 46.1624379], [47.5273366, 46.1619011], [47.5283744, 46.15784779999999], [47.5297788, 46.1528113], [47.5202535, 46.1522961], [47.5138644, 46.15187639999999], [47.5052363, 46.151444], [47.5035319, 46.151536799999995], [47.501638899999996, 46.15157260000001], [47.50139819999999, 46.1510543], [47.501289299999996, 46.15065169999999], [47.4986193, 46.14991719999999], [47.49671349999999, 46.1496204], [47.4923274, 46.148858999999995], [47.49003100000001, 46.1487379], [47.4823702, 46.1490744], [47.4749951, 46.1494313], [47.4699753, 46.1491974], [47.4676536, 46.14879739999999], [47.4600291, 46.1475574], [47.4580079, 46.14751059999999], [47.4458463, 46.1481633], [47.4445221, 46.14401079999999], [47.4430618, 46.1400458], [47.43830129999999, 46.1404732], [47.434051999999994, 46.141392], [47.4305304, 46.14127289999999], [47.4256897, 46.1406735], [47.4194385, 46.141254999999994], [47.414033499999995, 46.140469], [47.4100214, 46.141839499999996], [47.404972799999996, 46.1427639], [47.4001952, 46.1427196], [47.3910447, 46.142406599999994], [47.3735735, 46.141140199999995], [47.3721743, 46.1377685], [47.36963529999999, 46.13497809999999], [47.368936999999995, 46.134686599999995], [47.3640512, 46.1337167], [47.3593592, 46.1335342], [47.3437165, 46.13270249999999], [47.329368, 46.132674], [47.3261897, 46.13985939999999], [47.3047426, 46.150089699999995], [47.2979086, 46.151029199999996], [47.2821257, 46.14926679999999], [47.25978550000001, 46.155971900000004], [47.2490243, 46.1592033], [47.2312377, 46.161245], [47.2076683, 46.1638538], [47.1928603, 46.165569600000005], [47.1516719, 46.1703296], [47.1461336, 46.17092589999999], [47.1316479, 46.17012929999999], [47.11613489999999, 46.1685587], [47.1040554, 46.16733570000001], [47.0825481, 46.1650108], [47.05988159999999, 46.15966739999999], [47.0384929, 46.1546043], [47.0085339, 46.1521136], [46.9933818, 46.1507347], [46.952364, 46.1459391], [46.9455997, 46.1457394], [46.883548999999995, 46.1460756], [46.85687339999999, 46.1463086], [46.85500590000001, 46.1463247], [46.8534853, 46.1402917], [46.8523916, 46.13607029999999], [46.85235149999999, 46.1356481], [46.84712009999999, 46.11426649999999], [46.84548689999999, 46.10627670000001], [46.84434159999999, 46.1017005], [46.8401965, 46.0844833], [46.83952909999999, 46.084605599999996], [46.802784, 46.0913273], [46.78482859999999, 46.0946075], [46.761911, 46.09881409999999], [46.7438322, 46.1020906], [46.72957949999999, 46.10470149999999], [46.723464299999996, 46.0845658], [46.722847, 46.082533999999995], [46.7207443, 46.075686299999994], [46.71893299999999, 46.0697891], [46.7078817, 46.07074519999999], [46.7011454, 46.0713497], [46.690260699999996, 46.0723301], [46.657955699999995, 46.0752279], [46.63231209999999, 46.0775223], [46.6318432, 46.074480300000005], [46.6209521, 46.075491099999994], [46.6171103, 46.0758475], [46.57274249999999, 46.0799535], [46.551328600000005, 46.081929], [46.51780089999999, 46.08501319999999], [46.520755599999994, 46.0961821], [46.5237786, 46.10760969999999], [46.5290207, 46.12744409999999], [46.53238429999999, 46.140133], [46.534711900000005, 46.1489104], [46.5398846, 46.1686496], [46.5444173, 46.1772329], [46.55120269999999, 46.1906954], [46.5588696, 46.2059328], [46.5653361, 46.2187749], [46.5716655, 46.2313218], [46.582794199999995, 46.25338369999999], [46.558458099999996, 46.2641406], [46.549265399999996, 46.2673875], [46.528311099999996, 46.2733013], [46.5209354, 46.27539689999999], [46.5012444, 46.2809492], [46.48350659999999, 46.28603679999999], [46.460617299999996, 46.292431], [46.423072899999994, 46.3029984], [46.40509459999999, 46.3080607], [46.40306489999999, 46.3139783], [46.4021813, 46.3164901], [46.4019062, 46.317411199999995], [46.4008324, 46.3206181], [46.41340699999999, 46.327506], [46.42472659999999, 46.3337093], [46.444465199999996, 46.34411409999999], [46.4668361, 46.35577609999999], [46.48278299999999, 46.3643123], [46.50466500000001, 46.3757765], [46.5341405, 46.3645509], [46.560863, 46.3542657], [46.590562999999996, 46.3794362], [46.601943999999996, 46.3892136], [46.6224363, 46.4066005], [46.6272731, 46.4106801], [46.644487399999996, 46.4253045], [46.64653139999999, 46.4269812], [46.649050599999995, 46.4291196], [46.6560105, 46.43501739999999], [46.66296739999999, 46.44091939999999], [46.6674195, 46.44128729999999], [46.6810675, 46.4424637], [46.693275199999995, 46.4433664], [46.7090378, 46.444670099999996], [46.7199228, 46.4455824], [46.7479432, 46.4478046], [46.77452149999999, 46.449968999999996], [46.8058186, 46.45245039999999], [46.81450809999999, 46.453198099999994], [46.8408522, 46.4553081], [46.864724, 46.4571795], [46.91758939999999, 46.45130060000001], [46.93030290000001, 46.4496769], [46.94309299999999, 46.4481129], [46.957035, 46.4464062], [46.9646729, 46.4454705], [46.962679699999995, 46.45646219999999], [46.961673399999995, 46.4620023], [46.9600537, 46.4709238], [46.958433799999995, 46.4798453], [46.9568133, 46.4887667], [46.9551924, 46.4976881], [46.95357099999999, 46.5066095], [46.9519492, 46.5155307], [46.95032679999999, 46.52445219999999], [46.9435627, 46.5317691], [46.937568299999995, 46.53826519999999], [46.930572399999996, 46.54586009999999], [46.9191279, 46.5582863], [46.9318724, 46.5671508], [46.93898999999999, 46.5721338], [46.941161, 46.5736535], [46.94848489999999, 46.5787776], [46.9541046, 46.5827093], [46.9651111, 46.5903869], [46.9766528, 46.598444900000004], [46.9822583, 46.6023568], [46.9957189, 46.6116966], [47.0053591, 46.6184093], [47.010585799999994, 46.6220486], [47.02057909999999, 46.628984], [47.0288557, 46.6348552], [47.04539179999999, 46.646347899999995], [47.0502876, 46.64850169999999], [47.0552405, 46.6596609], [47.05878, 46.6677575], [47.062706500000004, 46.676741299999996], [47.068228, 46.6893628], [47.071102999999994, 46.6959337], [47.07647519999999, 46.70820129999999], [47.0811794, 46.71893519999999], [47.097230599999996, 46.7156715], [47.11247639999999, 46.713304799999996], [47.1309311, 46.7107183], [47.14480639999999, 46.7087227], [47.1559003, 46.71029719999999], [47.16878189999999, 46.7120978], [47.16908639999999, 46.7122116], [47.1738906, 46.705217899999994], [47.1872536, 46.67103040000001], [47.2056301, 46.6754533], [47.21822679999999, 46.6789052], [47.222804399999994, 46.6800662], [47.23283649999999, 46.6827599], [47.24392029999999, 46.685735599999994], [47.2703576, 46.68897609999999], [47.2830596, 46.6905314], [47.2912994, 46.6915397], [47.3031406, 46.692987], [47.309810399999996, 46.6938018], [47.3367744, 46.6970944], [47.3487454, 46.69855669999999], [47.3542597, 46.69923049999999], [47.3662814, 46.70069709999999], [47.3826273, 46.70274289999999], [47.399508399999995, 46.70486569999999], [47.4213066, 46.71142319999999], [47.42956439999999, 46.7146351], [47.4483948, 46.720951], [47.469653699999995, 46.728454199999995], [47.48631, 46.73419989999999], [47.492703299999995, 46.7507044], [47.494226, 46.7668072], [47.49542269999999, 46.781423000000004], [47.4961606, 46.790431899999994], [47.496467, 46.793987400000006], [47.50343869999999, 46.79302429999999], [47.50704399999999, 46.7917764], [47.5349401, 46.78217889999999], [47.550390799999995, 46.7768241], [47.56322879999999, 46.7723723], [47.58795859999999, 46.7637877], [47.61254769999999, 46.75524109999999], [47.616201999999994, 46.7571013], [47.631057999999996, 46.7646615], [47.649043799999994, 46.77556609999999], [47.67404319999999, 46.7907193], [47.6972929, 46.8047991], [47.70543359999999, 46.8097262], [47.7070894, 46.811701899999996], [47.710195399999996, 46.8107826], [47.711597, 46.81015579999999], [47.7137389, 46.808319399999995], [47.7192094, 46.8051765], [47.7262474, 46.8011581], [47.72809339999999, 46.8001986], [47.730369399999994, 46.7993909], [47.7315442, 46.7987365], [47.7359518, 46.796778], [47.74168949999999, 46.7941395], [47.74203119999999, 46.797875], [47.7328123, 46.80448319999999], [47.732663599999995, 46.8064272], [47.72954529999999, 46.8132715], [47.7305711, 46.81408880000001], [47.7309177, 46.8177812], [47.7331355, 46.821190699999995], [47.73621049999999, 46.8226544], [47.740387199999994, 46.8192999], [47.756938999999996, 46.799682700000005], [47.76707, 46.802809], [47.76535249999999, 46.8237321], [47.76036739999999, 46.84076259999999], [47.76740219999999, 46.84965499999999], [47.776326399999995, 46.8541258], [47.77794659999999, 46.8534316], [47.81473239999999, 46.8756739], [47.81798249999999, 46.8731632], [47.81831789999999, 46.87289559999999], [47.8191853, 46.872461799999996], [47.81970499999999, 46.8720679], [47.8198863, 46.87123220000001], [47.82067309999999, 46.8713271], [47.82100779999999, 46.8710438], [47.8212766, 46.870697899999996], [47.8220059, 46.8701794], [47.8225297, 46.8701188], [47.822792899999996, 46.8699169], [47.82290069999999, 46.86975279999999], [47.8231043, 46.8697315], [47.82319460000001, 46.86960520000001], [47.82321379999999, 46.86931859999999], [47.823822799999995, 46.869140599999994], [47.8243479, 46.868993999999994], [47.8246075, 46.8688142], [47.82459279999999, 46.8684792], [47.82448839999999, 46.86818889999999], [47.8242978, 46.86784999999999], [47.8240784, 46.86750359999999], [47.8241482, 46.8672952], [47.82440749999999, 46.86722009999999], [47.8247359, 46.8669295], [47.8251456, 46.8666892], [47.82600589999999, 46.8663871], [47.8263205, 46.8662841], [47.8262404, 46.865306999999994], [47.8275467, 46.8628832], [47.833151799999996, 46.8601642], [47.84107689999999, 46.858055099999994], [47.845915299999994, 46.8563205], [47.848993199999995, 46.854960299999995], [47.8550477, 46.85353049999999], [47.85368119999999, 46.84799199999999], [47.85375539999999, 46.8432899], [47.8535742, 46.834036999999995], [47.8552913, 46.8281242], [47.85714769999999, 46.82596569999999], [47.8570843, 46.824866699999994], [47.85389719999999, 46.8260361], [47.8536491, 46.822395699999994], [47.8516664, 46.8225054], [47.8486276, 46.8215524], [47.847351700000004, 46.8202985], [47.8449849, 46.8207117], [47.8451973, 46.8195364], [47.8435402, 46.8190404], [47.845237399999995, 46.817564999999995], [47.84478429999999, 46.8159707], [47.8409439, 46.818239299999995], [47.839126, 46.81831189999999], [47.8381303, 46.8177796], [47.8372771, 46.814175], [47.8319088, 46.8108652], [47.830850299999994, 46.80923380000001], [47.82375079999999, 46.794923299999994], [47.82084689999999, 46.789229299999995], [47.8206129, 46.787256799999994], [47.822588800000005, 46.7863505], [47.83106909999999, 46.7863297], [47.83411280000001, 46.78575969999999], [47.83539059999999, 46.78517359999999], [47.835778399999995, 46.7849264], [47.8357405, 46.7843543], [47.8362749, 46.78384719999999], [47.8368249, 46.78309579999999], [47.837015, 46.7821807], [47.83770809999999, 46.78196019999999], [47.8382767, 46.7823635], [47.8379292, 46.78337789999999], [47.8380226, 46.78420860000001], [47.838967499999995, 46.78454959999999], [47.83973449999999, 46.7841994], [47.84036009999999, 46.7834912], [47.84061869999999, 46.7829792], [47.8415021, 46.7820468], [47.8420359, 46.78180859999999], [47.84235399999999, 46.78148569999999], [47.84311689999999, 46.78134819999999], [47.8442267, 46.781135199999994], [47.8470019, 46.7805275], [47.848359099999996, 46.7803406], [47.84889989999999, 46.7801256], [47.8498466, 46.7794543], [47.85008499999999, 46.7790057], [47.85078479999999, 46.7786212], [47.8512124, 46.7783191], [47.85195879999999, 46.77821589999999], [47.85328799999999, 46.777947], [47.854203999999996, 46.7776364], [47.8553501, 46.7775979], [47.86035759999999, 46.775400000000005], [47.8620184, 46.7750598], [47.862650599999995, 46.774834299999995], [47.86363999999999, 46.7746746], [47.864597399999994, 46.77435739999999], [47.865296799999996, 46.77411480000001], [47.8660093, 46.7739677], [47.866553499999995, 46.7737128], [47.8668216, 46.7735522], [47.8669156, 46.7734546], [47.86700669999999, 46.7730025], [47.8674668, 46.77244389999999], [47.8680766, 46.7718961], [47.8689906, 46.771551], [47.8704419, 46.770847499999995], [47.8713373, 46.77044899999999], [47.871857299999995, 46.76959209999999], [47.8727003, 46.76914260000001], [47.87364490000001, 46.768381899999994], [47.8744812, 46.76733899999999], [47.87504719999999, 46.76734080000001], [47.8759252, 46.76734309999999], [47.8770575, 46.767349100000004], [47.878820399999995, 46.7673563], [47.880327199999996, 46.7673635], [47.8809658, 46.767366], [47.882821, 46.7673727], [47.8874676, 46.76601910000001], [47.8915034, 46.7648883], [47.8960868, 46.7636632], [47.908172799999996, 46.76608929999999], [47.9090851, 46.7656766], [47.91010339999999, 46.7650038], [47.911113799999995, 46.7647141], [47.91220419999999, 46.76397909999999], [47.912732999999996, 46.763914799999995], [47.9132955, 46.7641713], [47.9138524, 46.7642256], [47.914555, 46.7640932], [47.9162233, 46.764332700000004], [47.91698269999999, 46.764396], [47.91792439999999, 46.763987199999995], [47.91908, 46.76305080000001], [47.9193782, 46.76285159999999], [47.9211946, 46.762049], [47.921504399999996, 46.76156929999999], [47.92139819999999, 46.76131740000001], [47.921023600000005, 46.7607979], [47.9210643, 46.7603034], [47.921542099999996, 46.7597646], [47.9235439, 46.7590943], [47.925090499999996, 46.75836379999999], [47.926354499999995, 46.75805569999999], [47.92875879999999, 46.7580095], [47.92919839999999, 46.75783259999999], [47.9298711, 46.7576718], [47.9313089, 46.75680779999999], [47.93372899999999, 46.7545245], [47.9346941, 46.7529657], [47.9348272, 46.75240949999999], [47.9350198, 46.7499581], [47.9349783, 46.7490308], [47.9352011, 46.7470675], [47.93580789999999, 46.7461672], [47.93500649999999, 46.7456856], [47.9342433, 46.7448418], [47.93211409999999, 46.7428765], [47.93120929999999, 46.7420173], [47.92999819999999, 46.7402911], [47.929905, 46.73988589999999], [47.929968, 46.7383183], [47.93034699999999, 46.7371511], [47.929816, 46.7363585], [47.9289595, 46.736106], [47.9282422, 46.7364823], [47.927705, 46.7369719], [47.927118699999994, 46.7378722], [47.9263862, 46.738973099999995], [47.9261092, 46.73961169999999], [47.9259524, 46.7403281], [47.925927, 46.7410594], [47.9259006, 46.741352], [47.9259734, 46.741757], [47.92619830000001, 46.7426374], [47.926221299999995, 46.742999999999995], [47.92579619999999, 46.743448799999996], [47.9248333, 46.7434395], [47.9238229, 46.743276], [47.9221708, 46.7427649], [47.92063509999999, 46.742196299999996], [47.919769, 46.7420523], [47.9190095, 46.74210239999999], [47.91769829999999, 46.74254849999999], [47.9169781, 46.7429345], [47.916782, 46.7430813], [47.9117678, 46.7316154], [47.91430019999999, 46.7259697], [47.922444999999996, 46.7181152], [47.9384939, 46.7040401], [47.947647, 46.7018752], [47.945849499999994, 46.699031399999996], [47.9404675, 46.691135], [47.94250199999999, 46.6896471], [47.9440828, 46.689262], [47.9454271, 46.687241099999994], [47.94662569999999, 46.6858961], [47.94709979999999, 46.6855601], [47.951508999999994, 46.6837004], [47.9542064, 46.68258929999999], [47.955264899999996, 46.6827316], [47.9558813, 46.6834716], [47.9579938, 46.684179], [47.960530899999995, 46.6822341], [47.960291, 46.6806708], [47.9656289, 46.6786837], [47.9657171, 46.6785613], [47.965979, 46.678536599999994], [47.9663259, 46.6786063], [47.9667688, 46.678808700000005], [47.96700619999999, 46.678848599999995], [47.9676214, 46.6788237], [47.9681495, 46.678888699999995], [47.9686476, 46.67900060000001], [47.9689366, 46.679076099999996], [47.96925989999999, 46.6790678], [47.969495499999994, 46.67896069999999], [47.969790499999995, 46.6786693], [47.970076799999994, 46.67861589999999], [47.970228, 46.678542199999995], [47.9702286, 46.678435199999996], [47.969769199999995, 46.67804309999999], [47.969501099999995, 46.67768319999999], [47.96914339999999, 46.6769455], [47.9691084, 46.676422], [47.96894549999999, 46.676050499999995], [47.96874979999999, 46.6757866], [47.9682466, 46.6753482], [47.96764689999999, 46.674992499999995], [47.96739339999999, 46.6748194], [47.96707709999999, 46.67444129999999], [47.9666803, 46.673889499999994], [47.96656449999999, 46.6724941], [47.96704479999999, 46.6724617], [47.968030600000006, 46.672702300000005], [47.9684152, 46.6726834], [47.9685822, 46.6723656], [47.9677009, 46.671869699999995], [47.9672414, 46.6708999], [47.96699989999999, 46.6705868], [47.96624349999999, 46.669937999999995], [47.966016700000004, 46.6696186], [47.96585809999999, 46.6692588], [47.9652573, 46.66891929999999], [47.96416969999999, 46.668873], [47.9636633, 46.66786069999999], [47.96278869999999, 46.6668395], [47.96266539999999, 46.66600809999999], [47.962196199999994, 46.665291599999996], [47.96208459999999, 46.66500179999999], [47.9620309, 46.6646622], [47.963964399999995, 46.66464250000001], [47.965010899999996, 46.664554300000006], [47.9648644, 46.664130799999995], [47.962894799999994, 46.658744299999995], [47.961485, 46.65510189999999], [47.971297, 46.6498208], [47.978983, 46.6469325], [47.98254469999999, 46.64370389999999], [47.9826087, 46.6426385], [47.98197489999999, 46.635688699999996], [47.9806456, 46.63488459999999], [47.9805753, 46.6340753], [47.981648, 46.6338917], [47.9819552, 46.63394480000001], [47.9822229, 46.6338863], [47.9827696, 46.6334651], [47.983121999999995, 46.63324999999999], [47.983587899999996, 46.6331027], [47.98415049999999, 46.6330978], [47.9848673, 46.6332656], [47.98625849999999, 46.63374079999999], [47.98727509999999, 46.63418239999999], [47.9874514, 46.6342034], [47.987549, 46.6341092], [47.9875943, 46.633873099999995], [47.9873127, 46.6332967], [47.9872143, 46.63295169999999], [47.9872773, 46.6324837], [47.9885367, 46.6311871], [47.992784699999994, 46.627969], [47.994774, 46.62659839999999], [47.99702179999999, 46.62528960000001], [47.9988404, 46.62429519999999], [48.0000693, 46.623604799999995], [48.0012516, 46.6227364], [48.0017745, 46.62190669999999], [48.00205199999999, 46.620936799999996], [48.0022129, 46.6203751], [48.00221429999999, 46.61996849999999], [48.0013984, 46.619859], [48.0010855, 46.6197369], [48.0007832, 46.6198385], [48.0003691, 46.6204331], [47.999467599999996, 46.6211099], [47.9992208, 46.621119], [47.998975, 46.6210384], [47.998609599999995, 46.62078399999999], [47.99850119999999, 46.6206066], [47.99847369999999, 46.62031639999999], [47.998458299999996, 46.620104399999995], [47.998304, 46.619825899999995], [47.9981643, 46.6196528], [47.998661, 46.6191277], [47.9994102, 46.6188955], [47.99977919999999, 46.6187122], [48.0004657, 46.6182504], [48.00105529999999, 46.6177585], [48.00204, 46.6170553], [48.00399769999999, 46.6159007], [48.0061004, 46.6146048], [48.00634959999999, 46.6143371], [48.0073028, 46.61373559999999], [48.0082699, 46.6134938], [48.007529399999996, 46.612760099999996], [48.0048307, 46.61033809999999], [48.00454359999999, 46.61019879999999], [48.0029454, 46.61089749999999], [48.0020575, 46.61111069999999], [48.00125119999999, 46.611223800000005], [47.99902409999999, 46.611432799999996], [48.0003196, 46.6099837], [48.001127, 46.6089692], [47.993146, 46.609342700000006], [47.9905831, 46.60876180000001], [47.984786199999995, 46.606594199999996], [47.984030399999995, 46.60622729999999], [47.98067489999999, 46.60432839999999], [47.97951929999999, 46.603443299999995], [47.97796679999999, 46.6019667], [47.97611899999999, 46.60094089999999], [47.9752054, 46.6005818], [47.973779, 46.60012059999999], [47.9734127, 46.5999293], [47.97365980000001, 46.5996026], [47.97380789999999, 46.599291], [47.97376729999999, 46.59911160000001], [47.9736046, 46.5990308], [47.9733141, 46.59907640000001], [47.9722018, 46.598730499999995], [47.9722441, 46.5986203], [47.971792199999996, 46.5978406], [47.9717912, 46.59757979999999], [47.9722466, 46.5972759], [47.97252439999999, 46.597207299999994], [47.9738716, 46.597069899999994], [47.974724300000005, 46.5965787], [47.97513029999999, 46.59571439999999], [47.9756724, 46.59542439999999], [47.976362599999995, 46.59529439999999], [47.9765973, 46.5953006], [47.9770418, 46.5953791], [47.9781778, 46.5947093], [47.978784399999995, 46.5946535], [47.979276799999994, 46.5946369], [47.9794741, 46.594749199999995], [47.97996119999999, 46.594728999999994], [47.9804377, 46.5946483], [47.9808127, 46.59449819999999], [47.98131969999999, 46.5940894], [47.9817023, 46.5939847], [47.982276899999995, 46.5939075], [47.98278959999999, 46.5937188], [47.982978200000005, 46.59301889999999], [47.983396299999995, 46.5928564], [47.9841583, 46.59292829999999], [47.9846941, 46.592889199999995], [47.984686700000005, 46.5926013], [47.9846071, 46.5925203], [47.984246899999995, 46.5925318], [47.983908, 46.5923131], [47.98348529999999, 46.5922655], [47.9833043, 46.5923354], [47.9829016, 46.5922944], [47.98265339999999, 46.5921401], [47.98250229999999, 46.591755799999994], [47.9822196, 46.5915764], [47.98219989999999, 46.5912132], [47.982582699999995, 46.5910834], [47.9832609, 46.59104609999999], [47.98561960000001, 46.590145099999994], [47.99053390000001, 46.59000809999999], [47.994984099999996, 46.5856763], [48.008071, 46.574922], [48.0132925, 46.57036360000001], [48.019855299999996, 46.5646737], [48.0201293, 46.5644473], [48.021107199999996, 46.564435599999996], [48.022415, 46.56459579999999], [48.02433539999999, 46.565539699999995], [48.0262809, 46.5657739], [48.0280717, 46.564938], [48.029981299999996, 46.5642381], [48.031303799999996, 46.56416709999999], [48.0347167, 46.56523649999999], [48.0368235, 46.5666891], [48.0392523, 46.5678756], [48.0400529, 46.56845119999999], [48.04115860000001, 46.56917429999999], [48.04217489999999, 46.569661], [48.0428028, 46.5697043], [48.043477300000006, 46.5701204], [48.043966999999995, 46.5699207], [48.0461476, 46.55712569999999], [48.046214299999995, 46.5566787], [48.04689139999999, 46.556427899999996], [48.047213299999996, 46.5572318], [48.04762529999999, 46.55765469999999], [48.0480837, 46.5579093], [48.0490908, 46.55838769999999], [48.050113399999994, 46.55859099999999], [48.05165709999999, 46.5586863], [48.052766899999995, 46.558830099999994], [48.05420779999999, 46.5592672], [48.0550104, 46.5596619], [48.0552191, 46.5598249], [48.055581499999995, 46.5603553], [48.055770499999994, 46.56089039999999], [48.0557807, 46.561802], [48.055855, 46.5623966], [48.056298, 46.563432799999994], [48.05712059999999, 46.56448499999999], [48.05790699999999, 46.5653611], [48.058727700000006, 46.565988299999994], [48.059758699999996, 46.566578699999994], [48.0606449, 46.5669539], [48.0613304, 46.5671089], [48.06235579999999, 46.5672193], [48.06549569999999, 46.5672899], [48.0687661, 46.5672124], [48.06973899999999, 46.5672985], [48.070020299999996, 46.5671653], [48.070121799999995, 46.5669535], [48.0706671, 46.5669065], [48.0715895, 46.5670725], [48.072321499999994, 46.5670528], [48.07377009999999, 46.5670375], [48.076375999999996, 46.56690319999999], [48.0777567, 46.567078599999995], [48.0817077, 46.567947], [48.083008099999994, 46.5683907], [48.0838877, 46.56880739999999], [48.0845788, 46.5694061], [48.084941, 46.5703115], [48.085233, 46.5709104], [48.0862226, 46.5718201], [48.088485399999996, 46.5734674], [48.08910999999999, 46.5738523], [48.0899127, 46.5747127], [48.09245560000001, 46.5774337], [48.0932718, 46.5789411], [48.0946318, 46.5803171], [48.09501959999999, 46.5811636], [48.09571749999999, 46.5812435], [48.0960578, 46.58089579999999], [48.0980889, 46.5794374], [48.1015164, 46.5785267], [48.1032575, 46.5784098], [48.10850630000001, 46.5784603], [48.1100629, 46.5783022], [48.1128406, 46.57836189999999], [48.11281519999999, 46.577642899999994], [48.108877099999994, 46.5722396], [48.105194499999996, 46.567321699999994], [48.101560299999996, 46.563524599999994], [48.10152589999999, 46.5633564], [48.1013856, 46.56318569999999], [48.10167249999999, 46.562908], [48.1018832, 46.56248659999999], [48.10232719999999, 46.56084969999999], [48.10869649999999, 46.56031529999999], [48.11358979999999, 46.56016199999999], [48.1161568, 46.5600128], [48.1161353, 46.5593658], [48.1164001, 46.558431899999995], [48.116576099999996, 46.5579539], [48.116242, 46.556846199999995], [48.1162223, 46.55601479999999], [48.1161298, 46.554870699999995], [48.1157149, 46.554121599999995], [48.1156459, 46.5537369], [48.11570619999999, 46.55280629999999], [48.115498599999995, 46.55229], [48.1151491, 46.551839199999996], [48.1148785, 46.5512711], [48.1151892, 46.5509528], [48.1160385, 46.5505698], [48.1172715, 46.5506082], [48.11853249999999, 46.5510247], [48.1214394, 46.5532155], [48.122911499999994, 46.553884499999995], [48.1236652, 46.5539608], [48.124613499999995, 46.5538504], [48.1278706, 46.55290649999999], [48.1300565, 46.5513676], [48.130773, 46.550657], [48.1328544, 46.5480126], [48.132908199999996, 46.5478151], [48.1328586, 46.547540999999995], [48.13275529999999, 46.54674489999999], [48.13276369999999, 46.5464353], [48.132837, 46.5461688], [48.1329808, 46.5459506], [48.1330723, 46.5458715], [48.1333663, 46.54567419999999], [48.1333918, 46.545481], [48.1331485, 46.5451363], [48.1334948, 46.544779199999994], [48.1334927, 46.544287100000005], [48.133799399999994, 46.5440368], [48.1339591, 46.5435569], [48.1342202, 46.54342559999999], [48.135077499999994, 46.5431898], [48.136064999999995, 46.54276870000001], [48.13686969999999, 46.5423417], [48.1371027, 46.5422669], [48.1374117, 46.5422539], [48.1382435, 46.5422581], [48.13869789999999, 46.5422186], [48.13919429999999, 46.5420592], [48.13975849999999, 46.54166579999999], [48.14029879999999, 46.5414495], [48.14235999999999, 46.54094299999999], [48.143651199999994, 46.5404522], [48.1453505, 46.5391281], [48.1468372, 46.53806329999999], [48.147728, 46.5375511], [48.1481927, 46.53738], [48.148907099999995, 46.53720369999999], [48.1497153, 46.5371076], [48.1507428, 46.5369949], [48.1519825, 46.5367464], [48.1529011, 46.536580799999996], [48.153563399999996, 46.5364456], [48.1545532, 46.5360809], [48.1551144, 46.5357776], [48.1556477, 46.53539750000001], [48.1560228, 46.5349877], [48.15644629999999, 46.5342851], [48.1566666, 46.5338562], [48.15686339999999, 46.5336096], [48.157055099999994, 46.5334082], [48.157980599999995, 46.5327807], [48.1590899, 46.532260699999995], [48.1592637, 46.532155100000004], [48.1593739, 46.5319433], [48.15925940000001, 46.5318115], [48.158997, 46.53178460000001], [48.158357499999994, 46.5318598], [48.15804349999999, 46.53188469999999], [48.15749869999999, 46.53179899999999], [48.1566433, 46.531524], [48.156115699999994, 46.5312345], [48.1558221, 46.53085029999999], [48.15589969999999, 46.530610599999996], [48.1566744, 46.5299619], [48.15699039999999, 46.5296126], [48.15714229999999, 46.5293304], [48.15718100000001, 46.5289583], [48.15700309999999, 46.528286099999995], [48.1569426, 46.5280739], [48.1566187, 46.52763689999999], [48.155896899999995, 46.52714279999999], [48.15540380000001, 46.526689999999995], [48.155004399999996, 46.526171399999996], [48.1546729, 46.5256416], [48.1543835, 46.52516979999999], [48.15419409999999, 46.5248153], [48.1539349, 46.5244745], [48.1538414, 46.5240599], [48.153867700000006, 46.523174], [48.1538164, 46.52264830000001], [48.15378379999999, 46.52217389999999], [48.1536772, 46.5219968], [48.15292809999999, 46.5215843], [48.1525281, 46.521262699999994], [48.151235299999996, 46.5210239], [48.14914999999999, 46.5201638], [48.1475007, 46.519547], [48.1458239, 46.5188735], [48.14349240000001, 46.51789039999999], [48.1432807, 46.5177451], [48.14316469999999, 46.51758449999999], [48.14318479999999, 46.5173429], [48.1432972, 46.51703570000001], [48.14329219999999, 46.516676], [48.1431247, 46.5162065], [48.14240029999999, 46.5150424], [48.142372599999995, 46.5148795], [48.1424547, 46.51445069999999], [48.142327099999996, 46.51408899999999], [48.14151079999999, 46.5127718], [48.14129849999999, 46.5117048], [48.14086669999999, 46.5094685], [48.140447699999996, 46.506390399999994], [48.1404438, 46.5054566], [48.1408773, 46.503990099999996], [48.14288, 46.500533499999996], [48.14378059999999, 46.4991723], [48.1441963, 46.49838129999999], [48.14442319999999, 46.4973458], [48.144761499999994, 46.49501939999999], [48.1450167, 46.4940805], [48.145376399999996, 46.4932863], [48.1470391, 46.491908599999995], [48.14806879999999, 46.4910028], [48.1484666, 46.490498499999994], [48.148705299999996, 46.48992379999999], [48.1490372, 46.4892283], [48.149774400000005, 46.4885972], [48.150642899999994, 46.4880588], [48.151790500000004, 46.48757309999999], [48.1523132, 46.487391], [48.1528384, 46.48705679999999], [48.1537823, 46.4867602], [48.15447319999999, 46.4866414], [48.15548239999999, 46.48665559999999], [48.1561618, 46.4867581], [48.15707559999999, 46.4871098], [48.1583909, 46.487355799999996], [48.15915079999999, 46.48740219999999], [48.159683199999996, 46.4872615], [48.1599566, 46.48702879999999], [48.1600536, 46.48682989999999], [48.1600002, 46.4864291], [48.15996599999999, 46.4860492], [48.1600209, 46.4858013], [48.1603158, 46.485448299999995], [48.1629183, 46.4834993], [48.1633194, 46.4828601], [48.1635254, 46.482124], [48.1638334, 46.4816064], [48.163995899999996, 46.4814619], [48.16418709999999, 46.48139509999999], [48.16451489999999, 46.48150100000001], [48.1649924, 46.48160819999999], [48.165264900000004, 46.4815069], [48.1656832, 46.4811673], [48.167357, 46.47945300000001], [48.16788, 46.4786834], [48.1683583, 46.4782517], [48.16889979999999, 46.4780247], [48.1702183, 46.4774168], [48.17075499999999, 46.4769999], [48.1712667, 46.476361499999996], [48.1722387, 46.4755926], [48.17286909999999, 46.4749344], [48.173302, 46.4741713], [48.17413969999999, 46.4734131], [48.1749677, 46.47285349999999], [48.17777279999999, 46.47241890000001], [48.17892849999999, 46.4721245], [48.1799962, 46.471635199999994], [48.1808069, 46.470929700000006], [48.181174799999994, 46.470390099999996], [48.1814094, 46.4694806], [48.181305699999996, 46.4684677], [48.1808007, 46.467558], [48.1807511, 46.466908999999994], [48.180804499999994, 46.4660943], [48.18104919999999, 46.465930699999994], [48.1813531, 46.4654913], [48.1819626, 46.464901299999994], [48.18254550000001, 46.46459889999999], [48.1839921, 46.464171799999995], [48.18583039999999, 46.463922999999994], [48.18814919999999, 46.4639126], [48.188866399999995, 46.4640008], [48.189659999999996, 46.4643657], [48.1902961, 46.4646467], [48.1908524, 46.4647894], [48.19165159999999, 46.46479539999999], [48.1925754, 46.464581], [48.1939812, 46.464097699999996], [48.19518719999999, 46.46357139999999]]]]}}, {"type": "Feature", "properties": {"id": "mo-12642000", "name": "Приволжский муниципальный район", "region": "Астраханская область", "isCity": false, "sourceOktmo": "12-642-000-000", "sourceAgg": "Астрахань", "excelNames": ["Приволжский муниципальный район"], "oktmo": "12642000", "vgp": [{"year": 2019, "value": 9011744.305035122}, {"year": 2020, "value": 8482027.921962123}, {"year": 2021, "value": 10215915.206198527}, {"year": 2022, "value": 18548407.47949231}, {"year": 2023, "value": 19182394.61902307}, {"year": 2024, "value": 21115381.108496852}], "population": [{"year": 2019, "value": 51769.0}, {"year": 2020, "value": 52779.0}, {"year": 2021, "value": 53945.0}, {"year": 2022, "value": 55827.0}, {"year": 2023, "value": 64629.0}, {"year": 2024, "value": 66669.0}, {"year": 2025, "value": 68323.0}], "shipments": [{"year": 2019, "value": 747338.3}, {"year": 2020, "value": 829900.2}, {"year": 2021, "value": 1074536.4}, {"year": 2022, "value": 2455870.5}, {"year": 2023, "value": 1218835.7}, {"year": 2024, "value": 1107208.5}], "employees": [{"year": 2019, "value": 3423.0}, {"year": 2020, "value": 3390.0}, {"year": 2021, "value": 3715.0}, {"year": 2022, "value": 3754.0}, {"year": 2023, "value": 3759.0}, {"year": 2024, "value": 3696.0}], "investments": [{"year": 2019, "value": 168363.0}, {"year": 2020, "value": 499403.0}, {"year": 2021, "value": 885044.0}, {"year": 2022, "value": 425250.0}, {"year": 2023, "value": 501901.0}, {"year": 2024, "value": 569512.0}], "vgp2024": 21115381.108496852, "pop2024": 66669.0, "ship2024": 1107208.5, "emp2024": 3696.0, "inv2024": 569512.0}, "geometry": {"type": "MultiPolygon", "coordinates": [[[[48.3697788, 46.2083478], [48.365346599999995, 46.2050041], [48.364597, 46.205179799999996], [48.363008699999995, 46.205385299999996], [48.3613006, 46.2060321], [48.360466699999996, 46.2061526], [48.36012349999999, 46.2061542], [48.3592567, 46.206004], [48.3582758, 46.20556499999999], [48.3579807, 46.205516900000006], [48.3556308, 46.20578019999999], [48.3543252, 46.205622999999996], [48.3523272, 46.2054972], [48.35181450000001, 46.205504499999996], [48.3513111, 46.205600800000006], [48.34846819999999, 46.2065991], [48.3474476, 46.2070805], [48.3463861, 46.2073735], [48.3454356, 46.2075388], [48.3440822, 46.20770759999999], [48.342278, 46.208113499999996], [48.3405535, 46.20820990000001], [48.34002519999999, 46.208169], [48.3351837, 46.2067951], [48.334383, 46.2065095], [48.3328931, 46.205699499999994], [48.332092, 46.2054235], [48.33078609999999, 46.2051834], [48.3292109, 46.205016300000004], [48.32637629999999, 46.2049627], [48.3246098, 46.204781499999996], [48.319665199999996, 46.203642699999996], [48.318193099999995, 46.203433499999996], [48.31596869999999, 46.2026982], [48.315567099999996, 46.2024886], [48.312055099999995, 46.1998849], [48.309900299999995, 46.1984047], [48.30934229999999, 46.19812149999999], [48.30754199999999, 46.19751359999999], [48.306499, 46.19723179999999], [48.30495809999999, 46.197027], [48.3036241, 46.19695419999999], [48.300554399999996, 46.196862599999996], [48.299201499999995, 46.1967811], [48.298003699999995, 46.1966733], [48.2954436, 46.196114], [48.2927744, 46.1953582], [48.29146059999999, 46.194964999999996], [48.2902643, 46.194548899999994], [48.2886673, 46.19362799999999], [48.287236699999994, 46.1923613], [48.286429999999996, 46.1913701], [48.285402999999995, 46.1894307], [48.284805199999994, 46.1870816], [48.282092799999994, 46.1874555], [48.27598509999999, 46.1882218], [48.26828650000001, 46.1892292], [48.2637853, 46.1898076], [48.2626643, 46.184471699999996], [48.26079039999999, 46.183084199999996], [48.2611009, 46.1817111], [48.2686749, 46.175562299999996], [48.2650979, 46.1730449], [48.2604476, 46.1703738], [48.2543323, 46.1674349], [48.2507197, 46.16536469999999], [48.2454115, 46.16325929999999], [48.24313359999999, 46.1626528], [48.2412692, 46.1624435], [48.2382781, 46.162647], [48.235725499999994, 46.163095799999994], [48.233167599999994, 46.1635853], [48.23134889999999, 46.16465620000001], [48.230323899999995, 46.1660631], [48.2297526, 46.16751609999999], [48.2290612, 46.16938809999999], [48.2276592, 46.1722279], [48.2235148, 46.17647769999999], [48.219389099999994, 46.179733899999995], [48.215587, 46.18238889999999], [48.21469539999999, 46.18280769999999], [48.214133999999994, 46.18284249999999], [48.21369249999999, 46.18281549999999], [48.2133152, 46.182590499999996], [48.2126197, 46.1814237], [48.21202069999999, 46.17983009999999], [48.211389999999994, 46.1787013], [48.210752, 46.178293], [48.209800599999994, 46.1780916], [48.209120899999995, 46.1781641], [48.208166999999996, 46.17869949999999], [48.2073053, 46.179143999999994], [48.206548399999996, 46.179356299999995], [48.2054017, 46.17932819999999], [48.2046483, 46.17912760000001], [48.2041018, 46.178758], [48.2037821, 46.1782805], [48.20377529999999, 46.1777257], [48.2042388, 46.1772066], [48.2050263, 46.176732], [48.20578359999999, 46.1765076], [48.2066701, 46.1762661], [48.2074107, 46.1760292], [48.208123199999996, 46.1756539], [48.208636299999995, 46.17518629999999], [48.20964419999999, 46.1740449], [48.210280999999995, 46.17297549999999], [48.2105833, 46.171954500000005], [48.2107334, 46.17117669999999], [48.21071239999999, 46.1702086], [48.210457899999994, 46.1694817], [48.209942, 46.1688497], [48.2092551, 46.1683754], [48.2083716, 46.167871999999996], [48.2071082, 46.1672743], [48.2062091, 46.1667341], [48.20519399999999, 46.1658372], [48.20415369999999, 46.164750999999995], [48.2031741, 46.16361369999999], [48.2024828, 46.1628858], [48.202045399999996, 46.162203], [48.2016579, 46.1615741], [48.20155009999999, 46.160825700000004], [48.2015808, 46.159879], [48.20158949999999, 46.159017], [48.201441100000004, 46.1582683], [48.2009707, 46.15754840000001], [48.2003684, 46.156788600000006], [48.1997665, 46.15602079999999], [48.1993772, 46.15542820000001], [48.1991267, 46.1546245], [48.1991679, 46.15381339999999], [48.1990247, 46.1530771], [48.1985582, 46.152511], [48.197763599999995, 46.1517546], [48.19702829999999, 46.1510928], [48.196496599999996, 46.1504361], [48.195994299999995, 46.1495452], [48.1958029, 46.14907089999999], [48.19575989999999, 46.148426099999995], [48.1960434, 46.1475464], [48.19649369999999, 46.1464804], [48.1968403, 46.1453011], [48.1972257, 46.1443335], [48.1974942, 46.1430881], [48.1975835, 46.14224339999999], [48.1975023, 46.1413622], [48.1975829, 46.1405587], [48.1979506, 46.13944469999999], [48.1985069, 46.138662], [48.1992104, 46.13784609999999], [48.1995405, 46.136689800000006], [48.1997319, 46.13578759999999], [48.1997452, 46.1346143], [48.199367099999996, 46.13397439999999], [48.1982451, 46.1336431], [48.1974091, 46.13342000000001], [48.1968608, 46.1331351], [48.19662249999999, 46.1326136], [48.1966112, 46.1320519], [48.1969859, 46.1311911], [48.19761449999999, 46.130157], [48.1985137, 46.12835179999999], [48.199025899999995, 46.12686839999999], [48.1996723, 46.1250845], [48.200053399999994, 46.12337819999999], [48.2001145, 46.121693099999995], [48.2003326, 46.119955399999995], [48.200755699999995, 46.1186456], [48.2014682, 46.117551799999994], [48.2020709, 46.1167035], [48.20260609999999, 46.11558719999999], [48.202647199999994, 46.1152555], [48.20267069999999, 46.1150715], [48.20243119999999, 46.1149629], [48.2021344, 46.114988100000005], [48.2012978, 46.11528109999999], [48.198069, 46.11757419999999], [48.1970345, 46.11894169999999], [48.19658369999999, 46.119276500000005], [48.19599109999999, 46.11955509999999], [48.195308499999996, 46.1196925], [48.1945703, 46.119648], [48.1937772, 46.119617299999994], [48.1927052, 46.1197563], [48.191581, 46.1201279], [48.1868048, 46.122310799999994], [48.18182579999999, 46.1240338], [48.179437099999994, 46.124961899999995], [48.177900799999996, 46.12572529999999], [48.17659020000001, 46.1266574], [48.1754931, 46.12756589999999], [48.174746999999996, 46.1284904], [48.1745027, 46.129219899999995], [48.17427059999999, 46.1299123], [48.1735726, 46.13060399999999], [48.1723922, 46.1312154], [48.1711223, 46.1316725], [48.169062999999994, 46.1323627], [48.1674333, 46.1329521], [48.1660435, 46.13360500000001], [48.16450729999999, 46.1344881], [48.163377800000006, 46.1349942], [48.16155989999999, 46.135715499999996], [48.161048699999995, 46.13599429999999], [48.16050799999999, 46.13644159999999], [48.160043, 46.1372289], [48.15988779999999, 46.1377289], [48.1598328, 46.13849689999999], [48.16001429999999, 46.1399984], [48.1602288, 46.1411625], [48.16044159999999, 46.14205669999999], [48.160459599999996, 46.14301699999999], [48.1601651, 46.14431249999999], [48.1596987, 46.14552809999999], [48.1587067, 46.1462915], [48.157649, 46.1470252], [48.15708759999999, 46.1477706], [48.156956, 46.1489504], [48.155590399999994, 46.1488204], [48.153689099999994, 46.14866039999999], [48.15104049999999, 46.148360800000006], [48.150068, 46.1484409], [48.14354279999999, 46.1464614], [48.1359375, 46.143832999999994], [48.1322317, 46.1447522], [48.13152329999999, 46.1448543], [48.1296927, 46.144768299999996], [48.128271899999994, 46.1448169], [48.12633139999999, 46.1449058], [48.1246095, 46.1446005], [48.1233563, 46.1444285], [48.1228788, 46.1445524], [48.122609800000006, 46.1449409], [48.122481400000005, 46.1455276], [48.12253249999999, 46.1461651], [48.1227157, 46.1469116], [48.1229593, 46.1475263], [48.12293069999999, 46.148075399999996], [48.122698899999996, 46.1485142], [48.1223224, 46.148829799999994], [48.12180219999999, 46.1491749], [48.121206799999996, 46.1494317], [48.12054169999999, 46.14965579999999], [48.11987309999999, 46.149848999999996], [48.11917059999999, 46.149939399999994], [48.11861799999999, 46.1498853], [48.1180712, 46.149717], [48.117401, 46.14927699999999], [48.116757, 46.1488437], [48.11627399999999, 46.1485629], [48.11592989999999, 46.14842749999999], [48.115612799999994, 46.1484598], [48.1153247, 46.1486161], [48.115009799999996, 46.14892629999999], [48.1148329, 46.1493357], [48.11460009999999, 46.14971649999999], [48.11426929999999, 46.1500078], [48.11372909999999, 46.150225799999994], [48.112360599999995, 46.1506453], [48.110820399999994, 46.1511158], [48.10949339999999, 46.1515086], [48.1073135, 46.1521272], [48.1047335, 46.15310279999999], [48.1032452, 46.15372969999999], [48.10246949999999, 46.154195], [48.1017648, 46.154668199999996], [48.101122800000006, 46.1552109], [48.1004174, 46.155949699999994], [48.0998597, 46.156834399999994], [48.099446799999996, 46.15801], [48.09920389999999, 46.1592454], [48.099017, 46.16057849999999], [48.0984015, 46.1602725], [48.0962411, 46.1590969], [48.0910961, 46.15641279999999], [48.08755709999999, 46.1546406], [48.0777737, 46.1560639], [48.070068799999994, 46.1551324], [48.062926999999995, 46.1528324], [48.058814700000006, 46.151257799999996], [48.0544631, 46.149667400000006], [48.0468589, 46.1559329], [48.0427886, 46.15293019999999], [48.0428072, 46.15240899999999], [48.042867699999995, 46.1518088], [48.04300010000001, 46.1512171], [48.043079199999994, 46.15044549999999], [48.0431777, 46.15007829999999], [48.0433274, 46.1495154], [48.043373, 46.149017699999995], [48.04342069999999, 46.148657], [48.04349800000001, 46.1481536], [48.043497499999994, 46.1478123], [48.0433977, 46.14743980000001], [48.0432233, 46.14705239999999], [48.043102899999994, 46.1467145], [48.0428705, 46.1462941], [48.0426224, 46.145931], [48.04233469999999, 46.1454247], [48.041951499999996, 46.1448809], [48.04169379999999, 46.1445197], [48.0414066, 46.1442169], [48.0411973, 46.1440692], [48.04071679999999, 46.1438709], [48.0404319, 46.14366650000001], [48.0394095, 46.142699199999996], [48.0389394, 46.1422493], [48.0385457, 46.14172709999999], [48.03828959999999, 46.1413375], [48.0381559, 46.14112839999999], [48.0378915, 46.140919499999995], [48.0373703, 46.1406039], [48.0370014, 46.1403208], [48.036834299999995, 46.1400911], [48.036830699999996, 46.139804399999996], [48.036942399999994, 46.13919249999999], [48.036924899999995, 46.1388651], [48.0368318, 46.138547599999995], [48.036639199999996, 46.1383238], [48.036107099999995, 46.1379752], [48.035585899999994, 46.1375984], [48.035201199999996, 46.1372603], [48.0349029, 46.1369527], [48.0346546, 46.1365962], [48.0343634, 46.136569], [48.0341432, 46.1366245], [48.03409589999999, 46.1369799], [48.0340775, 46.1385505], [48.0341082, 46.1389145], [48.0340029, 46.139412], [48.03375549999999, 46.1400073], [48.0333262, 46.1406722], [48.0330327, 46.14097999999999], [48.032661899999994, 46.1413183], [48.0321933, 46.1416059], [48.03166619999999, 46.1419498], [48.031059799999994, 46.1422228], [48.030468799999994, 46.142439399999994], [48.0299846, 46.142488099999994], [48.0295236, 46.14245639999999], [48.0286841, 46.1424959], [48.0279934, 46.1424297], [48.02661919999999, 46.1421685], [48.025100699999996, 46.14190369999999], [48.0244762, 46.141832699999995], [48.0240806, 46.1418705], [48.023179, 46.142188299999994], [48.02255009999999, 46.1425264], [48.0222558, 46.1426321], [48.0219082, 46.142658], [48.0216043, 46.1426305], [48.0208273, 46.1424461], [48.0202157, 46.142347], [48.019315899999995, 46.142220699999996], [48.0188684, 46.1421959], [48.018393599999996, 46.1422447], [48.017891299999995, 46.1423957], [48.01759040000001, 46.1425453], [48.01714729999999, 46.1428818], [48.0168391, 46.143167299999995], [48.0165929, 46.143353499999996], [48.016068, 46.1435717], [48.0155665, 46.1437643], [48.015123200000005, 46.1439299], [48.0145727, 46.144179799999996], [48.014076, 46.144459899999994], [48.0137879, 46.14466470000001], [48.01308600000001, 46.14512559999999], [48.01260589999999, 46.145423699999995], [48.01162279999999, 46.1459647], [48.011009200000004, 46.14636659999999], [48.010676999999994, 46.14668609999999], [48.0105161, 46.1475063], [48.0106017, 46.14865639999999], [48.01077159999999, 46.14894970000001], [48.0111903, 46.14924069999999], [48.012086499999995, 46.1496256], [48.0129923, 46.14999069999999], [48.01327729999999, 46.150190699999996], [48.014040400000006, 46.15098309999999], [48.014351899999994, 46.15124409999999], [48.01532019999999, 46.15185139999999], [48.0164861, 46.152371599999995], [48.0175518, 46.1526926], [48.0189971, 46.1528879], [48.019736, 46.15308439999999], [48.020219899999994, 46.15339240000001], [48.021390499999995, 46.1545871], [48.0214066, 46.154812899999996], [48.02123, 46.1549943], [48.0209293, 46.1550804], [48.0199565, 46.15525420000001], [48.019158999999995, 46.155445699999994], [48.01865579999999, 46.1555174], [48.0182725, 46.15550079999999], [48.01713779999999, 46.1554099], [48.0164876, 46.1553798], [48.016092699999994, 46.1554047], [48.015656, 46.1555025], [48.0152106, 46.155530199999994], [48.014819, 46.15549370000001], [48.0143744, 46.1553661], [48.0140099, 46.1551772], [48.013726199999994, 46.1549509], [48.013374199999994, 46.1547645], [48.0129975, 46.154625599999996], [48.0127039, 46.1545829], [48.012465899999995, 46.154618199999994], [48.012322, 46.1547173], [48.0122342, 46.15488570000001], [48.012093, 46.155142299999994], [48.01193339999999, 46.155357], [48.01179779999999, 46.15570790000001], [48.01149929999999, 46.156104], [48.0111026, 46.1570936], [48.01069139999999, 46.1577656], [48.010147499999995, 46.15841559999999], [48.009946500000005, 46.15863569999999], [48.00939259999999, 46.15892319999999], [48.0087678, 46.1591803], [48.007726, 46.15931839999999], [48.0069503, 46.15928279999999], [48.0057566, 46.15944399999999], [48.00465479999999, 46.1596143], [48.003786999999996, 46.15982339999999], [48.002238, 46.160714], [48.00174439999999, 46.16110369999999], [48.00148759999999, 46.1613092], [48.00080499999999, 46.161529699999996], [48.000262299999996, 46.1615505], [47.9996744, 46.163152], [47.999282, 46.1645754], [47.999063899999996, 46.165146299999996], [47.9984013, 46.1659211], [47.99742839999999, 46.1666132], [47.99642339999999, 46.16751709999999], [47.9949978, 46.16877099999999], [47.9931458, 46.170474], [47.99254559999999, 46.1710263], [47.99227739999999, 46.1713824], [47.9916825, 46.17183719999999], [47.9905834, 46.1725062], [47.9902773, 46.1727851], [47.99005329999999, 46.17314029999999], [47.9898692, 46.1734571], [47.98957, 46.1740286], [47.989515, 46.1743466], [47.989621299999996, 46.174938], [47.989858399999996, 46.1752182], [47.9902973, 46.1756587], [47.99058279999999, 46.1759682], [47.9913165, 46.176261], [47.991726699999994, 46.17637940000001], [47.9920836, 46.17653320000001], [47.99220729999999, 46.1767488], [47.9919717, 46.1769679], [47.990811599999994, 46.17762], [47.9886768, 46.17885100000001], [47.988204999999994, 46.1789575], [47.9851153, 46.1787629], [47.98500229999999, 46.178755699999996], [47.9848081, 46.1787434], [47.984615299999994, 46.1787203], [47.98453320000001, 46.178712399999995], [47.9843384, 46.17868949999999], [47.98426009999999, 46.17904169999999], [47.9840664, 46.1790252], [47.9838738, 46.1789994], [47.98367929999999, 46.17897839999999], [47.983484399999995, 46.178955699999996], [47.9821596, 46.1788087], [47.98102399999999, 46.178662499999994], [47.980480699999994, 46.1791104], [47.9796646, 46.1795222], [47.9786547, 46.1803909], [47.978714, 46.1807909], [47.979309, 46.181100199999996], [47.979938399999995, 46.181271], [47.981041399999995, 46.18147690000001], [47.9825932, 46.1816118], [47.984177599999995, 46.1817477], [47.98731289999999, 46.1819359], [47.98886649999999, 46.182059499999994], [47.9907155, 46.182307599999994], [47.993168299999994, 46.182898699999996], [47.9972559, 46.183796], [47.998816, 46.1842589], [47.999345899999994, 46.184472199999995], [47.9995224, 46.1847099], [47.9995739, 46.1849595], [47.99942339999999, 46.1852376], [47.9991317, 46.18532400000001], [47.993459, 46.18735529999999], [47.9928639, 46.1868695], [47.9914982, 46.186198], [47.990606199999995, 46.1857759], [47.9900899, 46.186503099999996], [47.98051499999999, 46.186062699999994], [47.9734893, 46.1857329], [47.9716655, 46.18568460000001], [47.9705477, 46.18556439999999], [47.970009299999994, 46.1855985], [47.9588713, 46.18554869999999], [47.9580216, 46.18549469999999], [47.9576493, 46.1854693], [47.95842609999999, 46.1843063], [47.9542894, 46.1830306], [47.9541612, 46.18335129999999], [47.95359959999999, 46.1847549], [47.9512127, 46.1846411], [47.9507563, 46.185872999999994], [47.9501874, 46.187194], [47.94936969999999, 46.1885292], [47.94843289999999, 46.1898611], [47.9472312, 46.19132369999999], [47.945681, 46.1929836], [47.943450899999995, 46.19492559999999], [47.9417265, 46.1963259], [47.9390195, 46.1982716], [47.9365021, 46.2000156], [47.9332888, 46.2018517], [47.9298331, 46.2037447], [47.927425, 46.2049738], [47.9260538, 46.2053892], [47.9242768, 46.20565429999999], [47.922718599999996, 46.20603140000001], [47.921066, 46.2063722], [47.9196856, 46.2067374], [47.918155, 46.2071989], [47.916892399999995, 46.2076733], [47.91575149999999, 46.2083577], [47.914777199999996, 46.209516799999996], [47.9106153, 46.2142848], [47.909942099999995, 46.21517089999999], [47.90957639999999, 46.2161663], [47.9095044, 46.217439799999994], [47.910549, 46.2215806], [47.91247619999999, 46.225716999999996], [47.9145039, 46.23120089999999], [47.917563599999994, 46.236386399999994], [47.92563359999999, 46.2415599], [47.93458189999999, 46.2486289], [47.9399195, 46.25298819999999], [47.942735299999995, 46.2575108], [47.9457088, 46.2633163], [47.947315999999994, 46.26626129999999], [47.948908, 46.26898119999999], [47.95085869999999, 46.268378299999995], [47.95628179999999, 46.26663659999999], [47.9612531, 46.26486299999999], [47.9637914, 46.263908799999996], [47.9660012, 46.2633976], [47.96806169999999, 46.26301999999999], [47.970336999999994, 46.2628578], [47.9719987, 46.2626922], [47.9732547, 46.2625225], [47.9757059, 46.2617871], [47.977198599999994, 46.2630281], [47.9795743, 46.2650027], [47.97865269999999, 46.2668196], [47.978133699999994, 46.2673233], [47.975660299999994, 46.268197], [47.9738766, 46.2688318], [47.97390879999999, 46.2688822], [47.97426469999999, 46.2693647], [47.97446879999999, 46.26952299999999], [47.976056899999996, 46.2712844], [47.97281329999999, 46.27243159999999], [47.9736557, 46.274159], [47.98962530000001, 46.270832999999996], [47.9896965, 46.2711244], [47.989568799999994, 46.27260359999999], [47.9895711, 46.27281229999999], [47.9897626, 46.27599169999999], [47.99152539999999, 46.27796899999999], [47.992113, 46.279855299999994], [47.9913499, 46.2811871], [47.9912711, 46.281333000000004], [47.99109429999999, 46.2816627], [47.99099609999999, 46.281972599999996], [47.9906058, 46.28212609999999], [47.98193319999999, 46.2846027], [47.97947489999999, 46.2850447], [47.9794346, 46.28506529999999], [47.97941279999999, 46.28513529999999], [47.979370599999996, 46.2851588], [47.978739399999995, 46.2851974], [47.9782965, 46.285223], [47.9782364, 46.28522649999999], [47.978353999999996, 46.286014], [47.981229799999994, 46.28626319999999], [47.9816028, 46.2863845], [47.983824399999996, 46.2871389], [47.9840467, 46.287214399999996], [47.98461669999999, 46.2874072], [47.985338999999996, 46.2876515], [47.9857279, 46.28839309999999], [47.9866926, 46.2903274], [47.9880136, 46.29065], [47.9896085, 46.2903881], [47.9933579, 46.2897462], [47.99351899999999, 46.28972949999999], [47.994156, 46.2894818], [47.9957839, 46.28883939999999], [47.9966238, 46.287502999999994], [47.9986768, 46.28728190000001], [47.99863249999999, 46.2869462], [48.00120569999999, 46.2867191], [48.0014641, 46.28801549999999], [48.00176269999999, 46.2895173], [48.0027765, 46.2895599], [48.0042634, 46.28966569999999], [48.004866799999995, 46.2892965], [48.006145399999994, 46.288514299999996], [48.0062582, 46.2884452], [48.00645620000001, 46.288441], [48.009475599999995, 46.288491199999996], [48.0097977, 46.287103699999996], [48.0108003, 46.28692409999999], [48.018555, 46.284912799999994], [48.0432107, 46.2854876], [48.0439244, 46.2855773], [48.0468238, 46.28567369999999], [48.047778799999996, 46.286757], [48.04664989999999, 46.287381499999995], [48.045529, 46.2882061], [48.0447207, 46.28930749999999], [48.04423469999999, 46.290339499999995], [48.0441805, 46.2913469], [48.0444358, 46.29204], [48.0450391, 46.2928317], [48.045804499999996, 46.2936514], [48.04623599999999, 46.2945937], [48.0461092, 46.29550979999999], [48.0453877, 46.2962731], [48.044162099999994, 46.2976025], [48.042422499999994, 46.299361299999994], [48.0414524, 46.300899], [48.0414174, 46.3015487], [48.0410032, 46.3023619], [48.0403657, 46.3031631], [48.039299899999996, 46.303962399999996], [48.0379998, 46.3045726], [48.03857959999999, 46.3050773], [48.0390367, 46.30541900000001], [48.039675599999995, 46.30579379999999], [48.0406671, 46.3062203], [48.0417915, 46.3066103], [48.0424689, 46.30679359999999], [48.0431126, 46.3069439], [48.04435289999999, 46.306976], [48.04493819999999, 46.30684949999999], [48.0455845, 46.3066658], [48.04595749999999, 46.3065578], [48.046389399999995, 46.3063444], [48.046761399999994, 46.30616959999999], [48.047221099999994, 46.3060826], [48.0475441, 46.305957199999995], [48.047933, 46.3057909], [48.0483373, 46.3056597], [48.049020799999994, 46.30550089999999], [48.04949839999999, 46.3053716], [48.04996, 46.30524989999999], [48.0504783, 46.30508149999999], [48.050764199999996, 46.3049633], [48.0510461, 46.3048849], [48.051322799999994, 46.3049028], [48.0515615, 46.304926], [48.05178819999999, 46.304865899999996], [48.0520778, 46.3047398], [48.05243659999999, 46.304615399999996], [48.0526948, 46.3045935], [48.0530798, 46.30460349999999], [48.0534824, 46.3046193], [48.05402339999999, 46.3046225], [48.054481599999995, 46.304611099999995], [48.054937200000005, 46.30464609999999], [48.055526799999996, 46.3047219], [48.055978, 46.3047566], [48.056449699999995, 46.304779499999995], [48.05669949999999, 46.3047698], [48.0573287, 46.304657799999994], [48.0582952, 46.304465400000005], [48.05941589999999, 46.3041554], [48.06113049999999, 46.30358139999999], [48.062489299999996, 46.3031908], [48.06352189999999, 46.3030022], [48.0646476, 46.3028842], [48.0654006, 46.3027564], [48.0658042, 46.302725699999996], [48.06617539999999, 46.302776300000005], [48.0666007, 46.3029644], [48.067307500000005, 46.30338160000001], [48.0680405, 46.303822399999994], [48.0682514, 46.30404229999999], [48.068336499999994, 46.3042754], [48.06841060000001, 46.3049066], [48.06848539999999, 46.30526429999999], [48.0686689, 46.305573100000004], [48.0690129, 46.3057519], [48.069556999999996, 46.3058562], [48.070089499999995, 46.3058699], [48.07056099999999, 46.30580249999999], [48.07124269999999, 46.30564269999999], [48.0719967, 46.3053944], [48.07267349999999, 46.3052309], [48.0732535, 46.3051481], [48.0735316, 46.30513599999999], [48.07447319999999, 46.305389999999996], [48.0741548, 46.305853299999995], [48.074465999999994, 46.30600150000001], [48.07410719999999, 46.3075908], [48.0737202, 46.308848], [48.0789435, 46.309319], [48.0789426, 46.3093808], [48.078893099999995, 46.3129401], [48.07232549999999, 46.31293699999999], [48.07189449999999, 46.31316259999999], [48.0716577, 46.3140964], [48.0714077, 46.31509079999999], [48.070979, 46.3149921], [48.070427, 46.3148169], [48.0687133, 46.314114], [48.0679351, 46.3137529], [48.06740739999999, 46.313550899999996], [48.0665006, 46.313185299999994], [48.0661389, 46.3130496], [48.0620062, 46.31146210000001], [48.0602209, 46.31078289999999], [48.0559157, 46.316108099999994], [48.0557976, 46.3162541], [48.0543356, 46.318062399999995], [48.05352539999999, 46.3190645], [48.05360519999999, 46.319092999999995], [48.05358499999999, 46.319503600000004], [48.0536043, 46.31950739999999], [48.0535584, 46.3198068], [48.0535345, 46.320038999999994], [48.0535301, 46.3201637], [48.0535228, 46.32021159999999], [48.0534961, 46.320368], [48.0537118, 46.32038330000001], [48.056664299999994, 46.32042640000001], [48.0565348, 46.320468], [48.05497419999999, 46.3212184], [48.0549635, 46.3212098], [48.0548962, 46.32124259999999], [48.0549048, 46.321256999999996], [48.053757499999996, 46.32180579999999], [48.053844899999994, 46.3218624], [48.0538504, 46.3218723], [48.054520999999994, 46.3252094], [48.05465410000001, 46.3258835], [48.060794099999995, 46.326158799999995], [48.061008799999996, 46.32624859999999], [48.0612244, 46.3263742], [48.0618872, 46.3271698], [48.06181699999999, 46.32738109999999], [48.061831, 46.32746509999999], [48.06185119999999, 46.3274901], [48.0626904, 46.32819909999999], [48.0631337, 46.32919509999999], [48.06367959999999, 46.3298617], [48.0639709, 46.3298819], [48.0649063, 46.3305483], [48.065046099999996, 46.3294459], [48.06504999999999, 46.329402599999995], [48.0651695, 46.3286864], [48.06521049999999, 46.3286872], [48.065515999999995, 46.32871709999999], [48.065453, 46.32924500000001], [48.066058999999996, 46.329308399999995], [48.06592439999999, 46.3303667], [48.0654066, 46.33016], [48.0652919, 46.33032409999999], [48.0653593, 46.33049259999999], [48.06531819999999, 46.3306922], [48.0687606, 46.3320758], [48.070808299999996, 46.332982799999996], [48.0719714, 46.33328409999999], [48.0722334, 46.3334154], [48.07233949999999, 46.3335299], [48.0725503, 46.3338], [48.0741644, 46.33538219999999], [48.0754953, 46.3371651], [48.0759823, 46.3377572], [48.0766173, 46.3382296], [48.07677999999999, 46.338597699999994], [48.0777853, 46.33892039999999], [48.0783868, 46.3389359], [48.0795949, 46.3390326], [48.0804607, 46.3393595], [48.08112559999999, 46.3397399], [48.081349, 46.3398317], [48.081396399999996, 46.3398456], [48.0815798, 46.339915], [48.0816313, 46.339910499999995], [48.081761199999995, 46.33985179999999], [48.0837866, 46.3401103], [48.085266299999994, 46.3403677], [48.085784600000004, 46.34039189999999], [48.088855099999996, 46.340153699999995], [48.0932743, 46.3393142], [48.0932959, 46.3393476], [48.0933833, 46.33938529999999], [48.09374569999999, 46.339432699999996], [48.09425209999999, 46.3394893], [48.094845799999995, 46.33980079999999], [48.0953744, 46.3401244], [48.0955789, 46.340147], [48.0956315, 46.3401462], [48.0959526, 46.340637], [48.09599419999999, 46.340658999999995], [48.096900399999996, 46.3405926], [48.0972151, 46.34124740000001], [48.09780570000001, 46.3424765], [48.09911099999999, 46.3416301], [48.0997168, 46.341314399999995], [48.100369799999996, 46.341153399999996], [48.1023801, 46.34087329999999], [48.10493029999999, 46.3404725], [48.1070166, 46.340001199999996], [48.1091863, 46.3394564], [48.1113403, 46.3388793], [48.113533, 46.3382917], [48.1154338, 46.3375911], [48.116895, 46.33701270000001], [48.11838039999999, 46.33630159999999], [48.11997819999999, 46.3355597], [48.123642499999995, 46.332671899999994], [48.124647, 46.33196099999999], [48.1252047, 46.3319451], [48.1259381, 46.332232899999994], [48.126413299999996, 46.332597199999995], [48.126525199999996, 46.33302549999999], [48.1264779, 46.33338009999999], [48.1264023, 46.3339067], [48.126412, 46.33436249999999], [48.1264576, 46.33486419999999], [48.12665119999999, 46.33547409999999], [48.1269542, 46.3360123], [48.1273286, 46.336560199999994], [48.1277526, 46.33735209999999], [48.12826919999999, 46.3383922], [48.128835, 46.3393206], [48.129448599999996, 46.3402523], [48.130391, 46.3416861], [48.13123889999999, 46.3430046], [48.1320269, 46.34427089999999], [48.1325548, 46.34537459999999], [48.1328824, 46.34627029999999], [48.1330524, 46.3470559], [48.1330744, 46.347462], [48.13294090000001, 46.34771799999999], [48.1328905, 46.3481322], [48.13273929999999, 46.3487301], [48.13250229999999, 46.3492201], [48.13230329999999, 46.34953759999999], [48.1323338, 46.349870800000005], [48.132294300000005, 46.350350399999996], [48.132132899999995, 46.3508651], [48.1319397, 46.3513489], [48.13230059999999, 46.3514277], [48.133335, 46.3517573], [48.1337691, 46.3520639], [48.136577499999994, 46.35274], [48.13643819999999, 46.353125999999996], [48.136532499999994, 46.3532009], [48.1364784, 46.3533563], [48.136541, 46.3534338], [48.13650559999999, 46.35359029999999], [48.1365634, 46.3536028], [48.1365417, 46.3536722], [48.1365026, 46.353704300000004], [48.1367879, 46.3537492], [48.1367636, 46.3538445], [48.1370539, 46.3538822], [48.13707149999999, 46.3539026], [48.1371947, 46.3539035], [48.1372051, 46.35381209999999], [48.1377171, 46.3537885], [48.1377226, 46.3538375], [48.138025, 46.3538303], [48.1380394, 46.3538173], [48.138101999999996, 46.35383110000001], [48.1381471, 46.3538307], [48.1381462, 46.353772299999996], [48.1381447, 46.3537561], [48.138184300000006, 46.3537624], [48.1382275, 46.3537705], [48.1382303, 46.3538308], [48.13831149999999, 46.353831], [48.1384323, 46.3538313], [48.1385778, 46.3538316], [48.138718, 46.3538319], [48.1388423, 46.35546539999999], [48.1388043, 46.3554856], [48.1388515, 46.355878499999996], [48.1462136, 46.35653159999999], [48.14682909999999, 46.3571642], [48.1468688, 46.3573022], [48.146901, 46.35730019999999], [48.146921, 46.35737739999999], [48.14688339999999, 46.3573853], [48.14693309999999, 46.3576259], [48.14706139999999, 46.35761949999999], [48.14722569999999, 46.3578267], [48.1472686, 46.357974899999995], [48.1473008, 46.35796969999999], [48.147318999999996, 46.358085499999994], [48.1472647, 46.358090399999995], [48.1472838, 46.35815329999999], [48.1472936, 46.35829699999999], [48.14639749999999, 46.3583989], [48.1464406, 46.3585292], [48.146473199999996, 46.3586475], [48.146393499999995, 46.3586074], [48.1464155, 46.3587021], [48.14644669999999, 46.3588863], [48.14647449999999, 46.35906529999999], [48.14639729999999, 46.35906959999999], [48.1463431, 46.3590835], [48.1463292, 46.3591], [48.146321099999994, 46.359188], [48.1463043, 46.3592468], [48.146184999999996, 46.35925619999999], [48.1461966, 46.3593409], [48.1460301, 46.3593817], [48.1460442, 46.359426899999995], [48.14619199999999, 46.35976139999999], [48.14603139999999, 46.3598092], [48.146049, 46.3598511], [48.14606650000001, 46.359893099999994], [48.1460514, 46.359900700000004], [48.1462224, 46.36025879999999], [48.146240799999994, 46.36030209999999], [48.1462918, 46.360390499999994], [48.146313199999994, 46.3603926], [48.1463491, 46.3603828], [48.14649899999999, 46.3606464], [48.1465471, 46.3606337], [48.1466461, 46.3608295], [48.146661099999996, 46.3608446], [48.1466805, 46.36088259999999], [48.146681799999996, 46.36091809999999], [48.14686379999999, 46.361338], [48.1468233, 46.3613584], [48.146922399999994, 46.3615795], [48.14696469999999, 46.3616941], [48.147036799999995, 46.361673999999994], [48.1472971, 46.3621147], [48.1471366, 46.362174], [48.1470947, 46.3621791], [48.1470259, 46.3622178], [48.147070899999996, 46.36232259999999], [48.1470712, 46.3623509], [48.14705489999999, 46.36236650000001], [48.1470398, 46.3624283], [48.14707659999999, 46.3624299], [48.14710379999999, 46.3624388], [48.1471229, 46.3624489], [48.14718719999999, 46.362662699999994], [48.14721680000001, 46.3628585], [48.1472409, 46.363017], [48.14728099999999, 46.36300810000001], [48.14725729999999, 46.36308669999999], [48.1473086, 46.3631088], [48.1473636, 46.3634422], [48.1473557, 46.3634644], [48.147325, 46.363489], [48.14734459999999, 46.3635345], [48.1474173, 46.3635748], [48.1474741, 46.3638535], [48.1475304, 46.364138399999995], [48.1475024, 46.36417459999999], [48.1475791, 46.364268], [48.1476169, 46.364441199999995], [48.1476152, 46.3644555], [48.1476301, 46.3645388], [48.147643599999995, 46.364615], [48.14761289999999, 46.36461990000001], [48.1476341, 46.364681499999996], [48.1476556, 46.36480379999999], [48.147677099999996, 46.3649262], [48.1476446, 46.364952699999996], [48.1473983, 46.36498009999999], [48.1473727, 46.365096799999996], [48.14732239999999, 46.36512489999999], [48.1473331, 46.3651638], [48.1472492, 46.36519249999999], [48.1473246, 46.3653047], [48.14740559999999, 46.3654588], [48.1474469, 46.36558410000001], [48.1475292, 46.3658014], [48.1475344, 46.36582429999999], [48.1475702, 46.3659243], [48.1476059, 46.36602409999999], [48.14766339999999, 46.3660119], [48.147677, 46.366052999999994], [48.14774439999999, 46.366030800000004], [48.14782120000001, 46.3662156], [48.1478539, 46.36631070000001], [48.1478745, 46.366434299999995], [48.14772769999999, 46.3664674], [48.14772979999999, 46.366477399999994], [48.147760500000004, 46.366540799999996], [48.1479398, 46.36680139999999], [48.148008499999996, 46.36677790000001], [48.14815769999999, 46.3671602], [48.14818619999999, 46.3672265], [48.1482582, 46.367206], [48.148374499999996, 46.3673154], [48.1484147, 46.367446699999995], [48.14836799999999, 46.367457699999996], [48.1484807, 46.3679147], [48.148516, 46.367914799999994], [48.148680999999996, 46.3681929], [48.1487003, 46.3682239], [48.1487702, 46.36832580000001], [48.1488948, 46.36828169999999], [48.1490026, 46.3684121], [48.149105199999994, 46.3685399], [48.149203199999995, 46.3686652], [48.1492221, 46.36873539999999], [48.149240799999994, 46.3688055], [48.1493046, 46.368880399999995], [48.149271399999996, 46.36890139999999], [48.1490852, 46.36938469999999], [48.1495396, 46.3694572], [48.1524979, 46.36993979999999], [48.159477499999994, 46.3713999], [48.1628806, 46.3721167], [48.1655877, 46.372837], [48.1682618, 46.373720199999994], [48.1709162, 46.37502959999999], [48.1740256, 46.3763202], [48.1752663, 46.3767514], [48.1772233, 46.377383200000004], [48.178644299999995, 46.3777675], [48.178172999999994, 46.3789227], [48.1757974, 46.3789639], [48.174731, 46.37889179999999], [48.1726796, 46.3785661], [48.1710841, 46.378381499999996], [48.1703966, 46.3780439], [48.1678838, 46.377683899999994], [48.16692760000001, 46.3784695], [48.1628101, 46.378248899999996], [48.1600779, 46.3780742], [48.1594653, 46.37797489999999], [48.157984199999994, 46.3779266], [48.1568897, 46.3780789], [48.1566984, 46.378322999999995], [48.1563565, 46.378959599999995], [48.15606429999999, 46.379273], [48.155278, 46.3797374], [48.154653399999994, 46.380080799999995], [48.1539311, 46.380394800000005], [48.1525815, 46.381208599999994], [48.1515055, 46.3819567], [48.1509133, 46.3824191], [48.1493328, 46.38332260000001], [48.14865879999999, 46.3836614], [48.14800189999999, 46.3840994], [48.14764029999999, 46.3843652], [48.1473801, 46.38470220000001], [48.14708799999999, 46.3853286], [48.146869699999996, 46.3859209], [48.146616699999996, 46.3874912], [48.1465949, 46.38822739999999], [48.1465942, 46.3885373], [48.1463393, 46.3887714], [48.1459016, 46.3889132], [48.14551699999999, 46.3889876], [48.14499849999999, 46.3889861], [48.1444643, 46.388914], [48.1434821, 46.3890197], [48.14317079999999, 46.38938189999999], [48.1424154, 46.389385999999995], [48.1416489, 46.3901267], [48.1416688, 46.3904857], [48.141997999999994, 46.39104329999999], [48.1434712, 46.3924961], [48.1448144, 46.39422329999999], [48.1453148, 46.3955191], [48.145345999999996, 46.3961874], [48.145279599999995, 46.3971394], [48.1450482, 46.39805280000001], [48.1465799, 46.399354499999994], [48.1476937, 46.4002666], [48.14901879999999, 46.4010213], [48.150667299999995, 46.4014869], [48.152471399999996, 46.4019108], [48.154621799999994, 46.402136299999995], [48.1568689, 46.4021012], [48.159557299999996, 46.4018194], [48.16168869999999, 46.4015388], [48.16399919999999, 46.40107569999999], [48.16624869999999, 46.40037349999999], [48.167939399999995, 46.39959669999999], [48.1715448, 46.39713609999999], [48.17495339999999, 46.3952162], [48.1847856, 46.3901997], [48.1874869, 46.38886], [48.1913502, 46.38681199999999], [48.1946953, 46.3849577], [48.1971218, 46.3833989], [48.19940069999999, 46.38159029999999], [48.20038399999999, 46.3814185], [48.2010655, 46.38140539999999], [48.201888, 46.3815024], [48.20147849999999, 46.38516499999999], [48.20107769999999, 46.38578989999999], [48.2005349, 46.386313699999995], [48.1987018, 46.3875427], [48.196096399999995, 46.3902603], [48.19336469999999, 46.3931091], [48.189795499999995, 46.3969213], [48.1862823, 46.40063289999999], [48.1849809, 46.4019979], [48.1833378, 46.4034511], [48.18320659999999, 46.4031543], [48.18299449999999, 46.4028617], [48.1827018, 46.4025581], [48.1823694, 46.4022714], [48.18203059999999, 46.4020318], [48.181503, 46.4018795], [48.180923099999994, 46.40174369999999], [48.180415399999994, 46.40170450000001], [48.17959489999999, 46.40174939999999], [48.178825700000004, 46.40212749999999], [48.17828, 46.402327500000006], [48.1775376, 46.40280109999999], [48.1770998, 46.40298289999999], [48.17600209999999, 46.403252099999996], [48.175342, 46.403339499999994], [48.1738447, 46.4035514], [48.173226199999995, 46.403583499999996], [48.17173540000001, 46.4037482], [48.1712269, 46.4037267], [48.1707904, 46.4036329], [48.17002169999999, 46.403421099999996], [48.170070599999995, 46.4038018], [48.16946169999999, 46.40425789999999], [48.1684318, 46.4047895], [48.1676701, 46.4050195], [48.16741489999999, 46.40581219999999], [48.167367999999996, 46.40696679999999], [48.16578619999999, 46.409298899999996], [48.16517350000001, 46.40956529999999], [48.16490039999999, 46.4099556], [48.1643183, 46.4110999], [48.1639488, 46.4115352], [48.16372189999999, 46.4117785], [48.16333180000001, 46.4120296], [48.162421699999996, 46.4124416], [48.1618164, 46.4127455], [48.16126009999999, 46.41319709999999], [48.16092309999999, 46.413572900000005], [48.1603731, 46.414409], [48.159870899999994, 46.4151963], [48.15965189999999, 46.415772999999994], [48.1596678, 46.4161236], [48.159885599999996, 46.4167331], [48.160010199999995, 46.417245], [48.16047389999999, 46.41857939999999], [48.1605393, 46.419356], [48.1604964, 46.419747099999995], [48.160689899999994, 46.42009440000001], [48.1609458, 46.420845799999995], [48.161071799999995, 46.4214031], [48.1610832, 46.422058699999994], [48.1610987, 46.4229244], [48.1610215, 46.423536899999995], [48.16095349999999, 46.4239012], [48.16029979999999, 46.4257846], [48.15936349999999, 46.427429399999994], [48.1582962, 46.429781], [48.15772050000001, 46.4303799], [48.15515, 46.4319045], [48.1526679, 46.43309240000001], [48.1518848, 46.4336113], [48.1509801, 46.434021699999995], [48.1492789, 46.4351742], [48.1480892, 46.4358106], [48.1466956, 46.43642940000001], [48.1463089, 46.4366937], [48.1459994, 46.4365396], [48.14247189999999, 46.43690109999999], [48.14172949999999, 46.43693799999999], [48.1405141, 46.43711139999999], [48.13967, 46.43740139999999], [48.1359296, 46.438230700000005], [48.1309466, 46.43928679999999], [48.13022449999999, 46.4392844], [48.12922379999999, 46.43947109999999], [48.1236775, 46.4398152], [48.1231193, 46.43985649999999], [48.12265300000001, 46.43995209999999], [48.1222837, 46.4399976], [48.12173859999999, 46.4400101], [48.12131049999999, 46.440096], [48.12049309999999, 46.4403213], [48.1198623, 46.4403785], [48.1194118, 46.44045859999999], [48.119017299999996, 46.44055329999999], [48.118662799999996, 46.440748199999994], [48.11825129999999, 46.4410411], [48.1178699, 46.44127559999999], [48.11663000000001, 46.4417166], [48.113273799999995, 46.4433982], [48.1125404, 46.443755499999995], [48.1111486, 46.4442955], [48.1101625, 46.444606], [48.1082492, 46.44476989999999], [48.1061488, 46.4449915], [48.1047094, 46.4450659], [48.103291, 46.4452233], [48.10246849999999, 46.4453747], [48.101639, 46.445656099999994], [48.0998702, 46.4463465], [48.09892839999999, 46.44657049999999], [48.09653809999999, 46.4466442], [48.0953699, 46.4467826], [48.093293599999996, 46.44696509999999], [48.09251439999999, 46.446987199999995], [48.0916961, 46.447059], [48.0907934, 46.447180599999996], [48.0894899, 46.4475214], [48.08825769999999, 46.4479188], [48.0869998, 46.4482314], [48.0866028, 46.44824779999999], [48.0842698, 46.448684500000006], [48.08341169999999, 46.4488096], [48.0826453, 46.44896669999999], [48.08166620000001, 46.449235900000005], [48.08055349999999, 46.4495841], [48.07883519999999, 46.450108199999995], [48.0760024, 46.4511442], [48.0739909, 46.4520509], [48.07091559999999, 46.45253699999999], [48.06953729999999, 46.45243309999999], [48.0704609, 46.443662499999995], [48.0710339, 46.43774679999999], [48.067639899999996, 46.4374459], [48.0675763, 46.43741399999999], [48.06761, 46.436607699999996], [48.06648419999999, 46.43656849999999], [48.065687499999996, 46.436569], [48.06571569999999, 46.4360187], [48.05794770000001, 46.4358603], [48.057500299999994, 46.43577739999999], [48.0571923, 46.4365045], [48.05629269999999, 46.4377323], [48.05572229999999, 46.438327], [48.055515799999995, 46.4387877], [48.0567397, 46.43972749999999], [48.0569176, 46.4399764], [48.05696029999999, 46.4401822], [48.0568748, 46.4403771], [48.0566469, 46.440674699999995], [48.05634169999999, 46.44117219999999], [48.05629919999999, 46.4415783], [48.05636199999999, 46.442110899999996], [48.056605, 46.4428296], [48.0566977, 46.44332190000001], [48.0566572, 46.44376199999999], [48.0564359, 46.44417829999999], [48.05571, 46.4450191], [48.055265, 46.44562659999999], [48.054916799999994, 46.4462423], [48.0546738, 46.4469747], [48.0543792, 46.447662799999996], [48.053950199999996, 46.4482769], [48.0532583, 46.4488911], [48.05248859999999, 46.4493894], [48.0511904, 46.4500592], [48.0510563, 46.4502662], [48.05100159999999, 46.450732699999996], [48.0510631, 46.4508552], [48.051520599999996, 46.4510283], [48.05173009999999, 46.45114159999999], [48.051841399999994, 46.4513633], [48.05172309999999, 46.4515753], [48.0515337, 46.4516812], [48.051265699999995, 46.45182319999999], [48.0512263, 46.4520042], [48.05133699999999, 46.45240059999999], [48.0513342, 46.4526311], [48.051155099999995, 46.4533375], [48.051164299999996, 46.453641499999996], [48.05122209999999, 46.4538369], [48.051363599999995, 46.45390149999999], [48.051875599999995, 46.4540229], [48.05258249999999, 46.454138900000004], [48.05267659999999, 46.4542426], [48.0527439, 46.45470139999999], [48.0523052, 46.45528169999999], [48.0523131, 46.4553658], [48.0433699, 46.46741049999999], [48.03518809999999, 46.4684472], [48.03229279999999, 46.4684527], [48.0312321, 46.46850599999999], [48.029685699999995, 46.468730799999996], [48.027701099999994, 46.4672443], [48.0235992, 46.4674019], [48.020285, 46.467440499999995], [48.020158099999996, 46.468525299999996], [48.0132185, 46.46829499999999], [48.006297399999994, 46.46808639999999], [47.9985796, 46.467881899999995], [47.9976536, 46.46793579999999], [47.9974048, 46.4682993], [47.9974483, 46.4722048], [47.99940519999999, 46.47352049999999], [47.9945267, 46.47716979999999], [47.9987313, 46.480061899999995], [48.006064099999996, 46.485744], [48.0134336, 46.491876899999994], [48.020528199999994, 46.49933669999999], [48.0234704, 46.5030802], [48.023810399999995, 46.50351419999999], [48.0244691, 46.5035023], [48.030261, 46.5033756], [48.03142629999999, 46.503807300000005], [48.032455899999995, 46.50419019999999], [48.0392318, 46.507267], [48.040221499999994, 46.5078182], [48.0412908, 46.50914019999999], [48.04270679999999, 46.511554200000006], [48.0435382, 46.5130002], [48.04377209999999, 46.5134096], [48.04557940000001, 46.51323190000001], [48.04674539999999, 46.513110899999994], [48.05354299999999, 46.512468899999995], [48.05983080000001, 46.511838399999995], [48.06126019999999, 46.5117226], [48.063726, 46.51130199999999], [48.06807909999999, 46.51091], [48.0714459, 46.5105767], [48.07334889999999, 46.5103979], [48.072494, 46.5053194], [48.071959099999994, 46.504574500000004], [48.07199769999999, 46.5042538], [48.0728374, 46.5041275], [48.0677844, 46.4917767], [48.0673838, 46.4902945], [48.06548519999999, 46.4832795], [48.06647039999999, 46.48315219999999], [48.0670742, 46.4830636], [48.0681773, 46.482994399999995], [48.0687593, 46.483243300000005], [48.069321, 46.483643799999996], [48.0697794, 46.4838744], [48.0708019, 46.4841493], [48.0715513, 46.48418130000001], [48.07219049999999, 46.4841065], [48.07238809999999, 46.484119299999996], [48.0735316, 46.4844879], [48.075060799999996, 46.4850423], [48.07711809999999, 46.4863257], [48.0775169, 46.48671259999999], [48.077807299999996, 46.48696389999999], [48.07828789999999, 46.4870752], [48.07872019999999, 46.4871193], [48.07947970000001, 46.48728400000001], [48.0799378, 46.4873222], [48.08053389999999, 46.487363699999996], [48.081192200000004, 46.4874863], [48.081628699999996, 46.4876481], [48.0824974, 46.4880403], [48.08289649999999, 46.48818779999999], [48.0830197, 46.48820069999999], [48.08339139999999, 46.4880963], [48.083581099999996, 46.4877187], [48.0836356, 46.4873916], [48.0836058, 46.4871404], [48.083725599999994, 46.486680199999995], [48.0837135, 46.48632789999999], [48.0836336, 46.48579019999999], [48.0833613, 46.4844301], [48.083267, 46.484191499999994], [48.083135999999996, 46.4839017], [48.0830756, 46.483246599999994], [48.08376299999999, 46.48213580000001], [48.0841764, 46.481709099999996], [48.08447079999999, 46.481571499999994], [48.08545229999999, 46.4815181], [48.0864199, 46.481492], [48.086748899999996, 46.481414699999995], [48.0872847, 46.48109709999999], [48.08762509999999, 46.4808625], [48.0879572, 46.4806002], [48.0885359, 46.4800574], [48.08895989999999, 46.4794936], [48.0896026, 46.47819509999999], [48.089959199999996, 46.477454], [48.0903655, 46.476858199999995], [48.0914919, 46.475776999999994], [48.0919555, 46.475550299999995], [48.0924254, 46.475379200000006], [48.0932268, 46.4751398], [48.0947883, 46.4743661], [48.097432, 46.4729054], [48.0980292, 46.472550899999995], [48.0983842, 46.4721544], [48.0988651, 46.471263400000005], [48.09910409999999, 46.4707513], [48.0992487, 46.46999869999999], [48.0999028, 46.4697563], [48.10108639999999, 46.4692292], [48.1014095, 46.469188], [48.10196069999999, 46.469308], [48.1038042, 46.46967359999999], [48.1053988, 46.46975979999999], [48.1076782, 46.4697699], [48.108876, 46.4697319], [48.109129, 46.4696026], [48.1094028, 46.4694261], [48.10949409999999, 46.46947399999999], [48.1094627, 46.46960969999999], [48.1089445, 46.4702536], [48.1087547, 46.4706188], [48.1084164, 46.470807799999996], [48.108292799999994, 46.470922699999996], [48.10819589999999, 46.47109449999999], [48.107603899999994, 46.471859099999996], [48.1073799, 46.472039699999996], [48.106971800000004, 46.4722641], [48.10660149999999, 46.4723478], [48.10619369999999, 46.4723247], [48.10566779999999, 46.4720962], [48.10550779999999, 46.4718487], [48.1055215, 46.47121860000001], [48.1053767, 46.4709633], [48.1050285, 46.4707029], [48.10464519999999, 46.470556699999996], [48.1042497, 46.470470399999996], [48.1036751, 46.4704409], [48.10306169999999, 46.4705547], [48.1026109, 46.47077929999999], [48.1019723, 46.47099459999999], [48.10142, 46.4713118], [48.1011619, 46.47162839999999], [48.1010652, 46.4719458], [48.101125599999996, 46.4721367], [48.1011972, 46.4723868], [48.10109129999999, 46.4726596], [48.100832, 46.4729544], [48.100730600000006, 46.4731875], [48.1007616, 46.4734566], [48.1008533, 46.4736502], [48.10098299999999, 46.473916599999995], [48.1011833, 46.474416899999994], [48.101447900000004, 46.47508419999999], [48.1015165, 46.47542059999999], [48.1014945, 46.475628199999996], [48.1020114, 46.47600289999999], [48.102610999999996, 46.4760476], [48.1029336, 46.47599399999999], [48.1031358, 46.4758373], [48.1031778, 46.4755718], [48.10314439999999, 46.47530269999999], [48.10322849999999, 46.4747661], [48.10346109999999, 46.4745528], [48.10400099999999, 46.47447509999999], [48.104403, 46.474537999999995], [48.1050086, 46.474696], [48.1057183, 46.4750421], [48.10626619999999, 46.47537619999999], [48.10665339999999, 46.4755906], [48.107414899999995, 46.4755809], [48.10801769999999, 46.47546359999999], [48.10922209999999, 46.4753679], [48.10981759999999, 46.475396599999996], [48.11023169999999, 46.475532900000005], [48.1108981, 46.475800899999996], [48.111703299999995, 46.4760102], [48.11203809999999, 46.4759885], [48.112271699999994, 46.47583639999999], [48.1126656, 46.47543699999999], [48.112805, 46.4751867], [48.1127561, 46.4748785], [48.112627, 46.4746229], [48.1121788, 46.4742087], [48.111798199999996, 46.474066099999995], [48.1111345, 46.4738431], [48.1109717, 46.4737287], [48.11096959999999, 46.473556099999996], [48.1110926, 46.47329359999999], [48.11162499999999, 46.472491899999994], [48.1118856, 46.4723553], [48.11222969999999, 46.4723621], [48.1128655, 46.4724132], [48.113209000000005, 46.4724092], [48.1134599, 46.472378899999995], [48.1135604, 46.472252899999994], [48.11346089999999, 46.47210449999999], [48.1129012, 46.4716969], [48.112827599999996, 46.4715478], [48.11307109999999, 46.47138999999999], [48.113384499999995, 46.4713131], [48.1139036, 46.47128279999999], [48.1143067, 46.4712268], [48.11511149999999, 46.4710465], [48.11539470000001, 46.4710335], [48.1156948, 46.4711385], [48.116082899999995, 46.47140859999999], [48.1163218, 46.471717], [48.1164594, 46.471983099999996], [48.11651019999999, 46.47232559999999], [48.11646149999999, 46.472612899999994], [48.11632929999999, 46.4728522], [48.1160885, 46.473056799999995], [48.115594, 46.4733851], [48.1154364, 46.47363599999999], [48.1153977, 46.4739122], [48.11543950000001, 46.4741702], [48.116333399999995, 46.47445539999999], [48.11678929999999, 46.47445909999999], [48.1172253, 46.47438609999999], [48.1176738, 46.4742605], [48.11830669999999, 46.4740758], [48.11895379999999, 46.474006], [48.12041719999999, 46.4746858], [48.12107439999999, 46.47471999999999], [48.1220463, 46.4747708], [48.1224122, 46.474795], [48.1225524, 46.4742406], [48.12276979999999, 46.4738244], [48.1231923, 46.4736995], [48.1238053, 46.47372579999999], [48.12521689999999, 46.47450229999999], [48.1264084, 46.4746497], [48.1279828, 46.4745382], [48.129813, 46.47411739999999], [48.13231849999999, 46.473392000000004], [48.1333247, 46.4734093], [48.1363839, 46.4742576], [48.1380166, 46.4742308], [48.14114849999999, 46.4737957], [48.1423087, 46.47386449999999], [48.1432109, 46.47428949999999], [48.14423969999999, 46.4751437], [48.1466039, 46.4762159], [48.14831910000001, 46.4767355], [48.15030939999999, 46.476833500000005], [48.15263529999999, 46.476774899999995], [48.154921099999996, 46.476413], [48.15847569999999, 46.476259], [48.160002399999996, 46.4760081], [48.16218919999999, 46.475127199999996], [48.1629404, 46.47461059999999], [48.163734399999996, 46.47343709999999], [48.1637085, 46.4725093], [48.1634444, 46.4717303], [48.1634827, 46.47099699999999], [48.164187899999995, 46.4699545], [48.1667481, 46.4675948], [48.16835499999999, 46.46669099999999], [48.1702709, 46.4662205], [48.17276, 46.4661406], [48.1748616, 46.4655765], [48.17749839999999, 46.46440749999999], [48.1805484, 46.4635903], [48.18451129999999, 46.462778199999995], [48.18760379999999, 46.4625894], [48.18981639999999, 46.46265869999999], [48.1929366, 46.462929499999994], [48.19518719999999, 46.46357139999999], [48.196051, 46.4639467], [48.1999654, 46.46513819999999], [48.20528589999999, 46.4667546], [48.21576989999999, 46.46993890000001], [48.22402579999999, 46.4724421], [48.22449339999999, 46.4726074], [48.2253853, 46.4723512], [48.225751, 46.4720156], [48.2267423, 46.4704367], [48.22740989999999, 46.4694214], [48.228272399999994, 46.4682626], [48.2292811, 46.466978], [48.2296086, 46.466149099999996], [48.230252799999995, 46.4650445], [48.2311009, 46.4638757], [48.231502, 46.46326049999999], [48.232800899999994, 46.4618026], [48.23461249999999, 46.4602673], [48.2366729, 46.45828209999999], [48.238907299999994, 46.455789], [48.240395799999995, 46.45459679999999], [48.2420249, 46.4532292], [48.2429193, 46.4519824], [48.24408249999999, 46.4503353], [48.24479709999999, 46.4492734], [48.24512969999999, 46.4484301], [48.245252699999995, 46.447501700000004], [48.2453496, 46.44702010000001], [48.24531499999999, 46.44671670000001], [48.2451185, 46.4464482], [48.2447326, 46.4460514], [48.2446272, 46.4458735], [48.244694, 46.4454025], [48.244657499999995, 46.44487689999999], [48.2444848, 46.44441419999999], [48.244771699999994, 46.4425162], [48.244703, 46.4398529], [48.2446799, 46.4391214], [48.2450763, 46.43765509999999], [48.2464122, 46.43520939999999], [48.2510248, 46.4293385], [48.2538067, 46.426287499999994], [48.2564848, 46.424353999999994], [48.2615099, 46.42185190000001], [48.27034249999999, 46.418404], [48.27526759999999, 46.41544799999999], [48.2779383, 46.413397399999994], [48.2778831, 46.413364599999994], [48.2784751, 46.4126291], [48.2789864, 46.41112509999999], [48.279657099999994, 46.4096653], [48.2802849, 46.407606], [48.2812274, 46.4056346], [48.2814971, 46.4051544], [48.281836199999994, 46.40483269999999], [48.2824223, 46.4047405], [48.28459229999999, 46.4043004], [48.2903315, 46.40354829999999], [48.2936849, 46.40301879999999], [48.29769439999999, 46.40212489999999], [48.301181899999996, 46.4010061], [48.30674009999999, 46.398829899999996], [48.311901899999995, 46.3967946], [48.32360849999999, 46.3905199], [48.327740299999995, 46.3875368], [48.3303546, 46.3857487], [48.3322533, 46.3850239], [48.33369559999999, 46.3843528], [48.335627099999996, 46.383978799999994], [48.3377525, 46.38374799999999], [48.3394247, 46.3836483], [48.341888999999995, 46.3837727], [48.3460109, 46.3839919], [48.3475281, 46.383920499999995], [48.34887869999999, 46.3837061], [48.350424399999994, 46.3831854], [48.3518629, 46.38263109999999], [48.3535095, 46.38197079999999], [48.3554192, 46.38032509999999], [48.3564697, 46.37938], [48.3588606, 46.37536059999999], [48.3608176, 46.371339], [48.3634095, 46.368462], [48.369061599999995, 46.3651772], [48.37374419999999, 46.3640669], [48.3784827, 46.3634345], [48.37848369999999, 46.363441099999996], [48.3815521, 46.36304669999999], [48.38482569999999, 46.3625117], [48.3879952, 46.3616312], [48.39147729999999, 46.359943799999996], [48.39533109999999, 46.3578988], [48.3978295, 46.357029399999995], [48.40096059999999, 46.355699], [48.404356899999996, 46.3538758], [48.4074266, 46.3522155], [48.4086796, 46.35051489999999], [48.4101925, 46.3487708], [48.4127999, 46.3477668], [48.417847599999995, 46.3470908], [48.4226758, 46.3466831], [48.4273709, 46.3465739], [48.43109739999999, 46.3460249], [48.4349177, 46.34483219999999], [48.43789739999999, 46.3433503], [48.4405519, 46.3419415], [48.441996200000006, 46.3404214], [48.44335619999999, 46.338691], [48.44469689999999, 46.3367508], [48.4459585, 46.3338351], [48.4468878, 46.3314371], [48.445927, 46.3294174], [48.443933099999995, 46.3259005], [48.426783199999996, 46.335709599999994], [48.422310599999996, 46.33693490000001], [48.421172899999995, 46.33435359999999], [48.4209831, 46.333950300000005], [48.4173886, 46.333803499999995], [48.411742499999995, 46.3332494], [48.4051701, 46.33257029999999], [48.4009501, 46.332556499999995], [48.398438299999995, 46.3329902], [48.3921343, 46.3350408], [48.38598989999999, 46.3374716], [48.3793843, 46.3407689], [48.3786733, 46.3400553], [48.3711196, 46.3323216], [48.3701378, 46.3313161], [48.3710221, 46.3308747], [48.3719619, 46.3304188], [48.3721606, 46.3298278], [48.37189889999999, 46.3289847], [48.3714698, 46.32832019999999], [48.370542, 46.3279635], [48.36942119999999, 46.32781169999999], [48.3680623, 46.3279494], [48.36608960000001, 46.3284405], [48.3646744, 46.3286331], [48.36354819999999, 46.328457099999994], [48.36285869999999, 46.328137999999996], [48.3624012, 46.3278269], [48.3622064, 46.327368899999996], [48.3621189, 46.32596649999999], [48.36283709999999, 46.3256075], [48.3634765, 46.3248765], [48.3647329, 46.322178599999994], [48.3655312, 46.3214431], [48.367076399999995, 46.3208902], [48.36798259999999, 46.3204845], [48.369275900000005, 46.31964800000001], [48.37096149999999, 46.3180939], [48.3725579, 46.3165575], [48.3743815, 46.315525], [48.37589779999999, 46.31522579999999], [48.37708779999999, 46.31502569999999], [48.3801978, 46.314113799999994], [48.383806299999996, 46.312449699999995], [48.3868076, 46.310775], [48.3884082, 46.30922759999999], [48.39028379999999, 46.3066978], [48.391919099999996, 46.30583699999999], [48.3941912, 46.304849999999995], [48.39827960000001, 46.3021718], [48.3978422, 46.301878], [48.3968605, 46.30176529999999], [48.3956006, 46.3017559], [48.3932688, 46.30186400000001], [48.3944116, 46.300464399999996], [48.39502029999999, 46.29975029999999], [48.396597699999994, 46.2985034], [48.39691229999999, 46.2979551], [48.39711140000001, 46.2970638], [48.3972211, 46.2962813], [48.397623, 46.295732099999995], [48.39844649999999, 46.2951164], [48.39952529999999, 46.2944174], [48.4006307, 46.29352289999999], [48.40192699999999, 46.2926327], [48.4034221, 46.2921445], [48.404477699999994, 46.29205399999999], [48.4061034, 46.29204059999999], [48.40675619999999, 46.291899], [48.407224799999995, 46.29161009999999], [48.4079828, 46.29151079999999], [48.4091624, 46.29154809999999], [48.40981759999999, 46.2915205], [48.41140829999999, 46.2910265], [48.4127483, 46.2903153], [48.4138889, 46.2894591], [48.4147723, 46.289214], [48.4159698, 46.2891164], [48.41663799999999, 46.2889699], [48.4174813, 46.2885172], [48.4198834, 46.286541299999996], [48.4201689, 46.285995400000004], [48.42004459999999, 46.2856295], [48.41989219999999, 46.2852947], [48.4197547, 46.2831792], [48.419326, 46.2828626], [48.4190627, 46.2823663], [48.4190316, 46.2809927], [48.4181802, 46.2800776], [48.417778299999995, 46.28073909999999], [48.4176076, 46.2810348], [48.4180668, 46.281434700000005], [48.41813779999999, 46.2817094], [48.4179279, 46.28211009999999], [48.41772759999999, 46.2823044], [48.417273599999994, 46.2823681], [48.416689399999996, 46.28224469999999], [48.41651149999999, 46.281884999999996], [48.4167123, 46.2814345], [48.4161073, 46.2806632], [48.4147276, 46.2794633], [48.4139841, 46.2789131], [48.413271, 46.2788079], [48.4119813, 46.2789673], [48.4113469, 46.2788213], [48.4110488, 46.27829169999999], [48.4109722, 46.27752180000001], [48.410730099999995, 46.27716219999999], [48.41016969999999, 46.2767582], [48.40977649999999, 46.2762835], [48.4094389, 46.275941499999995], [48.4080543, 46.2757216], [48.4048667, 46.275016099999995], [48.40360069999999, 46.27402], [48.4023005, 46.27348520000001], [48.40008699999999, 46.27291230000001], [48.399058399999994, 46.274439], [48.3981517, 46.2752859], [48.3964746, 46.2761579], [48.39452339999999, 46.27719079999999], [48.39126509999999, 46.2793976], [48.38963939999999, 46.2799386], [48.38818169999999, 46.2806164], [48.3865926, 46.28232580000001], [48.3857126, 46.2829834], [48.384094, 46.283913399999996], [48.38075619999999, 46.285404899999996], [48.3781648, 46.286725], [48.3759656, 46.28825960000001], [48.37425089999999, 46.28894199999999], [48.37223209999999, 46.2892191], [48.371403799999996, 46.2891681], [48.370846699999994, 46.2894511], [48.3696659, 46.2909809], [48.36870369999999, 46.291691], [48.3670277, 46.2925303], [48.3652206, 46.2931079], [48.362159299999995, 46.293428299999995], [48.3590273, 46.293565599999994], [48.3582037, 46.29352519999999], [48.35726759999999, 46.293368599999994], [48.3556948, 46.29269939999999], [48.35462299999999, 46.2930514], [48.350619599999995, 46.293339], [48.34639359999999, 46.293628299999995], [48.34391209999999, 46.294040599999995], [48.3391218, 46.2951803], [48.33516579999999, 46.2960201], [48.331555699999996, 46.296757], [48.3303814, 46.29682919999999], [48.3298751, 46.2966964], [48.329905499999995, 46.29638430000001], [48.332725499999995, 46.29238370000001], [48.33379089999999, 46.2909674], [48.33495719999999, 46.289914], [48.337981199999994, 46.2884252], [48.339911699999995, 46.28695989999999], [48.3404575, 46.28556559999999], [48.3408365, 46.283273], [48.3415067, 46.281448299999994], [48.3448326, 46.277638399999994], [48.3449686, 46.27665549999999], [48.3445216, 46.275646599999995], [48.34314319999999, 46.2743773], [48.3418332, 46.2736471], [48.3402413, 46.27337680000001], [48.33906799999999, 46.27323489999999], [48.33801660000001, 46.272821799999996], [48.3369321, 46.2719414], [48.3363993, 46.2707627], [48.336479100000005, 46.2696025], [48.338583299999996, 46.2648994], [48.3395462, 46.2618261], [48.339916099999996, 46.2599133], [48.3404061, 46.25771099999999], [48.34004159999999, 46.25573519999999], [48.3392697, 46.2541749], [48.3371788, 46.2512698], [48.3363977, 46.249674199999994], [48.3364503, 46.24619880000001], [48.3360683, 46.2448991], [48.335605, 46.2436224], [48.3350718, 46.24064189999999], [48.33404809999999, 46.2390163], [48.3332035, 46.2362485], [48.333140099999994, 46.235052], [48.3333585, 46.23378199999999], [48.333778699999996, 46.2325255], [48.3342556, 46.231795899999995], [48.3350615, 46.2309011], [48.3363156, 46.2300518], [48.3411386, 46.2270295], [48.3450767, 46.2237865], [48.3456046, 46.222786], [48.3451288, 46.221212599999994], [48.34525289999999, 46.2203758], [48.3456411, 46.21981269999999], [48.34730309999999, 46.218403300000006], [48.34930190000001, 46.21713739999999], [48.3509355, 46.2165525], [48.3527899, 46.2159795], [48.3557374, 46.21575459999999], [48.3578564, 46.2153248], [48.36437639999999, 46.2127199], [48.36721699999999, 46.21098839999999], [48.3697788, 46.2083478]]]]}}]}