{"type": "FeatureCollection", "features": [{"type": "Feature", "properties": {"id": "city-61701000", "name": "ГО Рязань", "region": "Рязанская область", "isCity": true, "sourceOktmo": "61-701-000-000", "sourceAgg": "Рязань", "excelNames": ["ГО Рязань"], "oktmo": "61701000", "vgp": [{"year": 2019, "value": 427840707.22892976}, {"year": 2020, "value": 412402416.8509947}, {"year": 2021, "value": 475816650.0994414}, {"year": 2022, "value": 589520775.6307125}, {"year": 2023, "value": 649908195.3779713}, {"year": 2024, "value": 738237505.3377486}], "population": [{"year": 2019, "value": 539789.0}, {"year": 2020, "value": 539290.0}, {"year": 2021, "value": 534801.0}, {"year": 2022, "value": 527260.0}, {"year": 2023, "value": 520509.0}, {"year": 2024, "value": 520509.0}, {"year": 2025, "value": 519315.0}], "shipments": [{"year": 2019, "value": 288858845.6}, {"year": 2020, "value": 298726271.7}, {"year": 2021, "value": 394539142.3}, {"year": 2022, "value": 418727287.4}, {"year": 2023, "value": 479186911.3}, {"year": 2024, "value": 565198428.6}], "employees": [{"year": 2019, "value": 151458.0}, {"year": 2020, "value": 149613.0}, {"year": 2021, "value": 149988.0}, {"year": 2022, "value": 149573.0}, {"year": 2023, "value": 148433.0}, {"year": 2024, "value": 151746.0}], "investments": [{"year": 2019, "value": 0.0}, {"year": 2020, "value": 0.0}, {"year": 2021, "value": 0.0}, {"year": 2022, "value": 38732020.0}, {"year": 2023, "value": 41362338.0}, {"year": 2024, "value": 60618949.0}], "vgp2024": 738237505.3377486, "pop2024": 520509.0, "ship2024": 565198428.6, "emp2024": 151746.0, "inv2024": 60618949.0}, "geometry": {"type": "MultiPolygon", "coordinates": [[[[39.5942207, 54.68396899999999], [39.5959819, 54.68560699999998], [39.59419369999999, 54.6864772], [39.594066000000005, 54.687285], [39.5939731, 54.6876989], [39.5938066, 54.6881173], [39.5935821, 54.6885514], [39.5932841, 54.6889653], [39.59291639999999, 54.689374699999995], [39.592498299999995, 54.68977519999999], [39.5920377, 54.6901175], [39.59150739999999, 54.6904665], [39.5909384, 54.690777499999996], [39.5902764, 54.691077299999996], [39.58963779999999, 54.6913279], [39.5889255, 54.6915561], [39.5881359, 54.6917575], [39.587342299999996, 54.691916299999995], [39.58476819999999, 54.6922877], [39.585161199999995, 54.6931051], [39.5807836, 54.6963117], [39.5799692, 54.69666469999999], [39.58719369999999, 54.7020571], [39.59231439999999, 54.703052], [39.5929289, 54.7027857], [39.5946799, 54.702224], [39.6008917, 54.6990869], [39.60506509999999, 54.6970451], [39.607540400000005, 54.6959478], [39.60976689999999, 54.6972077], [39.6121948, 54.6986395], [39.6122189, 54.69898119999999], [39.612338599999994, 54.699355], [39.6151041, 54.7015106], [39.622385599999994, 54.69938770000001], [39.630247399999995, 54.699406599999996], [39.6397528, 54.6998874], [39.6434333, 54.699776500000006], [39.648234, 54.69970249999999], [39.6532268, 54.69973950000001], [39.6553391, 54.6993881], [39.6540589, 54.6987963], [39.653802899999995, 54.69857429999999], [39.6531628, 54.6982044], [39.653450799999995, 54.6977975], [39.6522666, 54.69724269999999], [39.65220260000001, 54.6967618], [39.6537068, 54.6967803], [39.65559509999999, 54.69631789999999], [39.658219499999994, 54.695985], [39.66202809999999, 54.6958185], [39.66487649999999, 54.69635490000001], [39.6662527, 54.6968728], [39.6674252, 54.69778580000001], [39.66887119999999, 54.6981863], [39.6700293, 54.6982044], [39.6712774, 54.69781599999999], [39.6739658, 54.695356100000005], [39.675054, 54.69480119999999], [39.67694229999999, 54.6935434], [39.6790866, 54.6917492], [39.67873989999999, 54.690450199999994], [39.677061099999996, 54.6895758], [39.67553410000001, 54.68906690000001], [39.675278, 54.6883269], [39.6766362, 54.6861677], [39.6780624, 54.6856444], [39.6805588, 54.685348399999995], [39.6829272, 54.68483039999999], [39.6858716, 54.6847379], [39.6882719, 54.6842013], [39.6905123, 54.6826842], [39.6946274, 54.681435500000006], [39.6965342, 54.681731600000006], [39.6973339, 54.68150349999999], [39.6983214, 54.6802418], [39.6981614, 54.6783175], [39.698482399999996, 54.6780229], [39.6995994, 54.6779564], [39.70043479999999, 54.6786356], [39.7016313, 54.679566599999994], [39.7019998, 54.67935310000001], [39.701635499999995, 54.6786877], [39.70130819999999, 54.67792359999999], [39.7029241, 54.67784910000001], [39.704524299999996, 54.6780156], [39.7041083, 54.67616509999999], [39.7034544, 54.6744717], [39.7059966, 54.67298219999999], [39.71153569999999, 54.672276299999986], [39.719296799999995, 54.67255389999999], [39.726777899999995, 54.67320169999999], [39.73673939999999, 54.6751217], [39.7424602, 54.677504199999994], [39.747941, 54.6803723], [39.7538619, 54.6822457], [39.7591827, 54.68187559999999], [39.7650236, 54.6802335], [39.7689041, 54.6784525], [39.7710244, 54.6757462], [39.77146449999999, 54.6743352], [39.7693042, 54.6676494], [39.76882319999999, 54.666353], [39.7672608, 54.6647048], [39.76473029999999, 54.66320989999999], [39.761543, 54.6622352], [39.7525417, 54.66038399999999], [39.747220899999995, 54.65887980000001], [39.7437804, 54.6571674], [39.74302029999999, 54.655848199999994], [39.74398049999999, 54.655130799999995], [39.7463008, 54.6544828], [39.7539819, 54.654876200000004], [39.7535925, 54.655579599999996], [39.75409259999999, 54.6574237], [39.76184369999999, 54.6561581], [39.76771959999999, 54.65529029999999], [39.769839899999994, 54.6553076], [39.7716577, 54.65377149999998], [39.77197019999999, 54.65218029999999], [39.776908399999996, 54.6529759], [39.7820417, 54.6573673], [39.784562099999995, 54.66164839999998], [39.786922399999995, 54.662897900000004], [39.7885226, 54.66343010000001], [39.79172309999999, 54.663916], [39.79604369999999, 54.66308299999999], [39.8055652, 54.65366439999999], [39.813539, 54.65609400000001], [39.81686079999999, 54.65732289999999], [39.8187946, 54.658378000000006], [39.818883199999995, 54.658426299999995], [39.8200035, 54.6593734], [39.82066569999999, 54.66034410000001], [39.8231164, 54.664733700000006], [39.8244666, 54.667608599999994], [39.8438354, 54.7050104], [39.8456259, 54.7085565], [39.8471024, 54.711475899999996], [39.8473792, 54.712479800000004], [39.848000899999995, 54.7158828], [39.847858, 54.718737399999995], [39.84714859999999, 54.72181020000001], [39.8464233, 54.72367520000001], [39.8411438, 54.73596289999999], [39.8405219, 54.73894649999999], [39.84038230000001, 54.7423183], [39.8398929, 54.74585229999999], [39.8392964, 54.7486845], [39.8378911, 54.7532181], [39.8374599, 54.75402509999999], [39.8364466, 54.754372], [39.83532689999999, 54.7543322], [39.8339317, 54.7544722], [39.83423859999999, 54.75337820000001], [39.834157299999994, 54.7531271], [39.8339144, 54.7525124], [39.83153349999999, 54.75275979999999], [39.830537199999995, 54.75319859999999], [39.8306362, 54.75391309999999], [39.8292999, 54.7540808], [39.82915969999999, 54.752826799999994], [39.8287571, 54.752462699999995], [39.828104499999995, 54.7522662], [39.826261, 54.7520653], [39.8265478, 54.75154510000001], [39.8280226, 54.7517343], [39.8291082, 54.7517106], [39.8310285, 54.7511666], [39.830214299999994, 54.750422099999994], [39.8302757, 54.749831], [39.82898529999999, 54.7481287], [39.8278587, 54.7474666], [39.827679999999994, 54.7474076], [39.8265888, 54.74713559999999], [39.825708, 54.746721799999996], [39.8246019, 54.74661539999999], [39.82460199999999, 54.7467431], [39.82479419999999, 54.74687360000001], [39.8247863, 54.74710919999999], [39.824472, 54.74698459999999], [39.8240898, 54.74691099999999], [39.8235246, 54.7467364], [39.8226355, 54.74646169999999], [39.82150899999999, 54.745385799999994], [39.8211403, 54.7453976], [39.8207716, 54.7451848], [39.8193173, 54.745870599999996], [39.818563, 54.7450751], [39.8170133, 54.74545080000001], [39.817602699999995, 54.7473639], [39.81762069999999, 54.74742210000001], [39.817905399999994, 54.7483461], [39.81259469999999, 54.7490325], [39.8100583, 54.74895339999999], [39.8100173, 54.749308000000006], [39.805593, 54.75024200000001], [39.80573629999999, 54.7509513], [39.803954299999994, 54.7509158], [39.803954299999994, 54.7522634], [39.7992842, 54.7527362], [39.8010509, 54.7595048], [39.8011302, 54.7614754], [39.7992739, 54.761715399999986], [39.799369999999996, 54.76256480000001], [39.7968416, 54.7628788], [39.797065599999996, 54.7633773], [39.7974817, 54.7633219], [39.79757769999999, 54.764226699999995], [39.7982349, 54.7646864], [39.7979236, 54.7648093], [39.79753029999999, 54.764620199999996], [39.79698609999999, 54.76469], [39.7967929, 54.7647148], [39.7961539, 54.7645919], [39.795760599999994, 54.76402459999999], [39.7908897, 54.7661447], [39.7916066, 54.76674729999999], [39.7910331, 54.766936399999985], [39.7902138, 54.766475500000006], [39.789558299999996, 54.766676399999994], [39.7896608, 54.7685316], [39.79289709999999, 54.76972500000001], [39.7903572, 54.7709302], [39.7884808, 54.7697994], [39.7867374, 54.77041369999999], [39.785224299999996, 54.770445], [39.783915099999994, 54.77184249999999], [39.7827088, 54.7720556], [39.7811434, 54.7723127], [39.779124, 54.77341049999999], [39.7758523, 54.77422029999999], [39.77403220000001, 54.7747347], [39.7712465, 54.7750891], [39.7746057, 54.778586], [39.7763878, 54.7800745], [39.7774119, 54.7807005], [39.778518, 54.7808541], [39.7795217, 54.781551], [39.781139800000005, 54.7822834], [39.784458099999995, 54.78309839999999], [39.78548219999999, 54.783405599999995], [39.786752199999995, 54.78357090000001], [39.7879197, 54.783228399999985], [39.7880426, 54.7830158], [39.789230599999996, 54.7828976], [39.789558299999996, 54.78240149999999], [39.7914018, 54.7817873], [39.792344, 54.78164550000001], [39.7965021, 54.78202350000001], [39.80520739999999, 54.7830512], [39.8072761, 54.783830800000004], [39.8083413, 54.7840198], [39.80975459999999, 54.784574899999996], [39.8146705, 54.7855316], [39.81954549999999, 54.786441100000005], [39.82222879999999, 54.787232399999986], [39.8242719, 54.7887471], [39.82498879999999, 54.789854399999996], [39.8254497, 54.7913306], [39.8252225, 54.7943152], [39.8243023, 54.79618330000001], [39.8230622, 54.7977515], [39.821702, 54.7988124], [39.8216571, 54.7992459], [39.8227837, 54.79967390000001], [39.8254431, 54.799467799999995], [39.828142899999996, 54.79922749999999], [39.8353633, 54.808708200000005], [39.83580409999999, 54.80928899999999], [39.8375071, 54.8089296], [39.837651, 54.808459600000006], [39.836343799999995, 54.807035799999994], [39.83779489999999, 54.8081762], [39.839366000000005, 54.8091438], [39.8413808, 54.8098557], [39.844786799999994, 54.81123799999999], [39.8463076, 54.81200729999999], [39.8489326, 54.8107821], [39.85206649999999, 54.808625500000005], [39.8535831, 54.807534800000006], [39.8524904, 54.80707919999999], [39.8524068, 54.8071426], [39.8517204, 54.806783], [39.85161479999999, 54.8068391], [39.85059009999999, 54.80631960000001], [39.85087279999999, 54.8060014], [39.85106729999999, 54.8058669], [39.8515938, 54.8057019], [39.85162869999999, 54.80584120000001], [39.8519955, 54.80609429999999], [39.8520622, 54.8060751], [39.852279, 54.8063025], [39.8532024, 54.8067686], [39.8545119, 54.806228000000004], [39.85449349999999, 54.80616789999999], [39.854241699999996, 54.8059768], [39.8542754, 54.8058599], [39.8557747, 54.8048037], [39.85623369999999, 54.80457909999999], [39.85634859999999, 54.804469100000006], [39.8584698, 54.804745200000006], [39.8587332, 54.80423760000001], [39.8653438, 54.80585369999999], [39.8995776, 54.7958587], [39.896172299999996, 54.7915189], [39.894508099999996, 54.79200599999999], [39.8945621, 54.785763], [39.888109899999996, 54.7872246], [39.8881355, 54.7868113], [39.8878027, 54.786589799999994], [39.8874442, 54.786589799999994], [39.8875211, 54.7857926], [39.878969399999995, 54.78595500000001], [39.8787902, 54.785541599999995], [39.8756955, 54.7856571], [39.8723124, 54.78571869999999], [39.8721889, 54.784348], [39.872553, 54.78336829999999], [39.8727789, 54.7827605], [39.8737784, 54.7817494], [39.87131329999999, 54.7802935], [39.870493999999994, 54.7806331], [39.86993069999999, 54.780470699999995], [39.86790799999999, 54.780426399999996], [39.8658341, 54.7785658], [39.866135899999996, 54.7762521], [39.8664486, 54.773855], [39.8674471, 54.7731608], [39.8680872, 54.7713738], [39.86778, 54.77118180000001], [39.86719109999999, 54.7711375], [39.8626848, 54.77317560000001], [39.8608157, 54.772097499999994], [39.8636777, 54.77013029999999], [39.86395699999999, 54.7699384], [39.8656373, 54.7684614], [39.8686881, 54.764755300000004], [39.8699179, 54.7630606], [39.8697575, 54.761003599999995], [39.8677672, 54.7588239], [39.867092899999996, 54.7584966], [39.8639001, 54.7575772], [39.86167669999999, 54.75701269999999], [39.856894999999994, 54.7564101], [39.85432329999999, 54.75577809999999], [39.853668, 54.7554291], [39.8507519, 54.7549019], [39.843586599999995, 54.75409579999999], [39.8410123, 54.7547542], [39.839976899999996, 54.7557346], [39.8385805, 54.7536383], [39.8385841, 54.753242300000004], [39.8397008, 54.7487541], [39.8402426, 54.746321200000004], [39.8403242, 54.745879300000006], [39.840792199999996, 54.7423165], [39.84093459999999, 54.74154739999999], [39.8409865, 54.7402812], [39.841529699999995, 54.73695349999999], [39.8422168, 54.73491139999999], [39.8465441, 54.72498649999999], [39.847848199999994, 54.72167950000001], [39.8484589, 54.7187451], [39.8485706, 54.71689709999998], [39.8484984, 54.715861499999995], [39.8480175, 54.712489099999985], [39.84733349999999, 54.71042090000001], [39.846803599999994, 54.709169300000006], [39.8461825, 54.70796669999999], [39.8442571, 54.7042506], [39.8399761, 54.6960836], [39.82738019999999, 54.67151319999999], [39.825054699999995, 54.6672544], [39.8212584, 54.6598347], [39.8206641, 54.6591667], [39.8193612, 54.6581465], [39.81733249999999, 54.65699680000001], [39.8140453, 54.6557033], [39.8073325, 54.6529601], [39.8050324, 54.6520896], [39.80150729999999, 54.65070080000001], [39.79659209999999, 54.649321], [39.792279699999995, 54.6470787], [39.790010099999996, 54.64516819999999], [39.7876598, 54.64294], [39.7816589, 54.636891600000006], [39.78130879999999, 54.63443139999998], [39.7835592, 54.632376400000005], [39.796111, 54.62493669999999], [39.7976112, 54.6231707], [39.7980113, 54.62053600000001], [39.7974886, 54.6193038], [39.797212099999996, 54.61890369999999], [39.79731379999999, 54.618679500000006], [39.8042167, 54.61751180000001], [39.8045999, 54.6174269], [39.80598719999999, 54.6171964], [39.80730319999999, 54.616910700000005], [39.8142053, 54.6156597], [39.81790889999999, 54.61494110000001], [39.819446799999994, 54.61671210000001], [39.8201011, 54.61639759999999], [39.8207057, 54.6157045], [39.830070799999994, 54.6143191], [39.829951699999995, 54.6129286], [39.8300688, 54.6125608], [39.83006459999999, 54.6123201], [39.8300482, 54.61137999999998], [39.83682149999999, 54.61086999999999], [39.842949499999996, 54.610827], [39.84506699999999, 54.6100619], [39.84494879999999, 54.60985599999999], [39.8461957, 54.60933310000001], [39.845410199999996, 54.608586300000006], [39.8445986, 54.607273], [39.8464361, 54.6062159], [39.847679899999996, 54.60793650000001], [39.850935, 54.6075215], [39.8532729, 54.603019], [39.85281650000001, 54.60030729999999], [39.85143599999999, 54.5971628], [39.851105, 54.5964089], [39.8496285, 54.59234930000001], [39.8519424, 54.5907915], [39.8528582, 54.5885283], [39.851237899999994, 54.58360869999999], [39.8478014, 54.5815273], [39.8479583, 54.578782499999996], [39.8397432, 54.5720762], [39.838493, 54.573380699999994], [39.83679279999999, 54.5734096], [39.837342899999996, 54.5712645], [39.8371428, 54.5681626], [39.8360927, 54.56378469999999], [39.83516289999999, 54.556804299999996], [39.83496499999999, 54.5557488], [39.8349564, 54.55570269999999], [39.8276533, 54.5538886], [39.8264333, 54.5547422], [39.8253771, 54.555763], [39.8239369, 54.5572663], [39.8224007, 54.558881], [39.821344499999995, 54.559938800000005], [39.8166718, 54.56303779999998], [39.8115831, 54.5615718], [39.8104949, 54.5602914], [39.8095668, 54.5585284], [39.8092787, 54.5572663], [39.8098868, 54.555818699999996], [39.8135354, 54.5526263], [39.8142395, 54.55238500000001], [39.813943699999996, 54.5501538], [39.81301229999999, 54.54768829999999], [39.81291499999999, 54.54744650000001], [39.8110498, 54.54719249999999], [39.8106404, 54.54567579999999], [39.80757909999999, 54.545622300000005], [39.80371, 54.545212899999996], [39.802666599999995, 54.5445413], [39.8051088, 54.541966], [39.803536, 54.5395523], [39.8047698, 54.5378258], [39.8012724, 54.53702749999999], [39.800681899999994, 54.5350744], [39.79745619999999, 54.5331224], [39.7941052, 54.5299524], [39.791098, 54.528693399999995], [39.78490419999999, 54.52866229999999], [39.7810279, 54.5285459], [39.76603949999999, 54.5303146], [39.76126639999999, 54.53231199999999], [39.7567111, 54.5291159], [39.752593, 54.53048929999999], [39.75128029999999, 54.5303617], [39.7500323, 54.529679400000006], [39.749989600000006, 54.5289175], [39.747892199999995, 54.528661], [39.747153999999995, 54.529928799999986], [39.7438832, 54.5302426], [39.7404808, 54.53109249999999], [39.7396271, 54.530992899999994], [39.7364507, 54.53062209999999], [39.735934, 54.5353626], [39.73515569999999, 54.5369585], [39.735013699999996, 54.5372484], [39.7346472, 54.5379967], [39.734251699999994, 54.53885649999999], [39.7325033, 54.54129230000001], [39.7310345, 54.54275519999999], [39.7300705, 54.5437118], [39.728490799999996, 54.544919300000004], [39.725254, 54.5473947], [39.7232295, 54.54896910000001], [39.7207156, 54.550920999999995], [39.7170968, 54.553714299999996], [39.71524019999999, 54.55517799999999], [39.71120899999999, 54.557871600000006], [39.70925569999999, 54.55917149999999], [39.7018047, 54.562907], [39.6988744, 54.564477999999994], [39.6976283, 54.56518369999999], [39.6951424, 54.5665719], [39.6908719, 54.56893399999999], [39.6847346, 54.5720565], [39.6830544, 54.57222659999999], [39.6795603, 54.571420200000006], [39.6787342, 54.57093470000001], [39.676864, 54.570572399999996], [39.6756868, 54.56952079999999], [39.6755819, 54.569048800000004], [39.6751879, 54.5690549], [39.6736378, 54.5701475], [39.6720748, 54.5708657], [39.67149199999999, 54.5710552], [39.6698863, 54.5707472], [39.6691899, 54.569742700000006], [39.670036399999994, 54.56764079999999], [39.6705134, 54.56511419999999], [39.672302599999995, 54.56175230000001], [39.6750264, 54.561870799999994], [39.6773033, 54.560560499999994], [39.6794086, 54.56100270000001], [39.6803226, 54.5634626], [39.681370199999996, 54.563719], [39.68170229999999, 54.56020909999999], [39.6848596, 54.55995050000001], [39.6834605, 54.5582766], [39.6816438, 54.5586425], [39.6771927, 54.55928500000001], [39.6730853, 54.55971069999999], [39.671788600000006, 54.559412], [39.671136, 54.55864569999999], [39.67021549999999, 54.55703299999999], [39.6638707, 54.55670219999999], [39.6608432, 54.556844], [39.6592296, 54.5562035], [39.6580813, 54.55694419999999], [39.655045199999996, 54.558071899999995], [39.6574148, 54.558798599999996], [39.66454869999999, 54.5575127], [39.66697829999999, 54.55746090000001], [39.6672779, 54.558695199999995], [39.669705, 54.5606714], [39.670683999999994, 54.5609185], [39.6699459, 54.562608499999996], [39.6688308, 54.5637815], [39.6684341, 54.5651714], [39.66411239999999, 54.5653346], [39.6638643, 54.565485200000005], [39.6655165, 54.5658542], [39.6628011, 54.5663767], [39.66295769999999, 54.5666456], [39.668209, 54.56662119999999], [39.66832839999999, 54.5669664], [39.6665614, 54.5674828], [39.6654064, 54.56822390000001], [39.660498999999994, 54.5689761], [39.6631051, 54.5693791], [39.6667458, 54.5689928], [39.667178, 54.5700278], [39.666320199999994, 54.5703076], [39.6675805, 54.571053799999994], [39.66901109999999, 54.5724062], [39.668345599999995, 54.573709599999994], [39.655806399999996, 54.57463779999999], [39.652288899999995, 54.5775475], [39.6441248, 54.586141], [39.63688179999999, 54.5915016], [39.6366853, 54.5916529], [39.6362583, 54.5919817], [39.632727, 54.5947008], [39.6289581, 54.5971781], [39.62427039999999, 54.599947500000006], [39.6258791, 54.60088789999999], [39.62561109999999, 54.601534900000004], [39.6241977, 54.6049475], [39.621580599999994, 54.607462700000006], [39.6186863, 54.608855299999995], [39.6300727, 54.613593], [39.6331767, 54.61549689999998], [39.6364795, 54.6154466], [39.6360975, 54.615919299999995], [39.6341126, 54.6187521], [39.63459269999999, 54.6214946], [39.63344049999999, 54.6313699], [39.6330244, 54.6331298], [39.6311682, 54.6332039], [39.6311682, 54.6329631], [39.6287646, 54.6331009], [39.6287918, 54.63473690000001], [39.6221108, 54.6351674], [39.616386799999994, 54.6361153], [39.61746699999999, 54.6394215], [39.6166428, 54.6404621], [39.61461979999999, 54.64168680000001], [39.6133357, 54.642754000000004], [39.61165749999999, 54.642592], [39.605625399999994, 54.64270590000001], [39.5979417, 54.64322], [39.5988348, 54.6425436], [39.599272899999995, 54.64157949999999], [39.5979814, 54.6408723], [39.5977494, 54.6405544], [39.5969343, 54.6402229], [39.592415499999994, 54.6392007], [39.5910121, 54.63865189999999], [39.5899346, 54.63865009999999], [39.5782111, 54.63150459999999], [39.5760714, 54.630443699999994], [39.5695449, 54.6314441], [39.56818749999999, 54.6334002], [39.5668339, 54.633636100000004], [39.561835699999996, 54.634074700000006], [39.5590156, 54.634380099999994], [39.5519213, 54.63489749999999], [39.54494069999999, 54.63415929999999], [39.5381376, 54.6368088], [39.5368826, 54.6374248], [39.53667359999999, 54.6385048], [39.53676819999999, 54.63889180000001], [39.5380364, 54.6411065], [39.5387881, 54.6421195], [39.546638599999994, 54.64361379999998], [39.5489938, 54.6440013], [39.551750999999996, 54.644669699999994], [39.5524555, 54.644814800000006], [39.5563868, 54.6455224], [39.5572616, 54.6458415], [39.5572171, 54.645971700000004], [39.55889499999999, 54.64663099999999], [39.5599091, 54.6468051], [39.5650798, 54.6491485], [39.56577949999999, 54.649786199999994], [39.5656033, 54.649858800000004], [39.5657147, 54.6499601], [39.5659063, 54.6499025], [39.5686423, 54.6527589], [39.56596439999999, 54.6541665], [39.5658307, 54.6541225], [39.5649466, 54.654966099999996], [39.56657679999999, 54.6557382], [39.5644898, 54.65685090000001], [39.5629906, 54.658328000000004], [39.563012699999994, 54.6585706], [39.5633659, 54.6590434], [39.56445459999999, 54.6604992], [39.5654367, 54.661814199999995], [39.5668374, 54.6638125], [39.56717499999999, 54.664294], [39.57824980000001, 54.66271679999999], [39.5792075, 54.663857699999994], [39.581614099999996, 54.66672419999999], [39.5849268, 54.66559949999999], [39.59402969999999, 54.662495899999996], [39.5974815, 54.66721590000001], [39.60210219999999, 54.66566809999999], [39.605433299999994, 54.668991399999996], [39.6087419, 54.672185299999995], [39.60614279999999, 54.6749977], [39.604334, 54.67643580000001], [39.60391499999999, 54.67676900000001], [39.5994481, 54.679412799999994], [39.5985924, 54.679912], [39.593224899999996, 54.683043], [39.5942207, 54.68396899999999]]]]}}, {"type": "Feature", "properties": {"id": "mo-61634000", "name": "Рязанский муниципальный район", "region": "Рязанская область", "isCity": false, "sourceOktmo": "61-634-000-000", "sourceAgg": "Рязань", "excelNames": ["Рязанский муниципальный район"], "oktmo": "61634000", "vgp": [{"year": 2019, "value": 22072356.479740504}, {"year": 2020, "value": 20763874.202552475}, {"year": 2021, "value": 24934867.897417326}, {"year": 2022, "value": 32608728.17865459}, {"year": 2023, "value": 42193543.813366055}, {"year": 2024, "value": 48005786.6647583}], "population": [{"year": 2019, "value": 59266.0}, {"year": 2020, "value": 60058.0}, {"year": 2021, "value": 60492.0}, {"year": 2022, "value": 61602.0}, {"year": 2023, "value": 62396.0}, {"year": 2024, "value": 63439.0}, {"year": 2025, "value": 63235.0}], "shipments": [{"year": 2019, "value": 22032054.0}, {"year": 2020, "value": 21666044.3}, {"year": 2021, "value": 26773774.3}, {"year": 2022, "value": 31638545.7}, {"year": 2023, "value": 35786593.9}, {"year": 2024, "value": 39738436.4}], "employees": [{"year": 2019, "value": 8977.0}, {"year": 2020, "value": 9065.0}, {"year": 2021, "value": 9389.0}, {"year": 2022, "value": 9623.0}, {"year": 2023, "value": 10641.0}, {"year": 2024, "value": 10678.0}], "investments": [{"year": 2019, "value": 0.0}, {"year": 2020, "value": 0.0}, {"year": 2021, "value": 0.0}, {"year": 2022, "value": 2101284.0}, {"year": 2023, "value": 9341644.0}, {"year": 2024, "value": 8002947.0}], "vgp2024": 48005786.6647583, "pop2024": 63439.0, "ship2024": 39738436.4, "emp2024": 10678.0, "inv2024": 8002947.0}, "geometry": {"type": "MultiPolygon", "coordinates": [[[[40.0696308, 54.9152897], [40.055050699999995, 54.9067039], [40.1514219, 54.850442099999995], [40.159245299999995, 54.8506469], [40.1684913, 54.8516705], [40.17631479999999, 54.854946000000005], [40.18484949999999, 54.858835199999994], [40.22183329999999, 54.8635428], [40.2527716, 54.8471663], [40.254194, 54.85146580000001], [40.274108399999996, 54.846756799999994], [40.3359851, 54.87745759999999], [40.341319299999995, 54.8727516], [40.4344899, 54.8594493], [40.4323794, 54.850994699999994], [40.43218269999999, 54.8419315], [40.428640900000005, 54.83796569999999], [40.430215, 54.8305996], [40.4262798, 54.82663269999999], [40.4247057, 54.8220986], [40.4132934, 54.8151832], [40.41506429999999, 54.804297399999996], [40.4054229, 54.8030499], [40.40739060000001, 54.7985132], [40.4091614, 54.79374909999999], [40.4132934, 54.78989200000001], [40.3906657, 54.7787725], [40.357216099999995, 54.76435800000001], [40.3469844, 54.7644715], [40.3389171, 54.766628299999994], [40.3322272, 54.7667418], [40.32671779999999, 54.76957959999999], [40.3190441, 54.7700336], [40.3123541, 54.7783186], [40.3090092, 54.77468699999999], [40.3048772, 54.7741195], [40.303106299999996, 54.7787725], [40.29425199999999, 54.781495899999996], [40.2818559, 54.7830845], [40.2844138, 54.76957959999999], [40.24840629999999, 54.7489162], [40.2944487, 54.7443734], [40.295038999999996, 54.738807800000004], [40.293071399999995, 54.7365359], [40.294645499999994, 54.7332414], [40.304680399999995, 54.7363087], [40.3090092, 54.731082799999996], [40.286775, 54.72721979999999], [40.29641639999999, 54.714719099999996], [40.2828093, 54.69415059999999], [40.2802818, 54.6903289], [40.264713699999994, 54.6927183], [40.2600046, 54.6820777], [40.259613200000004, 54.6811931], [40.2602671, 54.6788537], [40.2613946, 54.6778525], [40.2617777, 54.6770607], [40.2632291, 54.67711760000001], [40.2652044, 54.675833100000006], [40.2651847, 54.6726171], [40.267085, 54.6705753], [40.269742799999996, 54.671160400000005], [40.2713262, 54.6696413], [40.272463, 54.6653551], [40.26942979999999, 54.664407499999996], [40.2662676, 54.66474660000001], [40.265879999999996, 54.66309900000001], [40.25860049999999, 54.66047059999999], [40.2527437, 54.6589436], [40.2504714, 54.6564597], [40.251370699999995, 54.649734300000006], [40.247619199999995, 54.640317599999996], [40.2421098, 54.630296], [40.2421098, 54.62735970000001], [40.2421098, 54.6271983], [40.2421098, 54.6269747], [40.2421098, 54.6206391], [40.2421098, 54.6157147], [40.2291235, 54.603749500000006], [40.223417399999995, 54.6012421], [40.2210562, 54.59280689999999], [40.223220600000005, 54.5880185], [40.2066925, 54.594630900000006], [40.189180699999994, 54.5853961], [40.1907548, 54.58288759999999], [40.199412300000006, 54.5795806], [40.193509399999996, 54.572623699999994], [40.1925256, 54.56669229999999], [40.1643886, 54.5553973], [40.1453026, 54.551859900000004], [40.13093889999999, 54.548892800000004], [40.1165752, 54.5468385], [40.1064953, 54.549829599999995], [40.1024743, 54.54825970000001], [40.106959999999994, 54.5460111], [40.10828289999999, 54.5453479], [40.1140635, 54.5429352], [40.11307599999999, 54.53901580000001], [40.117362299999996, 54.53690799999998], [40.1222813, 54.5357664], [40.1232651, 54.53382570000001], [40.1773749, 54.50950099999999], [40.1824907, 54.506416599999994], [40.1824907, 54.50390320000001], [40.189180699999994, 54.5017324], [40.1848519, 54.4969333], [40.177571699999994, 54.4939622], [40.1948868, 54.48024660000001], [40.19291919999999, 54.4770456], [40.18386809999999, 54.47555939999999], [40.180916599999996, 54.4773886], [40.1691109, 54.47555939999999], [40.15848569999999, 54.4705286], [40.1535666, 54.4646967], [40.147467, 54.46275250000001], [40.14431879999999, 54.4604543], [40.14180249999999, 54.4611714], [40.1136769, 54.4588264], [40.1075184, 54.4584181], [40.097119799999994, 54.465760200000005], [40.082133999999996, 54.458638300000004], [40.08357519999999, 54.443836], [40.0763695, 54.439925], [40.060517, 54.4427186], [40.0509095, 54.44635000000001], [40.0132896, 54.4371496], [40.0084099, 54.43660030000001], [40.002705199999994, 54.4413979], [39.99781149999999, 54.44174110000001], [39.9957638, 54.4417351], [39.9928254, 54.4423007], [39.991493199999994, 54.44289210000001], [39.9912423, 54.442742299999985], [39.99104280000001, 54.4427192], [39.9907426, 54.44262269999999], [39.9904898, 54.442617000000006], [39.99040879999999, 54.4425642], [39.99024099999999, 54.44257449999999], [39.990126399999994, 54.4425642], [39.989968499999996, 54.4424769], [39.9898677, 54.442383899999996], [39.98973699999999, 54.4423401], [39.9897196, 54.442185200000004], [39.9895636, 54.44211049999999], [39.9895119, 54.44200819999999], [39.9894728, 54.4419394], [39.9895162, 54.4418096], [39.989456999999994, 54.44178669999999], [39.9894254, 54.4416661], [39.9892888, 54.4416076], [39.9891489, 54.4415581], [39.98907229999999, 54.4414702], [39.9887263, 54.44126299999999], [39.9884853, 54.4411883], [39.9883194, 54.441116], [39.9881239, 54.441039], [39.9879304, 54.4410046], [39.9878751, 54.44087940000001], [39.98784349999999, 54.44071749999999], [39.9877744, 54.440567], [39.9876223, 54.440469400000005], [39.9875611, 54.440469400000005], [39.98736949999999, 54.44039469999999], [39.98704959999999, 54.4404303], [39.986847899999994, 54.4404094], [39.98679529999999, 54.440367499999994], [39.986700199999994, 54.440237], [39.98640499999999, 54.4401207], [39.9862855, 54.43999310000001], [39.98602209999999, 54.439925], [39.98582450000001, 54.439827099999995], [39.9856318, 54.43978169999999], [39.9854879, 54.439776], [39.98533669999999, 54.43980859999999], [39.98514149999999, 54.4397363], [39.9849805, 54.439715], [39.98478299999999, 54.4395973], [39.9846342, 54.4394597], [39.98453169999999, 54.4392923], [39.984092700000005, 54.4392185], [39.9840463, 54.4391887], [39.98406339999999, 54.43911779999999], [39.983978, 54.4390242], [39.9839024, 54.438983], [39.9836463, 54.43901279999999], [39.9832243, 54.438963199999996], [39.9829389, 54.43895750000001], [39.982736499999994, 54.43877450000001], [39.9825096, 54.438737599999996], [39.98222419999999, 54.43868369999999], [39.9816632, 54.4383787], [39.98157779999999, 54.4382099], [39.9813364, 54.4380397], [39.981304599999994, 54.4379262], [39.98115339999999, 54.43779], [39.98098509999999, 54.43776019999999], [39.980667999999994, 54.437441], [39.9804119, 54.4373985], [39.9800802, 54.43728209999998], [39.9797728, 54.4371261], [39.97949229999999, 54.4370537], [39.9792508, 54.43693880000001], [39.9788508, 54.4367799], [39.97874349999999, 54.4368112], [39.978384899999995, 54.43670620000001], [39.97831169999999, 54.43663380000001], [39.97813119999999, 54.4365757], [39.977741, 54.43660259999999], [39.9773751, 54.4366324], [39.97704089999999, 54.4365076], [39.9767859, 54.43657889999999], [39.97639079999999, 54.43643699999999], [39.97596639999999, 54.436403], [39.975742, 54.4364682], [39.9750785, 54.4364654], [39.97476629999999, 54.4363576], [39.9746072, 54.436139700000005], [39.9744761, 54.436068000000006], [39.97414489999999, 54.43588689999999], [39.9738724, 54.43570230000001], [39.973455, 54.43566419999999], [39.9732446, 54.4355578], [39.9730411, 54.43552369999999], [39.97292379999999, 54.4353893], [39.9722511, 54.43527089999999], [39.9720442, 54.43528499999999], [39.9716268, 54.4351385], [39.9713129, 54.43506429999999], [39.9711128, 54.434771299999994], [39.9705333, 54.43463489999999], [39.97004, 54.4346209], [39.9697123, 54.4344664], [39.96938109999999, 54.4344664], [39.969091299999995, 54.43434799999999], [39.96902579999999, 54.434171400000004], [39.9687912, 54.4340611], [39.9685739, 54.4340651], [39.96829449999999, 54.43402699999999], [39.9677253, 54.433599599999994], [39.96747349999999, 54.4335053], [39.96720439999999, 54.433483200000005], [39.96703879999999, 54.433403], [39.96675599999999, 54.4333869], [39.9666732, 54.433238499999995], [39.9664869, 54.4331763], [39.9660971, 54.433146199999996], [39.965565899999994, 54.432684699999996], [39.96475869999999, 54.4322894], [39.9646931, 54.432179], [39.9645069, 54.43218300000001], [39.9640101, 54.431960299999986], [39.96373419999999, 54.431966299999985], [39.9636031, 54.4318821], [39.9633202, 54.431647299999995], [39.9630857, 54.4313524], [39.962861399999994, 54.431209900000006], [39.962913199999996, 54.4310755], [39.9624509, 54.4307885], [39.96214049999999, 54.4304835], [39.9616713, 54.4302106], [39.9604743, 54.42984740000001], [39.95980509999999, 54.429705000000006], [39.9589531, 54.42966080000001], [39.9585253, 54.429705000000006], [39.9582252, 54.4296347], [39.9578837, 54.4293618], [39.9574732, 54.4292394], [39.9569558, 54.4291612], [39.9561658, 54.42895649999999], [39.9551344, 54.428940399999995], [39.9543893, 54.42883609999999], [39.9538926, 54.428932399999994], [39.953671199999995, 54.4288853], [39.9535102, 54.428759], [39.9533053, 54.42872349999999], [39.95295409999999, 54.42872919999999], [39.9523565, 54.4288044], [39.9519979, 54.42883559999999], [39.951590499999995, 54.4287916], [39.95132219999999, 54.42871929999999], [39.951127099999994, 54.42872349999999], [39.9509783, 54.4288115], [39.9507124, 54.428862599999995], [39.9504148, 54.42876470000001], [39.9501538, 54.4287675], [39.950088, 54.42872779999998], [39.9499904, 54.428709299999994], [39.94978799999999, 54.4287604], [39.94966109999999, 54.4287136], [39.9483158, 54.4287418], [39.948074399999996, 54.428580000000004], [39.9477621, 54.4285247], [39.9472572, 54.4284963], [39.9469109, 54.428599899999995], [39.9465828, 54.4284219], [39.9425699, 54.4268571], [39.9381392, 54.42608219999999], [39.9368216, 54.426511799999986], [39.93194329999999, 54.427484], [39.9312827, 54.431968299999994], [39.91478669999999, 54.4324305], [39.91081549999999, 54.43284659999998], [39.90247279999999, 54.4303744], [39.90876920000001, 54.4183777], [39.9084025, 54.407219000000005], [39.88887549999999, 54.4057828], [39.8932465, 54.4039128], [39.8908244, 54.3870416], [39.881162599999996, 54.384191599999994], [39.8848429, 54.38144989999999], [39.8807502, 54.3798915], [39.88673179999999, 54.36705469999998], [39.8908244, 54.36512880000001], [39.9149082, 54.360084400000005], [39.9366308, 54.33164099999998], [39.9382049, 54.327602299999995], [39.93773269999999, 54.3220025], [39.9345845, 54.32062539999999], [39.9001117, 54.3112598], [39.8832688, 54.310065900000005], [39.86988890000001, 54.321084400000004], [39.85005519999999, 54.3427455], [39.8481663, 54.348067199999996], [39.8544627, 54.3564154], [39.8528886, 54.3573327], [39.84438839999999, 54.35201219999998], [39.8395087, 54.3492599], [39.8349438, 54.3446724], [39.830064099999994, 54.343295999999995], [39.82109169999999, 54.3457734], [39.814323099999996, 54.34320429999999], [39.811647099999995, 54.34494769999999], [39.7919708, 54.345498199999994], [39.78772080000001, 54.3519204], [39.77985029999999, 54.3535717], [39.7708779, 54.35595680000001], [39.7560813, 54.36329460000001], [39.741284799999995, 54.3550395], [39.72316909999999, 54.36711270000001], [39.7206656, 54.3757303], [39.7133826, 54.380900100000005], [39.6890302, 54.3755978], [39.6842508, 54.3783816], [39.67628499999999, 54.380900100000005], [39.663995, 54.38302079999999], [39.65739489999999, 54.38461120000001], [39.6318863, 54.3846908], [39.6469256, 54.397730300000006], [39.6337253, 54.4050168], [39.630359299999995, 54.4059552], [39.6286601, 54.424507399999996], [39.6283999, 54.424561399999995], [39.628133, 54.42455790000001], [39.62790939999999, 54.4246129], [39.6278299, 54.42470620000001], [39.6275555, 54.42473849999999], [39.6273575, 54.4246888], [39.6271235, 54.4245466], [39.62702149999999, 54.4245204], [39.626888, 54.424557], [39.626839999999994, 54.42460419999999], [39.626754500000004, 54.42461719999999], [39.62669749999999, 54.4245858], [39.62663899999999, 54.4245832], [39.6264801, 54.4245466], [39.6261321, 54.42453], [39.62590409999999, 54.42453], [39.6256926, 54.42461459999999], [39.62557259999999, 54.4247874], [39.625433099999995, 54.4248319], [39.6252022, 54.4248223], [39.62479419999999, 54.424893], [39.6246487, 54.424958399999994], [39.6244897, 54.4249523], [39.6241523, 54.425036099999986], [39.623880799999995, 54.42502909999999], [39.62369329999999, 54.42507009999999], [39.6234353, 54.424972399999994], [39.62318629999999, 54.4249576], [39.6230513, 54.4249139], [39.62280990000001, 54.4249061], [39.6224799, 54.42496020000001], [39.6223164, 54.4250884], [39.62203439999999, 54.42523069999999], [39.6219864, 54.42529789999999], [39.62189049999999, 54.42532580000001], [39.6213865, 54.4253903], [39.621193, 54.425467999999995], [39.620985999999995, 54.42547929999999], [39.62077299999999, 54.425398200000004], [39.620575099999996, 54.42534930000001], [39.6203981, 54.4252647], [39.62020969999999, 54.4250776], [39.61998319999999, 54.424969399999995], [39.6194223, 54.424832399999985], [39.6188463, 54.4245838], [39.6183649, 54.424520099999995], [39.61831539999999, 54.42446160000001], [39.6174229, 54.4243665], [39.6169115, 54.4244991], [39.616533499999996, 54.4246649], [39.6163595, 54.424608199999994], [39.616097100000005, 54.4246108], [39.6159291, 54.42454970000001], [39.6156831, 54.42459600000001], [39.6154191, 54.4245689], [39.6151656, 54.4245838], [39.6149766, 54.42471289999999], [39.6144937, 54.4248394], [39.6142582, 54.424770499999994], [39.6138802, 54.424722499999994], [39.6136433, 54.4247783], [39.6134168, 54.42498340000001], [39.6132248, 54.425380399999995], [39.6129878, 54.42564389999998], [39.61257989999999, 54.425752100000004], [39.6119514, 54.42578], [39.611652899999996, 54.4258376], [39.611509, 54.4258228], [39.611353, 54.425872500000004], [39.6110845, 54.4258935], [39.610964499999994, 54.4258594], [39.6109585, 54.4258106], [39.61105899999999, 54.42577219999999], [39.6110365, 54.42572859999999], [39.6108688, 54.425687100000005], [39.610622799999994, 54.4256819], [39.61033479999999, 54.4255981], [39.6101788, 54.425503899999995], [39.61024479999999, 54.42534859999999], [39.6102208, 54.42521769999998], [39.609932799999996, 54.42511820000001], [39.6093419, 54.4250048], [39.6087624, 54.4249801], [39.60848649999999, 54.42500630000001], [39.60824949999999, 54.425124999999994], [39.6081805, 54.4253344], [39.6080185, 54.4256293], [39.6078475, 54.42570779999999], [39.6077815, 54.4259975], [39.607097599999996, 54.4263675], [39.60681859999999, 54.42644949999999], [39.60641969999999, 54.4265978], [39.6063117, 54.426679899999996], [39.6063687, 54.42680549999999], [39.6063537, 54.42697299999999], [39.6062007, 54.4270568], [39.60599369999999, 54.4270393], [39.6056967, 54.4271458], [39.6053697, 54.427165], [39.6051118, 54.4270359], [39.6049168, 54.4270289], [39.6047398, 54.42712830000001], [39.6047248, 54.42731160000001], [39.60488079999999, 54.4275472], [39.6048568, 54.427934500000006], [39.604976799999996, 54.42815439999999], [39.6048928, 54.42852090000001], [39.6045688, 54.428707599999996], [39.6039899, 54.4288559], [39.6037469, 54.428814], [39.60348590000001, 54.42866749999999], [39.6031589, 54.4286081], [39.602817, 54.4287652], [39.602805, 54.42888210000001], [39.602672999999996, 54.4289728], [39.602472, 54.428948399999996], [39.602334, 54.4289728], [39.60232799999999, 54.4291648], [39.602427000000006, 54.42929039999999], [39.602669999999996, 54.4293061], [39.60296099999999, 54.429257299999996], [39.603125899999995, 54.4293986], [39.6031769, 54.4295975], [39.60310489999999, 54.42962889999999], [39.60282599999999, 54.4295556], [39.602759999999996, 54.4295975], [39.602943, 54.429754599999995], [39.6032429, 54.4298244], [39.6033509, 54.42996049999999], [39.603125899999995, 54.430220500000004], [39.60273599999999, 54.430415899999986], [39.6026705, 54.4306456], [39.60257959999999, 54.43081459999999], [39.602265599999996, 54.4308487], [39.602025, 54.4309289], [39.60192529999999, 54.431169600000004], [39.6020368, 54.43133679999999], [39.601983999999995, 54.43144259999999], [39.60181969999999, 54.4314563], [39.6016201, 54.43135049999999], [39.6015087, 54.43119519999999], [39.60133259999999, 54.43109450000001], [39.601206499999996, 54.43110469999999], [39.601078799999996, 54.43123299999999], [39.6011067, 54.4313721], [39.6008999, 54.43146939999999], [39.6008294, 54.43166310000001], [39.6006343, 54.43174500000001], [39.6006109, 54.431852500000005], [39.6005933, 54.43203679999999], [39.600402599999995, 54.4321614], [39.600162, 54.4321989], [39.59996829999999, 54.432216], [39.59983629999999, 54.4323525], [39.5998216, 54.43254879999999], [39.599745299999995, 54.43278769999999], [39.599804, 54.4329908], [39.59996249999999, 54.43312389999999], [39.600097399999996, 54.4332843], [39.6003116, 54.433373], [39.60049059999999, 54.43337639999999], [39.6005757, 54.43329790000001], [39.600534599999996, 54.4332058], [39.6005522, 54.43311359999999], [39.6007165, 54.433088000000005], [39.6010392, 54.4331683], [39.6012094, 54.4332706], [39.6011566, 54.4334874], [39.600980899999996, 54.43384249999999], [39.6008432, 54.43395100000001], [39.6008202, 54.4341379], [39.6006767, 54.4342481], [39.600409799999994, 54.434228], [39.6002233, 54.43409449999999], [39.59978709999999, 54.4339627], [39.5995174, 54.4339627], [39.5993309, 54.43413289999999], [39.599101299999994, 54.4341913], [39.5988143, 54.4340762], [39.5983724, 54.4340578], [39.5981213, 54.43399099999999], [39.5979965, 54.4339184], [39.597765499999994, 54.43393679999999], [39.59752159999999, 54.4341154], [39.5971686, 54.43422720000001], [39.59665919999999, 54.43430149999999], [39.5962977, 54.43445749999999], [39.5962805, 54.4345602], [39.5963909, 54.434646099999995], [39.5963565, 54.4346979], [39.5961316, 54.43476209999999], [39.5957413, 54.434742099999994], [39.5951846, 54.434812199999996], [39.5949435, 54.4347922], [39.5945475, 54.434937399999995], [39.59434379999999, 54.434937399999995], [39.5940023, 54.43500419999999], [39.59370669999999, 54.435197800000005], [39.5936551, 54.4353864], [39.59370669999999, 54.43558], [39.59383299999999, 54.435646699999985], [39.5941544, 54.43560169999999], [39.5944069, 54.4356501], [39.59454469999999, 54.4357886], [39.5944471, 54.435925499999996], [39.5941716, 54.4360456], [39.593876, 54.436069], [39.593548899999995, 54.4361474], [39.59521170000001, 54.4397438], [39.59443399999999, 54.44052779999999], [39.5945895, 54.4413822], [39.5930685, 54.441281700000005], [39.592912899999995, 54.4403167], [39.59132279999999, 54.43921099999999], [39.5901474, 54.43842699999999], [39.58980809999999, 54.4375498], [39.58960329999999, 54.43743879999999], [39.58956679999999, 54.4372935], [39.5894489, 54.43703719999999], [39.5888595, 54.436874], [39.5886153, 54.43686909999999], [39.58831779999999, 54.4369866], [39.5880035, 54.43732130000001], [39.5878154, 54.43737680000001], [39.58764699999999, 54.437340899999995], [39.58752909999999, 54.437193900000004], [39.5873074, 54.437097599999994], [39.5870043, 54.437102499999995], [39.5868134, 54.4372658], [39.58684989999999, 54.4373931], [39.5866815, 54.43749429999999], [39.58645979999999, 54.4375237], [39.5860444, 54.43743879999999], [39.5855982, 54.43743229999999], [39.5853259, 54.4375122], [39.5851463, 54.4377636], [39.5846579, 54.43790729999999], [39.58405729999999, 54.43804269999999], [39.5839535, 54.438174999999994], [39.5840517, 54.438315300000006], [39.5840208, 54.4384133], [39.583768199999994, 54.43849], [39.583496000000004, 54.438521], [39.5832715, 54.4384704], [39.58301039999999, 54.43853409999999], [39.5827578, 54.438522600000006], [39.582466, 54.4385977], [39.58214319999999, 54.43859609999999], [39.5818148, 54.43866789999999], [39.5815454, 54.43864510000001], [39.5809897, 54.43839969999999], [39.58057709999999, 54.43834089999999], [39.580301999999996, 54.43841109999999], [39.5802066, 54.43861020000001], [39.5799765, 54.438806099999994], [39.5790587, 54.4390868], [39.5786433, 54.4389873], [39.57836259999999, 54.439109699999996], [39.578205499999996, 54.4393398], [39.57831490000001, 54.4395161], [39.5784917, 54.43974299999999], [39.57833599999999, 54.4399563], [39.57772549999999, 54.4400613], [39.5773719, 54.440031899999994], [39.577083800000004, 54.4398898], [39.576741, 54.44001620000001], [39.5757052, 54.4403309], [39.5748934, 54.44048289999999], [39.574230799999995, 54.4404557], [39.57351479999999, 54.44027280000001], [39.5727938, 54.4401735], [39.57156199999999, 54.44036349999999], [39.5703302, 54.4407054], [39.5694811, 54.4409713], [39.5690705, 54.441389099999995], [39.5692478, 54.4416008], [39.5695464, 54.4416659], [39.569997799999996, 54.441574299999985], [39.5707734, 54.44148260000001], [39.571116499999995, 54.4415516], [39.5711033, 54.4417589], [39.571063699999996, 54.44221159999999], [39.57066780000001, 54.4425186], [39.5702059, 54.44267209999999], [39.569242499999994, 54.442771900000004], [39.5685167, 54.44304040000001], [39.56827919999999, 54.4435009], [39.5679908, 54.44435000000001], [39.56716939999999, 54.445178399999996], [39.5670203, 54.445608899999996], [39.5665791, 54.44603649999999], [39.566161, 54.4464369], [39.5653494, 54.44667999999999], [39.56471, 54.44698029999999], [39.564341, 54.44750940000001], [39.56416889999999, 54.44805290000001], [39.5638738, 54.44861060000001], [39.56340649999999, 54.4489967], [39.5625411, 54.4491791], [39.5614027, 54.448886099999996], [39.5610481, 54.44887529999999], [39.561001399999995, 54.4487071], [39.5611414, 54.448332699999995], [39.5608708, 54.4482025], [39.5604042, 54.4484032], [39.5599003, 54.448745], [39.5593591, 54.4492496], [39.5597137, 54.449569700000005], [39.5599003, 54.45015029999999], [39.56057289999999, 54.45093380000001], [39.560622, 54.4515593], [39.5607266, 54.451894499999995], [39.56115849999999, 54.45222390000001], [39.561191199999996, 54.4525711], [39.56099989999999, 54.452714799999995], [39.5606406, 54.4527962], [39.5599454, 54.4527121], [39.5595582, 54.45277719999999], [39.55853619999999, 54.4531903], [39.5580366, 54.4538606], [39.558075, 54.4546425], [39.5581135, 54.4551116], [39.55872829999999, 54.4556925], [39.559343199999994, 54.456027600000006], [39.5584978, 54.4572786], [39.5577831, 54.4581917], [39.5574302, 54.458778200000005], [39.5570593, 54.4595031], [39.5390802, 54.467439099999986], [39.5351474, 54.46599989999999], [39.5309233, 54.46591529999999], [39.531360299999996, 54.459734999999995], [39.5192706, 54.458973], [39.510093999999995, 54.461005], [39.5057243, 54.459481], [39.4961108, 54.4580416], [39.4939259, 54.45812630000001], [39.487516899999996, 54.45448520000001], [39.4767381, 54.458210900000005], [39.47877729999999, 54.45990429999999], [39.47877729999999, 54.462528899999995], [39.4691638, 54.4634602], [39.4595503, 54.464560799999994], [39.45643729999999, 54.4666797], [39.45575839999999, 54.4671418], [39.4433822, 54.4755648], [39.4435278, 54.48749670000001], [39.4378471, 54.495703099999986], [39.412502399999994, 54.4894427], [39.40201499999999, 54.48749670000001], [39.3941494, 54.4868198], [39.3861381, 54.48597370000001], [39.3788552, 54.4847891], [39.372009199999994, 54.4861429], [39.3667655, 54.485127500000004], [39.3615217, 54.4863121], [39.3504417, 54.491699], [39.3490167, 54.491699], [39.3482109, 54.49273109999999], [39.3489086, 54.4927732], [39.3497694, 54.4928837], [39.35007749999999, 54.4932469], [39.349416, 54.4936679], [39.3484827, 54.493915199999996], [39.3477578, 54.4939573], [39.34701479999999, 54.493746800000004], [39.3462265, 54.493599499999995], [39.3455379, 54.4936311], [39.34514819999999, 54.49371], [39.3447599, 54.4938762], [39.34474049999999, 54.4941994], [39.34491529999999, 54.494493199999994], [39.3458006, 54.4950888], [39.3465074, 54.4954308], [39.34699669999999, 54.49566240000001], [39.3473954, 54.4959676], [39.3474379, 54.49616249999999], [39.346373199999995, 54.49840999999999], [39.34345999999999, 54.5030621], [39.331078999999995, 54.50965860000001], [39.351325599999996, 54.5163387], [39.34974679999999, 54.5193796], [39.34812109999999, 54.5225105], [39.344333899999995, 54.526145400000004], [39.33588569999999, 54.5236094], [39.322776399999995, 54.532315700000005], [39.32889409999999, 54.53502019999999], [39.33952719999999, 54.53687939999998], [39.3389446, 54.55191909999999], [39.3380706, 54.5575787], [39.34520789999999, 54.5590146], [39.357588899999996, 54.5673755], [39.3485581, 54.5708376], [39.3522586, 54.581739199999994], [39.3537338, 54.5866063], [39.354356, 54.5886591], [39.3553333, 54.5893386], [39.3555613, 54.591981199999985], [39.36377079999999, 54.597662199999995], [39.35595229999999, 54.6037199], [39.3544863, 54.60375760000001], [39.3537696, 54.6044747], [39.35386729999999, 54.6052294], [39.353328899999994, 54.60561189999999], [39.3482966, 54.601663], [39.34256299999999, 54.604418], [39.34165079999999, 54.610229399999994], [39.342791, 54.612682], [39.3418463, 54.6129461], [39.34327969999999, 54.6163606], [39.3434751, 54.618020599999994], [39.3450389, 54.6212083], [39.3554636, 54.621717600000004], [39.386746, 54.62934159999999], [39.399288199999994, 54.6231652], [39.40555940000001, 54.61910989999999], [39.430521799999994, 54.6178603], [39.4418831, 54.61922779999999], [39.4531296, 54.6207964], [39.4547949, 54.62243029999999], [39.45715369999999, 54.624744699999994], [39.4596785, 54.62561699999999], [39.4613888, 54.626583499999995], [39.460925, 54.62710930000001], [39.46041149999999, 54.6276915], [39.4637506, 54.6364362], [39.465664499999995, 54.6370254], [39.4675377, 54.6372847], [39.4691259, 54.638015300000006], [39.47156919999999, 54.6386987], [39.473645999999995, 54.6397356], [39.4767816, 54.6400184], [39.479876399999995, 54.640560399999984], [39.48227899999999, 54.640584], [39.484073599999995, 54.64135], [39.4880207, 54.6430348], [39.48798469999999, 54.64306179999999], [39.4830784, 54.6467381], [39.4823604, 54.647276099999985], [39.4829803, 54.6487271], [39.483256299999994, 54.6493731], [39.4839486, 54.6558753], [39.4831341, 54.65707669999999], [39.48187179999999, 54.6581838], [39.4816631, 54.65834389999999], [39.479876399999995, 54.659714900000004], [39.4827676, 54.661081100000004], [39.4869694, 54.66236369999999], [39.48716559999999, 54.66242359999999], [39.48725979999999, 54.6624466], [39.4918893, 54.663577700000005], [39.49846850000001, 54.6598993], [39.5046759, 54.6584665], [39.5118836, 54.6569354], [39.5217936, 54.66235420000001], [39.5140739, 54.66938050000001], [39.509212, 54.67360890000001], [39.4834599, 54.69729079999999], [39.4847598, 54.697832000000005], [39.4903419, 54.700155800000005], [39.5040345, 54.70906730000001], [39.508586699999995, 54.706707099999996], [39.5158597, 54.7029359], [39.5458615, 54.6873758], [39.550005299999995, 54.69316020000001], [39.547755599999995, 54.6946205], [39.5515043, 54.6957001], [39.55523639999999, 54.69766409999999], [39.5542773, 54.6984834], [39.55705029999999, 54.703459099999996], [39.5605739, 54.70203759999999], [39.56113680000001, 54.7009533], [39.5610325, 54.70047139999999], [39.5601777, 54.6997485], [39.5625963, 54.6986641], [39.5620125, 54.6979171], [39.5678086, 54.69457949999999], [39.57174919999999, 54.696627899999996], [39.593402, 54.6858425], [39.59369289999999, 54.68492289999999], [39.5942207, 54.68396899999999], [39.593224899999996, 54.683043], [39.5985924, 54.679912], [39.5994481, 54.679412799999994], [39.60391499999999, 54.67676900000001], [39.604334, 54.67643580000001], [39.60614279999999, 54.6749977], [39.6087419, 54.672185299999995], [39.605433299999994, 54.668991399999996], [39.60210219999999, 54.66566809999999], [39.5974815, 54.66721590000001], [39.59402969999999, 54.662495899999996], [39.5849268, 54.66559949999999], [39.581614099999996, 54.66672419999999], [39.5792075, 54.663857699999994], [39.57824980000001, 54.66271679999999], [39.56717499999999, 54.664294], [39.5668374, 54.6638125], [39.5654367, 54.661814199999995], [39.56445459999999, 54.6604992], [39.5633659, 54.6590434], [39.563012699999994, 54.6585706], [39.5629906, 54.658328000000004], [39.5644898, 54.65685090000001], [39.56657679999999, 54.6557382], [39.5649466, 54.654966099999996], [39.5658307, 54.6541225], [39.56596439999999, 54.6541665], [39.5686423, 54.6527589], [39.5659063, 54.6499025], [39.5657147, 54.6499601], [39.5656033, 54.649858800000004], [39.56577949999999, 54.649786199999994], [39.5650798, 54.6491485], [39.5599091, 54.6468051], [39.55889499999999, 54.64663099999999], [39.5572171, 54.645971700000004], [39.5572616, 54.6458415], [39.5563868, 54.6455224], [39.5524555, 54.644814800000006], [39.551750999999996, 54.644669699999994], [39.5489938, 54.6440013], [39.546638599999994, 54.64361379999998], [39.5387881, 54.6421195], [39.5380364, 54.6411065], [39.53676819999999, 54.63889180000001], [39.53667359999999, 54.6385048], [39.5368826, 54.6374248], [39.5381376, 54.6368088], [39.54494069999999, 54.63415929999999], [39.5519213, 54.63489749999999], [39.5590156, 54.634380099999994], [39.561835699999996, 54.634074700000006], [39.5668339, 54.633636100000004], [39.56818749999999, 54.6334002], [39.5695449, 54.6314441], [39.5760714, 54.630443699999994], [39.5782111, 54.63150459999999], [39.5899346, 54.63865009999999], [39.5910121, 54.63865189999999], [39.592415499999994, 54.6392007], [39.5969343, 54.6402229], [39.5977494, 54.6405544], [39.5979814, 54.6408723], [39.599272899999995, 54.64157949999999], [39.5988348, 54.6425436], [39.5979417, 54.64322], [39.605625399999994, 54.64270590000001], [39.61165749999999, 54.642592], [39.6133357, 54.642754000000004], [39.61461979999999, 54.64168680000001], [39.6166428, 54.6404621], [39.61746699999999, 54.6394215], [39.616386799999994, 54.6361153], [39.6221108, 54.6351674], [39.6287918, 54.63473690000001], [39.6287646, 54.6331009], [39.6311682, 54.6329631], [39.6311682, 54.6332039], [39.6330244, 54.6331298], [39.63344049999999, 54.6313699], [39.63459269999999, 54.6214946], [39.6341126, 54.6187521], [39.6360975, 54.615919299999995], [39.6364795, 54.6154466], [39.6331767, 54.61549689999998], [39.6300727, 54.613593], [39.6186863, 54.608855299999995], [39.621580599999994, 54.607462700000006], [39.6241977, 54.6049475], [39.62561109999999, 54.601534900000004], [39.6258791, 54.60088789999999], [39.62427039999999, 54.599947500000006], [39.6289581, 54.5971781], [39.632727, 54.5947008], [39.6362583, 54.5919817], [39.6366853, 54.5916529], [39.63688179999999, 54.5915016], [39.6441248, 54.586141], [39.652288899999995, 54.5775475], [39.655806399999996, 54.57463779999999], [39.668345599999995, 54.573709599999994], [39.66901109999999, 54.5724062], [39.6675805, 54.571053799999994], [39.666320199999994, 54.5703076], [39.667178, 54.5700278], [39.6667458, 54.5689928], [39.6631051, 54.5693791], [39.660498999999994, 54.5689761], [39.6654064, 54.56822390000001], [39.6665614, 54.5674828], [39.66832839999999, 54.5669664], [39.668209, 54.56662119999999], [39.66295769999999, 54.5666456], [39.6628011, 54.5663767], [39.6655165, 54.5658542], [39.6638643, 54.565485200000005], [39.66411239999999, 54.5653346], [39.6684341, 54.5651714], [39.6688308, 54.5637815], [39.6699459, 54.562608499999996], [39.670683999999994, 54.5609185], [39.669705, 54.5606714], [39.6672779, 54.558695199999995], [39.66697829999999, 54.55746090000001], [39.66454869999999, 54.5575127], [39.6574148, 54.558798599999996], [39.655045199999996, 54.558071899999995], [39.6580813, 54.55694419999999], [39.6592296, 54.5562035], [39.6608432, 54.556844], [39.6638707, 54.55670219999999], [39.67021549999999, 54.55703299999999], [39.671136, 54.55864569999999], [39.671788600000006, 54.559412], [39.6730853, 54.55971069999999], [39.6771927, 54.55928500000001], [39.6816438, 54.5586425], [39.6834605, 54.5582766], [39.6848596, 54.55995050000001], [39.68170229999999, 54.56020909999999], [39.681370199999996, 54.563719], [39.6803226, 54.5634626], [39.6794086, 54.56100270000001], [39.6773033, 54.560560499999994], [39.6750264, 54.561870799999994], [39.672302599999995, 54.56175230000001], [39.6705134, 54.56511419999999], [39.670036399999994, 54.56764079999999], [39.6691899, 54.569742700000006], [39.6698863, 54.5707472], [39.67149199999999, 54.5710552], [39.6720748, 54.5708657], [39.6736378, 54.5701475], [39.6751879, 54.5690549], [39.6755819, 54.569048800000004], [39.6756868, 54.56952079999999], [39.676864, 54.570572399999996], [39.6787342, 54.57093470000001], [39.6795603, 54.571420200000006], [39.6830544, 54.57222659999999], [39.6847346, 54.5720565], [39.6908719, 54.56893399999999], [39.6951424, 54.5665719], [39.6976283, 54.56518369999999], [39.6988744, 54.564477999999994], [39.7018047, 54.562907], [39.70925569999999, 54.55917149999999], [39.71120899999999, 54.557871600000006], [39.71524019999999, 54.55517799999999], [39.7170968, 54.553714299999996], [39.7207156, 54.550920999999995], [39.7232295, 54.54896910000001], [39.725254, 54.5473947], [39.728490799999996, 54.544919300000004], [39.7300705, 54.5437118], [39.7310345, 54.54275519999999], [39.7325033, 54.54129230000001], [39.734251699999994, 54.53885649999999], [39.7346472, 54.5379967], [39.735013699999996, 54.5372484], [39.73515569999999, 54.5369585], [39.735934, 54.5353626], [39.7364507, 54.53062209999999], [39.7396271, 54.530992899999994], [39.7404808, 54.53109249999999], [39.7438832, 54.5302426], [39.747153999999995, 54.529928799999986], [39.747892199999995, 54.528661], [39.749989600000006, 54.5289175], [39.7500323, 54.529679400000006], [39.75128029999999, 54.5303617], [39.752593, 54.53048929999999], [39.7567111, 54.5291159], [39.76126639999999, 54.53231199999999], [39.76603949999999, 54.5303146], [39.7810279, 54.5285459], [39.78490419999999, 54.52866229999999], [39.791098, 54.528693399999995], [39.7941052, 54.5299524], [39.79745619999999, 54.5331224], [39.800681899999994, 54.5350744], [39.8012724, 54.53702749999999], [39.8047698, 54.5378258], [39.803536, 54.5395523], [39.8051088, 54.541966], [39.802666599999995, 54.5445413], [39.80371, 54.545212899999996], [39.80757909999999, 54.545622300000005], [39.8106404, 54.54567579999999], [39.8110498, 54.54719249999999], [39.81291499999999, 54.54744650000001], [39.81301229999999, 54.54768829999999], [39.813943699999996, 54.5501538], [39.8142395, 54.55238500000001], [39.8135354, 54.5526263], [39.8098868, 54.555818699999996], [39.8092787, 54.5572663], [39.8095668, 54.5585284], [39.8104949, 54.5602914], [39.8115831, 54.5615718], [39.8166718, 54.56303779999998], [39.821344499999995, 54.559938800000005], [39.8224007, 54.558881], [39.8239369, 54.5572663], [39.8253771, 54.555763], [39.8264333, 54.5547422], [39.8276533, 54.5538886], [39.8349564, 54.55570269999999], [39.83496499999999, 54.5557488], [39.83516289999999, 54.556804299999996], [39.8360927, 54.56378469999999], [39.8371428, 54.5681626], [39.837342899999996, 54.5712645], [39.83679279999999, 54.5734096], [39.838493, 54.573380699999994], [39.8397432, 54.5720762], [39.8479583, 54.578782499999996], [39.8478014, 54.5815273], [39.851237899999994, 54.58360869999999], [39.8528582, 54.5885283], [39.8519424, 54.5907915], [39.8496285, 54.59234930000001], [39.851105, 54.5964089], [39.85143599999999, 54.5971628], [39.85281650000001, 54.60030729999999], [39.8532729, 54.603019], [39.850935, 54.6075215], [39.847679899999996, 54.60793650000001], [39.8464361, 54.6062159], [39.8445986, 54.607273], [39.845410199999996, 54.608586300000006], [39.8461957, 54.60933310000001], [39.84494879999999, 54.60985599999999], [39.84506699999999, 54.6100619], [39.842949499999996, 54.610827], [39.83682149999999, 54.61086999999999], [39.8300482, 54.61137999999998], [39.83006459999999, 54.6123201], [39.8300688, 54.6125608], [39.829951699999995, 54.6129286], [39.830070799999994, 54.6143191], [39.8207057, 54.6157045], [39.8201011, 54.61639759999999], [39.819446799999994, 54.61671210000001], [39.81790889999999, 54.61494110000001], [39.8142053, 54.6156597], [39.80730319999999, 54.616910700000005], [39.80598719999999, 54.6171964], [39.8045999, 54.6174269], [39.8042167, 54.61751180000001], [39.79731379999999, 54.618679500000006], [39.797212099999996, 54.61890369999999], [39.7974886, 54.6193038], [39.7980113, 54.62053600000001], [39.7976112, 54.6231707], [39.796111, 54.62493669999999], [39.7835592, 54.632376400000005], [39.78130879999999, 54.63443139999998], [39.7816589, 54.636891600000006], [39.7876598, 54.64294], [39.790010099999996, 54.64516819999999], [39.792279699999995, 54.6470787], [39.79659209999999, 54.649321], [39.80150729999999, 54.65070080000001], [39.8050324, 54.6520896], [39.8073325, 54.6529601], [39.8140453, 54.6557033], [39.81733249999999, 54.65699680000001], [39.8193612, 54.6581465], [39.8206641, 54.6591667], [39.8212584, 54.6598347], [39.825054699999995, 54.6672544], [39.82738019999999, 54.67151319999999], [39.8399761, 54.6960836], [39.8442571, 54.7042506], [39.8461825, 54.70796669999999], [39.846803599999994, 54.709169300000006], [39.84733349999999, 54.71042090000001], [39.8480175, 54.712489099999985], [39.8484984, 54.715861499999995], [39.8485706, 54.71689709999998], [39.8484589, 54.7187451], [39.847848199999994, 54.72167950000001], [39.8465441, 54.72498649999999], [39.8422168, 54.73491139999999], [39.841529699999995, 54.73695349999999], [39.8409865, 54.7402812], [39.84093459999999, 54.74154739999999], [39.840792199999996, 54.7423165], [39.8403242, 54.745879300000006], [39.8402426, 54.746321200000004], [39.8397008, 54.7487541], [39.8385841, 54.753242300000004], [39.8385805, 54.7536383], [39.839976899999996, 54.7557346], [39.8410123, 54.7547542], [39.843586599999995, 54.75409579999999], [39.8507519, 54.7549019], [39.853668, 54.7554291], [39.85432329999999, 54.75577809999999], [39.856894999999994, 54.7564101], [39.86167669999999, 54.75701269999999], [39.8639001, 54.7575772], [39.867092899999996, 54.7584966], [39.8677672, 54.7588239], [39.8697575, 54.761003599999995], [39.8699179, 54.7630606], [39.8686881, 54.764755300000004], [39.8656373, 54.7684614], [39.86395699999999, 54.7699384], [39.8636777, 54.77013029999999], [39.8608157, 54.772097499999994], [39.8626848, 54.77317560000001], [39.86719109999999, 54.7711375], [39.86778, 54.77118180000001], [39.8680872, 54.7713738], [39.8674471, 54.7731608], [39.8664486, 54.773855], [39.866135899999996, 54.7762521], [39.8658341, 54.7785658], [39.86790799999999, 54.780426399999996], [39.86993069999999, 54.780470699999995], [39.870493999999994, 54.7806331], [39.87131329999999, 54.7802935], [39.8737784, 54.7817494], [39.8727789, 54.7827605], [39.872553, 54.78336829999999], [39.8721889, 54.784348], [39.8723124, 54.78571869999999], [39.8756955, 54.7856571], [39.8787902, 54.785541599999995], [39.878969399999995, 54.78595500000001], [39.8875211, 54.7857926], [39.8874442, 54.786589799999994], [39.8878027, 54.786589799999994], [39.8881355, 54.7868113], [39.888109899999996, 54.7872246], [39.8945621, 54.785763], [39.894508099999996, 54.79200599999999], [39.896172299999996, 54.7915189], [39.8995776, 54.7958587], [39.8653438, 54.80585369999999], [39.8587332, 54.80423760000001], [39.8584698, 54.804745200000006], [39.85634859999999, 54.804469100000006], [39.85623369999999, 54.80457909999999], [39.8557747, 54.8048037], [39.8542754, 54.8058599], [39.854241699999996, 54.8059768], [39.85449349999999, 54.80616789999999], [39.8545119, 54.806228000000004], [39.8532024, 54.8067686], [39.852279, 54.8063025], [39.8520622, 54.8060751], [39.8519955, 54.80609429999999], [39.85162869999999, 54.80584120000001], [39.8515938, 54.8057019], [39.85106729999999, 54.8058669], [39.85087279999999, 54.8060014], [39.85059009999999, 54.80631960000001], [39.85161479999999, 54.8068391], [39.8517204, 54.806783], [39.8524068, 54.8071426], [39.8524904, 54.80707919999999], [39.8535831, 54.807534800000006], [39.85206649999999, 54.808625500000005], [39.8489326, 54.8107821], [39.8463076, 54.81200729999999], [39.844786799999994, 54.81123799999999], [39.8413808, 54.8098557], [39.839366000000005, 54.8091438], [39.83779489999999, 54.8081762], [39.836343799999995, 54.807035799999994], [39.837651, 54.808459600000006], [39.8375071, 54.8089296], [39.83580409999999, 54.80928899999999], [39.8353633, 54.808708200000005], [39.828142899999996, 54.79922749999999], [39.8254431, 54.799467799999995], [39.8227837, 54.79967390000001], [39.8216571, 54.7992459], [39.821702, 54.7988124], [39.8230622, 54.7977515], [39.8243023, 54.79618330000001], [39.8252225, 54.7943152], [39.8254497, 54.7913306], [39.82498879999999, 54.789854399999996], [39.8242719, 54.7887471], [39.82222879999999, 54.787232399999986], [39.81954549999999, 54.786441100000005], [39.8146705, 54.7855316], [39.80975459999999, 54.784574899999996], [39.8083413, 54.7840198], [39.8072761, 54.783830800000004], [39.80520739999999, 54.7830512], [39.7965021, 54.78202350000001], [39.792344, 54.78164550000001], [39.7914018, 54.7817873], [39.789558299999996, 54.78240149999999], [39.789230599999996, 54.7828976], [39.7880426, 54.7830158], [39.7879197, 54.783228399999985], [39.786752199999995, 54.78357090000001], [39.78548219999999, 54.783405599999995], [39.784458099999995, 54.78309839999999], [39.781139800000005, 54.7822834], [39.7795217, 54.781551], [39.778518, 54.7808541], [39.7774119, 54.7807005], [39.7763878, 54.7800745], [39.7746057, 54.778586], [39.7712465, 54.7750891], [39.77403220000001, 54.7747347], [39.7758523, 54.77422029999999], [39.779124, 54.77341049999999], [39.7811434, 54.7723127], [39.7827088, 54.7720556], [39.783915099999994, 54.77184249999999], [39.785224299999996, 54.770445], [39.7867374, 54.77041369999999], [39.7884808, 54.7697994], [39.7903572, 54.7709302], [39.79289709999999, 54.76972500000001], [39.7896608, 54.7685316], [39.789558299999996, 54.766676399999994], [39.7902138, 54.766475500000006], [39.7910331, 54.766936399999985], [39.7916066, 54.76674729999999], [39.7908897, 54.7661447], [39.795760599999994, 54.76402459999999], [39.7961539, 54.7645919], [39.7967929, 54.7647148], [39.79698609999999, 54.76469], [39.79753029999999, 54.764620199999996], [39.7979236, 54.7648093], [39.7982349, 54.7646864], [39.79757769999999, 54.764226699999995], [39.7974817, 54.7633219], [39.797065599999996, 54.7633773], [39.7968416, 54.7628788], [39.799369999999996, 54.76256480000001], [39.7992739, 54.761715399999986], [39.8011302, 54.7614754], [39.8010509, 54.7595048], [39.7992842, 54.7527362], [39.803954299999994, 54.7522634], [39.803954299999994, 54.7509158], [39.80573629999999, 54.7509513], [39.805593, 54.75024200000001], [39.8100173, 54.749308000000006], [39.8100583, 54.74895339999999], [39.81259469999999, 54.7490325], [39.817905399999994, 54.7483461], [39.81762069999999, 54.74742210000001], [39.817602699999995, 54.7473639], [39.8170133, 54.74545080000001], [39.818563, 54.7450751], [39.8193173, 54.745870599999996], [39.8207716, 54.7451848], [39.8211403, 54.7453976], [39.82150899999999, 54.745385799999994], [39.8226355, 54.74646169999999], [39.8235246, 54.7467364], [39.8240898, 54.74691099999999], [39.824472, 54.74698459999999], [39.8247863, 54.74710919999999], [39.82479419999999, 54.74687360000001], [39.82460199999999, 54.7467431], [39.8246019, 54.74661539999999], [39.825708, 54.746721799999996], [39.8265888, 54.74713559999999], [39.827679999999994, 54.7474076], [39.8278587, 54.7474666], [39.82898529999999, 54.7481287], [39.8302757, 54.749831], [39.830214299999994, 54.750422099999994], [39.8310285, 54.7511666], [39.8291082, 54.7517106], [39.8280226, 54.7517343], [39.8265478, 54.75154510000001], [39.826261, 54.7520653], [39.828104499999995, 54.7522662], [39.8287571, 54.752462699999995], [39.82915969999999, 54.752826799999994], [39.8292999, 54.7540808], [39.8306362, 54.75391309999999], [39.830537199999995, 54.75319859999999], [39.83153349999999, 54.75275979999999], [39.8339144, 54.7525124], [39.834157299999994, 54.7531271], [39.83423859999999, 54.75337820000001], [39.8339317, 54.7544722], [39.83532689999999, 54.7543322], [39.8364466, 54.754372], [39.8374599, 54.75402509999999], [39.8378911, 54.7532181], [39.8392964, 54.7486845], [39.8398929, 54.74585229999999], [39.84038230000001, 54.7423183], [39.8405219, 54.73894649999999], [39.8411438, 54.73596289999999], [39.8464233, 54.72367520000001], [39.84714859999999, 54.72181020000001], [39.847858, 54.718737399999995], [39.848000899999995, 54.7158828], [39.8473792, 54.712479800000004], [39.8471024, 54.711475899999996], [39.8456259, 54.7085565], [39.8438354, 54.7050104], [39.8244666, 54.667608599999994], [39.8231164, 54.664733700000006], [39.82066569999999, 54.66034410000001], [39.8200035, 54.6593734], [39.818883199999995, 54.658426299999995], [39.8187946, 54.658378000000006], [39.81686079999999, 54.65732289999999], [39.813539, 54.65609400000001], [39.8055652, 54.65366439999999], [39.79604369999999, 54.66308299999999], [39.79172309999999, 54.663916], [39.7885226, 54.66343010000001], [39.786922399999995, 54.662897900000004], [39.784562099999995, 54.66164839999998], [39.7820417, 54.6573673], [39.776908399999996, 54.6529759], [39.77197019999999, 54.65218029999999], [39.7716577, 54.65377149999998], [39.769839899999994, 54.6553076], [39.76771959999999, 54.65529029999999], [39.76184369999999, 54.6561581], [39.75409259999999, 54.6574237], [39.7535925, 54.655579599999996], [39.7539819, 54.654876200000004], [39.7463008, 54.6544828], [39.74398049999999, 54.655130799999995], [39.74302029999999, 54.655848199999994], [39.7437804, 54.6571674], [39.747220899999995, 54.65887980000001], [39.7525417, 54.66038399999999], [39.761543, 54.6622352], [39.76473029999999, 54.66320989999999], [39.7672608, 54.6647048], [39.76882319999999, 54.666353], [39.7693042, 54.6676494], [39.77146449999999, 54.6743352], [39.7710244, 54.6757462], [39.7689041, 54.6784525], [39.7650236, 54.6802335], [39.7591827, 54.68187559999999], [39.7538619, 54.6822457], [39.747941, 54.6803723], [39.7424602, 54.677504199999994], [39.73673939999999, 54.6751217], [39.726777899999995, 54.67320169999999], [39.719296799999995, 54.67255389999999], [39.71153569999999, 54.672276299999986], [39.7059966, 54.67298219999999], [39.7034544, 54.6744717], [39.7041083, 54.67616509999999], [39.704524299999996, 54.6780156], [39.7029241, 54.67784910000001], [39.70130819999999, 54.67792359999999], [39.701635499999995, 54.6786877], [39.7019998, 54.67935310000001], [39.7016313, 54.679566599999994], [39.70043479999999, 54.6786356], [39.6995994, 54.6779564], [39.698482399999996, 54.6780229], [39.6981614, 54.6783175], [39.6983214, 54.6802418], [39.6973339, 54.68150349999999], [39.6965342, 54.681731600000006], [39.6946274, 54.681435500000006], [39.6905123, 54.6826842], [39.6882719, 54.6842013], [39.6858716, 54.6847379], [39.6829272, 54.68483039999999], [39.6805588, 54.685348399999995], [39.6780624, 54.6856444], [39.6766362, 54.6861677], [39.675278, 54.6883269], [39.67553410000001, 54.68906690000001], [39.677061099999996, 54.6895758], [39.67873989999999, 54.690450199999994], [39.6790866, 54.6917492], [39.67694229999999, 54.6935434], [39.675054, 54.69480119999999], [39.6739658, 54.695356100000005], [39.6712774, 54.69781599999999], [39.6700293, 54.6982044], [39.66887119999999, 54.6981863], [39.6674252, 54.69778580000001], [39.6662527, 54.6968728], [39.66487649999999, 54.69635490000001], [39.66202809999999, 54.6958185], [39.658219499999994, 54.695985], [39.65559509999999, 54.69631789999999], [39.6537068, 54.6967803], [39.65220260000001, 54.6967618], [39.6522666, 54.69724269999999], [39.653450799999995, 54.6977975], [39.6531628, 54.6982044], [39.653802899999995, 54.69857429999999], [39.6540589, 54.6987963], [39.6553391, 54.6993881], [39.6532268, 54.69973950000001], [39.648234, 54.69970249999999], [39.6434333, 54.699776500000006], [39.6397528, 54.6998874], [39.630247399999995, 54.699406599999996], [39.622385599999994, 54.69938770000001], [39.6151041, 54.7015106], [39.624292499999996, 54.708868599999995], [39.630868500000005, 54.71238060000001], [39.6193064, 54.7231685], [39.61982090000001, 54.7276629], [39.6270682, 54.7283245], [39.62877929999999, 54.7338239], [39.6361666, 54.745787], [39.64975119999999, 54.7410083], [39.6481037, 54.7405471], [39.645617, 54.738967], [39.64456499999999, 54.7377474], [39.66075789999999, 54.733418], [39.66450379999999, 54.733418], [39.6808251, 54.736971], [39.6808251, 54.740678200000005], [39.687514099999994, 54.754577], [39.687781699999995, 54.759208900000004], [39.68671150000001, 54.765538299999996], [39.687781699999995, 54.76955149999999], [39.68965459999999, 54.774799], [39.6971464, 54.7785027], [39.7025769, 54.78087359999999], [39.7043107, 54.7834905], [39.704370600000004, 54.7845205], [39.71186229999999, 54.78467469999999], [39.71534059999999, 54.7823603], [39.7145379, 54.780663000000004], [39.7141157, 54.7804736], [39.70972179999999, 54.7785027], [39.7058884, 54.7768092], [39.704370600000004, 54.775262000000005], [39.7038035, 54.7746146], [39.7038035, 54.77338189999999], [39.705210799999996, 54.7718786], [39.708520699999994, 54.7703452], [39.71044929999999, 54.770420300000005], [39.71149170000001, 54.770931499999996], [39.7127427, 54.7741636], [39.71469309999999, 54.7763666], [39.7168354, 54.7787863], [39.7175137, 54.77955240000001], [39.7223595, 54.783122000000006], [39.7259023, 54.7846249], [39.72801989999999, 54.784789200000006], [39.7297709, 54.784460499999994], [39.73002189999999, 54.784359200000004], [39.7309925, 54.78396740000001], [39.7315626, 54.7833333], [39.732336399999994, 54.7831924], [39.73229559999999, 54.7825114], [39.73160339999999, 54.7818304], [39.7295214, 54.7812802], [39.72639099999999, 54.7794115], [39.72500649999999, 54.77826069999999], [39.7232961, 54.7772977], [39.7228075, 54.7745497], [39.7238662, 54.7731639], [39.7258898, 54.7715881], [39.7263095, 54.7712613], [39.7278516, 54.7706712], [39.7295955, 54.770003800000005], [39.730422399999995, 54.7696874], [39.7321327, 54.7695465], [39.7383224, 54.77072100000001], [39.7402364, 54.77231830000001], [39.7405214, 54.77593550000001], [39.7412942, 54.7768052], [39.7440235, 54.77966980000001], [39.7466454, 54.78266889999999], [39.75123119999999, 54.78554069999999], [39.7541224, 54.7862686], [39.7559142, 54.78631550000001], [39.7592534, 54.7862686], [39.767479099999996, 54.78718429999999], [39.77634479999999, 54.7889946], [39.7841362, 54.78999749999999], [39.78839539999999, 54.7902112], [39.7936977, 54.789236800000005], [39.7917425, 54.79379019999999], [39.7852683, 54.7986745], [39.7838366, 54.800409300000005], [39.7823771, 54.8019138], [39.7816034, 54.80419049999999], [39.7815219, 54.80663140000001], [39.7804289, 54.8101237], [39.779811599999995, 54.8131084], [39.78062609999999, 54.81545489999999], [39.780782499999994, 54.81617080000001], [39.7809402, 54.81666439999999], [39.7829065, 54.8170505], [39.7835173, 54.8176136], [39.78559409999999, 54.818059399999996], [39.790215399999994, 54.8189104], [39.800376099999994, 54.8179186], [39.801523, 54.81793059999999], [39.8026157, 54.817942099999996], [39.8091312, 54.81852859999999], [39.811872799999996, 54.8187338], [39.812266799999996, 54.81876329999999], [39.8188637, 54.8178482], [39.81710549999999, 54.81866730000001], [39.8169498, 54.818739799999996], [39.8165018, 54.819255999999996], [39.8151987, 54.81956099999999], [39.8142214, 54.8197017], [39.813711999999995, 54.8201786], [39.8135699, 54.82031169999999], [39.813578899999996, 54.82050350000001], [39.81361059999999, 54.82117980000001], [39.8147954, 54.8220574], [39.8149137, 54.822564], [39.8155652, 54.82275169999999], [39.81764199999999, 54.8231974], [39.81756059999999, 54.8239247], [39.82204, 54.826364399999996], [39.8224065, 54.8285928], [39.82281369999999, 54.829859400000004], [39.82362809999999, 54.83110260000001], [39.821714199999995, 54.8303989], [39.81943379999999, 54.8300236], [39.817031199999995, 54.8294607], [39.8134477, 54.82824089999999], [39.81149309999999, 54.82751379999999], [39.81006779999999, 54.827466900000005], [39.8089276, 54.82786559999999], [39.8117781, 54.829015], [39.814628600000006, 54.830140899999996], [39.817275499999994, 54.8305631], [39.820248199999995, 54.83110260000001], [39.82317199999999, 54.832191], [39.8253873, 54.8335232], [39.8265601, 54.8346114], [39.8277654, 54.8361874], [39.8277681, 54.8393615], [39.825036999999995, 54.843162199999995], [39.8212663, 54.8465848], [39.818741499999994, 54.8482026], [39.8204111, 54.849234200000005], [39.823220899999995, 54.847804], [39.8243611, 54.847780599999986], [39.824605399999996, 54.84860119999999], [39.819026599999994, 54.8533602], [39.81943379999999, 54.8536181], [39.823343099999995, 54.8512738], [39.826175, 54.84840390000001], [39.84115409999999, 54.8603832], [39.8504321, 54.865483000000005], [39.8536638, 54.8682427], [39.8592671, 54.870162300000004], [39.8615429, 54.8709078], [39.8622114, 54.8712871], [39.8700144, 54.875811], [39.8737608, 54.875623600000004], [39.8740051, 54.876584199999996], [39.8752675, 54.8772168], [39.88304529999999, 54.87808359999999], [39.88284170000001, 54.8806372], [39.8818236, 54.88232380000001], [39.88284170000001, 54.884502299999994], [39.885203499999996, 54.8857672], [39.88964219999999, 54.88614200000001], [39.8926556, 54.8822536], [39.90316179999999, 54.8838699], [39.91696639999999, 54.88431490000001], [39.9247545, 54.886224], [39.937123699999994, 54.8896202], [39.9413367, 54.890443999999995], [39.9451662, 54.8911718], [39.9481645, 54.89070579999999], [39.95168170000001, 54.89041069999999], [39.9531631, 54.890048300000004], [39.958502499999994, 54.88874190000001], [39.96090970000001, 54.88848049999999], [39.963949, 54.88801000000001], [39.96522159999999, 54.88789279999999], [39.9656797, 54.88815629999999], [39.970719, 54.888332], [39.97082549999999, 54.888364900000006], [39.9708687, 54.888378200000005], [39.9777435, 54.89049850000001], [39.9814085, 54.890557], [39.985182599999995, 54.8918242], [39.9924346, 54.89396639999999], [39.9975521, 54.895548700000006], [39.9980675, 54.8968758], [39.9983079, 54.897494800000004], [39.997340799999996, 54.897524099999984], [39.9966791, 54.89731919999999], [39.99591559999999, 54.89755339999999], [39.994643, 54.89799239999999], [39.99296319999999, 54.8980217], [39.9911308, 54.89872419999999], [39.992708699999994, 54.90009979999999], [39.998969699999996, 54.9015047], [39.99963139999999, 54.900773], [39.998664299999994, 54.90004129999999], [39.999885899999995, 54.8983144], [40.000904, 54.89843150000001], [40.0018711, 54.8995144], [40.0052306, 54.8983729], [40.00955729999999, 54.90159250000001], [40.0305134, 54.9098113], [40.0696308, 54.9152897]]]]}}, {"type": "Feature", "properties": {"id": "mo-61627000", "name": "Рыбновский муниципальный район", "region": "Рязанская область", "isCity": false, "sourceOktmo": "61-627-000-000", "sourceAgg": "Рязань", "excelNames": ["Рыбновский муниципальный район"], "oktmo": "61627000", "vgp": [{"year": 2019, "value": 22091716.19722828}, {"year": 2020, "value": 23260399.82052646}, {"year": 2021, "value": 29053138.544209886}, {"year": 2022, "value": 36473130.182666704}, {"year": 2023, "value": 39362817.34555628}, {"year": 2024, "value": 42300471.186732225}], "population": [{"year": 2019, "value": 37599.0}, {"year": 2020, "value": 38143.0}, {"year": 2021, "value": 38252.0}, {"year": 2022, "value": 39042.0}, {"year": 2023, "value": 38973.0}, {"year": 2024, "value": 38941.0}, {"year": 2025, "value": 38672.0}], "shipments": [{"year": 2019, "value": 3823976.7}, {"year": 2020, "value": 5362290.6}, {"year": 2021, "value": 5867761.5}, {"year": 2022, "value": 6169200.8}, {"year": 2023, "value": 8379154.8}, {"year": 2024, "value": 10268376.8}], "employees": [{"year": 2019, "value": 7673.0}, {"year": 2020, "value": 8324.0}, {"year": 2021, "value": 8805.0}, {"year": 2022, "value": 8515.0}, {"year": 2023, "value": 8620.0}, {"year": 2024, "value": 8536.0}], "investments": [{"year": 2019, "value": 1244800.0}, {"year": 2020, "value": 1429600.0}, {"year": 2021, "value": 3352300.0}, {"year": 2022, "value": 1580536.0}, {"year": 2023, "value": 1895848.0}, {"year": 2024, "value": 2125532.0}], "vgp2024": 42300471.186732225, "pop2024": 38941.0, "ship2024": 10268376.8, "emp2024": 8536.0, "inv2024": 2125532.0}, "geometry": {"type": "MultiPolygon", "coordinates": [[[[38.8434395, 54.6215656], [38.84428379999999, 54.6217552], [38.8457572, 54.62236200000001], [38.8481589, 54.624951700000004], [38.8490231, 54.62561989999999], [38.8491336, 54.625627], [38.85205919999999, 54.625815399999986], [38.8530813, 54.625671000000004], [38.8558416, 54.6240467], [38.85735789999999, 54.6231978], [38.8576633, 54.6227594], [38.85908830000001, 54.6213072], [38.86006509999999, 54.6203886], [38.862505399999996, 54.6179989], [38.8623824, 54.6175104], [38.8646313, 54.61515579999999], [38.8670811, 54.6149081], [38.8678667, 54.6148286], [38.8692007, 54.615298], [38.8752401, 54.61705499999999], [38.8763953, 54.6180826], [38.8781883, 54.6169709], [38.880474099999994, 54.616138299999996], [38.8830588, 54.61627310000001], [38.8838956, 54.6163506], [38.8892115, 54.6200688], [38.8892085, 54.6210965], [38.8908056, 54.620838899999995], [38.89133439999999, 54.6215506], [38.8928047, 54.623076499999996], [38.89297049999999, 54.6235286], [38.8976667, 54.62503879999999], [38.903049499999995, 54.62671449999999], [38.9052278, 54.6272532], [38.9142192, 54.628287300000004], [38.91711529999999, 54.6294192], [38.922163499999996, 54.63108569999999], [38.9301151, 54.62843980000001], [38.93071179999999, 54.62881209999999], [38.93626689999999, 54.6327872], [38.9383896, 54.63447339999999], [38.9390291, 54.63445509999999], [38.9414267, 54.6343864], [38.9420975, 54.634367100000006], [38.945649, 54.634265299999996], [38.94650529999999, 54.6342408], [38.9464967, 54.6339417], [38.9463985, 54.6305098], [38.9481379, 54.627264700000005], [38.949792, 54.62404659999999], [38.9504494, 54.622687799999994], [38.95167719999999, 54.6201502], [38.952932, 54.61751029999999], [38.9528292, 54.615440299999996], [38.9525871, 54.6115562], [38.9524964, 54.609956], [38.9559886, 54.60889949999999], [38.9583856, 54.60818160000001], [38.9666669, 54.6057657], [38.96878619999999, 54.60375710000001], [38.9689009, 54.60364839999998], [38.969675, 54.60291470000001], [38.9707617, 54.6018999], [38.971764099999994, 54.6009771], [38.97331479999999, 54.601345300000006], [38.9756756, 54.6031445], [38.977156099999995, 54.6042425], [38.97989929999999, 54.60903309999999], [38.9798071, 54.609575899999996], [38.9792019, 54.610674800000005], [38.9820208, 54.61099610000001], [38.9837625, 54.611194600000005], [38.98761249999999, 54.61305240000001], [38.989224199999995, 54.6137735], [38.9912035, 54.61485009999999], [38.9913845, 54.6149486], [38.9939669, 54.61592709999999], [38.9931253, 54.61783119999999], [38.994420399999996, 54.6192849], [38.99404349999999, 54.6197391], [38.9934023, 54.6205117], [38.9916112, 54.6215201], [38.9907131, 54.62264950000001], [38.9905384, 54.62286919999999], [38.9905033, 54.62402300000001], [38.9906878, 54.62433790000001], [38.99289679999999, 54.6281082], [38.9957618, 54.6294961], [39.007355499999996, 54.6351121], [39.00849029999999, 54.63566269999999], [39.010129299999996, 54.63645790000001], [39.01207589999999, 54.63713829999999], [39.0236102, 54.641120300000004], [39.0250019, 54.640208300000005], [39.0278665, 54.6401764], [39.0328297, 54.6394894], [39.0324541, 54.640213], [39.0337956, 54.6420004], [39.03497709999999, 54.6436492], [39.03710679999999, 54.6433262], [39.0408752, 54.64218579999999], [39.0414977, 54.6417785], [39.0417839, 54.6412132], [39.041822999999994, 54.63853900000001], [39.0420012, 54.6368822], [39.0447732, 54.6354044], [39.04822529999999, 54.6355068], [39.0538315, 54.6363534], [39.05927669999999, 54.637735], [39.06103689999999, 54.6381378], [39.0691949, 54.636767600000006], [39.07111449999999, 54.636074], [39.0744621, 54.63554010000001], [39.0820557, 54.63446960000001], [39.083912399999996, 54.6351098], [39.08299099999999, 54.6371676], [39.08621419999999, 54.63957740000001], [39.0896892, 54.6416343], [39.0957768, 54.6443733], [39.09572109999999, 54.6452662], [39.095667899999995, 54.6461178], [39.0999549, 54.6460406], [39.100470699999995, 54.6457323], [39.10132479999999, 54.64546980000001], [39.10169679999999, 54.6453555], [39.1048639, 54.64376740000001], [39.1069783, 54.6425857], [39.1097381, 54.6408801], [39.110604599999995, 54.637689699999996], [39.111595599999994, 54.63447179999999], [39.11122809999999, 54.63285020000001], [39.112636699999996, 54.632812400000006], [39.1133533, 54.6327361], [39.1133941, 54.632388199999994], [39.11468180000001, 54.6321981], [39.1155418, 54.6328813], [39.1185635, 54.632624799999995], [39.1197231, 54.6322367], [39.1213798, 54.6324878], [39.12269379999999, 54.632293700000005], [39.1259566, 54.63250560000001], [39.1276335, 54.63361220000001], [39.128537099999996, 54.63371049999999], [39.1291203, 54.63352400000001], [39.1294684, 54.6338812], [39.13024959999999, 54.6337205], [39.1316679, 54.63430119999999], [39.1319502, 54.634658800000004], [39.1289157, 54.6378619], [39.12696029999999, 54.6416541], [39.1273523, 54.64593370000001], [39.1275526, 54.64584839999999], [39.128706, 54.6453571], [39.1304495, 54.64514710000001], [39.1327852, 54.6451698], [39.1366051, 54.6452069], [39.137281599999994, 54.64526519999999], [39.1368402, 54.6460813], [39.1384761, 54.646359], [39.1386046, 54.64632420000001], [39.138742799999996, 54.646170299999994], [39.139083799999995, 54.6452784], [39.139550099999994, 54.6443584], [39.1401241, 54.64376699999999], [39.140758999999996, 54.6437306], [39.1437823, 54.64369810000001], [39.145286999999996, 54.64347209999999], [39.1504937, 54.64306729999999], [39.15193599999999, 54.644256999999996], [39.15311249999999, 54.6463133], [39.1529187, 54.6483544], [39.1540704, 54.649879899999995], [39.1565885, 54.651173299999996], [39.15426759999999, 54.653455300000005], [39.1539599, 54.653972700000004], [39.1536448, 54.6548416], [39.1544136, 54.655123899999985], [39.15386039999999, 54.6559367], [39.1544809, 54.65680809999999], [39.1557666, 54.6570999], [39.156498899999995, 54.65726139999999], [39.1572317, 54.657441199999994], [39.1573561, 54.6574824], [39.1576144, 54.657567799999995], [39.15787029999999, 54.6576951], [39.1628133, 54.6608409], [39.16305239999999, 54.66012009999999], [39.1639571, 54.6574792], [39.1647124, 54.65575979999999], [39.170701400000006, 54.6545837], [39.1695701, 54.649801599999996], [39.1741695, 54.6461789], [39.1763026, 54.64418030000001], [39.17881319999999, 54.642405799999985], [39.1802295, 54.64068429999999], [39.1822822, 54.6380538], [39.185747299999996, 54.639451099999995], [39.1939278, 54.6419304], [39.2026938, 54.6403096], [39.20311339999999, 54.64020959999999], [39.2106494, 54.638621300000004], [39.21422789999999, 54.6389359], [39.2170043, 54.63859059999999], [39.2180804, 54.63891640000001], [39.2215873, 54.6387251], [39.226063399999994, 54.63570279999999], [39.22642799999999, 54.6358304], [39.2315979, 54.63763999999999], [39.2342654, 54.6415887], [39.23034779999999, 54.64400279999999], [39.231049, 54.645062], [39.231621, 54.646164399999996], [39.2318114, 54.6465796], [39.23225179999999, 54.646527299999995], [39.2334762, 54.64660200000001], [39.235904000000005, 54.64676000000001], [39.239807799999994, 54.647020000000005], [39.244321, 54.646249600000004], [39.2461892, 54.645951100000005], [39.2470448, 54.64579789999999], [39.24594189999999, 54.6473281], [39.245659499999995, 54.648430100000006], [39.24542249999999, 54.6491918], [39.24503779999999, 54.6504166], [39.2445016, 54.652917499999994], [39.24354679999999, 54.653923], [39.2454203, 54.654666], [39.2505134, 54.65676929999999], [39.25556259999999, 54.6590771], [39.25648189999999, 54.659497200000004], [39.2563159, 54.6599418], [39.25600529999999, 54.66076839999999], [39.2565005, 54.66098430000001], [39.2570418, 54.661220199999995], [39.2571941, 54.6616013], [39.2569367, 54.661927299999995], [39.2565766, 54.6620022], [39.2561033, 54.66197700000001], [39.25585619999999, 54.6621438], [39.255736399999996, 54.6624246], [39.2554249, 54.6632306], [39.2548011, 54.6635167], [39.2555851, 54.663983300000005], [39.255670099999996, 54.6646403], [39.2555139, 54.6661274], [39.2547537, 54.66740430000001], [39.25405489999999, 54.6680887], [39.2564024, 54.6697126], [39.256578999999995, 54.670164199999995], [39.2559369, 54.67192930000001], [39.255350299999996, 54.67262449999999], [39.2562073, 54.6733219], [39.2554178, 54.6747939], [39.2536192, 54.67518729999999], [39.25138259999999, 54.67570979999999], [39.254261199999995, 54.6767887], [39.256034899999996, 54.67745419999999], [39.256320599999995, 54.677557699999994], [39.2554913, 54.6779756], [39.25049789999999, 54.67991349999999], [39.2455118, 54.679448300000004], [39.24508589999999, 54.679399200000006], [39.2388951, 54.67868559999999], [39.2386789, 54.6789861], [39.2385693, 54.67927099999999], [39.2384064, 54.6794855], [39.2384986, 54.6795817], [39.2388725, 54.679678100000004], [39.238961599999996, 54.6797965], [39.2388609, 54.6799925], [39.23904009999999, 54.6802836], [39.2388753, 54.6807642], [39.2385819, 54.6810724], [39.2384261, 54.6814804], [39.2381601, 54.68158679999999], [39.2377242, 54.6815149], [39.2367474, 54.681351799999995], [39.23650599999999, 54.68139750000001], [39.236127, 54.68165989999999], [39.2360881, 54.6818112], [39.23622379999999, 54.6819978], [39.2360718, 54.682156500000005], [39.23584759999999, 54.6821513], [39.235637, 54.6820518], [39.2354835, 54.682024600000005], [39.2353143, 54.68208810000001], [39.2352381, 54.6822981], [39.235029, 54.68246069999999], [39.2346483, 54.682561799999995], [39.2339693, 54.6830818], [39.2333747, 54.683657700000005], [39.2329211, 54.6839547], [39.232416, 54.6841274], [39.232167399999994, 54.684576], [39.2322959, 54.6851252], [39.2340351, 54.6868373], [39.2381785, 54.68838540000001], [39.2402129, 54.6894596], [39.2404277, 54.690376999999984], [39.23977039999999, 54.6913236], [39.2389213, 54.693413799999995], [39.239223499999994, 54.6940613], [39.2399665, 54.6943772], [39.24043809999999, 54.694833], [39.2407089, 54.6959162], [39.239052599999994, 54.696935100000005], [39.2390045, 54.6973594], [39.2390151, 54.6976815], [39.2391093, 54.6989193], [39.2371337, 54.6992658], [39.2357863, 54.702484199999994], [39.2356819, 54.702733499999994], [39.2356117, 54.7029013], [39.2352954, 54.7036569], [39.2351027, 54.70411709999999], [39.237409, 54.7071513], [39.23686409999999, 54.70778180000001], [39.2367029, 54.7079683], [39.2358969, 54.70888], [39.23486299999999, 54.70845380000001], [39.23256789999999, 54.7092921], [39.231799099999996, 54.7099751], [39.231618299999994, 54.7101241], [39.2330325, 54.71124399999999], [39.23137059999999, 54.712781400000004], [39.233354299999995, 54.71331870000001], [39.2338826, 54.71420549999999], [39.2333113, 54.71516479999999], [39.2349309, 54.715506600000005], [39.23413519999999, 54.7166541], [39.2320554, 54.718611300000006], [39.2341263, 54.71928810000001], [39.234907699999994, 54.7193586], [39.2349306, 54.71982640000001], [39.236633299999994, 54.720910700000005], [39.23722229999999, 54.72112430000001], [39.23897379999999, 54.72250069999999], [39.2412331, 54.72361560000001], [39.24399919999999, 54.7233968], [39.2441312, 54.7243536], [39.2455716, 54.724905699999994], [39.2458066, 54.7251705], [39.24421, 54.7277568], [39.245018599999995, 54.728816699999996], [39.2456112, 54.73186859999999], [39.2477317, 54.7322814], [39.2505415, 54.7321077], [39.2522306, 54.732347399999995], [39.25435889999999, 54.733764099999995], [39.25955239999999, 54.73376739999999], [39.2669057, 54.73356020000001], [39.2682163, 54.7358397], [39.2686808, 54.735832300000006], [39.28682109999999, 54.73554389999999], [39.2902791, 54.73547469999999], [39.2905843, 54.7354685], [39.3001651, 54.7352767], [39.3004914, 54.7352702], [39.30468719999999, 54.7243383], [39.3088304, 54.72455140000001], [39.3107885, 54.7246521], [39.3274501, 54.725509], [39.3337268, 54.721088200000004], [39.334159699999994, 54.7207833], [39.3359575, 54.71951699999999], [39.3362732, 54.7192946], [39.33690709999999, 54.71903539999999], [39.33712969999999, 54.719337900000006], [39.3378265, 54.7194114], [39.33823869999999, 54.7195426], [39.33843809999999, 54.719657500000004], [39.3388923, 54.71976839999999], [39.339192499999996, 54.7200882], [39.3394138, 54.72014039999999], [39.3397319, 54.7198341], [39.34026179999999, 54.720054], [39.340629299999996, 54.720266099999996], [39.3404503, 54.72057590000001], [39.34088109999999, 54.720859100000006], [39.3416113, 54.7210508], [39.3422897, 54.721357000000005], [39.3404723, 54.722753600000004], [39.3365417, 54.725102], [39.3362186, 54.7251668], [39.33577459999999, 54.725372], [39.3353034, 54.72612569999999], [39.3346103, 54.7269892], [39.3338596, 54.72768310000001], [39.33050099999999, 54.7313979], [39.34086739999999, 54.7337074], [39.3513877, 54.73674609999999], [39.3520205, 54.737087700000004], [39.3529903, 54.7376113], [39.3530478, 54.73774720000001], [39.370878999999995, 54.74737249999999], [39.3705913, 54.7491194], [39.370543899999994, 54.7494074], [39.3703516, 54.7496294], [39.369582300000005, 54.75051740000001], [39.36892670000001, 54.75298099999999], [39.367484299999994, 54.753107099999994], [39.3672427, 54.7538817], [39.3612879, 54.7556456], [39.3597529, 54.75533089999999], [39.3544203, 54.7547673], [39.3543919, 54.75476429999999], [39.35213809999999, 54.7546872], [39.3466669, 54.75460939999999], [39.3341467, 54.753998800000005], [39.32195519999999, 54.7537104], [39.3222911, 54.75440590000001], [39.3218998, 54.754943600000004], [39.320336299999994, 54.7551868], [39.31825859999999, 54.7568972], [39.3278724, 54.758961400000004], [39.32976599999999, 54.7621125], [39.3335547, 54.7614936], [39.3352334, 54.76294779999999], [39.3355708, 54.763713200000005], [39.335481599999994, 54.764272099999985], [39.3357148, 54.76486380000001], [39.3356882, 54.767515999999986], [39.33368209999999, 54.7717521], [39.3334999, 54.772683900000004], [39.333495199999994, 54.775429], [39.3340227, 54.7756465], [39.3358104, 54.7752602], [39.3360284, 54.775341999999995], [39.3364683, 54.77521109999999], [39.33728219999999, 54.7746704], [39.3377418, 54.7745161], [39.3382542, 54.77497779999999], [39.3386789, 54.7750913], [39.339987, 54.7751056], [39.3404549, 54.7753583], [39.34034509999999, 54.775894099999995], [39.34051199999999, 54.7761837], [39.3410244, 54.776645499999994], [39.3413154, 54.7770972], [39.3416566, 54.777059900000005], [39.342180400000004, 54.7770912], [39.3430899, 54.77729440000001], [39.344166699999995, 54.7768217], [39.3446897, 54.77681809999999], [39.3455265, 54.77739389999999], [39.34658569999999, 54.778026399999995], [39.347153399999996, 54.77823179999999], [39.348200299999995, 54.7784346], [39.3485454, 54.778611600000005], [39.348848499999995, 54.77916689999999], [39.349056499999996, 54.77931439999999], [39.349701399999994, 54.7794979], [39.35024789999999, 54.77978590000001], [39.3506456, 54.7799475], [39.35212119999999, 54.7799555], [39.3533656, 54.7821104], [39.3548575, 54.7818375], [39.3555725, 54.7812317], [39.35866789999999, 54.782054699999996], [39.360852, 54.782381699999995], [39.362001, 54.782436], [39.36266799999999, 54.7828719], [39.358106799999995, 54.7852218], [39.358061899999996, 54.78622729999999], [39.360832699999996, 54.79956289999999], [39.36181429999999, 54.80036059999999], [39.363788799999995, 54.799932], [39.365177599999996, 54.8021696], [39.369715899999996, 54.8081378], [39.3747757, 54.811578], [39.3760909, 54.8141682], [39.3818866, 54.819590700000006], [39.38547679999999, 54.822799999999994], [39.3859874, 54.8233554], [39.3872116, 54.82390730000001], [39.3875501, 54.824402799999994], [39.3874042, 54.8247191], [39.3857643, 54.82512210000001], [39.38515019999999, 54.825498599999996], [39.385015, 54.8259323], [39.38547359999999, 54.82642380000001], [39.3857913, 54.826963500000005], [39.3904351, 54.82856830000001], [39.4151771, 54.83991259999999], [39.39050369999999, 54.853951599999995], [39.3894861, 54.85429999999999], [39.3891125, 54.855198], [39.38935149999999, 54.85596629999999], [39.3908601, 54.85779720000001], [39.391661899999995, 54.85847219999999], [39.3926763, 54.858880899999996], [39.39373109999999, 54.86012149999999], [39.394427400000005, 54.86127429999999], [39.395421, 54.8623248], [39.3964543, 54.8637313], [39.3986015, 54.866246], [39.3995798, 54.866129799999996], [39.4007036, 54.86599629999999], [39.4020765, 54.8662214], [39.4025525, 54.866299399999996], [39.40360489999999, 54.866693600000005], [39.4052674, 54.8667443], [39.4057165, 54.8662997], [39.406646699999996, 54.866835], [39.407317, 54.8674793], [39.4079332, 54.86857950000001], [39.4171788, 54.86978239999999], [39.4229326, 54.872084400000006], [39.4242388, 54.87260700000001], [39.43537739999999, 54.877063], [39.4316271, 54.88352570000001], [39.4299351, 54.886441100000006], [39.4373989, 54.8869508], [39.4470823, 54.88809810000001], [39.4479239, 54.8890057], [39.4488535, 54.8899891], [39.4509692, 54.890557], [39.4541305, 54.89087849999999], [39.46084059999999, 54.8912369], [39.466207, 54.892387], [39.4622454, 54.8970321], [39.4617234, 54.897187800000005], [39.46161719999999, 54.89785419999999], [39.4605497, 54.8983659], [39.460575399999996, 54.899448], [39.461382799999996, 54.901958099999995], [39.4645077, 54.90269250000001], [39.4694541, 54.90191339999999], [39.4738121, 54.9019564], [39.4750372, 54.9023359], [39.476079299999995, 54.90213289999999], [39.47820959999999, 54.90223249999999], [39.4864987, 54.901425800000005], [39.4736724, 54.909500799999996], [39.478273, 54.9113858], [39.4809362, 54.9128292], [39.482148699999996, 54.9148553], [39.481986299999996, 54.9170415], [39.4795505, 54.91966810000001], [39.4777546, 54.920253599999995], [39.4764213, 54.9212549], [39.4694293, 54.9185467], [39.4662298, 54.9218227], [39.46554979999999, 54.9314455], [39.4678449, 54.9328658], [39.4713607, 54.9342977], [39.4722702, 54.9355751], [39.47480209999999, 54.936839500000005], [39.47496929999999, 54.94495980000001], [39.4750965, 54.94554500000001], [39.4751663, 54.9458661], [39.47889479999999, 54.9478789], [39.4836072, 54.94890019999999], [39.485483099999996, 54.950372900000005], [39.4924276, 54.9530654], [39.5002372, 54.957036499999994], [39.50415569999999, 54.957786000000006], [39.5122031, 54.9641755], [39.514430399999995, 54.96735970000001], [39.5205833, 54.9697545], [39.5219652, 54.9723909], [39.52166739999999, 54.9762392], [39.517518499999994, 54.983877299999996], [39.523756199999994, 54.9860569], [39.532134199999994, 54.984422699999996], [39.537689699999994, 54.98732609999999], [39.5490974, 54.98885200000001], [39.55941399999999, 54.988624300000005], [39.563513699999994, 54.987889], [39.565194999999996, 54.9875875], [39.5802649, 54.988440999999995], [39.58633699999999, 54.9881794], [39.594555799999995, 54.98842269999999], [39.602884599999996, 54.98801329999999], [39.6068483, 54.9905747], [39.61025059999999, 54.993683299999994], [39.6175838, 55.00038330000001], [39.6179972, 55.0050534], [39.62047689999999, 55.011828799999996], [39.62249659999999, 55.01668130000001], [39.622534699999996, 55.01723450000001], [39.622130399999996, 55.01924559999999], [39.625181, 55.0234977], [39.6253677, 55.0250803], [39.629738, 55.02525159999999], [39.6534459, 55.0253551], [39.66956819999999, 55.0254255], [39.6692309, 55.0144085], [39.6692176, 55.01397279999999], [39.6849208, 55.0110227], [39.6927308, 55.0094994], [39.70115169999999, 55.007895199999986], [39.70132989999999, 55.00594619999999], [39.705786, 55.0058115], [39.710654899999994, 55.0056629], [39.7168795, 55.005311600000006], [39.7325128, 55.004893800000005], [39.74090689999999, 55.004690800000006], [39.7501431, 55.0046169], [39.75349460000001, 55.00459670000001], [39.7658922, 55.0089831], [39.76347599999999, 55.01774769999999], [39.7588595, 55.0275082], [39.7575901, 55.0290626], [39.75556859999999, 55.035116800000004], [39.7788313, 55.0314737], [39.780357499999994, 55.03139929999998], [39.7840311, 55.0271634], [39.7874284, 55.0238519], [39.79151099999999, 55.0183939], [39.7985362, 55.0096281], [39.802657, 55.006404100000005], [39.804256, 55.0052163], [39.8740635, 54.9963457], [39.879520199999995, 54.9929351], [39.8837553, 54.9926548], [39.887746, 54.9927716], [39.8927548, 54.993308899999995], [39.9094077, 54.9890369], [39.9243151, 54.9860164], [39.9265564, 54.9839378], [39.9312215, 54.982038499999994], [39.937929800000006, 54.97963959999999], [39.94175239999999, 54.9768084], [39.9363881, 54.9738338], [39.9440283, 54.9715834], [39.94359579999999, 54.9703512], [39.937691199999996, 54.9680605], [39.93752829999999, 54.9671021], [39.93541069999999, 54.9660267], [39.93549219999999, 54.9652085], [39.9317051, 54.964390300000005], [39.936225199999996, 54.9601821], [39.93349679999999, 54.9579376], [39.9317952, 54.9523102], [39.9428628, 54.9518345], [39.9517864, 54.9415358], [39.97371059999999, 54.932035299999995], [39.9749616, 54.92975919999999], [39.978349699999995, 54.928097], [39.9792618, 54.9287448], [39.9763787, 54.934000000000005], [39.98463039999999, 54.9372555], [40.0305134, 54.9098113], [40.00955729999999, 54.90159250000001], [40.0052306, 54.8983729], [40.0018711, 54.8995144], [40.000904, 54.89843150000001], [39.999885899999995, 54.8983144], [39.998664299999994, 54.90004129999999], [39.99963139999999, 54.900773], [39.998969699999996, 54.9015047], [39.992708699999994, 54.90009979999999], [39.9911308, 54.89872419999999], [39.99296319999999, 54.8980217], [39.994643, 54.89799239999999], [39.99591559999999, 54.89755339999999], [39.9966791, 54.89731919999999], [39.997340799999996, 54.897524099999984], [39.9983079, 54.897494800000004], [39.9980675, 54.8968758], [39.9975521, 54.895548700000006], [39.9924346, 54.89396639999999], [39.985182599999995, 54.8918242], [39.9814085, 54.890557], [39.9777435, 54.89049850000001], [39.9708687, 54.888378200000005], [39.97082549999999, 54.888364900000006], [39.970719, 54.888332], [39.9656797, 54.88815629999999], [39.96522159999999, 54.88789279999999], [39.963949, 54.88801000000001], [39.96090970000001, 54.88848049999999], [39.958502499999994, 54.88874190000001], [39.9531631, 54.890048300000004], [39.95168170000001, 54.89041069999999], [39.9481645, 54.89070579999999], [39.9451662, 54.8911718], [39.9413367, 54.890443999999995], [39.937123699999994, 54.8896202], [39.9247545, 54.886224], [39.91696639999999, 54.88431490000001], [39.90316179999999, 54.8838699], [39.8926556, 54.8822536], [39.88964219999999, 54.88614200000001], [39.885203499999996, 54.8857672], [39.88284170000001, 54.884502299999994], [39.8818236, 54.88232380000001], [39.88284170000001, 54.8806372], [39.88304529999999, 54.87808359999999], [39.8752675, 54.8772168], [39.8740051, 54.876584199999996], [39.8737608, 54.875623600000004], [39.8700144, 54.875811], [39.8622114, 54.8712871], [39.8615429, 54.8709078], [39.8592671, 54.870162300000004], [39.8536638, 54.8682427], [39.8504321, 54.865483000000005], [39.84115409999999, 54.8603832], [39.826175, 54.84840390000001], [39.823343099999995, 54.8512738], [39.81943379999999, 54.8536181], [39.819026599999994, 54.8533602], [39.824605399999996, 54.84860119999999], [39.8243611, 54.847780599999986], [39.823220899999995, 54.847804], [39.8204111, 54.849234200000005], [39.818741499999994, 54.8482026], [39.8212663, 54.8465848], [39.825036999999995, 54.843162199999995], [39.8277681, 54.8393615], [39.8277654, 54.8361874], [39.8265601, 54.8346114], [39.8253873, 54.8335232], [39.82317199999999, 54.832191], [39.820248199999995, 54.83110260000001], [39.817275499999994, 54.8305631], [39.814628600000006, 54.830140899999996], [39.8117781, 54.829015], [39.8089276, 54.82786559999999], [39.81006779999999, 54.827466900000005], [39.81149309999999, 54.82751379999999], [39.8134477, 54.82824089999999], [39.817031199999995, 54.8294607], [39.81943379999999, 54.8300236], [39.821714199999995, 54.8303989], [39.82362809999999, 54.83110260000001], [39.82281369999999, 54.829859400000004], [39.8224065, 54.8285928], [39.82204, 54.826364399999996], [39.81756059999999, 54.8239247], [39.81764199999999, 54.8231974], [39.8155652, 54.82275169999999], [39.8149137, 54.822564], [39.8147954, 54.8220574], [39.81361059999999, 54.82117980000001], [39.813578899999996, 54.82050350000001], [39.8135699, 54.82031169999999], [39.813711999999995, 54.8201786], [39.8142214, 54.8197017], [39.8151987, 54.81956099999999], [39.8165018, 54.819255999999996], [39.8169498, 54.818739799999996], [39.81710549999999, 54.81866730000001], [39.8188637, 54.8178482], [39.812266799999996, 54.81876329999999], [39.811872799999996, 54.8187338], [39.8091312, 54.81852859999999], [39.8026157, 54.817942099999996], [39.801523, 54.81793059999999], [39.800376099999994, 54.8179186], [39.790215399999994, 54.8189104], [39.78559409999999, 54.818059399999996], [39.7835173, 54.8176136], [39.7829065, 54.8170505], [39.7809402, 54.81666439999999], [39.780782499999994, 54.81617080000001], [39.78062609999999, 54.81545489999999], [39.779811599999995, 54.8131084], [39.7804289, 54.8101237], [39.7815219, 54.80663140000001], [39.7816034, 54.80419049999999], [39.7823771, 54.8019138], [39.7838366, 54.800409300000005], [39.7852683, 54.7986745], [39.7917425, 54.79379019999999], [39.7936977, 54.789236800000005], [39.78839539999999, 54.7902112], [39.7841362, 54.78999749999999], [39.77634479999999, 54.7889946], [39.767479099999996, 54.78718429999999], [39.7592534, 54.7862686], [39.7559142, 54.78631550000001], [39.7541224, 54.7862686], [39.75123119999999, 54.78554069999999], [39.7466454, 54.78266889999999], [39.7440235, 54.77966980000001], [39.7412942, 54.7768052], [39.7405214, 54.77593550000001], [39.7402364, 54.77231830000001], [39.7383224, 54.77072100000001], [39.7321327, 54.7695465], [39.730422399999995, 54.7696874], [39.7295955, 54.770003800000005], [39.7278516, 54.7706712], [39.7263095, 54.7712613], [39.7258898, 54.7715881], [39.7238662, 54.7731639], [39.7228075, 54.7745497], [39.7232961, 54.7772977], [39.72500649999999, 54.77826069999999], [39.72639099999999, 54.7794115], [39.7295214, 54.7812802], [39.73160339999999, 54.7818304], [39.73229559999999, 54.7825114], [39.732336399999994, 54.7831924], [39.7315626, 54.7833333], [39.7309925, 54.78396740000001], [39.73002189999999, 54.784359200000004], [39.7297709, 54.784460499999994], [39.72801989999999, 54.784789200000006], [39.7259023, 54.7846249], [39.7223595, 54.783122000000006], [39.7175137, 54.77955240000001], [39.7168354, 54.7787863], [39.71469309999999, 54.7763666], [39.7127427, 54.7741636], [39.71149170000001, 54.770931499999996], [39.71044929999999, 54.770420300000005], [39.708520699999994, 54.7703452], [39.705210799999996, 54.7718786], [39.7038035, 54.77338189999999], [39.7038035, 54.7746146], [39.704370600000004, 54.775262000000005], [39.7058884, 54.7768092], [39.70972179999999, 54.7785027], [39.7141157, 54.7804736], [39.7145379, 54.780663000000004], [39.71534059999999, 54.7823603], [39.71186229999999, 54.78467469999999], [39.704370600000004, 54.7845205], [39.7043107, 54.7834905], [39.7025769, 54.78087359999999], [39.6971464, 54.7785027], [39.68965459999999, 54.774799], [39.687781699999995, 54.76955149999999], [39.68671150000001, 54.765538299999996], [39.687781699999995, 54.759208900000004], [39.687514099999994, 54.754577], [39.6808251, 54.740678200000005], [39.6808251, 54.736971], [39.66450379999999, 54.733418], [39.66075789999999, 54.733418], [39.64456499999999, 54.7377474], [39.645617, 54.738967], [39.6481037, 54.7405471], [39.64975119999999, 54.7410083], [39.6361666, 54.745787], [39.62877929999999, 54.7338239], [39.6270682, 54.7283245], [39.61982090000001, 54.7276629], [39.6193064, 54.7231685], [39.630868500000005, 54.71238060000001], [39.624292499999996, 54.708868599999995], [39.6151041, 54.7015106], [39.612338599999994, 54.699355], [39.6122189, 54.69898119999999], [39.6121948, 54.6986395], [39.60976689999999, 54.6972077], [39.607540400000005, 54.6959478], [39.60506509999999, 54.6970451], [39.6008917, 54.6990869], [39.5946799, 54.702224], [39.5929289, 54.7027857], [39.59231439999999, 54.703052], [39.58719369999999, 54.7020571], [39.5799692, 54.69666469999999], [39.5807836, 54.6963117], [39.585161199999995, 54.6931051], [39.58476819999999, 54.6922877], [39.587342299999996, 54.691916299999995], [39.5881359, 54.6917575], [39.5889255, 54.6915561], [39.58963779999999, 54.6913279], [39.5902764, 54.691077299999996], [39.5909384, 54.690777499999996], [39.59150739999999, 54.6904665], [39.5920377, 54.6901175], [39.592498299999995, 54.68977519999999], [39.59291639999999, 54.689374699999995], [39.5932841, 54.6889653], [39.5935821, 54.6885514], [39.5938066, 54.6881173], [39.5939731, 54.6876989], [39.594066000000005, 54.687285], [39.59419369999999, 54.6864772], [39.5959819, 54.68560699999998], [39.5942207, 54.68396899999999], [39.59369289999999, 54.68492289999999], [39.593402, 54.6858425], [39.57174919999999, 54.696627899999996], [39.5678086, 54.69457949999999], [39.5620125, 54.6979171], [39.5625963, 54.6986641], [39.5601777, 54.6997485], [39.5610325, 54.70047139999999], [39.56113680000001, 54.7009533], [39.5605739, 54.70203759999999], [39.55705029999999, 54.703459099999996], [39.5542773, 54.6984834], [39.55523639999999, 54.69766409999999], [39.5515043, 54.6957001], [39.547755599999995, 54.6946205], [39.550005299999995, 54.69316020000001], [39.5458615, 54.6873758], [39.5158597, 54.7029359], [39.508586699999995, 54.706707099999996], [39.5040345, 54.70906730000001], [39.4903419, 54.700155800000005], [39.4847598, 54.697832000000005], [39.4834599, 54.69729079999999], [39.509212, 54.67360890000001], [39.5140739, 54.66938050000001], [39.5217936, 54.66235420000001], [39.5118836, 54.6569354], [39.5046759, 54.6584665], [39.49846850000001, 54.6598993], [39.4918893, 54.663577700000005], [39.48725979999999, 54.6624466], [39.48716559999999, 54.66242359999999], [39.4869694, 54.66236369999999], [39.4827676, 54.661081100000004], [39.479876399999995, 54.659714900000004], [39.4816631, 54.65834389999999], [39.48187179999999, 54.6581838], [39.4831341, 54.65707669999999], [39.4839486, 54.6558753], [39.483256299999994, 54.6493731], [39.4829803, 54.6487271], [39.4823604, 54.647276099999985], [39.4830784, 54.6467381], [39.48798469999999, 54.64306179999999], [39.4880207, 54.6430348], [39.484073599999995, 54.64135], [39.48227899999999, 54.640584], [39.479876399999995, 54.640560399999984], [39.4767816, 54.6400184], [39.473645999999995, 54.6397356], [39.47156919999999, 54.6386987], [39.4691259, 54.638015300000006], [39.4675377, 54.6372847], [39.465664499999995, 54.6370254], [39.4637506, 54.6364362], [39.46041149999999, 54.6276915], [39.460925, 54.62710930000001], [39.4613888, 54.626583499999995], [39.4596785, 54.62561699999999], [39.45715369999999, 54.624744699999994], [39.4547949, 54.62243029999999], [39.4531296, 54.6207964], [39.4418831, 54.61922779999999], [39.430521799999994, 54.6178603], [39.40555940000001, 54.61910989999999], [39.399288199999994, 54.6231652], [39.386746, 54.62934159999999], [39.3554636, 54.621717600000004], [39.3450389, 54.6212083], [39.3434751, 54.618020599999994], [39.34327969999999, 54.6163606], [39.3418463, 54.6129461], [39.342791, 54.612682], [39.34165079999999, 54.610229399999994], [39.34256299999999, 54.604418], [39.3482966, 54.601663], [39.353328899999994, 54.60561189999999], [39.35386729999999, 54.6052294], [39.3537696, 54.6044747], [39.3544863, 54.60375760000001], [39.35595229999999, 54.6037199], [39.36377079999999, 54.597662199999995], [39.3555613, 54.591981199999985], [39.3553333, 54.5893386], [39.354356, 54.5886591], [39.3537338, 54.5866063], [39.3522586, 54.581739199999994], [39.3398733, 54.5798392], [39.337299699999996, 54.5802923], [39.3347912, 54.5811419], [39.326907500000004, 54.58852340000001], [39.31925189999999, 54.58380390000001], [39.317851, 54.58269], [39.316417599999994, 54.58121739999999], [39.3142675, 54.58082089999999], [39.31250839999999, 54.5808021], [39.31172649999999, 54.58099090000001], [39.3091203, 54.580972], [39.3062209, 54.580632099999995], [39.304331399999995, 54.5805944], [39.3030284, 54.58082089999999], [39.30126919999999, 54.5808776], [39.300454699999996, 54.5806699], [39.292859799999995, 54.5727445], [39.2901842, 54.5688669], [39.2896586, 54.5671342], [39.2886422, 54.56572899999999], [39.2844202, 54.5626314], [39.2832995, 54.5627069], [39.28290859999999, 54.5624954], [39.281814, 54.562450000000005], [39.28111030000001, 54.5622082], [39.28027629999999, 54.5622838], [39.2777483, 54.56276739999999], [39.2770968, 54.563009099999995], [39.27641919999999, 54.56267669999999], [39.2754288, 54.5626616], [39.27438639999999, 54.563024199999994], [39.2742039, 54.563417099999995], [39.2734481, 54.563749599999994], [39.2727184, 54.563749599999994], [39.2717224, 54.56421329999999], [39.271180799999996, 54.56465620000001], [39.2712068, 54.5650339], [39.27076379999999, 54.5654117], [39.27016429999999, 54.565426800000004], [39.269617, 54.56574409999999], [39.26935639999999, 54.5662729], [39.2683661, 54.56659019999999], [39.2677406, 54.5672702], [39.2692001, 54.5675572], [39.2692782, 54.5682523], [39.2689655, 54.568494], [39.269095799999995, 54.56899260000001], [39.26943459999999, 54.5692797], [39.2693595, 54.5696669], [39.242954, 54.5789979], [39.2139017, 54.5723521], [39.21232369999999, 54.5578618], [39.196106199999996, 54.556153900000005], [39.16915879999999, 54.5533159], [39.17129659999999, 54.5521646], [39.1708385, 54.5503342], [39.174299899999994, 54.5477362], [39.174299899999994, 54.546200899999995], [39.176997699999994, 54.54369109999999], [39.1774558, 54.5420375], [39.1764378, 54.54144699999999], [39.17959369999999, 54.53672209999999], [39.201620999999996, 54.52385949999999], [39.201278, 54.5233121], [39.2020924, 54.5231644], [39.2018379, 54.522573599999994], [39.2016852, 54.52026920000001], [39.2046375, 54.5066174], [39.2064191, 54.50670610000001], [39.20906599999999, 54.5090999], [39.2106948, 54.5097796], [39.21161109999999, 54.51004559999999], [39.2127818, 54.5105184], [39.2154796, 54.5124687], [39.218432, 54.5124687], [39.22255499999999, 54.5137394], [39.22382759999999, 54.5137985], [39.2254055, 54.51424170000001], [39.226678099999994, 54.51409399999999], [39.2276961, 54.5137985], [39.22876509999999, 54.51418259999999], [39.229325, 54.51335519999999], [39.2294268, 54.5124687], [39.2288669, 54.5111094], [39.2394545, 54.50818379999999], [39.236671699999995, 54.49683129999999], [39.21204649999999, 54.4767815], [39.20906599999999, 54.4785904], [39.2060628, 54.4794777], [39.202855899999996, 54.47681589999999], [39.2014307, 54.4764019], [39.20081979999999, 54.4758695], [39.20041259999999, 54.47507089999999], [39.196269799999996, 54.4727393], [39.1880943, 54.4785609], [39.1814262, 54.4817252], [39.1656974, 54.47791019999999], [39.169246, 54.47476040000001], [39.1452857, 54.470959500000006], [39.135766999999994, 54.4845404], [39.1286407, 54.48401989999999], [39.1208221, 54.4845167], [39.12074069999999, 54.4867403], [39.121717999999994, 54.487757499999994], [39.12090359999999, 54.48905849999999], [39.12102579999999, 54.49076149999999], [39.1146325, 54.49350510000001], [39.113614399999996, 54.49665050000001], [39.112392799999995, 54.4987316], [39.1143474, 54.4995356], [39.113858699999994, 54.5020658], [39.102701, 54.5109794], [39.10046129999999, 54.51031739999999], [39.0966742, 54.5117832], [39.0965113, 54.5176219], [39.09626699999999, 54.5192056], [39.090118000000004, 54.51665280000001], [39.0863309, 54.515636399999984], [39.0849871, 54.51873280000001], [39.0875526, 54.521710899999995], [39.0901587, 54.5233417], [39.0923984, 54.52438149999999], [39.09341649999999, 54.5263194], [39.093783, 54.52927329999999], [39.0930907, 54.5300531], [39.09288709999999, 54.53184890000001], [39.0899551, 54.5320143], [39.0697572, 54.5335501], [39.0694314, 54.53239239999999], [39.0652371, 54.532037900000006], [39.068902, 54.5262958], [39.0653592, 54.52492509999999], [39.064259799999995, 54.52646119999999], [39.0616129, 54.5252323], [39.0616536, 54.5247597], [39.0635268, 54.5229163], [39.061002, 54.52133280000001], [39.0594139, 54.5225854], [39.058273699999994, 54.52440519999999], [39.054568, 54.52561039999999], [39.05407929999999, 54.526484799999984], [39.05297989999999, 54.5269102], [39.0500886, 54.5271229], [39.0480118, 54.526154000000005], [39.040966999999995, 54.52483059999999], [39.04003039999999, 54.52565769999999], [39.0355103, 54.52719379999999], [39.0340036, 54.5276664], [39.02919839999999, 54.52570500000001], [39.0280582, 54.5259649], [39.0267144, 54.52542139999999], [39.0265108, 54.5244288], [39.02150199999999, 54.5260358], [39.02178709999999, 54.5353931], [39.00912189999999, 54.53838660000001], [39.0031696, 54.5397933], [38.99082589999999, 54.542229500000005], [38.9900624, 54.5453298], [38.988344399999995, 54.54676920000001], [38.98719909999999, 54.546584700000004], [38.9861811, 54.548024000000005], [38.9827452, 54.5496847], [38.9843359, 54.5525631], [38.98579929999999, 54.5536701], [38.986881, 54.5536701], [38.9875173, 54.5541129], [38.983317799999995, 54.55809790000001], [38.982427, 54.5582086], [38.9810272, 54.5574707], [38.97943659999999, 54.55736], [38.97924569999999, 54.5582086], [38.9778459, 54.55861449999999], [38.97676419999999, 54.558171699999995], [38.971419499999996, 54.5530797], [38.9556398, 54.55599480000001], [38.95284019999999, 54.5551092], [38.9488953, 54.5560686], [38.9463502, 54.55337490000001], [38.9410691, 54.55263690000001], [38.9329248, 54.5539284], [38.926562, 54.556991], [38.9181632, 54.554666399999995], [38.90798899999999, 54.5526577], [38.90915609999999, 54.55107079999999], [38.91001119999999, 54.551283399999996], [38.915305, 54.54852], [38.913798299999996, 54.547150099999996], [38.91066279999999, 54.54674860000001], [38.91147719999999, 54.5418353], [38.91001119999999, 54.5412447], [38.9100519, 54.5426857], [38.9083416, 54.543418], [38.9077715, 54.542803799999994], [38.9058576, 54.5418589], [38.9017496, 54.5407628], [38.8961984, 54.5388426], [38.8954948, 54.53922059999999], [38.893227399999994, 54.53923569999999], [38.8862428, 54.5409744], [38.88376689999999, 54.53934159999999], [38.881707999999996, 54.5367107], [38.867623, 54.53175130000001], [38.8640004, 54.54173089999999], [38.8628016, 54.5422903], [38.8622804, 54.542245], [38.862097899999995, 54.5427136], [38.8593614, 54.54374169999999], [38.8545921, 54.54227519999999], [38.8549049, 54.5414739], [38.851595, 54.5414739], [38.8504149, 54.54124409999999], [38.848195, 54.54215190000001], [38.8471893, 54.542728200000006], [38.8465253, 54.5429835], [38.84448189999999, 54.54314299999999], [38.84319479999999, 54.5430934], [38.8410815, 54.5431197], [38.8377927, 54.5427361], [38.8342741, 54.5423131], [38.8305466, 54.5416506], [38.8275558, 54.54115920000001], [38.8259452, 54.540857100000004], [38.82362109999999, 54.540417], [38.8222416, 54.540274299999986], [38.8199393, 54.53966079999999], [38.81676070000001, 54.5386497], [38.815608499999996, 54.5381996], [38.8142963, 54.5378699], [38.8137719, 54.53779910000001], [38.812893499999994, 54.53768039999999], [38.8099996, 54.537748300000004], [38.808944000000004, 54.537871], [38.8077753, 54.5382475], [38.80681649999999, 54.53900329999999], [38.806273499999996, 54.540058], [38.8052455, 54.540780500000004], [38.80400689999999, 54.5410572], [38.8028154, 54.5414603], [38.8002779, 54.5430734], [38.79804099999999, 54.54497899999999], [38.79786279999999, 54.5456993], [38.7975301, 54.54726659999999], [38.7978118, 54.548025800000005], [38.79751829999999, 54.54870639999999], [38.7974548, 54.5494199], [38.79722979999999, 54.550047], [38.7970105, 54.551414], [38.79719980000001, 54.55213349999999], [38.7986141, 54.55376290000001], [38.800835899999996, 54.5557902], [38.802385199999996, 54.556985999999995], [38.804441, 54.55842059999999], [38.8055867, 54.5592009], [38.8075431, 54.561105], [38.80987139999999, 54.5620167], [38.81113969999999, 54.5622825], [38.81295849999999, 54.5627672], [38.8170583, 54.5635025], [38.81964039999999, 54.5644011], [38.8214166, 54.5648368], [38.8238257, 54.565233899999996], [38.8247621, 54.56616139999999], [38.825062499999994, 54.5667481], [38.8243951, 54.5677047], [38.823471299999994, 54.5682948], [38.8232654, 54.568907299999985], [38.8236886, 54.56904069999999], [38.82436909999999, 54.56878059999999], [38.825416399999995, 54.5686932], [38.8263845, 54.568372200000006], [38.82718229999999, 54.56785589999999], [38.8276816, 54.5669977], [38.828732, 54.5664317], [38.829788799999996, 54.56661230000001], [38.8312734, 54.567464799999996], [38.83268189999999, 54.5681965], [38.8330541, 54.5683899], [38.8342854, 54.569218499999984], [38.8343309, 54.569610100000006], [38.83403229999999, 54.570060999999995], [38.83354539999999, 54.570294499999996], [38.8319609, 54.5712842], [38.831309999999995, 54.572492], [38.83089989999999, 54.5731397], [38.83076779999999, 54.5732435], [38.8300616, 54.573704], [38.8296234, 54.5739191], [38.827373099999996, 54.57548049999999], [38.8261497, 54.576331200000006], [38.824686699999994, 54.57734839999999], [38.8230071, 54.578466799999994], [38.8226318, 54.57903089999999], [38.8227215, 54.5796671], [38.8228731, 54.579974], [38.8234945, 54.58123160000001], [38.82405299999999, 54.5819505], [38.8242629, 54.582220799999995], [38.8259161, 54.5829995], [38.827818799999996, 54.58328780000001], [38.8301423, 54.583415800000004], [38.8323391, 54.583531900000004], [38.8332701, 54.583774], [38.835904199999995, 54.5856267], [38.83684300000001, 54.58675], [38.8369755, 54.5874228], [38.8365657, 54.58886819999999], [38.8350199, 54.59081869999999], [38.833725099999995, 54.5925115], [38.833317699999995, 54.5942629], [38.8325895, 54.5980102], [38.8324255, 54.59918289999999], [38.8318402, 54.60076990000001], [38.82840869999999, 54.60424830000001], [38.8267557, 54.6064305], [38.826603, 54.6070536], [38.8268334, 54.607859], [38.827495899999995, 54.608368999999996], [38.82887029999999, 54.6090221], [38.8313365, 54.609610999999994], [38.8360601, 54.6109343], [38.8371187, 54.611573], [38.838418499999996, 54.6127114], [38.8382938, 54.61317819999999], [38.8382592, 54.6133078], [38.83840889999999, 54.61386130000001], [38.838939999999994, 54.6144022], [38.83918260000001, 54.6150509], [38.84038159999999, 54.6166785], [38.8426206, 54.6182878], [38.843412699999995, 54.6193039], [38.843637, 54.61988910000001], [38.843941799999996, 54.62106099999999], [38.8434395, 54.6215656]]]]}}, {"type": "Feature", "properties": {"id": "mo-61646000", "name": "Спасский муниципальный район", "region": "Рязанская область", "isCity": false, "sourceOktmo": "61-646-000-000", "sourceAgg": "Рязань", "excelNames": ["Спасский муниципальный район"], "oktmo": "61646000", "vgp": [{"year": 2019, "value": 5874234.077925993}, {"year": 2020, "value": 5513656.833992359}, {"year": 2021, "value": 6686125.795360099}, {"year": 2022, "value": 8391142.358153734}, {"year": 2023, "value": 9013745.250351744}, {"year": 2024, "value": 9525429.193951337}], "population": [{"year": 2019, "value": 25544.0}, {"year": 2020, "value": 25508.0}, {"year": 2021, "value": 25383.0}, {"year": 2022, "value": 24527.0}, {"year": 2023, "value": 24474.0}, {"year": 2024, "value": 24415.0}, {"year": 2025, "value": 24341.0}], "shipments": [{"year": 2019, "value": 3028290.1}, {"year": 2020, "value": 2479880.7}, {"year": 2021, "value": 3060252.3}, {"year": 2022, "value": 3207838.6}, {"year": 2023, "value": 4408302.7}, {"year": 2024, "value": 3937285.6}], "employees": [{"year": 2019, "value": 3558.0}, {"year": 2020, "value": 3360.0}, {"year": 2021, "value": 3283.0}, {"year": 2022, "value": 3231.0}, {"year": 2023, "value": 3193.0}, {"year": 2024, "value": 3087.0}], "investments": [{"year": 2019, "value": 1123560.0}, {"year": 2020, "value": 1051180.0}, {"year": 2021, "value": 1055369.0}, {"year": 2022, "value": 528776.0}, {"year": 2023, "value": 701517.0}, {"year": 2024, "value": 381637.0}], "vgp2024": 9525429.193951337, "pop2024": 24415.0, "ship2024": 3937285.6, "emp2024": 3087.0, "inv2024": 381637.0}, "geometry": {"type": "MultiPolygon", "coordinates": [[[[41.002868899999996, 54.7794145], [41.00153889999999, 54.77928800000001], [41.0004217, 54.7790625], [40.9996396, 54.7787611], [40.9982759, 54.7780713], [40.99741499999999, 54.7776676], [40.9967841, 54.7771578], [40.996468699999994, 54.7766328], [40.99625509999999, 54.776087000000004], [40.9964555, 54.77464849999999], [40.996373399999996, 54.773869499999996], [40.9962682, 54.7734335], [40.9969155, 54.7731871], [40.997178399999996, 54.7729881], [40.99760559999999, 54.77261850000001], [40.99840079999999, 54.77219959999999], [40.9992683, 54.7716044], [40.9998631, 54.770961799999995], [41.0004414, 54.7707382], [41.0027909, 54.7707685], [41.0032542, 54.7708083], [41.0035532, 54.77085], [41.0057253, 54.7707628], [41.00702, 54.7707761], [41.00893239999999, 54.77080260000001], [41.01061479999999, 54.770774200000005], [41.011991699999996, 54.77071159999999], [41.0122578, 54.7706529], [41.012405699999995, 54.7705998], [41.0127705, 54.77029650000001], [41.0132962, 54.7696027], [41.01373319999999, 54.76873650000001], [41.013907399999994, 54.76813739999999], [41.0139928, 54.76755930000001], [41.0140027, 54.767483399999996], [41.0138417, 54.766579199999995], [41.01362199999999, 54.76624089999999], [41.0136081, 54.7662208], [41.01319029999999, 54.76583310000001], [41.0125955, 54.76549379999999], [41.0118036, 54.76494780000001], [41.011005100000006, 54.7645402], [41.0109328, 54.764489], [41.010390599999994, 54.7642141], [41.0095691, 54.763725], [41.0090532, 54.76348229999999], [41.00868189999999, 54.7632169], [41.0082909, 54.763050099999994], [41.007929399999995, 54.762799799999996], [41.0073675, 54.762523], [41.007278799999995, 54.7622917], [41.0067793, 54.7621154], [41.0059972, 54.7615485], [41.00555359999999, 54.76112189999999], [41.004623699999996, 54.7597776], [41.00415379999999, 54.758841000000004], [41.0039698, 54.75834989999999], [41.0037693, 54.7574606], [41.00372, 54.75673439999999], [41.003680599999996, 54.7558527], [41.0037825, 54.7546978], [41.0039238, 54.7542332], [41.0045087, 54.7532377], [41.004834, 54.75257589999999], [41.0054353, 54.751841899999995], [41.0055898, 54.751405799999986], [41.0061287, 54.7508255], [41.0061977, 54.75055999999999], [41.0063916, 54.750285], [41.0081758, 54.748936499999985], [41.008534, 54.7486084], [41.0090203, 54.74826900000001], [41.0092076, 54.748043300000006], [41.01008169999999, 54.7476317], [41.010495799999994, 54.7473965], [41.0106633, 54.747296], [41.010798099999995, 54.7468655], [41.01101489999999, 54.74653360000001], [41.01125809999999, 54.74630969999999], [41.0116951, 54.7460575], [41.012966799999994, 54.74554539999999], [41.0144455, 54.7452135], [41.01581250000001, 54.7450447], [41.017222200000006, 54.7448095], [41.0184019, 54.7446539], [41.01968999999999, 54.7445894], [41.0210931, 54.744481300000004], [41.0228478, 54.7445136], [41.0238533, 54.7445743], [41.0251447, 54.7447298], [41.0261042, 54.74490049999999], [41.026879699999995, 54.7451224], [41.0290189, 54.7458166], [41.03156549999999, 54.7461694], [41.0317101, 54.7458356], [41.03179229999999, 54.7451091], [41.0316641, 54.7447127], [41.0313092, 54.7441589], [41.0308952, 54.74362399999999], [41.030376, 54.7431043], [41.0294428, 54.7425295], [41.0283157, 54.7419737], [41.02676799999999, 54.74136860000001], [41.0256245, 54.74095319999999], [41.022644099999994, 54.7397695], [41.02030439999999, 54.7385592], [41.0193778, 54.7379237], [41.0176198, 54.7366109], [41.01665700000001, 54.73592229999999], [41.0128912, 54.73252430000001], [41.0097531, 54.73064209999999], [41.0071547, 54.72665729999999], [41.0042491, 54.7249791], [41.0020081, 54.72400369999999], [41.00004959999999, 54.723700099999995], [40.9990967, 54.7236356], [40.9980846, 54.72359759999999], [40.9966585, 54.7235027], [40.995245499999996, 54.7235065], [40.9945555, 54.723593799999996], [40.9933133, 54.72374189999999], [40.9910132, 54.7239089], [40.98944900000001, 54.7238671], [40.98883779999999, 54.72380259999999], [40.98778299999999, 54.72359], [40.9867611, 54.723527399999995], [40.986179500000006, 54.723449599999995], [40.9850524, 54.7231137], [40.9841619, 54.7228101], [40.9828146, 54.722206599999986], [40.98402709999999, 54.72144740000001], [40.981893, 54.7199953], [40.9786235, 54.7166366], [40.9779071, 54.71428350000001], [40.9789748, 54.712558599999994], [40.9810347, 54.7102777], [40.9844679, 54.7089885], [40.98702200000001, 54.70881829999999], [40.988931099999995, 54.708690999999995], [40.992536, 54.70928599999999], [40.99513559999999, 54.7110698], [40.9982835, 54.7144551], [40.9999806, 54.71559669999999], [41.001790199999995, 54.7165558], [41.003084799999996, 54.71699410000001], [41.006308, 54.71750099999999], [41.013307, 54.71583089999999], [41.017770199999994, 54.71335189999999], [41.0201722, 54.70901560000001], [41.0205168, 54.7083935], [41.018285199999994, 54.7026409], [41.0064406, 54.6913317], [41.00111909999999, 54.684385899999995], [41.0009052, 54.683693399999996], [40.999402499999995, 54.67882839999999], [40.9982791, 54.67716999999999], [40.99869259999999, 54.6750708], [41.0000163, 54.673416], [41.00253829999999, 54.67132669999999], [41.0050782, 54.670085499999985], [41.0092279, 54.669226999999985], [41.0147371, 54.6694752], [41.0292075, 54.6718853], [41.0338759, 54.672216199999994], [41.03764999999999, 54.671678400000005], [41.03931059999999, 54.6709058], [41.03999319999999, 54.67010619999999], [41.04086959999999, 54.66778920000001], [41.03972490000001, 54.665947900000006], [41.036702, 54.6639927], [41.03310679999999, 54.66269950000001], [41.025915, 54.6618616], [41.0212353, 54.6616677], [41.016056, 54.6617335], [41.0146774, 54.6618872], [41.01357699999999, 54.6624066], [41.0129762, 54.6629662], [41.01192639999999, 54.6636685], [41.010181, 54.66431589999999], [41.007706899999995, 54.6652795], [41.00544779999999, 54.6665228], [41.0045557, 54.6668615], [41.002246099999994, 54.6671475], [40.99924229999999, 54.66761559999999], [40.996902899999995, 54.667610599999996], [40.99527079999999, 54.66814200000001], [40.9935556, 54.6682964], [40.9916084, 54.668309], [40.9887118, 54.66813689999999], [40.984991, 54.667347199999995], [40.97968759999999, 54.66595070000001], [40.9767184, 54.66373170000001], [40.9741682, 54.65569719999999], [40.97227999999999, 54.648248699999996], [40.97294409999999, 54.647040999999994], [40.9734816, 54.6460635], [40.9772582, 54.64447419999999], [40.981893, 54.6437789], [40.98978939999999, 54.6447722], [40.9982008, 54.64566620000001], [41.0069927, 54.6469426], [41.0143956, 54.6471047], [41.0188342, 54.6460257], [41.019855, 54.6444497], [41.020628099999996, 54.64184410000001], [41.0207933, 54.6406934], [41.020029599999994, 54.6360905], [41.0190044, 54.6315308], [41.0180894, 54.62781110000001], [41.0172362, 54.6259272], [41.0169335, 54.6246845], [41.0168716, 54.6234377], [41.017050499999996, 54.62242599999999], [41.017655899999994, 54.6209043], [41.0186604, 54.6191436], [41.019355299999994, 54.6179803], [41.0205966, 54.6164585], [41.02224079999999, 54.614464500000004], [41.022687999999995, 54.61249420000001], [41.0239967, 54.611141800000006], [41.0245708, 54.6103755], [41.02501349999999, 54.609302], [41.02518859999999, 54.608592], [41.026151899999995, 54.607081699999995], [41.0263806, 54.6066253], [41.0263173, 54.6062505], [41.025884299999994, 54.605701], [41.02483349999999, 54.6049402], [41.0237437, 54.60429779999998], [41.0210437, 54.603336799999994], [41.018703599999995, 54.6027169], [41.0172539, 54.6025393], [41.0155268, 54.6025196], [41.013809499999994, 54.602657699999995], [41.0116591, 54.60308319999999], [41.0095477, 54.603706], [41.0074655, 54.6045654], [41.0047411, 54.60608989999999], [41.0023621, 54.6076115], [41.0016665, 54.608237], [41.0005767, 54.6095753], [40.999837199999995, 54.6103051], [40.9986064, 54.611203800000006], [40.9971907, 54.61207999999999], [40.9955852, 54.61280409999999], [40.9941792, 54.61323230000001], [40.9929581, 54.613406999999995], [40.9918538, 54.613406999999995], [40.9908565, 54.613522499999995], [40.9895429, 54.6134183], [40.988102899999994, 54.61295619999999], [40.9872077, 54.612328], [40.9867553, 54.6115757], [40.9865607, 54.6105361], [40.9866677, 54.60896959999999], [40.98722719999999, 54.60756069999999], [40.9879326, 54.6060194], [40.9880591, 54.6048698], [40.987825599999994, 54.60391169999998], [40.9873148, 54.6031706], [40.9859623, 54.6017869], [40.985106099999996, 54.60060899999999], [40.984546599999994, 54.59937740000001], [40.98420599999999, 54.59846710000001], [40.9839676, 54.5969424], [40.9839628, 54.595815], [40.984215799999994, 54.5952654], [40.984716899999995, 54.5947411], [40.9861109, 54.59393529999999], [40.98743269999999, 54.593389900000005], [40.9896436, 54.592643300000006], [40.991421900000006, 54.592186], [40.9932049, 54.59188850000001], [40.9953255, 54.5917232], [40.9977694, 54.59157449999999], [40.9990913, 54.5913844], [41.0003085, 54.59103170000001], [41.0013355, 54.590549599999996], [41.002291199999995, 54.58992149999999], [41.0028617, 54.5894146], [41.00333249999999, 54.58854399999999], [41.00354169999999, 54.58777250000001], [41.00386499999999, 54.5857833], [41.00433089999999, 54.5839069], [41.00451639999999, 54.5826201], [41.0051583, 54.5800905], [41.00550539999999, 54.5790268], [41.005919, 54.57847840000001], [41.006888999999994, 54.57775639999999], [41.00759269999999, 54.57697650000001], [41.0078447, 54.576348100000004], [41.0080539, 54.5754745], [41.0087291, 54.5745733], [41.009342399999994, 54.57407990000001], [41.011905199999994, 54.57272119999999], [41.0152387, 54.57127579999999], [41.01552529999999, 54.5710565], [41.0160546, 54.570672800000004], [41.017182, 54.5699128], [41.0178968, 54.5692403], [41.0186075, 54.5684612], [41.0190609, 54.5678171], [41.01927739999999, 54.567372], [41.019497900000005, 54.56668290000001], [41.0196532, 54.565652699999994], [41.01958779999999, 54.56512939999999], [41.019306, 54.564416599999994], [41.0188444, 54.5636161], [41.0183706, 54.5630501], [41.01788859999999, 54.562638], [41.01719009999999, 54.56223069999999], [41.0159729, 54.56162440000001], [41.0152826, 54.56138039999999], [41.0147435, 54.5612573], [41.01402869999999, 54.5611744], [41.013293499999996, 54.5611128], [41.011835299999994, 54.5609044], [41.00758319999999, 54.56020569999999], [41.00360479999999, 54.55965390000001], [41.00197909999999, 54.559391], [40.99967540000001, 54.5587325], [40.9969714, 54.557574300000006], [40.995517299999996, 54.556697899999996], [40.9942634, 54.55576229999999], [40.9934179, 54.5549901], [40.99290319999999, 54.5543221], [40.992335399999995, 54.55350479999999], [40.99206589999999, 54.5527752], [40.9919474, 54.55203379999999], [40.99215159999999, 54.551261499999995], [40.9924539, 54.55074979999999], [40.99451249999999, 54.54856319999998], [40.99575419999999, 54.54740940000001], [40.9963669, 54.546793400000006], [40.99717569999999, 54.54607790000001], [40.9984051, 54.545025900000006], [40.9995406, 54.544286699999994], [41.0011255, 54.543549799999994], [41.0031392, 54.54274420000001], [41.0039316, 54.542448], [41.0048996, 54.542163699999996], [41.00606779999999, 54.5419007], [41.0059575, 54.5416566], [41.005014, 54.53957139999999], [41.0030411, 54.5349219], [41.00119899999999, 54.5307862], [40.999009599999994, 54.52593900000001], [40.9981723, 54.524004], [40.9966589, 54.519643899999984], [40.9962545, 54.518666499999995], [40.9954429, 54.5167855], [40.9960812, 54.51542250000001], [40.9944234, 54.514937999999994], [40.98869179999999, 54.513043], [40.9809525, 54.51057290000001], [40.98332, 54.5050099], [40.9845903, 54.5019148], [40.98511309999999, 54.500768], [40.98578710000001, 54.4995287], [40.989634699999996, 54.49122359999999], [40.991072499999994, 54.48814169999999], [40.99152999999999, 54.48714869999999], [40.9932026, 54.4835148], [40.9939787, 54.4816841], [40.9949597, 54.47967770000001], [40.99533039999999, 54.4787705], [40.9957218, 54.478338300000004], [40.996032299999996, 54.47795909999999], [40.99615789999999, 54.4777242], [40.99618679999999, 54.4775765], [40.996168, 54.4773818], [40.99606839999999, 54.4771351], [40.996136199999995, 54.4769245], [40.9963413, 54.476771], [40.99643369999999, 54.476663599999995], [40.99646119999999, 54.4764781], [40.9963933, 54.4762155], [40.9964294, 54.475933600000005], [40.996562299999994, 54.47571789999999], [40.99685829999999, 54.47548720000001], [40.9971688, 54.4753202], [40.9973637, 54.47528330000001], [40.9975544, 54.4753378], [40.9976165, 54.4754318], [40.9977204, 54.475498099999996], [40.9978692, 54.47548210000001], [40.9983342, 54.4752322], [40.99872119999999, 54.47499559999999], [40.9991024, 54.4746918], [40.9995097, 54.47446689999999], [40.99972629999999, 54.474289], [40.99974069999999, 54.474101], [40.9995848, 54.4739013], [40.9990013, 54.47349019999999], [40.9982042, 54.4731109], [40.99787779999999, 54.472744999999996], [40.99753989999999, 54.471870599999995], [40.9975283, 54.4713368], [40.9977681, 54.470769499999996], [40.9981782, 54.4702593], [40.99875579999999, 54.4698061], [40.99913419999999, 54.4695997], [40.9997552, 54.469405], [41.000110400000004, 54.469275700000004], [41.0003761, 54.46910119999999], [41.0009133, 54.46864629999999], [41.0031604, 54.4670718], [41.003998, 54.46656489999999], [41.0048385, 54.46605129999999], [41.0067736, 54.4646815], [41.00739169999999, 54.4640889], [41.0077469, 54.463741399999996], [41.00829279999999, 54.46329490000001], [41.008492100000005, 54.462962499999996], [41.00648519999999, 54.4587526], [41.0045559, 54.456162000000006], [41.0057866, 54.4546949], [41.001959899999996, 54.45420330000001], [40.9965785, 54.45372989999999], [40.9947262, 54.45347919999999], [40.992235199999996, 54.4529501], [40.9858331, 54.4511268], [40.9851688, 54.45261709999999], [40.9846429, 54.4547947], [40.980086299999996, 54.46301889999999], [40.974487399999994, 54.464772200000006], [40.9734212, 54.46512400000001], [40.9731005, 54.465536400000005], [40.97207409999999, 54.46630819999999], [40.9715428, 54.4668397], [40.9704614, 54.4676634], [40.96726449999999, 54.46949369999999], [40.9657447, 54.4702005], [40.9639518, 54.4709458], [40.9603982, 54.47190059999999], [40.9598878, 54.472018600000006], [40.9585464, 54.47215309999999], [40.9564215, 54.47252460000001], [40.9553154, 54.4727341], [40.9540916, 54.472881799999996], [40.9534086, 54.4729171], [40.9522285, 54.4728366], [40.9514373, 54.4727087], [40.950111099999994, 54.472337200000005], [40.949815099999995, 54.4722214], [40.9496842, 54.47209019999999], [40.949086599999994, 54.47178699999999], [40.9485743, 54.4714452], [40.9479048, 54.47080139999999], [40.9477089, 54.470520699999994], [40.9473588, 54.4694316], [40.946966999999994, 54.468825800000005], [40.946681299999995, 54.4681592], [40.9466209, 54.4675308], [40.9468168, 54.4669335], [40.9468302, 54.4666887], [40.94687979999999, 54.4665172], [40.947046199999996, 54.466401], [40.94739229999999, 54.4663105], [40.94780289999999, 54.4661445], [40.948045699999994, 54.4659433], [40.9480618, 54.465781899999996], [40.94793839999999, 54.4656603], [40.9477478, 54.4655917], [40.947535900000005, 54.4656033], [40.9470864, 54.4657577], [40.94683289999999, 54.4657905], [40.94663299999999, 54.46576089999999], [40.9463955, 54.46562440000001], [40.94611389999999, 54.46551339999999], [40.9456339, 54.465440699999995], [40.944135, 54.4653348], [40.9439852, 54.46525319999999], [40.9441161, 54.4651672], [40.94457899999999, 54.4650635], [40.94550869999999, 54.4649985], [40.94610250000001, 54.46502160000001], [40.946542699999995, 54.4651198], [40.9472086, 54.46538439999999], [40.947586199999996, 54.4654605], [40.940966599999996, 54.4603922], [40.9406061, 54.46019150000001], [40.94026079999999, 54.459995199999994], [40.93944499999999, 54.460277500000004], [40.9377108, 54.4604055], [40.9361814, 54.4603184], [40.9351, 54.46011089999999], [40.9336757, 54.4597038], [40.9342607, 54.463693199999994], [40.93445119999999, 54.46475989999999], [40.9353581, 54.47092399999998], [40.9356156, 54.4721963], [40.9356639, 54.47303980000001], [40.93567199999999, 54.475015199999994], [40.92809, 54.4759071], [40.9197942, 54.47683629999999], [40.91781, 54.471797], [40.916540899999994, 54.46779750000001], [40.91646839999999, 54.4674841], [40.9161733, 54.4667402], [40.91575199999999, 54.46548489999999], [40.91543539999999, 54.4645633], [40.9149068, 54.463045900000004], [40.9147753, 54.462704300000006], [40.9140536, 54.460772000000006], [40.9140106, 54.46065819999999], [40.91272669999999, 54.457294899999994], [40.9121841, 54.4574007], [40.9113189, 54.4576698], [40.90999080000001, 54.458159499999994], [40.908142899999994, 54.45902860000001], [40.90473159999999, 54.46025269999999], [40.9033883, 54.460678400000006], [40.9017984, 54.46126509999999], [40.90066949999999, 54.4616048], [40.900079399999996, 54.4616732], [40.89961859999999, 54.460463199999985], [40.89625999999999, 54.46079459999999], [40.8961533, 54.46079110000001], [40.8954464, 54.46014480000001], [40.8931659, 54.46063440000001], [40.891249599999995, 54.461038], [40.8911016, 54.46164679999999], [40.8895313, 54.46254869999999], [40.8898178, 54.4628354], [40.8898045, 54.4628861], [40.8893693, 54.4640633], [40.887946299999996, 54.4652962], [40.886398099999994, 54.46427059999999], [40.887740799999996, 54.462686500000004], [40.884774, 54.4634083], [40.884037899999996, 54.463611199999995], [40.883207, 54.4660571], [40.8816209, 54.4668355], [40.8806912, 54.46726999999999], [40.87709019999999, 54.4689857], [40.8767221, 54.469806], [40.8703003, 54.4710773], [40.8693934, 54.4710539], [40.8669249, 54.470957099999985], [40.86402399999999, 54.47060049999999], [40.8632006, 54.469691999999995], [40.86162209999999, 54.469149499999986], [40.85571769999999, 54.466540699999996], [40.8537407, 54.4649749], [40.85059689999999, 54.46442129999999], [40.8472824, 54.4650929], [40.8459847, 54.4639163], [40.84541519999999, 54.4633081], [40.8450611, 54.462809], [40.8443218, 54.462075999999996], [40.8439368, 54.461562099999995], [40.8436376, 54.46101389999999], [40.8432794, 54.4600836], [40.8431842, 54.4595104], [40.8433143, 54.458361], [40.8435263, 54.4574485], [40.84381470000001, 54.4569954], [40.8442226, 54.456111], [40.8444694, 54.45566959999999], [40.8446022, 54.45536619999999], [40.8444976, 54.4552055], [40.844360800000004, 54.45494119999999], [40.8439489, 54.4546713], [40.843795899999996, 54.4544755], [40.84379189999999, 54.4541987], [40.8437208, 54.454031799999996], [40.843455199999994, 54.45389600000001], [40.8429776, 54.45378759999999], [40.842528099999996, 54.4534047], [40.84060950000001, 54.4517819], [40.83864549999999, 54.4494388], [40.8385542, 54.4492734], [40.837700999999996, 54.44693639999999], [40.8365043, 54.4454074], [40.8349373, 54.4434353], [40.8345456, 54.4432418], [40.8321307, 54.442084], [40.8316531, 54.441849999999995], [40.8297696, 54.440954299999994], [40.82738689999999, 54.4397934], [40.8221601, 54.43730289999999], [40.821704, 54.437065699999984], [40.8197774, 54.43612629999999], [40.8174055, 54.434962099999986], [40.8149585, 54.43379469999999], [40.81257049999999, 54.43262419999999], [40.8102415, 54.4314412], [40.8100644, 54.4313569], [40.8088784, 54.43076379999999], [40.80628649999999, 54.42963699999999], [40.80609869999999, 54.42956199999999], [40.80518099999999, 54.4291406], [40.7993371, 54.426115599999996], [40.79756079999999, 54.4252009], [40.79738369999999, 54.4251104], [40.7915023, 54.4220508], [40.7886084, 54.4212062], [40.787556599999995, 54.4212936], [40.7853993, 54.421374799999995], [40.7842885, 54.421421599999995], [40.7821151, 54.4216932], [40.7803174, 54.4218712], [40.7788256, 54.4220273], [40.7781494, 54.4221054], [40.7771996, 54.422224], [40.7769903, 54.422283300000004], [40.77570769999999, 54.422760999999994], [40.77338949999999, 54.423625799999996], [40.77049699999999, 54.42472480000001], [40.76877439999999, 54.4254085], [40.767921199999996, 54.425658199999994], [40.7670143, 54.4258893], [40.7667084, 54.42593299999999], [40.7655117, 54.4258518], [40.7639608, 54.425652], [40.7614101, 54.425322300000005], [40.758505799999995, 54.424976], [40.758483, 54.4249924], [40.758194599999996, 54.424942400000006], [40.7580819, 54.424944], [40.75584549999999, 54.4246185], [40.756065299999996, 54.4265411], [40.75607949999999, 54.4268115], [40.75608429999999, 54.4274959], [40.7549568, 54.4274959], [40.75451679999999, 54.42748960000001], [40.7544027, 54.427494299999985], [40.753261, 54.4274904], [40.7529755, 54.42749200000001], [40.75121, 54.427479500000004], [40.7505714, 54.427479500000004], [40.7482209, 54.427442], [40.74482939999999, 54.4274077], [40.7446953, 54.427388900000004], [40.743724, 54.4272235], [40.7433591, 54.427161], [40.7413306, 54.4268208], [40.73996749999999, 54.42655849999999], [40.7389801, 54.42638369999999], [40.7367477, 54.42595910000001], [40.7327874, 54.42498509999999], [40.725403299999996, 54.424011], [40.7159693, 54.4228496], [40.70829549999999, 54.421887999999996], [40.7032417, 54.421241699999996], [40.7031585, 54.421220600000005], [40.6982786, 54.42069449999999], [40.6925206, 54.4205977], [40.6911092, 54.420600799999995], [40.680650299999996, 54.42045409999999], [40.68018339999999, 54.42045099999999], [40.67395299999999, 54.420517099999984], [40.6708566, 54.419082], [40.669832099999994, 54.4187332], [40.6677147, 54.419753199999995], [40.6661438, 54.41856099999999], [40.6626384, 54.41575580000001], [40.6625525, 54.4142007], [40.6625311, 54.41246129999999], [40.66254719999999, 54.410759299999995], [40.6642751, 54.408872900000006], [40.6653537, 54.407683], [40.6677901, 54.4075518], [40.6674949, 54.4067897], [40.66645919999999, 54.4046095], [40.6654342, 54.4022793], [40.6652035, 54.401820099999995], [40.6648439, 54.4009517], [40.6645005, 54.400152000000006], [40.66431209999999, 54.39971810000001], [40.664144199999996, 54.399339499999996], [40.6636722, 54.39825869999999], [40.6635778, 54.3968237], [40.6636407, 54.3958863], [40.66367739999999, 54.394555], [40.66368789999999, 54.3921671], [40.668895899999995, 54.3864931], [40.66903229999999, 54.3863404], [40.6721004, 54.3832678], [40.6724623, 54.3829135], [40.6738155, 54.381545199999984], [40.6740777, 54.381255], [40.6767522, 54.3785022], [40.67516489999999, 54.3743506], [40.6680486, 54.3726294], [40.666643099999995, 54.3721801], [40.6651262, 54.371834500000006], [40.66195539999999, 54.3711453], [40.6559846, 54.37058139999999], [40.6519794, 54.36992899999999], [40.6491901, 54.3671287], [40.6483195, 54.3660256], [40.6475275, 54.364797300000006], [40.6473676, 54.3645757], [40.646169199999996, 54.3627163], [40.645444499999996, 54.361622999999994], [40.6378167, 54.36462409999999], [40.6319601, 54.3677968], [40.6255975, 54.37089339999999], [40.62287529999999, 54.3722457], [40.6195217, 54.374240199999996], [40.6168038, 54.37567810000001], [40.61316839999999, 54.3770212], [40.6101944, 54.37784390000001], [40.6064586, 54.37844280000001], [40.60235229999999, 54.37891270000001], [40.5980764, 54.3792293], [40.5934716, 54.379362400000005], [40.5899851, 54.379197], [40.5870075, 54.3787151], [40.5826, 54.37784589999999], [40.57955319999999, 54.3775253], [40.576271, 54.3774991], [40.5730441, 54.3777612], [40.569187199999995, 54.37862230000001], [40.5660157, 54.37980399999999], [40.5641599, 54.3806085], [40.56271269999999, 54.3813909], [40.5609745, 54.38248269999999], [40.564659299999995, 54.384260700000006], [40.572539899999995, 54.38816589999999], [40.5709868, 54.3891215], [40.5701713, 54.389488], [40.5694539, 54.3899195], [40.56878389999999, 54.3905302], [40.5704217, 54.39146809999999], [40.5747172, 54.39378079999999], [40.57504209999999, 54.3956031], [40.567858199999996, 54.3932213], [40.56006059999999, 54.390565599999995], [40.5586322, 54.39011839999999], [40.5579766, 54.3900195], [40.5571463, 54.3899094], [40.554992799999994, 54.3896196], [40.5555068, 54.388416299999996], [40.556215, 54.3872195], [40.55538649999999, 54.386717299999994], [40.555250599999994, 54.386634900000004], [40.5548663, 54.38654199999999], [40.5541305, 54.3864312], [40.5534554, 54.386374999999994], [40.5528889, 54.386143399999995], [40.55240669999999, 54.38610130000001], [40.5519487, 54.3863048], [40.5514424, 54.386354000000004], [40.55110479999999, 54.3865575], [40.5505503, 54.3864873], [40.5502008, 54.3863329], [40.5501284, 54.38619949999999], [40.5499235, 54.3861083], [40.549899399999994, 54.385932799999985], [40.5500923, 54.385623900000006], [40.5500923, 54.3854274], [40.5501526, 54.385294], [40.55061059999999, 54.385104500000004], [40.5509722, 54.3850694], [40.5510446, 54.38490089999999], [40.55074319999999, 54.3847605], [40.54998379999999, 54.38485179999999], [40.54950329999999, 54.38484050000001], [40.54930459999999, 54.384727000000005], [40.5488817, 54.384587999999994], [40.5481587, 54.384619699999995], [40.547678, 54.38454279999999], [40.54761359999999, 54.38423039999999], [40.548064200000006, 54.384130400000004], [40.5483646, 54.384217899999996], [40.5486007, 54.383842999999985], [40.548622099999996, 54.3832432], [40.548150099999994, 54.3828433], [40.547399, 54.3828683], [40.5469913, 54.3828433], [40.5467982, 54.38266839999999], [40.5470343, 54.382405899999995], [40.547205899999994, 54.382031], [40.547055699999994, 54.38174359999999], [40.5467339, 54.3815812], [40.5460901, 54.3816312], [40.5453176, 54.38119379999999], [40.54465249999999, 54.380756399999996], [40.544201799999996, 54.380418999999996], [40.54445929999999, 54.3801315], [40.5442877, 54.3799066], [40.543794199999994, 54.3798066], [40.5431933, 54.3798066], [40.5429788, 54.3799566], [40.5429788, 54.380193999999996], [40.542785599999995, 54.3804815], [40.54237789999999, 54.38046899999999], [40.542335, 54.38033149999999], [40.5419273, 54.37984409999999], [40.54162689999999, 54.3794567], [40.5411549, 54.37888179999999], [40.54119779999999, 54.3786444], [40.54173419999999, 54.37861939999999], [40.542034599999994, 54.3784694], [40.5420775, 54.378182], [40.5419488, 54.3778945], [40.54177709999999, 54.37758209999999], [40.5414553, 54.3775446], [40.5409403, 54.3777445], [40.54059699999999, 54.3778195], [40.540189299999994, 54.37763209999999], [40.540189299999994, 54.3774571], [40.54055399999999, 54.377282099999995], [40.5410047, 54.377157099999984], [40.5411549, 54.3769197], [40.5408115, 54.37665719999999], [40.54016779999999, 54.376394700000006], [40.539819599999994, 54.3762477], [40.539819599999994, 54.3759468], [40.5395614, 54.3758716], [40.5393354, 54.3760033], [40.5391578, 54.3762101], [40.5388027, 54.37625709999999], [40.5385445, 54.3760221], [40.53873819999999, 54.3757494], [40.5390287, 54.37548619999999], [40.53909329999999, 54.3751665], [40.538835, 54.37500670000001], [40.53820549999999, 54.3751665], [40.5378504, 54.37511009999999], [40.53767289999999, 54.3748845], [40.53776969999999, 54.37431089999999], [40.5375599, 54.3739443], [40.53717749999999, 54.373775900000005], [40.5368385, 54.3736067], [40.536547999999996, 54.37348450000001], [40.536015299999995, 54.3734562], [40.53551499999999, 54.37341860000001], [40.5349339, 54.37343740000001], [40.53449809999999, 54.37341860000001], [40.53414299999999, 54.37324939999999], [40.53393309999999, 54.3731742], [40.533561899999995, 54.37321180000001], [40.5334166, 54.373136599999995], [40.533352099999995, 54.372760500000005], [40.5334651, 54.3725254], [40.53312609999999, 54.37215870000001], [40.5327064, 54.371848500000006], [40.53244819999999, 54.3717732], [40.5323998, 54.371566400000006], [40.53241589999999, 54.3713783], [40.5323998, 54.37117150000001], [40.5322222, 54.3708236], [40.532432, 54.370560299999994], [40.5327387, 54.3702218], [40.532658, 54.3699303], [40.5325818, 54.3698013], [40.53240619999999, 54.36968699999999], [40.5322616, 54.3697411], [40.5320653, 54.3699337], [40.5317141, 54.3699578], [40.53140419999999, 54.3698615], [40.5311459, 54.369705], [40.5309703, 54.36951849999999], [40.5307844, 54.3693379], [40.530557099999996, 54.3692717], [40.5304125, 54.3693138], [40.5302162, 54.3694222], [40.5300096, 54.36940409999999], [40.5298133, 54.3693319], [40.5294828, 54.369151399999986], [40.52920379999999, 54.368958799999994], [40.5290695, 54.368778199999994], [40.5289972, 54.3686338], [40.528873299999994, 54.3684713], [40.528666699999995, 54.36824870000001], [40.5283878, 54.3681524], [40.5281605, 54.3682246], [40.52799519999999, 54.3682667], [40.5278196, 54.3681163], [40.52790219999999, 54.3679297], [40.52799519999999, 54.3676468], [40.5278816, 54.367382], [40.5277679, 54.3672256], [40.52813139999999, 54.36694000000001], [40.5279316, 54.366807699999995], [40.52763470000001, 54.3667213], [40.5273014, 54.366781999999986], [40.5270503, 54.3667838], [40.52691289999999, 54.3667185], [40.52682289999999, 54.3664701], [40.5266476, 54.36638819999999], [40.5264597, 54.36644159999999], [40.5264313, 54.3667249], [40.52627329999999, 54.3667737], [40.5260412, 54.3667305], [40.5259891, 54.366633799999995], [40.5260507, 54.36646639999999], [40.5260065, 54.3663394], [40.5256243, 54.3662161], [40.5254521, 54.36631089999999], [40.5252816, 54.36631], [40.5251315, 54.3661711], [40.5249531, 54.36605050000001], [40.5244146, 54.36593919999999], [40.5237592, 54.365730299999996], [40.52310849999999, 54.3655693], [40.52229359999999, 54.365556399999996], [40.52186249999999, 54.3654718], [40.5215688, 54.36531440000001], [40.5213177, 54.3651415], [40.520922799999994, 54.3650108], [40.5204364, 54.36499429999999], [40.5201348, 54.365242699999996], [40.5198458, 54.3652997], [40.51954729999999, 54.3652611], [40.5192615, 54.3650761], [40.5189614, 54.3650633], [40.5185082, 54.36499239999999], [40.5181607, 54.364864499999996], [40.517694899999995, 54.3647127], [40.5172558, 54.3647145], [40.5171232, 54.3646133], [40.516930499999994, 54.3644965], [40.51663039999999, 54.3646115], [40.516431499999996, 54.3646538], [40.5162909, 54.364455099999994], [40.5160701, 54.3643057], [40.5156753, 54.36425229999999], [40.515425699999994, 54.3642873], [40.515147799999994, 54.36428360000001], [40.514933, 54.36418419999999], [40.5145761, 54.364149299999994], [40.51428549999999, 54.363968899999996], [40.5138244, 54.3639432], [40.513597, 54.3638438], [40.5134232, 54.3636892], [40.51294630000001, 54.363553], [40.5126147, 54.36349969999999], [40.51240620000001, 54.36336349999999], [40.5122009, 54.363334], [40.5121283, 54.3634647], [40.5118566, 54.36349969999999], [40.51067539999999, 54.36317389999999], [40.5098004, 54.3630985], [40.5089634, 54.362711999999995], [40.50846119999999, 54.3625832], [40.5075863, 54.36259789999999], [40.5072705, 54.3623587], [40.5063703, 54.3620679], [40.5054701, 54.361615199999996], [40.5049395, 54.361444], [40.5046237, 54.361214000000004], [40.5043899, 54.36121769999999], [40.504200399999995, 54.3610097], [40.5019989, 54.360082099999985], [40.50122199999999, 54.3599459], [40.5005745, 54.36006009999999], [40.4998101, 54.360511], [40.49200369999999, 54.3595633], [40.4932146, 54.3553022], [40.493303000000004, 54.355056499999996], [40.4934957, 54.354449], [40.49465959999999, 54.350669], [40.4955218, 54.347213599999996], [40.495994, 54.3454214], [40.4971216, 54.3414721], [40.49733009999999, 54.340733699999994], [40.4974564, 54.3403056], [40.49763169999999, 54.34028070000001], [40.4979555, 54.340308399999984], [40.4980597, 54.3402375], [40.4980976, 54.340143600000005], [40.498418199999996, 54.339997199999985], [40.4985651, 54.3399907], [40.49873879999999, 54.3400257], [40.499073599999996, 54.3399309], [40.499451, 54.3398904], [40.49961679999999, 54.339828700000005], [40.499665799999995, 54.3396483], [40.49995799999999, 54.3395967], [40.5002375, 54.33961969999999], [40.500466499999995, 54.3395755], [40.5004775, 54.339477900000006], [40.500318, 54.339373], [40.50029119999999, 54.3392745], [40.5003765, 54.3391944], [40.50053909999999, 54.33917960000001], [40.500788699999994, 54.339272599999994], [40.5009687, 54.3392257], [40.5011693, 54.3391189], [40.5014219, 54.33908019999999], [40.50158619999999, 54.33911429999999], [40.5017488, 54.3391124], [40.50190359999999, 54.3390342], [40.5019052, 54.338811400000004], [40.5019826, 54.33873220000001], [40.5021737, 54.33873309999999], [40.5025085, 54.3389292], [40.502721699999995, 54.3389209], [40.502867099999996, 54.3389532], [40.5030677, 54.3389606], [40.503363, 54.339037], [40.5032351, 54.33886389999999], [40.5030992, 54.338742399999994], [40.5029018, 54.3387092], [40.502742299999994, 54.338633699999995], [40.5026886, 54.33852689999999], [40.502533899999996, 54.33847169999999], [40.5022149, 54.3384303], [40.50208059999999, 54.338269100000005], [40.50177899999999, 54.338165100000005], [40.50172690000001, 54.3380831], [40.5018169, 54.3379598], [40.50180579999999, 54.33781609999998], [40.5016826, 54.3377342], [40.5014252, 54.337724099999996], [40.5012373, 54.33781609999998], [40.5010825, 54.3377821], [40.50093879999999, 54.3376707], [40.500886699999995, 54.3375464], [40.5007004, 54.33744420000001], [40.5006482, 54.33732260000001], [40.500247099999996, 54.33718640000001], [40.5001745, 54.3370759], [40.500225, 54.336957999999996], [40.50020129999999, 54.33670670000001], [40.500114499999995, 54.3365888], [40.49994389999999, 54.3365087], [40.499556999999996, 54.3365483], [40.4994022, 54.3364673], [40.49944169999999, 54.3363761], [40.4996044, 54.33628399999999], [40.4996186, 54.3361607], [40.49945269999999, 54.33611369999999], [40.4992285, 54.336133999999994], [40.499086399999996, 54.336106300000004], [40.4990374, 54.335971], [40.498816299999994, 54.335883499999994], [40.4988289, 54.3357528], [40.498941099999996, 54.33567359999999], [40.4991037, 54.33563949999999], [40.4991622, 54.3355299], [40.4990927, 54.3354139], [40.4988937, 54.33533200000001], [40.49858259999999, 54.3353182], [40.4984199, 54.335239900000005], [40.4984152, 54.3351386], [40.4983267, 54.3350539], [40.497972999999995, 54.33499679999999], [40.4978751, 54.3349278], [40.4978924, 54.334857799999995], [40.4979919, 54.3348219], [40.498014, 54.33472429999999], [40.497909799999995, 54.3346239], [40.49769499999999, 54.3345484], [40.4975813, 54.3344858], [40.49759079999999, 54.33437250000001], [40.4976871, 54.334251], [40.4976445, 54.3341506], [40.4974187, 54.33407330000001], [40.4971155, 54.3340346], [40.49694959999999, 54.33395449999999], [40.49688799999999, 54.33376109999999], [40.4968091, 54.3336525], [40.49664009999999, 54.33352359999999], [40.4964743, 54.333449], [40.4960384, 54.3334269], [40.49589149999999, 54.3333569], [40.495880500000005, 54.3332713], [40.4959752, 54.3331387], [40.4959136, 54.33304840000001], [40.4955109, 54.33287440000001], [40.495400399999994, 54.33273529999999], [40.4953293, 54.33250610000001], [40.4952282, 54.332368800000005], [40.4951114, 54.3322841], [40.4950798, 54.332204000000004], [40.4951461, 54.33211469999999], [40.495376699999994, 54.3319499], [40.49530409999999, 54.3317933], [40.494955, 54.3316819], [40.4948903, 54.33156399999999], [40.4949756, 54.3314839], [40.4950024, 54.33137800000001], [40.4948887, 54.33121959999999], [40.4949108, 54.331076900000006], [40.4947908, 54.3309204], [40.4947592, 54.330666199999996], [40.494582300000005, 54.33051979999999], [40.4945176, 54.3302702], [40.4944007, 54.330122], [40.4941559, 54.3300225], [40.4940075, 54.3299497], [40.4940201, 54.3298512], [40.4943312, 54.3296219], [40.49428699999999, 54.3292738], [40.49412749999999, 54.329133799999994], [40.4941812, 54.328928499999996], [40.494118, 54.32875169999999], [40.49397270000001, 54.328524200000004], [40.4940249, 54.328411800000005], [40.4939996, 54.3282498], [40.493764299999995, 54.3280462], [40.49348319999999, 54.3279348], [40.4933774, 54.3278307], [40.4934547, 54.3276272], [40.4932968, 54.32742090000001], [40.4933237, 54.3272717], [40.49326049999999, 54.3271391], [40.49307569999999, 54.326964100000005], [40.4930868, 54.326797400000004], [40.4930047, 54.3266574], [40.492960399999994, 54.3264254], [40.492665099999996, 54.326266], [40.492673, 54.3261371], [40.4925498, 54.3260782], [40.4922845, 54.32605790000001], [40.4921582, 54.325950099999986], [40.4922008, 54.3257319], [40.4920271, 54.32563329999999], [40.491905499999994, 54.325527400000006], [40.491670199999994, 54.32553480000001], [40.4915565, 54.325486000000005], [40.491547, 54.3253589], [40.491626, 54.3252235], [40.49147909999999, 54.3250466], [40.4914665, 54.3248643], [40.49121689999999, 54.324668999999986], [40.4911854, 54.3245696], [40.491059, 54.32447290000001], [40.49077, 54.32442220000001], [40.49060579999999, 54.3243577], [40.49051099999999, 54.3242141], [40.49042099999999, 54.3241339], [40.4903594, 54.32397000000001], [40.4901225, 54.32383370000001], [40.4898304, 54.323866800000005], [40.48966300000001, 54.323810699999996], [40.4895303, 54.323609899999994], [40.4892792, 54.32346069999999], [40.4891008, 54.3232626], [40.4890123, 54.323119], [40.4888244, 54.32302589999999], [40.48869799999999, 54.3227966], [40.48853059999999, 54.322722], [40.4883048, 54.32273579999999], [40.48815319999999, 54.322687], [40.4880553, 54.3225801], [40.48790679999999, 54.3225322], [40.4876936, 54.3223351], [40.48753099999999, 54.3223057], [40.48733669999999, 54.322149100000004], [40.4872815, 54.321987], [40.48711719999999, 54.3219216], [40.4868566, 54.32197219999999], [40.486705, 54.3219363], [40.4863039, 54.3216351], [40.48602120000001, 54.321555000000004], [40.4858649, 54.3214555], [40.48569109999999, 54.3212446], [40.4851131, 54.3208568], [40.4846346, 54.3204561], [40.4843204, 54.320259899999996], [40.484118200000005, 54.3199081], [40.483990299999995, 54.3194309], [40.48401869999999, 54.3188948], [40.48410869999999, 54.31858069999999], [40.484254, 54.318426], [40.48446409999999, 54.318344], [40.48490939999999, 54.318355099999984], [40.4854258, 54.318321000000005], [40.485574299999996, 54.318145], [40.48559959999999, 54.3177932], [40.4857433, 54.31759879999999], [40.4860117, 54.317473500000006], [40.4864681, 54.3173547], [40.48670659999999, 54.31716769999999], [40.4868961, 54.316896899999996], [40.48720719999999, 54.3165523], [40.48822109999999, 54.31592779999999], [40.4889697, 54.31541829999999], [40.48912599999999, 54.31513279999999], [40.4890881, 54.3148481], [40.488878099999994, 54.3144041], [40.488886, 54.31420969999999], [40.4890193, 54.3140772], [40.489548, 54.313756899999994], [40.4898828, 54.3133718], [40.490315499999994, 54.3131065], [40.4885247, 54.3104698], [40.4863295, 54.30738879999999], [40.484525999999995, 54.30493589999998], [40.48307719999999, 54.3026804], [40.4824789, 54.2985125], [40.4834998, 54.2982471], [40.4836908, 54.2981987], [40.481522399999996, 54.29791029999999], [40.479632, 54.2976393], [40.4730349, 54.2967481], [40.47185520000001, 54.296583999999996], [40.47173519999999, 54.2965674], [40.47156149999999, 54.29654349999999], [40.47148570000001, 54.29652600000001], [40.470980299999994, 54.2964605], [40.4706787, 54.29642179999998], [40.4666626, 54.295903799999984], [40.4648939, 54.295685399999996], [40.4633067, 54.2954955], [40.4587095, 54.2949499], [40.4568223, 54.2947048], [40.454364999999996, 54.294420900000006], [40.4491156, 54.2937674], [40.44891570000001, 54.2937385], [40.4489931, 54.2935524], [40.4490797, 54.293341999999996], [40.4491329, 54.29307959999999], [40.44641179999999, 54.29032], [40.4453072, 54.28918310000001], [40.44336599999999, 54.2871725], [40.43929399999999, 54.28313189999999], [40.4342939, 54.2784575], [40.4339605, 54.2781255], [40.4310062, 54.2749084], [40.428137099999994, 54.2718851], [40.42792579999999, 54.2710919], [40.4263577, 54.265361500000004], [40.4256276, 54.26251429999999], [40.4254772, 54.261924400000005], [40.4253493, 54.2614507], [40.4243133, 54.26129130000001], [40.4238901, 54.26126649999999], [40.423559999999995, 54.2614612], [40.423073099999996, 54.26161769999999], [40.4223361, 54.261748399999995], [40.4215632, 54.2615852], [40.4212642, 54.261625299999984], [40.42046349999999, 54.2616349], [40.42046679999999, 54.26146779999999], [40.420486399999994, 54.25913340000001], [40.4204121, 54.25913049999998], [40.4184721, 54.25841260000001], [40.417766, 54.256586], [40.40328469999999, 54.25742859999999], [40.3981947, 54.2577295], [40.397621199999996, 54.25775139999999], [40.3966833, 54.2577743], [40.396631, 54.25776479999999], [40.395912, 54.25753480000001], [40.3947519, 54.257152], [40.3945215, 54.2570766], [40.3940819, 54.2569315], [40.3939577, 54.2568914], [40.39373379999999, 54.25681500000001], [40.39350079999999, 54.25674099999999], [40.3922549, 54.2563268], [40.392180499999995, 54.2563067], [40.3899302, 54.2555588], [40.389699099999994, 54.255093099999996], [40.3885529, 54.252549699999996], [40.3884836, 54.2523985], [40.3884097, 54.25222839999999], [40.38809539999999, 54.251596600000006], [40.3830346, 54.2488936], [40.382789599999995, 54.248602], [40.382415300000005, 54.248145599999994], [40.3807376, 54.24670089999999], [40.37769819999999, 54.2440011], [40.3749252, 54.242588600000005], [40.37146349999999, 54.240825], [40.36061870000001, 54.2421385], [40.35951089999999, 54.242239700000006], [40.358308199999996, 54.2397628], [40.3590141, 54.2389186], [40.3592886, 54.237679099999994], [40.360425899999996, 54.2376619], [40.3603213, 54.2358947], [40.3593138, 54.234635899999994], [40.358953299999996, 54.2341821], [40.3597205, 54.233206900000006], [40.3600718, 54.23264499999999], [40.359226, 54.2324748], [40.3577886, 54.23218039999999], [40.3580983, 54.231899399999996], [40.3587453, 54.2310917], [40.3598499, 54.22980039999999], [40.359697, 54.2265664], [40.36339439999999, 54.2271878], [40.3692715, 54.226265000000005], [40.3700942, 54.22616769999999], [40.3777939, 54.2250978], [40.3789079, 54.2134768], [40.37926089999999, 54.209652600000005], [40.3793409, 54.208704699999984], [40.3793525, 54.2086317], [40.379611399999995, 54.20560609999998], [40.37961949999999, 54.205515299999995], [40.3798548, 54.2024331], [40.3798842, 54.2018577], [40.378570499999995, 54.2016417], [40.37813909999999, 54.2015767], [40.3779953, 54.20155760000001], [40.37197559999999, 54.2006763], [40.368799, 54.20018879999999], [40.36625, 54.1997893], [40.364864299999994, 54.1995771], [40.3629884, 54.1992942], [40.35302479999999, 54.1978264], [40.34981969999999, 54.197304499999994], [40.3507306, 54.1932804], [40.350798399999995, 54.1930109], [40.3507916, 54.19237660000001], [40.35086379999999, 54.1904315], [40.351121299999996, 54.1886198], [40.3570441, 54.18881300000001], [40.357963899999994, 54.18884289999998], [40.36172, 54.18896250000001], [40.3674213, 54.18913070000001], [40.3674596, 54.186446999999994], [40.36756179999999, 54.1797743], [40.378513700000006, 54.17988969999999], [40.3838076, 54.180040399999996], [40.3840616, 54.174539799999984], [40.3842373, 54.171155799999994], [40.3840616, 54.17067719999999], [40.3839019, 54.1703014], [40.3836684, 54.1695905], [40.38097049999999, 54.1667054], [40.37793789999999, 54.1634714], [40.37527409999999, 54.160617699999996], [40.37556790000001, 54.15582239999999], [40.37561899999999, 54.152766199999995], [40.3709431, 54.152799900000005], [40.3645552, 54.1528373], [40.3655261, 54.14898019999999], [40.3661149, 54.14631289999999], [40.3619691, 54.146247499999994], [40.36101729999999, 54.143369799999995], [40.36000779999999, 54.143316899999995], [40.35734949999999, 54.143197799999996], [40.3491555, 54.1428666], [40.3492961, 54.14038849999999], [40.3492942, 54.138721399999994], [40.346802700000005, 54.13856119999999], [40.342533499999995, 54.13839060000001], [40.3367887, 54.138236499999984], [40.333724999999994, 54.1380564], [40.3321645, 54.1603332], [40.3410035, 54.1664081], [40.352148299999996, 54.1709076], [40.3441658, 54.194562100000006], [40.329526699999995, 54.198429799999985], [40.322285799999996, 54.2012842], [40.3148875, 54.199903], [40.3081189, 54.19760099999999], [40.30339659999999, 54.196495999999996], [40.2986743, 54.19631179999998], [40.2892297, 54.1909705], [40.284664799999995, 54.18572049999998], [40.2791554, 54.178258899999996], [40.249404899999995, 54.180838399999985], [40.246299, 54.1777857], [40.23268410000001, 54.181016699999994], [40.232856, 54.1823454], [40.2326569, 54.1828695], [40.2318609, 54.183277100000005], [40.2314629, 54.18380119999999], [40.231562399999994, 54.184791], [40.2322589, 54.18560619999999], [40.2326569, 54.186304899999996], [40.2323584, 54.187003600000004], [40.2308659, 54.18840099999999], [40.2302689, 54.18944890000001], [40.2308659, 54.19020580000001], [40.2323584, 54.1910209], [40.2326739, 54.1915495], [40.2327568, 54.1919311], [40.2326185, 54.19226379999999], [40.2316296, 54.19279399999999], [40.230884399999994, 54.1940135], [40.23056739999999, 54.1951542], [40.23009749999999, 54.196806599999995], [40.2301163, 54.1976083], [40.2304087, 54.1985067], [40.2308659, 54.1989959], [40.231562399999994, 54.1996362], [40.232696399999995, 54.199697300000004], [40.230938, 54.20412339999999], [40.2224804, 54.2061992], [40.2224909, 54.2067515], [40.2211974, 54.2067515], [40.219406299999996, 54.207275299999985], [40.217935, 54.20858249999999], [40.217843699999996, 54.20917810000001], [40.217719, 54.2100403], [40.21790299999999, 54.21059899999999], [40.2181625, 54.2113532], [40.219157499999994, 54.21420439999999], [40.220252, 54.21693909999999], [40.221147599999995, 54.2182772], [40.2232376, 54.22037159999999], [40.2234366, 54.22130239999999], [40.2231381, 54.2222332], [40.22234159999999, 54.223222199999995], [40.2224411, 54.2239784], [40.22340669999999, 54.2245953], [40.22433169999999, 54.2244438], [40.2258242, 54.22473459999999], [40.2277148, 54.225374499999994], [40.23149589999999, 54.22671239999998], [40.2349296, 54.227308799999996], [40.2365217, 54.2271925], [40.23881029999999, 54.226669], [40.2397058, 54.2259128], [40.2407008, 54.224865699999995], [40.24124249999999, 54.22437999999998], [40.242028899999994, 54.22426000000001], [40.2427904, 54.2244586], [40.2437854, 54.2249239], [40.2440839, 54.2260291], [40.2437495, 54.22729240000001], [40.2432978, 54.22780649999999], [40.242121, 54.228516], [40.2387729, 54.230249699999995], [40.2364408, 54.2325942], [40.2341087, 54.2342299], [40.23208759999999, 54.2351386], [40.228822599999994, 54.2356838], [40.22742329999999, 54.236138100000005], [40.22633499999999, 54.23713769999999], [40.2261795, 54.2380463], [40.226096899999995, 54.23853899999999], [40.22726790000001, 54.23931830000001], [40.231949900000004, 54.2416587], [40.2329082, 54.2426144], [40.2325046, 54.2437588], [40.2234497, 54.2489518], [40.21651459999999, 54.25213539999999], [40.212964199999995, 54.252941500000006], [40.2056059, 54.2551764], [40.2024786, 54.2568112], [40.2011915, 54.2586196], [40.2008711, 54.25946219999999], [40.2020397, 54.2597052], [40.2026344, 54.2593956], [40.20268020000001, 54.2669842], [40.2052444, 54.27388930000001], [40.213364199999994, 54.2754948], [40.2142406, 54.276526], [40.21511869999999, 54.2775591], [40.21753139999999, 54.280397699999995], [40.2183549, 54.280664800000004], [40.2210312, 54.28087179999999], [40.2230044, 54.284163799999995], [40.2254953, 54.2867509], [40.2254953, 54.2876384], [40.2251395, 54.28892239999999], [40.22343099999999, 54.29006129999999], [40.2227851, 54.29065659999999], [40.2211281, 54.290527399999995], [40.2213222, 54.289319], [40.2212899, 54.2886581], [40.2207723, 54.28803489999999], [40.2198018, 54.2874118], [40.2184108, 54.2869586], [40.2059597, 54.28664189999999], [40.2042282, 54.2822312], [40.188487099999996, 54.28342580000001], [40.1755795, 54.2813122], [40.170570899999994, 54.2846807], [40.173533199999994, 54.2893984], [40.1754221, 54.30014680000001], [40.1725887, 54.30446379999999], [40.171172, 54.314749199999994], [40.13969, 54.31851369999999], [40.135282499999995, 54.31924819999999], [40.130875, 54.3220025], [40.1244212, 54.3220025], [40.111671, 54.320349900000004], [40.111671, 54.3237468], [40.11340249999999, 54.32640899999999], [40.111671, 54.32842839999999], [40.10348559999999, 54.3294381], [40.099865199999996, 54.3327424], [40.0968744, 54.334394499999995], [40.0960874, 54.3357711], [40.0913651, 54.335954699999995], [40.0890039, 54.3383408], [40.0916799, 54.3388914], [40.08947609999999, 54.34081849999998], [40.0971892, 54.3442136], [40.1056894, 54.347792], [40.1067913, 54.35137], [40.10789309999999, 54.3577913], [40.09498549999999, 54.3569658], [40.0948281, 54.353021299999995], [40.0860131, 54.35347999999999], [40.0825501, 54.3577913], [40.0740499, 54.35751619999999], [40.074207300000005, 54.3602679], [40.0869576, 54.36329460000001], [40.0827075, 54.3804415], [40.06177189999999, 54.378699600000004], [40.0606701, 54.38117489999999], [40.0594108, 54.3840167], [40.06051269999999, 54.3884165], [40.060511899999995, 54.3896058], [40.0611442, 54.389514399999996], [40.0624947, 54.38979909999999], [40.06302819999999, 54.39044299999999], [40.06532159999999, 54.3910192], [40.0658804, 54.391785199999994], [40.0664159, 54.3923342], [40.06643919999999, 54.3928561], [40.0673123, 54.39355419999999], [40.067428699999994, 54.39383209999999], [40.0681302, 54.3941502], [40.06924149999999, 54.3941502], [40.070221100000005, 54.3942509], [40.070608, 54.39451449999999], [40.0703117, 54.3951375], [40.07066559999999, 54.39549219999999], [40.0717111, 54.3962014], [40.0721885, 54.3970257], [40.0727978, 54.39726189999999], [40.073537, 54.39733639999999], [40.073769799999994, 54.3977227], [40.0737291, 54.3979938], [40.07438679999999, 54.398373299999996], [40.0755219, 54.399179800000006], [40.07604249999999, 54.3998268], [40.07613309999999, 54.40049279999999], [40.0769563, 54.40080909999998], [40.0776231, 54.4010295], [40.077557199999994, 54.401791399999986], [40.0784956, 54.4024], [40.07861909999999, 54.4029798], [40.0793106, 54.4033391], [40.0802573, 54.4035356], [40.0804877, 54.40442199999999], [40.0628738, 54.4094924], [40.0505958, 54.408209899999996], [40.03879, 54.42881780000001], [40.0302899, 54.42698639999999], [40.0132896, 54.4371496], [40.0509095, 54.44635000000001], [40.060517, 54.4427186], [40.0763695, 54.439925], [40.08357519999999, 54.443836], [40.082133999999996, 54.458638300000004], [40.097119799999994, 54.465760200000005], [40.1075184, 54.4584181], [40.1136769, 54.4588264], [40.14180249999999, 54.4611714], [40.14431879999999, 54.4604543], [40.147467, 54.46275250000001], [40.1535666, 54.4646967], [40.15848569999999, 54.4705286], [40.1691109, 54.47555939999999], [40.180916599999996, 54.4773886], [40.18386809999999, 54.47555939999999], [40.19291919999999, 54.4770456], [40.1948868, 54.48024660000001], [40.177571699999994, 54.4939622], [40.1848519, 54.4969333], [40.189180699999994, 54.5017324], [40.1824907, 54.50390320000001], [40.1824907, 54.506416599999994], [40.1773749, 54.50950099999999], [40.1232651, 54.53382570000001], [40.1222813, 54.5357664], [40.117362299999996, 54.53690799999998], [40.11307599999999, 54.53901580000001], [40.1140635, 54.5429352], [40.10828289999999, 54.5453479], [40.106959999999994, 54.5460111], [40.1024743, 54.54825970000001], [40.1064953, 54.549829599999995], [40.1165752, 54.5468385], [40.13093889999999, 54.548892800000004], [40.1453026, 54.551859900000004], [40.1643886, 54.5553973], [40.1925256, 54.56669229999999], [40.193509399999996, 54.572623699999994], [40.199412300000006, 54.5795806], [40.1907548, 54.58288759999999], [40.189180699999994, 54.5853961], [40.2066925, 54.594630900000006], [40.223220600000005, 54.5880185], [40.2210562, 54.59280689999999], [40.223417399999995, 54.6012421], [40.2291235, 54.603749500000006], [40.2421098, 54.6157147], [40.2421098, 54.6206391], [40.2421098, 54.6269747], [40.2421098, 54.6271983], [40.2421098, 54.62735970000001], [40.2421098, 54.630296], [40.247619199999995, 54.640317599999996], [40.251370699999995, 54.649734300000006], [40.2504714, 54.6564597], [40.2527437, 54.6589436], [40.25860049999999, 54.66047059999999], [40.265879999999996, 54.66309900000001], [40.2662676, 54.66474660000001], [40.26942979999999, 54.664407499999996], [40.272463, 54.6653551], [40.2713262, 54.6696413], [40.269742799999996, 54.671160400000005], [40.267085, 54.6705753], [40.2651847, 54.6726171], [40.2652044, 54.675833100000006], [40.2632291, 54.67711760000001], [40.2617777, 54.6770607], [40.2613946, 54.6778525], [40.2602671, 54.6788537], [40.259613200000004, 54.6811931], [40.2600046, 54.6820777], [40.264713699999994, 54.6927183], [40.2802818, 54.6903289], [40.2828093, 54.69415059999999], [40.29641639999999, 54.714719099999996], [40.286775, 54.72721979999999], [40.3090092, 54.731082799999996], [40.304680399999995, 54.7363087], [40.294645499999994, 54.7332414], [40.293071399999995, 54.7365359], [40.295038999999996, 54.738807800000004], [40.2944487, 54.7443734], [40.24840629999999, 54.7489162], [40.2844138, 54.76957959999999], [40.2818559, 54.7830845], [40.29425199999999, 54.781495899999996], [40.303106299999996, 54.7787725], [40.3048772, 54.7741195], [40.3090092, 54.77468699999999], [40.3123541, 54.7783186], [40.3190441, 54.7700336], [40.32671779999999, 54.76957959999999], [40.3322272, 54.7667418], [40.3389171, 54.766628299999994], [40.3469844, 54.7644715], [40.357216099999995, 54.76435800000001], [40.3906657, 54.7787725], [40.4132934, 54.78989200000001], [40.4091614, 54.79374909999999], [40.40739060000001, 54.7985132], [40.4054229, 54.8030499], [40.41506429999999, 54.804297399999996], [40.4132934, 54.8151832], [40.4247057, 54.8220986], [40.4262798, 54.82663269999999], [40.430215, 54.8305996], [40.428640900000005, 54.83796569999999], [40.43218269999999, 54.8419315], [40.4323794, 54.850994699999994], [40.4344899, 54.8594493], [40.4366236, 54.8633381], [40.44373579999999, 54.8678405], [40.4487144, 54.86988689999998], [40.4515593, 54.8758208], [40.4828533, 54.880117199999994], [40.4856614, 54.87871350000001], [40.5045457, 54.86927300000001], [40.54793049999999, 54.8690683], [40.5945158, 54.8477805], [40.586692299999996, 54.82955419999999], [40.5817137, 54.8154179], [40.5788688, 54.8076307], [40.5795801, 54.7957419], [40.60329629999999, 54.79594490000001], [40.68154620000001, 54.79661449999999], [40.68261759999999, 54.796568199999996], [40.685742399999995, 54.796342499999994], [40.6888981, 54.796124000000006], [40.692186199999995, 54.795885999999996], [40.6951723, 54.795663899999994], [40.69841730000001, 54.7954525], [40.7006885, 54.795248199999996], [40.7032247, 54.7950545], [40.70677789999999, 54.794798699999994], [40.7086885, 54.7946495], [40.7113172, 54.794502], [40.7131631, 54.79438119999999], [40.7154528, 54.794164499999994], [40.7189782, 54.7938482], [40.722063, 54.793603000000004], [40.724737899999994, 54.79338980000001], [40.7273665, 54.7931873], [40.7298781, 54.792983], [40.7310491, 54.7928888], [40.73338189999999, 54.79279110000001], [40.7342879, 54.79271649999999], [40.7382356, 54.7923363], [40.74185039999999, 54.792085699999994], [40.747659299999995, 54.79159709999999], [40.7484759, 54.791527800000004], [40.753061499999994, 54.7911352], [40.756368099999996, 54.7908776], [40.7567779, 54.7908509], [40.760161599999996, 54.7905595], [40.7610306, 54.79044579999999], [40.7614282, 54.7903943], [40.7615884, 54.7903747], [40.763307999999995, 54.79014200000002], [40.7642726, 54.79001050000001], [40.7675083, 54.7895716], [40.7703311, 54.789123800000006], [40.7753511, 54.7884344], [40.777190899999994, 54.788176799999995], [40.7828982, 54.7873683], [40.78816549999999, 54.78669630000001], [40.7893444, 54.79073449999999], [40.793530399999995, 54.789644], [40.7966748, 54.78866270000001], [40.7979408, 54.788235500000006], [40.799172, 54.7879051], [40.80100899999999, 54.78740619999999], [40.8032229, 54.786789299999995], [40.805547999999995, 54.7861422], [40.8086379, 54.7853418], [40.8099366, 54.7848744], [40.8127541, 54.7839696], [40.814501699999994, 54.783421800000006], [40.8173999, 54.782553400000005], [40.81970969999999, 54.781861000000006], [40.822187299999996, 54.7811284], [40.8242487, 54.780515099999995], [40.8260595, 54.77998480000001], [40.8268069, 54.7797309], [40.8283149, 54.7800175], [40.829796599999995, 54.7803178], [40.8322067, 54.7807966], [40.8365147, 54.781671300000006], [40.8381664, 54.781993], [40.8398813, 54.782322199999996], [40.8423459, 54.78282110000001], [40.8440935, 54.783172900000004], [40.8458694, 54.78352979999999], [40.8477195, 54.7838842], [40.8479395, 54.7839282], [40.84927089999999, 54.78418200000001], [40.85204269999999, 54.78472860000001], [40.8532107, 54.78493840000001], [40.8564357, 54.78579920000001], [40.8602687, 54.7872881], [40.8615326, 54.787806999999994], [40.866842899999995, 54.788991900000006], [40.87185259999999, 54.79009630000001], [40.874817699999994, 54.7899848], [40.876456299999994, 54.790758700000005], [40.8769183, 54.79095220000001], [40.88058569999999, 54.791850499999995], [40.882926, 54.7923957], [40.8846513, 54.792784199999986], [40.8851042, 54.79285719999999], [40.8851935, 54.792953000000004], [40.8853451, 54.793081199999996], [40.885359699999995, 54.7932189], [40.8853202, 54.793329099999994], [40.88536379999999, 54.79341050000001], [40.88546769999999, 54.7934931], [40.8857523, 54.79362129999999], [40.8858499, 54.793753], [40.8858499, 54.79385], [40.8857834, 54.7939626], [40.88564629999999, 54.7940356], [40.8855092, 54.794063200000004], [40.8853445, 54.7940653], [40.88523579999999, 54.7940568], [40.884980199999994, 54.7939958], [40.8847378, 54.793941600000004], [40.884543900000004, 54.7939171], [40.88442789999999, 54.79392130000001], [40.884253099999995, 54.7939636], [40.88418699999999, 54.794028], [40.8842061, 54.7940712], [40.884333899999994, 54.7941186], [40.884563, 54.7941339], [40.8847834, 54.79413470000001], [40.88491109999999, 54.794199899999995], [40.8849097, 54.79425580000001], [40.8843868, 54.7943837], [40.8840945, 54.7943947], [40.883991699999996, 54.79444039999999], [40.8839153, 54.7945225], [40.883891799999994, 54.79463520000001], [40.8839623, 54.7950755], [40.88390209999999, 54.7951923], [40.8837508, 54.7952897], [40.883581899999996, 54.795321099999995], [40.88344229999999, 54.7952931], [40.883383599999995, 54.7952364], [40.8833307, 54.79514069999999], [40.883247, 54.795096699999995], [40.8831324, 54.79509999999999], [40.88307799999999, 54.79516779999999], [40.8831177, 54.7952855], [40.8832264, 54.7954015], [40.883239599999996, 54.795482799999995], [40.88314999999999, 54.79555219999999], [40.8829885, 54.7956276], [40.88297959999999, 54.795712300000005], [40.8831383, 54.79577150000001], [40.883435, 54.7957825], [40.8835319, 54.7958401], [40.8835143, 54.795923099999996], [40.8834027, 54.79600779999999], [40.88324399999999, 54.7960832], [40.88320579999999, 54.79615849999999], [40.883274899999996, 54.79624059999999], [40.8832558, 54.79632699999999], [40.8831823, 54.7963956], [40.88302079999999, 54.7964735], [40.88297669999999, 54.7965506], [40.88299729999999, 54.796632699999996], [40.8831339, 54.796758], [40.8831486, 54.7968435], [40.8831072, 54.79702679999999], [40.88334189999999, 54.7970555], [40.89187729999999, 54.7980315], [40.8929886, 54.79815959999999], [40.8953317, 54.7984278], [40.8998933, 54.7989439], [40.9016382, 54.79912709999999], [40.9033499, 54.799327100000006], [40.9051446, 54.7995402], [40.910484999999994, 54.8001503], [40.9113034, 54.80023059999999], [40.9119204, 54.799552799999994], [40.912905, 54.79838540000001], [40.91393529999999, 54.7970706], [40.9147994, 54.7959737], [40.9171031, 54.793043199999985], [40.9173607, 54.79271630000001], [40.9184886, 54.793371400000005], [40.9197869, 54.79420970000001], [40.9319221, 54.8015429], [40.934691099999995, 54.80320119999999], [40.9370674, 54.8045912], [40.9392589, 54.80587220000001], [40.9412198, 54.8070383], [40.9454803, 54.809383499999996], [40.9466082, 54.810063500000005], [40.948920199999996, 54.8103723], [40.95056739999999, 54.81029809999999], [40.9520713, 54.8102047], [40.9522811, 54.8094661], [40.9563421, 54.80987429999999], [40.9563442, 54.8124995], [40.956487499999994, 54.812527], [40.9595369, 54.8128765], [40.960712699999995, 54.8129783], [40.9627816, 54.81260120000001], [40.96538439999999, 54.812110399999995], [40.96701289999999, 54.81183029999999], [40.9731179, 54.81073020000001], [40.976532899999995, 54.811261699999996], [40.978923800000004, 54.81161849999999], [40.98149339999999, 54.81198], [40.984426400000004, 54.8123881], [40.9963103, 54.8118842], [40.9987075, 54.81177170000001], [41.000578999999995, 54.811693899999995], [41.00243819999999, 54.8116244], [41.004532, 54.8115466], [41.0063122, 54.811478400000006], [41.0073612, 54.81144369999999], [41.0164471, 54.807797300000004], [41.01993889999999, 54.8064146], [41.0210481, 54.8060792], [41.0218313, 54.805842299999995], [41.022186999999995, 54.80573470000001], [41.0241848, 54.80513], [41.0231296, 54.8041638], [41.0228574, 54.80391710000001], [41.02073029999999, 54.802438499999994], [41.020134199999994, 54.8018063], [41.01927, 54.8008795], [41.0173818, 54.7996642], [41.016318299999995, 54.7990128], [41.0089836, 54.7995576], [41.0077538, 54.7996319], [41.00333349999999, 54.79995400000001], [40.99815699999999, 54.80046049999999], [40.996802599999995, 54.8006305], [40.99032789999999, 54.80110580000001], [40.98491949999999, 54.7949735], [40.984396, 54.79440949999999], [40.98390989999999, 54.793804699999995], [40.9833532, 54.7932982], [40.9829793, 54.7916215], [40.9826989, 54.790463399999986], [40.985033699999995, 54.7900598], [40.986897, 54.78972439999998], [40.9869593, 54.7891471], [40.987138, 54.7871373], [40.9872294, 54.78587240000001], [40.9872252, 54.7851286], [40.9873914, 54.78435480000001], [40.9903431, 54.78484349999999], [40.9919883, 54.78170629999999], [40.9925284, 54.780780199999995], [40.99535759999999, 54.7808641], [41.0007584, 54.781101299999996], [41.0024991, 54.779706899999994], [41.002868899999996, 54.7794145]]]]}}, {"type": "Feature", "properties": {"id": "mo-61610000", "name": "Клепиковский муниципальный район", "region": "Рязанская область", "isCity": false, "sourceOktmo": "61-610-000-000", "sourceAgg": "Рязань", "excelNames": ["Клепиковский муниципальный район"], "oktmo": "61610000", "vgp": [{"year": 2019, "value": 5059432.843219406}, {"year": 2020, "value": 6613917.017148661}, {"year": 2021, "value": 7853582.742654651}, {"year": 2022, "value": 8566046.854557946}, {"year": 2023, "value": 9174375.436058521}, {"year": 2024, "value": 9100404.594520995}], "population": [{"year": 2019, "value": 23225.0}, {"year": 2020, "value": 22895.0}, {"year": 2021, "value": 22559.0}, {"year": 2022, "value": 21385.0}, {"year": 2023, "value": 20955.0}, {"year": 2024, "value": 20755.0}, {"year": 2025, "value": 20341.0}], "shipments": [{"year": 2019, "value": 2398295.8}, {"year": 2020, "value": 2638215.4}, {"year": 2021, "value": 2810563.2}, {"year": 2022, "value": 3180447.8}, {"year": 2023, "value": 3152588.7}, {"year": 2024, "value": 3148855.1}], "employees": [{"year": 2019, "value": 2663.0}, {"year": 2020, "value": 3136.0}, {"year": 2021, "value": 3185.0}, {"year": 2022, "value": 2988.0}, {"year": 2023, "value": 3066.0}, {"year": 2024, "value": 2954.0}], "investments": [{"year": 2019, "value": 0.0}, {"year": 2020, "value": 0.0}, {"year": 2021, "value": 0.0}, {"year": 2022, "value": 518866.0}, {"year": 2023, "value": 697222.0}, {"year": 2024, "value": 298632.0}], "vgp2024": 9100404.594520995, "pop2024": 20755.0, "ship2024": 3148855.1, "emp2024": 2954.0, "inv2024": 298632.0}, "geometry": {"type": "MultiPolygon", "coordinates": [[[[41.104313, 55.10262780000001], [41.1042546, 55.1029464], [41.1045464, 55.103150899999996], [41.1051203, 55.103206599999986], [41.1059374, 55.103202399999994], [41.1064432, 55.1032274], [41.106827499999994, 55.103354], [41.10704629999999, 55.1035043], [41.1071314, 55.10367539999999], [41.10700990000001, 55.10382560000001], [41.1066718, 55.10393139999999], [41.1059301, 55.104044099999996], [41.1054948, 55.1042263], [41.105259000000004, 55.10448509999999], [41.1051617, 55.1048843], [41.10522, 55.1053991], [41.10540490000001, 55.1060376], [41.1056943, 55.10647860000001], [41.1057137, 55.1070796], [41.105852299999995, 55.1074538], [41.1060396, 55.1076763], [41.106263299999995, 55.10784879999999], [41.1065575, 55.107960099999985], [41.1078245, 55.1082536], [41.1080993, 55.10840799999999], [41.1081479, 55.108632], [41.1080896, 55.10887399999999], [41.10732599999999, 55.11018989999999], [41.1071144, 55.11032900000001], [41.106684, 55.1103888], [41.1063022, 55.110508499999995], [41.1059836, 55.1107408], [41.1058985, 55.1110426], [41.106037099999995, 55.1113403], [41.106222, 55.1115725], [41.106489399999994, 55.111779799999994], [41.1070658, 55.1121484], [41.1071971, 55.1122944], [41.1071533, 55.112396], [41.1069685, 55.1124572], [41.1065429, 55.1124155], [41.1059739, 55.11238759999999], [41.105541, 55.11249889999999], [41.105045, 55.1127451], [41.1032187, 55.114186000000004], [41.10292439999999, 55.1143043], [41.10243079999999, 55.1143043], [41.1021171, 55.114340399999996], [41.1018861, 55.11448510000001], [41.1017912, 55.1146645], [41.1017693, 55.1148717], [41.1018861, 55.11532369999999], [41.1020514, 55.1155741], [41.1022873, 55.1157062], [41.1025548, 55.1157396], [41.1028685, 55.11567839999999], [41.1032138, 55.1155435], [41.10411599999999, 55.1149454], [41.1046753, 55.114716], [41.1050255, 55.1146228], [41.105375699999996, 55.114629699999995], [41.1055192, 55.11472710000001], [41.105599399999996, 55.1149232], [41.10509359999999, 55.11584109999998], [41.10508140000001, 55.1162444], [41.1053052, 55.116948199999996], [41.105254099999996, 55.117209599999995], [41.105013299999996, 55.1174641], [41.10460969999999, 55.11777839999999], [41.10458289999999, 55.11785489999999], [41.104694800000004, 55.11788829999999], [41.105579999999996, 55.1178452], [41.1058402, 55.11790219999999], [41.106022499999995, 55.1180149], [41.10614170000001, 55.1181943], [41.1061539, 55.1184307], [41.10588150000001, 55.11885349999999], [41.1059447, 55.1190537], [41.1062122, 55.1191691], [41.1064992, 55.11919280000001], [41.106761799999994, 55.1191288], [41.1071947, 55.1189939], [41.1078148, 55.1189675], [41.1087048, 55.1190078], [41.10942459999999, 55.11911070000001], [41.1097918, 55.119247], [41.1100253, 55.11941949999999], [41.110108, 55.11960030000001], [41.1098769, 55.12016070000001], [41.109837999999996, 55.12034839999999], [41.109920699999996, 55.12053339999999], [41.110338999999996, 55.1208073], [41.11059399999999, 55.12112200000001], [41.1110445, 55.1212538], [41.111158, 55.1200561], [41.11180449999999, 55.1185103], [41.11195579999999, 55.1181405], [41.1130804, 55.115872799999984], [41.1130254, 55.11545579999999], [41.1185107, 55.1150349], [41.1191298, 55.1139393], [41.11913669999999, 55.1138311], [41.1206842, 55.11023329999999], [41.1265066, 55.109814300000004], [41.1263622, 55.10590299999999], [41.1211525, 55.105286199999995], [41.1222324, 55.1025278], [41.1223046, 55.1023626], [41.1228136, 55.1012115], [41.12667569999999, 55.10119970000001], [41.1312325, 55.1011427], [41.1314835, 55.0984903], [41.1205649, 55.09891360000001], [41.1137383, 55.09919300000001], [41.11064309999999, 55.0992953], [41.100261499999995, 55.099750699999994], [41.0996418, 55.09943989999999], [41.0995008, 55.0990789], [41.0999015, 55.0978992], [41.099879099999995, 55.0975903], [41.099481899999994, 55.0969704], [41.09948359999999, 55.0964745], [41.0998224, 55.096029800000004], [41.0997484, 55.095771000000006], [41.0993134, 55.0952908], [41.09940629999999, 55.0944781], [41.0994355, 55.0940638], [41.09963559999999, 55.093458999999996], [41.0980362, 55.0935684], [41.09704289999999, 55.0952579], [41.0954744, 55.094936999999994], [41.0954004, 55.0939107], [41.0940198, 55.093804799999994], [41.0948146, 55.09026589999999], [41.0880504, 55.0888109], [41.0875727, 55.08865740000001], [41.08690709999999, 55.08889020000001], [41.086398599999995, 55.0891442], [41.0859764, 55.08948809999999], [41.0856621, 55.08984609999999], [41.0853663, 55.0900507], [41.0849379, 55.090211200000006], [41.0845219, 55.0901442], [41.08424449999999, 55.090004799999996], [41.0839271, 55.0896063], [41.084036, 55.0890751], [41.083805999999996, 55.0889399], [41.08350969999999, 55.0888526], [41.083293899999994, 55.0888526], [41.083124, 55.0889225], [41.0829718, 55.0891742], [41.0828701, 55.0896768], [41.0825748, 55.09053490000001], [41.08227190000001, 55.0909602], [41.0819211, 55.0912732], [41.0811715, 55.091643499999996], [41.08051559999999, 55.0918169], [41.080014399999996, 55.0919004], [41.079297499999996, 55.092144799999986], [41.078029300000004, 55.0926486], [41.07711189999999, 55.09307379999999], [41.076658699999996, 55.09319479999999], [41.075397, 55.0932571], [41.0743706, 55.093195999999985], [41.0725071, 55.092935100000005], [41.07158479999999, 55.0926731], [41.0703645, 55.0924748], [41.069978899999995, 55.0923289], [41.0695278, 55.0920621], [41.0692467, 55.09182640000001], [41.0691595, 55.0915795], [41.0692358, 55.09138], [41.0694755, 55.0911917], [41.06969, 55.0896626], [41.067298599999994, 55.0898477], [41.0658133, 55.091380300000004], [41.0643356, 55.0929181], [41.06536799999999, 55.09370820000001], [41.06524159999999, 55.09424419999999], [41.0650845, 55.094688600000005], [41.0620721, 55.09391089999999], [41.0591811, 55.0947099], [41.0591106, 55.094186], [41.0590829, 55.0937998], [41.060287800000005, 55.09382630000001], [41.0613756, 55.09325489999999], [41.0616592, 55.0932443], [41.0628949, 55.0932479], [41.0637331, 55.09324959999999], [41.0641091, 55.093180899999986], [41.063579000000004, 55.0928264], [41.062938, 55.092132499999984], [41.06266339999999, 55.09199659999999], [41.061804800000004, 55.091937900000005], [41.06176779999999, 55.0918332], [41.061844099999995, 55.0917297], [41.0623191, 55.091533899999995], [41.0631297, 55.09123340000001], [41.0630861, 55.0911212], [41.06107329999999, 55.090963299999984], [41.0608271, 55.0907737], [41.06100579999999, 55.0902998], [41.06065499999999, 55.089686300000004], [41.06068549999999, 55.089498], [41.060807499999996, 55.08936949999999], [41.0609731, 55.0892922], [41.06120839999999, 55.089286], [41.0617314, 55.0894768], [41.0620452, 55.08947799999999], [41.0622261, 55.089407], [41.062300199999996, 55.089288499999995], [41.062274, 55.08919740000001], [41.0621694, 55.089125100000004], [41.061798, 55.08900269999999], [41.061628, 55.088864300000004], [41.06166069999999, 55.0887558], [41.0618154, 55.0886535], [41.06207469999999, 55.088621100000005], [41.06241899999999, 55.0886086], [41.06261729999999, 55.0885413], [41.0626696, 55.0884565], [41.0626129, 55.0883492], [41.062504, 55.088311799999985], [41.0620006, 55.08828439999999], [41.0618524, 55.0881983], [41.0617871, 55.088049899999994], [41.0619788, 55.087688199999995], [41.062248999999994, 55.0873764], [41.0627415, 55.0873316], [41.06284389999999, 55.0872118], [41.0626478, 55.08703599999999], [41.0622251, 55.0869325], [41.06156699999999, 55.086829], [41.0613033, 55.086698], [41.06060599999999, 55.08600710000001], [41.0597039, 55.0855493], [41.0603837, 55.0848611], [41.06093289999999, 55.0841864], [41.0607978, 55.083974299999994], [41.0605995, 55.083601400000006], [41.061207399999994, 55.08318479999999], [41.0615604, 55.0826547], [41.061364299999994, 55.082189500000005], [41.061242299999996, 55.0810295], [41.0618285, 55.080313499999995], [41.06165339999999, 55.078314899999995], [41.0610477, 55.0780093], [41.0583151, 55.078803900000004], [41.05512379999999, 55.0788326], [41.05499089999999, 55.0792742], [41.05484489999999, 55.0795099], [41.0532236, 55.07880269999999], [41.0516307, 55.07872909999999], [41.0503625, 55.079073399999984], [41.050092299999996, 55.0791083], [41.049449499999994, 55.079196800000005], [41.048248599999994, 55.078764], [41.04823119999999, 55.0783224], [41.0472833, 55.0782975], [41.047065399999994, 55.0782376], [41.0468366, 55.078174], [41.0467756, 55.0781553], [41.0465838, 55.078094099999994], [41.0454349, 55.0777532], [41.04541869999999, 55.077747], [41.0437401, 55.077140299999996], [41.0407482, 55.0786436], [41.0396914, 55.0780783], [41.039395, 55.0779274], [41.0403865, 55.0777081], [41.0413889, 55.07749100000001], [41.04153699999999, 55.0772615], [41.040534699999995, 55.07694459999999], [41.0392664, 55.076488000000005], [41.0373794, 55.0757196], [41.0360371, 55.07535529999999], [41.03589319999999, 55.0739805], [41.0339713, 55.0729326], [41.0322498, 55.07208169999999], [41.03124749999999, 55.0714854], [41.0301885, 55.071645], [41.0289638, 55.071472899999996], [41.02738179999999, 55.0703874], [41.0271465, 55.0699482], [41.0252638, 55.0691322], [41.0244139, 55.0690025], [41.0198204, 55.068535799999985], [41.0146778, 55.06955399999998], [41.012389799999994, 55.06898], [41.011692499999995, 55.06879789999999], [41.010310999999994, 55.06753020000001], [41.005688799999994, 55.0663607], [41.0044099, 55.06483949999999], [41.0020031, 55.0644513], [40.9930899, 55.0599784], [40.9914055, 55.05963389999999], [40.9887775, 55.0581575], [40.98632829999999, 55.0567734], [40.9856922, 55.0574654], [40.9844022, 55.0586998], [40.98376369999999, 55.05913910000001], [40.9833148, 55.0593699], [40.9827526, 55.059444799999994], [40.9823255, 55.0593288], [40.9822405, 55.05910790000001], [40.9821316, 55.0583091], [40.9818287, 55.0579809], [40.9812839, 55.05770379999999], [40.98080449999999, 55.05758279999999], [40.98012249999999, 55.05777500000001], [40.97956899999999, 55.057812399999996], [40.97893919999999, 55.0577076], [40.9781526, 55.0576576], [40.9776972, 55.0575104], [40.977516300000005, 55.0573094], [40.9777669, 55.05706980000001], [40.9782572, 55.05683269999999], [40.9781526, 55.0566679], [40.9775141, 55.0562835], [40.9775795, 55.055819199999995], [40.9779826, 55.0551165], [40.97791939999999, 55.05481199999999], [40.97755329999999, 55.0545935], [40.977063099999995, 55.05441750000001], [40.9763788, 55.05440999999999], [40.9757273, 55.0545698], [40.9752958, 55.055256299999996], [40.97486659999999, 55.055413599999994], [40.9742586, 55.0554011], [40.97338599999999, 55.05523229999999], [40.9722857, 55.0550847], [40.9714672, 55.0550204], [40.9707852, 55.05505529999999], [40.970382, 55.05496170000001], [40.9700443, 55.05453109999999], [40.9699375, 55.0540718], [40.969347, 55.05354760000001], [40.9692751, 55.0533129], [40.9696106, 55.05321429999999], [40.97001379999999, 55.05328419999999], [40.9705106, 55.05344769999999], [40.970830899999996, 55.053421500000006], [40.9711861, 55.05323799999999], [40.9712144, 55.0530283], [40.9710314, 55.05267380000001], [40.96979869999999, 55.0518611], [40.96921639999999, 55.051792699999986], [40.9682117, 55.0518227], [40.96761169999999, 55.0515447], [40.9668512, 55.05132999999999], [40.9657682, 55.050579799999994], [40.965352, 55.05042629999999], [40.9646917, 55.0503851], [40.96354329999999, 55.05059980000001], [40.96308789999999, 55.0506373], [40.9627131, 55.050847], [40.9613403, 55.0508108], [40.9597191, 55.05049989999999], [40.9581567, 55.050094200000004], [40.95595579999999, 55.0498583], [40.95515389999999, 55.04988699999999], [40.9529422, 55.04974099999998], [40.9524519, 55.04955999999999], [40.95218169999999, 55.0493328], [40.95241479999999, 55.0490282], [40.952292799999995, 55.04876349999999], [40.95101149999999, 55.04836279999999], [40.9501769, 55.0480108], [40.9498697, 55.0477624], [40.94902859999999, 55.04734409999999], [40.9488564, 55.047173099999995], [40.9488521, 55.0469958], [40.9487126, 55.0467924], [40.94739859999999, 55.0461295], [40.9471894, 55.04589099999999], [40.9468299, 55.0459397], [40.9464159, 55.0461007], [40.9457861, 55.04622680000001], [40.945853699999994, 55.04664129999999], [40.9456554, 55.04678109999998], [40.94508449999999, 55.0468123], [40.9447489, 55.0469397], [40.9445746, 55.0471581], [40.94463559999999, 55.047324200000006], [40.94507359999999, 55.04768120000001], [40.9449668, 55.04784969999999], [40.9447554, 55.0479846], [40.9445092, 55.048062], [40.9442869, 55.0479683], [40.9440472, 55.0479184], [40.943663699999995, 55.04792839999999], [40.94306879999999, 55.0481369], [40.9427725, 55.0481581], [40.94248480000001, 55.048128099999985], [40.94216230000001, 55.04805319999999], [40.9420185, 55.0479396], [40.942012000000005, 55.047794800000005], [40.9422604, 55.047612599999994], [40.942905399999994, 55.04737909999999], [40.94304489999999, 55.04728299999999], [40.9430252, 55.047196799999995], [40.9429185, 55.047129399999996], [40.9427224, 55.04708449999999], [40.942421599999996, 55.04710070000001], [40.9419357, 55.047173099999995], [40.9410823, 55.0471867], [40.9409232, 55.0472915], [40.940587699999995, 55.04782209999999], [40.9405092, 55.0480505], [40.94043729999999, 55.0483389], [40.940178, 55.04840260000001], [40.9399339, 55.0483601], [40.93990779999999, 55.048287699999996], [40.93996009999999, 55.0481604], [40.93997099999999, 55.04797560000001], [40.93991, 55.047897], [40.939628899999995, 55.047769699999996], [40.9391887, 55.04762359999999], [40.938975199999994, 55.0472903], [40.938779, 55.0471679], [40.93841299999999, 55.0470706], [40.9378573, 55.0470194], [40.93728419999999, 55.0470219], [40.9367285, 55.047054300000006], [40.9364736, 55.047138], [40.9363145, 55.04726910000001], [40.9361685, 55.0475387], [40.9359898, 55.0476935], [40.9357545, 55.04776720000001], [40.9351487, 55.0477647], [40.93485449999999, 55.04768099999998], [40.934473200000006, 55.047468800000004], [40.934142, 55.04723039999999], [40.9338783, 55.047164200000005], [40.9336277, 55.0471342], [40.9333837, 55.047076800000006], [40.93279749999999, 55.046774699999986], [40.93234859999999, 55.046571199999995], [40.93184089999999, 55.0464052], [40.9313288, 55.046299], [40.930856, 55.0462491], [40.9305929, 55.0462844], [40.9303834, 55.04637979999999], [40.93015489999999, 55.0465832], [40.929985, 55.04685789999999], [40.92974089999999, 55.046924100000005], [40.92944680000001, 55.0468841], [40.9291025, 55.0467156], [40.928832299999996, 55.04642969999998], [40.92849449999999, 55.04596279999999], [40.928219899999995, 55.04564440000001], [40.92803249999999, 55.04557079999999], [40.92781899999999, 55.0455695], [40.9277035, 55.0456494], [40.9275945, 55.045999], [40.927503, 55.046073899999996], [40.92732, 55.0461026], [40.9261673, 55.0459391], [40.925838199999994, 55.0458379], [40.92572489999999, 55.045778000000006], [40.92567700000001, 55.045673099999995], [40.9256879, 55.045574499999994], [40.92580769999999, 55.04552079999999], [40.9262261, 55.04539599999999], [40.9262196, 55.04530360000001], [40.9260322, 55.0450851], [40.925476499999995, 55.0446307], [40.92513, 55.0443885], [40.924648399999995, 55.0441251], [40.9242322, 55.043960299999995], [40.9239642, 55.04375419999999], [40.9238901, 55.0436606], [40.9238988, 55.043538299999994], [40.92406009999999, 55.043450899999996], [40.92426710000001, 55.0434858], [40.924513299999994, 55.0435982], [40.9247683, 55.04367559999999], [40.92487510000001, 55.04367559999999], [40.9249426, 55.0436369], [40.92493389999999, 55.0435869], [40.9248707, 55.043538299999994], [40.92447409999999, 55.0433922], [40.92440439999999, 55.0432673], [40.9246114, 55.04282789999999], [40.92462449999999, 55.0427117], [40.9245635, 55.0426031], [40.9243804, 55.042413299999986], [40.92404919999999, 55.042188599999996], [40.92324289999999, 55.04171789999999], [40.922992400000005, 55.0415406], [40.92284639999999, 55.0414107], [40.922778799999996, 55.041231], [40.9227984, 55.040744], [40.92281580000001, 55.0404306], [40.9227505, 55.0403082], [40.9225827, 55.04021209999999], [40.922234, 55.0401834], [40.9219878, 55.04023209999999], [40.9217852, 55.04023829999999], [40.9216784, 55.0401796], [40.9214343, 55.0397976], [40.9213689, 55.039462900000004], [40.9213058, 55.039373000000005], [40.921151, 55.0393493], [40.9208983, 55.0394567], [40.920785, 55.03948919999999], [40.9207065, 55.0394442], [40.9206542, 55.03937549999999], [40.920558299999996, 55.03921319999999], [40.9203208, 55.0391171], [40.9200615, 55.039144499999985], [40.9198501, 55.039107099999995], [40.919643099999995, 55.0390521], [40.91936419999999, 55.0390571], [40.9190744, 55.03884360000001], [40.918948, 55.0387812], [40.91869309999999, 55.0387999], [40.918501299999996, 55.0388873], [40.9182943, 55.03904459999999], [40.91812869999999, 55.03908210000001], [40.917427, 55.0390521], [40.9172331, 55.039148299999994], [40.9171176, 55.03929440000001], [40.9172985, 55.0396702], [40.91734639999999, 55.0399636], [40.91729190000001, 55.0401622], [40.917156799999994, 55.0402396], [40.916934499999996, 55.04024329999999], [40.91676019999999, 55.0401484], [40.9165881, 55.039815], [40.916130499999994, 55.03937929999999], [40.9159997, 55.03918949999999], [40.91596049999999, 55.0389447], [40.915862399999995, 55.0387837], [40.91558129999999, 55.03854640000001], [40.9157666, 55.0384203], [40.9178253, 55.03624829999999], [40.9187606, 55.036785800000004], [40.9184902, 55.03700109999999], [40.91924219999999, 55.0378434], [40.9202358, 55.0381044], [40.9214362, 55.03848239999999], [40.92365029999999, 55.04052359999999], [40.925526100000006, 55.041995799999995], [40.92693380000001, 55.0425477], [40.9285518, 55.04393199999999], [40.9310751, 55.0452079], [40.931999499999996, 55.045950299999994], [40.9348346, 55.0465753], [40.93791399999999, 55.0469277], [40.93832449999999, 55.0437709], [40.939723599999994, 55.04293750000001], [40.9372952, 55.0420405], [40.9346699, 55.04108539999999], [40.9352243, 55.0388374], [40.9353414, 55.0377108], [40.934780599999996, 55.0364817], [40.9344416, 55.035754100000005], [40.93394239999999, 55.0345744], [40.9319393, 55.0329672], [40.92937529999999, 55.03160729999999], [40.9278345, 55.0301272], [40.92689769999999, 55.02858], [40.925702, 55.026492100000006], [40.925985499999996, 55.02573259999999], [40.92716269999999, 55.02562660000001], [40.92673739999999, 55.0253086], [40.92662649999999, 55.025132], [40.9267189, 55.02498709999999], [40.9269593, 55.02486700000001], [40.92784069999999, 55.0246515], [40.9280256, 55.02450309999998], [40.92794539999999, 55.0241604], [40.92757559999999, 55.0238884], [40.9271319, 55.0236622], [40.926571, 55.02347499999999], [40.9263491, 55.02329129999999], [40.9259657, 55.022780999999995], [40.9256345, 55.02256859999999], [40.9252706, 55.0224075], [40.9248631, 55.02235500000001], [40.924492599999994, 55.02239], [40.9241745, 55.02248620000001], [40.92405029999999, 55.022432499999994], [40.9240133, 55.022299999999994], [40.924104799999995, 55.0218803], [40.92405029999999, 55.02175170000001], [40.9239261, 55.0216755], [40.92293239999999, 55.021426899999994], [40.92275159999999, 55.021279500000006], [40.9226295, 55.0210034], [40.92248349999999, 55.0208997], [40.9222765, 55.02087349999999], [40.921627199999996, 55.0211146], [40.9213395, 55.0211383], [40.9211696, 55.021020899999996], [40.92120229999999, 55.0209222], [40.921625, 55.02064360000001], [40.9216381, 55.020503700000006], [40.92145719999999, 55.02046370000001], [40.9197009, 55.02059860000001], [40.9192041, 55.0205737], [40.9189077, 55.02047120000001], [40.9187486, 55.0203088], [40.9187399, 55.020005299999994], [40.918552500000004, 55.019777899999994], [40.918075300000005, 55.01952429999999], [40.9177746, 55.019217000000005], [40.9176329, 55.0188759], [40.917354, 55.0186473], [40.91679400000001, 55.018318799999996], [40.9163059, 55.01808139999999], [40.91577199999999, 55.0179215], [40.9149353, 55.0178877], [40.9146672, 55.0178028], [40.914401399999996, 55.01765910000001], [40.91379559999999, 55.0171519], [40.91366699999999, 55.01692829999999], [40.913752, 55.016767099999996], [40.91407449999999, 55.01643229999999], [40.9140026, 55.0162761], [40.913776, 55.0161849], [40.91330099999999, 55.0160737], [40.9131637, 55.0159913], [40.9130896, 55.0158901], [40.912987199999996, 55.0154066], [40.9127736, 55.015172899999996], [40.912538299999994, 55.01504919999999], [40.9119892, 55.0149943], [40.91147049999999, 55.01482310000001], [40.9108604, 55.0148393], [40.91059669999999, 55.0147956], [40.910089, 55.0145107], [40.90911059999999, 55.0141746], [40.9086552, 55.01407589999999], [40.908343599999995, 55.01387979999999], [40.9079666, 55.01347369999999], [40.90791649999999, 55.01332000000001], [40.9079666, 55.013166299999995], [40.9084024, 55.0127228], [40.9083784, 55.012580299999996], [40.9078271, 55.01215800000001], [40.907474099999995, 55.01203309999999], [40.906787699999995, 55.0120181], [40.9066852, 55.01186880000001], [40.9208549, 55.00988180000001], [40.9358475, 55.0076969], [40.9353864, 55.0065335], [40.9386965, 55.006591900000004], [40.9449431, 55.0068814], [40.94763189999999, 55.003065199999995], [40.94933549999999, 55.000879899999994], [40.94976259999999, 55.000250799999996], [40.9505052, 55.003268399999996], [40.951243, 55.006288500000004], [40.96678399999999, 55.004863400000005], [40.9821746, 55.0034159], [40.9979681, 55.00190719999999], [40.9979098, 55.001609300000005], [40.99615769999999, 54.9939671], [40.9960121, 54.993246], [40.9959102, 54.99278660000001], [40.99420659999999, 54.985287500000005], [40.994104699999994, 54.984906], [41.012897599999995, 54.983455000000006], [41.011247399999995, 54.9744082], [41.00953899999999, 54.965710399999985], [41.00770429999999, 54.95844319999999], [41.00694229999999, 54.95605769999999], [40.9982205, 54.9556703], [40.9901345, 54.95536930000001], [40.9887561, 54.955316399999994], [40.985785699999994, 54.9552327], [40.98471299999999, 54.9507008], [40.9743653, 54.9516151], [40.9737604, 54.9516707], [40.97262059999999, 54.9517756], [40.96924479999999, 54.9520861], [40.953165, 54.9535689], [40.93894409999999, 54.954895499999985], [40.9225828, 54.95653149999999], [40.9198502, 54.9472249], [40.92052, 54.9471497], [40.9187436, 54.94018859999999], [40.916447899999994, 54.9315559], [40.914089, 54.9225309], [40.911720499999994, 54.91332249999999], [40.896262, 54.9148123], [40.88070629999999, 54.9163131], [40.8785756, 54.908584999999995], [40.873227, 54.90908159999999], [40.863189899999995, 54.9103372], [40.8599234, 54.901190199999995], [40.8443969, 54.9026832], [40.82895779999999, 54.904318499999995], [40.8284239, 54.90348689999999], [40.8252836, 54.89866730000001], [40.822619, 54.8947654], [40.8230413, 54.8947403], [40.82859859999999, 54.8943886], [40.830146899999995, 54.89337539999999], [40.8386212, 54.88789849999999], [40.8404558, 54.886703700000005], [40.8426496, 54.8843921], [40.84436289999999, 54.8825661], [40.845222, 54.88158329999999], [40.8496096, 54.877674199999994], [40.850371599999995, 54.87702079999999], [40.8532935, 54.87456900000001], [40.8450958, 54.8710585], [40.8418828, 54.86978220000001], [40.8388202, 54.868584000000006], [40.8351655, 54.86711209999999], [40.833175499999996, 54.8663161], [40.8272785, 54.8640535], [40.821942, 54.861746499999995], [40.818211399999996, 54.8614443], [40.815963499999995, 54.8612724], [40.8123976, 54.86100969999999], [40.8071261, 54.860505999999994], [40.80687559999999, 54.8604823], [40.802767499999995, 54.8601307], [40.8020674, 54.8600694], [40.7952343, 54.8595065], [40.7940365, 54.85938399999999], [40.7889641, 54.85904620000001], [40.7884356, 54.85900079999999], [40.7847393, 54.858740000000004], [40.78144459999999, 54.8583271], [40.77951929999999, 54.8582382], [40.77845539999999, 54.8581276], [40.77536659999999, 54.85783519999998], [40.7757475, 54.858597800000005], [40.7761728, 54.8596665], [40.77086299999999, 54.86006600000001], [40.7630197, 54.8606359], [40.74816779999999, 54.86170859999999], [40.74366369999999, 54.8620662], [40.7361504, 54.8626025], [40.728559499999996, 54.863152799999995], [40.721643199999995, 54.863661199999996], [40.7166295, 54.86407179999999], [40.7130039, 54.86431619999999], [40.7024037, 54.8650494], [40.6970916, 54.865433499999995], [40.6963759, 54.8619754], [40.6957444, 54.85926529999999], [40.69514039999999, 54.85643639999999], [40.69442659999999, 54.853235899999994], [40.6935205, 54.8494187], [40.69319109999999, 54.84794860000001], [40.692490899999996, 54.844992399999995], [40.69163979999999, 54.8410875], [40.69091219999999, 54.837806699999994], [40.6899787, 54.83345829999999], [40.6856544, 54.814137699999996], [40.68474839999999, 54.8100715], [40.6841718, 54.80738160000001], [40.6834305, 54.80424049999999], [40.6827465, 54.801231400000006], [40.68154620000001, 54.79661449999999], [40.60329629999999, 54.79594490000001], [40.5795801, 54.7957419], [40.5788688, 54.8076307], [40.5817137, 54.8154179], [40.586692299999996, 54.82955419999999], [40.5945158, 54.8477805], [40.54793049999999, 54.8690683], [40.5045457, 54.86927300000001], [40.4856614, 54.87871350000001], [40.4828533, 54.880117199999994], [40.4515593, 54.8758208], [40.4487144, 54.86988689999998], [40.44373579999999, 54.8678405], [40.4366236, 54.8633381], [40.4344899, 54.8594493], [40.341319299999995, 54.8727516], [40.3359851, 54.87745759999999], [40.274108399999996, 54.846756799999994], [40.254194, 54.85146580000001], [40.2527716, 54.8471663], [40.22183329999999, 54.8635428], [40.18484949999999, 54.858835199999994], [40.17631479999999, 54.854946000000005], [40.1684913, 54.8516705], [40.159245299999995, 54.8506469], [40.1514219, 54.850442099999995], [40.055050699999995, 54.9067039], [40.0696308, 54.9152897], [40.0305134, 54.9098113], [39.98463039999999, 54.9372555], [39.9763787, 54.934000000000005], [39.9792618, 54.9287448], [39.978349699999995, 54.928097], [39.9749616, 54.92975919999999], [39.97371059999999, 54.932035299999995], [39.9517864, 54.9415358], [39.9428628, 54.9518345], [39.9317952, 54.9523102], [39.93349679999999, 54.9579376], [39.936225199999996, 54.9601821], [39.9317051, 54.964390300000005], [39.93549219999999, 54.9652085], [39.93541069999999, 54.9660267], [39.93752829999999, 54.9671021], [39.937691199999996, 54.9680605], [39.94359579999999, 54.9703512], [39.9440283, 54.9715834], [39.9363881, 54.9738338], [39.94175239999999, 54.9768084], [39.937929800000006, 54.97963959999999], [39.9312215, 54.982038499999994], [39.9265564, 54.9839378], [39.9243151, 54.9860164], [39.9094077, 54.9890369], [39.8927548, 54.993308899999995], [39.887746, 54.9927716], [39.8837553, 54.9926548], [39.879520199999995, 54.9929351], [39.8740635, 54.9963457], [39.804256, 55.0052163], [39.8055545, 55.00826949999998], [39.8124438, 55.022544499999995], [39.8171348, 55.0321139], [39.818155, 55.0343639], [39.8203513, 55.0375938], [39.82224969999999, 55.0402504], [39.8238564, 55.0426084], [39.82686569999999, 55.04702459999999], [39.82957079999999, 55.0511145], [39.8320081, 55.0547688], [39.8334774, 55.0571874], [39.83408719999999, 55.05835639999999], [39.8348908, 55.059664500000004], [39.83903879999999, 55.06745359999999], [39.8406835, 55.0705415], [39.84452389999999, 55.07733859999999], [39.84708559999999, 55.082235600000004], [39.84941369999999, 55.0827973], [39.849331600000006, 55.0830136], [39.84920879999999, 55.08333720000001], [39.848605899999995, 55.08492559999999], [39.8523206, 55.092209600000004], [39.8563109, 55.100032399999996], [39.8563526, 55.10011419999999], [39.85783719999999, 55.10184999999999], [39.86256459999999, 55.11114210000001], [39.859603, 55.113715199999994], [39.853723599999995, 55.113884000000006], [39.846955, 55.1140261], [39.8432168, 55.1140928], [39.8362795, 55.1152296], [39.8342559, 55.115608099999996], [39.8310408, 55.1184329], [39.8286725, 55.12051269999999], [39.826850199999996, 55.1247465], [39.82605039999999, 55.126742099999994], [39.8252838, 55.1293002], [39.82372320000001, 55.134035999999995], [39.8231044, 55.13605450000001], [39.81917249999999, 55.135576099999994], [39.8119867, 55.13480199999999], [39.8077326, 55.13442800000001], [39.7990592, 55.137607900000006], [39.79858649999999, 55.1372065], [39.78854929999999, 55.1286815], [39.78745179999999, 55.1277459], [39.786671999999996, 55.12732509999999], [39.7866615, 55.12732929999999], [39.7858528, 55.12757119999999], [39.785095899999995, 55.1269077], [39.7852718, 55.12675900000001], [39.785036899999994, 55.12644269999999], [39.7837257, 55.125735], [39.78359549999999, 55.12562170000001], [39.7827348, 55.12586050000001], [39.782069, 55.12619579999999], [39.7809262, 55.1254821], [39.77905689999999, 55.123416899999995], [39.77862149999999, 55.12307810000001], [39.77513729999999, 55.116365], [39.7682357, 55.11744169999999], [39.7646603, 55.11810009999999], [39.759325700000005, 55.11907920000001], [39.7559655, 55.119470299999996], [39.750445500000005, 55.119391199999995], [39.74718239999999, 55.119321600000006], [39.7412947, 55.11926249999999], [39.7322303, 55.11881840000001], [39.731552799999996, 55.1189179], [39.71421209999999, 55.11784190000001], [39.7107122, 55.11769520000001], [39.70563889999999, 55.117414100000005], [39.70875149999999, 55.12167459999999], [39.7114973, 55.125632899999985], [39.7151437, 55.13018599999999], [39.7263526, 55.13900029999999], [39.7320003, 55.1424921], [39.7339075, 55.1436715], [39.73843219999999, 55.1470855], [39.74075719999999, 55.147245899999994], [39.74883990000001, 55.1486715], [39.75393819999999, 55.15041209999998], [39.75384340000001, 55.151996700000005], [39.75385529999999, 55.1537821], [39.754593099999994, 55.1545945], [39.754683699999994, 55.1550132], [39.754964, 55.15630869999999], [39.7563494, 55.1574035], [39.7566948, 55.1576572], [39.7597162, 55.1605614], [39.76053650000001, 55.1614565], [39.76748609999999, 55.16568900000001], [39.76787579999999, 55.16594369999999], [39.7684922, 55.1664483], [39.77038639999999, 55.16859], [39.7691229, 55.171460100000004], [39.77199709999999, 55.1748691], [39.7734012, 55.17613479999999], [39.784906, 55.17879250000001], [39.7855948, 55.1808039], [39.78325819999999, 55.18399229999999], [39.78450289999999, 55.18618969999999], [39.78806579999999, 55.18653049999999], [39.791542699999994, 55.18706029999999], [39.7948367, 55.187952999999986], [39.79974959999999, 55.1866244], [39.80209659999999, 55.186957699999994], [39.805781599999996, 55.18805249999999], [39.8069222, 55.18859260000001], [39.807573899999994, 55.18887120000001], [39.808158899999995, 55.1890816], [39.8131814, 55.19084790000001], [39.812670399999995, 55.1948002], [39.821544, 55.199209200000006], [39.83785429999999, 55.20452619999999], [39.8431376, 55.2032328], [39.843653499999995, 55.20301839999999], [39.8440492, 55.20286709999999], [39.8443683, 55.2027544], [39.8447003, 55.20267510000001], [39.8449638, 55.202641], [39.845258, 55.2025999], [39.8455131, 55.2025458], [39.8457416, 55.2025143], [39.8459465, 55.2024765], [39.846144599999995, 55.2024631], [39.8463467, 55.202456399999996], [39.84652899999999, 55.2024388], [39.84673049999999, 55.20241430000001], [39.8468817, 55.202399199999995], [39.8470564, 55.2023861], [39.84730929999999, 55.2023855], [39.847445500000006, 55.2023818], [39.8476513, 55.2023706], [39.847822699999995, 55.202375399999994], [39.8479751, 55.2023937], [39.8481395, 55.2024208], [39.8482837, 55.202430299999996], [39.8483992, 55.20245009999999], [39.8485485, 55.2024602], [39.8486886, 55.2024619], [39.8488206, 55.2024549], [39.8489388, 55.20243909999999], [39.84907080000001, 55.202431000000004], [39.849413299999995, 55.20243149999999], [39.850423899999996, 55.20245469999999], [39.8510515, 55.20248769999999], [39.8514728, 55.202514199999996], [39.85213889999999, 55.2025356], [39.8524891, 55.202533899999985], [39.8528012, 55.2025571], [39.85355450000001, 55.2026222], [39.8539685, 55.20266649999999], [39.854192499999996, 55.2026762], [39.8543894, 55.202686299999996], [39.8546695, 55.2027387], [39.85504579999999, 55.2027589], [39.8552603, 55.2027765], [39.8554032, 55.2028039], [39.8557692, 55.20286209999999], [39.85615249999999, 55.202918999999994], [39.85646669999999, 55.20294880000001], [39.8569757, 55.20298089999999], [39.857309099999995, 55.20299719999999], [39.8574781, 55.2029942], [39.85824579999999, 55.203023400000006], [39.85850949999999, 55.20299369999999], [39.8587305, 55.20297229999999], [39.859128899999995, 55.202958900000006], [39.8595097, 55.202943499999996], [39.8598677, 55.2029394], [39.8602859, 55.2028835], [39.8610978, 55.20284100000001], [39.861416299999995, 55.20282069999998], [39.8617723, 55.2028189], [39.8622218, 55.2028227], [39.8625519, 55.2028023], [39.8629157, 55.2027993], [39.8638126, 55.202771899999995], [39.86413099999999, 55.202748199999995], [39.8642392, 55.2027259], [39.864669899999996, 55.202747699999996], [39.86489689999999, 55.2027574], [39.865147699999994, 55.2027534], [39.8655293, 55.2027586], [39.86580949999999, 55.2027576], [39.8660851, 55.202739], [39.8662982, 55.2027099], [39.86660969999999, 55.2026607], [39.867002799999995, 55.20266509999999], [39.8678306, 55.20263010000001], [39.8681285, 55.20269569999999], [39.8682752, 55.20271189999999], [39.8685038, 55.202742699999995], [39.8688523, 55.20274989999999], [39.86920279999999, 55.2027569], [39.869640399999994, 55.202804300000004], [39.8700506, 55.20285359999999], [39.87089709999999, 55.20288240000001], [39.8711629, 55.20291769999999], [39.8725116, 55.20300919999999], [39.8727535, 55.2030277], [39.8729006, 55.2030349], [39.8736592, 55.2030824], [39.875416, 55.2032438], [39.87619589999999, 55.2032883], [39.876409, 55.20331809999999], [39.8771685, 55.2033362], [39.8774022, 55.20334239999999], [39.8785569, 55.20347610000001], [39.879567, 55.203538], [39.8801399, 55.20356700000001], [39.8812902, 55.203743], [39.8819144, 55.203787099999985], [39.8823582, 55.2037864], [39.8826239, 55.20382120000001], [39.8828552, 55.2038675], [39.88311999999999, 55.2039847], [39.88340169999999, 55.20413719999999], [39.883758, 55.2044225], [39.8848428, 55.2052814], [39.8858287, 55.2060379], [39.886503600000005, 55.206412900000004], [39.886808, 55.20655189999999], [39.88733419999999, 55.20668380000001], [39.88777999999999, 55.206798899999995], [39.888202, 55.2068463], [39.89009769999999, 55.2070225], [39.89036479999999, 55.2070362], [39.8910356, 55.20707409999999], [39.8916913, 55.207125399999995], [39.8918711, 55.2071523], [39.892230399999995, 55.2071826], [39.8929082, 55.207199299999985], [39.894702499999994, 55.20748019999999], [39.8969898, 55.2077781], [39.897172, 55.2078121], [39.897776699999994, 55.2078796], [39.8979659, 55.207890299999995], [39.9004341, 55.20836220000001], [39.9043669, 55.2103615], [39.90543159999999, 55.210886800000004], [39.907488699999995, 55.212066099999994], [39.9077888, 55.212185], [39.9080145, 55.212293700000004], [39.9082783, 55.21237510000001], [39.9085582, 55.212365199999994], [39.90876939999999, 55.2123917], [39.90937029999999, 55.212540399999995], [39.91023429999999, 55.2127573], [39.91073999999999, 55.21290940000001], [39.910995799999995, 55.21293539999999], [39.9125234, 55.21287300000001], [39.91316930000001, 55.212865399999984], [39.9134663, 55.21289749999999], [39.9137807, 55.2129829], [39.9147329, 55.21326770000001], [39.9167495, 55.21388089999999], [39.91772979999999, 55.2142591], [39.91895449999999, 55.214706], [39.9200763, 55.21494200000001], [39.9210398, 55.215102099999996], [39.9216003, 55.215212400000006], [39.9219708, 55.2152314], [39.9222339, 55.21529389999999], [39.922507, 55.215310699999996], [39.922821299999995, 55.215281399999995], [39.92306119999999, 55.2152419], [39.923352, 55.2152117], [39.9236157, 55.2151819], [39.92423509999999, 55.2151946], [39.924724299999994, 55.2151576], [39.925016899999996, 55.21506959999999], [39.92542890000001, 55.2150514], [39.9258342, 55.2148508], [39.926301599999995, 55.214644899999996], [39.9272183, 55.2143715], [39.92874259999999, 55.2140927], [39.93028150000001, 55.2138096], [39.93187449999999, 55.213418100000005], [39.932524199999996, 55.2133691], [39.9333838, 55.21350149999999], [39.9340697, 55.213665199999994], [39.9347698, 55.2142033], [39.9351729, 55.2147445], [39.93589229999999, 55.21504749999999], [39.9369759, 55.2152972], [39.93811899999999, 55.215475], [39.93929179999999, 55.215398699999994], [39.94126549999999, 55.21508130000001], [39.9424496, 55.2147657], [39.9434961, 55.21448000000001], [39.94439859999999, 55.2141091], [39.94500479999999, 55.2136567], [39.9451718, 55.213325299999994], [39.9452702, 55.2128255], [39.9454028, 55.212196299999995], [39.945641, 55.211772100000005], [39.94564489999999, 55.2115608], [39.94565519999999, 55.21100929999999], [39.9459766, 55.2104356], [39.94692969999999, 55.2099045], [39.948224399999994, 55.2091831], [39.9487714, 55.20873829999999], [39.9503513, 55.2079737], [39.952996799999994, 55.2074783], [39.9553693, 55.20743319999998], [39.9575091, 55.2081441], [39.95902540000001, 55.209218500000006], [39.96031039999999, 55.209871299999996], [39.9621137, 55.2102144], [39.9633528, 55.210252799999985], [39.96410339999999, 55.21034170000001], [39.9645397, 55.210563400000005], [39.96629279999999, 55.21248729999999], [39.966625, 55.2130486], [39.96709409999999, 55.2135192], [39.96761579999999, 55.213731], [39.9681802, 55.213835299999985], [39.968780699999996, 55.21386369999999], [39.96953430000001, 55.2138188], [39.97061579999999, 55.21359199999999], [39.9717986, 55.2131636], [39.972602599999995, 55.2128021], [39.9734027, 55.2123383], [39.974639599999996, 55.21190030000001], [39.976034999999996, 55.2115317], [39.9774164, 55.21141680000001], [39.9789364, 55.211469400000006], [39.9806252, 55.2116624], [39.983518399999994, 55.212210000000006], [39.9844986, 55.212572400000006], [39.984963, 55.212744099999995], [39.986122, 55.2131304], [39.98748369999999, 55.2133185], [39.98825659999999, 55.21172430000001], [39.98838959999999, 55.21133089999999], [39.98843469999999, 55.2096344], [39.98845519999999, 55.209251300000005], [39.988534, 55.208965500000005], [39.98872049999999, 55.2086994], [39.98881039999999, 55.208554799999995], [39.9888828, 55.20841360000001], [39.988892799999995, 55.208315600000006], [39.9889515, 55.20816799999999], [39.9890345, 55.20809899999999], [39.9890845, 55.208082899999994], [39.9892226, 55.20803], [39.98929439999999, 55.2079211], [39.9893314, 55.20782049999999], [39.989881, 55.2073263], [39.9900095, 55.2071222], [39.990128999999996, 55.2070395], [39.99024039999999, 55.206897899999994], [39.990295, 55.20664229999999], [39.99066559999999, 55.206047999999996], [39.990883, 55.20562019999999], [39.991071, 55.205344100000005], [39.9911224, 55.20495400000001], [39.9911305, 55.2046534], [39.9911583, 55.2044617], [39.991287899999996, 55.204184100000006], [39.99142849999999, 55.20399319999999], [39.991614999999996, 55.2037771], [39.9917188, 55.2036401], [39.991778499999995, 55.2034702], [39.99178679999999, 55.203278699999984], [39.99176849999999, 55.2029963], [39.9918896, 55.202494], [39.992176099999995, 55.201837399999995], [39.9923926, 55.2014951], [39.993285799999995, 55.2006205], [39.9935702, 55.2003209], [39.99391399999999, 55.199897199999995], [39.9969955, 55.201508700000005], [39.99700479999999, 55.20999410000001], [40.0006619, 55.2121141], [40.00339129999999, 55.21354099999999], [40.002990399999995, 55.2164331], [40.0055564, 55.2190821], [40.0073889, 55.22062319999999], [40.0046948, 55.224076700000005], [40.01223009999999, 55.2261146], [40.0210967, 55.228253499999994], [40.0218242, 55.22935100000001], [40.02278059999999, 55.229857100000004], [40.02481519999999, 55.2303669], [40.0259393, 55.2318186], [40.0295342, 55.23488360000001], [40.0313838, 55.2378849], [40.034254, 55.24121300000001], [40.035359699999994, 55.241915799999994], [40.0356139, 55.241826299999985], [40.03559599999999, 55.2416623], [40.03590630000001, 55.24151320000001], [40.035835799999994, 55.241346699999994], [40.035835899999995, 55.24125329999999], [40.0359957, 55.24110399999999], [40.03599349999999, 55.2409807], [40.035894, 55.2408672], [40.03590499999999, 55.240650300000006], [40.03605639999999, 55.240475], [40.0360495, 55.2402586], [40.0344626, 55.23930059999999], [40.03417319999999, 55.23887200000001], [40.0340676, 55.2383774], [40.0341356, 55.237863499999996], [40.03441949999999, 55.23746090000001], [40.034790699999995, 55.23714820000001], [40.03534, 55.236766599999996], [40.0356042, 55.2366978], [40.0358272, 55.23670649999998], [40.0361406, 55.2367991], [40.03626009999999, 55.23678950000001], [40.0363536, 55.23666020000001], [40.03639419999999, 55.2364669], [40.0366314, 55.236331], [40.0369885, 55.2362748], [40.03713449999999, 55.236216899999995], [40.0372625, 55.235997799999986], [40.0372578, 55.23574630000001], [40.0378268, 55.23591539999999], [40.03917789999999, 55.2360197], [40.0405552, 55.23608119999999], [40.04159349999999, 55.23615039999999], [40.04209829999999, 55.236291], [40.0433982, 55.23704579999999], [40.04474799999999, 55.237555], [40.048206699999994, 55.238393599999995], [40.0490162, 55.2383818], [40.05550740000001, 55.2390116], [40.0564194, 55.2392576], [40.0620089, 55.2427965], [40.06179319999999, 55.243297999999996], [40.0614364, 55.2437993], [40.0600588, 55.2448686], [40.060309399999994, 55.24534539999999], [40.06084909999999, 55.2458021], [40.0636633, 55.2480671], [40.0654559, 55.2486896], [40.075754499999995, 55.2511055], [40.0835816, 55.2540165], [40.085538099999994, 55.2547358], [40.0940461, 55.25689229999999], [40.0964287, 55.257026399999994], [40.1063035, 55.2574749], [40.1150261, 55.2581038], [40.1181986, 55.25946869999999], [40.1196807, 55.260260099999996], [40.1240137, 55.26304149999999], [40.12515119999999, 55.26391199999998], [40.1268402, 55.264791699999996], [40.1275878, 55.2649885], [40.1284797, 55.26499729999999], [40.1349489, 55.26472359999999], [40.136663999999996, 55.26465489999999], [40.14129869999999, 55.2645465], [40.1474962, 55.2645449], [40.1520096, 55.2644833], [40.1546443, 55.264389300000005], [40.156121999999996, 55.265226], [40.1542935, 55.2676021], [40.1548235, 55.2677505], [40.154995099999994, 55.26776799999999], [40.1552056, 55.267804899999994], [40.15532249999999, 55.26787199999999], [40.1554878, 55.26797669999999], [40.156084199999995, 55.26829180000001], [40.156348599999994, 55.26855569999999], [40.15662789999999, 55.2688755], [40.156673, 55.26904489999999], [40.1566364, 55.2692261], [40.156494499999994, 55.26939259999999], [40.1562, 55.2696171], [40.155927999999996, 55.2697764], [40.1558102, 55.2698341], [40.1556299, 55.2698365], [40.1555704, 55.269931299999996], [40.15553469999999, 55.27006200000001], [40.1555976, 55.2701985], [40.1557505, 55.2704495], [40.1559921, 55.2708475], [40.156209, 55.27103619999999], [40.156264799999995, 55.27123420000001], [40.156241, 55.2713819], [40.15614099999999, 55.27149], [40.155936200000006, 55.2716248], [40.1556052, 55.2717317], [40.1553729, 55.27175090000001], [40.15530249999999, 55.2717292], [40.1552671, 55.2716809], [40.155264, 55.2716457], [40.1552992, 55.2716144], [40.1552851, 55.2715821], [40.1552211, 55.271564], [40.1551458, 55.2715795], [40.15506799999999, 55.2716131], [40.1549854, 55.271683900000006], [40.154854400000005, 55.27172999999999], [40.1548122, 55.27177839999999], [40.154810899999994, 55.2718263], [40.1547878, 55.27187909999999], [40.1546651, 55.271964000000004], [40.1544957, 55.272010599999994], [40.154378699999995, 55.27208989999999], [40.15431279999999, 55.2721776], [40.15428769999999, 55.272262], [40.154219299999994, 55.2723641], [40.1542379, 55.27239470000001], [40.1542653, 55.27244399999999], [40.15423659999999, 55.2725122], [40.1541468, 55.272600999999995], [40.15415939999999, 55.2726714], [40.15425, 55.272718999999995], [40.15438629999999, 55.2728002], [40.1543579, 55.2728906], [40.154166, 55.27313230000001], [40.1537985, 55.2733524], [40.1531545, 55.2734769], [40.1525527, 55.2735484], [40.152095599999996, 55.2734913], [40.152088199999994, 55.273532800000005], [40.1520686, 55.2735828], [40.1520632, 55.27362839999999], [40.152046399999996, 55.273659599999995], [40.1520309, 55.27372410000001], [40.15311229999999, 55.273920399999994], [40.15916779999999, 55.2753306], [40.161086, 55.277918299999996], [40.1630678, 55.280635399999994], [40.1664433, 55.28542980000001], [40.1697285, 55.29243790000001], [40.1726357, 55.298374899999985], [40.1759543, 55.3052664], [40.1795024, 55.312063499999994], [40.183003899999996, 55.313836200000004], [40.1843651, 55.314438100000004], [40.1914902, 55.314893299999994], [40.2056882, 55.315762], [40.19952899999999, 55.321714], [40.1788993, 55.3348338], [40.1808772, 55.33591569999999], [40.1974622, 55.345813], [40.20007919999999, 55.347374], [40.20214239999999, 55.3485537], [40.201045799999996, 55.3507423], [40.199937899999995, 55.35300959999999], [40.1992376, 55.354286], [40.19613389999999, 55.359131199999986], [40.1909226, 55.36500730000001], [40.1961116, 55.3637299], [40.1990727, 55.363803100000005], [40.20107769999999, 55.36448709999999], [40.205700199999995, 55.36649439999999], [40.20837649999999, 55.36649439999999], [40.21044469999999, 55.364244], [40.213242699999995, 55.361811], [40.21689219999999, 55.361020299999986], [40.219507699999994, 55.3612637], [40.2223055, 55.36235859999999], [40.2243128, 55.3612638], [40.22547120000001, 55.360105999999995], [40.2196296, 55.3555462], [40.2168936, 55.3537843], [40.2097153, 55.351774899999995], [40.2072824, 55.35153160000001], [40.2077082, 55.34952440000001], [40.21233109999999, 55.34447599999999], [40.213791, 55.3437461], [40.218961, 55.3444153], [40.222975399999996, 55.344962800000005], [40.2279581, 55.345725299999984], [40.22772309999999, 55.351813799999995], [40.2373279, 55.3531086], [40.24623759999999, 55.35095009999999], [40.2587386, 55.35673450000001], [40.2611724, 55.356998399999995], [40.2675907, 55.35872650000001], [40.2758604, 55.3604547], [40.277958700000006, 55.360578099999984], [40.277835499999995, 55.3566284], [40.2784098, 55.3467341], [40.2956594, 55.33521209999999], [40.299313299999994, 55.3352753], [40.310175, 55.338608], [40.3126436, 55.3391018], [40.314124699999994, 55.3410767], [40.3182986, 55.3420642], [40.3300468, 55.348482800000006], [40.334366900000006, 55.348482800000006], [40.33720580000001, 55.34860629999999], [40.3445171, 55.35088279999999], [40.3480675, 55.35070480000001], [40.3584357, 55.3499644], [40.3638667, 55.349775], [40.3583814, 55.3429806], [40.35536749999999, 55.338996], [40.35127729999999, 55.3379915], [40.3400453, 55.33564619999999], [40.33313329999999, 55.3333009], [40.33177559999999, 55.3323134], [40.334345000000006, 55.33118559999999], [40.330665, 55.32613909999999], [40.32695379999999, 55.3219481], [40.3250423, 55.316637699999994], [40.32548169999999, 55.31083649999999], [40.32572869999999, 55.308121], [40.33165329999999, 55.3073805], [40.3381952, 55.3063932], [40.34343979999999, 55.304881999999985], [40.3466404, 55.3032068], [40.3498497, 55.3006496], [40.3518474, 55.296573599999995], [40.354611899999995, 55.29627219999998], [40.354611999999996, 55.2933098], [40.3580682, 55.289607000000004], [40.36991749999999, 55.2899774], [40.3812731, 55.2897308], [40.382005, 55.29256970000001], [40.394355999999995, 55.30429569999999], [40.41904209999999, 55.3044195], [40.4224981, 55.3035556], [40.4305589, 55.299617299999994], [40.4358288, 55.29911229999999], [40.44348149999999, 55.2992358], [40.450293499999994, 55.30119659999999], [40.4844863, 55.325184], [40.4905584, 55.325055799999994], [40.4961072, 55.32819370000001], [40.4934258, 55.3313528], [40.4936861, 55.33609289999999], [40.496207, 55.3392337], [40.499786799999995, 55.33960069999999], [40.5008744, 55.34367160000001], [40.5063052, 55.347498], [40.5122326, 55.3494815], [40.5154208, 55.3502989], [40.5177423, 55.3508941], [40.5256162, 55.351373599999995], [40.5465431, 55.35490440000001], [40.5524677, 55.35539820000001], [40.55851869999999, 55.3545315], [40.560677299999995, 55.354106599999994], [40.5678965, 55.35613899999999], [40.5869051, 55.3484866], [40.5849304, 55.34354940000001], [40.5713016, 55.337501100000004], [40.57104069999999, 55.3341025], [40.568638099999994, 55.3329342], [40.570275699999996, 55.3308622], [40.568828399999994, 55.3289976], [40.564527299999995, 55.3285754], [40.562305699999996, 55.32602279999999], [40.55916729999999, 55.3238463], [40.55430009999999, 55.323644599999994], [40.54950689999999, 55.3239235], [40.5454337, 55.323800000000006], [40.54333549999999, 55.32120789999999], [40.531486599999994, 55.31219730000001], [40.53259769999999, 55.3067664], [40.5311166, 55.3051618], [40.527195299999995, 55.3023474], [40.5299125, 55.29614639999999], [40.5320139, 55.295814099999994], [40.53284729999999, 55.2951448], [40.53452329999999, 55.2937987], [40.5405262, 55.29024480000001], [40.54068279999999, 55.2867209], [40.5502492, 55.286647499999994], [40.55506299999999, 55.285906999999995], [40.5610104, 55.283791799999996], [40.56407359999999, 55.28109339999999], [40.568267399999996, 55.28041880000001], [40.568031999999995, 55.277772199999994], [40.5648144, 55.2768968], [40.561410200000005, 55.2757859], [40.5599358, 55.274266700000005], [40.5565646, 55.2735037], [40.5554339, 55.272082899999994], [40.554940499999994, 55.26517080000001], [40.55765619999999, 55.26060390000001], [40.5625935, 55.25751820000001], [40.56753079999999, 55.25690110000001], [40.5751835, 55.2557904], [40.579873899999996, 55.2551733], [40.58629229999999, 55.25455620000001], [40.58826719999999, 55.2539391], [40.5892632, 55.25151949999999], [40.5896252, 55.2480145], [40.6077038, 55.2406004], [40.6017218, 55.2391277], [40.601228199999994, 55.2351779], [40.602339199999996, 55.2324625], [40.6047495, 55.2310039], [40.6045649, 55.228990399999994], [40.61314689999999, 55.223372100000006], [40.61295489999999, 55.217774399999996], [40.6007356, 55.211109], [40.59707619999999, 55.20653639999999], [40.5997485, 55.20370320000001], [40.6002509, 55.200482699999995], [40.60604349999999, 55.2034564], [40.6233233, 55.210985900000004], [40.628260499999996, 55.2129609], [40.6304964, 55.211833], [40.6238172, 55.2074065], [40.6229533, 55.20580180000001], [40.6267796, 55.2057473], [40.63017829999999, 55.2046223], [40.6336917, 55.20654259999999], [40.63714769999999, 55.206912900000006], [40.6414734, 55.20813879999999], [40.647268999999994, 55.2070911], [40.6475159, 55.204814799999994], [40.6506016, 55.20604910000001], [40.653317, 55.209011499999995], [40.6541809, 55.2113567], [40.6562791, 55.21222070000001], [40.6597352, 55.2120973], [40.662525099999996, 55.21185049999998], [40.66775779999999, 55.21987360000001], [40.672201199999996, 55.2212314], [40.676274299999996, 55.2233297], [40.67898989999999, 55.2209846], [40.69059219999999, 55.2232065], [40.69935569999999, 55.224317500000005], [40.7071589, 55.2265526], [40.7078724, 55.2245645], [40.7079959, 55.22258959999999], [40.7040462, 55.2213553], [40.70231819999999, 55.220491200000005], [40.701824499999994, 55.2201209], [40.7010841, 55.217158600000005], [40.700096699999996, 55.21468999999999], [40.7014547, 55.2103699], [40.702936, 55.20765449999998], [40.7051577, 55.207160800000004], [40.7102183, 55.2083952], [40.7142914, 55.2101233], [40.718488, 55.2118514], [40.720586299999994, 55.21148110000001], [40.7259975, 55.2082145], [40.7332996, 55.212962499999996], [40.73910059999999, 55.2170357], [40.74255649999999, 55.21888719999998], [40.7489747, 55.223207399999986], [40.756991799999994, 55.22833409999999], [40.7590671, 55.23074810000001], [40.7594092, 55.2318371], [40.7596576, 55.231904799999995], [40.7599707, 55.2318925], [40.76011110000001, 55.2316708], [40.7600463, 55.2313814], [40.7603379, 55.2312767], [40.7605971, 55.2313013], [40.7609967, 55.2314799], [40.761306499999996, 55.231751999999986], [40.7617654, 55.23159040000001], [40.7620084, 55.2316596], [40.7623324, 55.23182899999999], [40.7627509, 55.23185209999998], [40.763169299999994, 55.23167500000001], [40.763385299999996, 55.2315365], [40.763844299999995, 55.23147490000001], [40.764370799999995, 55.2315981], [40.7645193, 55.2316211], [40.7649917, 55.2315288], [40.7652752, 55.2314672], [40.76601769999999, 55.231397900000005], [40.7665441, 55.23119009999999], [40.76688159999999, 55.2310592], [40.7673271, 55.23123619999999], [40.76784, 55.2311747], [40.768271999999996, 55.231182399999994], [40.7691899, 55.231020699999995], [40.7695274, 55.23086669999999], [40.76971639999999, 55.230766700000004], [40.7703914, 55.2307282], [40.7708503, 55.23072049999999], [40.7712148, 55.23080519999999], [40.77159279999999, 55.23086669999999], [40.772375700000005, 55.2308513], [40.7729427, 55.2307359], [40.7731722, 55.23015079999999], [40.7736582, 55.22982749999999], [40.7739416, 55.22971969999999], [40.7743871, 55.2297351], [40.77467059999999, 55.22994289999999], [40.7749271, 55.2299276], [40.775223999999994, 55.22978899999999], [40.77531849999999, 55.2295426], [40.77534549999999, 55.2293656], [40.77554799999999, 55.22918850000001], [40.775818, 55.22911919999999], [40.776385, 55.229173100000004], [40.776546999999994, 55.2290807], [40.77685739999999, 55.2289345], [40.77708689999999, 55.228919100000006], [40.7774784, 55.2290268], [40.77754589999999, 55.2290268], [40.777879999999996, 55.2288248], [40.7783356, 55.22854569999999], [40.77887559999999, 55.2284494], [40.7794999, 55.22857450000001], [40.7800567, 55.22847829999999], [40.7806304, 55.2282281], [40.7895705, 55.226672499999985], [40.81410509999999, 55.236932800000005], [40.8146806, 55.2364288], [40.815576699999994, 55.2362733], [40.816160999999994, 55.236450999999995], [40.817212899999994, 55.238405699999994], [40.818420599999996, 55.23882780000001], [40.819901, 55.23845020000001], [40.8203296, 55.2377838], [40.820991899999996, 55.2377394], [40.821771, 55.23789490000001], [40.8218489, 55.23838349999999], [40.8230177, 55.23851679999999], [40.82500389999999, 55.2374723], [40.82569169999999, 55.237733799999994], [40.826456, 55.2381986], [40.8269146, 55.23800980000001], [40.82681269999999, 55.237733799999994], [40.8271184, 55.2371237], [40.827678899999995, 55.23658619999999], [40.8276025, 55.2360197], [40.8274241, 55.2355693], [40.8278572, 55.2354822], [40.8284432, 55.23570009999999], [40.8291311, 55.235830799999995], [40.829462299999996, 55.2356129], [40.8295897, 55.2349447], [40.829436799999996, 55.23458149999999], [40.8288763, 55.2342474], [40.828417699999996, 55.234014900000005], [40.8289527, 55.2335064], [40.83009919999999, 55.23321589999999], [40.8307361, 55.23285270000001], [40.83086350000001, 55.232663800000005], [40.83032849999999, 55.2321118], [40.83017559999999, 55.23173400000001], [40.8303794, 55.231312700000004], [40.831296599999995, 55.231051199999996], [40.832086399999994, 55.2311674], [40.8323411, 55.2316614], [40.8330035, 55.231922899999994], [40.83376779999999, 55.2320537], [40.8344812, 55.231922899999994], [40.8347105, 55.2316904], [40.8345831, 55.23128369999999], [40.83425189999999, 55.231051199999996], [40.8338952, 55.231312700000004], [40.8332583, 55.2314144], [40.833028999999996, 55.231051199999996], [40.833538499999996, 55.2307752], [40.8342009, 55.2303829], [40.8345831, 55.230077800000004], [40.8343283, 55.2298163], [40.8339717, 55.2296855], [40.8336659, 55.229133399999995], [40.8330035, 55.2288719], [40.83218829999999, 55.2286975], [40.83216279999999, 55.2284796], [40.83264689999999, 55.2281744], [40.832544999999996, 55.22778209999999], [40.8319845, 55.2273172], [40.832315699999995, 55.226983], [40.8331564, 55.22680859999999], [40.8334366, 55.2264744], [40.8342009, 55.2261112], [40.8350162, 55.2258787], [40.8347869, 55.22567529999999], [40.8343538, 55.225617099999994], [40.833564, 55.2256607], [40.83267229999999, 55.225777], [40.8320354, 55.225617099999994], [40.8318826, 55.225341099999994], [40.83239209999999, 55.22519579999999], [40.8328762, 55.22519579999999], [40.8337933, 55.2251667], [40.83417549999999, 55.2249051], [40.83443019999999, 55.224629099999994], [40.834099, 55.224382], [40.8334112, 55.224251300000006], [40.8328762, 55.224440200000004], [40.8323411, 55.2246872], [40.831729700000004, 55.2246], [40.84837739999999, 55.21640289999999], [40.85475449999999, 55.2212341], [40.8594447, 55.22518389999999], [40.8554948, 55.2274056], [40.8542605, 55.2280228], [40.860185, 55.229874300000006], [40.8649988, 55.2308618], [40.8685781, 55.23308359999999], [40.870059299999994, 55.23345389999999], [40.8731451, 55.2322197], [40.8830195, 55.232837], [40.8907955, 55.2351823], [40.9006698, 55.2369104], [40.9031384, 55.2376511], [40.9054846, 55.27123449999999], [40.905728700000004, 55.2752973], [40.9286179, 55.27516860000001], [40.9648159, 55.2740725], [40.96799519999999, 55.271110099999994], [40.978946900000004, 55.27367879999999], [40.9823464, 55.2710309], [41.0020913, 55.2718809], [41.00465849999999, 55.2709611], [41.0030233, 55.2639361], [40.9934488, 55.25703889999999], [40.9999401, 55.2482223], [41.0058413, 55.2445191], [41.00953499999999, 55.24308359999999], [41.01382379999999, 55.241525700000004], [41.019162599999994, 55.2407386], [41.0206439, 55.23851679999999], [41.0276794, 55.2396278], [41.0283293, 55.2389481], [41.02868110000001, 55.238580099999986], [41.03212320000001, 55.23172829999999], [41.0343451, 55.22913629999999], [41.03928249999999, 55.2244461], [41.0416277, 55.223705499999994], [41.0426153, 55.2219775], [41.04891030000001, 55.219879299999995], [41.05236639999999, 55.218891899999996], [41.0552052, 55.2211137], [41.057426899999996, 55.2224715], [41.059337, 55.2224386], [41.0598381, 55.2210017], [41.0613768, 55.2182749], [41.0686507, 55.2173507], [41.07166039999999, 55.20929400000001], [41.0643396, 55.2074131], [41.0595259, 55.20654900000001], [41.0615012, 55.19852599999999], [41.06384669999999, 55.189515699999994], [41.0643405, 55.187911099999994], [41.0695246, 55.1870472], [41.072857299999995, 55.1854426], [41.074709, 55.1797648], [41.0781651, 55.1797649], [41.078782399999994, 55.1758151], [41.08003959999999, 55.1714598], [41.0808724, 55.170174399999986], [41.082661, 55.170789000000006], [41.0831218, 55.1688082], [41.0839608, 55.1684985], [41.0866293, 55.16750929999999], [41.0873686, 55.1658424], [41.0883389, 55.1636102], [41.08745369999999, 55.161834799999994], [41.0893627, 55.1605317], [41.0878525, 55.159481500000005], [41.090829, 55.15732519999999], [41.09087280000001, 55.15713910000001], [41.0909044, 55.1569098], [41.0913981, 55.1549633], [41.09362839999999, 55.1540931], [41.0953011, 55.1547368], [41.0980563, 55.1545423], [41.100147699999994, 55.1529374], [41.099162799999995, 55.151623], [41.0990218, 55.151200499999995], [41.0994353, 55.145059799999984], [41.1005771, 55.1447591], [41.1021831, 55.144254000000004], [41.09987209999999, 55.137877499999995], [41.0999374, 55.13627339999999], [41.1001713, 55.1332733], [41.10006469999999, 55.13272280000001], [41.10010249999999, 55.1319561], [41.1001953, 55.1306938], [41.100188499999994, 55.130585700000005], [41.0993768, 55.1291248], [41.09728929999999, 55.12782709999999], [41.098076899999995, 55.124271900000004], [41.0979737, 55.12386089999999], [41.101557199999995, 55.1196032], [41.1034315, 55.11857659999999], [41.102135, 55.11791579999999], [41.1026096, 55.11632850000001], [41.1012064, 55.1154061], [41.1002263, 55.1137499], [41.098977899999994, 55.1116432], [41.0988679, 55.110004599999996], [41.10065269999999, 55.1085056], [41.10036040000001, 55.10706949999999], [41.09806309999999, 55.10506079999998], [41.1020181, 55.1034022], [41.1038752, 55.102617200000005], [41.104313, 55.10262780000001]]]]}}, {"type": "Feature", "properties": {"id": "mo-61625000", "name": "Пронский муниципальный район", "region": "Рязанская область", "isCity": false, "sourceOktmo": "61-625-000-000", "sourceAgg": "Рязань", "excelNames": ["Пронский муниципальный район"], "oktmo": "61625000", "vgp": [{"year": 2019, "value": 12413461.918437716}, {"year": 2020, "value": 11914712.76805145}, {"year": 2021, "value": 12928366.916896066}, {"year": 2022, "value": 15839518.616075043}, {"year": 2023, "value": 16710029.091122508}, {"year": 2024, "value": 17871045.39445026}], "population": [{"year": 2019, "value": 28655.0}, {"year": 2020, "value": 28427.0}, {"year": 2021, "value": 28123.0}, {"year": 2022, "value": 30269.0}, {"year": 2023, "value": 30144.0}, {"year": 2024, "value": 29852.0}, {"year": 2025, "value": 29510.0}], "shipments": [{"year": 2019, "value": 14420371.6}, {"year": 2020, "value": 14019239.7}, {"year": 2021, "value": 19610391.9}, {"year": 2022, "value": 19777869.8}, {"year": 2023, "value": 24186385.1}, {"year": 2024, "value": 32984113.6}], "employees": [{"year": 2019, "value": 5665.0}, {"year": 2020, "value": 5475.0}, {"year": 2021, "value": 5408.0}, {"year": 2022, "value": 5257.0}, {"year": 2023, "value": 5228.0}, {"year": 2024, "value": 5098.0}], "investments": [{"year": 2019, "value": 0.0}, {"year": 2020, "value": 0.0}, {"year": 2021, "value": 868.0}, {"year": 2022, "value": 728205.0}, {"year": 2023, "value": 791826.0}, {"year": 2024, "value": 1549783.0}], "vgp2024": 17871045.39445026, "pop2024": 29852.0, "ship2024": 32984113.6, "emp2024": 5098.0, "inv2024": 1549783.0}, "geometry": {"type": "MultiPolygon", "coordinates": [[[[39.929441, 54.09568889999999], [39.922995199999995, 54.08398449999999], [39.9234504, 54.08024619999999], [39.913934399999995, 54.0761072], [39.91025, 54.0745046], [39.90699059999999, 54.0760144], [39.90592579999999, 54.07650759999999], [39.902739499999996, 54.071566700000005], [39.89591169999999, 54.069696999999984], [39.8888257, 54.068110299999994], [39.87861469999999, 54.06582379999999], [39.875589899999994, 54.0640157], [39.8511248, 54.052530499999996], [39.8440206, 54.0326868], [39.8362825, 54.02720589999999], [39.8488001, 54.0269386], [39.8451586, 54.0245321], [39.8458414, 54.0201199], [39.8449785, 54.012711], [39.8439672, 54.0078605], [39.8427328, 54.00173159999999], [39.8083877, 53.99491619999999], [39.8067615, 53.99648390000001], [39.7812051, 53.997249], [39.7730118, 53.9963125], [39.776198099999995, 53.9949747], [39.7743774, 53.9939043], [39.7743774, 53.99216489999999], [39.7707359, 53.99149589999998], [39.7700531, 53.9878831], [39.74979739999999, 53.9927001], [39.73978329999999, 53.991228299999996], [39.738468, 53.9904095], [39.735914199999996, 53.9888198], [39.732045199999995, 53.9817272], [39.7263554, 53.97516879999999], [39.7179344, 53.9731609], [39.7115619, 53.970082000000005], [39.7042902, 53.9676446], [39.7001971, 53.96256429999999], [39.698384, 53.9610547], [39.697923, 53.961073], [39.6976156, 53.9610639], [39.697294899999996, 53.9610639], [39.6939138, 53.9609682], [39.6880247, 53.9609355], [39.67540149999999, 53.9610023], [39.672455799999994, 53.9588936], [39.6677399, 53.962121499999995], [39.6655172, 53.963687099999994], [39.66177069999999, 53.9663866], [39.661449399999995, 53.96661900000001], [39.6582316, 53.96901570000001], [39.6563222, 53.969644], [39.65608889999999, 53.9697199], [39.6540384, 53.97007740000001], [39.63087099999999, 53.9738514], [39.626286699999994, 53.974198599999994], [39.618593999999995, 53.9748012], [39.614542699999994, 53.9750202], [39.6122645, 53.9751433], [39.6128354, 53.9720512], [39.6128701, 53.971907], [39.611698, 53.9720959], [39.60984429999999, 53.9724381], [39.609518699999995, 53.97249039999999], [39.608791499999995, 53.97263850000001], [39.6033774, 53.9735705], [39.5957314, 53.97504820000001], [39.59200479999999, 53.9747647], [39.58550619999999, 53.97525219999999], [39.5619731, 53.97702679999999], [39.559653, 53.9726636], [39.55935449999999, 53.9727414], [39.55924709999999, 53.972767], [39.5503159, 53.97505900000001], [39.549709699999994, 53.9751935], [39.54915859999999, 53.97528109999999], [39.5486859, 53.9754499], [39.5484726, 53.9755753], [39.5483083, 53.975681899999984], [39.54809809999999, 53.975766699999994], [39.547804899999996, 53.9758164], [39.54724159999999, 53.9758696], [39.5466507, 53.9759987], [39.54600599999999, 53.9761359], [39.54534759999999, 53.97633], [39.5447889, 53.976543], [39.5443776, 53.9767849], [39.54419639999999, 53.976963699999985], [39.5440506, 53.97706749999998], [39.543495, 53.9772841], [39.5430791, 53.9774033], [39.54265699999999, 53.9775116], [39.5423531, 53.9775387], [39.5420047, 53.9775522], [39.5416486, 53.977610000000006], [39.54133389999999, 53.97769929999999], [39.5410162, 53.97783829999999], [39.5406187, 53.9780459], [39.5402473, 53.9782427], [39.53977909999999, 53.9784711], [39.53925569999999, 53.978742800000006], [39.538838299999995, 53.978918799999995], [39.53851749999999, 53.979001800000006], [39.5380463, 53.97907130000001], [39.537602699999994, 53.979122800000006], [39.5372758, 53.9791806], [39.5370271, 53.9792591], [39.53673239999999, 53.97941699999999], [39.5360939, 53.97979339999999], [39.5356872, 53.97998479999999], [39.5353146, 53.9801244], [39.53506899999999, 53.98001429999999], [39.5332579, 53.9791712], [39.5216036, 53.98195020000001], [39.522050699999994, 53.97833010000001], [39.52067889999999, 53.97709950000001], [39.518582099999996, 53.97532249999999], [39.5179309, 53.9704813], [39.51750539999999, 53.9665411], [39.517587899999995, 53.9622991], [39.515161199999994, 53.96208959999999], [39.5072515, 53.96094279999999], [39.5009089, 53.9601613], [39.4966285, 53.959318399999994], [39.4944014, 53.9610425], [39.49197899999999, 53.96151499999999], [39.49057679999999, 53.9592801], [39.489903899999995, 53.957637699999985], [39.490928399999994, 53.95637589999999], [39.4922351, 53.955119100000005], [39.49380669999999, 53.95421730000001], [39.49748369999999, 53.95301669999999], [39.497476199999994, 53.952474], [39.497378399999995, 53.95245140000001], [39.4965373, 53.952429099999996], [39.4924088, 53.95267690000001], [39.489767, 53.9528111], [39.4853611, 53.952977000000004], [39.48527639999999, 53.95298600000001], [39.483514099999994, 53.95307050000001], [39.4775282, 53.9533486], [39.4769756, 53.95338480000001], [39.4747716, 53.9535004], [39.4609517, 53.9541001], [39.4526574, 53.954436099999995], [39.4452594, 53.954902100000005], [39.44043599999999, 53.9551493], [39.44040019999999, 53.9551557], [39.43899879999999, 53.9552417], [39.438447499999995, 53.955269799999996], [39.4380568, 53.95528900000001], [39.4377464, 53.955304299999995], [39.42711499999999, 53.9560543], [39.4233813, 53.9573294], [39.4215574, 53.9585162], [39.41943309999999, 53.9601448], [39.4193473, 53.961154799999996], [39.422136099999996, 53.9638407], [39.42082839999999, 53.967488499999995], [39.42044159999999, 53.9683083], [39.42012849999999, 53.9686983], [39.4199013, 53.969092], [39.41992979999999, 53.9733022], [39.420256699999996, 53.97353789999999], [39.420685, 53.97379509999999], [39.419021699999995, 53.97356079999999], [39.41512759999999, 53.9733029], [39.412878799999994, 53.9731906], [39.408403, 53.97339230000001], [39.397645399999995, 53.97426039999999], [39.392149399999994, 53.9746434], [39.38792109999999, 53.97520769999999], [39.38512529999999, 53.976060399999994], [39.380419399999994, 53.977651], [39.375259899999996, 53.9797685], [39.3740198, 53.980218], [39.373523999999996, 53.9804021], [39.373705099999995, 53.980593400000004], [39.3738417, 53.9807189], [39.37396909999999, 53.9809355], [39.3741625, 53.9811196], [39.374202399999994, 53.981194599999995], [39.3742331, 53.9813029], [39.3743206, 53.98140029999999], [39.374363599999995, 53.98148160000001], [39.3743774, 53.98161339999999], [39.3744511, 53.981740599999995], [39.3744986, 53.9818065], [39.374501699999996, 53.981853399999984], [39.3744035, 53.9819347], [39.3743298, 53.98200059999999], [39.3743114, 53.982057399999995], [39.374351299999994, 53.9821052], [39.374424999999995, 53.982132299999996], [39.3745002, 53.9821558], [39.374512499999994, 53.9822659], [39.3745355, 53.9823038], [39.37460299999999, 53.98236969999999], [39.3746117, 53.982525599999995], [39.37465159999999, 53.98260140000001], [39.37470069999999, 53.9826592], [39.3746854, 53.98277469999999], [39.37461629999999, 53.98291009999999], [39.3744997, 53.983029200000004], [39.3744598, 53.9831186], [39.37444589999999, 53.983229599999994], [39.3744106, 53.9832901], [39.3742541, 53.983370399999984], [39.374146599999996, 53.9834561], [39.374111299999996, 53.983515699999984], [39.374102099999995, 53.9835762], [39.374125199999995, 53.9837034], [39.37413589999999, 53.98377289999999], [39.3741067, 53.9838316], [39.3739993, 53.9839218], [39.373937899999994, 53.9839913], [39.373896499999994, 53.984105099999994], [39.37389949999999, 53.984161], [39.373940999999995, 53.984232299999995], [39.3739579, 53.9843144], [39.3739348, 53.9844038], [39.3738305, 53.9845653], [39.3737, 53.9846908], [39.373554199999994, 53.98476480000001], [39.37342069999999, 53.98481979999999], [39.37332239999999, 53.9848704], [39.3732917, 53.98492989999999], [39.3733009, 53.98502740000001], [39.37334239999999, 53.9851511], [39.37340989999999, 53.9852693], [39.3735081, 53.985406499999996], [39.3736893, 53.9855301], [39.3738274, 53.98565189999999], [39.373786, 53.985741299999994], [39.3736048, 53.985883], [39.37349739999999, 53.9859867], [39.3733976, 53.9860481], [39.37310759999999, 53.986152800000006], [39.3729096, 53.9862277], [39.3725504, 53.986444299999995], [39.372205099999995, 53.98674479999999], [39.37196099999999, 53.9870183], [39.3716203, 53.987280000000005], [39.371278, 53.987478499999995], [39.3709265, 53.987639999999985], [39.3705014, 53.9877953], [39.37009919999999, 53.98794050000001], [39.36987969999999, 53.988001], [39.3696296, 53.9880317], [39.369342499999995, 53.98803530000001], [39.3689865, 53.9880552], [39.3687992, 53.9880795], [39.3684155, 53.9881653], [39.36828959999999, 53.98817520000001], [39.3680364, 53.9882402], [39.3675897, 53.9884044], [39.367358, 53.9885343], [39.3670203, 53.98878609999999], [39.3667916, 53.98902799999999], [39.3664862, 53.989273399999995], [39.3662882, 53.989601], [39.36616539999999, 53.9898627], [39.366105499999996, 53.9900874], [39.36608559999999, 53.9903942], [39.3659966, 53.99066849999999], [39.36588449999999, 53.99098339999999], [39.3657924, 53.991181000000005], [39.3656696, 53.9913552], [39.3656067, 53.99156909999999], [39.3654394, 53.9915212], [39.3651846, 53.991405699999994], [39.36497889999999, 53.9913741], [39.36487759999999, 53.99134980000001], [39.364787099999994, 53.991301099999994], [39.3646781, 53.9912541], [39.3645246, 53.9912361], [39.364298999999995, 53.99119819999999], [39.3642038, 53.991158500000004], [39.363989, 53.99100330000001], [39.3639015, 53.9909645], [39.363651299999994, 53.9909293], [39.3634548, 53.990844499999994], [39.36307879999999, 53.9906315], [39.362778, 53.9904582], [39.36256, 53.9903039], [39.362118, 53.9901054], [39.36196759999999, 53.99000980000001], [39.361476399999994, 53.9898013], [39.3612308, 53.989749], [39.3609254, 53.989666], [39.36059999999999, 53.98949089999999], [39.36029, 53.98932669999999], [39.360093500000005, 53.98925539999999], [39.359820299999996, 53.98914979999999], [39.3595149, 53.98898549999999], [39.3592447, 53.9888664], [39.3588856, 53.98873919999998], [39.3585095, 53.9886282], [39.3581059, 53.9885398], [39.3576868, 53.9884152], [39.35749190000001, 53.9883647], [39.3573323, 53.9883403], [39.3571681, 53.988339399999994], [39.3568657, 53.98837999999999], [39.356525, 53.9883701], [39.35621489999999, 53.9883132], [39.3560722, 53.98829609999999], [39.3555212, 53.9881625], [39.355332399999995, 53.988135500000006], [39.3546141, 53.9880804], [39.35453269999999, 53.98806689999999], [39.354187399999994, 53.988047], [39.3537898, 53.987997400000005], [39.353596399999994, 53.987957699999995], [39.3531866, 53.987863799999985], [39.35289959999999, 53.9878214], [39.3526402, 53.9878061], [39.3523624, 53.987802499999994], [39.3520831, 53.9878241], [39.3518022, 53.9878665], [39.3514998, 53.987944199999994], [39.3512834, 53.98800820000001], [39.35090279999999, 53.98816339999998], [39.3506818, 53.988267199999996], [39.3505651, 53.988306], [39.35043619999999, 53.98832229999999], [39.3502689, 53.9883295], [39.349922, 53.9883232], [39.3496012, 53.988306], [39.3492436, 53.9882573], [39.3489428, 53.9882239], [39.3488016, 53.9882239], [39.3486573, 53.988248299999995], [39.3483104, 53.98828530000001], [39.3480679, 53.9882808], [39.3477394, 53.98822659999998], [39.3473434, 53.988094899999986], [39.3469121, 53.98795500000001], [39.3466758, 53.98792430000001], [39.3463159, 53.987929300000005], [39.34613399999999, 53.9879414], [39.34603039999999, 53.9879315], [39.3459252, 53.98789], [39.3457326, 53.98779480000001], [39.3455991, 53.987761], [39.34546089999999, 53.9877537], [39.34535429999999, 53.9877772], [39.345256, 53.9878399], [39.34518769999999, 53.98791750000001], [39.3451033, 53.9879581], [39.345012, 53.98796179999999], [39.34489, 53.9879067], [39.34472339999999, 53.987791200000004], [39.3446597, 53.9877127], [39.344531599999996, 53.987659], [39.3442377, 53.9876057], [39.344030499999995, 53.9876017], [39.343626799999996, 53.98753670000001], [39.34345329999999, 53.9875331], [39.3432715, 53.9875385], [39.34311259999999, 53.98754799999999], [39.3427174, 53.98748799999999], [39.34201899999999, 53.9873364], [39.3417113, 53.9872362], [39.34162229999999, 53.987164500000006], [39.3415294, 53.9870607], [39.3414028, 53.98702949999999], [39.3410736, 53.9870016], [39.340570899999996, 53.98699930000001], [39.340145, 53.98703309999999], [39.3398533, 53.9870715], [39.3395955, 53.9870886], [39.3394635, 53.98707830000001], [39.33924249999999, 53.98706020000001], [39.3389861, 53.9870701], [39.3387951, 53.9870304], [39.3385418, 53.986926700000005], [39.33828389999999, 53.9869456], [39.3380422, 53.986942], [39.3377322, 53.98697669999999], [39.3375035, 53.9869966], [39.3370891, 53.986995199999996], [39.3369563, 53.9870381], [39.3368291, 53.98711389999999], [39.3366994, 53.98720420000001], [39.33665, 53.9872189], [39.3365946, 53.987218199999994], [39.3365474, 53.98719269999999], [39.33645299999999, 53.987134000000005], [39.33630430000001, 53.987085500000006], [39.3361014, 53.98703379999999], [39.3358962, 53.98696039999999], [39.3357486, 53.9868737], [39.3356303, 53.9867671], [39.335572799999994, 53.986680899999996], [39.3355392, 53.98661709999999], [39.3354903, 53.986586499999994], [39.3354013, 53.9865667], [39.335254799999994, 53.986545], [39.335169099999995, 53.9865067], [39.3350909, 53.9864901], [39.33498459999999, 53.98650859999999], [39.334819599999996, 53.98655389999999], [39.3347393, 53.986559699999994], [39.3345982, 53.98653860000001], [39.3344984, 53.986501000000004], [39.33442349999999, 53.9864633], [39.33429220000001, 53.98644229999999], [39.33415209999999, 53.9863931], [39.334011100000005, 53.9863166], [39.333880799999996, 53.98628779999999], [39.3337159, 53.986266799999996], [39.33353369999999, 53.9862531], [39.333305, 53.986216999999996], [39.333059399999996, 53.9861584], [39.3328344, 53.98607719999999], [39.3326163, 53.98597440000001], [39.3323764, 53.985878699999994], [39.3322266, 53.9858015], [39.3321072, 53.985702599999996], [39.3320823, 53.985661099999994], [39.3320899, 53.985623399999994], [39.3321497, 53.985580099999986], [39.33225259999999, 53.9855088], [39.33232619999999, 53.98543930000001], [39.332383, 53.9853464], [39.3323784, 53.985244400000006], [39.3323477, 53.9851442], [39.332231099999994, 53.985027800000005], [39.3319686, 53.98485449999999], [39.3315818, 53.9845793], [39.3311229, 53.98433020000001], [39.3308958, 53.98424529999999], [39.330413799999995, 53.9840748], [39.3299319, 53.9838437], [39.329581899999994, 53.9836244], [39.3293824, 53.9834376], [39.3290923, 53.9832101], [39.3290509, 53.983145199999996], [39.3288621, 53.98290329999999], [39.32876079999999, 53.982828399999995], [39.3285889, 53.98273989999999], [39.32847219999999, 53.9827237], [39.328294199999995, 53.9827372], [39.328113099999996, 53.9827237], [39.32787059999999, 53.98265059999999], [39.327670999999995, 53.98252329999999], [39.327284199999994, 53.98228050000001], [39.3267716, 53.98202689999999], [39.3262006, 53.98172089999999], [39.325595899999996, 53.98143209999999], [39.3251554, 53.9812002], [39.32462279999999, 53.9809917], [39.3244616, 53.9809429], [39.3241577, 53.980767799999995], [39.32366499999999, 53.9805232], [39.3231938, 53.980298499999996], [39.32290989999999, 53.980181099999996], [39.3225814, 53.9799717], [39.3222637, 53.979834499999996], [39.32186469999999, 53.9796044], [39.321523899999995, 53.97947529999999], [39.321306, 53.97935979999999], [39.321175499999995, 53.97932550000001], [39.3209545, 53.9792939], [39.3206905, 53.9792172], [39.32052469999999, 53.979154], [39.32016709999999, 53.979067300000004], [39.3199215, 53.979051999999996], [39.3195654, 53.97895900000001], [39.31929679999999, 53.9789238], [39.3191372, 53.9788516], [39.3189039, 53.97879559999999], [39.31869520000001, 53.978776700000004], [39.3186154, 53.9787424], [39.318443499999994, 53.9786602], [39.318251599999996, 53.978623199999994], [39.318003000000004, 53.9786088], [39.31762539999999, 53.97869909999999], [39.31738899999999, 53.97874420000001], [39.317214, 53.9787252], [39.317054399999996, 53.9786765], [39.316848699999994, 53.9785772], [39.316574, 53.97840389999999], [39.316438899999994, 53.9783524], [39.31633459999999, 53.9783479], [39.3162149, 53.9783696], [39.316145799999994, 53.978423799999995], [39.31602449999999, 53.978542], [39.3159324, 53.978593399999994], [39.3158634, 53.9786034], [39.3155902, 53.97853389999999], [39.3154405, 53.978555599999986], [39.31507799999999, 53.9785722], [39.31478489999999, 53.9786488], [39.3145961, 53.97866919999999], [39.314429, 53.978667899999984], [39.31422489999999, 53.978625799999996], [39.3139341, 53.9785237], [39.31379729999999, 53.97846750000001], [39.3133458, 53.9782901], [39.3129942, 53.9782148], [39.31282269999999, 53.978151], [39.31266639999999, 53.9780718], [39.3125145, 53.9780399], [39.3122605, 53.9780501], [39.3119154, 53.9780808], [39.311750399999994, 53.97807050000001], [39.311537699999995, 53.97805389999999], [39.3113163, 53.9780578], [39.3110493, 53.97807050000001], [39.31086919999999, 53.97806289999999], [39.3106195, 53.978014400000006], [39.310437199999996, 53.9779454], [39.31029829999999, 53.977876499999994], [39.3102071, 53.9777757], [39.3101594, 53.9774042], [39.3099814, 53.9768246], [39.3087506, 53.97571020000001], [39.30848149999999, 53.975375699999994], [39.30828329999999, 53.97498829999999], [39.3081758, 53.974648], [39.308137499999994, 53.97444849999999], [39.3081421, 53.97433920000001], [39.3082019, 53.97421919999998], [39.308269499999994, 53.9741325], [39.3082879, 53.97402509999999], [39.3082679, 53.97392659999999], [39.308178899999994, 53.9737887], [39.308022599999994, 53.973647], [39.308000899999996, 53.97358949999999], [39.3080269, 53.973533399999994], [39.308178899999994, 53.97338529999999], [39.3082396, 53.97329080000001], [39.30825269999999, 53.9732091], [39.3082136, 53.97306480000001], [39.3081289, 53.9729103], [39.3080356, 53.972824800000005], [39.307888, 53.972748200000005], [39.30762529999999, 53.9725912], [39.307314999999996, 53.97228729999999], [39.3071153, 53.972066399999996], [39.30701969999999, 53.9719196], [39.3069373, 53.9716962], [39.3068917, 53.97150980000001], [39.3067462, 53.9711408], [39.30673759999999, 53.9708957], [39.3067528, 53.97079230000001], [39.306674599999994, 53.970279000000005], [39.30667239999999, 53.9701845], [39.3067354, 53.969933], [39.3067875, 53.96981679999998], [39.30684610000001, 53.969754300000005], [39.3068895, 53.9697121], [39.30729980000001, 53.96964320000001], [39.3100868, 53.9687366], [39.311206899999995, 53.9683012], [39.3123443, 53.9679182], [39.31269369999999, 53.967807099999995], [39.3128652, 53.96765009999999], [39.3130671, 53.9672913], [39.31321899999999, 53.96710869999999], [39.313753, 53.966808599999986], [39.3141502, 53.96653919999999], [39.3145843, 53.9663528], [39.3148947, 53.9660884], [39.31505969999999, 53.9657845], [39.3152985, 53.96539510000001], [39.31567619999999, 53.965026099999996], [39.315849799999995, 53.9649111], [39.3159779, 53.964654499999995], [39.31619489999999, 53.9644987], [39.316364199999995, 53.96427389999999], [39.3165618, 53.9641105], [39.3171565, 53.9638781], [39.3178272, 53.9636559], [39.3177491, 53.96329579999999], [39.3176731, 53.96270329999999], [39.3175016, 53.962324], [39.317349699999994, 53.9617532], [39.3172021, 53.9615603], [39.31549819999999, 53.9579142], [39.3159236, 53.95368919999999], [39.3153723, 53.952672500000006], [39.3129455, 53.9521616], [39.3131973, 53.9511269], [39.311599699999995, 53.9500131], [39.3097764, 53.9483984], [39.3095507, 53.947662599999994], [39.309555, 53.945217499999984], [39.3086295, 53.9443669], [39.28941699999999, 53.95200559999999], [39.2763077, 53.9642182], [39.2832265, 53.967003], [39.2974283, 53.990666499999996], [39.289963199999995, 53.992165099999994], [39.31017339999999, 54.0219117], [39.3118121, 54.0288638], [39.3198233, 54.036563199999996], [39.31800260000001, 54.04394049999999], [39.3195701, 54.0447272], [39.326378, 54.0518509], [39.33438929999999, 54.0538817], [39.3292384, 54.06823039999999], [39.3299155, 54.068404300000005], [39.3309984, 54.06845400000001], [39.33256149999999, 54.068387699999995], [39.3332112, 54.068293800000006], [39.3337291, 54.06828829999999], [39.334181, 54.06861980000001], [39.3343411, 54.0690619], [39.33440699999999, 54.0694376], [39.3348684, 54.069818899999994], [39.335536999999995, 54.07035479999999], [39.33635619999999, 54.0709405], [39.336968299999995, 54.07140460000001], [39.3376173, 54.071765199999994], [39.3380323, 54.071995799999996], [39.3388609, 54.07206209999999], [39.33967369999999, 54.0718425], [39.3407391, 54.0714596], [39.342377, 54.07099860000001], [39.3433891, 54.070639099999994], [39.3439217, 54.0703109], [39.344481, 54.069935900000004], [39.345133499999996, 54.0697796], [39.34593919999999, 54.06974830000001], [39.3465451, 54.06984990000001], [39.3466649, 54.07002570000001], [39.346858, 54.0701195], [39.3471443, 54.07015859999999], [39.3473574, 54.070162499999995], [39.34755049999999, 54.070217199999995], [39.3478301, 54.0701898], [39.34807649999999, 54.0702484], [39.348402799999995, 54.07021329999999], [39.3487224, 54.07022499999999], [39.3490286, 54.0703461], [39.3496745, 54.07046719999999], [39.3503536, 54.0705532], [39.3512617, 54.0707263], [39.3522033, 54.0708644], [39.35308839999999, 54.0708368], [39.3543784, 54.0707539], [39.3556308, 54.07058820000001], [39.35653479999999, 54.0705108], [39.35698669999999, 54.07038930000001], [39.3576176, 54.07028429999998], [39.3580319, 54.07027879999999], [39.3586722, 54.07021799999998], [39.3594915, 54.07023459999999], [39.3595856, 54.07036159999999], [39.3597551, 54.070544], [39.360047, 54.070632399999994], [39.360425799999994, 54.0863611], [39.3629749, 54.08999199999999], [39.3655239, 54.0924481], [39.365888, 54.10205739999999], [39.3726248, 54.105793799999994], [39.3724427, 54.1103837], [39.3653418, 54.1129453], [39.3587872, 54.1127318], [39.3489552, 54.113052], [39.343675, 54.1145462], [39.343493, 54.119348599999995], [39.3500476, 54.12916500000001], [39.355145699999994, 54.130552], [39.359697499999996, 54.1369525], [39.379725699999995, 54.13620589999999], [39.4050339, 54.1382325], [39.4043056, 54.15412249999999], [39.3968406, 54.1546556], [39.3871907, 54.15764099999999], [39.3613362, 54.1671286], [39.3718965, 54.1703262], [39.3759034, 54.172150499999994], [39.381728499999994, 54.1748024], [39.3860983, 54.17831899999999], [39.3899218, 54.18013049999999], [39.388283099999995, 54.1937676], [39.4061264, 54.196111], [39.40539809999999, 54.2051638], [39.389375599999994, 54.20303390000001], [39.3837313, 54.207613], [39.38409539999999, 54.2114464], [39.376994599999996, 54.213895199999996], [39.3942916, 54.221134499999984], [39.405417299999996, 54.2251315], [39.40511889999999, 54.2259936], [39.40511889999999, 54.226949000000005], [39.4056825, 54.2280691], [39.407147699999996, 54.229881], [39.407711299999995, 54.2312645], [39.4074295, 54.23264799999999], [39.4065842, 54.233833799999985], [39.40602059999999, 54.23459139999999], [39.4192773, 54.24052760000001], [39.42745639999999, 54.24738489999999], [39.4267452, 54.2527868], [39.43207929999999, 54.2644193], [39.4384804, 54.2667039], [39.46657379999999, 54.2637962], [39.4825764, 54.2689883], [39.48364329999999, 54.27231089999999], [39.48826619999999, 54.275217999999995], [39.5110255, 54.2745951], [39.5103142, 54.28954269999999], [39.5174265, 54.290787999999985], [39.5263168, 54.2901654], [39.5320066, 54.29348619999999], [39.524894399999994, 54.2982596], [39.5371866, 54.303479200000005], [39.5475284, 54.30730359999999], [39.55087859999999, 54.31061779999999], [39.56238569999999, 54.3141867], [39.5684243, 54.3177785], [39.5676787, 54.3186483], [39.566684499999994, 54.3200014], [39.565856, 54.32067790000001], [39.5654831, 54.320992], [39.5648203, 54.3215477], [39.5638675, 54.32186179999999], [39.5629976, 54.32229670000001], [39.5625403, 54.3224561], [39.5616389, 54.3226726], [39.56150629999999, 54.32324469999999], [39.56110859999999, 54.3236622], [39.5605519, 54.3238787], [39.5602867, 54.3243116], [39.5599951, 54.32508469999999], [39.5601277, 54.325873200000004], [39.55991559999999, 54.32650709999999], [39.5595444, 54.32704830000001], [39.5590672, 54.32738839999999], [39.5589081, 54.327867700000006], [39.55840439999999, 54.3283624], [39.557953700000006, 54.328718], [39.5576355, 54.328919], [39.5568932, 54.328919], [39.5562834, 54.3289653], [39.5562834, 54.329552799999995], [39.555726699999994, 54.3297847], [39.55515989999999, 54.33008879999999], [39.5546292, 54.33005399999999], [39.553976799999994, 54.3299548], [39.553314, 54.3299548], [39.5525717, 54.3301712], [39.5514412, 54.3302171], [39.550616399999996, 54.33055509999999], [39.549914099999995, 54.330887700000005], [39.549363699999994, 54.33130589999999], [39.5486063, 54.331747799999995], [39.5485904, 54.33187889999999], [39.54852919999999, 54.3323831], [39.5483324, 54.3326081], [39.5479971, 54.33299740000001], [39.547975099999995, 54.3337937], [39.5479441, 54.33432740000001], [39.5479567, 54.334667599999996], [39.54812939999999, 54.3350179], [39.54785429999999, 54.3354698], [39.547707, 54.33585529999999], [39.5477474, 54.33636690000001], [39.547578, 54.3369948], [39.54764159999999, 54.337258], [39.5474162, 54.33771010000001], [39.54787900000001, 54.338193999999994], [39.5481177, 54.3385649], [39.54772, 54.339245000000005], [39.5477995, 54.339755100000005], [39.5479321, 54.3401415], [39.547216199999994, 54.34062060000001], [39.54671249999999, 54.340636], [39.546526899999996, 54.3411306], [39.5459553, 54.3414455], [39.5457962, 54.3419092], [39.5453455, 54.3420019], [39.54510689999999, 54.3423574], [39.5449478, 54.34285190000001], [39.5444441, 54.3432228], [39.5437282, 54.3432692], [39.5430654, 54.34328469999999], [39.5423761, 54.3435474], [39.5418194, 54.3439028], [39.5413421, 54.34415009999999], [39.540493700000006, 54.344521], [39.5396719, 54.344567399999995], [39.5388235, 54.34484559999999], [39.5386909, 54.3452783], [39.53885, 54.3457882], [39.53885, 54.3460973], [39.538399299999995, 54.34693180000001], [39.537816, 54.34744179999999], [39.5371797, 54.3478744], [39.5364904, 54.3483226], [39.535907099999996, 54.34872440000001], [39.535589, 54.34912609999999], [39.5353769, 54.3499914], [39.5352125, 54.35036229999999], [39.53495379999999, 54.3504754], [39.534449, 54.35069609999999], [39.53377029999999, 54.35114109999999], [39.5392259, 54.353848], [39.543304299999996, 54.3580072], [39.5447609, 54.36038380000001], [39.5632596, 54.37005819999999], [39.562239999999996, 54.3717552], [39.5108223, 54.3771853], [39.50922009999999, 54.38117249999999], [39.510531, 54.385244099999994], [39.517814, 54.3929622], [39.521746799999995, 54.3998309], [39.532941699999995, 54.42489], [39.5331951, 54.4249133], [39.5335735, 54.424919100000004], [39.53362159999999, 54.424862000000005], [39.53377770000001, 54.42481889999999], [39.5339539, 54.4248737], [39.53404199999999, 54.4249796], [39.5339739, 54.42510429999999], [39.534106, 54.42530579999999], [39.53426819999999, 54.4254472], [39.5345372, 54.4255098], [39.534792, 54.425523000000005], [39.53505809999999, 54.4253797], [39.5354347, 54.4253599], [39.535799899999994, 54.4254522], [39.5360122, 54.42541429999999], [39.5361255, 54.4252413], [39.5366464, 54.42487899999999], [39.5366719, 54.424733999999994], [39.53651339999999, 54.42457259999998], [39.53659259999999, 54.424445799999994], [39.53699749999999, 54.4243601], [39.5374335, 54.4243272], [39.537657200000005, 54.4243898], [39.5381979, 54.42436339999999], [39.538854799999996, 54.424239899999996], [39.5389482, 54.424081799999996], [39.53888309999999, 54.42388579999999], [39.53901619999999, 54.423786899999996], [39.539237, 54.4237177], [39.53949179999999, 54.4237392], [39.5399023, 54.4239335], [39.5402421, 54.4239747], [39.5403921, 54.423903899999985], [39.5403893, 54.4237968], [39.540409100000005, 54.4236963], [39.5405394, 54.42367000000001], [39.5407517, 54.4237606], [39.54085359999999, 54.4240307], [39.5410575, 54.42420200000001], [39.5413916, 54.424258], [39.54155289999999, 54.424238200000005], [39.5415982, 54.42410650000001], [39.54161239999999, 54.4239796], [39.5418276, 54.423795199999994], [39.5421107, 54.4237326], [39.5415864, 54.4212104], [39.5569677, 54.419099100000004], [39.5568294, 54.41880679999999], [39.5567638, 54.418497499999994], [39.5563269, 54.4183492], [39.5558609, 54.41815], [39.555438599999995, 54.4178916], [39.5552274, 54.417912799999996], [39.555103599999995, 54.4177475], [39.5550964, 54.41750179999999], [39.5551546, 54.41702299999999], [39.5552347, 54.4162307], [39.555009, 54.41596369999999], [39.554776, 54.41590020000001], [39.5547104, 54.4157688], [39.5546959, 54.4156163], [39.554542899999994, 54.4155358], [39.5542662, 54.415480699999996], [39.5542808, 54.4153154], [39.5543609, 54.4151714], [39.5543755, 54.414921400000004], [39.5542007, 54.4148282], [39.55407689999999, 54.414718], [39.554149699999996, 54.41444679999999], [39.55396770000001, 54.4143409], [39.55379289999999, 54.414285799999995], [39.5535818, 54.41429430000001], [39.5534871, 54.4143875], [39.5531012, 54.4144299], [39.5530211, 54.41432389999999], [39.553064799999994, 54.41411209999998], [39.5530866, 54.4139638], [39.552962799999996, 54.4139087], [39.5529847, 54.41381539999999], [39.5530575, 54.4135951], [39.55291189999999, 54.4134722], [39.552729799999994, 54.41343410000001], [39.552649699999996, 54.4133493], [39.55282449999999, 54.4132137], [39.5529264, 54.41307809999999], [39.5531012, 54.4129256], [39.55344339999999, 54.41293830000001], [39.5536271, 54.4129422], [39.5538439, 54.41284079999999], [39.5539022, 54.412595100000004], [39.5537056, 54.41226880000001], [39.5536327, 54.41186619999999], [39.55344339999999, 54.4117137], [39.55320309999999, 54.41162889999999], [39.5528827, 54.411662799999995], [39.552744399999995, 54.4114933], [39.55283179999999, 54.41128569999999], [39.552729799999994, 54.41117119999999], [39.5524677, 54.4111204], [39.5522274, 54.410967799999995], [39.5523876, 54.410815299999996], [39.552373, 54.4106246], [39.5524458, 54.41048469999999], [39.5528026, 54.4102856], [39.5528755, 54.41015], [39.552977399999996, 54.4099635], [39.55290459999999, 54.40976009999999], [39.55266430000001, 54.4095821], [39.552416699999995, 54.409569399999995], [39.55227839999999, 54.40950159999999], [39.55219099999999, 54.4093405], [39.55214, 54.409149799999994], [39.55223470000001, 54.4088828], [39.5525551, 54.4086159], [39.5524531, 54.4084506], [39.5522274, 54.40825989999999], [39.55218369999999, 54.408030999999994], [39.5524677, 54.4079208], [39.5528682, 54.40792929999999], [39.5534507, 54.4077937], [39.5536255, 54.407573299999996], [39.55324679999999, 54.407497000000006], [39.552649699999996, 54.40746310000001], [39.552424499999994, 54.4074447], [39.55234389999999, 54.407335999999994], [39.5524531, 54.407200399999994], [39.55280989999999, 54.4070139], [39.552729799999994, 54.4067384], [39.5524386, 54.40636550000001], [39.5521895, 54.4063278], [39.55196529999999, 54.4062171], [39.5519361, 54.40605610000001], [39.5523075, 54.40598399999998], [39.5524531, 54.4057721], [39.55218369999999, 54.4055517], [39.55227839999999, 54.405322899999994], [39.5523949, 54.405178799999995], [39.5523657, 54.40490330000001], [39.5524604, 54.4047973], [39.55266430000001, 54.40482279999999], [39.5526861, 54.4049499], [39.5530065, 54.404971100000004], [39.5533342, 54.4048524], [39.55354539999999, 54.4046702], [39.5536546, 54.40450489999999], [39.5535818, 54.40433529999999], [39.553618199999995, 54.404165799999994], [39.5537492, 54.40390730000001], [39.5535672, 54.403525800000004], [39.553589099999996, 54.4031571], [39.5533633, 54.4029409], [39.5530531, 54.40220660000001], [39.553011999999995, 54.4018367], [39.55275209999999, 54.40168539999999], [39.55260160000001, 54.401269299999996], [39.5524812, 54.4009101], [39.5522103, 54.4008269], [39.551901799999996, 54.4008269], [39.55181149999999, 54.40073929999999], [39.551894299999994, 54.400463299999984], [39.55166849999999, 54.40031], [39.55120949999999, 54.400366999999996], [39.5510816, 54.400204900000006], [39.551201999999996, 54.400020899999994], [39.55129229999999, 54.39977999999999], [39.5511343, 54.39962669999999], [39.5527959, 54.398651599999994], [39.57549499999999, 54.3965239], [39.58103, 54.3977111], [39.58976959999999, 54.39838939999999], [39.5926828, 54.401696300000005], [39.6004027, 54.4060203], [39.6158426, 54.40593549999999], [39.63055419999999, 54.402968099999995], [39.630359299999995, 54.4059552], [39.6337253, 54.4050168], [39.6469256, 54.397730300000006], [39.6318863, 54.3846908], [39.65739489999999, 54.38461120000001], [39.663995, 54.38302079999999], [39.67628499999999, 54.380900100000005], [39.6842508, 54.3783816], [39.6890302, 54.3755978], [39.7133826, 54.380900100000005], [39.7206656, 54.3757303], [39.72316909999999, 54.36711270000001], [39.7197552, 54.3624717], [39.7111067, 54.361410799999994], [39.69983409999999, 54.3366696], [39.69970519999999, 54.33666509999999], [39.699549, 54.3366286], [39.6994865, 54.33652159999999], [39.69926, 54.3363098], [39.69905299999999, 54.3361527], [39.69890459999999, 54.335895399999984], [39.6986546, 54.3355493], [39.6984984, 54.33535800000001], [39.69831479999999, 54.335173600000005], [39.698143, 54.3350688], [39.6980102, 54.3350324], [39.697826600000006, 54.3350438], [39.697631300000005, 54.335021000000005], [39.6973892, 54.33495039999999], [39.6971432, 54.33480470000001], [39.6968932, 54.33454960000001], [39.6967292, 54.334306], [39.6965768, 54.334078299999994], [39.696323, 54.333934799999994], [39.69601829999999, 54.3338096], [39.6957996, 54.3336615], [39.69567469999999, 54.3335386], [39.69556529999999, 54.333374600000006], [39.695413, 54.3332152], [39.6951435, 54.33307169999999], [39.694999, 54.3329511], [39.69490139999999, 54.33280529999999], [39.69482709999999, 54.3326413], [39.69476079999999, 54.3325275], [39.6945928, 54.332397699999994], [39.69437799999999, 54.332261], [39.69406949999999, 54.332147199999994], [39.693718, 54.332047], [39.6931751, 54.33195129999999], [39.6926635, 54.33189440000001], [39.69224169999999, 54.331869399999995], [39.6918902, 54.3318261], [39.6916949, 54.3317578], [39.6914801, 54.3316371], [39.691109, 54.33150729999999], [39.6906872, 54.3314731], [39.69029669999999, 54.3315004], [39.68997639999999, 54.3314822], [39.68971079999999, 54.3314959], [39.68949599999999, 54.3315574], [39.689289, 54.33156869999999], [39.689039099999995, 54.33156869999999], [39.6887969, 54.3315938], [39.688558699999994, 54.331707699999995], [39.6882853, 54.33183970000001], [39.687976799999994, 54.3319035], [39.687750199999996, 54.3319354], [39.68744559999999, 54.33191719999999], [39.687098, 54.33183749999999], [39.68669959999999, 54.3317828], [39.6863013, 54.331759999999996], [39.685653, 54.3316894], [39.68532879999999, 54.3316894], [39.68503979999999, 54.331776], [39.6848836, 54.33185799999998], [39.684805399999995, 54.331962700000005], [39.684684399999995, 54.3320174], [39.6843915, 54.3319718], [39.683961800000006, 54.3318306], [39.6837783, 54.3317259], [39.683622099999994, 54.3316302], [39.6834502, 54.3316485], [39.68321589999999, 54.331716799999995], [39.68292689999999, 54.3317213], [39.6825207, 54.3317487], [39.68221609999999, 54.331801], [39.68196609999999, 54.331869399999995], [39.6817161, 54.331842], [39.68148959999999, 54.3317395], [39.681349, 54.3316439], [39.68120449999999, 54.3315824], [39.68098189999999, 54.33157789999999], [39.6807554, 54.3315915], [39.68052879999999, 54.3315323], [39.6803921, 54.33146399999999], [39.6801891, 54.33148680000001], [39.67994689999999, 54.3315027], [39.6795095, 54.331484499999995], [39.6792634, 54.33155049999999], [39.6790447, 54.3315961], [39.67872839999999, 54.33156869999999], [39.678439399999995, 54.3314913], [39.678283099999994, 54.3313661], [39.6781425, 54.3311406], [39.6779785, 54.331015400000005], [39.6777676, 54.330865100000004], [39.6776895, 54.3307785], [39.677611399999996, 54.3306646], [39.67754109999999, 54.3305804], [39.67745519999999, 54.3305417], [39.6773185, 54.3305189], [39.6771232, 54.3305234], [39.6769474, 54.33044829999999], [39.676908399999995, 54.330366299999994], [39.6769591, 54.3303162], [39.676967, 54.3302388], [39.67692009999999, 54.33016129999999], [39.676771699999996, 54.3300794], [39.67656469999999, 54.330011], [39.676392799999995, 54.3300452], [39.6762054, 54.330083900000005], [39.676096, 54.33009759999999], [39.67596710000001, 54.330065699999984], [39.675807, 54.33002009999999], [39.6756898, 54.3300406], [39.67559609999999, 54.3300794], [39.675475, 54.3300953], [39.675174299999995, 54.3300748], [39.674979, 54.330038399999985], [39.6748462, 54.3300429], [39.6746197, 54.330065699999984], [39.6743737, 54.3300406], [39.67389719999999, 54.329969999999996], [39.6737488, 54.3299313], [39.67368239999999, 54.32985620000001], [39.67373309999999, 54.3297856], [39.67376829999999, 54.32970360000001], [39.67373309999999, 54.32963749999998], [39.673635499999996, 54.32958969999999], [39.673409, 54.32957830000001], [39.67323319999999, 54.329632999999994], [39.6731122, 54.329721799999994], [39.67287389999999, 54.329867599999986], [39.6727333, 54.3299086], [39.67254979999999, 54.32992449999998], [39.67233099999999, 54.3298972], [39.67211619999999, 54.3298129], [39.67188579999999, 54.3297742], [39.6718038, 54.329674], [39.6718077, 54.3295852], [39.67184679999999, 54.3294758], [39.6718077, 54.3292914], [39.67185069999999, 54.329156999999995], [39.671909199999995, 54.32903400000001], [39.6719327, 54.328927], [39.6718741, 54.32886549999999], [39.6717257, 54.3288359], [39.67147959999999, 54.3288632], [39.67130389999999, 54.3288245], [39.6709328, 54.3287812], [39.67069849999999, 54.328778899999996], [39.67044069999999, 54.3288313], [39.6702025, 54.328799399999994], [39.6700111, 54.328706100000005], [39.6698432, 54.3286355], [39.66961669999999, 54.3286172], [39.6694448, 54.32866279999999], [39.669226099999996, 54.3286878], [39.6687184, 54.32866279999999], [39.6684372, 54.3286241], [39.66819889999999, 54.328537499999996], [39.667992, 54.328517], [39.66769119999999, 54.328498799999984], [39.6674842, 54.328537499999996], [39.6673553, 54.328610399999995], [39.6672882, 54.328706], [39.6671667, 54.32878650000001], [39.666956799999994, 54.328809], [39.666625399999994, 54.328776799999986], [39.6662111, 54.32873169999999], [39.6657914, 54.3286866], [39.6653329, 54.328609300000004], [39.6648248, 54.3285546], [39.6644437, 54.32856099999999], [39.66398519999999, 54.32860610000001], [39.663681499999996, 54.3285964], [39.66320089999999, 54.32851910000001], [39.66268569999999, 54.328473900000006], [39.6638365, 54.32479119999999], [39.66578009999999, 54.322875499999995], [39.6714971, 54.32060839999999], [39.6939448, 54.30002639999999], [39.69564969999999, 54.2987529], [39.6905578, 54.297320199999994], [39.68412459999999, 54.29154260000001], [39.671617899999994, 54.28529429999999], [39.6690648, 54.2835281], [39.66004029999999, 54.27880360000001], [39.6559486, 54.274417099999994], [39.647492299999996, 54.2640693], [39.64881079999999, 54.2622106], [39.64881919999999, 54.26200769999999], [39.6491019, 54.26204369999999], [39.6494798, 54.2620918], [39.6501389, 54.26209490000001], [39.650352, 54.2619957], [39.6503576, 54.2617826], [39.651852999999996, 54.26146819999999], [39.65371979999999, 54.2612301], [39.6563377, 54.261067100000005], [39.65786119999999, 54.26090419999999], [39.6589523, 54.2607517], [39.659403399999995, 54.260481799999994], [39.6601142, 54.259788699999994], [39.660843799999995, 54.258973999999995], [39.6609082, 54.25824709999999], [39.661380199999996, 54.25773319999999], [39.6625389, 54.2570312], [39.6633114, 54.256417], [39.6638049, 54.2557151], [39.6644487, 54.255314], [39.66532839999999, 54.2551761], [39.66567640000001, 54.2550178], [39.66606, 54.25503439999999], [39.666467, 54.2552949], [39.6667602, 54.2554884], [39.6672127, 54.25538649999999], [39.6690415, 54.2557255], [39.6705392, 54.2566187], [39.6720054, 54.257457], [39.672881499999995, 54.2578209], [39.6735159, 54.2578791], [39.67416899999999, 54.2577582], [39.6744898, 54.257653], [39.674448299999995, 54.25742350000001], [39.6744361, 54.257191899999995], [39.674592, 54.257060200000005], [39.6749326, 54.2570399], [39.675286699999994, 54.257207599999994], [39.675606699999996, 54.25705629999999], [39.6771436, 54.2558304], [39.6789541, 54.2545869], [39.68067069999999, 54.253558999999996], [39.6820654, 54.253371], [39.6827494, 54.25338699999999], [39.6831472, 54.251600800000006], [39.66660970000001, 54.2499602], [39.666159699999994, 54.2462788], [39.663844999999995, 54.245790400000004], [39.6610482, 54.242559400000005], [39.6567565, 54.2418549], [39.6550687, 54.23094820000001], [39.6498286, 54.2321508], [39.6363749, 54.231286399999995], [39.6412934, 54.2187887], [39.64225789999999, 54.2190236], [39.6438813, 54.21923040000001], [39.6450708, 54.2196063], [39.6460674, 54.2199634], [39.647112199999995, 54.22009499999999], [39.6480927, 54.2204615], [39.64881599999999, 54.220602500000005], [39.6499412, 54.22059310000001], [39.6511306, 54.220752899999994], [39.652528999999994, 54.2211946], [39.6533649, 54.2215987], [39.6547472, 54.22228470000001], [39.6553741, 54.2228579], [39.65627429999999, 54.2237131], [39.6576405, 54.224605800000006], [39.65883, 54.225160200000005], [39.6603249, 54.2256206], [39.661675100000004, 54.2262784], [39.66300919999999, 54.2267012], [39.663812899999996, 54.2271992], [39.6642147, 54.2278194], [39.664986299999995, 54.2282422], [39.6656774, 54.2284583], [39.6669151, 54.2277724], [39.67221949999999, 54.2106208], [39.6647934, 54.2059957], [39.667091899999996, 54.2039932], [39.6695512, 54.205450400000004], [39.6724927, 54.206353], [39.67381079999999, 54.206635], [39.678215, 54.2045291], [39.6781668, 54.2022257], [39.6841463, 54.2014547], [39.6858662, 54.19961180000001], [39.6888559, 54.1986152], [39.698259099999994, 54.19867159999998], [39.7052994, 54.1983707], [39.7078069, 54.19805100000001], [39.7158438, 54.1928414], [39.7155224, 54.1903492], [39.712902299999996, 54.188214299999984], [39.7155942, 54.1869962], [39.71564709999999, 54.185511], [39.7156585, 54.1851915], [39.7170172, 54.1808682], [39.7093822, 54.18139499999999], [39.7085303, 54.17984289999999], [39.707292599999995, 54.1799746], [39.708096299999994, 54.17872340000001], [39.7105877, 54.17849759999999], [39.7096715, 54.1767666], [39.7100412, 54.175694099999994], [39.7112146, 54.175665899999984], [39.71187359999999, 54.1762962], [39.713223799999994, 54.17645619999999], [39.7172262, 54.1765502], [39.72357269999999, 54.1736472], [39.7268105, 54.1730704], [39.736596999999996, 54.174935399999995], [39.750025, 54.1777328], [39.7536664, 54.1669419], [39.74911459999999, 54.1597464], [39.7666392, 54.15441560000001], [39.7718738, 54.1534826], [39.7878053, 54.1441518], [39.7807499, 54.1424187], [39.779612, 54.138685699999996], [39.7855294, 54.138819], [39.7878053, 54.1358857], [39.79599859999999, 54.13561899999999], [39.8048747, 54.1353523], [39.81420599999999, 54.11761429999999], [39.8244477, 54.1172141], [39.839013599999994, 54.119081599999994], [39.8401516, 54.1172141], [39.84902769999999, 54.121349200000004], [39.8654143, 54.123883499999984], [39.87406279999999, 54.1129451], [39.886808, 54.1182813], [39.89818759999999, 54.107608299999995], [39.929441, 54.09568889999999]]]]}}]}