{"type": "FeatureCollection", "features": [{"type": "Feature", "properties": {"id": "city-64701000", "name": "ГО Южно-Сахалинск", "region": "Сахалинская область", "isCity": true, "sourceOktmo": "64-701-000-000", "sourceAgg": "Южно-Сахалинск", "excelNames": ["ГО Южно-Сахалинск"], "oktmo": "64701000", "vgp": [{"year": 2019, "value": 778210580.3121343}, {"year": 2020, "value": 631390582.3753474}, {"year": 2021, "value": 592899584.9017385}, {"year": 2022, "value": 1050301245.2499874}, {"year": 2023, "value": 1082894152.8533409}, {"year": 2024, "value": 1111901002.3461034}], "population": [{"year": 2019, "value": 208000.0}, {"year": 2020, "value": 207708.0}, {"year": 2021, "value": 207284.0}, {"year": 2022, "value": 208737.0}, {"year": 2023, "value": 187359.0}, {"year": 2024, "value": 187027.0}, {"year": 2025, "value": 189156.0}], "shipments": [{"year": 2019, "value": 196657581.6}, {"year": 2020, "value": 193693137.8}, {"year": 2021, "value": 207878194.8}, {"year": 2022, "value": 206026001.4}, {"year": 2023, "value": 294870977.5}, {"year": 2024, "value": 351238143.2}], "employees": [{"year": 2019, "value": 78684.0}, {"year": 2020, "value": 78064.0}, {"year": 2021, "value": 77179.0}, {"year": 2022, "value": 75476.0}, {"year": 2023, "value": 76275.0}, {"year": 2024, "value": 77024.0}], "investments": [{"year": 2019, "value": 143950634.0}, {"year": 2020, "value": 156703064.0}, {"year": 2021, "value": 167492275.0}, {"year": 2022, "value": 174738824.0}, {"year": 2023, "value": 207742973.0}, {"year": 2024, "value": 250928640.0}], "vgp2024": 1111901002.3461034, "pop2024": 187027.0, "ship2024": 351238143.2, "emp2024": 77024.0, "inv2024": 250928640.0}, "geometry": {"type": "MultiPolygon", "coordinates": [[[[142.937117, 46.95497269999999], [142.937909, 46.955173], [142.93876399999996, 46.955033], [142.93976499999997, 46.954703], [142.940985, 46.954437], [142.94407199999998, 46.953473], [142.944541, 46.953268], [142.947836, 46.952328], [142.949098, 46.951789], [142.95267799999996, 46.950569], [142.954337, 46.949943999999995], [142.955743, 46.94905], [142.95622799999998, 46.94867599999999], [142.956572, 46.9484822], [142.956895, 46.9484778], [142.9571584, 46.9485305], [142.95787709999996, 46.9484674], [142.9581561, 46.948637], [142.95395649999998, 46.94303059999999], [142.9591749, 46.93263459999999], [142.94722219999997, 46.9199899], [142.9441036, 46.91612810000001], [142.952349, 46.9077385], [142.9611462, 46.8965369], [142.95919499999997, 46.8860805], [142.960398, 46.8826771], [142.9605521, 46.8800433], [142.9596273, 46.8783752], [142.9577605, 46.87651700000001], [142.9572305, 46.8761289], [142.9494088, 46.8735177], [142.95250299999998, 46.86839359999999], [142.952404, 46.86663800000001], [142.9599901, 46.8547195], [142.96425229999997, 46.8440349], [142.971005, 46.84372009999999], [142.9722009, 46.843945], [142.9744615, 46.843945], [142.9759131, 46.8451721], [142.978448, 46.84525779999999], [142.97852979999996, 46.8401155], [142.9783768, 46.8400692], [142.978274, 46.840073999999994], [142.97809740000002, 46.84015839999999], [142.9780202, 46.84026359999999], [142.977921, 46.84030249999999], [142.9777288, 46.84033719999999], [142.9776339, 46.8403758], [142.9775063, 46.8403555], [142.97714420000003, 46.840098299999994], [142.9767501, 46.839947], [142.97652989999997, 46.8397303], [142.9763816, 46.839688], [142.97623369999997, 46.83968269999999], [142.9761064, 46.8397203], [142.97593739999996, 46.839898899999994], [142.9757355, 46.8399179], [142.9753446, 46.83986540000001], [142.97455300000001, 46.8399614], [142.9737284, 46.839807199999996], [142.973497, 46.839866], [142.9733813, 46.8401176], [142.9731321, 46.84018259999999], [142.9729631, 46.8401785], [142.9727121, 46.840024699999994], [142.97257, 46.83997430000001], [142.97179279999997, 46.8399925], [142.97149319999997, 46.8399134], [142.9711281, 46.8398156], [142.9707102, 46.8396619], [142.9702152, 46.8395873], [142.96975789999996, 46.8396447], [142.96968239999998, 46.8395959], [142.9696908, 46.8394754], [142.9696614, 46.8394065], [142.96936779999996, 46.839286], [142.96899439999999, 46.83924579999999], [142.9685917, 46.839317599999994], [142.96840710000004, 46.8392602], [142.9683022, 46.839099499999996], [142.9683987, 46.8387838], [142.9683567, 46.83872639999999], [142.9680421, 46.83855139999999], [142.9679603, 46.8385499], [142.9677401, 46.8385915], [142.9675093, 46.8385858], [142.96736249999998, 46.8385083], [142.96696509999998, 46.837986], [142.96578829999999, 46.830993299999996], [142.9636318, 46.829050499999994], [142.9621805, 46.8291728], [142.9608317, 46.8284945], [142.96041469999997, 46.82784459999999], [142.9563243, 46.82775279999999], [142.95560369999998, 46.82773660000001], [142.9555243, 46.8252504], [142.9430495, 46.8253201], [142.9237271, 46.8324116], [142.9223389, 46.8311979], [142.9210131, 46.829916399999995], [142.9199428, 46.829475699999996], [142.9194513, 46.8288945], [142.9184573, 46.82772489999999], [142.9182273, 46.82721179999999], [142.91798599999998, 46.8257798], [142.9181015, 46.8254045], [142.9184268, 46.825009800000004], [142.9191178, 46.8245326], [142.9191685, 46.8243509], [142.9192213, 46.8242971], [142.9193463, 46.8242916], [142.9194764, 46.8242382], [142.919563, 46.8239473], [142.9195066, 46.82381079999999], [142.91929429999996, 46.8237455], [142.9192331, 46.823635599999996], [142.91912489999999, 46.8231252], [142.9192073, 46.8230332], [142.9194285, 46.8231015], [142.9195716, 46.8230065], [142.9195664, 46.822383], [142.9199794, 46.8220664], [142.9199119, 46.8215166], [142.9198669, 46.8206979], [142.9194246, 46.81987949999999], [142.91981609999996, 46.8187245], [142.91964259999997, 46.8183683], [142.91997399999997, 46.81693959999999], [142.91991889999997, 46.8163308], [142.9212434, 46.8144302], [142.9223082, 46.8132909], [142.92233849999997, 46.8131269], [142.9221288, 46.81269869999999], [142.9227812, 46.8118725], [142.9230756, 46.81043679999999], [142.9236873, 46.809622499999996], [142.9238056, 46.80929909999999], [142.923916, 46.8087827], [142.9242112, 46.808413200000004], [142.9244073, 46.808], [142.92554719999998, 46.807207899999995], [142.9259506, 46.8066834], [142.92676909999997, 46.80616549999999], [142.9150826, 46.80171059999999], [142.9137848, 46.802287199999995], [142.90893740000004, 46.80462], [142.9177377, 46.8088643], [142.9142389, 46.8144631], [142.9083043, 46.816928100000005], [142.9004892, 46.818764699999996], [142.8969435, 46.8229401], [142.8958781, 46.8244231], [142.8979656, 46.82738249999999], [142.8990142, 46.8294605], [142.9016179, 46.831413100000006], [142.902491, 46.8336112], [142.8976889, 46.835546], [142.8904511, 46.8366261], [142.8881652, 46.8292298], [142.8782084, 46.8272912], [142.8691774, 46.831318], [142.8694888, 46.8319836], [142.869831, 46.8323348], [142.8705666, 46.8333764], [142.871097, 46.834300999999996], [142.87162729999997, 46.83548309999999], [142.8716615, 46.835845899999995], [142.8716787, 46.836407599999994], [142.87176419999997, 46.8366885], [142.8721577, 46.8370513], [142.87263669999996, 46.83748429999999], [142.87323549999996, 46.8379759], [142.8740053, 46.838631199999995], [142.8745699, 46.8394387], [142.8750147, 46.8401643], [142.8754424, 46.8406558], [142.8762807, 46.84113549999999], [142.8768795, 46.8416153], [142.877598, 46.8425515], [142.8782823, 46.84330039999999], [142.8788469, 46.8439206], [142.8789153, 46.84422479999999], [142.87896659999998, 46.84506729999999], [142.8790522, 46.845512], [142.8793772, 46.8460385], [142.8805405, 46.8478288], [142.8811051, 46.848530800000006], [142.88184069999997, 46.84909249999999], [142.88235399999996, 46.8496424], [142.8824737, 46.84997], [142.8824566, 46.85026249999999], [142.8823027, 46.8511868], [142.88223419999997, 46.85204089999999], [142.8821273, 46.852971], [142.88150239999996, 46.853325999999996], [142.8808827, 46.853739499999996], [142.8804379, 46.8540868], [142.87925470000002, 46.855104399999995], [142.8786189, 46.8556353], [142.877159, 46.8568544], [142.87619, 46.8576531], [142.8755635, 46.8581784], [142.87540659999996, 46.858354199999994], [142.8752719, 46.8585712], [142.8752091, 46.858796299999995], [142.8751888, 46.85918840000001], [142.87527369999998, 46.861239], [142.8753625, 46.863259], [142.8753567, 46.863509], [142.8753156, 46.8637674], [142.8752293, 46.86398659999999], [142.87436819999996, 46.86542500000001], [142.8733072, 46.867117400000005], [142.8730093, 46.8674817], [142.8753761, 46.871072999999996], [142.8805822, 46.8765523], [142.8816291, 46.8795128], [142.87791810000002, 46.878649499999995], [142.87562760000003, 46.8780838], [142.87345489999998, 46.8773176], [142.8711823, 46.87680819999999], [142.87055879999997, 46.8763372], [142.8697754, 46.875745499999994], [142.8679656, 46.875480200000005], [142.8670688, 46.876001499999994], [142.8665571, 46.87612299999999], [142.86573479999998, 46.876227], [142.864848, 46.8764781], [142.8619159, 46.8761978], [142.8593177, 46.8755932], [142.8553239, 46.875184], [142.854684, 46.874914], [142.8519434, 46.8733204], [142.851688, 46.8729665], [142.8510298, 46.8727652], [142.8495269, 46.871731999999994], [142.8485875, 46.8714716], [142.8462733, 46.8712026], [142.8431073, 46.87030789999999], [142.8428678, 46.869203899999995], [142.8415419, 46.8681857], [142.84104409999998, 46.86766639999999], [142.8407209, 46.8674735], [142.839556, 46.8669858], [142.8389505, 46.8664262], [142.8386503, 46.866242], [142.8381887, 46.8661773], [142.8379831, 46.8660701], [142.8377753, 46.8661262], [142.83765729999996, 46.86618059999999], [142.8374546, 46.86619819999999], [142.83720059999996, 46.8660578], [142.837002, 46.8660325], [142.8366302, 46.865925], [142.8364514, 46.86552979999999], [142.83621529999996, 46.8654245], [142.8358766, 46.8653649], [142.8357124, 46.865154399999994], [142.8356662, 46.8649298], [142.8355072, 46.8649298], [142.8353173, 46.8649193], [142.8353481, 46.8646211], [142.83517360000002, 46.8644702], [142.8348554, 46.864463199999996], [142.834604, 46.8643158], [142.8341678, 46.8643088], [142.833865, 46.8640562], [142.83368709999996, 46.8638403], [142.8335469, 46.863729899999996], [142.8334802, 46.8634176], [142.8332595, 46.863256199999995], [142.8329567, 46.86331229999999], [142.83244359999998, 46.863164999999995], [142.83204849999998, 46.863105299999994], [142.83160199999998, 46.86286669999999], [142.8288822, 46.862159199999994], [142.8279358, 46.8608219], [142.8278422, 46.86033739999999], [142.82672349999999, 46.8601874], [142.8261441, 46.86017269999999], [142.82579, 46.8599893], [142.8255272, 46.8599966], [142.82433459999996, 46.860412], [142.8238749, 46.8604038], [142.8234994, 46.8605798], [142.8231561, 46.861100699999994], [142.8226578, 46.861500199999995], [142.8219867, 46.86170229999999], [142.8203452, 46.86158489999999], [142.81996589999997, 46.86169819999999], [142.8195754, 46.862118599999995], [142.8164935, 46.86344819999999], [142.81506899999997, 46.8636434], [142.8113544, 46.8636903], [142.8110594, 46.8636132], [142.81026539999996, 46.8630374], [142.8098309, 46.86298969999999], [142.80827689999998, 46.86327419999999], [142.80675169999998, 46.8634629], [142.8057969, 46.863881], [142.8048313, 46.8640717], [142.801146, 46.86420979999999], [142.7993703, 46.8645925], [142.7976545, 46.864438], [142.7967384, 46.8645155], [142.79123369999996, 46.8653755], [142.7901864, 46.865846899999994], [142.7897292, 46.866175999999996], [142.7891189, 46.8662173], [142.7885239, 46.8659409], [142.78817439999997, 46.8655915], [142.78724959999997, 46.865173899999995], [142.78630089999996, 46.8655256], [142.78588479999996, 46.8655122], [142.78562619999997, 46.865086], [142.7845272, 46.8647019], [142.7835633, 46.86484419999999], [142.7834573, 46.8653445], [142.7830934, 46.865555699999994], [142.78253710000004, 46.8655689], [142.782283, 46.86543509999999], [142.782241, 46.8646751], [142.78173109999997, 46.86447], [142.780364, 46.8644607], [142.77896419999996, 46.864422], [142.7775097, 46.864468], [142.77691779999998, 46.8643691], [142.77674609999997, 46.86434049999999], [142.7761029, 46.86423299999999], [142.776016, 46.864303400000004], [142.7759192, 46.8643818], [142.7757507, 46.8645182], [142.7753816, 46.8646848], [142.774958, 46.8646592], [142.7747033, 46.86442769999999], [142.7746461, 46.86421360000001], [142.7746267, 46.864141], [142.7735976, 46.8638121], [142.7729515, 46.8632241], [142.7724566, 46.8630699], [142.7721015, 46.86318639999999], [142.77160580000003, 46.8630662], [142.77027379999998, 46.8625764], [142.7679403, 46.8626545], [142.767392, 46.8634211], [142.7666602, 46.86340890000001], [142.76639789999996, 46.863072499999994], [142.76625, 46.8487156], [142.7651055, 46.84830379999999], [142.76439519999997, 46.8477923], [142.7637568, 46.84716329999999], [142.7634067, 46.8467776], [142.76291159999997, 46.846636200000006], [142.762037, 46.8459272], [142.76149609999996, 46.84586999999999], [142.7609821, 46.84589569999999], [142.7587753, 46.8465227], [142.75738919999998, 46.846756299999996], [142.7570681, 46.84680839999999], [142.7565553, 46.846665], [142.7558951, 46.84650409999999], [142.7546042, 46.8466623], [142.75281009999998, 46.8457747], [142.7520301, 46.84549719999999], [142.75158029999997, 46.8450341], [142.7501712, 46.8447734], [142.7491449, 46.8448646], [142.7489516, 46.845022099999994], [142.7488469, 46.8451074], [142.74850289999998, 46.8453877], [142.744934, 46.8468595], [142.74435859999997, 46.846936], [142.74282759999997, 46.8467583], [142.742279, 46.8468577], [142.7415474, 46.84673279999999], [142.7398661, 46.8458969], [142.73786360000003, 46.8447694], [142.73715189999996, 46.8444644], [142.7342837, 46.84300459999999], [142.73259319999997, 46.8428116], [142.7310709, 46.84114410000001], [142.7282128, 46.8384135], [142.7283361, 46.83838839999999], [142.72883049999996, 46.8382877], [142.72930059999996, 46.8381124], [142.72931979999998, 46.838105199999994], [142.7276982, 46.8348859], [142.7271162, 46.83469839999999], [142.726926, 46.83533739999999], [142.7267521, 46.8353596], [142.7261455, 46.8351204], [142.7260176, 46.83506989999999], [142.72589989999997, 46.8350235], [142.7254103, 46.83466399999999], [142.7248851, 46.834531999999996], [142.7236042, 46.8348584], [142.72325329999998, 46.8347073], [142.722989, 46.834146800000006], [142.7228317, 46.8340626], [142.7201908, 46.83433459999999], [142.71963409999998, 46.834046799999996], [142.7189244, 46.8327594], [142.71782039999997, 46.832381999999996], [142.7164854, 46.83180099999999], [142.7163461, 46.83149389999999], [142.7163605, 46.830911], [142.7152861, 46.830536499999994], [142.71520649999997, 46.8292739], [142.71574379999998, 46.82819119999999], [142.715665, 46.82738909999999], [142.71523079999997, 46.827338999999995], [142.7148778, 46.82712620000001], [142.71421120000002, 46.82701939999999], [142.7140488, 46.8275613], [142.7140713, 46.8281297], [142.71356549999996, 46.828520899999994], [142.7132206, 46.8285675], [142.7120671, 46.828431099999996], [142.71164619999996, 46.8285693], [142.7114935, 46.8291556], [142.7116369, 46.82929789999999], [142.7124989, 46.82977879999999], [142.71313189999998, 46.830143799999995], [142.7135688, 46.8305792], [142.7136174, 46.83088339999999], [142.7136421, 46.83103799999999], [142.7134721, 46.8313946], [142.7128852, 46.8317826], [142.7123676, 46.8319212], [142.7105655, 46.83179789999999], [142.7098404, 46.832495699999996], [142.7096774, 46.83311870000001], [142.7098635, 46.83332119999999], [142.7103619, 46.8334455], [142.7116147, 46.8335843], [142.71238379999997, 46.833541200000006], [142.7137461, 46.83387569999999], [142.71402960000003, 46.8342627], [142.71388019999998, 46.834790999999996], [142.71324449999997, 46.83508119999999], [142.7128713, 46.8355813], [142.7127549, 46.836380999999996], [142.712236, 46.8369491], [142.7120799, 46.83768909999999], [142.7114507, 46.83794350000001], [142.71066289999996, 46.837970999999996], [142.70936169999996, 46.837660099999994], [142.70759949999996, 46.8376057], [142.7071457, 46.8379868], [142.7070818, 46.83824839999999], [142.7071467, 46.838444599999995], [142.7073575, 46.83862930000001], [142.70766499999996, 46.83861689999999], [142.70822840000002, 46.8383532], [142.70919449999997, 46.838495099999996], [142.7094915, 46.8387858], [142.70944419999998, 46.8393032], [142.70889559999998, 46.8395905], [142.7085133, 46.8400547], [142.7086288, 46.84046949999999], [142.7090773, 46.8409307], [142.7095631, 46.8412412], [142.70960759999997, 46.8415496], [142.709325, 46.8416876], [142.7088932, 46.84204739999999], [142.7087769, 46.84248610000001], [142.708412, 46.8426853], [142.707504, 46.84259140000001], [142.7071554, 46.84260729999999], [142.70706919999998, 46.8427217], [142.70635229999996, 46.8424848], [142.7058778, 46.84250569999999], [142.7055878, 46.84272060000001], [142.7055109, 46.84288960000001], [142.7057048, 46.8430195], [142.7056208, 46.8432832], [142.7053589, 46.843567199999995], [142.70519939999997, 46.84387199999999], [142.705398, 46.8442236], [142.7056903, 46.84426719999999], [142.7059766, 46.8440675], [142.70612189999997, 46.8436796], [142.7064554, 46.8434347], [142.706942, 46.84353479999999], [142.7074084, 46.84405459999999], [142.7068537, 46.84428380000001], [142.7066799, 46.84463029999999], [142.7068347, 46.8449164], [142.7083354, 46.8456669], [142.7086567, 46.8463724], [142.7078606, 46.846820799999996], [142.7068419, 46.84670919999999], [142.706143, 46.846298], [142.70504, 46.8472435], [142.7030514, 46.8478899], [142.70283959999998, 46.848794299999994], [142.7037295, 46.849341], [142.7054917, 46.8496909], [142.7060235, 46.849921099999996], [142.7065923, 46.8503303], [142.70703649999996, 46.850624999999994], [142.70756029999998, 46.850747399999996], [142.7083228, 46.850606899999995], [142.7087441, 46.85079139999999], [142.7092709, 46.851101099999994], [142.70964219999996, 46.851522800000005], [142.70962229999998, 46.8517178], [142.7092119, 46.851824099999995], [142.7086344, 46.85173590000001], [142.7082607, 46.8518291], [142.70812259999997, 46.8520059], [142.70859269999997, 46.8523458], [142.7089629, 46.852329999999995], [142.7095316, 46.85281559999999], [142.7097543, 46.85332819999999], [142.7099452, 46.853677999999995], [142.70986150000002, 46.8538979], [142.70956139999998, 46.853984999999994], [142.7088263, 46.85362909999999], [142.7078635, 46.8535223], [142.7063421, 46.85385339999999], [142.70512769999996, 46.8550643], [142.7042856, 46.8555776], [142.7040503, 46.8558506], [142.70414899999997, 46.85598240000001], [142.70458489999996, 46.8560224], [142.70496219999998, 46.8559513], [142.705372, 46.8558756], [142.7060551, 46.8561426], [142.7064779, 46.85614699999999], [142.7070439, 46.85627159999999], [142.7075147, 46.8567626], [142.7079884, 46.857468299999994], [142.7082864, 46.8575972], [142.7084165, 46.85793079999999], [142.7083384, 46.858091], [142.7079221, 46.85867809999999], [142.70789609999997, 46.8589628], [142.7080051, 46.859408200000004], [142.70790889999998, 46.8595814], [142.7072268, 46.85958190000001], [142.70679649999997, 46.859973], [142.7067381, 46.86031069999999], [142.7068594, 46.8604384], [142.7073514, 46.8604871], [142.7093559, 46.863440999999995], [142.7097157, 46.8641087], [142.7100755, 46.864635799999995], [142.7101269, 46.8651981], [142.7101269, 46.865865799999995], [142.7100735, 46.86743909999999], [142.710031, 46.86899819999999], [142.7093421, 46.87016289999999], [142.7058601, 46.8737451], [142.7055292, 46.8746773], [142.7035722, 46.8843564], [142.703534, 46.8854245], [142.7065132, 46.8935092], [142.7062375, 46.893969799999994], [142.7031453, 46.893944999999995], [142.70560399999997, 46.897145099999996], [142.705171, 46.8975105], [142.7057594, 46.8979572], [142.7058366, 46.89827629999999], [142.7056422, 46.8985951], [142.7051163, 46.8987313], [142.704394, 46.898673900000006], [142.70378329999997, 46.898738599999994], [142.70296, 46.8989475], [142.70153469999997, 46.899597], [142.7009867, 46.899954], [142.7008812, 46.9005736], [142.7008936, 46.9008954], [142.70104369999999, 46.901076999999994], [142.7013466, 46.9012262], [142.70151559999996, 46.9011749], [142.7019463, 46.9009381], [142.7022934, 46.9006374], [142.7027679, 46.900267799999995], [142.70324709999997, 46.90023409999999], [142.70369889999998, 46.9003441], [142.7041334, 46.9005646], [142.7043816, 46.9008318], [142.7045038, 46.901094699999994], [142.7045182, 46.9014933], [142.7043039, 46.9018443], [142.7039357, 46.90227839999999], [142.7037394, 46.902568499999994], [142.7036536, 46.90291899999999], [142.7037812, 46.9035802], [142.70407989999998, 46.90439099999999], [142.70431979999998, 46.9051099], [142.70409199999997, 46.905651199999994], [142.7038724, 46.9058858], [142.70383169999997, 46.906115899999996], [142.7038499, 46.9062329], [142.7014428, 46.906101199999995], [142.7007178, 46.9061474], [142.7001935, 46.9062568], [142.69947389999996, 46.906467199999994], [142.69888969999997, 46.90672239999999], [142.69832999999997, 46.90710440000001], [142.69800609999996, 46.9073631], [142.6976413, 46.9077503], [142.6973191, 46.90821759999999], [142.697092, 46.90865959999999], [142.6961502, 46.91146899999999], [142.69435939999997, 46.916691099999994], [142.6837903, 46.934875], [142.6814193, 46.9388786], [142.6811451, 46.93920669999999], [142.67546859999996, 46.94449349999999], [142.65966939999998, 46.94893309999999], [142.6536148, 46.9507502], [142.6532303, 46.951044599999996], [142.6530477, 46.9525429], [142.6526125, 46.952622899999994], [142.65224549999996, 46.9525036], [142.6518997, 46.9522704], [142.65137179999996, 46.9522317], [142.65081269999996, 46.9524702], [142.6500404, 46.95239389999999], [142.6491702, 46.9524451], [142.649073, 46.9523244], [142.649571, 46.95216979999999], [142.6490168, 46.9512807], [142.64702270000004, 46.9518522], [142.6468965, 46.9518884], [142.6460175, 46.9530212], [142.6457938, 46.9536493], [142.64530769999996, 46.95411729999999], [142.64520889999997, 46.9556852], [142.6458682, 46.9647338], [142.64907949999997, 46.9690196], [142.6488213, 46.969228699999995], [142.64838419999998, 46.96925879999999], [142.64827769999997, 46.96898819999999], [142.64804859999998, 46.9689301], [142.6477746, 46.9689599], [142.6476458, 46.96927159999999], [142.6476186, 46.96963039999999], [142.6474094, 46.96971609999999], [142.6470228, 46.9695174], [142.6467447, 46.969694999999994], [142.64673129999997, 46.9701066], [142.6470837, 46.9703183], [142.646939, 46.970614499999996], [142.64716699999997, 46.97093689999999], [142.6469671, 46.9711112], [142.6453904, 46.9715673], [142.64488969999996, 46.9715338], [142.6447498, 46.9716856], [142.6445712, 46.9724517], [142.6439958, 46.97306410000001], [142.6440527, 46.973433899999996], [142.64380869999997, 46.9736094], [142.6428186, 46.9734183], [142.6412408, 46.973923299999996], [142.6405217, 46.973661799999995], [142.6393036, 46.9741817], [142.6381579, 46.97477740000001], [142.63732159999998, 46.9744368], [142.6369262, 46.9744816], [142.63617029999997, 46.974722], [142.63594, 46.97474489999999], [142.6357436, 46.9745665], [142.63592399999996, 46.9742366], [142.63579509999997, 46.9741342], [142.6356059, 46.9740991], [142.6351361, 46.9742439], [142.6341715, 46.9742734], [142.6335615, 46.97373660000001], [142.6329497, 46.9737948], [142.63229579999998, 46.973560799999994], [142.63147419999999, 46.973578599999996], [142.6305093, 46.9735481], [142.6296751, 46.973780899999994], [142.62917209999998, 46.9740309], [142.6279385, 46.9747323], [142.6270627, 46.97555929999999], [142.6267777, 46.97557840000001], [142.6305625, 46.9805958], [142.63098629999996, 46.9813948], [142.631261, 46.98215149999999], [142.63148509999996, 46.98314870000001], [142.6317682, 46.9838788], [142.6322203, 46.9843888], [142.6316174, 46.9853249], [142.6308217, 46.9861777], [142.6299962, 46.98674309999999], [142.6288915, 46.98739369999999], [142.6281, 46.9874402], [142.62745099999998, 46.98787120000001], [142.62676359999998, 46.9879317], [142.6260474, 46.9883912], [142.6257995, 46.9887696], [142.6247517, 46.9894952], [142.6231387, 46.9905805], [142.62263829999998, 46.993319899999996], [142.6218831, 46.993836099999996], [142.62043479999997, 46.99374099999999], [142.61992089999998, 46.9940371], [142.6188735, 46.9963122], [142.6170943, 46.9975288], [142.61512189999996, 46.9997659], [142.6131924, 47.00071629999999], [142.6123415, 47.0014739], [142.6123435, 47.00213569999999], [142.61097889999996, 47.0028179], [142.6035236, 47.0045345], [142.60234139999997, 47.005305699999994], [142.60193019999997, 47.005761299999996], [142.601519, 47.006287099999994], [142.6009536, 47.00670769999999], [142.6002854, 47.00821479999999], [142.599977, 47.0087055], [142.59976449999996, 47.00982629999999], [142.5986623, 47.010893], [142.5982965, 47.01163559999999], [142.59632719999996, 47.0178026], [142.5959852, 47.0259344], [142.59082509999996, 47.0271301], [142.58399559999998, 47.0279945], [142.58183079999998, 47.02704850000001], [142.57703989999996, 47.0258045], [142.56410929999998, 47.0277824], [142.55728259999998, 47.0282077], [142.5153564, 47.0303988], [142.5141705, 47.032067000000005], [142.5144796, 47.033141199999996], [142.5157569, 47.0337109], [142.5168667, 47.0349671], [142.51768649999997, 47.0365129], [142.5186473, 47.039424], [142.5187308, 47.039676899999996], [142.5196962, 47.04161719999999], [142.5210685, 47.0436538], [142.52133339999997, 47.0447491], [142.5216129, 47.0459046], [142.52251389999998, 47.0470022], [142.5176657, 47.0472116], [142.5144254, 47.0470412], [142.5128551, 47.046518899999995], [142.5112837, 47.047188], [142.5093359, 47.0496852], [142.50802619999996, 47.0502943], [142.5078889, 47.0518456], [142.50762429999997, 47.0550105], [142.5064777, 47.0560521], [142.50875359999998, 47.060030399999995], [142.507009, 47.0618554], [142.50713299999998, 47.0651265], [142.5119643, 47.0672792], [142.5136416, 47.0706169], [142.51673829999996, 47.0713822], [142.5192961, 47.070801499999995], [142.531321, 47.0698803], [142.531468, 47.071402199999994], [142.5338484, 47.0748234], [142.530733, 47.0753068], [142.5279693, 47.0753269], [142.5257349, 47.0761478], [142.5225596, 47.07648819999999], [142.52100139999996, 47.07819009999999], [142.5124189, 47.0795341], [142.5111883, 47.0800878], [142.51155419999998, 47.08161449999999], [142.50975, 47.0852078], [142.5124041, 47.08697479999999], [142.51399, 47.0886778], [142.513859, 47.0894815], [142.51215019999998, 47.09083239999999], [142.5107021, 47.093778199999996], [142.51074269999998, 47.0984921], [142.50954589999998, 47.1010016], [142.5093846, 47.1025242], [142.5083262, 47.1044453], [142.50667689999997, 47.106265699999994], [142.5074888, 47.10731069999999], [142.5075616, 47.10903689999999], [142.50711459999997, 47.110932899999995], [142.5042522, 47.1145555], [142.50438379999997, 47.11930649999999], [142.5023377, 47.12298499999999], [142.5023377, 47.12474540000001], [142.50048540000003, 47.12682579999999], [142.4979864, 47.130646399999996], [142.49663459999996, 47.13380359999999], [142.4935468, 47.13390660000001], [142.49216499999997, 47.13420669999999], [142.49163579999998, 47.13476669999999], [142.49216499999997, 47.1356467], [142.4938039, 47.1368887], [142.493782, 47.1372867], [142.49169459999996, 47.13858669999999], [142.48799819999996, 47.13913829999999], [142.4877549, 47.1400266], [142.48881329999998, 47.1415665], [142.48893089999999, 47.1429063], [142.4910726, 47.144959400000005], [142.4901687, 47.1470165], [142.4876901, 47.1488723], [142.48358, 47.1478055], [142.4804737, 47.146616699999996], [142.4782878, 47.1469457], [142.47649439999998, 47.1461058], [142.47431869999997, 47.146065799999995], [142.4719997, 47.148182799999994], [142.46987919999998, 47.1474856], [142.4682622, 47.147525599999994], [142.46503309999997, 47.14562670000001], [142.4610884, 47.1438462], [142.4556395, 47.1421674], [142.4549142, 47.1429063], [142.4539734, 47.14526599999999], [142.4532384, 47.1459659], [142.4500631, 47.14770550000001], [142.4472338, 47.1499259], [142.4476816, 47.1514046], [142.4484977, 47.1524312], [142.4452314, 47.1574725], [142.4455612, 47.1612061], [142.4490768, 47.162970599999994], [142.4525755, 47.1662889], [142.45301459999996, 47.167739000000005], [142.45582109999998, 47.170026], [142.4555273, 47.17178719999999], [142.456726, 47.1727798], [142.45670669999998, 47.1735863], [142.4543686, 47.17515229999999], [142.45715149999998, 47.17906279999999], [142.4591333, 47.18051979999999], [142.46387109999998, 47.1818927], [142.4733729, 47.1827911], [142.48058449999996, 47.1825898], [142.4827958, 47.183652599999995], [142.4831909, 47.1861049], [142.4853878, 47.18676039999999], [142.48876730000003, 47.1887163], [142.49164909999996, 47.18969059999999], [142.4944552, 47.18968830000001], [142.4948648, 47.19332359999999], [142.49540879999998, 47.1937247], [142.4975738, 47.19416290000001], [142.4986124, 47.1952773], [142.5050688, 47.1981806], [142.5070421, 47.1974842], [142.5094186, 47.1975631], [142.5113499, 47.1987596], [142.51521759999997, 47.198825199999995], [142.5164116, 47.1996779], [142.5185407, 47.19988909999999], [142.5209008, 47.1995856], [142.5234241, 47.197957499999994], [142.52613589999999, 47.1990011], [142.52804159999997, 47.198051799999995], [142.5302425, 47.197762999999995], [142.5311075, 47.19697759999999], [142.53281529999998, 47.19621419999999], [142.5339838, 47.1953439], [142.5379386, 47.193740600000005], [142.5387535, 47.19253659999999], [142.54152299999998, 47.19016109999999], [142.54351249999996, 47.18979770000001], [142.54519419999997, 47.188425099999996], [142.5447898, 47.186439799999995], [142.54573350000004, 47.1858901], [142.546947, 47.184500299999996], [142.5467447, 47.1833473], [142.5480452, 47.1823596], [142.5481743, 47.1813937], [142.5498422, 47.18031739999999], [142.5489955, 47.177398], [142.5505069, 47.1727731], [142.55192029999998, 47.1725092], [142.5522348, 47.17160789999999], [142.5547067, 47.1701914], [142.5546605, 47.1687804], [142.5547279, 47.16584720000001], [142.5557423, 47.16425999999999], [142.55786859999998, 47.1646751], [142.5602361, 47.16448059999999], [142.5639224, 47.16383249999999], [142.5675611, 47.16367040000001], [142.5721444, 47.16238909999999], [142.5743427, 47.1611184], [142.57520029999998, 47.16161129999999], [142.5757405, 47.163944799999996], [142.5822221, 47.167774099999995], [142.58364789999996, 47.16780769999999], [142.586083, 47.1668448], [142.5901398, 47.1683852], [142.5940954, 47.170547799999994], [142.59240919999996, 47.1720872], [142.5868144, 47.17540149999999], [142.5872502, 47.178802999999995], [142.58867539999997, 47.18168049999999], [142.59437679999996, 47.187230799999995], [142.59635049999997, 47.188015], [142.598861, 47.187907], [142.60070629999998, 47.187175800000006], [142.6023567, 47.1873455], [142.60515319999996, 47.188662799999996], [142.6089211, 47.1898624], [142.6139265, 47.1898297], [142.6156743, 47.18920339999999], [142.6192653, 47.1892682], [142.6221864, 47.1901431], [142.62481649999998, 47.1890116], [142.6270949, 47.18861549999999], [142.6286676, 47.1890248], [142.6296044, 47.18829879999999], [142.6362333, 47.189047099999996], [142.6382946, 47.1889792], [142.6395154, 47.1898035], [142.6395385, 47.1929946], [142.6434779, 47.1940987], [142.6452771, 47.193976], [142.6463258, 47.193284999999996], [142.65122979999998, 47.1926544], [142.6530628, 47.19291789999999], [142.6605834, 47.1923959], [142.6652518, 47.191675599999996], [142.6689454, 47.1917009], [142.67113349999997, 47.192410599999995], [142.6725749, 47.19235489999999], [142.6732465, 47.1927556], [142.6754249, 47.1926999], [142.6758349, 47.1925234], [142.6773883, 47.1929459], [142.6786315, 47.19282629999999], [142.6794075, 47.19277910000001], [142.6803552, 47.1930924], [142.6821756, 47.1932041], [142.68395919999998, 47.193093899999994], [142.6861598, 47.19355039999999], [142.69273939999997, 47.1945948], [142.6956973, 47.1946146], [142.69744069999996, 47.19589569999999], [142.7001474, 47.19624499999999], [142.7021968, 47.1962792], [142.7030254, 47.1968899], [142.703183, 47.19700610000001], [142.70393799999997, 47.197454099999995], [142.7052801, 47.1983038], [142.7078527, 47.199674400000006], [142.7090579, 47.2000033], [142.7110129, 47.2012844], [142.7118895, 47.201471399999996], [142.7124042, 47.2039061], [142.7136729, 47.2069037], [142.715632, 47.207083299999994], [142.7161706, 47.207685299999994], [142.71690179999996, 47.20764440000001], [142.7172791, 47.2080095], [142.7173151, 47.208470000000005], [142.7180493, 47.2090245], [142.7201867, 47.2093231], [142.7204879, 47.210298699999996], [142.7213681, 47.21012559999999], [142.7222249, 47.211158499999996], [142.72396779999997, 47.2119738], [142.7249413, 47.2116651], [142.72592, 47.2120231], [142.72672209999996, 47.2126879], [142.7276284, 47.2122276], [142.729163, 47.2123378], [142.730227, 47.21218780000001], [142.73060319999996, 47.212127], [142.7312853, 47.21211919999999], [142.7323155, 47.212107499999995], [142.737497, 47.2120486], [142.7381208, 47.2120415], [142.7393201, 47.21281479999999], [142.7401104, 47.21379099999999], [142.7406852, 47.2133388], [142.7415606, 47.2123762], [142.74168289999997, 47.2120216], [142.7419452, 47.2118307], [142.74232309999996, 47.2115452], [142.742373, 47.21120739999999], [142.7420687, 47.2109337], [142.74172369999997, 47.21104939999999], [142.7413541, 47.21102280000001], [142.740974, 47.2108434], [142.7408062, 47.2105508], [142.74088689999996, 47.2102998], [142.7412561, 47.2098656], [142.7413159, 47.20952950000001], [142.74462729999996, 47.209575300000004], [142.74658169999998, 47.19419859999999], [142.7646442, 47.19345659999999], [142.76458879999998, 47.1959696], [142.7784319, 47.19565639999999], [142.7822301, 47.19794009999999], [142.7837697, 47.199729999999995], [142.7886965, 47.20369779999999], [142.79148099999998, 47.2055895], [142.79509849999997, 47.207591], [142.7966097, 47.2084395], [142.7978904, 47.20866079999999], [142.8001038, 47.20788019999999], [142.8023643, 47.2064699], [142.8053399, 47.20505949999999], [142.80599509999996, 47.2042404], [142.8060088, 47.2028499], [142.8083267, 47.2012177], [142.81095620000002, 47.20034009999999], [142.8128168, 47.2004143], [142.81939099999997, 47.1983082], [142.8250651, 47.1957516], [142.8361445, 47.1924451], [142.8414341, 47.188547899999996], [142.8430163, 47.18684629999999], [142.8470085, 47.1854232], [142.8546744, 47.1853345], [142.8580017, 47.1844699], [142.8597306, 47.1836717], [142.86178619999998, 47.18378359999999], [142.865244, 47.18269719999999], [142.8694725, 47.182156], [142.87366109999996, 47.1802015], [142.8748028, 47.17993539999999], [142.8811312, 47.1769199], [142.8840671, 47.1748134], [142.8895801, 47.1729063], [142.892484, 47.1726022], [142.8948094, 47.17171689999999], [142.8954231, 47.1705415], [142.89716439999998, 47.16955779999999], [142.8979126, 47.1606498], [142.89673889999997, 47.159105600000004], [142.8914995, 47.15714259999999], [142.8872477, 47.1563568], [142.8741695, 47.1555951], [142.8766422, 47.1542185], [142.87869509999996, 47.1518185], [142.8784684, 47.151197499999995], [142.87911029999998, 47.1504224], [142.8788754, 47.14806099999999], [142.8779381, 47.14629469999999], [142.87301799999997, 47.1431861], [142.8718292, 47.13950679999999], [142.8708883, 47.13788099999999], [142.8688306, 47.1367296], [142.86590110000003, 47.1357724], [142.86442419999997, 47.133801999999996], [142.8672037, 47.1320794], [142.8684085, 47.1308376], [142.86921989999996, 47.129018], [142.8699128, 47.12571959999999], [142.872589, 47.121305799999995], [142.87259280000004, 47.1204492], [142.8733461, 47.117015499999994], [142.8747291, 47.1135879], [142.87278929999997, 47.1080269], [142.8726979, 47.10643619999999], [142.87306379999998, 47.10497579999999], [142.8726748, 47.104159599999996], [142.86732689999997, 47.100277500000004], [142.8669375, 47.099238199999995], [142.8678672, 47.09848319999999], [142.8707378, 47.0977726], [142.87189289999998, 47.0961821], [142.8733297, 47.095429], [142.8754127, 47.0922189], [142.8765218, 47.088820899999995], [142.8796208, 47.0865998], [142.8818553, 47.0842981], [142.8843832, 47.0806924], [142.8830553, 47.0778758], [142.8827846, 47.0744782], [142.88214249999996, 47.0723272], [142.8772592, 47.070229899999994], [142.87277609999998, 47.0696269], [142.8671709, 47.06844180000001], [142.8654792, 47.06754759999999], [142.8654913, 47.06696449999999], [142.8621578, 47.060713199999995], [142.86273129999998, 47.0576774], [142.86276389999998, 47.0566107], [142.86181789999998, 47.0545438], [142.86194840000002, 47.05269919999999], [142.8625002, 47.0508811], [142.86117369999997, 47.05021309999999], [142.8577379, 47.04974690000001], [142.85601249999996, 47.0489026], [142.8540288, 47.046938], [142.8460043, 47.04160219999999], [142.847023, 47.03982349999999], [142.8475536, 47.0382358], [142.8484837, 47.0376769], [142.8446881, 47.03398039999999], [142.84769819999997, 47.02811080000001], [142.8491123, 47.02652919999999], [142.840744, 47.0208778], [142.83904529999998, 47.0188785], [142.8331757, 47.0161184], [142.8313449, 47.014688699999994], [142.8307904, 47.01201970000001], [142.8304708, 47.0111147], [142.8335651, 47.009288999999995], [142.8375635, 47.00740909999999], [142.84034049999997, 47.0054737], [142.84011, 47.0016777], [142.83910909999997, 47.0004995], [142.8374368, 46.9997601], [142.8369409, 46.998305], [142.83582220000002, 46.9968261], [142.8379328, 46.99431460000001], [142.8388851, 46.99057799999999], [142.8413013, 46.9901072], [142.8456079, 46.988383299999995], [142.85557369999998, 46.98920329999999], [142.8530211, 46.98729349999999], [142.8516141, 46.9838632], [142.8511726, 46.982607599999994], [142.85119569999998, 46.9814746], [142.8494888, 46.9792084], [142.8480817, 46.97843730000001], [142.8474454, 46.9774078], [142.84776519999997, 46.9762073], [142.8491197, 46.9732121], [142.8487276, 46.971229], [142.84642439999996, 46.9686252], [142.8467007, 46.96862339999999], [142.8473229, 46.96868599999999], [142.84859749999998, 46.968947], [142.8489, 46.9690638], [142.8491453, 46.9692385], [142.8493952, 46.969494299999994], [142.8498216, 46.96968470000001], [142.8502142, 46.9696887], [142.850799, 46.96983869999999], [142.8510474, 46.96994550000001], [142.85118569999997, 46.96999160000001], [142.851324, 46.970028600000006], [142.8515131, 46.9700182], [142.85173299999997, 46.9699747], [142.85184909999998, 46.9699507], [142.8519693, 46.9699762], [142.8521435, 46.9700475], [142.8523487, 46.970134], [142.8524895, 46.9702336], [142.8526162, 46.9703292], [142.852792, 46.9704965], [142.8528534, 46.9706448], [142.8527958, 46.97105140000001], [142.85283259999997, 46.9712855], [142.8530656, 46.9715456], [142.8533782, 46.97175949999999], [142.8546572, 46.9721591], [142.85514129999999, 46.97228499999999], [142.8555548, 46.9725216], [142.85580859999996, 46.97260829999999], [142.8562902, 46.972647599999995], [142.85682809999997, 46.9727247], [142.85727449999996, 46.9728071], [142.85854139999998, 46.97297890000001], [142.8587608, 46.97303629999999], [142.8588693, 46.97309739999999], [142.8589397, 46.9732105], [142.85892899999996, 46.97347800000001], [142.8589325, 46.9735898], [142.85901179999996, 46.9736795], [142.8591744, 46.9737311], [142.8593474, 46.97377709999999], [142.859594, 46.9738249], [142.86007279999998, 46.9738955], [142.86030189999997, 46.973881399999996], [142.8604737, 46.9738289], [142.8608426, 46.97365709999999], [142.8612618, 46.9734582], [142.8614443, 46.9734241], [142.8617351, 46.97343970000001], [142.8621317, 46.9734754], [142.8624587, 46.97346879999999], [142.8628286, 46.9734613], [142.8632017, 46.9734325], [142.863552, 46.973407], [142.8638863, 46.9733577], [142.8641167, 46.9732851], [142.8642595, 46.97319650000001], [142.8652729, 46.9721466], [142.86559539999996, 46.9719034], [142.8659131, 46.9717529], [142.866549, 46.97159190000001], [142.86722049999997, 46.9715051], [142.868065, 46.971416], [142.8686207, 46.9713759], [142.8689873, 46.9713507], [142.8693622, 46.9713604], [142.86996, 46.97136439999999], [142.8704823, 46.97124490000001], [142.87095889999998, 46.9709754], [142.8712369, 46.970645], [142.87132259999998, 46.9702207], [142.8713767, 46.9697931], [142.8715583, 46.9690172], [142.87161289999997, 46.9684085], [142.8717421, 46.967801], [142.8717672, 46.967104199999994], [142.871656, 46.96683899999999], [142.8710154, 46.9661401], [142.8709658, 46.96600389999999], [142.87101389999998, 46.965782399999995], [142.8713047, 46.96509739999999], [142.8715244, 46.96487619999999], [142.87167999999997, 46.964799], [142.8718476, 46.9647427], [142.8721994, 46.964641699999994], [142.8723805, 46.9645258], [142.872574, 46.9643334], [142.8726784, 46.9641912], [142.8727381, 46.9640289], [142.8727474, 46.963886599999995], [142.8727153, 46.963704], [142.87255859999996, 46.9634302], [142.8723035, 46.9630494], [142.87223969999997, 46.9628235], [142.8720252, 46.95978660000001], [142.8721895, 46.95934789999999], [142.8727437, 46.95844300000001], [142.872915, 46.957866], [142.8729237, 46.9576918], [142.8729193, 46.9575444], [142.8729221, 46.95742750000001], [142.8730657, 46.9573474], [142.8735474, 46.95713129999999], [142.8738037, 46.957052999999995], [142.8740208, 46.95685029999999], [142.8741095, 46.956701599999995], [142.8741707, 46.956574], [142.8742958, 46.95648069999999], [142.8745443, 46.9564019], [142.8746683, 46.956339], [142.8748336, 46.956161599999994], [142.87495099999998, 46.9559532], [142.87501569999998, 46.95579169999999], [142.8750676, 46.9554908], [142.87507639999998, 46.9552454], [142.8751241, 46.95508139999999], [142.87517679999996, 46.954922], [142.87523079999997, 46.9547971], [142.875304, 46.95461709999999], [142.8762298, 46.9537822], [142.8764491, 46.9534359], [142.87650319999997, 46.953000499999995], [142.87658209999998, 46.9527258], [142.8766487, 46.952416299999996], [142.8767819, 46.95220189999999], [142.8770006, 46.952004], [142.87730189999996, 46.95183509999999], [142.8775705, 46.9516408], [142.8778517, 46.951374099999995], [142.8783205, 46.95083329999999], [142.8789794, 46.9501654], [142.879226, 46.9500211], [142.87976199999997, 46.9495595], [142.8802977, 46.94918849999999], [142.8807929, 46.94895329999999], [142.8810878, 46.9488218], [142.8815829, 46.9486152], [142.8819621, 46.9484987], [142.8822314, 46.948473199999995], [142.8824192, 46.9484608], [142.883186, 46.9485228], [142.8854656, 46.9487766], [142.88650259999997, 46.948907000000005], [142.8874274, 46.94894289999999], [142.888432, 46.94910699999999], [142.88903459999997, 46.94923459999999], [142.8900665, 46.94946139999999], [142.89022700000004, 46.949487], [142.89057, 46.9496174], [142.8919206, 46.950131], [142.8929866, 46.9504556], [142.8943848, 46.9509821], [142.8956891, 46.951400799999995], [142.8959996, 46.9514802], [142.8962512, 46.95153959999999], [142.8965491, 46.9516869], [142.897135, 46.951865], [142.89962, 46.95279], [142.90129689999998, 46.9533107], [142.901648, 46.95341679999999], [142.9021828, 46.9536391], [142.902754, 46.9539529], [142.90529099999998, 46.95543500000001], [142.90579299999996, 46.9556539], [142.9054606, 46.9569475], [142.9055261, 46.957120399999994], [142.9055023, 46.95749240000001], [142.90607519999998, 46.958323699999994], [142.90593390000004, 46.95865679999999], [142.9061009, 46.9588146], [142.9071476, 46.9589844], [142.9079761, 46.959309899999994], [142.908434, 46.9593525], [142.9092606, 46.9591916], [142.909967, 46.9590645], [142.9104363, 46.958689], [142.91235939999999, 46.9574404], [142.9129105, 46.9574453], [142.913221, 46.957659500000005], [142.91356139999996, 46.9577735], [142.9141651, 46.958282], [142.91494679999997, 46.9584016], [142.91616879999998, 46.9581373], [142.916644, 46.9581724], [142.9171209, 46.9583171], [142.91807729999996, 46.9582582], [142.91891869999998, 46.9555183], [142.9265513, 46.9549414], [142.9280375, 46.9549036], [142.9308004, 46.9547071], [142.9326036, 46.954603899999995], [142.9349943, 46.954566199999995], [142.9365687, 46.9548277], [142.937117, 46.95497269999999]]]]}}, {"type": "Feature", "properties": {"id": "mo-64712000", "name": "ГО Долинский", "region": "Сахалинская область", "isCity": false, "sourceOktmo": "64-712-000-000", "sourceAgg": "Южно-Сахалинск", "excelNames": ["ГО Долинский"], "oktmo": "64712000", "vgp": [{"year": 2019, "value": 22983353.49072089}, {"year": 2020, "value": 20441456.429039065}, {"year": 2021, "value": 17694190.59549577}, {"year": 2022, "value": 30604424.880843293}, {"year": 2023, "value": 31248719.382753804}, {"year": 2024, "value": 33226716.10569758}], "population": [{"year": 2019, "value": 24001.0}, {"year": 2020, "value": 23987.0}, {"year": 2021, "value": 23816.0}, {"year": 2022, "value": 23853.0}, {"year": 2023, "value": 22155.0}, {"year": 2024, "value": 22145.0}, {"year": 2025, "value": 22051.0}], "shipments": [{"year": 2019, "value": 1723418.8}, {"year": 2020, "value": 2582615.6}, {"year": 2021, "value": 2461531.6}, {"year": 2022, "value": 2688109.7}, {"year": 2023, "value": 2460810.2}, {"year": 2024, "value": 4181258.0}], "employees": [{"year": 2019, "value": 3824.0}, {"year": 2020, "value": 3824.0}, {"year": 2021, "value": 3489.0}, {"year": 2022, "value": 3475.0}, {"year": 2023, "value": 3396.0}, {"year": 2024, "value": 3370.0}], "investments": [{"year": 2019, "value": 1058998.0}, {"year": 2020, "value": 569445.0}, {"year": 2021, "value": 809504.0}, {"year": 2022, "value": 944307.0}, {"year": 2023, "value": 4310183.0}, {"year": 2024, "value": 3085270.0}], "vgp2024": 33226716.10569758, "pop2024": 22145.0, "ship2024": 4181258.0, "emp2024": 3370.0, "inv2024": 3085270.0}, "geometry": {"type": "MultiPolygon", "coordinates": [[[[142.6689454, 47.1917009], [142.6652518, 47.191675599999996], [142.6605834, 47.1923959], [142.6530628, 47.19291789999999], [142.65122979999998, 47.1926544], [142.6463258, 47.193284999999996], [142.6452771, 47.193976], [142.6434779, 47.1940987], [142.6395385, 47.1929946], [142.6395154, 47.1898035], [142.6382946, 47.1889792], [142.6362333, 47.189047099999996], [142.6296044, 47.18829879999999], [142.6286676, 47.1890248], [142.6270949, 47.18861549999999], [142.62481649999998, 47.1890116], [142.6221864, 47.1901431], [142.6192653, 47.1892682], [142.6156743, 47.18920339999999], [142.6139265, 47.1898297], [142.6089211, 47.1898624], [142.60515319999996, 47.188662799999996], [142.6023567, 47.1873455], [142.60070629999998, 47.187175800000006], [142.598861, 47.187907], [142.59635049999997, 47.188015], [142.59437679999996, 47.187230799999995], [142.58867539999997, 47.18168049999999], [142.5872502, 47.178802999999995], [142.5868144, 47.17540149999999], [142.59240919999996, 47.1720872], [142.5940954, 47.170547799999994], [142.5901398, 47.1683852], [142.586083, 47.1668448], [142.58364789999996, 47.16780769999999], [142.5822221, 47.167774099999995], [142.5757405, 47.163944799999996], [142.57520029999998, 47.16161129999999], [142.5743427, 47.1611184], [142.5721444, 47.16238909999999], [142.5675611, 47.16367040000001], [142.5639224, 47.16383249999999], [142.5602361, 47.16448059999999], [142.55786859999998, 47.1646751], [142.5557423, 47.16425999999999], [142.5547279, 47.16584720000001], [142.5546605, 47.1687804], [142.5547067, 47.1701914], [142.5522348, 47.17160789999999], [142.55192029999998, 47.1725092], [142.5505069, 47.1727731], [142.5489955, 47.177398], [142.5498422, 47.18031739999999], [142.5481743, 47.1813937], [142.5480452, 47.1823596], [142.5467447, 47.1833473], [142.546947, 47.184500299999996], [142.54573350000004, 47.1858901], [142.5447898, 47.186439799999995], [142.54519419999997, 47.188425099999996], [142.54351249999996, 47.18979770000001], [142.54152299999998, 47.19016109999999], [142.5387535, 47.19253659999999], [142.5379386, 47.193740600000005], [142.5339838, 47.1953439], [142.53281529999998, 47.19621419999999], [142.5311075, 47.19697759999999], [142.5302425, 47.197762999999995], [142.52804159999997, 47.198051799999995], [142.52613589999999, 47.1990011], [142.5234241, 47.197957499999994], [142.5209008, 47.1995856], [142.5185407, 47.19988909999999], [142.5164116, 47.1996779], [142.51521759999997, 47.198825199999995], [142.5113499, 47.1987596], [142.5094186, 47.1975631], [142.5070421, 47.1974842], [142.5050688, 47.1981806], [142.4986124, 47.1952773], [142.4975738, 47.19416290000001], [142.49540879999998, 47.1937247], [142.4948648, 47.19332359999999], [142.4944552, 47.18968830000001], [142.49164909999996, 47.18969059999999], [142.48876730000003, 47.1887163], [142.4853878, 47.18676039999999], [142.4831909, 47.1861049], [142.4827958, 47.183652599999995], [142.48058449999996, 47.1825898], [142.4733729, 47.1827911], [142.46387109999998, 47.1818927], [142.4591333, 47.18051979999999], [142.45715149999998, 47.17906279999999], [142.4461736, 47.18614139999998], [142.4415396, 47.1955308], [142.43569270000003, 47.19627069999999], [142.42103, 47.1964535], [142.42206100000004, 47.1984402], [142.4299888, 47.202340500000005], [142.4390216, 47.2108918], [142.430347, 47.21566589999999], [142.4195905, 47.21579969999999], [142.4029842, 47.216670799999996], [142.39895, 47.212054699999996], [142.3949164, 47.207438399999994], [142.3822059, 47.2075925], [142.3746251, 47.21701459999999], [142.3660121, 47.22444899999999], [142.36819119999998, 47.2330874], [142.37349549999996, 47.249019600000004], [142.3695987, 47.249732800000004], [142.35790749999998, 47.2518714], [142.35265579999998, 47.25373750000001], [142.3501468, 47.25462910000001], [142.3491682, 47.2546406], [142.3454394, 47.2620158], [142.33960049999996, 47.2634172], [142.3378612, 47.2721018], [142.32717619999997, 47.2755585], [142.32649689999997, 47.2875631], [142.3226299, 47.2896072], [142.3138659, 47.2917075], [142.30908449999998, 47.2964276], [142.29831099999998, 47.2965502], [142.30173999999997, 47.31650569999999], [142.3193758, 47.316304], [142.31773109999997, 47.328986], [142.3366368, 47.340097199999995], [142.3347772, 47.34411769999999], [142.32224989999997, 47.352927099999995], [142.33418309999996, 47.3594536], [142.3352478, 47.362773499999996], [142.3274195, 47.363531], [142.3257755, 47.376213], [142.31302419999997, 47.3763598], [142.30919959999997, 47.3804024], [142.31132679999996, 47.387042799999996], [142.31255599999997, 47.3970258], [142.3185101, 47.3996233], [142.3187928, 47.41094999999999], [142.3180607, 47.4209555], [142.338896, 47.4293781], [142.3380492, 47.4347197], [142.3312596, 47.4381311], [142.3137989, 47.44699659999999], [142.30124400000003, 47.4558038], [142.3004917, 47.465142799999995], [142.28691509999996, 47.4726271], [142.28126199999997, 47.4826874], [142.2735118, 47.4874389], [142.26763, 47.488170600000004], [142.2679027, 47.49949730000001], [142.2601648, 47.5049143], [142.26724029999997, 47.5128338], [142.28026800000004, 47.5226859], [142.28729999999996, 47.528605299999995], [142.2846092, 47.5392988], [142.2768349, 47.5433843], [142.25723440000002, 47.5469331], [142.2494567, 47.5510169], [142.2436622, 47.555745], [142.2358822, 47.55982780000001], [142.24091399999998, 47.5644386], [142.25286989999998, 47.5703067], [142.2627951, 47.57353009999999], [142.2648445, 47.57683980000001], [142.2640363, 47.5841796], [142.27506289999997, 47.5920549], [142.2771949, 47.59869569999999], [142.28317029999997, 47.6012948], [142.3027892, 47.5977414], [142.3117708, 47.60230409999999], [142.3169472, 47.6122415], [142.3161793, 47.6209141], [142.347696, 47.61988169999999], [142.35372879999997, 47.6244758], [142.3628234, 47.6330319], [142.36989709999997, 47.6396121], [142.3740324, 47.6468935], [142.3595031, 47.65706329999999], [142.34595449999998, 47.66721969999999], [142.342146, 47.6725958], [142.3541552, 47.67911910000001], [142.35936469999996, 47.6897205], [142.36268939999997, 47.70367629999999], [142.37359869999997, 47.7055455], [142.37680539999997, 47.7148372], [142.3876291, 47.71337390000001], [142.4003014, 47.707222], [142.4151789, 47.709705199999995], [142.425086, 47.7109155], [142.43303749999998, 47.7128158], [142.43223299999997, 47.7194902], [142.4175145, 47.7230052], [142.412686, 47.72706329999999], [142.408934, 47.7344403], [142.4159733, 47.7390187], [142.41523849999996, 47.7483578], [142.40938359999998, 47.7510956], [142.4035998, 47.756498], [142.391762, 47.7573086], [142.38899309999996, 47.7646729], [142.3900522, 47.7673258], [142.39802899999998, 47.7698946], [142.40512599999997, 47.7764723], [142.4003454, 47.7825286], [142.39746929999998, 47.7858958], [142.4114889, 47.792388499999994], [142.4145995, 47.7976816], [142.40974599999998, 47.801073499999994], [142.3939606, 47.802599199999996], [142.3683556, 47.8069058], [142.3645395, 47.81228269999999], [142.362788, 47.820967], [142.3548917, 47.8217269], [142.3611057, 47.832316199999994], [142.356367, 47.8403694], [142.3437262, 47.8491815], [142.3341022, 47.8599565], [142.34115209999996, 47.86453929999999], [142.3452502, 47.8698227], [142.3522332, 47.87173990000001], [142.3484108, 47.877116199999996], [142.3455952, 47.883146999999994], [142.34769699999998, 47.8877873], [142.3508071, 47.8930821], [142.346862, 47.8937948], [142.3290653, 47.8953351], [142.3153989, 47.9034894], [142.3287397, 47.921329], [142.3356775, 47.92124849999999], [142.3388228, 47.927876], [142.3538306, 47.9330313], [142.35809259999996, 47.94431], [142.36161169999997, 47.9512723], [142.36035949999996, 47.95348789999999], [142.3664641, 47.960870899999996], [142.3704316, 47.96082369999999], [142.37159989999998, 47.96747379999999], [142.37958899999998, 47.9693773], [142.3847986, 47.9786444], [142.39472049999998, 47.9785243], [142.40292889999998, 47.9884204], [142.4068984, 47.988371900000004], [142.416085, 47.9975887], [142.42465489999998, 48.001380299999994], [142.43491169999996, 48.004337899999996], [142.444396, 48.00453889999999], [142.44555469999997, 47.9984513], [142.4576402, 47.9924039], [142.46357599999996, 47.991662], [142.4733484, 47.98620579999999], [142.4762303, 47.9828367], [142.4859806, 47.97671330000001], [142.48788829999998, 47.974022999999995], [142.4856557, 47.9653885], [142.493514, 47.9626209], [142.49841549999996, 47.96055779999999], [142.5054936, 47.965130099999996], [142.5086245, 47.97042030000001], [142.5235239, 47.9708901], [142.5180797, 47.9882889], [142.5243894, 47.9882051], [142.53097989999998, 47.9881176], [142.6842323, 47.9825852], [142.84025749999998, 47.97695199999999], [142.8269295, 47.9346552], [142.8260908, 47.9292176], [142.8277672, 47.8625133], [142.82742629999998, 47.8489805], [142.8234313, 47.7960415], [142.82523369999998, 47.78986199999999], [142.8292475, 47.7787572], [142.83426629999997, 47.7645734], [142.841158, 47.7477463], [142.84580190000003, 47.73759629999999], [142.8479528, 47.7332474], [142.8531766, 47.72342209999999], [142.85713469999996, 47.7162817], [142.8629191, 47.7054954], [142.86906239999996, 47.6954751], [142.8728774, 47.688947999999996], [142.87621379999996, 47.683773499999994], [142.8845642, 47.6715742], [142.88865389999998, 47.66603069999999], [142.8936633, 47.659436199999995], [142.8945287, 47.65832329999999], [142.90347109999996, 47.6479219], [142.913628, 47.635938499999995], [142.9225117, 47.62604069999999], [142.92904099999998, 47.619191699999995], [143.0066528, 47.5772658], [143.0149733, 47.57373280000001], [143.0381305, 47.56157279999999], [143.10225249999996, 47.524250699999996], [143.10793619999998, 47.5209907], [143.1295175, 47.5082899], [143.1500098, 47.4949889], [143.1685111, 47.4804121], [143.1848509, 47.4646955], [143.18883839999998, 47.4604371], [143.20199479999997, 47.4448801], [143.21303560000004, 47.4285849], [143.22187369999997, 47.411683100000005], [143.2252141, 47.4042495], [143.2474126, 47.377002499999996], [143.2523854, 47.3725643], [143.2697027, 47.3552977], [143.28426239999996, 47.336895299999995], [143.29590779999998, 47.3175593], [143.3045143, 47.2975018], [143.30999120000004, 47.2769426], [143.31634159999996, 47.2430759], [143.3198041, 47.23140709999999], [143.3285224, 47.19197079999999], [143.329681, 47.1882373], [143.3348744, 47.1645801], [143.33588489999997, 47.1406692], [143.3350322, 47.1219229], [143.3342767, 47.1151916], [143.3351091, 47.1082968], [143.18698019999997, 47.112858], [143.041018, 47.11735209999999], [143.0302052, 47.119975], [143.0272776, 47.1204485], [143.02344519999997, 47.1261379], [143.01711839999996, 47.13075729999999], [143.01239769999998, 47.1332944], [143.0070075, 47.1340639], [143.0048446, 47.1358635], [143.0045013, 47.14040479999999], [142.998159, 47.1440375], [142.9877676, 47.1417023], [142.98183710000004, 47.14414320000001], [142.9742803, 47.14286739999999], [142.9706433, 47.144382400000005], [142.968381, 47.1443331], [142.9650855, 47.1437263], [142.9605377, 47.1450728], [142.9516392, 47.143986999999996], [142.9367432, 47.1514456], [142.92710609999997, 47.1534289], [142.9197868, 47.1528398], [142.9156683, 47.1489598], [142.91040699999996, 47.1458363], [142.9073174, 47.1486484], [142.8995074, 47.1513722], [142.8947983, 47.15069630000001], [142.89324949999997, 47.15092159999999], [142.8887431, 47.153554799999995], [142.8876795, 47.1555852], [142.8872477, 47.1563568], [142.8914995, 47.15714259999999], [142.89673889999997, 47.159105600000004], [142.8979126, 47.1606498], [142.89716439999998, 47.16955779999999], [142.8954231, 47.1705415], [142.8948094, 47.17171689999999], [142.892484, 47.1726022], [142.8895801, 47.1729063], [142.8840671, 47.1748134], [142.8811312, 47.1769199], [142.8748028, 47.17993539999999], [142.87366109999996, 47.1802015], [142.8694725, 47.182156], [142.865244, 47.18269719999999], [142.86178619999998, 47.18378359999999], [142.8597306, 47.1836717], [142.8580017, 47.1844699], [142.8546744, 47.1853345], [142.8470085, 47.1854232], [142.8430163, 47.18684629999999], [142.8414341, 47.188547899999996], [142.8361445, 47.1924451], [142.8250651, 47.1957516], [142.81939099999997, 47.1983082], [142.8128168, 47.2004143], [142.81095620000002, 47.20034009999999], [142.8083267, 47.2012177], [142.8060088, 47.2028499], [142.80599509999996, 47.2042404], [142.8053399, 47.20505949999999], [142.8023643, 47.2064699], [142.8001038, 47.20788019999999], [142.7978904, 47.20866079999999], [142.7966097, 47.2084395], [142.79509849999997, 47.207591], [142.79148099999998, 47.2055895], [142.7886965, 47.20369779999999], [142.7837697, 47.199729999999995], [142.7822301, 47.19794009999999], [142.7784319, 47.19565639999999], [142.76458879999998, 47.1959696], [142.7646442, 47.19345659999999], [142.74658169999998, 47.19419859999999], [142.74462729999996, 47.209575300000004], [142.7413159, 47.20952950000001], [142.7412561, 47.2098656], [142.74088689999996, 47.2102998], [142.7408062, 47.2105508], [142.740974, 47.2108434], [142.7413541, 47.21102280000001], [142.74172369999997, 47.21104939999999], [142.7420687, 47.2109337], [142.742373, 47.21120739999999], [142.74232309999996, 47.2115452], [142.7419452, 47.2118307], [142.74168289999997, 47.2120216], [142.7415606, 47.2123762], [142.7406852, 47.2133388], [142.7401104, 47.21379099999999], [142.7393201, 47.21281479999999], [142.7381208, 47.2120415], [142.737497, 47.2120486], [142.7323155, 47.212107499999995], [142.7312853, 47.21211919999999], [142.73060319999996, 47.212127], [142.730227, 47.21218780000001], [142.729163, 47.2123378], [142.7276284, 47.2122276], [142.72672209999996, 47.2126879], [142.72592, 47.2120231], [142.7249413, 47.2116651], [142.72396779999997, 47.2119738], [142.7222249, 47.211158499999996], [142.7213681, 47.21012559999999], [142.7204879, 47.210298699999996], [142.7201867, 47.2093231], [142.7180493, 47.2090245], [142.7173151, 47.208470000000005], [142.7172791, 47.2080095], [142.71690179999996, 47.20764440000001], [142.7161706, 47.207685299999994], [142.715632, 47.207083299999994], [142.7136729, 47.2069037], [142.7124042, 47.2039061], [142.7118895, 47.201471399999996], [142.7110129, 47.2012844], [142.7090579, 47.2000033], [142.7078527, 47.199674400000006], [142.7052801, 47.1983038], [142.70393799999997, 47.197454099999995], [142.703183, 47.19700610000001], [142.7030254, 47.1968899], [142.7021968, 47.1962792], [142.7001474, 47.19624499999999], [142.69744069999996, 47.19589569999999], [142.6956973, 47.1946146], [142.69273939999997, 47.1945948], [142.6861598, 47.19355039999999], [142.68395919999998, 47.193093899999994], [142.6821756, 47.1932041], [142.6803552, 47.1930924], [142.6794075, 47.19277910000001], [142.6786315, 47.19282629999999], [142.6773883, 47.1929459], [142.6758349, 47.1925234], [142.6754249, 47.1926999], [142.6732465, 47.1927556], [142.6725749, 47.19235489999999], [142.67113349999997, 47.192410599999995], [142.6689454, 47.1917009]]]]}}, {"type": "Feature", "properties": {"id": "mo-64716000", "name": "ГО Корсаковский", "region": "Сахалинская область", "isCity": false, "sourceOktmo": "64-716-000-000", "sourceAgg": "Южно-Сахалинск", "excelNames": ["ГО Корсаковский"], "oktmo": "64716000", "vgp": [{"year": 2019, "value": 57661557.021834984}, {"year": 2020, "value": 47594306.93524745}, {"year": 2021, "value": 46619029.95863886}, {"year": 2022, "value": 80491741.98104374}, {"year": 2023, "value": 82318813.84204838}, {"year": 2024, "value": 86699638.7022954}], "population": [{"year": 2019, "value": 40838.0}, {"year": 2020, "value": 40975.0}, {"year": 2021, "value": 40322.0}, {"year": 2022, "value": 40028.0}, {"year": 2023, "value": 39913.0}, {"year": 2024, "value": 39675.0}, {"year": 2025, "value": 39284.0}], "shipments": [{"year": 2019, "value": 289402548.1}, {"year": 2020, "value": 232405497.0}, {"year": 2021, "value": 297034195.8}, {"year": 2022, "value": 547121132.6}, {"year": 2023, "value": 502403587.4}, {"year": 2024, "value": 530793681.8}], "employees": [{"year": 2019, "value": 7154.0}, {"year": 2020, "value": 7502.0}, {"year": 2021, "value": 7403.0}, {"year": 2022, "value": 7022.0}, {"year": 2023, "value": 7085.0}, {"year": 2024, "value": 7295.0}], "investments": [{"year": 2019, "value": 3165765.0}, {"year": 2020, "value": 1902244.0}, {"year": 2021, "value": 4704482.0}, {"year": 2022, "value": 4640954.0}, {"year": 2023, "value": 10332486.0}, {"year": 2024, "value": 6318703.0}], "vgp2024": 86699638.7022954, "pop2024": 39675.0, "ship2024": 530793681.8, "emp2024": 7295.0, "inv2024": 6318703.0}, "geometry": {"type": "MultiPolygon", "coordinates": [[[[143.0045013, 47.14040479999999], [143.0048446, 47.1358635], [143.0070075, 47.1340639], [143.01239769999998, 47.1332944], [143.01711839999996, 47.13075729999999], [143.02344519999997, 47.1261379], [143.0272776, 47.1204485], [143.0302052, 47.119975], [143.041018, 47.11735209999999], [143.18698019999997, 47.112858], [143.3351091, 47.1082968], [143.3314988, 47.0863129], [143.36111059999996, 47.0419954], [143.3843171, 47.045607], [143.4294318, 47.048429000000006], [143.47569450000003, 47.0462066], [143.5203265, 47.0394218], [143.54512269999998, 47.03361509999999], [143.56263009999998, 47.0287872], [143.6012081, 47.0158494], [143.6024606, 47.0153477], [143.6263779, 47.0046569], [143.64864459999998, 46.992415199999996], [143.65689839999996, 46.987401299999995], [143.6851441, 46.967679499999996], [143.6863928, 46.9666771], [143.695214, 46.959240599999994], [143.7003979, 46.9547048], [143.7131453, 46.9428642], [143.7168857, 46.9391065], [143.7381759, 46.9139494], [143.7419057, 46.9086913], [143.7535147, 46.889944299999996], [143.76227379999997, 46.87048430000001], [143.7637539, 46.866481], [143.7660758, 46.8597347], [143.77159489999997, 46.836684], [143.7747968, 46.8156911], [143.7919488, 46.76558419999999], [143.7940951, 46.7587773], [143.79532329999998, 46.7545247], [143.79941, 46.73572779999999], [143.80088009999997, 46.716749], [143.8008574, 46.7163776], [143.8097094, 46.646237199999995], [143.82038529999997, 46.5825386], [143.8258747, 46.54565689999999], [143.830827, 46.5311448], [143.8648401, 46.4842109], [143.88166269999996, 46.4611573], [143.89720129999998, 46.4270184], [143.903048, 46.4013623], [143.9053141, 46.3756347], [143.9052916, 46.371385], [143.9035811, 46.3503733], [143.8986927, 46.3296022], [143.89068399999996, 46.3093015], [143.8796468, 46.289695699999996], [143.8294078, 46.2125991], [143.8164148, 46.195459099999994], [143.7724492, 46.14363289999999], [143.74869279999996, 46.0619748], [143.74355219999998, 46.0471909], [143.7368155, 46.0327214], [143.7337918, 46.026979], [143.7242897, 46.0110796], [143.7201052, 46.0048461], [143.68564939999996, 45.9527211], [143.68255889999998, 45.9474257], [143.6782459, 45.940390400000005], [143.66599189999997, 45.9232111], [143.6514423, 45.906928799999996], [143.6347323, 45.89169259999999], [143.6160165, 45.877642], [143.5954674, 45.8649056], [143.57327399999997, 45.85359969999999], [143.54963969999997, 45.8438277], [143.5247811, 45.8356787], [143.4989252, 45.8292272], [143.47230819999996, 45.82453209999999], [143.445173, 45.82163630000001], [143.4177669, 45.820566199999995], [143.39033969999997, 45.8213315], [143.3631414, 45.8239255], [143.33642009999997, 45.8283244], [143.3104196, 45.83448829999999], [143.28537729999996, 45.8423609], [143.2615222, 45.85187040000001], [143.23907279999997, 45.8629301], [143.2363255, 45.8644258], [143.2158336, 45.8767053], [143.19707979999998, 45.8902757], [143.1802313, 45.9050172], [143.1654384, 45.920799599999995], [143.15283379999997, 45.9374832], [143.15082249999998, 45.9404789], [143.1386359, 45.96170219999999], [143.1299948, 45.9837564], [143.1277081, 45.9912515], [143.12496439999998, 46.0015641], [143.1224183, 46.0124179], [143.1200003, 46.02524329999999], [143.11844379999997, 46.0362406], [143.1175814, 46.0437961], [143.1172244, 46.04790859999999], [143.11247059999997, 46.0710767], [143.10998359999996, 46.0887891], [143.1097692, 46.106585200000005], [143.1118314, 46.124324], [143.11923919999998, 46.16521469999999], [143.1177928, 46.22435], [143.11452729999996, 46.2302829], [143.10982710000002, 46.238233599999994], [143.10589599999997, 46.245351799999995], [143.1026465, 46.2515876], [143.0738126, 46.3042083], [143.0721481, 46.30714150000001], [143.06430159999996, 46.32401949999999], [143.05143339999998, 46.3584206], [143.044052, 46.3982125], [142.9827688, 46.4044865], [142.9062079, 46.4133636], [142.88595179999996, 46.41726909999999], [142.8519629, 46.40981299999999], [142.82381039999999, 46.4068539], [142.7714537, 46.4062621], [142.7451038, 46.4086885], [142.71600689999997, 46.56395049999999], [142.6844184, 46.7320066], [142.68340500000002, 46.7332269], [142.6833572, 46.73404179999999], [142.6839178, 46.7355752], [142.68435180000003, 46.7362539], [142.68532689999998, 46.737180300000006], [142.68611779999998, 46.7381189], [142.6865514, 46.7381815], [142.6873886, 46.739193699999994], [142.68795640000002, 46.740871000000006], [142.6880049, 46.741389], [142.6877989, 46.7418008], [142.6874395, 46.7420667], [142.6866123, 46.7420354], [142.68665419999996, 46.741940699999994], [142.6864404, 46.7418246], [142.68623069999998, 46.7418495], [142.68541269999997, 46.7425879], [142.6847974, 46.7433797], [142.6840124, 46.744671399999994], [142.6839613, 46.7464661], [142.6839002, 46.747574099999994], [142.6835123, 46.7476835], [142.6832042, 46.7480901], [142.682919, 46.7488015], [142.68284219999998, 46.74957520000001], [142.68250209999997, 46.7497902], [142.68273609999997, 46.75057520000001], [142.6829862, 46.7506415], [142.6831476, 46.7500887], [142.6833008, 46.7501495], [142.6840108, 46.7518853], [142.68437389999997, 46.75253759999999], [142.6846078, 46.75313460000001], [142.68442229999997, 46.7537868], [142.68406730000004, 46.7540245], [142.682215, 46.75473769999999], [142.6779363, 46.75639489999999], [142.6736769, 46.7584626], [142.67718729999999, 46.76171529999999], [142.678373, 46.76280189999999], [142.67895709999996, 46.763245], [142.67954539999997, 46.763533599999995], [142.680254, 46.76376049999999], [142.6811496, 46.7639034], [142.70267399999997, 46.76605609999999], [142.70437179999996, 46.7662244], [142.7056097, 46.7662471], [142.7067966, 46.7661419], [142.7331989, 46.7615824], [142.7340994, 46.761279200000004], [142.7345863, 46.76101239999999], [142.7349858, 46.7607411], [142.7350538, 46.76091579999999], [142.7351697, 46.76132449999999], [142.7352054, 46.7615775], [142.7351722, 46.7620287], [142.7350353, 46.763130499999995], [142.7336652, 46.7772634], [142.73201749999998, 46.79448639999999], [142.7323306, 46.794584], [142.73286589999998, 46.7948404], [142.7328492, 46.7949332], [142.7330602, 46.7949875], [142.7333458, 46.79499959999999], [142.7335953, 46.7951248], [142.7341708, 46.7953861], [142.7356738, 46.795813599999995], [142.7366994, 46.79618270000001], [142.73742299999998, 46.7963823], [142.7378155, 46.796428899999995], [142.7381646, 46.796349], [142.7383858, 46.796174799999996], [142.73863319999998, 46.7962015], [142.73864499999996, 46.796304500000005], [142.7389421, 46.796413], [142.7391132, 46.7964073], [142.7391879, 46.7962627], [142.7393694, 46.7962285], [142.739432, 46.79633419999999], [142.7394612, 46.7963399], [142.7396135, 46.79616419999999], [142.7397559, 46.79612019999999], [142.7396544, 46.7960045], [142.7396982, 46.79586309999999], [142.74018429999998, 46.7955031], [142.7404472, 46.7954874], [142.7406287, 46.7953646], [142.7409665, 46.7949349], [142.7414111, 46.79492439999999], [142.741657, 46.7947837], [142.7457939, 46.78934319999999], [142.74632109999996, 46.7890778], [142.748254, 46.788380999999994], [142.75016689999998, 46.7877358], [142.7533152, 46.7869249], [142.7545365, 46.7869128], [142.75542239999996, 46.7867251], [142.75705639999998, 46.7868764], [142.7587115, 46.787289599999994], [142.7609908, 46.78782699999999], [142.7660701, 46.789339999999996], [142.76742199999998, 46.7896257], [142.7680493, 46.790042899999996], [142.7685075, 46.7904026], [142.7689323, 46.790434899999994], [142.7691565, 46.7905602], [142.7691749, 46.7907003], [142.769428, 46.7908026], [142.76975709999996, 46.7907665], [142.7699296, 46.7909682], [142.7701512, 46.7910354], [142.7705043, 46.79090980000001], [142.77293169999996, 46.7918688], [142.77366449999997, 46.7923838], [142.77432369999997, 46.7925838], [142.7770859, 46.79352649999999], [142.7788617, 46.7942571], [142.7814588, 46.793715], [142.7834644, 46.79393389999999], [142.7847154, 46.7933886], [142.7870875, 46.7933926], [142.7880139, 46.793433], [142.7887409, 46.793650199999995], [142.7902363, 46.794123199999994], [142.79157029999996, 46.794607199999994], [142.7923227, 46.7951303], [142.7928432, 46.795211099999996], [142.7935666, 46.7957164], [142.79400329999999, 46.79569529999999], [142.7949544, 46.7961105], [142.795539, 46.7966509], [142.7960427, 46.7967768], [142.7971323, 46.796642799999994], [142.79812359999997, 46.7969579], [142.7987251, 46.79697399999999], [142.8000124, 46.7964405], [142.8012931, 46.796438599999995], [142.8024992, 46.7959035], [142.8048063, 46.79558519999999], [142.80588000000003, 46.7959678], [142.8084549, 46.7975052], [142.8088661, 46.7979979], [142.8098599, 46.79951359999999], [142.8102921, 46.79980359999999], [142.8116991, 46.800049699999995], [142.8127495, 46.8011888], [142.813335, 46.801402], [142.8137162, 46.8019211], [142.814625, 46.8023655], [142.8158523, 46.8027209], [142.8164188, 46.8026886], [142.8183425, 46.803431800000006], [142.81923939999996, 46.8041992], [142.8196761, 46.8043527], [142.8246741, 46.8069255], [142.83050549999996, 46.81017119999999], [142.8408851, 46.8167456], [142.8730132, 46.8560953], [142.87404119999997, 46.8571498], [142.8752719, 46.8585712], [142.87540659999996, 46.858354199999994], [142.8755635, 46.8581784], [142.87619, 46.8576531], [142.877159, 46.8568544], [142.8786189, 46.8556353], [142.87925470000002, 46.855104399999995], [142.8804379, 46.8540868], [142.8808827, 46.853739499999996], [142.88150239999996, 46.853325999999996], [142.8821273, 46.852971], [142.88223419999997, 46.85204089999999], [142.8823027, 46.8511868], [142.8824566, 46.85026249999999], [142.8824737, 46.84997], [142.88235399999996, 46.8496424], [142.88184069999997, 46.84909249999999], [142.8811051, 46.848530800000006], [142.8805405, 46.8478288], [142.8793772, 46.8460385], [142.8790522, 46.845512], [142.87896659999998, 46.84506729999999], [142.8789153, 46.84422479999999], [142.8788469, 46.8439206], [142.8782823, 46.84330039999999], [142.877598, 46.8425515], [142.8768795, 46.8416153], [142.8762807, 46.84113549999999], [142.8754424, 46.8406558], [142.8750147, 46.8401643], [142.8745699, 46.8394387], [142.8740053, 46.838631199999995], [142.87323549999996, 46.8379759], [142.87263669999996, 46.83748429999999], [142.8721577, 46.8370513], [142.87176419999997, 46.8366885], [142.8716787, 46.836407599999994], [142.8716615, 46.835845899999995], [142.87162729999997, 46.83548309999999], [142.871097, 46.834300999999996], [142.8705666, 46.8333764], [142.869831, 46.8323348], [142.8694888, 46.8319836], [142.8691774, 46.831318], [142.8782084, 46.8272912], [142.8881652, 46.8292298], [142.8904511, 46.8366261], [142.8976889, 46.835546], [142.902491, 46.8336112], [142.9016179, 46.831413100000006], [142.8990142, 46.8294605], [142.8979656, 46.82738249999999], [142.8958781, 46.8244231], [142.8969435, 46.8229401], [142.9004892, 46.818764699999996], [142.9083043, 46.816928100000005], [142.9142389, 46.8144631], [142.9177377, 46.8088643], [142.90893740000004, 46.80462], [142.9137848, 46.802287199999995], [142.9150826, 46.80171059999999], [142.92676909999997, 46.80616549999999], [142.9259506, 46.8066834], [142.92554719999998, 46.807207899999995], [142.9244073, 46.808], [142.9242112, 46.808413200000004], [142.923916, 46.8087827], [142.9238056, 46.80929909999999], [142.9236873, 46.809622499999996], [142.9230756, 46.81043679999999], [142.9227812, 46.8118725], [142.9221288, 46.81269869999999], [142.92233849999997, 46.8131269], [142.9223082, 46.8132909], [142.9212434, 46.8144302], [142.91991889999997, 46.8163308], [142.91997399999997, 46.81693959999999], [142.91964259999997, 46.8183683], [142.91981609999996, 46.8187245], [142.9194246, 46.81987949999999], [142.9198669, 46.8206979], [142.9199119, 46.8215166], [142.9199794, 46.8220664], [142.9195664, 46.822383], [142.9195716, 46.8230065], [142.9194285, 46.8231015], [142.9192073, 46.8230332], [142.91912489999999, 46.8231252], [142.9192331, 46.823635599999996], [142.91929429999996, 46.8237455], [142.9195066, 46.82381079999999], [142.919563, 46.8239473], [142.9194764, 46.8242382], [142.9193463, 46.8242916], [142.9192213, 46.8242971], [142.9191685, 46.8243509], [142.9191178, 46.8245326], [142.9184268, 46.825009800000004], [142.9181015, 46.8254045], [142.91798599999998, 46.8257798], [142.9182273, 46.82721179999999], [142.9184573, 46.82772489999999], [142.9194513, 46.8288945], [142.9199428, 46.829475699999996], [142.9210131, 46.829916399999995], [142.9223389, 46.8311979], [142.9237271, 46.8324116], [142.9430495, 46.8253201], [142.9555243, 46.8252504], [142.95560369999998, 46.82773660000001], [142.9563243, 46.82775279999999], [142.96041469999997, 46.82784459999999], [142.9608317, 46.8284945], [142.9621805, 46.8291728], [142.9636318, 46.829050499999994], [142.96578829999999, 46.830993299999996], [142.96696509999998, 46.837986], [142.96736249999998, 46.8385083], [142.9675093, 46.8385858], [142.9677401, 46.8385915], [142.9679603, 46.8385499], [142.9680421, 46.83855139999999], [142.9683567, 46.83872639999999], [142.9683987, 46.8387838], [142.9683022, 46.839099499999996], [142.96840710000004, 46.8392602], [142.9685917, 46.839317599999994], [142.96899439999999, 46.83924579999999], [142.96936779999996, 46.839286], [142.9696614, 46.8394065], [142.9696908, 46.8394754], [142.96968239999998, 46.8395959], [142.96975789999996, 46.8396447], [142.9702152, 46.8395873], [142.9707102, 46.8396619], [142.9711281, 46.8398156], [142.97149319999997, 46.8399134], [142.97179279999997, 46.8399925], [142.97257, 46.83997430000001], [142.9727121, 46.840024699999994], [142.9729631, 46.8401785], [142.9731321, 46.84018259999999], [142.9733813, 46.8401176], [142.973497, 46.839866], [142.9737284, 46.839807199999996], [142.97455300000001, 46.8399614], [142.9753446, 46.83986540000001], [142.9757355, 46.8399179], [142.97593739999996, 46.839898899999994], [142.9761064, 46.8397203], [142.97623369999997, 46.83968269999999], [142.9763816, 46.839688], [142.97652989999997, 46.8397303], [142.9767501, 46.839947], [142.97714420000003, 46.840098299999994], [142.9775063, 46.8403555], [142.9776339, 46.8403758], [142.9777288, 46.84033719999999], [142.977921, 46.84030249999999], [142.9780202, 46.84026359999999], [142.97809740000002, 46.84015839999999], [142.978274, 46.840073999999994], [142.9783768, 46.8400692], [142.97852979999996, 46.8401155], [142.978448, 46.84525779999999], [142.9759131, 46.8451721], [142.9744615, 46.843945], [142.9722009, 46.843945], [142.971005, 46.84372009999999], [142.96425229999997, 46.8440349], [142.9599901, 46.8547195], [142.952404, 46.86663800000001], [142.95250299999998, 46.86839359999999], [142.9494088, 46.8735177], [142.9572305, 46.8761289], [142.9577605, 46.87651700000001], [142.9596273, 46.8783752], [142.9605521, 46.8800433], [142.960398, 46.8826771], [142.95919499999997, 46.8860805], [142.9611462, 46.8965369], [142.952349, 46.9077385], [142.9441036, 46.91612810000001], [142.94722219999997, 46.9199899], [142.9591749, 46.93263459999999], [142.95395649999998, 46.94303059999999], [142.9581561, 46.948637], [142.95787709999996, 46.9484674], [142.9571584, 46.9485305], [142.956895, 46.9484778], [142.956572, 46.9484822], [142.95622799999998, 46.94867599999999], [142.955743, 46.94905], [142.954337, 46.949943999999995], [142.95267799999996, 46.950569], [142.949098, 46.951789], [142.947836, 46.952328], [142.944541, 46.953268], [142.94407199999998, 46.953473], [142.940985, 46.954437], [142.93976499999997, 46.954703], [142.93876399999996, 46.955033], [142.937909, 46.955173], [142.937117, 46.95497269999999], [142.9365687, 46.9548277], [142.9349943, 46.954566199999995], [142.9326036, 46.954603899999995], [142.9308004, 46.9547071], [142.9280375, 46.9549036], [142.9265513, 46.9549414], [142.91891869999998, 46.9555183], [142.91807729999996, 46.9582582], [142.9171209, 46.9583171], [142.916644, 46.9581724], [142.91616879999998, 46.9581373], [142.91494679999997, 46.9584016], [142.9141651, 46.958282], [142.91356139999996, 46.9577735], [142.913221, 46.957659500000005], [142.9129105, 46.9574453], [142.91235939999999, 46.9574404], [142.9104363, 46.958689], [142.909967, 46.9590645], [142.9092606, 46.9591916], [142.908434, 46.9593525], [142.9079761, 46.959309899999994], [142.9071476, 46.9589844], [142.9061009, 46.9588146], [142.90593390000004, 46.95865679999999], [142.90607519999998, 46.958323699999994], [142.9055023, 46.95749240000001], [142.9055261, 46.957120399999994], [142.9054606, 46.9569475], [142.90579299999996, 46.9556539], [142.90529099999998, 46.95543500000001], [142.902754, 46.9539529], [142.9021828, 46.9536391], [142.901648, 46.95341679999999], [142.90129689999998, 46.9533107], [142.89962, 46.95279], [142.897135, 46.951865], [142.8965491, 46.9516869], [142.8962512, 46.95153959999999], [142.8959996, 46.9514802], [142.8956891, 46.951400799999995], [142.8943848, 46.9509821], [142.8929866, 46.9504556], [142.8919206, 46.950131], [142.89057, 46.9496174], [142.89022700000004, 46.949487], [142.8900665, 46.94946139999999], [142.88903459999997, 46.94923459999999], [142.888432, 46.94910699999999], [142.8874274, 46.94894289999999], [142.88650259999997, 46.948907000000005], [142.8854656, 46.9487766], [142.883186, 46.9485228], [142.8824192, 46.9484608], [142.8822314, 46.948473199999995], [142.8819621, 46.9484987], [142.8815829, 46.9486152], [142.8810878, 46.9488218], [142.8807929, 46.94895329999999], [142.8802977, 46.94918849999999], [142.87976199999997, 46.9495595], [142.879226, 46.9500211], [142.8789794, 46.9501654], [142.8783205, 46.95083329999999], [142.8778517, 46.951374099999995], [142.8775705, 46.9516408], [142.87730189999996, 46.95183509999999], [142.8770006, 46.952004], [142.8767819, 46.95220189999999], [142.8766487, 46.952416299999996], [142.87658209999998, 46.9527258], [142.87650319999997, 46.953000499999995], [142.8764491, 46.9534359], [142.8762298, 46.9537822], [142.875304, 46.95461709999999], [142.87523079999997, 46.9547971], [142.87517679999996, 46.954922], [142.8751241, 46.95508139999999], [142.87507639999998, 46.9552454], [142.8750676, 46.9554908], [142.87501569999998, 46.95579169999999], [142.87495099999998, 46.9559532], [142.8748336, 46.956161599999994], [142.8746683, 46.956339], [142.8745443, 46.9564019], [142.8742958, 46.95648069999999], [142.8741707, 46.956574], [142.8741095, 46.956701599999995], [142.8740208, 46.95685029999999], [142.8738037, 46.957052999999995], [142.8735474, 46.95713129999999], [142.8730657, 46.9573474], [142.8729221, 46.95742750000001], [142.8729193, 46.9575444], [142.8729237, 46.9576918], [142.872915, 46.957866], [142.8727437, 46.95844300000001], [142.8721895, 46.95934789999999], [142.8720252, 46.95978660000001], [142.87223969999997, 46.9628235], [142.8723035, 46.9630494], [142.87255859999996, 46.9634302], [142.8727153, 46.963704], [142.8727474, 46.963886599999995], [142.8727381, 46.9640289], [142.8726784, 46.9641912], [142.872574, 46.9643334], [142.8723805, 46.9645258], [142.8721994, 46.964641699999994], [142.8718476, 46.9647427], [142.87167999999997, 46.964799], [142.8715244, 46.96487619999999], [142.8713047, 46.96509739999999], [142.87101389999998, 46.965782399999995], [142.8709658, 46.96600389999999], [142.8710154, 46.9661401], [142.871656, 46.96683899999999], [142.8717672, 46.967104199999994], [142.8717421, 46.967801], [142.87161289999997, 46.9684085], [142.8715583, 46.9690172], [142.8713767, 46.9697931], [142.87132259999998, 46.9702207], [142.8712369, 46.970645], [142.87095889999998, 46.9709754], [142.8704823, 46.97124490000001], [142.86996, 46.97136439999999], [142.8693622, 46.9713604], [142.8689873, 46.9713507], [142.8686207, 46.9713759], [142.868065, 46.971416], [142.86722049999997, 46.9715051], [142.866549, 46.97159190000001], [142.8659131, 46.9717529], [142.86559539999996, 46.9719034], [142.8652729, 46.9721466], [142.8642595, 46.97319650000001], [142.8641167, 46.9732851], [142.8638863, 46.9733577], [142.863552, 46.973407], [142.8632017, 46.9734325], [142.8628286, 46.9734613], [142.8624587, 46.97346879999999], [142.8621317, 46.9734754], [142.8617351, 46.97343970000001], [142.8614443, 46.9734241], [142.8612618, 46.9734582], [142.8608426, 46.97365709999999], [142.8604737, 46.9738289], [142.86030189999997, 46.973881399999996], [142.86007279999998, 46.9738955], [142.859594, 46.9738249], [142.8593474, 46.97377709999999], [142.8591744, 46.9737311], [142.85901179999996, 46.9736795], [142.8589325, 46.9735898], [142.85892899999996, 46.97347800000001], [142.8589397, 46.9732105], [142.8588693, 46.97309739999999], [142.8587608, 46.97303629999999], [142.85854139999998, 46.97297890000001], [142.85727449999996, 46.9728071], [142.85682809999997, 46.9727247], [142.8562902, 46.972647599999995], [142.85580859999996, 46.97260829999999], [142.8555548, 46.9725216], [142.85514129999999, 46.97228499999999], [142.8546572, 46.9721591], [142.8533782, 46.97175949999999], [142.8530656, 46.9715456], [142.85283259999997, 46.9712855], [142.8527958, 46.97105140000001], [142.8528534, 46.9706448], [142.852792, 46.9704965], [142.8526162, 46.9703292], [142.8524895, 46.9702336], [142.8523487, 46.970134], [142.8521435, 46.9700475], [142.8519693, 46.9699762], [142.85184909999998, 46.9699507], [142.85173299999997, 46.9699747], [142.8515131, 46.9700182], [142.851324, 46.970028600000006], [142.85118569999997, 46.96999160000001], [142.8510474, 46.96994550000001], [142.850799, 46.96983869999999], [142.8502142, 46.9696887], [142.8498216, 46.96968470000001], [142.8493952, 46.969494299999994], [142.8491453, 46.9692385], [142.8489, 46.9690638], [142.84859749999998, 46.968947], [142.8473229, 46.96868599999999], [142.8467007, 46.96862339999999], [142.84642439999996, 46.9686252], [142.8487276, 46.971229], [142.8491197, 46.9732121], [142.84776519999997, 46.9762073], [142.8474454, 46.9774078], [142.8480817, 46.97843730000001], [142.8494888, 46.9792084], [142.85119569999998, 46.9814746], [142.8511726, 46.982607599999994], [142.8516141, 46.9838632], [142.8530211, 46.98729349999999], [142.85557369999998, 46.98920329999999], [142.8456079, 46.988383299999995], [142.8413013, 46.9901072], [142.8388851, 46.99057799999999], [142.8379328, 46.99431460000001], [142.83582220000002, 46.9968261], [142.8369409, 46.998305], [142.8374368, 46.9997601], [142.83910909999997, 47.0004995], [142.84011, 47.0016777], [142.84034049999997, 47.0054737], [142.8375635, 47.00740909999999], [142.8335651, 47.009288999999995], [142.8304708, 47.0111147], [142.8307904, 47.01201970000001], [142.8313449, 47.014688699999994], [142.8331757, 47.0161184], [142.83904529999998, 47.0188785], [142.840744, 47.0208778], [142.8491123, 47.02652919999999], [142.84769819999997, 47.02811080000001], [142.8446881, 47.03398039999999], [142.8484837, 47.0376769], [142.8475536, 47.0382358], [142.847023, 47.03982349999999], [142.8460043, 47.04160219999999], [142.8540288, 47.046938], [142.85601249999996, 47.0489026], [142.8577379, 47.04974690000001], [142.86117369999997, 47.05021309999999], [142.8625002, 47.0508811], [142.86194840000002, 47.05269919999999], [142.86181789999998, 47.0545438], [142.86276389999998, 47.0566107], [142.86273129999998, 47.0576774], [142.8621578, 47.060713199999995], [142.8654913, 47.06696449999999], [142.8654792, 47.06754759999999], [142.8671709, 47.06844180000001], [142.87277609999998, 47.0696269], [142.8772592, 47.070229899999994], [142.88214249999996, 47.0723272], [142.8827846, 47.0744782], [142.8830553, 47.0778758], [142.8843832, 47.0806924], [142.8818553, 47.0842981], [142.8796208, 47.0865998], [142.8765218, 47.088820899999995], [142.8754127, 47.0922189], [142.8733297, 47.095429], [142.87189289999998, 47.0961821], [142.8707378, 47.0977726], [142.8678672, 47.09848319999999], [142.8669375, 47.099238199999995], [142.86732689999997, 47.100277500000004], [142.8726748, 47.104159599999996], [142.87306379999998, 47.10497579999999], [142.8726979, 47.10643619999999], [142.87278929999997, 47.1080269], [142.8747291, 47.1135879], [142.8733461, 47.117015499999994], [142.87259280000004, 47.1204492], [142.872589, 47.121305799999995], [142.8699128, 47.12571959999999], [142.86921989999996, 47.129018], [142.8684085, 47.1308376], [142.8672037, 47.1320794], [142.86442419999997, 47.133801999999996], [142.86590110000003, 47.1357724], [142.8688306, 47.1367296], [142.8708883, 47.13788099999999], [142.8718292, 47.13950679999999], [142.87301799999997, 47.1431861], [142.8779381, 47.14629469999999], [142.8788754, 47.14806099999999], [142.87911029999998, 47.1504224], [142.8784684, 47.151197499999995], [142.87869509999996, 47.1518185], [142.8766422, 47.1542185], [142.8741695, 47.1555951], [142.8872477, 47.1563568], [142.8876795, 47.1555852], [142.8887431, 47.153554799999995], [142.89324949999997, 47.15092159999999], [142.8947983, 47.15069630000001], [142.8995074, 47.1513722], [142.9073174, 47.1486484], [142.91040699999996, 47.1458363], [142.9156683, 47.1489598], [142.9197868, 47.1528398], [142.92710609999997, 47.1534289], [142.9367432, 47.1514456], [142.9516392, 47.143986999999996], [142.9605377, 47.1450728], [142.9650855, 47.1437263], [142.968381, 47.1443331], [142.9706433, 47.144382400000005], [142.9742803, 47.14286739999999], [142.98183710000004, 47.14414320000001], [142.9877676, 47.1417023], [142.998159, 47.1440375], [143.0045013, 47.14040479999999]]]]}}, {"type": "Feature", "properties": {"id": "mo-64708000", "name": "ГО Анивский", "region": "Сахалинская область", "isCity": false, "sourceOktmo": "64-708-000-000", "sourceAgg": "Южно-Сахалинск", "excelNames": ["ГО Анивский"], "oktmo": "64708000", "vgp": [{"year": 2019, "value": 16899698.253514398}, {"year": 2020, "value": 14072542.095186405}, {"year": 2021, "value": 13930140.01559679}, {"year": 2022, "value": 26265675.579186156}, {"year": 2023, "value": 29164468.708539616}, {"year": 2024, "value": 31242939.175929606}], "population": [{"year": 2019, "value": 19569.0}, {"year": 2020, "value": 19545.0}, {"year": 2021, "value": 19656.0}, {"year": 2022, "value": 19718.0}, {"year": 2023, "value": 20946.0}, {"year": 2024, "value": 20975.0}, {"year": 2025, "value": 21316.0}], "shipments": [{"year": 2019, "value": 1834232.6}, {"year": 2020, "value": 2032230.7}, {"year": 2021, "value": 1818083.0}, {"year": 2022, "value": 2732182.9}, {"year": 2023, "value": 2950354.6}, {"year": 2024, "value": 2759302.1}], "employees": [{"year": 2019, "value": 2641.0}, {"year": 2020, "value": 2698.0}, {"year": 2021, "value": 2713.0}, {"year": 2022, "value": 2828.0}, {"year": 2023, "value": 3064.0}, {"year": 2024, "value": 3109.0}], "investments": [{"year": 2019, "value": 1392042.0}, {"year": 2020, "value": 1339757.0}, {"year": 2021, "value": 1303375.0}, {"year": 2022, "value": 2216834.0}, {"year": 2023, "value": 1809406.0}, {"year": 2024, "value": 2278369.0}], "vgp2024": 31242939.175929606, "pop2024": 20975.0, "ship2024": 2759302.1, "emp2024": 3109.0, "inv2024": 2278369.0}, "geometry": {"type": "MultiPolygon", "coordinates": [[[[142.7068594, 46.8604384], [142.7067381, 46.86031069999999], [142.70679649999997, 46.859973], [142.7072268, 46.85958190000001], [142.70790889999998, 46.8595814], [142.7080051, 46.859408200000004], [142.70789609999997, 46.8589628], [142.7079221, 46.85867809999999], [142.7083384, 46.858091], [142.7084165, 46.85793079999999], [142.7082864, 46.8575972], [142.7079884, 46.857468299999994], [142.7075147, 46.8567626], [142.7070439, 46.85627159999999], [142.7064779, 46.85614699999999], [142.7060551, 46.8561426], [142.705372, 46.8558756], [142.70496219999998, 46.8559513], [142.70458489999996, 46.8560224], [142.70414899999997, 46.85598240000001], [142.7040503, 46.8558506], [142.7042856, 46.8555776], [142.70512769999996, 46.8550643], [142.7063421, 46.85385339999999], [142.7078635, 46.8535223], [142.7088263, 46.85362909999999], [142.70956139999998, 46.853984999999994], [142.70986150000002, 46.8538979], [142.7099452, 46.853677999999995], [142.7097543, 46.85332819999999], [142.7095316, 46.85281559999999], [142.7089629, 46.852329999999995], [142.70859269999997, 46.8523458], [142.70812259999997, 46.8520059], [142.7082607, 46.8518291], [142.7086344, 46.85173590000001], [142.7092119, 46.851824099999995], [142.70962229999998, 46.8517178], [142.70964219999996, 46.851522800000005], [142.7092709, 46.851101099999994], [142.7087441, 46.85079139999999], [142.7083228, 46.850606899999995], [142.70756029999998, 46.850747399999996], [142.70703649999996, 46.850624999999994], [142.7065923, 46.8503303], [142.7060235, 46.849921099999996], [142.7054917, 46.8496909], [142.7037295, 46.849341], [142.70283959999998, 46.848794299999994], [142.7030514, 46.8478899], [142.70504, 46.8472435], [142.706143, 46.846298], [142.7068419, 46.84670919999999], [142.7078606, 46.846820799999996], [142.7086567, 46.8463724], [142.7083354, 46.8456669], [142.7068347, 46.8449164], [142.7066799, 46.84463029999999], [142.7068537, 46.84428380000001], [142.7074084, 46.84405459999999], [142.706942, 46.84353479999999], [142.7064554, 46.8434347], [142.70612189999997, 46.8436796], [142.7059766, 46.8440675], [142.7056903, 46.84426719999999], [142.705398, 46.8442236], [142.70519939999997, 46.84387199999999], [142.7053589, 46.843567199999995], [142.7056208, 46.8432832], [142.7057048, 46.8430195], [142.7055109, 46.84288960000001], [142.7055878, 46.84272060000001], [142.7058778, 46.84250569999999], [142.70635229999996, 46.8424848], [142.70706919999998, 46.8427217], [142.7071554, 46.84260729999999], [142.707504, 46.84259140000001], [142.708412, 46.8426853], [142.7087769, 46.84248610000001], [142.7088932, 46.84204739999999], [142.709325, 46.8416876], [142.70960759999997, 46.8415496], [142.7095631, 46.8412412], [142.7090773, 46.8409307], [142.7086288, 46.84046949999999], [142.7085133, 46.8400547], [142.70889559999998, 46.8395905], [142.70944419999998, 46.8393032], [142.7094915, 46.8387858], [142.70919449999997, 46.838495099999996], [142.70822840000002, 46.8383532], [142.70766499999996, 46.83861689999999], [142.7073575, 46.83862930000001], [142.7071467, 46.838444599999995], [142.7070818, 46.83824839999999], [142.7071457, 46.8379868], [142.70759949999996, 46.8376057], [142.70936169999996, 46.837660099999994], [142.71066289999996, 46.837970999999996], [142.7114507, 46.83794350000001], [142.7120799, 46.83768909999999], [142.712236, 46.8369491], [142.7127549, 46.836380999999996], [142.7128713, 46.8355813], [142.71324449999997, 46.83508119999999], [142.71388019999998, 46.834790999999996], [142.71402960000003, 46.8342627], [142.7137461, 46.83387569999999], [142.71238379999997, 46.833541200000006], [142.7116147, 46.8335843], [142.7103619, 46.8334455], [142.7098635, 46.83332119999999], [142.7096774, 46.83311870000001], [142.7098404, 46.832495699999996], [142.7105655, 46.83179789999999], [142.7123676, 46.8319212], [142.7128852, 46.8317826], [142.7134721, 46.8313946], [142.7136421, 46.83103799999999], [142.7136174, 46.83088339999999], [142.7135688, 46.8305792], [142.71313189999998, 46.830143799999995], [142.7124989, 46.82977879999999], [142.7116369, 46.82929789999999], [142.7114935, 46.8291556], [142.71164619999996, 46.8285693], [142.7120671, 46.828431099999996], [142.7132206, 46.8285675], [142.71356549999996, 46.828520899999994], [142.7140713, 46.8281297], [142.7140488, 46.8275613], [142.71421120000002, 46.82701939999999], [142.7148778, 46.82712620000001], [142.71523079999997, 46.827338999999995], [142.715665, 46.82738909999999], [142.71574379999998, 46.82819119999999], [142.71520649999997, 46.8292739], [142.7152861, 46.830536499999994], [142.7163605, 46.830911], [142.7163461, 46.83149389999999], [142.7164854, 46.83180099999999], [142.71782039999997, 46.832381999999996], [142.7189244, 46.8327594], [142.71963409999998, 46.834046799999996], [142.7201908, 46.83433459999999], [142.7228317, 46.8340626], [142.722989, 46.834146800000006], [142.72325329999998, 46.8347073], [142.7236042, 46.8348584], [142.7248851, 46.834531999999996], [142.7254103, 46.83466399999999], [142.72589989999997, 46.8350235], [142.7260176, 46.83506989999999], [142.7261455, 46.8351204], [142.7267521, 46.8353596], [142.726926, 46.83533739999999], [142.7271162, 46.83469839999999], [142.7276982, 46.8348859], [142.72931979999998, 46.838105199999994], [142.72930059999996, 46.8381124], [142.72883049999996, 46.8382877], [142.7283361, 46.83838839999999], [142.7282128, 46.8384135], [142.7310709, 46.84114410000001], [142.73259319999997, 46.8428116], [142.7342837, 46.84300459999999], [142.73715189999996, 46.8444644], [142.73786360000003, 46.8447694], [142.7398661, 46.8458969], [142.7415474, 46.84673279999999], [142.742279, 46.8468577], [142.74282759999997, 46.8467583], [142.74435859999997, 46.846936], [142.744934, 46.8468595], [142.74850289999998, 46.8453877], [142.7488469, 46.8451074], [142.7489516, 46.845022099999994], [142.7491449, 46.8448646], [142.7501712, 46.8447734], [142.75158029999997, 46.8450341], [142.7520301, 46.84549719999999], [142.75281009999998, 46.8457747], [142.7546042, 46.8466623], [142.7558951, 46.84650409999999], [142.7565553, 46.846665], [142.7570681, 46.84680839999999], [142.75738919999998, 46.846756299999996], [142.7587753, 46.8465227], [142.7609821, 46.84589569999999], [142.76149609999996, 46.84586999999999], [142.762037, 46.8459272], [142.76291159999997, 46.846636200000006], [142.7634067, 46.8467776], [142.7637568, 46.84716329999999], [142.76439519999997, 46.8477923], [142.7651055, 46.84830379999999], [142.76625, 46.8487156], [142.76639789999996, 46.863072499999994], [142.7666602, 46.86340890000001], [142.767392, 46.8634211], [142.7679403, 46.8626545], [142.77027379999998, 46.8625764], [142.77160580000003, 46.8630662], [142.7721015, 46.86318639999999], [142.7724566, 46.8630699], [142.7729515, 46.8632241], [142.7735976, 46.8638121], [142.7746267, 46.864141], [142.7746461, 46.86421360000001], [142.7747033, 46.86442769999999], [142.774958, 46.8646592], [142.7753816, 46.8646848], [142.7757507, 46.8645182], [142.7759192, 46.8643818], [142.776016, 46.864303400000004], [142.7761029, 46.86423299999999], [142.77674609999997, 46.86434049999999], [142.77691779999998, 46.8643691], [142.7775097, 46.864468], [142.77896419999996, 46.864422], [142.780364, 46.8644607], [142.78173109999997, 46.86447], [142.782241, 46.8646751], [142.782283, 46.86543509999999], [142.78253710000004, 46.8655689], [142.7830934, 46.865555699999994], [142.7834573, 46.8653445], [142.7835633, 46.86484419999999], [142.7845272, 46.8647019], [142.78562619999997, 46.865086], [142.78588479999996, 46.8655122], [142.78630089999996, 46.8655256], [142.78724959999997, 46.865173899999995], [142.78817439999997, 46.8655915], [142.7885239, 46.8659409], [142.7891189, 46.8662173], [142.7897292, 46.866175999999996], [142.7901864, 46.865846899999994], [142.79123369999996, 46.8653755], [142.7967384, 46.8645155], [142.7976545, 46.864438], [142.7993703, 46.8645925], [142.801146, 46.86420979999999], [142.8048313, 46.8640717], [142.8057969, 46.863881], [142.80675169999998, 46.8634629], [142.80827689999998, 46.86327419999999], [142.8098309, 46.86298969999999], [142.81026539999996, 46.8630374], [142.8110594, 46.8636132], [142.8113544, 46.8636903], [142.81506899999997, 46.8636434], [142.8164935, 46.86344819999999], [142.8195754, 46.862118599999995], [142.81996589999997, 46.86169819999999], [142.8203452, 46.86158489999999], [142.8219867, 46.86170229999999], [142.8226578, 46.861500199999995], [142.8231561, 46.861100699999994], [142.8234994, 46.8605798], [142.8238749, 46.8604038], [142.82433459999996, 46.860412], [142.8255272, 46.8599966], [142.82579, 46.8599893], [142.8261441, 46.86017269999999], [142.82672349999999, 46.8601874], [142.8278422, 46.86033739999999], [142.8279358, 46.8608219], [142.8288822, 46.862159199999994], [142.83160199999998, 46.86286669999999], [142.83204849999998, 46.863105299999994], [142.83244359999998, 46.863164999999995], [142.8329567, 46.86331229999999], [142.8332595, 46.863256199999995], [142.8334802, 46.8634176], [142.8335469, 46.863729899999996], [142.83368709999996, 46.8638403], [142.833865, 46.8640562], [142.8341678, 46.8643088], [142.834604, 46.8643158], [142.8348554, 46.864463199999996], [142.83517360000002, 46.8644702], [142.8353481, 46.8646211], [142.8353173, 46.8649193], [142.8355072, 46.8649298], [142.8356662, 46.8649298], [142.8357124, 46.865154399999994], [142.8358766, 46.8653649], [142.83621529999996, 46.8654245], [142.8364514, 46.86552979999999], [142.8366302, 46.865925], [142.837002, 46.8660325], [142.83720059999996, 46.8660578], [142.8374546, 46.86619819999999], [142.83765729999996, 46.86618059999999], [142.8377753, 46.8661262], [142.8379831, 46.8660701], [142.8381887, 46.8661773], [142.8386503, 46.866242], [142.8389505, 46.8664262], [142.839556, 46.8669858], [142.8407209, 46.8674735], [142.84104409999998, 46.86766639999999], [142.8415419, 46.8681857], [142.8428678, 46.869203899999995], [142.8431073, 46.87030789999999], [142.8462733, 46.8712026], [142.8485875, 46.8714716], [142.8495269, 46.871731999999994], [142.8510298, 46.8727652], [142.851688, 46.8729665], [142.8519434, 46.8733204], [142.854684, 46.874914], [142.8553239, 46.875184], [142.8593177, 46.8755932], [142.8619159, 46.8761978], [142.864848, 46.8764781], [142.86573479999998, 46.876227], [142.8665571, 46.87612299999999], [142.8670688, 46.876001499999994], [142.8679656, 46.875480200000005], [142.8697754, 46.875745499999994], [142.87055879999997, 46.8763372], [142.8711823, 46.87680819999999], [142.87345489999998, 46.8773176], [142.87562760000003, 46.8780838], [142.87791810000002, 46.878649499999995], [142.8816291, 46.8795128], [142.8805822, 46.8765523], [142.8753761, 46.871072999999996], [142.8730093, 46.8674817], [142.8733072, 46.867117400000005], [142.87436819999996, 46.86542500000001], [142.8752293, 46.86398659999999], [142.8753156, 46.8637674], [142.8753567, 46.863509], [142.8753625, 46.863259], [142.87527369999998, 46.861239], [142.8751888, 46.85918840000001], [142.8752091, 46.858796299999995], [142.8752719, 46.8585712], [142.87404119999997, 46.8571498], [142.8730132, 46.8560953], [142.8408851, 46.8167456], [142.83050549999996, 46.81017119999999], [142.8246741, 46.8069255], [142.8196761, 46.8043527], [142.81923939999996, 46.8041992], [142.8183425, 46.803431800000006], [142.8164188, 46.8026886], [142.8158523, 46.8027209], [142.814625, 46.8023655], [142.8137162, 46.8019211], [142.813335, 46.801402], [142.8127495, 46.8011888], [142.8116991, 46.800049699999995], [142.8102921, 46.79980359999999], [142.8098599, 46.79951359999999], [142.8088661, 46.7979979], [142.8084549, 46.7975052], [142.80588000000003, 46.7959678], [142.8048063, 46.79558519999999], [142.8024992, 46.7959035], [142.8012931, 46.796438599999995], [142.8000124, 46.7964405], [142.7987251, 46.79697399999999], [142.79812359999997, 46.7969579], [142.7971323, 46.796642799999994], [142.7960427, 46.7967768], [142.795539, 46.7966509], [142.7949544, 46.7961105], [142.79400329999999, 46.79569529999999], [142.7935666, 46.7957164], [142.7928432, 46.795211099999996], [142.7923227, 46.7951303], [142.79157029999996, 46.794607199999994], [142.7902363, 46.794123199999994], [142.7887409, 46.793650199999995], [142.7880139, 46.793433], [142.7870875, 46.7933926], [142.7847154, 46.7933886], [142.7834644, 46.79393389999999], [142.7814588, 46.793715], [142.7788617, 46.7942571], [142.7770859, 46.79352649999999], [142.77432369999997, 46.7925838], [142.77366449999997, 46.7923838], [142.77293169999996, 46.7918688], [142.7705043, 46.79090980000001], [142.7701512, 46.7910354], [142.7699296, 46.7909682], [142.76975709999996, 46.7907665], [142.769428, 46.7908026], [142.7691749, 46.7907003], [142.7691565, 46.7905602], [142.7689323, 46.790434899999994], [142.7685075, 46.7904026], [142.7680493, 46.790042899999996], [142.76742199999998, 46.7896257], [142.7660701, 46.789339999999996], [142.7609908, 46.78782699999999], [142.7587115, 46.787289599999994], [142.75705639999998, 46.7868764], [142.75542239999996, 46.7867251], [142.7545365, 46.7869128], [142.7533152, 46.7869249], [142.75016689999998, 46.7877358], [142.748254, 46.788380999999994], [142.74632109999996, 46.7890778], [142.7457939, 46.78934319999999], [142.741657, 46.7947837], [142.7414111, 46.79492439999999], [142.7409665, 46.7949349], [142.7406287, 46.7953646], [142.7404472, 46.7954874], [142.74018429999998, 46.7955031], [142.7396982, 46.79586309999999], [142.7396544, 46.7960045], [142.7397559, 46.79612019999999], [142.7396135, 46.79616419999999], [142.7394612, 46.7963399], [142.739432, 46.79633419999999], [142.7393694, 46.7962285], [142.7391879, 46.7962627], [142.7391132, 46.7964073], [142.7389421, 46.796413], [142.73864499999996, 46.796304500000005], [142.73863319999998, 46.7962015], [142.7383858, 46.796174799999996], [142.7381646, 46.796349], [142.7378155, 46.796428899999995], [142.73742299999998, 46.7963823], [142.7366994, 46.79618270000001], [142.7356738, 46.795813599999995], [142.7341708, 46.7953861], [142.7335953, 46.7951248], [142.7333458, 46.79499959999999], [142.7330602, 46.7949875], [142.7328492, 46.7949332], [142.73286589999998, 46.7948404], [142.7323306, 46.794584], [142.73201749999998, 46.79448639999999], [142.7336652, 46.7772634], [142.7350353, 46.763130499999995], [142.7351722, 46.7620287], [142.7352054, 46.7615775], [142.7351697, 46.76132449999999], [142.7350538, 46.76091579999999], [142.7349858, 46.7607411], [142.7345863, 46.76101239999999], [142.7340994, 46.761279200000004], [142.7331989, 46.7615824], [142.7067966, 46.7661419], [142.7056097, 46.7662471], [142.70437179999996, 46.7662244], [142.70267399999997, 46.76605609999999], [142.6811496, 46.7639034], [142.680254, 46.76376049999999], [142.67954539999997, 46.763533599999995], [142.67895709999996, 46.763245], [142.678373, 46.76280189999999], [142.67718729999999, 46.76171529999999], [142.6736769, 46.7584626], [142.6779363, 46.75639489999999], [142.682215, 46.75473769999999], [142.68406730000004, 46.7540245], [142.68442229999997, 46.7537868], [142.6846078, 46.75313460000001], [142.68437389999997, 46.75253759999999], [142.6840108, 46.7518853], [142.6833008, 46.7501495], [142.6831476, 46.7500887], [142.6829862, 46.7506415], [142.68273609999997, 46.75057520000001], [142.68250209999997, 46.7497902], [142.68284219999998, 46.74957520000001], [142.682919, 46.7488015], [142.6832042, 46.7480901], [142.6835123, 46.7476835], [142.6839002, 46.747574099999994], [142.6839613, 46.7464661], [142.6840124, 46.744671399999994], [142.6847974, 46.7433797], [142.68541269999997, 46.7425879], [142.68623069999998, 46.7418495], [142.6864404, 46.7418246], [142.68665419999996, 46.741940699999994], [142.6866123, 46.7420354], [142.6874395, 46.7420667], [142.6877989, 46.7418008], [142.6880049, 46.741389], [142.68795640000002, 46.740871000000006], [142.6873886, 46.739193699999994], [142.6865514, 46.7381815], [142.68611779999998, 46.7381189], [142.68532689999998, 46.737180300000006], [142.68435180000003, 46.7362539], [142.6839178, 46.7355752], [142.6833572, 46.73404179999999], [142.68340500000002, 46.7332269], [142.6844184, 46.7320066], [142.71600689999997, 46.56395049999999], [142.7451038, 46.4086885], [142.6282453, 46.414739399999995], [142.61472699999996, 46.37812759999999], [142.58384169999997, 46.32960990000001], [142.5778601, 46.31839179999999], [142.5665966, 46.2904829], [142.56377510000002, 46.283652399999994], [142.55250569999998, 46.2614461], [142.54784769999998, 46.253936599999996], [142.54033709999996, 46.2424064], [142.5368621, 46.2294959], [142.53538499999996, 46.206180999999994], [142.5355952, 46.1973835], [142.53290079999996, 46.1763823], [142.5308504, 46.16638789999999], [142.52874199999997, 46.1575343], [142.52033959999997, 46.1265564], [142.51287079999997, 46.10539909999999], [142.4936739, 46.0614469], [142.4889002, 46.0514588], [142.4701993, 46.015484799999996], [142.4678367, 46.0070944], [142.4676885, 46.007114699999995], [142.4613771, 45.98598989999999], [142.4578374, 45.97724869999999], [142.4523398, 45.9651497], [142.450575, 45.961653999999996], [142.43876169999996, 45.941739999999996], [142.4310183, 45.930443399999994], [142.45892279999998, 45.907016899999995], [142.48187179999996, 45.88009019999999], [142.49844249999998, 45.8509908], [142.5082755, 45.820455499999994], [142.5111401, 45.789192799999995], [142.5069666, 45.7580248], [142.49580860000003, 45.727663199999995], [142.4780095, 45.698813799999996], [142.4539606, 45.6722849], [142.4242743, 45.6487113], [142.389677, 45.62866579999999], [142.35102079999996, 45.6126461], [142.3278379, 45.6055715], [142.3092573, 45.601050099999995], [142.286682, 45.596683899999995], [142.265415, 45.5941663], [142.24303719999997, 45.592509799999995], [142.2237766, 45.5923464], [142.0737787, 45.9012211], [142.0722281, 45.908366599999994], [142.0694032, 45.9153379], [142.0671079, 45.920527400000005], [142.0672403, 45.92258459999999], [142.0661368, 45.92513309999999], [142.0684321, 45.9303831], [142.0680348, 45.9323171], [142.06666649999997, 45.93458879999999], [142.0663575, 45.9364], [142.06525409999998, 45.93824179999999], [142.0623409, 45.9418638], [142.0613698, 45.9467746], [142.0613698, 45.9498129], [142.0618995, 45.951347399999996], [142.0629588, 45.9523601], [142.06392989999998, 45.954477499999996], [142.06401819999996, 45.955705], [142.056691, 45.958527999999994], [142.0528068, 45.9608907], [142.0510854, 45.9616271], [142.049717, 45.962701], [142.045568, 45.962793], [142.04274299999997, 45.9625476], [142.04190440000002, 45.963590800000006], [142.0417278, 45.9649101], [142.0426548, 45.966321400000005], [142.0414189, 45.9669657], [142.04071259999998, 45.9694814], [142.0381084, 45.97205830000001], [142.03682839999996, 45.97408299999999], [142.040183, 45.9757088], [142.04221339999998, 45.9785002], [142.0416396, 45.98006449999999], [142.041772, 45.982242199999995], [142.043052, 45.98380639999999], [142.04826049999997, 45.9848799], [142.0491874, 45.986198699999996], [142.0494522, 45.9878548], [142.04790730000002, 45.9883762], [142.0472011, 45.9895416], [142.04777489999998, 45.991074899999994], [142.05037909999996, 45.9933135], [142.05007019999996, 45.9957054], [142.0515709, 45.99990619999999], [142.0535572, 46.0009487], [142.05413099999998, 46.0034015], [142.0517475, 46.0047199], [142.05059979999996, 46.0062222], [142.05059979999996, 46.0081843], [142.05192399999999, 46.0103915], [142.0566469, 46.0147138], [142.0588539, 46.0163385], [142.060487, 46.0169822], [142.06313539999996, 46.01682889999999], [142.064592, 46.01621579999999], [142.0664458, 46.01609319999999], [142.0693149, 46.0167369], [142.08423389999996, 46.02280579999999], [142.0825125, 46.02709649999999], [142.0827332, 46.028782], [142.0845871, 46.03068199999999], [142.0850284, 46.03212229999998], [142.0844988, 46.0331029], [142.0744792, 46.036136500000005], [142.0746999, 46.040579400000006], [142.0765096, 46.04425599999999], [142.0770392, 46.0460635], [142.07681849999997, 46.047289], [142.0758916, 46.0477485], [142.076024, 46.0489739], [142.07314749999998, 46.05379429999999], [142.0722112, 46.0542275], [142.07090029999998, 46.0542275], [142.06846579999998, 46.0525813], [142.06671799999998, 46.0521915], [142.06515749999997, 46.0533178], [142.0704009, 46.05674], [142.0725233, 46.058905800000005], [142.0732724, 46.0605085], [142.07264809999998, 46.060985], [142.07133729999998, 46.0610499], [142.06909009999998, 46.0605085], [142.0639402, 46.0605085], [142.0634096, 46.0610933], [142.06325359999997, 46.06254429999999], [142.0653759, 46.06594419999999], [142.0652511, 46.066637199999995], [142.0646581, 46.06707029999999], [142.0640026, 46.06722189999999], [142.0620363, 46.0671569], [142.0603197, 46.0679581], [142.05894639999997, 46.0694739], [142.0576044, 46.0701669], [142.0568865, 46.07101130000001], [142.05891519999997, 46.0729817], [142.0595394, 46.07412930000001], [142.0592273, 46.0746923], [142.0551387, 46.075190299999996], [142.05463929999996, 46.076013], [142.057261, 46.0772688], [142.0583222, 46.0781781], [142.05822860000004, 46.078827600000004], [142.0574171, 46.0791957], [142.05229849999998, 46.078459499999994], [142.0514558, 46.07926059999999], [142.0519551, 46.080278099999994], [142.054452, 46.0809276], [142.0566992, 46.082074999999996], [142.0570425, 46.082573], [142.0567616, 46.083958499999994], [142.0564183, 46.08445639999999], [142.0555132, 46.0846295], [142.05367169999997, 46.084283199999994], [142.0518927, 46.084283199999994], [142.0518615, 46.0850409], [142.0531412, 46.0857552], [142.05389020000004, 46.08642629999999], [142.05382779999997, 46.0869458], [142.053266, 46.0875519], [142.05164300000004, 46.0878117], [142.0512997, 46.0882879], [142.0525481, 46.0901495], [142.0524545, 46.090669], [142.0517991, 46.0912318], [142.0511436, 46.09127509999999], [142.0483658, 46.090430899999994], [142.0464932, 46.09051749999999], [142.0457129, 46.09140490000001], [142.0463371, 46.09283349999999], [142.04786649999997, 46.0940023], [142.04774159999997, 46.0948031], [142.04677409999996, 46.0952144], [142.0430912, 46.0941105], [142.04259179999997, 46.09439189999999], [142.0474607, 46.0994997], [142.0473671, 46.1001922], [142.0466243, 46.1006179], [142.04278419999997, 46.1004802], [142.041151, 46.10159730000001], [142.04090829999998, 46.10335709999999], [142.0411731, 46.1047648], [142.04311519999996, 46.1052086], [142.0441966, 46.1056676], [142.04443939999996, 46.1062032], [142.04416539999997, 46.1066443], [142.04130549999996, 46.10828409999999], [142.041151, 46.109447], [142.04285039999996, 46.1105486], [142.0441304, 46.11209389999999], [142.04483669999996, 46.11350149999999], [142.0447925, 46.1145265], [142.04437319999997, 46.114909000000004], [142.04364489999998, 46.11503139999999], [142.04223239999996, 46.1147713], [142.04165859999998, 46.11510789999999], [142.04165859999998, 46.11567389999999], [142.0429607, 46.1168519], [142.04364489999998, 46.1182441], [142.04379939999998, 46.1190243], [142.0432035, 46.120508099999995], [142.04018, 46.12268029999999], [142.0420338, 46.12577019999999], [142.04165859999998, 46.12644319999999], [142.0390986, 46.128079799999995], [142.0383703, 46.1294717], [142.0381716, 46.1323165], [142.03753159999997, 46.13285179999999], [142.03636189999997, 46.1328977], [142.03457429999997, 46.132515299999994], [142.0338681, 46.13248469999999], [142.03291909999996, 46.13276], [142.0324997, 46.13346349999999], [142.0339784, 46.1347941], [142.03552329999997, 46.1354976], [142.0357219, 46.135987], [142.03547909999998, 46.136399899999994], [142.0350377, 46.1368128], [142.03408879999998, 46.1368587], [142.03183769999998, 46.13629279999999], [142.03135209999996, 46.1366598], [142.0314404, 46.1372104], [142.03309559999997, 46.13799029999999], [142.0358102, 46.1399783], [142.0376199, 46.14424459999999], [142.0370019, 46.14679809999999], [142.0383923, 46.14896929999999], [142.0383703, 46.1496573], [142.037973, 46.1499937], [142.0355895, 46.1506205], [142.0337577, 46.1517978], [142.0327866, 46.153876999999994], [142.0327204, 46.15575739999999], [142.03133000000003, 46.157607199999994], [142.0309328, 46.15887599999999], [142.0311976, 46.160970199999994], [142.0312859, 46.163798099999994], [142.0328529, 46.16783329999999], [142.03464049999997, 46.1712263], [142.03552329999997, 46.177324], [142.03534669999996, 46.17845489999999], [142.0348391, 46.178898], [142.0337577, 46.1792953], [142.0335149, 46.1803192], [142.03362529999998, 46.1817708], [142.0343977, 46.182794599999994], [142.0343536, 46.1836044], [142.0339563, 46.1844295], [142.03291909999996, 46.1850407], [142.0327866, 46.18577410000001], [142.0331177, 46.18617139999999], [142.0330073, 46.1867367], [142.0324997, 46.18708809999999], [142.0259451, 46.188998], [142.02338499999996, 46.1902202], [142.02177390000003, 46.1927105], [142.0212442, 46.19419239999999], [142.02250219999996, 46.1960256], [142.0242236, 46.1973546], [142.02751199999997, 46.199814], [142.0277989, 46.2001348], [142.02782099999996, 46.200516699999994], [142.0271589, 46.20170809999999], [142.0253492, 46.2036327], [142.0250181, 46.204442300000004], [142.0249299, 46.20549619999999], [142.0251947, 46.2062904], [142.0268058, 46.207420600000006], [142.02735749999997, 46.20804679999999], [142.0272692, 46.2085967], [142.0270927, 46.2089785], [142.02649679999996, 46.2092076], [142.0247974, 46.20945189999999], [142.0223477, 46.209879599999994], [142.0216636, 46.2102308], [142.02164149999996, 46.21062789999999], [142.0226788, 46.2114526], [142.0274017, 46.2136823], [142.0275782, 46.21436949999999], [142.0259671, 46.2172557], [142.025283, 46.217744399999994], [142.02481949999998, 46.21788180000001], [142.0237381, 46.2178513], [142.0226346, 46.217668], [142.021487, 46.217897099999995], [142.02146489999998, 46.218813299999994], [142.0233629, 46.22009599999999], [142.0239588, 46.2209053], [142.0240471, 46.2217756], [142.02398089999997, 46.22237109999999], [142.02139869999996, 46.2247531], [142.0201628, 46.226737899999996], [142.01692349999996, 46.228268899999996], [142.0142261, 46.22898229999999], [142.0131226, 46.2300662], [142.0131226, 46.23108909999999], [142.01411569999996, 46.2318982], [142.0161903, 46.2323104], [142.018309, 46.2322036], [142.019258, 46.2326463], [142.01969939999998, 46.2331959], [142.0186743, 46.23370839999999], [142.0165998, 46.2349602], [142.0162025, 46.23587609999999], [142.0168646, 46.236669899999995], [142.01805639999998, 46.236975199999996], [142.0191598, 46.23743309999999], [142.01885089999996, 46.238349], [142.01876259999997, 46.2392954], [142.0191598, 46.2401808], [142.0197336, 46.241005], [142.0199985, 46.2416461], [142.0183653, 46.24198189999999], [142.01717359999998, 46.242500899999996], [142.0162908, 46.243233499999995], [142.0157611, 46.2440272], [142.01554039999996, 46.246530299999996], [142.0139514, 46.24851439999999], [142.01289209999996, 46.25025419999999], [142.01267139999996, 46.2512004], [142.01253889999998, 46.253092699999996], [142.0118327, 46.254924], [142.0116562, 46.2558701], [142.01187689999998, 46.256694100000004], [142.0124065, 46.2575486], [142.0133335, 46.2581895], [142.0145252, 46.2586168], [142.01289209999996, 46.259013499999995], [142.01170029999997, 46.25947130000001], [142.0110382, 46.260295199999995], [142.0111265, 46.2612413], [142.011612, 46.26267549999999], [142.01006719999998, 46.2629197], [142.00883129999997, 46.2633774], [142.00613879999997, 46.26459799999999], [142.00560909999996, 46.264994699999995], [142.00432899999998, 46.2673748], [142.0050794, 46.26838169999999], [142.00680080000004, 46.2697853], [142.0079926, 46.270120899999995], [142.00927259999997, 46.27024289999999], [142.0114355, 46.27057859999999], [142.0128479, 46.270456499999995], [142.0205282, 46.26804599999999], [142.021764, 46.2682291], [142.022691, 46.26890040000001], [142.0241917, 46.2703955], [142.0253835, 46.2707616], [142.0270608, 46.27088369999999], [142.0282084, 46.2708226], [142.02944429999997, 46.27408729999999], [142.0297091, 46.27542969999999], [142.02962079999998, 46.2763754], [142.029047, 46.2772296], [142.02697249999997, 46.27848039999999], [142.0260014, 46.2791516], [142.0252069, 46.2799143], [142.02476549999997, 46.2807989], [142.02454479999997, 46.2817446], [142.02458899999996, 46.2827513], [142.0264428, 46.2841239], [142.02745799999997, 46.28470349999999], [142.029356, 46.2850696], [142.0308567, 46.2852221], [142.0276346, 46.28851629999999], [142.0275463, 46.289949899999996], [142.02776699999998, 46.29092589999999], [142.0284291, 46.2917494], [142.029356, 46.2923899], [142.03072429999997, 46.2927864], [142.0374335, 46.292511899999994], [142.04136190000003, 46.29418929999999], [142.0408763, 46.30095949999999], [142.0387135, 46.303795400000006], [142.03836039999996, 46.3047102], [142.03836039999996, 46.30565539999999], [142.03897839999996, 46.3067226], [142.0403908, 46.3075764], [142.04162669999997, 46.30782030000001], [142.0429067, 46.30797280000001], [142.0441868, 46.3079423], [142.0473648, 46.3076069], [142.0486448, 46.3076374], [142.0498366, 46.30797280000001], [142.0517787, 46.309253399999996], [142.0538091, 46.310351], [142.0549568, 46.31080829999999], [142.05738439999996, 46.3113571], [142.0582231, 46.3120584], [142.0600328, 46.3133693], [142.0610921, 46.313887599999994], [142.06223969999996, 46.314283999999994], [142.06347559999998, 46.314558299999995], [142.0671392, 46.314863200000005], [142.07084689999996, 46.3144059], [142.0721269, 46.3143145], [142.0758346, 46.315351], [142.07676149999998, 46.315991200000006], [142.0774236, 46.3168143], [142.07768849999997, 46.31772889999999], [142.0787197, 46.3188839], [142.07868849999997, 46.319552099999996], [142.0782204, 46.3201341], [142.0767846, 46.32103939999999], [142.07644129999997, 46.3216645], [142.0763477, 46.3223327], [142.0771904, 46.32487609999999], [142.0776586, 46.325544199999996], [142.07790820000002, 46.3261693], [142.07797069999998, 46.3268374], [142.0775025, 46.3274193], [142.0768783, 46.3279366], [142.0716972, 46.330458099999994], [142.0703239, 46.331427899999994], [142.06776460000003, 46.3344234], [142.067671, 46.3354793], [142.06792069999997, 46.3361043], [142.0677958, 46.3367723], [142.06695309999998, 46.3371171], [142.06601679999997, 46.337311], [142.0653301, 46.3377851], [142.06508049999997, 46.3384315], [142.0657983, 46.33884090000001], [142.0666722, 46.33901329999999], [142.06757739999998, 46.3390779], [142.0684201, 46.339315], [142.06988699999997, 46.34006910000001], [142.07057359999996, 46.340521599999995], [142.0711666, 46.341017199999996], [142.07381959999998, 46.343516599999994], [142.0754738, 46.34403369999999], [142.0762541, 46.3444], [142.0767222, 46.344960199999996], [142.0770343, 46.345585], [142.0775025, 46.3461452], [142.0782204, 46.3465761], [142.0790631, 46.34683460000001], [142.0799682, 46.34683460000001], [142.08077969999997, 46.3465976], [142.08118539999998, 46.346059000000004], [142.081716, 46.34472319999999], [142.08187210000003, 46.3440768], [142.0824339, 46.3436028], [142.0839944, 46.3459728], [142.0844626, 46.34653300000001], [142.0855862, 46.348385799999996], [142.0861168, 46.3490321], [142.0868971, 46.3494846], [142.08861369999997, 46.349937], [142.0903615, 46.3496569], [142.0915787, 46.3495923], [142.09242139999998, 46.3498077], [142.09313930000002, 46.350195500000005], [142.0938259, 46.3506479], [142.0971967, 46.3552364], [142.0992879, 46.35846759999999], [142.0996, 46.3590922], [142.0997248, 46.3597384], [142.0991943, 46.3610308], [142.0987261, 46.3616123], [142.0976337, 46.3622154], [142.0934202, 46.3634], [142.09123539999996, 46.3633785], [142.0887385, 46.3632062], [142.0878022, 46.36309849999999], [142.08586709999997, 46.363163099999994], [142.0840568, 46.36368], [142.083495, 46.36421849999999], [142.0826523, 46.365898400000006], [142.082746, 46.3665661], [142.0824651, 46.3672122], [142.0820593, 46.3678152], [142.0814039, 46.3683105], [142.0804676, 46.36846129999999], [142.07881339999997, 46.367836700000005], [142.07725279999997, 46.3681813], [142.0770655, 46.368827399999994], [142.07825159999996, 46.36983959999999], [142.0787197, 46.37039949999999], [142.07903180000002, 46.37102409999999], [142.0790631, 46.3724454], [142.07928149999998, 46.3731991], [142.0820593, 46.37991739999999], [142.082902, 46.38585979999999], [142.0831205, 46.3865057], [142.0835575, 46.387087], [142.0832766, 46.38850789999999], [142.08152869999998, 46.3930717], [142.083495, 46.3951813], [142.0860856, 46.394966], [142.0878958, 46.3950306], [142.0945126, 46.3966019], [142.09538649999996, 46.3967526], [142.09803939999998, 46.4017032], [142.1025651, 46.4037694], [142.1031581, 46.404372], [142.1035638, 46.405082199999995], [142.10400079999997, 46.4056633], [142.1048123, 46.40596459999999], [142.1057798, 46.4064811], [142.10684100000003, 46.4071698], [142.1074964, 46.40762169999999], [142.10780849999998, 46.4082458], [142.10787099999996, 46.4089129], [142.10755879999996, 46.4109358], [142.1057486, 46.4150459], [142.10293959999998, 46.4178001], [142.10200329999998, 46.41971509999999], [142.1015351, 46.420296], [142.1001618, 46.42124269999999], [142.0993503, 46.42163], [142.09875729999996, 46.42216779999999], [142.09844519999996, 46.423200599999994], [142.09885089999997, 46.42530899999999], [142.1003803, 46.42649219999999], [142.1014102, 46.4276969], [142.1022217, 46.4290092], [142.102409, 46.42965459999999], [142.1024402, 46.430343], [142.10231539999998, 46.4317412], [142.1023466, 46.4325586], [142.1026275, 46.43326849999999], [142.1033141, 46.4339783], [142.1036887, 46.43458059999999], [142.10437529999996, 46.4358712], [142.10462499999997, 46.436495], [142.1049683, 46.4377856], [142.105062, 46.439785799999996], [142.1054053, 46.4404096], [142.10618559999998, 46.44094729999999], [142.1088697, 46.4420011], [142.1095564, 46.4424313], [142.1103366, 46.4436357], [142.1122093, 46.447141099999996], [142.1127399, 46.449700199999995], [142.1122405, 46.451442], [142.1106175, 46.4526892], [142.1088697, 46.4535063], [142.1082143, 46.4540224], [142.108027, 46.45466739999999], [142.1087449, 46.4558931], [142.1107736, 46.46047269999999], [142.11199079999997, 46.465546499999995], [142.11252139999996, 46.4707058], [142.1123966, 46.476552299999994], [142.1118348, 46.4820759], [142.1121157, 46.4853425], [142.1116163, 46.48899569999999], [142.1106175, 46.4926701], [142.1107424, 46.4949907], [142.1105863, 46.4965807], [142.110836, 46.4984069], [142.11071119999997, 46.500405], [142.1099309, 46.502016299999994], [142.10865119999997, 46.510200899999994], [142.1072779, 46.514410899999994], [142.1068722, 46.517868799999995], [142.1062168, 46.5194796], [142.106997, 46.52257219999999], [142.106997, 46.5232379], [142.1064977, 46.523817699999995], [142.10587339999998, 46.52433309999999], [142.10543649999997, 46.52493439999999], [142.1053429, 46.52626579999999], [142.1025963, 46.52858489999999], [142.1022842, 46.5311187], [142.1007236, 46.532986699999995], [142.1009733, 46.534639999999996], [142.10075479999998, 46.5351768], [142.10034909999996, 46.5357779], [142.0997248, 46.5362932], [142.0997561, 46.5367441], [142.1006612, 46.537109099999995], [142.1009733, 46.537731699999995], [142.1004427, 46.538289899999995], [142.0968222, 46.5399001], [142.0946374, 46.5427982], [142.0931081, 46.5439575], [142.09204689999999, 46.5482507], [142.09251509999999, 46.5508909], [142.0922342, 46.55155619999999], [142.08967489999998, 46.5534021], [142.08786459999996, 46.5556128], [142.08667859999997, 46.5596475], [142.0826523, 46.5663214], [142.0814039, 46.5673729], [142.0797497, 46.5712566], [142.0776898, 46.5748182], [142.0749432, 46.5783796], [142.0712291, 46.58479369999999], [142.0711666, 46.5863811], [142.07026149999996, 46.5893626], [142.0694188, 46.5905637], [142.0693252, 46.59189349999999], [142.0691067, 46.59253689999999], [142.0687634, 46.5931589], [142.0681392, 46.593973899999995], [142.0665162, 46.59560389999999], [142.0651429, 46.59852049999999], [142.06520529999997, 46.6000002], [142.06492439999997, 46.60096519999999], [142.0641753, 46.6021876], [142.0618033, 46.6049537], [142.05943119999998, 46.6075483], [142.058807, 46.6087704], [142.0586822, 46.60982109999999], [142.05886939999996, 46.61046429999999], [142.05983699999996, 46.6115792], [142.0610542, 46.6125654], [142.06236509999997, 46.6134659], [142.0624899, 46.61410909999999], [142.0622715, 46.6147522], [142.06146, 46.6159528], [142.0611791, 46.616595999999994], [142.0614288, 46.61721769999999], [142.0622715, 46.617432], [142.06317659999996, 46.6173677], [142.0645499, 46.6170247], [142.06545499999996, 46.6170462], [142.0663289, 46.617196199999995], [142.0670468, 46.6175821], [142.0674213, 46.6181824], [142.0674494, 46.61878159999999], [142.06745249999997, 46.61884690000001], [142.0671716, 46.61948999999999], [142.0670282, 46.6200912], [142.0669415, 46.62045499999999], [142.0667993, 46.62105139999999], [142.06657859999999, 46.62197669999999], [142.0666098, 46.6226412], [142.06701559999996, 46.6232414], [142.0676398, 46.6237344], [142.0684201, 46.6240774], [142.069294, 46.62429169999999], [142.0700118, 46.624699], [142.0706048, 46.625192], [142.0711042, 46.6257493], [142.07216539999996, 46.6275712], [142.0723214, 46.6282142], [142.0718845, 46.6288144], [142.06950769999997, 46.631413], [142.06882159999998, 46.6321631], [142.06747530000004, 46.6336348], [142.0671404, 46.634001], [142.06615489999996, 46.63498440000001], [142.0650472, 46.6360897], [142.062802, 46.638329999999996], [142.062914, 46.639274699999994], [142.06302049999996, 46.6401729], [142.064425, 46.64120139999999], [142.07072869999996, 46.64208829999999], [142.07204049999999, 46.6422729], [142.0751929, 46.643344299999995], [142.0770501, 46.6441595], [142.07774289999998, 46.6444636], [142.07900059999997, 46.64501560000001], [142.079344, 46.6456155], [142.07928149999998, 46.6462798], [142.0785949, 46.647522499999994], [142.07653499999998, 46.649879299999995], [142.07235269999998, 46.6521717], [142.0701679, 46.6529644], [142.0674213, 46.6548282], [142.0697621, 46.6615975], [142.0686073, 46.66446779999999], [142.072103, 46.6690085], [142.0696685, 46.6713215], [142.0691691, 46.6718998], [142.06820159999998, 46.6731205], [142.0679831, 46.6738272], [142.0681704, 46.674469599999995], [142.06863849999996, 46.6750479], [142.0715724, 46.67673959999999], [142.0720718, 46.677275], [142.0716036, 46.6786026], [142.0711978, 46.67920219999999], [142.0706048, 46.6797376], [142.0676086, 46.6831636], [142.06601679999997, 46.6883236], [142.0652677, 46.6931406], [142.0655174, 46.6937614], [142.066048, 46.6942966], [142.06673469999998, 46.6947247], [142.0675149, 46.6950672], [142.06820159999998, 46.69549539999999], [142.0693252, 46.6965657], [142.06982459999998, 46.697100899999995], [142.0703551, 46.6983852], [142.0704176, 46.69904879999999], [142.0703239, 46.700376000000006], [142.06994939999998, 46.70168159999999], [142.0691691, 46.7036294], [142.06792069999997, 46.7058768], [142.06757739999998, 46.7067543], [142.06745249999997, 46.708081199999995], [142.0675149, 46.7087447], [142.0677334, 46.7093867], [142.068264, 46.7099218], [142.0689819, 46.710349799999996], [142.07057359999996, 46.710991799999995], [142.07209439999997, 46.7117884], [142.0724475, 46.71216669999999], [142.0726682, 46.7126055], [142.0727785, 46.7130595], [142.07257989999997, 46.71398249999999], [142.0711454, 46.71620690000001], [142.07035090000002, 46.71824949999999], [142.0702405, 46.71986849999999], [142.0704612, 46.7210184], [142.0712116, 46.7223952], [142.0721606, 46.7237417], [142.0725358, 46.7241199], [142.07297719999997, 46.7244679], [142.0750296, 46.725572299999996], [142.07547099999996, 46.7259051], [142.0754048, 46.7262531], [142.0712778, 46.7288551], [142.07061569999996, 46.72941480000001], [142.0699757, 46.7302468], [142.0697771, 46.7307006], [142.0696888, 46.7311696], [142.069755, 46.7321074], [142.06999779999998, 46.732531], [142.0705936, 46.73306039999999], [142.07074809999997, 46.7335142], [142.0700419, 46.7343159], [142.0698212, 46.73475450000001], [142.0697771, 46.7352537], [142.0698653, 46.73579819999999], [142.07021839999996, 46.73673599999999], [142.0705054, 46.7372352], [142.0708585, 46.7376284], [142.0718295, 46.7382485], [142.0724033, 46.7384452], [142.0746324, 46.7387628], [142.0752283, 46.7389443], [142.0760669, 46.73964], [142.077038, 46.7402299], [142.0772418, 46.7402698], [142.07765589999997, 46.7403509], [142.0778728, 46.74035309999999], [142.0785641, 46.740359899999994], [142.0791787, 46.740366], [142.0798408, 46.74045670000001], [142.0828202, 46.741076799999995], [142.08328369999998, 46.7413945], [142.08365879999997, 46.742286799999995], [142.0839899, 46.74268], [142.084983, 46.74333029999999], [142.08560099999997, 46.7435269], [142.0862189, 46.7436177], [142.08752099999998, 46.7436933], [142.08946320000004, 46.744888], [142.09072109999997, 46.745447600000006], [142.091317, 46.745598799999996], [142.0933474, 46.74578029999999], [142.09513509999996, 46.7456442], [142.0970992, 46.7452056], [142.09756269999997, 46.745447600000006], [142.0961723, 46.746642300000005], [142.0929502, 46.753552899999995], [142.092597, 46.75396119999999], [142.0920232, 46.7542182], [142.0912949, 46.7542031], [142.09063279999998, 46.7543543], [142.09012519999996, 46.754686899999996], [142.0897501, 46.7550952], [142.0895294, 46.755579], [142.08944109999996, 46.7561082], [142.0895294, 46.7573481], [142.09050039999997, 46.76009979999999], [142.09381089999997, 46.7610523], [142.09493640000002, 46.76149070000001], [142.0955102, 46.7618989], [142.0958854, 46.7622768], [142.0964813, 46.7636375], [142.09650339999996, 46.7641364], [142.096371, 46.76458989999999], [142.0959737, 46.764983], [142.09341359999996, 46.766827299999996], [142.0921336, 46.76799129999999], [142.0914274, 46.76942729999999], [142.090986, 46.7708633], [142.0905225, 46.77133189999999], [142.089397, 46.771891200000006], [142.0887569, 46.7727226], [142.0886024, 46.77317599999999], [142.088779, 46.773659699999996], [142.08917629999996, 46.774022499999994], [142.08972799999998, 46.7742794], [142.0904784, 46.774415499999996], [142.0932371, 46.77471779999999], [142.0939874, 46.774914300000006], [142.0945392, 46.775141000000005], [142.0955985, 46.776017599999996], [142.096371, 46.776864], [142.09652539999996, 46.777786], [142.09645919999997, 46.7788137], [142.0960178, 46.7802344], [142.0953116, 46.7815341], [142.0932591, 46.783589400000004], [142.09286189999997, 46.7843752], [142.0912067, 46.7863549], [142.09105219999998, 46.787216199999996], [142.09114050000002, 46.788168199999994], [142.0910742, 46.7886669], [142.0906108, 46.78954329999999], [142.0886907, 46.79156809999999], [142.08776379999998, 46.7922178], [142.0867927, 46.7927316], [142.0855348, 46.793230199999996], [142.08363679999997, 46.7938346], [142.0825774, 46.7943181], [142.0816947, 46.7948771], [142.0808119, 46.7956628], [142.0803705, 46.7965542], [142.0802381, 46.7970075], [142.0803705, 46.79792909999999], [142.0807677, 46.79947010000001], [142.0811429, 46.800512499999996], [142.0812091, 46.8014945], [142.0810988, 46.80255199999999], [142.081165, 46.80303539999999], [142.0813857, 46.8034886], [142.08180499999997, 46.8038361], [142.0823126, 46.80412309999999], [142.0850051, 46.805044599999995], [142.08666029999998, 46.8053014], [142.0912067, 46.80518059999999], [142.0918467, 46.805240999999995], [142.09301640000004, 46.8056186], [142.0933474, 46.806011399999996], [142.09330330000003, 46.8064797], [142.092906, 46.8068573], [142.0905666, 46.8100143], [142.0904563, 46.81048260000001], [142.0905666, 46.81093570000001], [142.09136109999997, 46.8121894], [142.0941198, 46.815618], [142.09504679999998, 46.81797399999999], [142.0953778, 46.8183667], [142.0958633, 46.8186838], [142.0964372, 46.8188953], [142.09705509999998, 46.8190312], [142.09769509999998, 46.8190916], [142.0993724, 46.81910669999999], [142.09999039999997, 46.81921239999999], [142.1012042, 46.81949939999999], [142.1023518, 46.8199071], [142.1028153, 46.8202243], [142.1047353, 46.8219459], [142.10572849999997, 46.82253480000001], [142.1063464, 46.8226556], [142.1093037, 46.8226254], [142.10994379999997, 46.8225499], [142.1132321, 46.8213569], [142.11418109999997, 46.8211153], [142.1154612, 46.821205899999995], [142.1160571, 46.8213569], [142.11660879999997, 46.82158340000001], [142.11753569999996, 46.8222177], [142.1183744, 46.8229275], [142.1186613, 46.823335199999995], [142.118904, 46.8239694], [142.1189482, 46.8246641], [142.11892609999998, 46.82525299999999], [142.11863919999996, 46.82567579999999], [142.11771229999997, 46.82640059999999], [142.1173371, 46.8267932], [142.1171605, 46.8272463], [142.1172267, 46.827714300000004], [142.1174033, 46.82815219999999], [142.1178006, 46.8285146], [142.1183082, 46.8288015], [142.11949989999997, 46.82925449999999], [142.12084619999996, 46.8296471], [142.12192759999996, 46.8301605], [142.12289859999998, 46.83079459999999], [142.1232738, 46.831172099999996], [142.1237593, 46.831474099999994], [142.12559109999998, 46.8322743], [142.12592219999996, 46.8326669], [142.1261208, 46.83310469999999], [142.126187, 46.8335728], [142.12609870000003, 46.8345089], [142.1262311, 46.8349618], [142.1262534, 46.8360367], [142.1264439, 46.83685259999999], [142.1269117, 46.83779719999999], [142.1271413, 46.83812309999999], [142.12766629999996, 46.8388687], [142.1285098, 46.8395705], [142.1290341, 46.8398511], [142.1296268, 46.84006949999999], [142.1320888, 46.84078679999999], [142.133981, 46.8412546], [142.1352804, 46.8414261], [142.1358503, 46.841675599999995], [142.13626069999998, 46.84204979999999], [142.136329, 46.8425332], [142.13596429999998, 46.842954199999994], [142.1354628, 46.843297299999996], [142.1350752, 46.8437183], [142.13480169999997, 46.8441705], [142.1347789, 46.84465380000001], [142.1357591, 46.8489728], [142.13774239999998, 46.851171099999995], [142.1392014, 46.85162319999999], [142.13977140000003, 46.85185709999999], [142.1401589, 46.85224689999999], [142.14004489999996, 46.8527302], [142.13972579999998, 46.853166699999996], [142.1377652, 46.8544762], [142.1351208, 46.85558309999999], [142.12939879999996, 46.8593244], [142.1264124, 46.8608053], [142.1263897, 46.86128850000001], [142.1265492, 46.861756099999994], [142.12689119999996, 46.862177], [142.1273243, 46.86253549999999], [142.12789419999996, 46.8627693], [142.1285098, 46.86295629999999], [142.12914809999998, 46.8630654], [142.1314277, 46.8625199], [142.1327499, 46.8625043], [142.1333883, 46.862644599999996], [142.133867, 46.8629719], [142.13487, 46.8642656], [142.1361695, 46.8664789], [142.1366026, 46.86685299999999], [142.13824399999996, 46.8676634], [142.1386999, 46.8680063], [142.1389507, 46.8684583], [142.1388823, 46.8689415], [142.1383807, 46.8692844], [142.13156449999997, 46.8721831], [142.1252498, 46.8766401], [142.1216479, 46.87805819999999], [142.1207816, 46.8787127], [142.12005219999998, 46.87974109999999], [142.1230613, 46.880925299999994], [142.12372239999996, 46.8810033], [142.12504459999997, 46.8810344], [142.1264124, 46.8812837], [142.1268228, 46.8816577], [142.1270964, 46.882093999999995], [142.1260705, 46.88306], [142.1241328, 46.88449349999999], [142.1205081, 46.8863788], [142.12016609999998, 46.887422599999994], [142.1203713, 46.8902581], [142.12034849999998, 46.8926261], [142.1195278, 46.8951186], [142.11870709999997, 46.8966453], [142.1188211, 46.8975955], [142.11900350000002, 46.8980472], [142.11934549999998, 46.8984678], [142.1215111, 46.899464699999996], [142.1218987, 46.8998541], [142.1219671, 46.90033699999999], [142.1215795, 46.900742], [142.1210096, 46.9010379], [142.1203029, 46.9015519], [142.1209412, 46.9027668], [142.12132879999996, 46.90315619999999], [142.122879, 46.90405959999999], [142.12344889999997, 46.9042932], [142.1247027, 46.904666999999996], [142.1252726, 46.9049006], [142.1257969, 46.90519659999999], [142.12600209999997, 46.905648199999995], [142.12584249999998, 46.90611549999999], [142.1253182, 46.90644249999999], [142.1243835, 46.9079844], [142.1236312, 46.9084983], [142.1230157, 46.9087475], [142.1220355, 46.90901229999999], [142.1211464, 46.9093861], [142.1201433, 46.9099467], [142.11911749999996, 46.910849999999996], [142.1174989, 46.9134974], [142.116587, 46.91452509999999], [142.11665539999998, 46.91500789999999], [142.11706580000003, 46.915397199999994], [142.12059929999998, 46.9164716], [142.1211464, 46.916736300000004], [142.1215111, 46.9171256], [142.12155669999999, 46.9176083], [142.1215111, 46.91809099999999], [142.1212832, 46.9185426], [142.1209412, 46.918963], [142.1204625, 46.919336699999995], [142.1187299, 46.920177499999994], [142.1167694, 46.9225909], [142.1166098, 46.923058], [142.1167238, 46.9235251], [142.1171342, 46.92391429999999], [142.1176585, 46.9241946], [142.1218531, 46.9257204], [142.12237739999998, 46.9260162], [142.12258259999996, 46.9264677], [142.1226738, 46.9269347], [142.1226282, 46.9274329], [142.1226738, 46.92839819999999], [142.1229245, 46.9288341], [142.1233121, 46.9292233], [142.1238136, 46.9295502], [142.12442909999996, 46.929736999999996], [142.1250674, 46.92983039999999], [142.1262529, 46.9299238], [142.1277347, 46.92975259999999], [142.1292392, 46.9293167], [142.13099459999998, 46.928600599999996], [142.13350219999998, 46.92735509999999], [142.13612389999997, 46.9257359], [142.13635179999997, 46.9253156], [142.1366482, 46.9244437], [142.1368534, 46.92402330000001], [142.1371497, 46.92361850000001], [142.1376057, 46.923307099999995], [142.1384947, 46.92291790000001], [142.14223339999998, 46.9220304], [142.1448094, 46.9215789], [142.1459037, 46.9212519], [142.14647359999998, 46.9210339], [142.14699789999997, 46.92075369999999], [142.149232, 46.91928999999999], [142.14984750000002, 46.9191343], [142.1505086, 46.919087600000005], [142.15365459999998, 46.9191343], [142.1543157, 46.919087600000005], [142.1558431, 46.9186983], [142.15789479999998, 46.9185115], [142.15987809999996, 46.918589299999994], [142.1605392, 46.91855819999999], [142.1640043, 46.9181222], [142.1646654, 46.9181845], [142.1689056, 46.9189163], [142.1694983, 46.91911869999999], [142.1706382, 46.9196481], [142.1713677, 46.919835], [142.17202879999996, 46.919835], [142.1754255, 46.9188385], [142.1770897, 46.9180755], [142.17822949999996, 46.917421499999996], [142.178617, 46.9170633], [142.17930089999996, 46.916300299999996], [142.1796885, 46.91545949999999], [142.1803952, 46.91472759999999], [142.1869379, 46.9101959], [142.189058, 46.908903300000006], [142.1898786, 46.9084983], [142.1903118, 46.9081713], [142.1911097, 46.9069565], [142.1914972, 46.9065983], [142.19252309999996, 46.9060532], [142.19452919999998, 46.905399], [142.1986098, 46.9045424], [142.2009123, 46.9037948], [142.20713579999997, 46.8994024], [142.20823, 46.8990441], [142.20946110000003, 46.89876370000001], [142.21199149999998, 46.8983432], [142.212607, 46.89817179999999], [142.2136329, 46.897626599999995], [142.214066, 46.897299499999995], [142.2144307, 46.89694119999999], [142.2147271, 46.895617099999996], [142.21504629999998, 46.89522769999999], [142.2155022, 46.8949161], [142.21607209999996, 46.89469799999999], [142.2205859, 46.8934206], [142.22124699999998, 46.8934051], [142.22256919999998, 46.8935297], [142.2232075, 46.8934518], [142.2237774, 46.8932493], [142.2243245, 46.89301559999999], [142.22473489999996, 46.8926573], [142.225054, 46.8922678], [142.22557839999996, 46.891348699999995], [142.2261027, 46.8910682], [142.2266954, 46.8908813], [142.2273109, 46.8907411], [142.22797199999997, 46.89069440000001], [142.2340132, 46.890678799999996], [142.2346515, 46.8905697], [142.23574569999997, 46.8901023], [142.23622449999996, 46.8897908], [142.23839009999998, 46.8875473], [142.24101179999997, 46.8855842], [142.2416045, 46.8850388], [142.2419236, 46.8846493], [142.24247079999998, 46.8838391], [142.24272149999996, 46.88234330000001], [142.2430863, 46.8810344], [142.2435422, 46.880208599999996], [142.2444769, 46.8790087], [142.245024, 46.8781984], [142.2455939, 46.8769206], [142.2457079, 46.8764687], [142.24625499999996, 46.87520649999999], [142.24650579999997, 46.8747701], [142.2468477, 46.8743961], [142.24728089999996, 46.8740688], [142.24764559999997, 46.873694799999996], [142.24826109999998, 46.8729156], [142.24935539999998, 46.87180909999999], [142.2507232, 46.8708584], [142.2525013, 46.87003239999999], [142.2543251, 46.86944019999999], [142.2552142, 46.86909729999999], [142.2564908, 46.868364799999995], [142.2568555, 46.867944], [142.2577218, 46.86665039999999], [142.2580638, 46.8662763], [142.25886159999996, 46.8655749], [142.26025219999997, 46.864655299999995], [142.26132370000002, 46.86417209999999], [142.2619164, 46.863969499999996], [142.26474319999997, 46.862784899999994], [142.27062479999998, 46.860898799999994], [142.2711947, 46.860680499999994], [142.27215219999997, 46.8600882], [142.27516129999998, 46.8589191], [142.2770535, 46.8584203], [142.2795383, 46.85810849999999], [142.28019939999996, 46.8580617], [142.2808605, 46.85807729999999], [142.28469039999996, 46.8582488], [142.28530589999997, 46.8584203], [142.28585299999997, 46.8586853], [142.2886114, 46.86128850000001], [142.2897513, 46.861756099999994], [142.2915978, 46.8622861], [142.29225889999998, 46.86231719999999], [142.2928516, 46.8621458], [142.2933075, 46.86183400000001], [142.2936495, 46.86145989999999], [142.2941282, 46.86061819999999], [142.2945842, 46.86030639999999], [142.2953821, 46.8602441], [142.2974566, 46.86061819999999], [142.2989156, 46.8611794], [142.30073930000003, 46.8624108], [142.301332, 46.8626134], [142.30199310000003, 46.862644599999996], [142.3047743, 46.862629], [142.3072364, 46.863080999999994], [142.3113854, 46.86357979999999], [142.31257079999997, 46.864016199999995], [142.3131179, 46.86428119999999], [142.31398419999996, 46.8650138], [142.3144629, 46.865341099999995], [142.3150101, 46.8656061], [142.3156256, 46.8657775], [142.32314849999997, 46.86749199999999], [142.3238096, 46.867679], [142.3243795, 46.86791279999999], [142.3248127, 46.8682713], [142.3252914, 46.86877], [142.3258157, 46.8690817], [142.32770789999998, 46.869767499999995], [142.3283006, 46.870141499999995], [142.32896169999998, 46.8709675], [142.3297596, 46.8717312], [142.3311958, 46.872713], [142.3329283, 46.8733831], [142.3354816, 46.8758298], [142.3359603, 46.87615709999999], [142.3365302, 46.8763908], [142.3402689, 46.877278999999994], [142.3409072, 46.87738809999999], [142.34156829999998, 46.877434900000004], [142.3422294, 46.87741929999999], [142.3428905, 46.8774816], [142.3447826, 46.87790240000001], [142.3454437, 46.87790240000001], [142.3473131, 46.87760629999999], [142.3495244, 46.87717], [142.35018549999998, 46.8771388], [142.3508466, 46.8771855], [142.3514849, 46.8773102], [142.35207759999997, 46.8775284], [142.3526247, 46.8777933], [142.35381019999997, 46.87822959999999], [142.3552919, 46.8784166], [142.3561582, 46.8786347], [142.3572981, 46.87910219999999], [142.3578224, 46.879382699999994], [142.36297449999998, 46.8813461], [142.3642055, 46.88253029999999], [142.36511739999997, 46.8832314], [142.3656873, 46.8834807], [142.36634839999996, 46.8835586], [142.3681721, 46.88360539999999], [142.3694487, 46.8838391], [142.3716144, 46.8841196], [142.37227549999997, 46.884181899999994], [142.37293660000003, 46.884181899999994], [142.37482879999996, 46.884711599999996], [142.3764245, 46.8855686], [142.37740479999997, 46.886254099999995], [142.3782711, 46.88698639999999], [142.3787498, 46.88731359999999], [142.3792741, 46.88759399999999], [142.3799808, 46.88773419999999], [142.3818274, 46.88773419999999], [142.3844718, 46.8878121], [142.38613599999996, 46.8879524], [142.3874126, 46.88821720000001], [142.38859799999997, 46.8886379], [142.3910373, 46.8897908], [142.3919491, 46.8901335], [142.39318019999996, 46.8904918], [142.3944568, 46.8907411], [142.3950495, 46.8909592], [142.3955738, 46.89123959999999], [142.39678209999997, 46.8916291], [142.400156, 46.8918316], [142.4015238, 46.891956199999996], [142.40738249999998, 46.8926573], [142.4080209, 46.8927819], [142.411372, 46.8936387], [142.41504229999998, 46.8947759], [142.4156578, 46.8949317], [142.4163189, 46.8950096], [142.4176411, 46.8950563], [142.4196244, 46.8950096], [142.4203767, 46.8950719], [142.4243889, 46.89563269999999], [142.4252552, 46.895819599999996], [142.4258707, 46.89600659999999], [142.42639509999998, 46.896287], [142.42678259999997, 46.89667639999999], [142.42721569999998, 46.89757989999999], [142.4275805, 46.89796929999999], [142.42831, 46.8982341], [142.43024769999997, 46.8984834], [142.430886, 46.89862350000001], [142.44107619999997, 46.903358700000005], [142.44625100000002, 46.9047293], [142.447824, 46.90486949999999], [142.4502861, 46.905570399999995], [142.4527481, 46.9060688], [142.4546858, 46.9063335], [142.45696549999997, 46.9064114], [142.45821929999997, 46.90521209999999], [142.4595643, 46.904308799999995], [142.4600887, 46.90405959999999], [142.4612513, 46.9036858], [142.4618896, 46.9035767], [142.46321179999998, 46.9035767], [142.4664946, 46.90315619999999], [142.46815869999998, 46.9032497], [142.46943529999996, 46.9034366], [142.4713275, 46.903639], [142.471943, 46.9037948], [142.4723533, 46.9041686], [142.4724217, 46.90465139999999], [142.471943, 46.9050097], [142.4712363, 46.905165399999994], [142.46779399999997, 46.9056794], [142.4654003, 46.90669170000001], [142.4643517, 46.9076418], [142.46508119999996, 46.9097287], [142.4652179, 46.9101959], [142.4652635, 46.91067869999999], [142.4652179, 46.9111614], [142.46508119999996, 46.91162859999999], [142.4642605, 46.913310499999994], [142.4640325, 46.9156152], [142.46423769999998, 46.9165028], [142.46455679999997, 46.91696989999999], [142.4649216, 46.9173748], [142.46633499999996, 46.9183869], [142.4668821, 46.91865159999999], [142.4672924, 46.919025299999994], [142.46747479999996, 46.91949240000001], [142.46754319999997, 46.9199751], [142.46747479999996, 46.920457799999994], [142.46754319999997, 46.9214387], [142.46772559999997, 46.921890299999994], [142.46802190000002, 46.9223107], [142.4683639, 46.922715499999995], [142.4688198, 46.923058], [142.47011919999997, 46.9237587], [142.4720798, 46.92536230000001], [142.47374389999996, 46.9289275], [142.4740175, 46.9320877], [142.4748838, 46.9381897], [142.4757272, 46.9424855], [142.4757044, 46.942968], [142.4755677, 46.94360609999999], [142.4756361, 46.9442287], [142.47634279999997, 46.9454115], [142.4771178, 46.9479171], [142.47714059999998, 46.948819699999994], [142.4756133, 46.956615799999994], [142.4778473, 46.960287900000004], [142.47805249999996, 46.96073909999999], [142.4783489, 46.9616726], [142.47837169999997, 46.9626372], [142.4784857, 46.963601800000006], [142.4801498, 46.9652354], [142.4829994, 46.9687357], [142.4833414, 46.96929570000001], [142.4835237, 46.9697468], [142.4835009, 46.9702291], [142.4832046, 46.9707891], [142.4817684, 46.9718158], [142.480355, 46.97404019999999], [142.4789644, 46.9783332], [142.4770723, 46.9811172], [142.4755449, 46.9823459], [142.4752485, 46.9827969], [142.474975, 46.9837456], [142.4752713, 46.98469419999999], [142.4755221, 46.9851452], [142.4799674, 46.98870639999999], [142.482931, 46.99052579999999], [142.48539309999998, 46.9940245], [142.4893141, 46.9990466], [142.4903172, 46.99937309999999], [142.4908643, 46.9996996], [142.491229, 47.0000883], [142.4914342, 47.0005392], [142.4914798, 47.00302669999999], [142.49056789999997, 47.0050788], [142.49036279999999, 47.00650900000001], [142.49179899999996, 47.0087319], [142.4937595, 47.0103952], [142.49474959999998, 47.010861999999996], [142.49590239999998, 47.011405599999996], [142.4985468, 47.011405599999996], [142.4991851, 47.0113278], [142.4998462, 47.011374499999995], [142.50037049999997, 47.0116698], [142.5007353, 47.0120895], [142.5010089, 47.0125403], [142.5012824, 47.01353499999999], [142.5020087, 47.0210003], [142.5048458, 47.02680229999999], [142.5058774, 47.027923099999995], [142.50755389999998, 47.028890000000004], [142.5084244, 47.02926359999999], [142.5092626, 47.0295493], [142.51113249999997, 47.029768999999995], [142.5115207, 47.02999559999999], [142.5118465, 47.0302363], [142.5126067, 47.0311906], [142.5144796, 47.033141199999996], [142.5141705, 47.032067000000005], [142.5153564, 47.0303988], [142.55728259999998, 47.0282077], [142.56410929999998, 47.0277824], [142.57703989999996, 47.0258045], [142.58183079999998, 47.02704850000001], [142.58399559999998, 47.0279945], [142.59082509999996, 47.0271301], [142.5959852, 47.0259344], [142.59632719999996, 47.0178026], [142.5982965, 47.01163559999999], [142.5986623, 47.010893], [142.59976449999996, 47.00982629999999], [142.599977, 47.0087055], [142.6002854, 47.00821479999999], [142.6009536, 47.00670769999999], [142.601519, 47.006287099999994], [142.60193019999997, 47.005761299999996], [142.60234139999997, 47.005305699999994], [142.6035236, 47.0045345], [142.61097889999996, 47.0028179], [142.6123435, 47.00213569999999], [142.6123415, 47.0014739], [142.6131924, 47.00071629999999], [142.61512189999996, 46.9997659], [142.6170943, 46.9975288], [142.6188735, 46.9963122], [142.61992089999998, 46.9940371], [142.62043479999997, 46.99374099999999], [142.6218831, 46.993836099999996], [142.62263829999998, 46.993319899999996], [142.6231387, 46.9905805], [142.6247517, 46.9894952], [142.6257995, 46.9887696], [142.6260474, 46.9883912], [142.62676359999998, 46.9879317], [142.62745099999998, 46.98787120000001], [142.6281, 46.9874402], [142.6288915, 46.98739369999999], [142.6299962, 46.98674309999999], [142.6308217, 46.9861777], [142.6316174, 46.9853249], [142.6322203, 46.9843888], [142.6317682, 46.9838788], [142.63148509999996, 46.98314870000001], [142.631261, 46.98215149999999], [142.63098629999996, 46.9813948], [142.6305625, 46.9805958], [142.6267777, 46.97557840000001], [142.6270627, 46.97555929999999], [142.6279385, 46.9747323], [142.62917209999998, 46.9740309], [142.6296751, 46.973780899999994], [142.6305093, 46.9735481], [142.63147419999999, 46.973578599999996], [142.63229579999998, 46.973560799999994], [142.6329497, 46.9737948], [142.6335615, 46.97373660000001], [142.6341715, 46.9742734], [142.6351361, 46.9742439], [142.6356059, 46.9740991], [142.63579509999997, 46.9741342], [142.63592399999996, 46.9742366], [142.6357436, 46.9745665], [142.63594, 46.97474489999999], [142.63617029999997, 46.974722], [142.6369262, 46.9744816], [142.63732159999998, 46.9744368], [142.6381579, 46.97477740000001], [142.6393036, 46.9741817], [142.6405217, 46.973661799999995], [142.6412408, 46.973923299999996], [142.6428186, 46.9734183], [142.64380869999997, 46.9736094], [142.6440527, 46.973433899999996], [142.6439958, 46.97306410000001], [142.6445712, 46.9724517], [142.6447498, 46.9716856], [142.64488969999996, 46.9715338], [142.6453904, 46.9715673], [142.6469671, 46.9711112], [142.64716699999997, 46.97093689999999], [142.646939, 46.970614499999996], [142.6470837, 46.9703183], [142.64673129999997, 46.9701066], [142.6467447, 46.969694999999994], [142.6470228, 46.9695174], [142.6474094, 46.96971609999999], [142.6476186, 46.96963039999999], [142.6476458, 46.96927159999999], [142.6477746, 46.9689599], [142.64804859999998, 46.9689301], [142.64827769999997, 46.96898819999999], [142.64838419999998, 46.96925879999999], [142.6488213, 46.969228699999995], [142.64907949999997, 46.9690196], [142.6458682, 46.9647338], [142.64520889999997, 46.9556852], [142.64530769999996, 46.95411729999999], [142.6457938, 46.9536493], [142.6460175, 46.9530212], [142.6468965, 46.9518884], [142.64702270000004, 46.9518522], [142.6490168, 46.9512807], [142.649571, 46.95216979999999], [142.649073, 46.9523244], [142.6491702, 46.9524451], [142.6500404, 46.95239389999999], [142.65081269999996, 46.9524702], [142.65137179999996, 46.9522317], [142.6518997, 46.9522704], [142.65224549999996, 46.9525036], [142.6526125, 46.952622899999994], [142.6530477, 46.9525429], [142.6532303, 46.951044599999996], [142.6536148, 46.9507502], [142.65966939999998, 46.94893309999999], [142.67546859999996, 46.94449349999999], [142.6811451, 46.93920669999999], [142.6814193, 46.9388786], [142.6837903, 46.934875], [142.69435939999997, 46.916691099999994], [142.6961502, 46.91146899999999], [142.697092, 46.90865959999999], [142.6973191, 46.90821759999999], [142.6976413, 46.9077503], [142.69800609999996, 46.9073631], [142.69832999999997, 46.90710440000001], [142.69888969999997, 46.90672239999999], [142.69947389999996, 46.906467199999994], [142.7001935, 46.9062568], [142.7007178, 46.9061474], [142.7014428, 46.906101199999995], [142.7038499, 46.9062329], [142.70383169999997, 46.906115899999996], [142.7038724, 46.9058858], [142.70409199999997, 46.905651199999994], [142.70431979999998, 46.9051099], [142.70407989999998, 46.90439099999999], [142.7037812, 46.9035802], [142.7036536, 46.90291899999999], [142.7037394, 46.902568499999994], [142.7039357, 46.90227839999999], [142.7043039, 46.9018443], [142.7045182, 46.9014933], [142.7045038, 46.901094699999994], [142.7043816, 46.9008318], [142.7041334, 46.9005646], [142.70369889999998, 46.9003441], [142.70324709999997, 46.90023409999999], [142.7027679, 46.900267799999995], [142.7022934, 46.9006374], [142.7019463, 46.9009381], [142.70151559999996, 46.9011749], [142.7013466, 46.9012262], [142.70104369999999, 46.901076999999994], [142.7008936, 46.9008954], [142.7008812, 46.9005736], [142.7009867, 46.899954], [142.70153469999997, 46.899597], [142.70296, 46.8989475], [142.70378329999997, 46.898738599999994], [142.704394, 46.898673900000006], [142.7051163, 46.8987313], [142.7056422, 46.8985951], [142.7058366, 46.89827629999999], [142.7057594, 46.8979572], [142.705171, 46.8975105], [142.70560399999997, 46.897145099999996], [142.7031453, 46.893944999999995], [142.7062375, 46.893969799999994], [142.7065132, 46.8935092], [142.703534, 46.8854245], [142.7035722, 46.8843564], [142.7055292, 46.8746773], [142.7058601, 46.8737451], [142.7093421, 46.87016289999999], [142.710031, 46.86899819999999], [142.7100735, 46.86743909999999], [142.7101269, 46.865865799999995], [142.7101269, 46.8651981], [142.7100755, 46.864635799999995], [142.7097157, 46.8641087], [142.7093559, 46.863440999999995], [142.7073514, 46.8604871], [142.7068594, 46.8604384]]]]}}]}