{"type": "FeatureCollection", "features": [{"type": "Feature", "properties": {"id": "city-01701000", "name": "ГО Барнаул", "region": "Алтайский край", "isCity": true, "sourceOktmo": "01-701-000-000", "sourceAgg": "Барнаул", "excelNames": ["ГО Барнаул"], "oktmo": "01701000", "vgp": [{"year": 2019, "value": 407945839.56334484}, {"year": 2020, "value": 430532006.3896368}, {"year": 2021, "value": 405706609.3982468}, {"year": 2022, "value": 654717072.7677836}, {"year": 2023, "value": 698418004.0282903}, {"year": 2024, "value": 826513751.9636027}], "population": [{"year": 2019, "value": 696735.0}, {"year": 2020, "value": 696986.0}, {"year": 2021, "value": 695540.0}, {"year": 2022, "value": 692148.0}, {"year": 2023, "value": 690128.0}, {"year": 2024, "value": 687601.0}, {"year": 2025, "value": 688818.0}], "shipments": [{"year": 2019, "value": 182179110.8}, {"year": 2020, "value": 192211169.3}, {"year": 2021, "value": 224711619.0}, {"year": 2022, "value": 258812426.5}, {"year": 2023, "value": 282692869.3}, {"year": 2024, "value": 307182040.5}], "employees": [{"year": 2019, "value": 155811.0}, {"year": 2020, "value": 157202.0}, {"year": 2021, "value": 156959.0}, {"year": 2022, "value": 156629.0}, {"year": 2023, "value": 156536.0}, {"year": 2024, "value": 158863.0}], "investments": [{"year": 2019, "value": 31269575.0}, {"year": 2020, "value": 34735299.0}, {"year": 2021, "value": 31939979.0}, {"year": 2022, "value": 33083548.0}, {"year": 2023, "value": 44387935.0}, {"year": 2024, "value": 67794216.0}], "vgp2024": 826513751.9636027, "pop2024": 687601.0, "ship2024": 307182040.5, "emp2024": 158863.0, "inv2024": 67794216.0}, "geometry": {"type": "MultiPolygon", "coordinates": [[[[83.4826934, 53.487367299999995], [83.48654639999998, 53.4877855], [83.4863278, 53.4887015], [83.4910404, 53.4940696], [83.4953199, 53.49691459999999], [83.50046970000001, 53.50082669999999], [83.50871749999999, 53.50441940000001], [83.51719859999999, 53.503315499999985], [83.5247115, 53.50011839999999], [83.5272542, 53.49627], [83.5338847, 53.4965332], [83.53353059999999, 53.4903069], [83.53702149999998, 53.4867146], [83.5400712, 53.4827612], [83.5477933, 53.47297129999999], [83.5478281, 53.46463219999999], [83.55503789999999, 53.463795499999996], [83.5575619, 53.463738], [83.5589191, 53.463389899999996], [83.56804659999999, 53.458928099999994], [83.57084689999999, 53.4571842], [83.57405479999998, 53.45562219999999], [83.57717689999998, 53.4527921], [83.5904511, 53.44424289999999], [83.60059259999998, 53.43660119999999], [83.6011505, 53.4351696], [83.6035538, 53.433904], [83.61107550000001, 53.43173610000001], [83.6114305, 53.433487], [83.61231019999998, 53.435979800000005], [83.61308269999999, 53.43788430000001], [83.61447749999999, 53.4402746], [83.6163657, 53.4433037], [83.6174601, 53.44506729999999], [83.6189406, 53.44684370000001], [83.6205285, 53.448914], [83.62198759999998, 53.45024299999999], [83.62376859999999, 53.4515208], [83.6253779, 53.45242799999999], [83.6274379, 53.453411899999985], [83.62994839999999, 53.45422959999999], [83.63222289999999, 53.45470240000001], [83.6348837, 53.4552518], [83.6366218, 53.4557501], [83.63876749999999, 53.4564784], [83.6412137, 53.45753880000001], [83.64522629999999, 53.4588931], [83.6474579, 53.460094000000005], [83.6493891, 53.4613843], [83.65153489999999, 53.4630962], [83.6538934, 53.4652629], [83.65496629999998, 53.46643809999999], [83.6561912, 53.4679886], [83.6569404, 53.468941699999995], [83.65878579999999, 53.470934199999995], [83.6619418, 53.473800000000004], [83.662882, 53.47465699999999], [83.66295929999998, 53.474727399999985], [83.66352789999999, 53.475276499999985], [83.66558789999999, 53.4766685], [83.66930179999999, 53.47892099999999], [83.6713171, 53.47974609999999], [83.6735075, 53.48069589999999], [83.6754387, 53.48144930000001], [83.6774343, 53.4820111], [83.68035250000001, 53.482611299999995], [83.6818164, 53.482714599999994], [83.6828845, 53.48279], [83.68674689999999, 53.48268790000001], [83.6891072, 53.4825347], [83.6915749, 53.482177099999994], [83.6932486, 53.48170470000001], [83.695051, 53.4809769], [83.6965423, 53.4799745], [83.6978727, 53.4790072], [83.6992835, 53.4777206], [83.700115, 53.4767756], [83.70040919999998, 53.4761028], [83.70052269999998, 53.475843299999994], [83.7004369, 53.4747067], [83.7000292, 53.47386379999999], [83.69918239999998, 53.473315], [83.69906359999999, 53.473238], [83.6961024, 53.47234399999999], [83.69307689999998, 53.471462700000004], [83.69080239999998, 53.4703132], [83.68717599999998, 53.46834619999999], [83.68539509999998, 53.4674648], [83.6832707, 53.46586820000001], [83.68271279999999, 53.46468019999999], [83.68279869999999, 53.46350489999999], [83.68320639999999, 53.4623935], [83.6840861, 53.461346000000006], [83.6853456, 53.460383500000006], [83.68353429999999, 53.4591847], [83.68189699999999, 53.4572034], [83.6744271, 53.45572769999999], [83.6668418, 53.45366099999999], [83.66243489999998, 53.4507859], [83.65970979999999, 53.4483388], [83.6576123, 53.446530499999994], [83.65821310000001, 53.44564870000001], [83.6579771, 53.4446487], [83.65848129999999, 53.4426581], [83.6592163, 53.4392679], [83.6592163, 53.43721959999999], [83.66248449999999, 53.4336835], [83.66521639999999, 53.43311620000001], [83.6670617, 53.4327822], [83.6676277, 53.4324499], [83.6731463, 53.4315758], [83.67559519999999, 53.4332505], [83.6812332, 53.43724189999999], [83.68591359999999, 53.43886849999999], [83.69090249999999, 53.4392743], [83.69219, 53.43916250000001], [83.69401389999999, 53.4386576], [83.69946959999999, 53.4357527], [83.71376569999998, 53.439766399999996], [83.71699369999999, 53.4383524], [83.7288853, 53.441370400000004], [83.7668064, 53.4359189], [83.7744721, 53.434525599999986], [83.78304179999999, 53.43340699999999], [83.78126859999999, 53.4220674], [83.7788959, 53.4127627], [83.78185709999998, 53.4086953], [83.7876898, 53.4102798], [83.7919384, 53.41074029999999], [83.79850439999998, 53.410868199999996], [83.8097053, 53.40912869999999], [83.8166147, 53.407517], [83.82176459999998, 53.40426790000001], [83.8251484, 53.4006589], [83.8259263, 53.3994595], [83.8670687, 53.4043369], [83.86773919999999, 53.4035086], [83.86908299999999, 53.40232839999999], [83.86921709999999, 53.40210129999999], [83.86958859999999, 53.4008316], [83.86910709999998, 53.3941546], [83.86797929999999, 53.39230080000001], [83.86850899999999, 53.3900343], [83.8693438, 53.3886962], [83.86889319999999, 53.3878556], [83.8673094, 53.38595999999999], [83.8659917, 53.38513049999999], [83.86491549999998, 53.384544999999996], [83.8633323, 53.38356749999999], [83.86050659999998, 53.382862], [83.85947399999999, 53.3823468], [83.85908499999998, 53.3820325], [83.8588436, 53.3817277], [83.8585915, 53.3813301], [83.8583267, 53.38068450000001], [83.85842189999998, 53.379916599999994], [83.85844999999999, 53.37911259999999], [83.8585265, 53.3787486], [83.858734, 53.37832819999999], [83.8590421, 53.375350100000006], [83.8589764, 53.37172079999999], [83.8590435, 53.3699749], [83.8590515, 53.3686098], [83.85868139999998, 53.366581999999994], [83.86117049999999, 53.364879099999996], [83.8611195, 53.36474469999999], [83.8606099, 53.3645846], [83.8602558, 53.3643349], [83.8601271, 53.364304499999996], [83.8600198, 53.3643285], [83.85995539999999, 53.3643894], [83.85993129999999, 53.3646726], [83.85974349999998, 53.3648535], [83.8595719, 53.3649207], [83.8592225, 53.3648838], [83.85878329999998, 53.3647287], [83.85856339999998, 53.36456219999999], [83.85856600000001, 53.36448699999999], [83.85860629999999, 53.36439899999999], [83.8589898, 53.364120500000006], [83.8598052, 53.363366600000006], [83.860052, 53.363273800000016], [83.86033629999999, 53.36320330000001], [83.8604946, 53.3630609], [83.86048109999999, 53.3629168], [83.86074939999999, 53.362790399999994], [83.86084059999999, 53.362684699999996], [83.86105249999999, 53.3626415], [83.86151109999999, 53.362401399999996], [83.86174179999999, 53.362203], [83.862763, 53.36164419999999], [83.86366419999999, 53.361221699999994], [83.8642671, 53.36106970000001], [83.8672047, 53.359582499999995], [83.8685747, 53.358310100000004], [83.8697053, 53.35890319999999], [83.8731922, 53.356438], [83.87348939999998, 53.355865800000004], [83.875177, 53.35409429999999], [83.8766651, 53.3514857], [83.87768759999999, 53.3479591], [83.87952479999998, 53.3455452], [83.8801954, 53.34457489999999], [83.8795785, 53.3429896], [83.8853989, 53.3428839], [83.88695449999999, 53.3444436], [83.8882952, 53.344005], [83.8901946, 53.343540399999995], [83.8874212, 53.34090139999999], [83.8836179, 53.338118], [83.88106709999998, 53.338688199999986], [83.87797729999998, 53.3357053], [83.87702769999999, 53.333800100000005], [83.8773334, 53.33283910000001], [83.87755339999998, 53.3317723], [83.87557119999998, 53.331745099999985], [83.87557269999999, 53.3317283], [83.87559409999999, 53.33164819999999], [83.8757229, 53.33130549999999], [83.8757456, 53.33124050000001], [83.8757873, 53.3310876], [83.875798, 53.331023599999995], [83.875798, 53.330956300000004], [83.8759053, 53.33002720000001], [83.87589449999999, 53.32978380000001], [83.8758516, 53.3295082], [83.8758221, 53.329421700000005], [83.8758302, 53.32940249999999], [83.87577649999999, 53.32923589999999], [83.8756531, 53.3289508], [83.8754225, 53.328040900000005], [83.8752991, 53.32776539999999], [83.8752079, 53.32759559999999], [83.8751274, 53.3273937], [83.87508449999999, 53.32718229999999], [83.87503089999998, 53.32668569999999], [83.87494499999998, 53.3264198], [83.87484849999998, 53.32620189999999], [83.87461779999998, 53.32579179999998], [83.87454269999999, 53.3255547], [83.874473, 53.325179799999994], [83.8744783, 53.3247985], [83.87451320000001, 53.3241065], [83.87449979999998, 53.3240199], [83.87446489999999, 53.32390939999999], [83.87433349999999, 53.32314999999999], [83.8743013, 53.32305230000001], [83.8742852, 53.32300899999999], [83.874253, 53.3229402], [83.87415109999999, 53.322775099999994], [83.8741001, 53.32270619999999], [83.87386140000001, 53.3223346], [83.87373000000001, 53.3221711], [83.87367099999999, 53.3220686], [83.8736415, 53.3219981], [83.8735208, 53.321833100000006], [83.8732043, 53.3213829], [83.87305679999999, 53.32125789999999], [83.87301649999999, 53.3212307], [83.87294409999998, 53.3211746], [83.87281, 53.321081699999986], [83.8726222, 53.32096309999999], [83.8723969, 53.320841399999985], [83.87224939999999, 53.320769299999995], [83.87202949999998, 53.3206459], [83.87193559999999, 53.3205642], [83.87184439999999, 53.320436], [83.8718337, 53.3204024], [83.87184439999999, 53.3203351], [83.8718712, 53.3203062], [83.87190609999999, 53.320278999999985], [83.87194899999999, 53.32025660000001], [83.872, 53.3202389], [83.87211799999999, 53.3202101], [83.87223599999999, 53.320195700000006], [83.8724157, 53.3201973], [83.87264909999999, 53.3202085], [83.87276979999999, 53.32020690000001], [83.87282879999998, 53.3202133], [83.87285289999998, 53.32021170000001], [83.87304339999999, 53.3202389], [83.87310769999999, 53.32025339999999], [83.87316409999998, 53.32027099999999], [83.87347789999998, 53.3203799], [83.8735905, 53.3204056], [83.8736442, 53.3204024], [83.87369249999999, 53.320381499999996], [83.87372459999999, 53.320352699999994], [83.873738, 53.32031740000001], [83.8737273, 53.3202469], [83.8737139, 53.32020690000001], [83.87369779999999, 53.320174800000004], [83.8736522, 53.3201156], [83.87361999999999, 53.320080299999994], [83.87358779999998, 53.320053099999996], [83.87344839999999, 53.319942499999996], [83.8730997, 53.3196333], [83.87294949999999, 53.31951629999999], [83.8728341, 53.3194378], [83.87212869999999, 53.3190885], [83.8712516, 53.3187697], [83.87027799999998, 53.318531], [83.870101, 53.318505300000005], [83.86998559999999, 53.31850210000001], [83.86951629999999, 53.3185117], [83.8693526, 53.3185326], [83.8692561, 53.31856940000001], [83.86921319999999, 53.3185918], [83.86910859999999, 53.31867520000001], [83.86898250000002, 53.318825799999985], [83.8689262, 53.3189155], [83.86885369999999, 53.31911899999999], [83.8688323, 53.3192215], [83.86882689999999, 53.3193289], [83.8688296, 53.3194955], [83.8688779, 53.31970220000001], [83.86889399999998, 53.31973740000001], [83.8689557, 53.3198336], [83.86900929999999, 53.3198913], [83.8690844, 53.3199489], [83.8692051, 53.320021], [83.8693526, 53.32009309999999], [83.86944649999998, 53.320134800000005], [83.8696825, 53.320189299999996], [83.8699266, 53.32022450000001], [83.87016529999998, 53.3202277], [83.87022439999998, 53.32022129999999], [83.8703907, 53.32019089999999], [83.8704443, 53.3201925], [83.87046039999998, 53.32022450000001], [83.87045770000002, 53.3202598], [83.8704202, 53.320319000000005], [83.8703209, 53.3204056], [83.87019479999998, 53.32047930000001], [83.87004199999998, 53.32052889999999], [83.86993469999999, 53.32055460000001], [83.8698649, 53.320565800000004], [83.86975759999999, 53.3205706], [83.86953769999998, 53.320569], [83.8691246, 53.3205898], [83.8689503, 53.32061869999999], [83.86869549999999, 53.3206972], [83.8685319, 53.320721199999994], [83.86840309999998, 53.32072599999999], [83.8683039, 53.320718], [83.86818049999998, 53.3206988], [83.8680169, 53.320653899999996], [83.8678318, 53.32057379999999], [83.86778619999998, 53.3205514], [83.86774329999999, 53.32052569999998], [83.8676038, 53.32043279999999], [83.8675663, 53.3204008], [83.8675019, 53.32034149999999], [83.86746969999999, 53.3203046], [83.8673946, 53.320189299999996], [83.86734629999998, 53.320110799999995], [83.8673034, 53.3200355], [83.8672203, 53.3198512], [83.8671693, 53.3197471], [83.8669306, 53.31911259999999], [83.8668609, 53.3184316], [83.86686619999999, 53.3182297], [83.8669467, 53.31789009999999], [83.8671452, 53.31727479999999], [83.8681536, 53.3159369], [83.8684487, 53.3157365], [83.868835, 53.3155442], [83.869307, 53.31542890000001], [83.8699078, 53.315364800000005], [83.8713992, 53.31540960000001], [83.87314799999999, 53.3154032], [83.87442469999999, 53.3153391], [83.87669490000002, 53.315134999999984], [83.8779037, 53.31095719999999], [83.8889008, 53.3034822], [83.8903228, 53.299469099999996], [83.8895503, 53.296776], [83.88422879999999, 53.2963656], [83.87869269999999, 53.29710939999999], [83.875517, 53.2969812], [83.87161169999999, 53.296263], [83.8509265, 53.29682729999999], [83.8484555, 53.2976105], [83.8478547, 53.29748649999999], [83.84733439999998, 53.297347], [83.84613809999999, 53.2970681], [83.84507599999999, 53.296914199999996], [83.84422300000001, 53.296757099999994], [83.8436705, 53.29662570000001], [83.84329499999998, 53.296529499999984], [83.8429356, 53.296398], [83.84255469999998, 53.296237700000006], [83.84226499999998, 53.2960646], [83.841927, 53.2958626], [83.84171249999999, 53.2956381], [83.8415837, 53.295516299999996], [83.84127259999998, 53.29513159999999], [83.84119749999999, 53.295009699999994], [83.84112239999999, 53.294862200000004], [83.84109019999998, 53.29471469999999], [83.8410687, 53.294580100000005], [83.8411009, 53.293900300000004], [83.8413691, 53.29302179999999], [83.842324, 53.2917712], [83.8430455, 53.2912883], [83.84411570000002, 53.29057199999999], [83.84713589999998, 53.2891482], [83.84937279999998, 53.2880868], [83.85028479999998, 53.2876218], [83.85145419999999, 53.2865379], [83.8517761, 53.2863326], [83.85196919999998, 53.2862685], [83.852216, 53.2862172], [83.85266659999999, 53.286185100000004], [83.8544905, 53.2863968], [83.85515569999998, 53.2864224], [83.8560891, 53.286377499999986], [83.85724779999998, 53.2861595], [83.8577306, 53.28599909999999], [83.85807389999998, 53.28581309999999], [83.85828849999999, 53.28531919999999], [83.8582563, 53.2851909], [83.8581383, 53.2850819], [83.857736, 53.2849247], [83.85712979999998, 53.2847869], [83.8567704, 53.284661799999995], [83.8563895, 53.284488599999996], [83.8558209, 53.284126199999996], [83.8556063, 53.2838568], [83.85555269999999, 53.283587399999995], [83.8555741, 53.28345269999999], [83.8556492, 53.2833116], [83.8559395, 53.28300180000001], [83.8560462, 53.2829139], [83.85621249999998, 53.2827936], [83.85655039999999, 53.2826317], [83.85829919999999, 53.2821057], [83.85918970000002, 53.2818683], [83.86017679999999, 53.281476999999995], [83.86061129999999, 53.28141939999999], [83.86131939999999, 53.281404900000005], [83.8616574, 53.2814546], [83.86200069999998, 53.281521999999995], [83.8622447, 53.2816422], [83.8627759, 53.281878], [83.8632747, 53.28205919999999], [83.8636797, 53.2822195], [83.86433689999998, 53.282429599999986], [83.8646534, 53.28251939999999], [83.86524619999999, 53.282614], [83.8664398, 53.2826669], [83.86703249999998, 53.28259959999999], [83.8682985, 53.2823687], [83.87122749999999, 53.2814835], [83.87414569999999, 53.280309599999995], [83.8759482, 53.2793602], [83.87851239999999, 53.2780002], [83.88148429999998, 53.2760243], [83.8830829, 53.27497859999999], [83.8848638, 53.27325269999998], [83.8877284, 53.27034629999999], [83.8891017, 53.2688384], [83.89089339999998, 53.26623320000001], [83.8919127, 53.2643466], [83.89237399999999, 53.2634482], [83.8928139, 53.26267169999999], [83.8929105, 53.26247920000001], [83.8932323, 53.2621647], [83.8934147, 53.2620043], [83.8937151, 53.2618182], [83.8945413, 53.2610737], [83.89502409999999, 53.260573199999996], [83.8953888, 53.26011750000001], [83.8956034, 53.2597388], [83.89632219999999, 53.25849379999999], [83.8969016, 53.2575824], [83.89694449999999, 53.2571524], [83.89693379999999, 53.257017600000005], [83.8968909, 53.256876399999996], [83.8967514, 53.25658109999999], [83.8966548, 53.2564464], [83.8962338, 53.2560244], [83.8962016, 53.25555740000001], [83.8965609, 53.25486419999999], [83.89714839999999, 53.2534858], [83.89751319999999, 53.252190799999994], [83.8983339, 53.2491448], [83.89833929999999, 53.24807599999998], [83.89826949999998, 53.247610599999994], [83.8981247, 53.2471772], [83.89729319999998, 53.246297699999985], [83.8968318, 53.2458547], [83.89653679999999, 53.2456108], [83.8963061, 53.245366799999985], [83.89621500000001, 53.2450747], [83.89620419999999, 53.2448468], [83.89620959999999, 53.2444488], [83.8958609, 53.24380349999999], [83.8954049, 53.2428982], [83.8953085, 53.2425398], [83.8952762, 53.2424199], [83.89526009999999, 53.2419144], [83.89504280000001, 53.2411487], [83.89480949999998, 53.24062700000001], [83.8943052, 53.24000579999999], [83.89338249999999, 53.239277], [83.8923955, 53.2385418], [83.89141379999998, 53.23784510000001], [83.8910743, 53.2374562], [83.8910866, 53.237402100000004], [83.8911831, 53.23731859999999], [83.8912636, 53.237273599999995], [83.8913655, 53.2372447], [83.8914728, 53.2372287], [83.8916981, 53.2372383], [83.8919342, 53.237264], [83.8922775, 53.2373089], [83.892712, 53.237385999999994], [83.8928246, 53.237398799999994], [83.89316259999998, 53.2374566], [83.89339859999998, 53.2374727], [83.8937688, 53.2374791], [83.8938814, 53.23748870000001], [83.8940048, 53.23749519999999], [83.89412279999999, 53.23748870000001], [83.8942248, 53.2374566], [83.89431599999999, 53.2374149], [83.8945091, 53.23732819999999], [83.89461099999998, 53.23729929999999], [83.8947236, 53.2372833], [83.89484169999999, 53.2372833], [83.8952225, 53.23731539999999], [83.89532450000002, 53.23735390000001], [83.895539, 53.2374181], [83.8959253, 53.23758829999999], [83.89611299999999, 53.2376782], [83.89649119999999, 53.2378355], [83.89693379999999, 53.23793020000001], [83.89754529999999, 53.2381774], [83.8977894, 53.2382898], [83.8979772, 53.23839569999999], [83.8982964, 53.2384936], [83.8985431, 53.2385097], [83.8987791, 53.2385097], [83.8988972, 53.2385001], [83.89900449999999, 53.2384808], [83.89911709999998, 53.23847760000001], [83.8992298, 53.23849040000001], [83.89933169999999, 53.2385193], [83.8994336, 53.2385579], [83.8996589, 53.23860599999999], [83.8997501, 53.238615599999996], [83.8998628, 53.23860599999999], [83.89995929999999, 53.23857709999999], [83.9000559, 53.2385322], [83.90013630000001, 53.23848399999999], [83.9002275, 53.23843910000001], [83.90033480000001, 53.238406999999995], [83.9004421, 53.23839089999999], [83.90078539999999, 53.23839089999999], [83.9010107, 53.2384262], [83.901118, 53.2384294], [83.9013541, 53.238416599999994], [83.90146139999999, 53.23839089999999], [83.90181, 53.2383395], [83.9019173, 53.2383106], [83.90203, 53.238285], [83.9022714, 53.238256099999994], [83.9024001, 53.2382529], [83.90274879999998, 53.2382753], [83.9029688, 53.238304199999995], [83.90306529999998, 53.23833309999999], [83.9033443, 53.23845510000001], [83.9034408, 53.23848399999999], [83.9035588, 53.2384936], [83.90367689999998, 53.238487199999994], [83.90378419999999, 53.238468], [83.90390219999999, 53.23843589999999], [83.9040202, 53.23841019999999], [83.90414360000001, 53.2384134], [83.9043635, 53.23845510000001], [83.90455659999999, 53.238538600000005], [83.9046532, 53.23856750000001], [83.9048839, 53.23859000000001], [83.9049911, 53.2385803], [83.9050984, 53.2385546], [83.90520570000001, 53.2385225], [83.90558119999999, 53.2385193], [83.90568849999998, 53.2385354], [83.9059085, 53.238593200000004], [83.90601569999998, 53.23863169999999], [83.9061016, 53.2386702], [83.9061874, 53.238721599999984], [83.90646639999999, 53.2388661], [83.9065736, 53.2388982], [83.90668090000001, 53.2389206], [83.90680430000002, 53.23893350000001], [83.9071584, 53.238939899999984], [83.9073944, 53.23891099999999], [83.9075017, 53.2388853], [83.90769480000002, 53.23880510000001], [83.907786, 53.2387601], [83.90794689999998, 53.238651], [83.90800589999999, 53.23859000000001], [83.9080435, 53.238525799999984], [83.90804889999998, 53.23846150000001], [83.90803279999999, 53.2383877], [83.9079952, 53.2383235], [83.907904, 53.2381983], [83.9077216, 53.2380377], [83.90764119999999, 53.23797999999999], [83.9074534, 53.237874], [83.90725489999998, 53.23770059999998], [83.9071423, 53.23757220000001], [83.9071047, 53.23750799999999], [83.9070672, 53.2373699], [83.9070618, 53.237296099999995], [83.90702429999999, 53.2368306], [83.9070779, 53.2366251], [83.90717449999998, 53.2364934], [83.907305, 53.2363654], [83.8953413, 53.229863699999996], [83.8906744, 53.22567289999999], [83.8839013, 53.2250781], [83.88045329999999, 53.22478569999999], [83.8788864, 53.227892499999996], [83.8770953, 53.23002329999999], [83.87154639999999, 53.23107439999999], [83.86829789999999, 53.23233570000001], [83.871722, 53.2359092], [83.8591668, 53.2363191], [83.84134399999999, 53.2362126], [83.84132149999999, 53.2359109], [83.84150859999998, 53.23536970000001], [83.8418536, 53.2349574], [83.84397629999998, 53.233857400000005], [83.8450009, 53.233404699999994], [83.846004, 53.2330868], [83.84707689999999, 53.2326212], [83.84776889999999, 53.2322519], [83.84850379999999, 53.23182489999999], [83.84898660000002, 53.231272600000004], [83.8491905, 53.2309579], [83.84941579999999, 53.230232199999996], [83.849448, 53.22987249999999], [83.84938360000001, 53.22941009999999], [83.84914749999999, 53.2289156], [83.8489973, 53.2287422], [83.84775279999998, 53.2276824], [83.8466155, 53.2267062], [83.84558559999999, 53.2258519], [83.8449311, 53.22519679999999], [83.84445899999999, 53.224638000000006], [83.84409760000001, 53.2239732], [83.84399099999999, 53.2235895], [83.84390110000001, 53.2230643], [83.8438797, 53.22256329999999], [83.8438797, 53.2219916], [83.8441801, 53.22088669999999], [83.8445127, 53.22015439999999], [83.844738, 53.219736899999994], [83.84547829999998, 53.21888889999999], [83.847034, 53.2174949], [83.8475958, 53.2170396], [83.8480532, 53.2167304], [83.8487077, 53.216332099999995], [83.8493943, 53.21603649999998], [83.85076760000001, 53.2156125], [83.85256999999999, 53.215149999999994], [83.8540077, 53.2148095], [83.8545978, 53.21471950000001], [83.8553059, 53.214668100000004], [83.85580869999998, 53.214686799999996], [83.8562898, 53.214463200000004], [83.85665209999999, 53.2142729], [83.8572, 53.21401459999999], [83.85767839999998, 53.21375259999999], [83.85784329999998, 53.2136193], [83.8579237, 53.213502], [83.8582981, 53.2129655], [83.85870039999999, 53.2123006], [83.8594193, 53.21123399999999], [83.85964039999999, 53.21079069999999], [83.8597947, 53.2103955], [83.8599718, 53.2099876], [83.8600373, 53.2097144], [83.86002009999999, 53.2094671], [83.8599837, 53.20918759999999], [83.85975179999998, 53.208728099999995], [83.85960819999998, 53.208332999999996], [83.85920999999999, 53.20802129999999], [83.8588411, 53.207635800000006], [83.85851789999998, 53.207063899999994], [83.85832610000001, 53.20674579999999], [83.85806199999999, 53.206395599999986], [83.8580364, 53.206202799999986], [83.8581264, 53.20599079999999], [83.85848579999998, 53.205550599999995], [83.8588291, 53.20508470000001], [83.85888399999999, 53.2049498], [83.85887209999999, 53.20483729999999], [83.858782, 53.204622], [83.8585662, 53.204390700000005], [83.85826709999999, 53.204194699999995], [83.8581008, 53.20415289999999], [83.8578635, 53.20412719999999], [83.8572895, 53.20418179999999], [83.8568187, 53.20432], [83.8563079, 53.20451270000001], [83.8552456, 53.204942499999994], [83.85472119999999, 53.20511359999999], [83.85411639999998, 53.2052615], [83.85335329999998, 53.205402799999995], [83.85264929999998, 53.20546379999998], [83.85097559999998, 53.2054639], [83.84923749999999, 53.2052197], [83.847478, 53.2051297], [83.84622269999998, 53.2049948], [83.84519929999999, 53.20477309999999], [83.84436659999999, 53.2043714], [83.8437295, 53.204124], [83.8430148, 53.20371600000001], [83.84223159999999, 53.2029512], [83.8419324, 53.202613799999995], [83.8418615, 53.2022572], [83.84181979999998, 53.2019133], [83.8418239, 53.2015567], [83.8417649, 53.20112279999999], [83.84173659999999, 53.20099439999999], [83.8416669, 53.20088179999999], [83.8416132, 53.2008289], [83.84114800000002, 53.200492999999994], [83.8409185, 53.2002488], [83.8408041, 53.1999758], [83.8387968, 53.197207999999996], [83.8419041, 53.1925962], [83.846252, 53.1886685], [83.8471739, 53.188029], [83.8522183, 53.1883341], [83.85607939999998, 53.188345999999996], [83.8581705, 53.1878176], [83.8590771, 53.18740940000001], [83.8598532, 53.186915600000006], [83.861789, 53.1850699], [83.86419539999999, 53.1821705], [83.86473650000002, 53.1807391], [83.8651242, 53.1793329], [83.85913199999999, 53.176140700000005], [83.8514502, 53.1717774], [83.8385889, 53.1686454], [83.83102169999998, 53.1664193], [83.829251, 53.1663877], [83.82824499999998, 53.166369700000004], [83.8241655, 53.16588070000001], [83.82322129999999, 53.165752000000005], [83.82197839999999, 53.1658626], [83.8213438, 53.1660318], [83.82058739999998, 53.1663052], [83.8189983, 53.1667876], [83.8176539, 53.16722709999999], [83.81552269999999, 53.1680847], [83.8140857, 53.168392299999994], [83.81301939999999, 53.1685047], [83.8090683, 53.16862039999999], [83.8067794, 53.1685788], [83.8044984, 53.1682903], [83.803035, 53.1679614], [83.8012039, 53.167419200000005], [83.7994637, 53.1669685], [83.7980871, 53.1666656], [83.79750429999999, 53.1664242], [83.79688879999999, 53.1661195], [83.7962866, 53.16556870000001], [83.79610959999998, 53.16527609999999], [83.7960166, 53.164901199999996], [83.79605049999999, 53.1645943], [83.79624359999998, 53.16420509999999], [83.79707859999999, 53.16315409999999], [83.7976228, 53.1625948], [83.798069, 53.1617198], [83.79858059999998, 53.1603329], [83.7987342, 53.15952630000001], [83.79871129999998, 53.159014000000006], [83.79845519999999, 53.1585034], [83.79730039999998, 53.1575627], [83.79603979999999, 53.1567238], [83.7949599, 53.155737900000005], [83.79440709999999, 53.1545163], [83.79873740000001, 53.149004399999995], [83.80704209999999, 53.140736399999994], [83.80796749999999, 53.13531720000001], [83.81306099999999, 53.13020300000001], [83.8261864, 53.1196398], [83.8354105, 53.11269970000001], [83.8390606, 53.10910890000001], [83.8380996, 53.10870769999998], [83.83788759999999, 53.10851130000001], [83.83769449999998, 53.10830349999999], [83.83754969999998, 53.1080798], [83.83732439999999, 53.1079381], [83.83702749999999, 53.1077535], [83.8364795, 53.10750650000001], [83.836281, 53.10734550000001], [83.8361549, 53.10720870000001], [83.8359672, 53.1070042], [83.83579019999999, 53.1067658], [83.83557559999998, 53.106595199999994], [83.8347977, 53.10607349999999], [83.83422909999999, 53.105735299999985], [83.83330639999998, 53.10479809999999], [83.8332206, 53.1047434], [83.8331401, 53.104701500000004], [83.83230859999999, 53.10436339999999], [83.8316059, 53.10419269999999], [83.83110699999999, 53.1041411], [83.83029159999998, 53.104121799999994], [83.83000189999998, 53.104051000000005], [83.8287467, 53.103812600000005], [83.8275129, 53.1032941], [83.82744849999999, 53.10325220000001], [83.82591959999999, 53.1025952], [83.82543149999998, 53.10233759999999], [83.82506669999998, 53.1021025], [83.8249755, 53.1020413], [83.8248199, 53.1019285], [83.8245356, 53.10168380000001], [83.82448729999999, 53.10162900000001], [83.82352709999999, 53.1007304], [83.8220036, 53.0998157], [83.82175149999999, 53.099680400000004], [83.821671, 53.099622399999994], [83.82153149999999, 53.09950969999999], [83.82144029999999, 53.0993808], [83.8214135, 53.099316400000006], [83.82134909999999, 53.099000800000006], [83.821317, 53.09893960000001], [83.821274, 53.09888480000001], [83.82093069999999, 53.0986593], [83.820861, 53.0986239], [83.81967539999998, 53.0981987], [83.81786229999999, 53.097577099999995], [83.8174331, 53.097416], [83.81735799999998, 53.0973935], [83.8168377, 53.09726460000001], [83.8167143, 53.0972453], [83.816489, 53.097226000000006], [83.81638169999998, 53.097226000000006], [83.8159579, 53.097203400000005], [83.81586939999998, 53.097214699999995], [83.81578359999999, 53.09723559999999], [83.81558779999999, 53.097332300000005], [83.8154215, 53.09740800000001], [83.8153624, 53.097464300000006], [83.815231, 53.09758029999999], [83.8148582, 53.097792899999995], [83.81461139999999, 53.0979604], [83.81454169999999, 53.097999], [83.8143861, 53.0980473], [83.8143003, 53.0980667], [83.8139597, 53.098171300000004], [83.8137612, 53.098203599999984], [83.8128492, 53.09832430000001], [83.8119963, 53.09849349999999], [83.8117978, 53.09851759999999], [83.81160739999999, 53.0985305], [83.81131769999999, 53.098498299999996], [83.8110548, 53.098424200000004], [83.8108456, 53.09834369999999], [83.8099873, 53.0982181], [83.80977809999999, 53.098189099999985], [83.8091934, 53.098063399999994], [83.808893, 53.098028], [83.8084745, 53.0980119], [83.8080454, 53.098028], [83.8075572, 53.09810209999999], [83.8074017, 53.0981504], [83.80686519999999, 53.0982728], [83.8065568, 53.09835489999999], [83.80624289999999, 53.0983791], [83.80579769999999, 53.0983839], [83.80529339999998, 53.0982293], [83.8047624, 53.098115], [83.8045103, 53.09811169999999], [83.8036412, 53.09811179999999], [83.8030793, 53.0981617], [83.8026718, 53.098189099999985], [83.8018463, 53.09819970000001], [83.801669, 53.098391699999986], [83.80135059999999, 53.0987012], [83.8009416, 53.099008899999994], [83.80026699999999, 53.0994002], [83.7994033, 53.0997061], [83.7978427, 53.099997099999996], [83.7894462, 53.1013269], [83.78607269999999, 53.10196069999999], [83.7836837, 53.1027821], [83.78293549999998, 53.1031238], [83.7823981, 53.103764299999995], [83.7819087, 53.104614], [83.7814623, 53.106378799999995], [83.78110659999999, 53.107055899999985], [83.7806452, 53.1076568], [83.77983949999998, 53.1086589], [83.7795679, 53.1088808], [83.7792958, 53.109066399999996], [83.7789635, 53.10925640000001], [83.77858619999999, 53.1094343], [83.7779381, 53.109667899999984], [83.7772882, 53.10982959999999], [83.77672759999999, 53.1099202], [83.77615619999999, 53.109970499999996], [83.7750985, 53.1100226], [83.7737179, 53.10997110000001], [83.77210739999998, 53.10972439999999], [83.7702393, 53.1092708], [83.7683487, 53.1087367], [83.7664427, 53.1083732], [83.765248, 53.1083438], [83.76385349999998, 53.1084507], [83.7609764, 53.1087779], [83.7597549, 53.1092398], [83.7590535, 53.10954950000001], [83.75222299999999, 53.11214369999999], [83.7591433, 53.11555020000001], [83.7625591, 53.119968899999996], [83.7587074, 53.121849], [83.75831039999998, 53.12189730000001], [83.75222189999998, 53.1228534], [83.75194020000002, 53.1229597], [83.7499366, 53.123758], [83.74364409999998, 53.127799399999994], [83.74279659999999, 53.1278703], [83.7402109, 53.1273166], [83.73984079999998, 53.1275612], [83.73812409999998, 53.1274808], [83.73718, 53.12782839999999], [83.7350021, 53.12763209999999], [83.7261132, 53.12783159999999], [83.7240801, 53.1276836], [83.7233183, 53.1271846], [83.71950419999999, 53.127793000000004], [83.71887119999998, 53.1275741], [83.71780909999998, 53.12874250000001], [83.71696150000001, 53.1293155], [83.7152342, 53.13004289999999], [83.7133244, 53.1305933], [83.71196769999999, 53.130660899999995], [83.71171919999999, 53.130665799999996], [83.71156099999999, 53.1306674], [83.7114456, 53.1306626], [83.7113437, 53.13064490000001], [83.71127929999999, 53.1306369], [83.71122839999998, 53.1306224], [83.7111291, 53.1305918], [83.7110057, 53.1305757], [83.71094669999998, 53.1305725], [83.710826, 53.130559599999984], [83.7100777, 53.1304582], [83.71002139999999, 53.1304453], [83.70991409999999, 53.13042440000001], [83.70960829999999, 53.1303311], [83.70887609999998, 53.1300478], [83.7086293, 53.1299609], [83.7085757, 53.12994969999999], [83.70847110000001, 53.12993360000001], [83.70842009999998, 53.12992879999999], [83.70829129999998, 53.1299175], [83.7081787, 53.1299159], [83.7080875, 53.1299175], [83.70792119999999, 53.1299191], [83.70780859999999, 53.129927099999996], [83.70763419999999, 53.1299481], [83.7068376, 53.130109000000004], [83.7067196, 53.130126700000005], [83.7065989, 53.130138], [83.70648619999999, 53.1301428], [83.70643530000001, 53.130139599999985], [83.7063789, 53.1301348], [83.7063253, 53.1301235], [83.70627159999998, 53.130117], [83.706218, 53.13010580000001], [83.70616439999999, 53.1300993], [83.706108, 53.130092899999994], [83.70599810000002, 53.1300993], [83.70589609999999, 53.130120299999994], [83.70584519999998, 53.1301331], [83.7057862, 53.13015249999999], [83.70574059999998, 53.130171799999985], [83.7056601, 53.130218400000004], [83.7056386, 53.1302458], [83.70562259999998, 53.13027799999999], [83.7056011, 53.1303102], [83.7055743, 53.1303375], [83.70553399999999, 53.1303601], [83.70543479999999, 53.13039059999999], [83.7052309, 53.130437300000004], [83.7050727, 53.130466299999995], [83.7048501, 53.1304985], [83.70480449999998, 53.1305129], [83.70440479999999, 53.1305725], [83.7042412, 53.13058540000001], [83.70407489999998, 53.1305821], [83.7040186, 53.1305773], [83.7039113, 53.13055799999999], [83.7038603, 53.1305435], [83.70375309999999, 53.1305178], [83.7036967, 53.1305081], [83.7034097, 53.13048719999999], [83.703352, 53.130496699999995], [83.7033373, 53.13049519999999], [83.7032837, 53.13050329999999], [83.70323539999998, 53.13051449999999], [83.7031898, 53.13053059999999], [83.70305839999999, 53.130593399999995], [83.70301279999998, 53.1306095], [83.70296219999999, 53.13060020000001], [83.7029162, 53.13063849999999], [83.7028572, 53.13064490000001], [83.7028009, 53.1306417], [83.7027016, 53.13061919999999], [83.70264529999999, 53.1306143], [83.7025863, 53.1306127], [83.70253, 53.13061919999999], [83.702479, 53.130633599999996], [83.70243339999999, 53.1306529], [83.70239319999999, 53.1306755], [83.7022805, 53.13075109999999], [83.70212500000001, 53.13084930000001], [83.7020445, 53.130894299999994], [83.7019935, 53.1309137], [83.70194259999998, 53.130926499999994], [83.70188089999999, 53.1309394], [83.7017709, 53.1309555], [83.7017146, 53.1309555], [83.7016582, 53.1309507], [83.7016046, 53.1309378], [83.70151069999999, 53.130905600000006], [83.70139269999999, 53.130907199999996], [83.7013337, 53.130912], [83.7012264, 53.1309297], [83.7011754, 53.13094099999999], [83.70097159999999, 53.130997300000004], [83.70044049999998, 53.1311132], [83.7003118, 53.13114780000001], [83.7002608, 53.1311599], [83.70020849999999, 53.13117519999999], [83.7000892, 53.1312226], [83.69995639999999, 53.1312709], [83.69968149999998, 53.1313626], [83.6985221, 53.1316471], [83.6978663, 53.1318362], [83.6974686, 53.13199350000001], [83.69670149999999, 53.132241300000004], [83.6963341, 53.13230889999999], [83.695972, 53.1323974], [83.69567959999999, 53.1325277], [83.6956326, 53.132543699999985], [83.69562059999998, 53.1325615], [83.69554279999998, 53.13260819999999], [83.6954677, 53.132654900000006], [83.6949956, 53.13302339999999], [83.6949661, 53.133049099999994], [83.69488569999999, 53.13310390000001], [83.6948454, 53.133128], [83.6948052, 53.133148899999995], [83.6947596, 53.1331682], [83.69471129999998, 53.13317949999999], [83.6946577, 53.1331875], [83.69460399999998, 53.1331924], [83.6945477, 53.133194], [83.69449409999999, 53.133194], [83.6944351, 53.1331924], [83.6942714, 53.133185899999994], [83.69421509999998, 53.133185899999994], [83.6940971, 53.1331779], [83.69393080000002, 53.1331425], [83.69384499999998, 53.1331022], [83.69376449999999, 53.13305400000001], [83.6936599, 53.1329719], [83.69345609999999, 53.132780399999994], [83.6933702, 53.13268550000001], [83.69334609999999, 53.132653299999994], [83.6933246, 53.13261789999999], [83.6932844, 53.13254709999999], [83.69326559999999, 53.13251000000001], [83.6932254, 53.13243920000001], [83.6932039, 53.13240869999999], [83.69314759999999, 53.132347499999995], [83.6931127, 53.13231689999999], [83.6930725, 53.1322896], [83.69295179999999, 53.1322139], [83.69285789999999, 53.1321641], [83.6925736, 53.1320546], [83.69196210000001, 53.1318728], [83.69191379999998, 53.1318551], [83.6918655, 53.1318406], [83.69181449999999, 53.1318277], [83.69171259999999, 53.1317875], [83.691557, 53.13173280000001], [83.6915061, 53.13171989999999], [83.69139339999998, 53.13170059999999], [83.6913371, 53.131694199999984], [83.69110639999998, 53.13167649999999], [83.690924, 53.13167000000001], [83.6908087, 53.13166840000001], [83.69058069999998, 53.1316588], [83.69052439999999, 53.1316588], [83.68982969999999, 53.1316861], [83.68959099999998, 53.13168770000001], [83.68940059999998, 53.13168129999998], [83.6892289, 53.131662], [83.68885339999999, 53.13160239999999], [83.68880239999999, 53.13158469999999], [83.6887568, 53.1315654], [83.688561, 53.1314914], [83.68845369999998, 53.1314608], [83.6883438, 53.1314415], [83.68829009999999, 53.131439900000004], [83.6881077, 53.131439900000004], [83.68805679999998, 53.1314415], [83.6879978, 53.1314431], [83.68793609999999, 53.131447900000005], [83.6873996, 53.131456], [83.687346, 53.131459199999995], [83.68698659999998, 53.1314673], [83.6866245, 53.131463999999994], [83.6864421, 53.1314721], [83.6863321, 53.1314769], [83.68627849999999, 53.1314817], [83.68593889999998, 53.131520599999995], [83.68559889999999, 53.1315898], [83.68522399999999, 53.1316663], [83.6845028, 53.1318132], [83.6844519, 53.1318261], [83.68417829999999, 53.131876], [83.6840442, 53.1318905], [83.68397979999999, 53.131893700000006], [83.683717, 53.131893700000006], [83.68359630000002, 53.1318808], [83.6835399, 53.13187119999999], [83.6834407, 53.1318358], [83.68338699999998, 53.13180359999999], [83.6833441, 53.1317746], [83.68325289999999, 53.1317247], [83.6832073, 53.1317038], [83.6831081, 53.1316411], [83.6806712, 53.1310841], [83.67907799999999, 53.1303889], [83.6773024, 53.130044500000004], [83.6696474, 53.12628170000001], [83.66616049999999, 53.1238964], [83.6634783, 53.1250006], [83.6628828, 53.1256444], [83.6627595, 53.1294458], [83.6636929, 53.1316474], [83.66321540000001, 53.132236299999995], [83.6626629, 53.1342318], [83.65167119999998, 53.1400469], [83.64796980000001, 53.140609999999995], [83.64584009999999, 53.14071950000001], [83.64406449999998, 53.1365135], [83.6433295, 53.136841800000006], [83.6415646, 53.13750149999999], [83.64158609999998, 53.13759159999999], [83.63896829999999, 53.1385152], [83.6372838, 53.139486999999995], [83.633341, 53.1414628], [83.6277674, 53.1436154], [83.6254714, 53.1444327], [83.6243288, 53.1452628], [83.6239318, 53.14500540000001], [83.6227033, 53.14392749999999], [83.6224941, 53.142685500000006], [83.6217592, 53.14190359999999], [83.62212399999999, 53.14126000000001], [83.6237548, 53.1413952], [83.62689299999998, 53.1364395], [83.6266194, 53.1361145], [83.62788, 53.133337100000006], [83.6285452, 53.1316409], [83.62835739999998, 53.1301185], [83.62554110000002, 53.1288246], [83.62285349999999, 53.128254899999995], [83.6210082, 53.12863149999999], [83.6190878, 53.1282291], [83.61754279999998, 53.128145399999994], [83.61642700000002, 53.12827099999999], [83.6154775, 53.128705499999995], [83.6145602, 53.1279459], [83.61393249999999, 53.127926599999995], [83.61273089999999, 53.1305916], [83.61056369999999, 53.135432200000004], [83.6104671, 53.136993], [83.6095123, 53.1359181], [83.6082087, 53.13521329999999], [83.6068837, 53.1354933], [83.60616489999998, 53.1357411], [83.6050705, 53.13557699999999], [83.60417469999999, 53.13499769999999], [83.6037562, 53.134], [83.6040245, 53.133571999999994], [83.6064331, 53.1312], [83.60701779999998, 53.1303535], [83.6064706, 53.1291207], [83.6048774, 53.1294329], [83.6035095, 53.1291851], [83.60180899999999, 53.13007340000001], [83.6006073, 53.12983849999999], [83.5993521, 53.12996400000001], [83.59865469999998, 53.12902420000001], [83.59826839999998, 53.128943699999994], [83.59401979999998, 53.1302505], [83.5935102, 53.129735499999995], [83.5913966, 53.1299801], [83.58698710000002, 53.130845900000004], [83.58308179999999, 53.132159099999996], [83.5850666, 53.1364073], [83.5854958, 53.1369866], [83.58786679999999, 53.136742000000005], [83.5906563, 53.13669049999999], [83.59087089999998, 53.1368707], [83.58931519999999, 53.13760440000001], [83.5916648, 53.14101550000001], [83.5933922, 53.1418392], [83.59473329999999, 53.1430298], [83.5909567, 53.1419551], [83.58989459999998, 53.1420967], [83.59010919999999, 53.14454849999999], [83.5929094, 53.1472898], [83.5882853, 53.148943499999994], [83.5874484, 53.1495355], [83.5878239, 53.14992790000001], [83.58930449999998, 53.1506936], [83.58868219999998, 53.1508867], [83.58443359999998, 53.1492202], [83.5850988, 53.14881479999999], [83.58605369999998, 53.1477595], [83.58797409999998, 53.14660129999999], [83.58838179999998, 53.1460157], [83.58783469999999, 53.144471300000006], [83.5877381, 53.1432615], [83.587384, 53.142463500000005], [83.58641839999999, 53.140526400000006], [83.5856352, 53.139696099999995], [83.58523829999999, 53.139425800000005], [83.5844658, 53.138672799999995], [83.5840581, 53.1377525], [83.5821698, 53.1354676], [83.5710226, 53.13770739999999], [83.55400659999998, 53.141009000000004], [83.54470470000001, 53.1429847], [83.55275139999999, 53.1480426], [83.553674, 53.14874399999999], [83.5556481, 53.1499151], [83.5619996, 53.1538334], [83.56585129999999, 53.1560787], [83.5662482, 53.1564004], [83.5711513, 53.15937250000001], [83.57296989999999, 53.160589999999985], [83.57161799999999, 53.1609759], [83.566318, 53.1626098], [83.5629008, 53.1636566], [83.5597841, 53.16459420000001], [83.55784759999999, 53.16546890000001], [83.5536365, 53.1669225], [83.5524241, 53.167421], [83.5519413, 53.16904819999999], [83.55266549999999, 53.1696141], [83.5525046, 53.16995820000001], [83.56018639999999, 53.1748103], [83.5653792, 53.17801909999999], [83.5585235, 53.180288899999994], [83.555734, 53.181185799999994], [83.55433389999999, 53.1816327], [83.53493079999998, 53.18778540000001], [83.52556449999999, 53.190475699999986], [83.5245667, 53.191163499999995], [83.521965, 53.191259900000006], [83.5184245, 53.195392999999996], [83.5172228, 53.1966656], [83.5154955, 53.1985809], [83.5139934, 53.2006054], [83.5076742, 53.2065176], [83.50899919999999, 53.20817540000001], [83.5243092, 53.2142568], [83.53064999999998, 53.217135], [83.53778459999998, 53.2212335], [83.5491679, 53.2239538], [83.5336406, 53.244172599999985], [83.5268913, 53.2530416], [83.51723729999999, 53.26573239999999], [83.51358679999998, 53.264955900000004], [83.5123265, 53.26454410000001], [83.511082, 53.26419949999998], [83.5099628, 53.26382970000001], [83.5092739, 53.263630799999994], [83.5082311, 53.263266900000005], [83.5077261, 53.262997299999995], [83.5065625, 53.262497], [83.50590400000002, 53.2620491], [83.5051812, 53.2616429], [83.50450139999998, 53.26139069999999], [83.50385879999999, 53.260956699999994], [83.5027051, 53.26055420000001], [83.5018584, 53.260398], [83.5012591, 53.25989949999999], [83.4997617, 53.2591555], [83.49871079999998, 53.2588347], [83.4985825, 53.258779], [83.4985343, 53.2585319], [83.4975901, 53.25806979999999], [83.49638849999998, 53.25765909999999], [83.4944197, 53.25678020000001], [83.4928319, 53.2563241], [83.48946299999999, 53.255547500000006], [83.4867969, 53.2556213], [83.48315989999999, 53.254851], [83.47727239999999, 53.2540744], [83.4758669, 53.253881799999995], [83.475883, 53.253849699999996], [83.47580789999999, 53.25383690000001], [83.476103, 53.25306979999999], [83.47550749999999, 53.2527842], [83.47571140000001, 53.25234449999999], [83.47431389999998, 53.251892], [83.47463040000001, 53.25152930000001], [83.4718731, 53.2505985], [83.47154049999999, 53.250736499999995], [83.4704945, 53.2513207], [83.47152979999998, 53.25193689999999], [83.47321419999999, 53.252046], [83.47321419999999, 53.2529415], [83.47333219999999, 53.253005699999996], [83.47340729999999, 53.2533876], [83.4732357, 53.2535384], [83.47308009999999, 53.25351920000001], [83.4736756, 53.25453970000001], [83.4711436, 53.2542605], [83.4687591, 53.25269430000001], [83.4674721, 53.25349159999999], [83.4642744, 53.2548125], [83.4598541, 53.2541386], [83.45571279999999, 53.25234770000001], [83.4553945, 53.25280519999999], [83.4548867, 53.2535352], [83.45716119999999, 53.2571424], [83.4611738, 53.259286100000004], [83.4592064, 53.25923629999998], [83.45688899999999, 53.2585945], [83.45512939999999, 53.25985239999999], [83.4523721, 53.2592812], [83.45102029999998, 53.2601092], [83.4509988, 53.2607381], [83.45073059999999, 53.2614569], [83.45289909999998, 53.265841800000004], [83.44907339999999, 53.2659139], [83.4471002, 53.26638599999998], [83.4332223, 53.2661303], [83.424946, 53.266064699999994], [83.4247706, 53.2646223], [83.41410769999999, 53.2651468], [83.4133131, 53.2725433], [83.43274239999998, 53.2801055], [83.4329009, 53.2880739], [83.4332201, 53.3068617], [83.43295189999999, 53.3103041], [83.4330444, 53.3151677], [83.42487979999999, 53.3186046], [83.4166226, 53.32009790000001], [83.4083265, 53.32794160000001], [83.4074843, 53.3276388], [83.40425089999998, 53.3297597], [83.402368, 53.3296476], [83.3993304, 53.331174099999984], [83.39503479999999, 53.3340812], [83.38807249999999, 53.33273500000001], [83.3951508, 53.32876739999998], [83.39908429999998, 53.32876569999999], [83.4041899, 53.3239438], [83.4059373, 53.322566], [83.40503609999999, 53.3223946], [83.4059883, 53.322154299999994], [83.4099673, 53.3190445], [83.3967065, 53.31666510000001], [83.3940417, 53.31894669999999], [83.3800714, 53.3136077], [83.37804369999999, 53.31360449999999], [83.37608839999999, 53.3151524], [83.3751389, 53.31596960000001], [83.38115239999999, 53.3166362], [83.3797442, 53.319404999999996], [83.37664359999998, 53.31776910000001], [83.37072659999998, 53.31789719999999], [83.371074, 53.3207909], [83.3677936, 53.32118659999998], [83.3601614, 53.3194963], [83.35405, 53.325332800000005], [83.3563225, 53.32583019999999], [83.35608779999998, 53.3261402], [83.36840179999999, 53.3294321], [83.37849769999998, 53.3319678], [83.37915349999999, 53.33072], [83.38106049999999, 53.3310195], [83.3806662, 53.3323394], [83.38701369999998, 53.33327], [83.3909149, 53.33425019999999], [83.3946861, 53.3345337], [83.4327891, 53.3416276], [83.43269509999999, 53.345671700000004], [83.4325649, 53.35126859999999], [83.4296306, 53.3555639], [83.42819089999999, 53.358475], [83.42745329999998, 53.358952], [83.4267238, 53.3595475], [83.42672909999999, 53.3599669], [83.42508159999998, 53.3621766], [83.4221083, 53.3657234], [83.4199109, 53.3685634], [83.41765519999998, 53.3714088], [83.4027502, 53.367624799999994], [83.4014292, 53.3703694], [83.3979825, 53.37325629999999], [83.3927683, 53.3715729], [83.3836944, 53.3676456], [83.3783944, 53.3658691], [83.3674697, 53.3619542], [83.35955179999999, 53.35889999999999], [83.3456929, 53.372472200000004], [83.34674169999998, 53.37282770000001], [83.3479582, 53.3732402], [83.34885149999998, 53.373543000000005], [83.35067049999999, 53.3741596], [83.35209929999999, 53.37464399999999], [83.35322439999999, 53.3750254], [83.3535554, 53.3751376], [83.35508399999999, 53.3756558], [83.3664196, 53.37949820000001], [83.38162509999998, 53.3846882], [83.38533459999998, 53.38619520000001], [83.3887276, 53.3897496], [83.3826202, 53.3957125], [83.3835429, 53.398469699999985], [83.38354819999999, 53.4016489], [83.38938199999998, 53.4029282], [83.3913025, 53.404021900000004], [83.3953526, 53.400363099999986], [83.3954438, 53.39966909999998], [83.3977291, 53.3964577], [83.39943490000002, 53.4003152], [83.400025, 53.403650899999995], [83.40059899999999, 53.40659949999999], [83.4037714, 53.4061662], [83.40755259999999, 53.4055202], [83.4090896, 53.4086253], [83.4109591, 53.41005949999999], [83.41109579999998, 53.4104672], [83.41142309999998, 53.411193000000004], [83.41509769999999, 53.4108957], [83.41524249999999, 53.409843699999996], [83.4194845, 53.4091482], [83.42087119999998, 53.414283399999995], [83.4247751, 53.42020440000001], [83.4203267, 53.421213], [83.41120179999999, 53.421126699999995], [83.4058749, 53.4197872], [83.4003764, 53.4192469], [83.39324169999999, 53.41916379999999], [83.39041999999999, 53.419429199999996], [83.3862385, 53.422252], [83.3829501, 53.42554449999999], [83.382934, 53.4265226], [83.39159879999998, 53.4284388], [83.3937929, 53.4314048], [83.4100766, 53.4452766], [83.41062909999998, 53.4468708], [83.4039665, 53.4605028], [83.4116738, 53.459397700000004], [83.4140932, 53.45858319999999], [83.4168572, 53.457581899999994], [83.4204138, 53.4543733], [83.420336, 53.4533879], [83.4535337, 53.4550968], [83.4537912, 53.46154880000001], [83.458477, 53.4684372], [83.463812, 53.47301600000001], [83.4664244, 53.474124], [83.46738999999998, 53.4767899], [83.47825969999998, 53.4771762], [83.4781041, 53.478839499999985], [83.49004529999999, 53.474282], [83.4916385, 53.474566199999984], [83.4901311, 53.4756645], [83.48784589999998, 53.4777461], [83.48330219999998, 53.47975410000001], [83.4826934, 53.487367299999995]]]]}}, {"type": "Feature", "properties": {"id": "mo-01713000", "name": "ГО Новоалтайск", "region": "Алтайский край", "isCity": false, "sourceOktmo": "01-713-000-000", "sourceAgg": "Барнаул", "excelNames": ["ГО Новоалтайск"], "oktmo": "01713000", "vgp": [{"year": 2019, "value": 49717311.20229457}, {"year": 2020, "value": 48794556.03653209}, {"year": 2021, "value": 44053559.1330127}, {"year": 2022, "value": 71200432.72213702}, {"year": 2023, "value": 78952854.81370482}, {"year": 2024, "value": 90640552.841392}], "population": [{"year": 2019, "value": 73769.0}, {"year": 2020, "value": 74556.0}, {"year": 2021, "value": 74586.0}, {"year": 2022, "value": 74553.0}, {"year": 2023, "value": 73122.0}, {"year": 2024, "value": 73511.0}, {"year": 2025, "value": 73292.0}], "shipments": [{"year": 2019, "value": 34736395.3}, {"year": 2020, "value": 28082389.9}, {"year": 2021, "value": 31155760.4}, {"year": 2022, "value": 39315930.0}, {"year": 2023, "value": 49659785.7}, {"year": 2024, "value": 66136840.7}], "employees": [{"year": 2019, "value": 18755.0}, {"year": 2020, "value": 18348.0}, {"year": 2021, "value": 17683.0}, {"year": 2022, "value": 18026.0}, {"year": 2023, "value": 17990.0}, {"year": 2024, "value": 17477.0}], "investments": [{"year": 2019, "value": 1835772.0}, {"year": 2020, "value": 2546571.0}, {"year": 2021, "value": 1746571.0}, {"year": 2022, "value": 1751849.0}, {"year": 2023, "value": 1758617.0}, {"year": 2024, "value": 2263884.0}], "vgp2024": 90640552.841392, "pop2024": 73511.0, "ship2024": 66136840.7, "emp2024": 17477.0, "inv2024": 2263884.0}, "geometry": {"type": "MultiPolygon", "coordinates": [[[[83.94549399999998, 53.4628093], [83.9475041, 53.462010799999995], [83.94817690000002, 53.4625258], [83.952334, 53.46070900000001], [83.9709086, 53.45262030000001], [83.97030789999998, 53.45209560000001], [83.9706683, 53.4519096], [83.97162949999999, 53.45233410000001], [83.9726307, 53.4529446], [83.9756264, 53.453889], [83.9772523, 53.4541466], [83.9820468, 53.45415030000001], [83.98330719999998, 53.4541512], [83.9834199, 53.4541513], [83.99627549999998, 53.4565504], [84.0028691, 53.45804890000001], [84.00599139999998, 53.4587585], [84.00761739999999, 53.459016000000005], [84.00794579999999, 53.4579382], [84.00816199999998, 53.4575805], [84.030368, 53.46226819999999], [84.03142239999998, 53.462478100000006], [84.0333928, 53.4618058], [84.0323916, 53.45988390000001], [84.0317107, 53.4590065], [84.0275777, 53.4574088], [84.0226277, 53.4561354], [84.021298, 53.45604], [84.02097759999998, 53.45470459999999], [84.022075, 53.45234839999999], [84.02168249999998, 53.4519191], [84.020409, 53.451551900000005], [84.01453779999999, 53.45059309999999], [84.0145797, 53.4502301], [84.01469799999998, 53.44920499999999], [84.0142014, 53.448484699999995], [84.01114969999999, 53.4465814], [84.00939919999999, 53.44794399999999], [84.0088095, 53.448430200000004], [84.00337219999999, 53.4527252], [83.99610729999999, 53.4511894], [83.99282229999999, 53.4501112], [83.99109319999998, 53.44954369999999], [83.98707229999998, 53.4475116], [83.98125720000002, 53.4462904], [83.97899049999998, 53.4471061], [83.9773645, 53.44688190000001], [83.97305879999999, 53.4466835], [83.9787746, 53.4419777], [83.97524389999998, 53.4412945], [83.97426989999998, 53.44097769999999], [83.9510031, 53.4361988], [83.9592468, 53.4308165], [83.9704761, 53.4246436], [83.9726067, 53.4234313], [83.97484139999999, 53.4219516], [83.9762271, 53.42088239999999], [83.9774766, 53.41970819999999], [83.9781094, 53.4190256], [83.9787261, 53.4182857], [83.9797674, 53.4168441], [83.98277109999998, 53.4126764], [83.9863354, 53.4080117], [83.97751670000001, 53.4070807], [83.9714679, 53.40482969999999], [83.9719131, 53.4012018], [83.98168169999998, 53.4021747], [83.9889802, 53.4034354], [83.98928779999999, 53.4026026], [83.98946719999999, 53.4016055], [83.989621, 53.40066569999999], [83.9896531, 53.3994546], [83.98955109999999, 53.3950089], [83.9895082, 53.392142699999994], [83.98973169999998, 53.3869327], [83.98980859999999, 53.385141], [83.98967989999998, 53.38433469999999], [83.98946529999999, 53.38379719999999], [83.99021629999999, 53.38380999999999], [83.9903022, 53.38329800000001], [83.9916125, 53.3815432], [83.99197719999998, 53.381236], [83.99251369999999, 53.38096719999999], [83.9938441, 53.38048080000001], [83.99543189999999, 53.3800201], [83.9962902, 53.3798025], [83.99622589999998, 53.3795593], [83.99873639999998, 53.3790729], [83.99860769999998, 53.37879130000001], [84.00777669999998, 53.37708249999999], [84.0154949, 53.37566799999999], [84.0152374, 53.3750023], [84.0038433, 53.3771401], [83.9953954, 53.3787657], [83.9957172, 53.3792649], [83.99095359999998, 53.38010969999999], [83.9903743, 53.374835899999994], [83.9902884, 53.3745031], [83.98138349999999, 53.37532239999999], [83.98035349999999, 53.37433669999999], [83.9782292, 53.37278770000001], [83.97679159999998, 53.37225], [83.9750964, 53.37177629999999], [83.973294, 53.3715331], [83.9721353, 53.3716227], [83.9702172, 53.3716909], [83.9700884, 53.371652499999996], [83.96869369999999, 53.371742100000006], [83.9686722, 53.37181889999999], [83.9675135, 53.3719853], [83.9670414, 53.3720878], [83.96633329999999, 53.371946900000005], [83.9561625, 53.3727067], [83.9554329, 53.3713241], [83.95451029999998, 53.37050469999999], [83.95026159999999, 53.369109200000004], [83.94627049999998, 53.3676369], [83.94459679999999, 53.367470399999995], [83.9430733, 53.3677777], [83.9358184, 53.370790699999986], [83.92727829999998, 53.37146920000001], [83.9248443, 53.3705498], [83.9221227, 53.3702453], [83.92008139999999, 53.36929800000001], [83.91531849999998, 53.371463199999994], [83.9130505, 53.3727825], [83.9104422, 53.37322230000001], [83.9084577, 53.3724442], [83.9068026, 53.3718975], [83.9036028, 53.37254019999999], [83.9015968, 53.3732561], [83.9016625, 53.3729458], [83.90152299999998, 53.372657700000005], [83.90108319999999, 53.372363299999996], [83.90108319999999, 53.3720817], [83.9013085, 53.3719088], [83.901566, 53.3714672], [83.90169469999998, 53.37108949999999], [83.9020702, 53.3706926], [83.9023706, 53.37046860000001], [83.90302509999998, 53.370417399999994], [83.90421599999999, 53.3703854], [83.9055893, 53.3701869], [83.9060721, 53.3701933], [83.90649049999999, 53.3700205], [83.9065334, 53.36988610000001], [83.9061043, 53.36963639999999], [83.9059004, 53.3692139], [83.90597549999998, 53.3689899], [83.9062437, 53.368842599999994], [83.90658709999998, 53.3689451], [83.9070269, 53.3693355], [83.90722009999999, 53.36977079999999], [83.9075634, 53.3700653], [83.9080354, 53.3701421], [83.9082071, 53.369924499999996], [83.90827149999998, 53.3695532], [83.90840019999999, 53.3692651], [83.9087006, 53.369207499999995], [83.9090118, 53.3690283], [83.9090547, 53.3688234], [83.9086148, 53.3682473], [83.90794959999998, 53.3679656], [83.9075848, 53.3673255], [83.90754189999998, 53.36693489999998], [83.90783159999998, 53.3667365], [83.90827149999998, 53.36670449999999], [83.9087328, 53.3668645], [83.9090547, 53.36708219999999], [83.90931219999999, 53.36750469999999], [83.90944089999999, 53.3678504], [83.9098808, 53.3679272], [83.9101061, 53.3678632], [83.9101812, 53.367543099999985], [83.9098701, 53.36716539999999], [83.9100632, 53.36689650000001], [83.9105245, 53.366787699999996], [83.9111575, 53.3667493], [83.9114023, 53.36663249999999], [83.9112302, 53.36625099999999], [83.910681, 53.3658695], [83.9098285, 53.365659199999996], [83.9086646, 53.365742299999994], [83.9077458, 53.36593629999999], [83.9069196, 53.366307600000006], [83.90600069999999, 53.3667694], [83.90544979999999, 53.36693489999998], [83.9047524, 53.36687089999999], [83.9038083, 53.3665764], [83.90305189999998, 53.3663332], [83.9023545, 53.3659747], [83.9020756, 53.36561940000001], [83.9020238, 53.365346800000005], [83.89431929999999, 53.3649396], [83.8938472, 53.3650164], [83.89221639999998, 53.3649908], [83.89062859999999, 53.36478589999999], [83.8886116, 53.364196899999996], [83.88723829999999, 53.3637616], [83.8860366, 53.36373599999999], [83.8852212, 53.3634287], [83.8827321, 53.3630189], [83.88032889999998, 53.36250669999998], [83.87938479999998, 53.361968899999994], [83.878741, 53.36191770000001], [83.8761232, 53.360867699999986], [83.8750932, 53.36030420000001], [83.87384869999998, 53.3598945], [83.87264700000001, 53.3593566], [83.87097330000002, 53.358869999999996], [83.8697053, 53.35890319999999], [83.8685747, 53.358310100000004], [83.8672047, 53.359582499999995], [83.8642671, 53.36106970000001], [83.86366419999999, 53.361221699999994], [83.862763, 53.36164419999999], [83.86174179999999, 53.362203], [83.86151109999999, 53.362401399999996], [83.86105249999999, 53.3626415], [83.86084059999999, 53.362684699999996], [83.86074939999999, 53.362790399999994], [83.86048109999999, 53.3629168], [83.8604946, 53.3630609], [83.86033629999999, 53.36320330000001], [83.860052, 53.363273800000016], [83.8598052, 53.363366600000006], [83.8589898, 53.364120500000006], [83.85860629999999, 53.36439899999999], [83.85856600000001, 53.36448699999999], [83.85856339999998, 53.36456219999999], [83.85878329999998, 53.3647287], [83.8592225, 53.3648838], [83.8595719, 53.3649207], [83.85974349999998, 53.3648535], [83.85993129999999, 53.3646726], [83.85995539999999, 53.3643894], [83.8600198, 53.3643285], [83.8601271, 53.364304499999996], [83.8602558, 53.3643349], [83.8606099, 53.3645846], [83.8611195, 53.36474469999999], [83.86117049999999, 53.364879099999996], [83.85868139999998, 53.366581999999994], [83.8590515, 53.3686098], [83.8590435, 53.3699749], [83.8589764, 53.37172079999999], [83.8590421, 53.375350100000006], [83.858734, 53.37832819999999], [83.8585265, 53.3787486], [83.85844999999999, 53.37911259999999], [83.85842189999998, 53.379916599999994], [83.8583267, 53.38068450000001], [83.8585915, 53.3813301], [83.8588436, 53.3817277], [83.85908499999998, 53.3820325], [83.85947399999999, 53.3823468], [83.86050659999998, 53.382862], [83.8633323, 53.38356749999999], [83.86491549999998, 53.384544999999996], [83.8659917, 53.38513049999999], [83.8673094, 53.38595999999999], [83.86889319999999, 53.3878556], [83.8693438, 53.3886962], [83.86850899999999, 53.3900343], [83.86797929999999, 53.39230080000001], [83.86910709999998, 53.3941546], [83.86958859999999, 53.4008316], [83.86921709999999, 53.40210129999999], [83.86908299999999, 53.40232839999999], [83.86773919999999, 53.4035086], [83.8670687, 53.4043369], [83.86547630000001, 53.4074626], [83.8656761, 53.4080471], [83.8660195, 53.408590700000005], [83.8667166, 53.4096279], [83.86704939999998, 53.4103878], [83.8670709, 53.4111616], [83.8671596, 53.41274369999999], [83.86690999999999, 53.41392419999999], [83.8667812, 53.4144997], [83.8668543, 53.41502049999999], [83.8670158, 53.4150398], [83.86727609999998, 53.41495020000001], [83.86809709999999, 53.4145504], [83.8681429, 53.414558799999995], [83.86923849999998, 53.41475929999999], [83.8707904, 53.41506360000001], [83.87247239999999, 53.4150457], [83.8740544, 53.41515909999998], [83.8774886, 53.41659130000001], [83.87941089999998, 53.4178145], [83.88243459999998, 53.4196881], [83.8841166, 53.420595099999986], [83.8851479, 53.4208934], [83.88545829999998, 53.42104259999999], [83.88577869999999, 53.4214244], [83.88571859999999, 53.421675], [83.88511789999998, 53.4217347], [83.88165359999999, 53.42112009999999], [83.88249469999998, 53.4223492], [83.88063239999998, 53.42327999999999], [83.88357599999999, 53.4257261], [83.8856886, 53.4283927], [83.8826849, 53.433922399999986], [83.8790004, 53.4385031], [83.86915839999999, 53.445892], [83.86589439999999, 53.4462379], [83.8630109, 53.4457668], [83.86224, 53.4465778], [83.84954449999998, 53.44896289999999], [83.84115429999999, 53.447400699999996], [83.8355574, 53.4508411], [83.83035109999999, 53.4523198], [83.8281584, 53.4524927], [83.8308401, 53.453373600000006], [83.8551385, 53.4561055], [83.86129649999998, 53.45592239999999], [83.86505139999998, 53.455636199999994], [83.8724781, 53.45391540000001], [83.87130549999999, 53.45198079999999], [83.87408, 53.45100779999999], [83.8757845, 53.4527631], [83.8774864, 53.452624899999996], [83.8787449, 53.452522699999996], [83.8813401, 53.452614200000006], [83.88345679999999, 53.45381220000001], [83.8839673, 53.4542664], [83.88470419999999, 53.454487699999994], [83.88455039999998, 53.4547854], [83.8859665, 53.45533859999999], [83.8843325, 53.45531189999999], [83.8840186, 53.455823200000005], [83.8854539, 53.4561055], [83.88536419999998, 53.4564337], [83.8859217, 53.4565863], [83.88750439999998, 53.4564298], [83.8880875, 53.45659770000001], [83.8891576, 53.45689149999999], [83.89009319999998, 53.456223800000004], [83.8936495, 53.457871999999995], [83.892866, 53.458480699999996], [83.89407169999998, 53.458939400000006], [83.8941534, 53.4594634], [83.8939868, 53.4599325], [83.89296899999998, 53.461172999999995], [83.89224959999999, 53.4627768], [83.89156699999998, 53.463545], [83.889965, 53.46355259999999], [83.8892893, 53.46394099999999], [83.8888226, 53.46460739999999], [83.88905499999998, 53.4647473], [83.89027259999999, 53.46511290000001], [83.88927940000002, 53.4650099], [83.8882926, 53.46541800000001], [83.8871712, 53.46605509999999], [83.88550519999998, 53.466551], [83.88513349999998, 53.46736349999999], [83.8844863, 53.4680348], [83.88195519999998, 53.468626], [83.8796612, 53.4690151], [83.8790141, 53.4697894], [83.877976, 53.469495699999996], [83.8778542, 53.4699686], [83.87725189999999, 53.470719999999986], [83.8773544, 53.4708879], [83.88440299999999, 53.4693317], [83.88651479999999, 53.4700939], [83.88682519999999, 53.47166589999999], [83.8873122, 53.4716812], [83.8879914, 53.47134940000001], [83.8888372, 53.471532399999994], [83.8892025, 53.47363389999999], [83.889478, 53.474145], [83.89006749999999, 53.4741755], [83.89134909999999, 53.474995500000006], [83.89157979999999, 53.475453099999996], [83.8910607, 53.47603660000001], [83.8905673, 53.476341700000006], [83.8922526, 53.4768146], [83.8937008, 53.4753158], [83.8943672, 53.4754989], [83.89637919999998, 53.4735157], [83.8970488, 53.47297480000001], [83.8976608, 53.4724364], [83.8983592, 53.4722495], [83.8989936, 53.47183759999999], [83.8988526, 53.47157060000001], [83.90084449999999, 53.4706819], [83.90302529999998, 53.47013100000001], [83.9056834, 53.4691142], [83.9058597, 53.469255299999986], [83.906365, 53.4692561], [83.9080463, 53.47015199999999], [83.9083179, 53.46986729999999], [83.90808159999999, 53.4694999], [83.9077655, 53.4680097], [83.9132451, 53.46475749999999], [83.9167218, 53.4673324], [83.91704969999999, 53.4675737], [83.91903799999999, 53.4652194], [83.92071189999999, 53.4633069], [83.92073209999998, 53.46328340000001], [83.92176189999999, 53.46208339999999], [83.92441299999999, 53.4599385], [83.9245332, 53.45978950000001], [83.924353, 53.4595213], [83.9295108, 53.457309], [83.9300394, 53.45778589999999], [83.93055999999999, 53.45758560000001], [83.92999099999999, 53.4569364], [83.92452869999998, 53.4507036], [83.9237978, 53.4495887], [83.9232271, 53.44828880000001], [83.92303689999999, 53.4474123], [83.9229868, 53.446154099999994], [83.924006, 53.43991080000001], [83.9248262, 53.43989169999998], [83.92633849999999, 53.44005580000001], [83.92699849999998, 53.44006589999999], [83.94238799999998, 53.4428514], [83.942156, 53.4431165], [83.94091719999999, 53.4444324], [83.9399439, 53.445538899999995], [83.9350003, 53.44455200000001], [83.9321557, 53.444042499999995], [83.9312563, 53.445321], [83.9302747, 53.445449999999994], [83.9288802, 53.4459192], [83.9292046, 53.4464817], [83.9292931, 53.44663500000001], [83.92944709999999, 53.446617999999994], [83.9303468, 53.4465186], [83.93121709999998, 53.44652189999999], [83.93260980000001, 53.44662719999999], [83.93353709999998, 53.4467043], [83.9336321, 53.446717899999996], [83.934961, 53.44690870000001], [83.93644179999998, 53.44717839999999], [83.9379726, 53.44744159999999], [83.9378877, 53.447624299999994], [83.9378327, 53.44774699999999], [83.9385871, 53.4479164], [83.9381485, 53.4488141], [83.9384042, 53.4488416], [83.93866489999999, 53.448821899999984], [83.9387851, 53.44881279999999], [83.9388709, 53.4488272], [83.93902689999999, 53.448924199999986], [83.93938099999998, 53.44908070000001], [83.9396331, 53.4491175], [83.93994829999998, 53.4491126], [83.94051289999999, 53.448924199999986], [83.94078599999999, 53.448828], [83.94106959999999, 53.44872569999998], [83.9415494, 53.448424499999994], [83.94178159999998, 53.448336399999995], [83.94207190000002, 53.4483483], [83.9422075, 53.4484159], [83.94230999999999, 53.448489699999996], [83.9423846, 53.44857880000001], [83.9423753, 53.448675299999984], [83.94198809999999, 53.4493475], [83.9417047, 53.45005660000001], [83.9415643, 53.45040329999999], [83.9415517, 53.4507984], [83.9418701, 53.45109660000001], [83.9422335, 53.4513378], [83.9430402, 53.45154749999998], [83.9440717, 53.45148580000001], [83.9448212, 53.45120880000001], [83.94542629999998, 53.4508212], [83.9456735, 53.450622200000005], [83.9460705, 53.4504233], [83.9465217, 53.4504246], [83.94690559999998, 53.4504802], [83.9471922, 53.45066580000001], [83.9473828, 53.4509349], [83.94661929999998, 53.4512048], [83.94614079999998, 53.45129190000001], [83.94589019999998, 53.4514925], [83.9458726, 53.4518414], [83.9462829, 53.45200760000001], [83.9474544, 53.4521852], [83.9489575, 53.45248360000001], [83.94960169999999, 53.4530093], [83.9491961, 53.453648599999994], [83.9484803, 53.4540606], [83.94700109999998, 53.45376230000001], [83.9465785, 53.4535735], [83.94623759999999, 53.45342130000001], [83.9455218, 53.45279610000001], [83.9448537, 53.4524694], [83.94377999999999, 53.4524978], [83.9432313, 53.4529382], [83.9432313, 53.4534497], [83.9435892, 53.4536628], [83.94440039999999, 53.4541317], [83.9447051, 53.4541385], [83.94566489999998, 53.4541601], [83.945916, 53.45424849999999], [83.94618979999998, 53.45434480000001], [83.94604669999998, 53.45471419999999], [83.9450689, 53.455155], [83.9440741, 53.4554473], [83.94387799999998, 53.45558299999999], [83.9438351, 53.455742699999995], [83.94397089999998, 53.45606380000001], [83.9442562, 53.4566483], [83.94421329999999, 53.456999599999996], [83.94426699999998, 53.45724559999999], [83.94449579999998, 53.4572714], [83.9448302, 53.45723919999998], [83.9452839, 53.4570839], [83.94592459999998, 53.457104999999984], [83.9463569, 53.4571861], [83.94709649999999, 53.45771179999999], [83.94730859999999, 53.4580664], [83.9474067, 53.45850730000001], [83.94690559999998, 53.4588625], [83.94646099999999, 53.458948], [83.9460944, 53.458933499999986], [83.9456295, 53.4586861], [83.9451675, 53.4583781], [83.9446747, 53.45835710000001], [83.9443527, 53.45845049999999], [83.9438516, 53.4590187], [83.9438163, 53.45933759999999], [83.94413789999999, 53.45957279999999], [83.9447229, 53.459692200000006], [83.9450829, 53.4599201], [83.9450823, 53.4602958], [83.94490139999999, 53.460638200000005], [83.94387549999999, 53.461050099999994], [83.94368759999999, 53.46131780000001], [83.9437198, 53.46145520000001], [83.9438516, 53.4615366], [83.9447106, 53.461618299999984], [83.9451253, 53.4617458], [83.9453786, 53.4619308], [83.9454025, 53.462697899999995], [83.94549399999998, 53.4628093]]], [[[83.9077377, 53.479031], [83.9120507, 53.482089300000005], [83.91310209999999, 53.48132950000001], [83.91419649999999, 53.48062079999998], [83.9143681, 53.480710200000004], [83.92271519999998, 53.47498280000001], [83.9248824, 53.47341189999999], [83.9269209, 53.47209639999999], [83.9307189, 53.4701934], [83.9348817, 53.4684563], [83.93554689999999, 53.467268399999995], [83.93586869999999, 53.4658505], [83.93580429999999, 53.4649819], [83.9344311, 53.4628486], [83.9305687, 53.4584794], [83.9258694, 53.46028080000001], [83.92548319999999, 53.4601913], [83.92492529999998, 53.460306300000006], [83.9220285, 53.4625803], [83.9200115, 53.4650457], [83.9128876, 53.47314370000001], [83.9077377, 53.479031]]]]}}, {"type": "Feature", "properties": {"id": "mo-01632000", "name": "Первомайский муниципальный район", "region": "Алтайский край", "isCity": false, "sourceOktmo": "01-632-000-000", "sourceAgg": "Барнаул", "excelNames": ["Первомайский муниципальный район"], "oktmo": "01632000", "vgp": [{"year": 2019, "value": 9455066.537783733}, {"year": 2020, "value": 10452471.259471957}, {"year": 2021, "value": 9776132.106143583}, {"year": 2022, "value": 15975943.07141588}, {"year": 2023, "value": 16743899.27202945}, {"year": 2024, "value": 18795641.226093646}], "population": [{"year": 2019, "value": 54531.0}, {"year": 2020, "value": 54871.0}, {"year": 2021, "value": 54590.0}, {"year": 2022, "value": 54449.0}, {"year": 2023, "value": 52558.0}, {"year": 2024, "value": 53359.0}, {"year": 2025, "value": 53754.0}], "shipments": [{"year": 2019, "value": 2296117.3}, {"year": 2020, "value": 2566492.7}, {"year": 2021, "value": 3175945.8}, {"year": 2022, "value": 4708291.5}, {"year": 2023, "value": 4844637.2}, {"year": 2024, "value": 4834451.4}], "employees": [{"year": 2019, "value": 5260.0}, {"year": 2020, "value": 5306.0}, {"year": 2021, "value": 5231.0}, {"year": 2022, "value": 5299.0}, {"year": 2023, "value": 5354.0}, {"year": 2024, "value": 5211.0}], "investments": [{"year": 2019, "value": 653411.0}, {"year": 2020, "value": 457700.0}, {"year": 2021, "value": 898998.0}, {"year": 2022, "value": 1047159.0}, {"year": 2023, "value": 826562.0}, {"year": 2024, "value": 1849772.0}], "vgp2024": 18795641.226093646, "pop2024": 53359.0, "ship2024": 4834451.4, "emp2024": 5211.0, "inv2024": 1849772.0}, "geometry": {"type": "MultiPolygon", "coordinates": [[[[83.6992835, 53.4777206], [83.6978727, 53.4790072], [83.6965423, 53.4799745], [83.695051, 53.4809769], [83.6932486, 53.48170470000001], [83.6915749, 53.482177099999994], [83.6891072, 53.4825347], [83.68674689999999, 53.48268790000001], [83.6828845, 53.48279], [83.6818164, 53.482714599999994], [83.6846905, 53.48814289999999], [83.69296249999998, 53.4901792], [83.69840869999999, 53.4930627], [83.70635069999999, 53.4968731], [83.70603689999999, 53.4977889], [83.6968678, 53.5013723], [83.6924242, 53.5004442], [83.689489, 53.4998311], [83.688528, 53.500807599999995], [83.68430289999999, 53.505100600000006], [83.686725, 53.50740079999999], [83.68961639999999, 53.5071105], [83.69137589999998, 53.50753159999999], [83.6932964, 53.506568200000004], [83.69519, 53.5065937], [83.6962951, 53.50622359999999], [83.6965794, 53.505690799999996], [83.70544139999998, 53.505359], [83.7062783, 53.5034447], [83.7088049, 53.50377009999999], [83.70872549999999, 53.505968599999996], [83.7086011, 53.51007419999999], [83.7242893, 53.51241569999999], [83.7251262, 53.5081601], [83.7315635, 53.5067117], [83.7348572, 53.51004230000001], [83.7140057, 53.52753969999999], [83.73519519999999, 53.5319719], [83.747406, 53.5395933], [83.7446532, 53.5471278], [83.7318331, 53.5468073], [83.7218715, 53.5529349], [83.734231, 53.5568682], [83.7356686, 53.560080199999994], [83.7362265, 53.5632282], [83.7360066, 53.56500919999999], [83.7234968, 53.567226], [83.7056629, 53.5654729], [83.7033006, 53.572918599999994], [83.7147802, 53.5773747], [83.7239467, 53.57596749999999], [83.7300682, 53.57679879999999], [83.7366268, 53.575569], [83.74793169999998, 53.576206400000004], [83.75543109999998, 53.5787035], [83.7562573, 53.579627099999996], [83.756445, 53.5811495], [83.7560427, 53.581952], [83.75701899999999, 53.5821877], [83.7587839, 53.580143099999994], [83.7576252, 53.5798755], [83.75769499999998, 53.579464699999996], [83.759551, 53.57998700000001], [83.7576467, 53.582292800000005], [83.7559515, 53.5842879], [83.74905819999998, 53.5926258], [83.74668989999999, 53.5954435], [83.7461105, 53.5961025], [83.7457028, 53.5966166], [83.744933, 53.59753349999999], [83.74440189999999, 53.598168599999994], [83.7440211, 53.5986079], [83.74235, 53.600589600000006], [83.7413013, 53.60182309999999], [83.7392843, 53.60422], [83.7377554, 53.6060406], [83.7373263, 53.60654830000001], [83.7370071, 53.606957300000005], [83.7360361, 53.6081349], [83.7354675, 53.6088685], [83.7345341, 53.6102848], [83.7341451, 53.61102], [83.7339547, 53.61140189999999], [83.7338018, 53.611772599999995], [83.73354169999999, 53.612458399999994], [83.73310179999999, 53.6138778], [83.73244969999999, 53.616714300000005], [83.7318277, 53.618082999999984], [83.73117739999999, 53.619289099999996], [83.7305403, 53.62008120000001], [83.7298429, 53.620774899999994], [83.7282872, 53.6219585], [83.72668859999999, 53.62321519999999], [83.72595639999999, 53.6238595], [83.7248406, 53.6250238], [83.725503, 53.6252641], [83.7264257, 53.6244178], [83.7271821, 53.6247646], [83.72763499999999, 53.62417460000001], [83.73045439999999, 53.6249937], [83.7308246, 53.6259291], [83.7290086, 53.62645069999999], [83.7379933, 53.629208600000005], [83.74444039999999, 53.63313169999999], [83.75392409999999, 53.643271500000004], [83.7495154, 53.649107199999996], [83.752673, 53.650386], [83.7513761, 53.652201399999996], [83.7511803, 53.6524755], [83.76072689999998, 53.65535909999999], [83.76599789999999, 53.6558594], [83.777311, 53.656933200000005], [83.7782836, 53.656758200000006], [83.77941009999999, 53.6544183], [83.780567, 53.6538909], [83.78437, 53.653787999999984], [83.8203142, 53.6656964], [83.82487599999999, 53.6637554], [83.831487, 53.662861799999995], [83.84254929999999, 53.66419659999999], [83.85196919999998, 53.6671207], [83.8555956, 53.6645653], [83.86745319999999, 53.67000809999998], [83.8802594, 53.6758856], [83.8984572, 53.6784831], [83.9012878, 53.6812519], [83.9116356, 53.68184900000001], [83.91920039999998, 53.6924751], [83.92647030000002, 53.6976085], [83.9353352, 53.7045021], [83.95282379999999, 53.7065201], [83.9590177, 53.7089706], [83.9608347, 53.7081578], [83.96386029999998, 53.70907859999999], [83.9684737, 53.708526099999986], [83.9749217, 53.70964379999999], [83.98171709999998, 53.7144809], [84.0023112, 53.721820099999995], [84.0053701, 53.724468699999996], [84.00266649999999, 53.72443069999999], [84.003399, 53.72654639999999], [84.0047478, 53.72632230000001], [84.00573489999998, 53.725916100000006], [84.0088248, 53.727833], [84.0093183, 53.727528299999996], [84.00854589999999, 53.72690630000001], [84.0092969, 53.726588899999996], [84.01054139999998, 53.727211], [84.00845999999999, 53.7290263], [84.01105639999999, 53.73002919999999], [84.01270859999998, 53.7285947], [84.01414629999998, 53.7296102], [84.0147471, 53.7291913], [84.01650670000001, 53.7302577], [84.0171331, 53.732011099999994], [84.0137601, 53.733824500000004], [84.01790139999999, 53.73678189999999], [84.01790139999999, 53.73707379999999], [84.01524599999999, 53.73853179999999], [84.00693699999998, 53.740238199999986], [84.0063035, 53.7454878], [84.01448159999998, 53.7496001], [84.01106129999998, 53.7538726], [84.00512169999999, 53.762468], [83.993504, 53.760445999999995], [83.97976259999999, 53.76056909999999], [83.9748146, 53.76050419999999], [83.95724009999999, 53.764512599999996], [83.9548063, 53.7650522], [83.93300529999999, 53.7632511], [83.926575, 53.76443679999999], [83.9249468, 53.764232299999996], [83.92376659999998, 53.764822099999996], [83.9204943, 53.7647714], [83.91378239999999, 53.76398700000001], [83.9097977, 53.764238699999986], [83.9084458, 53.762761000000005], [83.90505549999999, 53.7606236], [83.89884979999998, 53.7555203], [83.89138699999998, 53.76023039999999], [83.8910743, 53.7636641], [83.8934254, 53.7642767], [83.89419789999998, 53.763274700000004], [83.8992834, 53.763896200000005], [83.9023304, 53.7654056], [83.90698159999998, 53.76394809999999], [83.91138119999998, 53.7661354], [83.91302009999998, 53.7693159], [83.9124856, 53.77151059999999], [83.9113641, 53.77600759999999], [83.90284539999999, 53.7740802], [83.89984129999999, 53.7730657], [83.8891517, 53.7682961], [83.888763, 53.768122600000005], [83.8879323, 53.76775200000001], [83.8777481, 53.76974149999999], [83.87768209999999, 53.77294059999999], [83.87768209999999, 53.778755100000005], [83.86470179999999, 53.78284729999999], [83.8524412, 53.792999], [83.8469264, 53.8454492], [83.8258231, 53.85015969999999], [83.82319449999999, 53.85104570000001], [83.79946229999999, 53.85531109999999], [83.8063311, 53.8657122], [83.7814732, 53.88000780000001], [83.77856249999999, 53.89273169999999], [83.78137679999999, 53.8995202], [83.78435549999999, 53.90024129999999], [83.78687709999998, 53.901225600000004], [83.7889939, 53.902665299999995], [83.7902232, 53.9039884], [83.7913215, 53.9048561], [83.7931073, 53.90624], [83.79520350000001, 53.90719339999999], [83.79632889999999, 53.9075387], [83.797535, 53.90770489999999], [83.79980289999999, 53.90816499999999], [83.8015329, 53.9085009], [83.80275429999999, 53.9086291], [83.8047623, 53.9090658], [83.8058567, 53.909293299999995], [83.80671569999998, 53.9097672], [83.807863, 53.9106331], [83.8092148, 53.9112715], [83.8108104, 53.9117332], [83.8110709, 53.91180860000001], [83.81270169999999, 53.9119223], [83.813769, 53.91187219999999], [83.8151264, 53.91160639999999], [83.81654259999999, 53.9111134], [83.81868929999999, 53.9102654], [83.8199329, 53.90919220000001], [83.82112359999999, 53.90793860000001], [83.82145639999999, 53.9068664], [83.821392, 53.906386], [83.8210853, 53.90533490000001], [83.8190037, 53.9021904], [83.81764319999999, 53.8997801], [83.8172858, 53.8991134], [83.8166627, 53.8986211], [83.8165211, 53.898054900000005], [83.8168645, 53.89728360000001], [83.81774419999999, 53.896158299999996], [83.81978269999999, 53.894995099999996], [83.8217783, 53.89417319999999], [83.823688, 53.8938191], [83.8246107, 53.8937939], [83.82602689999999, 53.8939835], [83.8288828, 53.8948767], [83.8306135, 53.896091600000005], [83.8319903, 53.897294800000004], [83.8333526, 53.900758], [83.834044, 53.9067094], [83.8358619, 53.91092139999999], [83.8370776, 53.91256700000001], [83.8384598, 53.913825], [83.8394809, 53.91420369999999], [83.84038209999999, 53.91443749999999], [83.84151399999999, 53.9146018], [83.84260369999998, 53.9146157], [83.84478089999999, 53.91447540000001], [83.8457036, 53.91424159999999], [83.8464701, 53.9137845], [83.84780639999998, 53.9121751], [83.8496626, 53.9105563], [83.8604201, 53.90438439999999], [83.8690683, 53.8999264], [83.8719892, 53.8988388], [83.8751006, 53.8982319], [83.8773966, 53.8981181], [83.8803148, 53.89815599999999], [83.8835549, 53.898548], [83.8857221, 53.8991801], [83.8886618, 53.900216799999995], [83.89022829999999, 53.9010007], [83.89160149999998, 53.90188570000001], [83.89225599999999, 53.902543], [83.8925242, 53.90312459999999], [83.8925886, 53.904009499999994], [83.89233110000002, 53.904628899999985], [83.8921809, 53.90505869999999], [83.8917839, 53.90553289999999], [83.8914084, 53.9059815], [83.89018529999998, 53.9071318], [83.8876748, 53.9084844], [83.88449909999999, 53.909862100000005], [83.8786411, 53.91225099999999], [83.87398480000002, 53.91447540000001], [83.8711738, 53.91575189999998], [83.8698005, 53.916409], [83.8687491, 53.9172558], [83.86806249999998, 53.918190899999985], [83.86749949999998, 53.919468599999995], [83.86744019999999, 53.9196442], [83.86744019999999, 53.920933100000006], [83.8675904, 53.9214765], [83.86810539999999, 53.9224242], [83.8695645, 53.9235741], [83.87132399999999, 53.92443329999998], [83.8729119, 53.9248123], [83.8747358, 53.92496400000001], [83.8767957, 53.924862899999994], [83.8793921, 53.9244712], [83.88200999999998, 53.923713000000006], [83.8831264, 53.9232695], [83.88930559999999, 53.920819400000006], [83.89325379999998, 53.91911339999999], [83.8967085, 53.91788760000001], [83.89996999999998, 53.917281], [83.9013362, 53.9171485], [83.90264149999999, 53.917022], [83.9064919, 53.91683009999999], [83.9070913, 53.9173142], [83.9071986, 53.9174358], [83.90732199999998, 53.91753529999998], [83.9074883, 53.91761749999999], [83.9079174, 53.917723300000006], [83.9084404, 53.91794769999999], [83.9086282, 53.9180424], [83.90881059999998, 53.9181656], [83.9100122, 53.91936619999999], [83.9127052, 53.92210829999999], [83.9152694, 53.9246481], [83.9171791, 53.9260127], [83.92029039999998, 53.9275541], [83.92132039999998, 53.92853959999999], [83.9219641, 53.929803], [83.92222159999999, 53.93143269999999], [83.921256, 53.9339214], [83.91994709999999, 53.9353109], [83.91855239999998, 53.9366878], [83.91546249999999, 53.9384309], [83.9111817, 53.94036979999999], [83.90690089999998, 53.9430789], [83.9036822, 53.9460721], [83.90224449999998, 53.94848409999999], [83.901472, 53.94967119999999], [83.90037769999999, 53.950668699999994], [83.8995838, 53.95164100000001], [83.89986269999999, 53.9527522], [83.90057079999998, 53.9537623], [83.9007425, 53.95395169999999], [83.9009356, 53.954128499999996], [83.9023304, 53.954924], [83.9026737, 53.95518909999999], [83.9061284, 53.9562623], [83.91067739999998, 53.95771419999999], [83.91430379999998, 53.95845909999999], [83.91713619999999, 53.958497], [83.91962529999999, 53.9580046], [83.922522, 53.9569188], [83.9252257, 53.95486079999999], [83.9276719, 53.95132529999999], [83.9283156, 53.94912810000001], [83.92785429999999, 53.9468487], [83.92638439999999, 53.9434957], [83.92652389999999, 53.94225169999999], [83.9267921, 53.940906600000005], [83.9273929, 53.9399972], [83.92846579999998, 53.938986699999994], [83.93014489999999, 53.938026699999995], [83.9319259, 53.9370573], [83.93440419999999, 53.93625829999999], [83.93680209999998, 53.9358162], [83.9394629, 53.935822499999986], [83.9409381, 53.9358825], [83.94202169999998, 53.9360846], [83.94365249999998, 53.936523599999994], [83.9444291, 53.9367964], [83.94531549999999, 53.93710780000001], [83.946045, 53.9375246], [83.9461416, 53.93754040000001], [83.9463508, 53.9375373], [83.9465439, 53.937556199999996], [83.9466083, 53.9375941], [83.9466566, 53.9377583], [83.94671019999998, 53.93780249999999], [83.94689259999998, 53.937859399999994], [83.9469302, 53.93790990000001], [83.94698379999998, 53.93795730000001], [83.94706429999998, 53.93799510000001], [83.94724129999999, 53.9380551], [83.94752559999999, 53.93809939999999], [83.94780459999998, 53.938203599999994], [83.9478797, 53.93829829999999], [83.9479494, 53.938345700000006], [83.94802989999998, 53.9383804], [83.9481103, 53.93840569999999], [83.94839469999998, 53.938449899999995], [83.94846439999999, 53.9384846], [83.9485127, 53.93853829999998], [83.9485609, 53.938648799999996], [83.9487433, 53.93878779999999], [83.94878089999999, 53.9388414], [83.94880769999999, 53.9389551], [83.948856, 53.9389993], [83.9489257, 53.939040399999996], [83.94897399999999, 53.93909409999999], [83.9490116, 53.9391572], [83.949033, 53.9393877], [83.9490867, 53.93944140000001], [83.9491618, 53.9394825], [83.9492476, 53.939514], [83.9493442, 53.9395267], [83.94952649999999, 53.93953609999999], [83.9497358, 53.9395267], [83.9503634, 53.9397793], [83.95086229999998, 53.94002239999999], [83.9522463, 53.9405718], [83.95251989999998, 53.94063499999999], [83.9527237, 53.9406255], [83.95282569999999, 53.94063179999999], [83.9529759, 53.94069179999999], [83.95305629999999, 53.9407297], [83.9531046, 53.9407771], [83.9531422, 53.9408308], [83.9531958, 53.9409444], [83.95331919999998, 53.9410329], [83.95355519999998, 53.9411465], [83.95358739999999, 53.9412034], [83.9535928, 53.941317], [83.95362499999999, 53.94137390000001], [83.95368929999998, 53.9414149], [83.9538181, 53.941556999999996], [83.9539254, 53.941651699999994], [83.9548373, 53.941977], [83.9566344, 53.94243479999999], [83.9582759, 53.9426211], [83.96061479999999, 53.9427411], [83.9618486, 53.9426621], [83.9629805, 53.9425074], [83.9655822, 53.94206220000001], [83.96712179999999, 53.9417149], [83.9694983, 53.9408813], [83.97113979999999, 53.9399214], [83.9718264, 53.939349799999995], [83.9732104, 53.9381688], [83.97404139999999, 53.93733749999999], [83.9741463, 53.9372408], [83.9741838, 53.9371935], [83.97436919999998, 53.936987800000004], [83.97481439999999, 53.936754099999995], [83.9748359, 53.936697300000006], [83.9751148, 53.9360973], [83.97489489999998, 53.935468799999995], [83.9749807, 53.9347046], [83.9746642, 53.9339593], [83.974632, 53.9337066], [83.97425649999998, 53.9327971], [83.9734733, 53.931578], [83.9733982, 53.93136320000001], [83.97322650000001, 53.9311547], [83.97319439999998, 53.93104099999999], [83.9724862, 53.9302009], [83.97231459999999, 53.9298598], [83.97191759999998, 53.92940500000001], [83.9717996, 53.929127], [83.97170299999999, 53.929013299999994], [83.9710271, 53.928375300000006], [83.97074819999999, 53.9280405], [83.96942849999999, 53.92707399999998], [83.9688814, 53.9265875], [83.96879549999998, 53.92649279999999], [83.9685917, 53.92630330000001], [83.9676583, 53.92522299999999], [83.9666176, 53.9244017], [83.9659417, 53.92379519999999], [83.96584509999998, 53.9236815], [83.96571639999999, 53.923296099999995], [83.9654159, 53.92296749999999], [83.9644182, 53.92225989999999], [83.9618815, 53.9195178], [83.9615006, 53.9190278], [83.96139259999998, 53.918784900000006], [83.96140799999999, 53.9184302], [83.96167159999999, 53.9181404], [83.9620687, 53.9176621], [83.96240109999998, 53.9171231], [83.96292689999999, 53.9173189], [83.96357059999998, 53.9175717], [83.965575, 53.918368199999996], [83.9688921, 53.9197958], [83.97045849999999, 53.920187600000006], [83.97168159999998, 53.920275999999994], [83.97296899999999, 53.9202887], [83.9741492, 53.920086500000004], [83.97545809999998, 53.9195178], [83.97824759999999, 53.91820359999999], [83.98251769999999, 53.916257399999985], [83.9854574, 53.91542330000001], [83.98697619999999, 53.9151285], [83.9898348, 53.9147155], [83.9915788, 53.9147889], [83.9944646, 53.915144999999995], [83.99644370000001, 53.91567599999999], [83.99897569999999, 53.91673759999999], [84.00219439999998, 53.919088200000004], [84.0032887, 53.92021909999999], [84.00407189999999, 53.92080679999999], [84.00468349999998, 53.92112900000001], [84.0062284, 53.9218745], [84.011786, 53.92334030000001], [84.0149724, 53.924009999999996], [84.0195322, 53.9250903], [84.02186319999998, 53.925854300000005], [84.02553159999998, 53.9269375], [84.02870689999999, 53.92778139999999], [84.0308672, 53.9282465], [84.03309199999998, 53.9284791], [84.03419099999999, 53.9284997], [84.03663869999998, 53.9282797], [84.0371898, 53.9280923], [84.0377873, 53.94111759999999], [84.0382884, 53.942248299999996], [84.0392089, 53.943685200000004], [84.04013149999999, 53.94464500000001], [84.0421486, 53.94602159999999], [84.0462255, 53.946867700000006], [84.0549373, 53.9534025], [84.0562087, 53.954939700000004], [84.06193259999999, 53.958320199999996], [84.06381009999998, 53.959450200000006], [84.06429290000001, 53.9607126], [84.06662109999999, 53.962625200000005], [84.0717664, 53.96357509999999], [84.0766099, 53.96036839999999], [84.07857139999999, 53.961512], [84.0838837, 53.955327999999994], [84.09268139999999, 53.9609209], [84.09437649999998, 53.963698199999996], [84.096694, 53.96491], [84.09853929999998, 53.9646323], [84.10003559999998, 53.9665411], [84.1126419, 53.96271339999999], [84.1255337, 53.96272290000001], [84.12463349999999, 53.9638595], [84.12418889999998, 53.965013], [84.1244055, 53.96590489999999], [84.1247817, 53.9667432], [84.12551129999999, 53.9675076], [84.1264233, 53.967977], [84.1276088, 53.9681782], [84.12861199999999, 53.9682117], [84.1297064, 53.96818489999999], [84.13099459999998, 53.9679502], [84.1322064, 53.9676365], [84.1325921, 53.96737299999999], [84.132936, 53.967138000000006], [84.1333222, 53.96683500000001], [84.13400889999998, 53.9659704], [84.13601609999999, 53.963909799999996], [84.1367447, 53.9632059], [84.1374099, 53.96278929999999], [84.1389227, 53.96227799999999], [84.1413175, 53.9616125], [84.14618539999998, 53.9604161], [84.1492331, 53.9596143], [84.15233139999998, 53.959302], [84.1546082, 53.9592608], [84.1572663, 53.9595505], [84.1591144, 53.9599994], [84.16048759999998, 53.9604223], [84.1612172, 53.96095880000001], [84.1624617, 53.96203189999999], [84.166646, 53.966197599999994], [84.16912599999999, 53.968407299999996], [84.1707015, 53.969807499999995], [84.17224639999999, 53.97180169999999], [84.17265409999999, 53.972356999999995], [84.1735983, 53.9738841], [84.1746497, 53.974754899999986], [84.17572259999999, 53.975373299999994], [84.1776967, 53.975991699999994], [84.17857639999998, 53.97606739999999], [84.1816976, 53.97619000000001], [84.1842627, 53.9760548], [84.1862228, 53.975751299999985], [84.1877818, 53.9753859], [84.18964979999998, 53.974489899999995], [84.19130559999999, 53.9733757], [84.19168709999998, 53.97278610000001], [84.1917729, 53.9719532], [84.19093609999999, 53.96994639999999], [84.1904211, 53.9684065], [84.19012069999998, 53.96646269999999], [84.19014209999999, 53.96488480000001], [84.1906216, 53.9622844], [84.19093609999999, 53.9614638], [84.1914302, 53.9608246], [84.19230939999998, 53.959986699999995], [84.1932106, 53.959443900000004], [84.1960137, 53.95810590000001], [84.1981682, 53.95713339999999], [84.1989612, 53.9567547], [84.1996605, 53.95626949999999], [84.20080379999999, 53.9548194], [84.20190809999998, 53.9532114], [84.2032704, 53.95207779999999], [84.2050276, 53.951304599999986], [84.2069703, 53.950868199999995], [84.2098158, 53.9506405], [84.2125322, 53.95056460000001], [84.2147973, 53.950816], [84.2165626, 53.95125240000001], [84.2180539, 53.952073000000006], [84.2188036, 53.9529553], [84.21916629999998, 53.953904], [84.21907759999999, 53.954876299999995], [84.2184328, 53.9557396], [84.2168448, 53.956825699999996], [84.21531469999998, 53.957494999999994], [84.21150709999999, 53.95944110000001], [84.2094691, 53.96055350000001], [84.2080907, 53.96163], [84.2075426, 53.962512100000005], [84.20733299999999, 53.9636502], [84.2074108, 53.9649179], [84.2082999, 53.96697279999999], [84.20954929999999, 53.96835600000001], [84.21097869999998, 53.9694514], [84.2129272, 53.97087669999999], [84.2136598, 53.971467200000006], [84.2143137, 53.97220899999999], [84.2151439, 53.973986899999986], [84.21626439999999, 53.9750962], [84.2173849, 53.975921099999994], [84.218997, 53.976404699999996], [84.22129429999998, 53.9765422], [84.223237, 53.9763288], [84.2250104, 53.97589269999999], [84.22606719999999, 53.975293099999995], [84.22672729999998, 53.974299800000004], [84.2266776, 53.97343390000001], [84.2262195, 53.9718391], [84.22564959999998, 53.9704674], [84.22554479999998, 53.968937399999994], [84.2257974, 53.9673079], [84.2265016, 53.9661303], [84.22747700000001, 53.9652294], [84.2291859, 53.9643331], [84.231588, 53.9635412], [84.23366769999998, 53.9631239], [84.23430919999998, 53.96298619999999], [84.2358143, 53.9626914], [84.23762790000002, 53.96015089999999], [84.23419469999999, 53.9561613], [84.2314052, 53.955378499999995], [84.2385291, 53.94724660000001], [84.2448806, 53.9352731], [84.2537519, 53.92621320000001], [84.2361259, 53.905298900000005], [84.2326659, 53.9026634], [84.2348534, 53.8911048], [84.2357826, 53.8873066], [84.2485284, 53.88309509999999], [84.2571351, 53.87046689999999], [84.2611241, 53.86600429999999], [84.26449289999998, 53.863359700000004], [84.26616659999999, 53.8611579], [84.2655701, 53.856436999999985], [84.2904782, 53.85021030000001], [84.29752369999999, 53.8493367], [84.2971784, 53.8529849], [84.33028219999998, 53.8568805], [84.33468099999999, 53.8580321], [84.33457369999999, 53.856057799999995], [84.3390872, 53.8529692], [84.34204099999998, 53.85104570000001], [84.3670177, 53.8302188], [84.3908027, 53.803164899999985], [84.3996334, 53.8041611], [84.405148, 53.80403429999999], [84.4161773, 53.8027165], [84.432857, 53.79888170000001], [84.43889449999999, 53.7961409], [84.4411333, 53.794687599999996], [84.4430166, 53.78793379999999], [84.4523549, 53.7958983], [84.4614529, 53.80233629999999], [84.4694299, 53.8038685], [84.488506, 53.79293289999999], [84.4933185, 53.7818446], [84.50679339999999, 53.77587280000001], [84.4995747, 53.7713223], [84.4716622, 53.76478009999999], [84.4706997, 53.753968900000004], [84.465406, 53.7488468], [84.4605779, 53.746468199999995], [84.46472369999998, 53.7417462], [84.46348099999999, 53.7394548], [84.46871599999999, 53.7390217], [84.4786967, 53.74011149999999], [84.47762179999998, 53.73711449999999], [84.4837638, 53.734207999999995], [84.49005279999999, 53.733761599999994], [84.490827, 53.728394599999994], [84.49328379999999, 53.72566919999999], [84.4977367, 53.7242157], [84.4933185, 53.7226577], [84.4748889, 53.71561419999999], [84.46492469999998, 53.7067086], [84.450006, 53.706423699999995], [84.4317185, 53.701295900000005], [84.4220935, 53.69360290000001], [84.4288787, 53.6861059], [84.42283770000002, 53.680354], [84.42587210000002, 53.6780432], [84.423296, 53.67347989999998], [84.37348719999999, 53.679068], [84.36723100000002, 53.6789555], [84.3570293, 53.6735371], [84.35261389999998, 53.6729933], [84.34783649999999, 53.6741356], [84.3368621, 53.684826499999986], [84.32752610000001, 53.6835988], [84.32151230000001, 53.6804932], [84.2974043, 53.674535999999996], [84.2904817, 53.6701685], [84.29390979999998, 53.660832600000006], [84.28816979999999, 53.6539009], [84.2845575, 53.65064660000001], [84.2799791, 53.6490693], [84.28493729999998, 53.632008799999994], [84.29975079999998, 53.59640550000001], [84.3055755, 53.59454389999999], [84.3128724, 53.5951013], [84.3278275, 53.5924428], [84.340214, 53.5909305], [84.3391923, 53.5857755], [84.3188156, 53.58089189999999], [84.32240899999998, 53.5788047], [84.3263186, 53.5635712], [84.3295881, 53.5646028], [84.3308142, 53.5618114], [84.3346967, 53.558109400000006], [84.3319227, 53.55612450000002], [84.33272659999999, 53.5553359], [84.3333533, 53.54913839999999], [84.3339261, 53.54834889999999], [84.34096050000001, 53.545766400000005], [84.3512106, 53.54245629999999], [84.38222689999999, 53.530939499999995], [84.4393175, 53.53882079999999], [84.44008999999998, 53.53762209999999], [84.48699679999999, 53.5466387], [84.4956225, 53.538565699999985], [84.4974134, 53.53801880000001], [84.5342033, 53.5267813], [84.54207949999999, 53.5238838], [84.54203459999998, 53.5237895], [84.5420399, 53.5237608], [84.5421553, 53.52368750000001], [84.5421848, 53.52365879999999], [84.5421982, 53.5236269], [84.5421848, 53.52359500000001], [84.54214989999998, 53.523567899999996], [84.5421016, 53.5235488], [84.54205069999999, 53.523537600000004], [84.5419943, 53.523537600000004], [84.54193799999999, 53.5235488], [84.5418817, 53.52355669999999], [84.541828, 53.52355510000001], [84.5417744, 53.523544], [84.54172339999998, 53.52352639999999], [84.54163490000002, 53.5234818], [84.5415947, 53.5234579], [84.5415518, 53.52343559999999], [84.54145249999999, 53.5233957], [84.5413935, 53.5233813], [84.54133449999999, 53.523375], [84.54121379999998, 53.5233829], [84.5411575, 53.5233813], [84.54110649999998, 53.5233686], [84.54107169999999, 53.52333990000001], [84.5410663, 53.5233096], [84.5410931, 53.5232458], [84.5411012, 53.5232139], [84.54109849999999, 53.52311029999999], [84.54109579999998, 53.5230768], [84.541077, 53.52304490000001], [84.5410341, 53.523022600000004], [84.54098310000002, 53.5230082], [84.5408651, 53.523005000000005], [84.5407498, 53.5230018], [84.54069349999999, 53.522997100000005], [84.5405808, 53.522974699999985], [84.5405325, 53.522955599999996], [84.54049499999999, 53.522933300000005], [84.54046279999999, 53.522901399999995], [84.5404413, 53.5228679], [84.54040109999998, 53.52283919999999], [84.5403394, 53.522834399999994], [84.5402831, 53.5228519], [84.54024819999998, 53.5228791], [84.5402187, 53.5229078], [84.5402107, 53.5229763], [84.54018919999999, 53.52300979999999], [84.54014359999998, 53.5230321], [84.54009259999998, 53.5230433], [84.53997189999998, 53.5230513], [84.5399129, 53.52304650000001], [84.53985929999999, 53.5230321], [84.53980829999999, 53.52301460000001], [84.5397252, 53.5229636], [84.539701, 53.522933300000005], [84.5396876, 53.52289819999999], [84.5396662, 53.5228647], [84.5396286, 53.52283919999999], [84.539575, 53.52282799999999], [84.5395213, 53.52283280000001], [84.5394677, 53.5228519], [84.5394301, 53.52287749999999], [84.5394167, 53.52291249999999], [84.5393845, 53.522939599999994], [84.5393255, 53.5229508], [84.5392692, 53.5229508], [84.53921559999999, 53.52293650000001], [84.5391807, 53.5229094], [84.53915919999999, 53.52287749999999], [84.53911899999999, 53.5228567], [84.5390627, 53.52285349999999], [84.539009, 53.5228679], [84.53885879999999, 53.52294599999999], [84.5387998, 53.52295399999999], [84.5387462, 53.522939599999994], [84.53868719999998, 53.5229062], [84.5386416, 53.522840800000004], [84.53860129999998, 53.52281049999999], [84.5385531, 53.5227945], [84.5384967, 53.5227945], [84.5384377, 53.5228009], [84.53831699999999, 53.52281849999999], [84.5382634, 53.52282160000001], [84.5382044, 53.522823200000005], [84.5381507, 53.5228376], [84.5380729, 53.5228886], [84.5380381, 53.522939599999994], [84.53804339999999, 53.522984300000005], [84.5380622, 53.5230178], [84.5380622, 53.523059200000006], [84.5380461, 53.5230927], [84.5380166, 53.523121399999994], [84.53787449999999, 53.52318519999999], [84.5378369, 53.5232123], [84.5378128, 53.52324260000001], [84.5377994, 53.5232777], [84.53780469999998, 53.5233096], [84.5378315, 53.52333990000001], [84.53787179999999, 53.5233622], [84.5379227, 53.5233686], [84.537971, 53.523351], [84.53800589999999, 53.523323899999994], [84.5380488, 53.523303199999994], [84.5380998, 53.5232889], [84.5381534, 53.5232889], [84.53819629999998, 53.523308], [84.53821239999999, 53.52333990000001], [84.5382071, 53.52340529999999], [84.53817219999999, 53.523475399999995], [84.53814, 53.5235137], [84.53810509999998, 53.52354079999999], [84.5380595, 53.5235647], [84.53796569999999, 53.52360139999999], [84.53790659999999, 53.52363009999999], [84.53786639999998, 53.5236556], [84.5378369, 53.52368750000001], [84.5378369, 53.5237194], [84.5378637, 53.5237832], [84.5378637, 53.5238167], [84.5378101, 53.5238757], [84.5377994, 53.52390909999999], [84.53780469999998, 53.5239426], [84.5378262, 53.5239761], [84.5378262, 53.524008], [84.53779669999999, 53.5240367], [84.53769739999998, 53.524071799999994], [84.5376411, 53.5240813], [84.5375875, 53.524084499999994], [84.53752849999998, 53.5240766], [84.53747479999998, 53.5240638], [84.53738359999998, 53.52402550000001], [84.53734609999998, 53.52400159999999], [84.5372844, 53.5239426], [84.5372146, 53.52389159999999], [84.5371637, 53.5238772], [84.5370457, 53.523862900000005], [84.53698929999999, 53.523851699999994], [84.5369464, 53.523831], [84.5369062, 53.5238103], [84.53685789999999, 53.5237895], [84.5368016, 53.523779999999995], [84.53668619999999, 53.5237832], [84.53662989999998, 53.5237895], [84.5365709, 53.52379909999999], [84.53651729999999, 53.52381189999999], [84.5364717, 53.523831], [84.53643139999998, 53.5238581], [84.5363483, 53.5239474], [84.53629199999999, 53.5239618], [84.53623829999998, 53.5239697], [84.53612829999999, 53.52396339999999], [84.5360747, 53.52394900000001], [84.53597279999998, 53.523912300000006], [84.53593249999999, 53.52389], [84.5359164, 53.5238581], [84.53592719999999, 53.5238262], [84.53598619999998, 53.523772], [84.5360076, 53.52373849999999], [84.53601029999999, 53.52370820000001], [84.5359781, 53.52368269999999], [84.5359245, 53.5236763], [84.5358682, 53.52368589999999], [84.53581179999999, 53.52370029999999], [84.5357555, 53.5237194], [84.535439, 53.52377520000001], [84.53538539999998, 53.523791100000004], [84.53519489999998, 53.5238868], [84.53503400000001, 53.5239474], [84.53498569999998, 53.5239665], [84.53494279999998, 53.52399210000001], [84.534924, 53.52402239999999], [84.5349267, 53.52405420000001], [84.53495890000002, 53.5240813], [84.53500179999999, 53.52410210000001], [84.53503400000001, 53.524132399999985], [84.53502600000002, 53.524167500000004], [84.53496959999998, 53.5242631], [84.5349669, 53.52429819999998], [84.53498299999998, 53.524331700000005], [84.53497229999999, 53.52436519999999], [84.5349374, 53.5243939], [84.53485699999999, 53.524448099999994], [84.5348194, 53.52447360000001], [84.53466119999999, 53.52457089999999], [84.53457, 53.52461709999999], [84.53447069999999, 53.5246554], [84.53441979999998, 53.52466650000001], [84.53435539999998, 53.524674499999996], [84.5342937, 53.524672899999985], [84.5342347, 53.5246649], [84.5341837, 53.5246474], [84.5341086, 53.524599599999995], [84.5340657, 53.5245757], [84.53400939999999, 53.5245677], [84.5339531, 53.524564500000004], [84.5338994, 53.52455330000001], [84.53385379999999, 53.52453260000001], [84.5338324, 53.524502299999995], [84.5338055, 53.52447200000001], [84.5337573, 53.5244545], [84.53364459999999, 53.52444489999999], [84.53359369999998, 53.52443529999999], [84.5335561, 53.52441139999999], [84.53354, 53.52438110000001], [84.53352119999998, 53.52435079999999], [84.53348099999998, 53.5243237], [84.53341929999999, 53.524315699999995], [84.53336030000001, 53.52431409999999], [84.5333067, 53.5243173], [84.53325300000002, 53.5243285], [84.53321009999999, 53.524353999999995], [84.53318599999999, 53.5243843], [84.5331565, 53.524413], [84.5331109, 53.524430499999994], [84.5330572, 53.5244242], [84.533017, 53.52440030000001], [84.5330143, 53.524302999999996], [84.53300089999999, 53.5242695], [84.53296069999999, 53.5242456], [84.53290969999999, 53.5242344], [84.53285339999998, 53.5242408], [84.5328078, 53.5242599], [84.5327648, 53.5243253], [84.5327139, 53.52437], [84.5326307, 53.524427399999986], [84.53257709999998, 53.52445289999999], [84.5325208, 53.5244545], [84.5324752, 53.5244337], [84.5324537, 53.52439230000001], [84.53245639999999, 53.5243253], [84.5324349, 53.524290199999996], [84.5324001, 53.5242631], [84.53237319999998, 53.5242344], [84.53236789999998, 53.5242025], [84.532384, 53.5241706], [84.53238929999999, 53.5241372], [84.532384, 53.524105299999995], [84.53235179999999, 53.5240766], [84.5322928, 53.524075], [84.53223649999998, 53.5240877], [84.5321882, 53.524105299999995], [84.53214259999999, 53.524130799999995], [84.53205409999998, 53.524172199999995], [84.5320004, 53.52417539999999], [84.5319495, 53.5241595], [84.53190119999998, 53.5241372], [84.53186629999999, 53.5241132], [84.5318529, 53.524079799999996], [84.53184749999998, 53.5240479], [84.5318744, 53.52395059999999], [84.53187969999999, 53.5239171], [84.531877, 53.5238868], [84.53185559999999, 53.5238533], [84.5318153, 53.523831], [84.5317617, 53.5238278], [84.5316973, 53.5238326], [84.531582, 53.523847], [84.53152569999999, 53.52385009999999], [84.531472, 53.5238454], [84.53142639999999, 53.5238278], [84.5313916, 53.52380069999999], [84.5313701, 53.52377039999999], [84.5313621, 53.52374009999999], [84.53134329999999, 53.52370820000001], [84.5312923, 53.5236939], [84.5311743, 53.5236795], [84.53112329999999, 53.52366520000001], [84.5310777, 53.523642800000005], [84.5309812, 53.5236062], [84.5309544, 53.5235775], [84.53090339999999, 53.5235663], [84.5308498, 53.5235695], [84.53079609999999, 53.5235663], [84.5307532, 53.5235472], [84.53072099999999, 53.5235185], [84.5306969, 53.52348659999999], [84.5306379, 53.5233925], [84.5305306, 53.5233686], [84.53049029999998, 53.52334630000001], [84.5304796, 53.52331279999999], [84.5305011, 53.52328409999999], [84.530544, 53.523256999999994], [84.5305681, 53.52322830000001], [84.53056279999998, 53.523197999999994], [84.53050639999998, 53.52318360000001], [84.5304528, 53.5231725], [84.5302623, 53.5231613], [84.53020599999999, 53.52315329999999], [84.5301121, 53.52313579999999], [84.53006119999999, 53.523115100000005], [84.5300049, 53.5231055], [84.52988679999999, 53.5230991], [84.52976879999999, 53.523081600000005], [84.5297071, 53.52306720000001], [84.52965349999998, 53.523056099999984], [84.5294979, 53.52301620000001], [84.52944429999998, 53.5229986], [84.52934499999999, 53.522960399999995], [84.52917869999999, 53.5229062], [84.52903119999999, 53.52285509999999], [84.5288676, 53.52282480000001], [84.5287603, 53.5228137], [84.52853499999999, 53.52282960000001], [84.52847869999998, 53.52282960000001], [84.5284224, 53.52281849999999], [84.5283768, 53.5228009], [84.5283446, 53.5227738], [84.5283526, 53.5227403], [84.52840089999998, 53.5226829], [84.52840629999999, 53.522649400000006], [84.52839019999999, 53.52261750000001], [84.5283607, 53.5225888], [84.5283151, 53.5225665], [84.5282534, 53.5225538], [84.5281434, 53.52255060000001], [84.5280415, 53.5225394], [84.52796639999998, 53.5225251], [84.52791539999998, 53.522505899999985], [84.5278832, 53.522478799999995], [84.5278564, 53.5223831], [84.52783760000001, 53.5223481], [84.52777859999999, 53.522300200000004], [84.5277384, 53.52227630000001], [84.52768739999999, 53.5222572], [84.5276177, 53.522238], [84.5274997, 53.52221410000001], [84.5274433, 53.522207699999996], [84.52738699999999, 53.5222045], [84.5273334, 53.522209299999986], [84.52728239999999, 53.52223009999999], [84.52724219999999, 53.522255599999994], [84.52718849999998, 53.522320900000004], [84.52714029999999, 53.522338500000004], [84.52708119999998, 53.522338500000004], [84.5270249, 53.5223178], [84.5269927, 53.52229220000001], [84.5269793, 53.522225299999995], [84.52697400000001, 53.52215669999998], [84.5269337, 53.5220945], [84.5269042, 53.52206420000001], [84.52688539999998, 53.5220323], [84.5268489, 53.5219673], [84.5266816, 53.5218218], [84.526467, 53.521727799999994], [84.52644019999998, 53.5217238], [84.52634359999999, 53.5217014], [84.52628329999999, 53.521679899999995], [84.5261854, 53.52162409999999], [84.5261452, 53.521609700000006], [84.5260727, 53.52159939999999], [84.5259963, 53.5215954], [84.5256516, 53.52160179999999], [84.52549339999999, 53.521620899999995], [84.5254585, 53.521620899999995], [84.52543039999999, 53.521616099999996], [84.5253982, 53.5216058], [84.5253767, 53.5215954], [84.52533109999999, 53.521563500000006], [84.52528949999999, 53.52152920000001], [84.5252225, 53.5214519], [84.5251863, 53.5214216], [84.52515939999999, 53.521407999999994], [84.5251313, 53.5214017], [84.52508169999999, 53.5213937], [84.5248617, 53.5214192], [84.5247155, 53.521420799999994], [84.5246686, 53.5214176], [84.5246404, 53.52141280000001], [84.524572, 53.5213929], [84.5244688, 53.521352199999995], [84.5243923, 53.5213155], [84.524285, 53.52125180000001], [84.52422599999998, 53.5212079], [84.5240383, 53.521052399999995], [84.5239551, 53.5209512], [84.52393499999998, 53.5209352], [84.52391359999999, 53.52092170000001], [84.5238639, 53.52089769999999], [84.5237043, 53.520837099999994], [84.52352459999999, 53.5207598], [84.52338649999999, 53.5207064], [84.523298, 53.5206697], [84.52321349999998, 53.52062109999999], [84.5230633, 53.520511], [84.52299619999998, 53.52046959999999], [84.52286079999999, 53.5204122], [84.52283530000001, 53.52040579999999], [84.5227441, 53.52039779999999], [84.52255499999998, 53.5203922], [84.5224638, 53.520361099999995], [84.52239539999998, 53.520342], [84.5223069, 53.520342], [84.5222278, 53.52035790000001], [84.52219829999999, 53.5203683], [84.52217549999999, 53.52037949999999], [84.52213119999999, 53.5204162], [84.5221084, 53.5204281], [84.5220602, 53.52043930000001], [84.52201319999999, 53.5204425], [84.52193539999999, 53.52043930000001], [84.5219073, 53.52044169999999], [84.5218764, 53.520450399999994], [84.5218375, 53.520467999999994], [84.52182009999999, 53.520482300000005], [84.52182009999999, 53.520517399999996], [84.521808, 53.52054289999999], [84.52178929999998, 53.520555699999996], [84.5217369, 53.5205676], [84.521682, 53.5205676], [84.52163099999999, 53.5205581], [84.5216028, 53.520549300000006], [84.52158, 53.52054050000001], [84.5215586, 53.520527799999996], [84.5215277, 53.5204991], [84.52149959999998, 53.520467999999994], [84.52144589999999, 53.520425700000004], [84.5214204, 53.52041849999999], [84.5213628, 53.520409799999996], [84.5213386, 53.52040099999999], [84.52129969999999, 53.52037469999999], [84.5212877, 53.52034359999999], [84.52128899999998, 53.52030930000001], [84.52130239999998, 53.5202168], [84.52130109999999, 53.5201459], [84.52129039999998, 53.52009319999999], [84.5212716, 53.520036600000005], [84.5212609, 53.5200191], [84.52125009999999, 53.5200039], [84.5212059, 53.519958499999994], [84.5211884, 53.51994570000001], [84.5211643, 53.519933800000004], [84.5211375, 53.519927399999986], [84.5211066, 53.519927399999986], [84.52107709999999, 53.51992979999999], [84.5209014, 53.519998300000005], [84.52085719999998, 53.52000950000001], [84.52081289999998, 53.520008700000005], [84.52077399999999, 53.52000309999998], [84.52074989999998, 53.51999359999999], [84.52072709999999, 53.51997999999999], [84.5207123, 53.51995290000001], [84.5207231, 53.519908199999996], [84.5207459, 53.519883500000006], [84.52085849999999, 53.519806200000005], [84.5208894, 53.51977029999999], [84.5208947, 53.51973280000001], [84.5208907, 53.51971129999999], [84.52088, 53.5196954], [84.5208505, 53.51967700000001], [84.520762, 53.5196292], [84.52063459999998, 53.519577399999996], [84.5205407, 53.5195367], [84.52044679999999, 53.51949119999999], [84.52042269999998, 53.519477699999996], [84.5202564, 53.5193461], [84.52018529999998, 53.519272], [84.5201585, 53.519248000000005], [84.52012229999998, 53.5192201], [84.52007799999998, 53.519197], [84.52002439999998, 53.51917709999999], [84.5199801, 53.5191651], [84.5199519, 53.51915950000001], [84.51989019999999, 53.5191548], [84.5198326, 53.51915549999999], [84.51980309999999, 53.5191579], [84.51977219999999, 53.519163500000005], [84.51965020000002, 53.519192999999994], [84.5195845, 53.51919459999999], [84.5195188, 53.5191835], [84.51945569999998, 53.519162699999995], [84.51943289999998, 53.519152399999996], [84.5193954, 53.519126], [84.519327, 53.5191029], [84.51927469999998, 53.519079], [84.51924919999999, 53.5190718], [84.5191902, 53.5190639], [84.51913389999999, 53.519067], [84.5190977, 53.51907500000001], [84.5189501, 53.5191181], [84.5188925, 53.5191292], [84.5188093, 53.5191324], [84.51878119999999, 53.5191276], [84.5187302, 53.5191061], [84.51868999999999, 53.5190758], [84.5186323, 53.51901839999999], [84.5185921, 53.5189937], [84.51856389999999, 53.5189833], [84.518533, 53.518976900000006], [84.5184512, 53.51897220000001], [84.51840829999999, 53.51898169999999], [84.5183654, 53.5189857], [84.51832789999999, 53.51898249999999], [84.5183037, 53.518973], [84.5182823, 53.518960199999995], [84.51825539999999, 53.51892029999999], [84.5182568, 53.518902800000006], [84.5182782, 53.51887489999999], [84.5182823, 53.5188406], [84.5182742, 53.5188238], [84.5182541, 53.5188095], [84.5182246, 53.51880469999999], [84.518179, 53.518807900000006], [84.51814549999999, 53.5188143], [84.5180355, 53.518846999999994], [84.5179738, 53.5188717], [84.5179255, 53.5188956], [84.5178464, 53.5189267], [84.51776459999999, 53.5189482], [84.5177136, 53.5189714], [84.51767339999999, 53.5190001], [84.5176586, 53.519016], [84.51764659999999, 53.5190495], [84.51764659999999, 53.519076600000005], [84.51763589999999, 53.5191109], [84.5176157, 53.5192034], [84.51761979999999, 53.51921930000001], [84.5176291, 53.5192353], [84.51766399999998, 53.5192616], [84.5176935, 53.5192656], [84.51777, 53.51926239999999], [84.5177887, 53.5192744], [84.51780079999999, 53.519290299999994], [84.51781019999999, 53.5193102], [84.5178303, 53.5193884], [84.5178223, 53.5194243], [84.51779949999998, 53.5194546], [84.5177793, 53.51946809999999], [84.5177498, 53.519465700000005], [84.5177284, 53.5194562], [84.5176841, 53.519411500000004], [84.5176627, 53.5193987], [84.51763589999999, 53.519397100000006], [84.5176104, 53.5194051], [84.51758889999999, 53.5194187], [84.5175742, 53.519432999999985], [84.517554, 53.519467299999995], [84.5175044, 53.51958849999999], [84.5175192, 53.51963640000001], [84.5175393, 53.5196675], [84.5175473, 53.519692199999994], [84.5175473, 53.519710499999995], [84.5175192, 53.51974319999999], [84.51750039999999, 53.5197576], [84.51740649999999, 53.5197942], [84.5173421, 53.5198142], [84.51731939999999, 53.51982610000001], [84.5172952, 53.51985880000001], [84.5172898, 53.519884299999994], [84.51730059999998, 53.519933800000004], [84.51729250000001, 53.52001189999999], [84.5172791, 53.5200374], [84.5172657, 53.520053399999995], [84.5172027, 53.52010279999999], [84.51719329999999, 53.5201315], [84.5172121, 53.5201618], [84.51724559999998, 53.5201762], [84.517263, 53.520189699999996], [84.5172684, 53.5202073], [84.5172563, 53.5202224], [84.5172349, 53.52023440000001], [84.5172107, 53.52024229999999], [84.5171812, 53.52024389999999], [84.51712349999998, 53.5202383], [84.5170954, 53.520237599999994], [84.5170069, 53.52025269999999], [84.5169519, 53.520271799999996], [84.51692769999998, 53.5202838], [84.5169103, 53.52029739999999], [84.5168835, 53.52032689999999], [84.5168473, 53.52038030000001], [84.5168366, 53.52041539999999], [84.5168366, 53.5204321], [84.51685259999999, 53.520464800000006], [84.5168754, 53.52047600000001], [84.51690089999998, 53.520482300000005], [84.5169532, 53.520482300000005], [84.5169801, 53.5204791], [84.51708729999999, 53.5204457], [84.5171209, 53.52043930000001], [84.51720669999999, 53.520438500000004], [84.5172349, 53.5204433], [84.51726169999999, 53.52045119999999], [84.51727509999999, 53.5204656], [84.51727509999999, 53.5204831], [84.5172684, 53.5204991], [84.5172496, 53.5205134], [84.5171745, 53.52053969999999], [84.51707119999999, 53.52058279999999], [84.5170511, 53.5205956], [84.5170149, 53.52062509999999], [84.5169653, 53.520680899999995], [84.5169465, 53.5206952], [84.5167668, 53.5207678], [84.5167172, 53.520794900000006], [84.51664209999998, 53.5208611], [84.5166166, 53.520875399999994], [84.5165858, 53.520875399999994], [84.51654959999999, 53.520865099999995], [84.5165281, 53.52085309999999], [84.5164275, 53.5207805], [84.5163189, 53.52071829999999], [84.5162827, 53.5206904], [84.51625989999998, 53.520659300000005], [84.5162545, 53.5206442], [84.51624649999998, 53.52051979999999], [84.51623169999999, 53.5204863], [84.516217, 53.52047279999999], [84.5161915, 53.520464800000006], [84.5161647, 53.520461600000004], [84.5161365, 53.520461600000004], [84.51602249999999, 53.5204831], [84.5159662, 53.5204879], [84.5159394, 53.520482300000005], [84.51591519999998, 53.520471199999996], [84.5158978, 53.5204584], [84.5158844, 53.52042489999999], [84.5158844, 53.520389800000004], [84.51589379999999, 53.52035240000001], [84.51589379999999, 53.5202981], [84.5158857, 53.5202814], [84.5158508, 53.520251899999984], [84.5158227, 53.5202471], [84.5157664, 53.52025269999999], [84.51573949999998, 53.52026390000001], [84.5156296, 53.5203205], [84.5155933, 53.5203348], [84.51556119999998, 53.52034119999999], [84.51548199999999, 53.5203484], [84.515415, 53.520345999999996], [84.5153412, 53.52035], [84.515305, 53.520345999999996], [84.5152809, 53.520338800000005], [84.5152621, 53.520323700000006], [84.51525939999999, 53.5203077], [84.5152648, 53.52026069999999], [84.5152836, 53.5201921], [84.5152876, 53.5201562], [84.5152876, 53.5201195], [84.5152836, 53.520094], [84.51527419999998, 53.5200773], [84.51525939999999, 53.520063699999994], [84.5152125, 53.5200494], [84.5151789, 53.520046199999996], [84.51512130000002, 53.5200486], [84.5150328, 53.5200757], [84.51495359999998, 53.5201187], [84.5149268, 53.5201275], [84.5148946, 53.5201275], [84.5148678, 53.5201235], [84.5148168, 53.5201012], [84.5147498, 53.52006449999998], [84.51468009999999, 53.5200191], [84.5146452, 53.5199904], [84.5146009, 53.51994810000001], [84.5145808, 53.5199035], [84.5145151, 53.5198142], [84.51444940000002, 53.5197352], [84.5144212, 53.5197121], [84.5143381, 53.51965630000001], [84.51415299999998, 53.519547100000004], [84.51406049999999, 53.5194737], [84.51402289999999, 53.5194267], [84.51400949999999, 53.5194027], [84.51397600000001, 53.5193055], [84.51399209999998, 53.51926079999999], [84.51405109999999, 53.519160299999996], [84.51405909999998, 53.5191253], [84.51405109999999, 53.51908860000001], [84.5140108, 53.5190359], [84.5139733, 53.51900559999999], [84.51386059999999, 53.5189068], [84.51374259999999, 53.5187935], [84.5136729, 53.518712199999996], [84.5136031, 53.51860860000001], [84.5134476, 53.518289599999996], [84.5134503, 53.51825449999999], [84.51342079999999, 53.51811260000001], [84.5133832, 53.51800570000001], [84.5133671, 53.51797539999999], [84.5133296, 53.5179324], [84.51329739999998, 53.51790209999999], [84.5132357, 53.517882900000004], [84.5131847, 53.5178957], [84.5130774, 53.51794670000001], [84.5130318, 53.517972300000004], [84.51291379999999, 53.51802490000001], [84.51286289999999, 53.5180392], [84.51280919999999, 53.5180472], [84.51275560000002, 53.5180408], [84.51271529999998, 53.518016900000006], [84.51268579999999, 53.51798659999999], [84.51266169999998, 53.51795310000001], [84.51264829999998, 53.51790849999999], [84.51264019999999, 53.517839900000006], [84.51264829999998, 53.51776649999999], [84.51264019999999, 53.51739340000001], [84.512651, 53.517326399999995], [84.51266439999999, 53.51729129999999], [84.51269119999999, 53.517245], [84.51271799999999, 53.517217900000006], [84.51276899999999, 53.517184400000005], [84.51281189999999, 53.51716210000001], [84.5128655, 53.517139799999995], [84.51292449999998, 53.517127], [84.5131552, 53.5171143], [84.5132786, 53.517119], [84.5133296, 53.5171302], [84.51347979999998, 53.5171781], [84.5135951, 53.5171924], [84.51365139999999, 53.51719400000001], [84.5137453, 53.5171781], [84.51379629999998, 53.517155699999996], [84.513858, 53.51712380000001], [84.51396789999998, 53.5170441], [84.51404299999999, 53.5169835], [84.51413689999998, 53.5168798], [84.5142013, 53.5167762], [84.5142174, 53.51672829999999], [84.51423080000002, 53.51665499999999], [84.5142361, 53.51659120000001], [84.51424149999998, 53.516538499999996], [84.51423349999999, 53.5164668], [84.5142254, 53.516431700000005], [84.51418249999999, 53.516361499999995], [84.5139948, 53.516179699999995], [84.5138955, 53.516135], [84.51375599999999, 53.516090399999996], [84.51353339999999, 53.516032999999986], [84.51342609999999, 53.51600109999999], [84.5133725, 53.515978800000006], [84.5133001, 53.5159261], [84.5132759, 53.5158974], [84.5132598, 53.5158671], [84.51321959999999, 53.515840000000004], [84.5131659, 53.5158288], [84.5131096, 53.51582719999999], [84.51299699999998, 53.5158288], [84.5129433, 53.51583359999999], [84.51288969999999, 53.515843200000006], [84.512836, 53.515862299999995], [84.51276360000001, 53.5159134], [84.51269919999999, 53.5159054], [84.5126456, 53.51588939999999], [84.5125598, 53.5158304], [84.51247659999999, 53.51577940000001], [84.5124283, 53.515758700000006], [84.51237199999998, 53.515742700000004], [84.5123184, 53.5157347], [84.5121306, 53.5157252], [84.5119402, 53.5157236], [84.5118812, 53.51571079999999], [84.51183559999998, 53.5156917], [84.511798, 53.5156646], [84.5117417, 53.5155705], [84.5116934, 53.51551149999999], [84.5116585, 53.515484400000005], [84.5115164, 53.515395], [84.5114708, 53.5153775], [84.5114171, 53.51536629999999], [84.5113635, 53.51536149999998], [84.51130989999999, 53.5153647], [84.51125349999998, 53.5153759], [84.51119719999998, 53.5153966], [84.5111543, 53.5154222], [84.51112479999999, 53.515454], [84.5111006, 53.51548910000001], [84.5110631, 53.51551620000001], [84.5109478, 53.5155354], [84.51089679999998, 53.515551300000006], [84.5108539, 53.51557689999999], [84.5108002, 53.5156231], [84.5107734, 53.515672499999994], [84.51076, 53.5157044], [84.5107171, 53.51576659999999], [84.5106125, 53.515801700000004], [84.5104623, 53.5158193], [84.5103979, 53.51583519999999], [84.5103389, 53.5158544], [84.5102584, 53.5159054], [84.51020209999999, 53.5159054], [84.5101163, 53.51587669999999], [84.5100331, 53.51583200000001], [84.5099419, 53.515760300000004], [84.50991239999999, 53.51572839999999], [84.5098346, 53.5156295], [84.5098051, 53.515602400000006], [84.5097569, 53.5155816], [84.50970049999998, 53.5155848], [84.5095959, 53.5156183], [84.50953959999998, 53.51563110000001], [84.5094833, 53.5156295], [84.5094296, 53.51561989999999], [84.5093277, 53.515588], [84.50918819999998, 53.515528999999994], [84.5091373, 53.5155147], [84.50908089999999, 53.5155035], [84.50902729999999, 53.5154987], [84.50896829999999, 53.51550030000001], [84.5088476, 53.5155258], [84.50874569999999, 53.5155561], [84.50870009999998, 53.5155784], [84.50865979999999, 53.5156056], [84.5085901, 53.5156598], [84.5084453, 53.515749099999994], [84.508397, 53.51576819999999], [84.50833259999999, 53.515781], [84.50827899999999, 53.5157842], [84.5082226, 53.515781], [84.5081636, 53.51577459999999], [84.5081127, 53.5157634], [84.508059, 53.515758700000006], [84.50785789999999, 53.5157619], [84.5076808, 53.515744299999994], [84.50762990000001, 53.515730000000005], [84.50758429999999, 53.51571079999999], [84.50757089999999, 53.5156773], [84.507587, 53.51564539999999], [84.50760569999998, 53.515613499999986], [84.50760300000002, 53.5155816], [84.50757889999998, 53.5155529], [84.5075306, 53.51553859999999], [84.50747429999998, 53.515528999999994], [84.5074153, 53.51551940000001], [84.5072436, 53.5154828], [84.50719, 53.5154668], [84.507139, 53.515447699999996], [84.50709609999998, 53.5154253], [84.5070881, 53.5153918], [84.5071229, 53.5153265], [84.5071283, 53.515293], [84.5071042, 53.515261100000004], [84.50706389999999, 53.51523710000001], [84.50696469999998, 53.5152005], [84.50685739999999, 53.5151734], [84.506667, 53.5151574], [84.50654359999999, 53.5151399], [84.5063639, 53.51511910000001], [84.50614389999998, 53.5150936], [84.50602319999999, 53.515084], [84.5059615, 53.5150824], [84.5059079, 53.51507929999999], [84.5058516, 53.51507449999999], [84.50573349999999, 53.51506009999999], [84.50568259999999, 53.515049], [84.50547339999999, 53.51497719999998], [84.5054251, 53.514959600000005], [84.50538489999998, 53.5149389], [84.50534189999999, 53.5149134], [84.50530439999999, 53.5148863], [84.5052803, 53.51485759999999], [84.5052642, 53.5148257], [84.50527220000001, 53.5147603], [84.50529099999999, 53.51472999999999], [84.50531779999999, 53.51470449999999], [84.50539289999999, 53.5146502], [84.50546799999998, 53.514592799999996], [84.50547609999998, 53.5145625], [84.5054492, 53.5144987], [84.50541699999998, 53.51446039999999], [84.50538489999998, 53.5144349], [84.5052588, 53.51436], [84.5052132, 53.5143376], [84.5051622, 53.51432009999999], [84.50504149999999, 53.5142994], [84.50498519999998, 53.514294599999985], [84.50486449999998, 53.51429619999999], [84.5048028, 53.5142994], [84.50462040000001, 53.5143153], [84.50442999999999, 53.51434239999999], [84.50415369999999, 53.5143998], [84.5041028, 53.5144174], [84.5039767, 53.5144876], [84.50393109999999, 53.514508299999996], [84.5038775, 53.5145195], [84.5038184, 53.51451790000001], [84.50376209999999, 53.514508299999996], [84.5037138, 53.51449069999999], [84.50353409999998, 53.5143998], [84.5034939, 53.5143775], [84.50341879999999, 53.51432009999999], [84.50339469999999, 53.5142866], [84.50330879999999, 53.5141941], [84.50329270000002, 53.514159], [84.5032766, 53.5141271], [84.5032418, 53.514045800000005], [84.5032015, 53.513970799999996], [84.5031747, 53.51393890000001], [84.5031345, 53.51391499999999], [84.5030808, 53.513907], [84.50301109999998, 53.5139102], [84.50294399999999, 53.51393730000001], [84.50290379999998, 53.513965999999996], [84.50285289999998, 53.51398989999999], [84.5027992, 53.513996299999995], [84.5027402, 53.5139883], [84.5026892, 53.513974], [84.5026436, 53.513954899999995], [84.50260339999998, 53.513929299999994], [84.5025337, 53.513873499999995], [84.50249609999999, 53.5138336], [84.5024371, 53.513755499999995], [84.50237539999999, 53.513693299999986], [84.50230029999999, 53.5136438], [84.50217430000001, 53.51357049999999], [84.50209920000002, 53.513514699999995], [84.50207229999998, 53.51348440000001], [84.50206429999999, 53.513450899999995], [84.50206959999998, 53.5134206], [84.5020938, 53.51339029999999], [84.502134, 53.51336469999999], [84.50227349999999, 53.5133137], [84.5023057, 53.513281799999994], [84.5023218, 53.51325310000001], [84.5023298, 53.51321959999999], [84.5023245, 53.513184499999994], [84.5023057, 53.5131542], [84.5022359, 53.5130984], [84.50216349999998, 53.51306970000001], [84.50196499999998, 53.5130473], [84.50190870000002, 53.51303939999998], [84.5018068, 53.5130027], [84.50174779999999, 53.5129995], [84.5016029, 53.5130234], [84.50154129999999, 53.5130378], [84.5014876, 53.5130457], [84.50143129999998, 53.5130473], [84.50134279999999, 53.5130426], [84.5012918, 53.5130266], [84.5012489, 53.51300590000001], [84.50120870000002, 53.5129819], [84.50114429999999, 53.512926099999994], [84.50108799999998, 53.512865500000004], [84.50101289999999, 53.51276819999999], [84.5009646, 53.512706], [84.50093239999998, 53.51268050000001], [84.5008948, 53.51265179999999], [84.50084660000002, 53.51262950000001], [84.50079559999999, 53.5126119], [84.500742, 53.512596], [84.5006856, 53.512583199999995], [84.5005783, 53.5125736], [84.50052199999999, 53.5125657], [84.5004174, 53.51254329999998], [84.5003691, 53.512530600000005], [84.5002699, 53.5124955], [84.500227, 53.512474700000006], [84.5000821, 53.51241569999999], [84.49998019999998, 53.512387], [84.49987829999999, 53.51235509999999], [84.4996852, 53.512277], [84.4996449, 53.51225459999999], [84.49956449999999, 53.51219720000001], [84.4995081, 53.5121462], [84.4994867, 53.5121127], [84.4994706, 53.51207919999999], [84.49945449999998, 53.51204250000001], [84.49944379999998, 53.5119963], [84.4994223, 53.51194999999999], [84.4993928, 53.5119229], [84.4993338, 53.511897399999995], [84.4992721, 53.5118926], [84.4992158, 53.511899], [84.49916209999999, 53.5119085], [84.49904679999999, 53.511942], [84.4989932, 53.5119612], [84.4989073, 53.5119963], [84.49884029999998, 53.51203290000001], [84.4987088, 53.51211750000001], [84.4985935, 53.5122068], [84.49849159999998, 53.512277], [84.4982555, 53.5125417], [84.4982234, 53.512572], [84.498167, 53.5126151], [84.4981053, 53.5126502], [84.49801679999999, 53.5126853], [84.4979578, 53.51270280000001], [84.49781829999999, 53.512722000000004], [84.49767079999998, 53.51275389999999], [84.4976172, 53.512765], [84.4975528, 53.5127826], [84.49750179999998, 53.5127985], [84.49744819999998, 53.51281130000001], [84.49738919999999, 53.5128177], [84.4973329, 53.51282880000001], [84.49702980000002, 53.51289419999999], [84.4969144, 53.512908599999996], [84.4967991, 53.512907], [84.49674009999998, 53.5128974], [84.4966435, 53.5128623], [84.496606, 53.512840000000004], [84.49657109999998, 53.5128161], [84.4965282, 53.51279370000001], [84.49647189999999, 53.51277940000001], [84.4964182, 53.5127746], [84.49635919999999, 53.512772999999996], [84.49624929999999, 53.51276180000001], [84.496201, 53.5127459], [84.4961661, 53.512718799999995], [84.4961581, 53.5126869], [84.4961822, 53.51261989999998], [84.49620369999998, 53.51258639999999], [84.4962117, 53.512556100000005], [84.4962117, 53.51251940000001], [84.4961876, 53.5124891], [84.4960937, 53.512474700000006], [84.49604, 53.512468399999996], [84.4958523, 53.5124795], [84.4957986, 53.51246999999999], [84.49575569999999, 53.512446000000004], [84.49568600000002, 53.5123966], [84.4956404, 53.5123759], [84.49559749999999, 53.5123535], [84.4955465, 53.51233599999998], [84.49548749999998, 53.5123424], [84.49538829999999, 53.5123711], [84.4953319, 53.51237750000001], [84.49527829999998, 53.512366300000004], [84.49524339999999, 53.512337599999995], [84.4952327, 53.512307299999996], [84.4952407, 53.5122754], [84.4952756, 53.5122084], [84.4952837, 53.51217489999999], [84.4952702, 53.51214300000001], [84.4952327, 53.512120700000004], [84.4951844, 53.5121031], [84.49498329999999, 53.512013800000005], [84.4945353, 53.51186070000001], [84.4943073, 53.511819200000005], [84.49425639999998, 53.5118001], [84.49415709999998, 53.51176980000001], [84.49401229999998, 53.51171550000001], [84.4939157, 53.5116773], [84.49387009999998, 53.51165329999999], [84.49382189999999, 53.511630999999994], [84.49375479999999, 53.51158], [84.49372799999999, 53.51154809999999], [84.4937173, 53.511512999999994], [84.4937173, 53.5114795], [84.49375479999999, 53.511418899999995], [84.49376819999999, 53.51138540000001], [84.4937709, 53.5113519], [84.4937655, 53.51131840000001], [84.4937763, 53.5112849], [84.4938111, 53.51125780000001], [84.49385399999998, 53.511235400000004], [84.4939023, 53.511219499999996], [84.493956, 53.5112163], [84.4941115, 53.51125619999999], [84.4941679, 53.51126729999999], [84.4942215, 53.5112705], [84.4942725, 53.51126889999999], [84.4943234, 53.5112626], [84.49436629999998, 53.511244999999995], [84.4943932, 53.5112163], [84.4944039, 53.51118279999999], [84.4944012, 53.51115089999999], [84.4943798, 53.511119], [84.4943744, 53.5110855], [84.49435829999999, 53.5110552], [84.49426709999999, 53.5109707], [84.49425099999999, 53.5109388], [84.4942376, 53.5109053], [84.49425369999999, 53.51087179999999], [84.4943073, 53.5108159], [84.49434759999998, 53.51073939999999], [84.49436629999998, 53.51070909999999], [84.494369, 53.51065959999999], [84.49433949999998, 53.51063249999999], [84.49426439999999, 53.5105799], [84.4942242, 53.5105432], [84.49417319999999, 53.51048099999999], [84.4940901, 53.5104156], [84.49405249999998, 53.5103757], [84.49402569999998, 53.5103454], [84.4939291, 53.510262499999996], [84.4939023, 53.51023539999999], [84.4938621, 53.5101763], [84.4938568, 53.51003909999999], [84.4966033, 53.51001360000001], [84.4980195, 53.50873750000001], [84.4994787, 53.5061342], [84.4994787, 53.50498559999999], [84.49840579999999, 53.5045772], [84.497805, 53.5037094], [84.4980625, 53.5029181], [84.498792, 53.5021779], [84.49965029999998, 53.5018716], [84.50003659999999, 53.500442099999994], [84.5001224, 53.49847650000001], [84.4983629, 53.49740429999999], [84.4971183, 53.498578599999995], [84.49651749999998, 53.498629699999995], [84.4960025, 53.4982978], [84.4968179, 53.49745540000001], [84.49673209999999, 53.496970299999994], [84.49746159999998, 53.495821499999984], [84.49870619999999, 53.4942131], [84.4993928, 53.4937536], [84.4977191, 53.49219620000001], [84.49548749999998, 53.4909196], [84.4969037, 53.48964290000001], [84.491196, 53.4877023], [84.489179, 53.4874981], [84.48823479999999, 53.487191599999996], [84.4875053, 53.4876002], [84.48531659999999, 53.4868597], [84.4808534, 53.483872], [84.48008089999999, 53.482390800000005], [84.48063879999998, 53.4819312], [84.4823554, 53.48246749999999], [84.4847587, 53.482569600000005], [84.4859603, 53.481599200000005], [84.48540239999998, 53.481165000000004], [84.4823984, 53.48108839999999], [84.48008089999999, 53.480858600000005], [84.47737729999999, 53.4798625], [84.47634729999999, 53.47965820000001], [84.4774198, 53.477331500000005], [84.4780206, 53.4770761], [84.4793939, 53.477050600000005], [84.4790935, 53.47618219999999], [84.4761324, 53.4749306], [84.47390079999998, 53.47475180000001], [84.4729566, 53.47518600000001], [84.47102539999999, 53.4753904], [84.47136879999998, 53.47487950000001], [84.47025299999999, 53.47487950000001], [84.4687938, 53.4746241], [84.4679355, 53.4753393], [84.47085379999999, 53.475952299999996], [84.4706821, 53.47730599999999], [84.4601249, 53.475952299999996], [84.4586229, 53.4760544], [84.4574213, 53.4755436], [84.45544719999998, 53.4753393], [84.4542026, 53.477254900000005], [84.45463179999999, 53.47840419999999], [84.4530439, 53.4785574], [84.4508552, 53.4783787], [84.4475937, 53.47030719999999], [84.4501115, 53.4655619], [84.4444467, 53.4608098], [84.4383294, 53.4596314], [84.424339, 53.4566929], [84.4119602, 53.452899], [84.4168183, 53.4421661], [84.4128463, 53.441197], [84.40769639999999, 53.439842199999994], [84.39615219999999, 53.43641660000001], [84.38500999999998, 53.4328367], [84.3815768, 53.4321463], [84.3643177, 53.425048600000004], [84.3465412, 53.41551609999999], [84.3421638, 53.41439069999999], [84.33658489999999, 53.4098119], [84.3370998, 53.406767599999995], [84.33714269999999, 53.4042348], [84.3363341, 53.4002047], [84.32404929999998, 53.39531899999999], [84.3184703, 53.3932718], [84.31538040000001, 53.391761900000006], [84.314337, 53.389823699999994], [84.31103259999999, 53.3858566], [84.3080285, 53.3841672], [84.31995899999998, 53.369258], [84.32038809999999, 53.3679777], [84.3211305, 53.3656114], [84.3205941, 53.36579710000001], [84.31997179999999, 53.36591229999999], [84.31932809999999, 53.366142800000006], [84.3187916, 53.36624520000001], [84.31830879999998, 53.3662388], [84.3180406, 53.36613640000001], [84.31779379999999, 53.3659699], [84.3174505, 53.3659059], [84.3170965, 53.36589310000001], [84.3164635, 53.366014699999994], [84.3161738, 53.366142800000006], [84.3161094, 53.3663092], [84.31621669999998, 53.3665013], [84.31666729999999, 53.3666613], [84.31689260000002, 53.3668214], [84.3170643, 53.367096599999996], [84.31726809999999, 53.367455099999994], [84.3172037, 53.36778799999999], [84.31697839999998, 53.368056900000006], [84.3166888, 53.3681593], [84.31628109999998, 53.368210499999996], [84.31609869999998, 53.36812090000001], [84.31600210000002, 53.367864799999985], [84.31575539999999, 53.3677496], [84.3154335, 53.36778799999999], [84.31506869999998, 53.367871199999996], [84.31459659999999, 53.3681657], [84.3143177, 53.3684986], [84.31400659999998, 53.369036300000005], [84.31373829999998, 53.36949079999999], [84.3132877, 53.369868499999995], [84.3128478, 53.3700669], [84.3124509, 53.37016940000001], [84.31223630000001, 53.3701374], [84.3121397, 53.369990099999995], [84.31192519999999, 53.36986209999999], [84.3117857, 53.3696317], [84.3118179, 53.369138799999995], [84.311775, 53.368729099999996], [84.31165689999999, 53.3684154], [84.3114424, 53.3682489], [84.31110979999998, 53.36809529999999], [84.31056259999998, 53.3679161], [84.3099189, 53.3676408], [84.3092215, 53.3675064], [84.308449, 53.36741670000001], [84.30782669999999, 53.3674487], [84.30682899999998, 53.3674423], [84.306153, 53.3674487], [84.3049192, 53.3675384], [84.30371759999998, 53.36766639999999], [84.3028808, 53.3678456], [84.301883, 53.36806970000001], [84.30153959999998, 53.36807610000001], [84.30101389999999, 53.36798009999999], [84.30059549999999, 53.36789049999999], [84.3002629, 53.36771120000001], [84.30014490000002, 53.3674679], [84.30024149999998, 53.3673079], [84.30048819999999, 53.3671927], [84.300853, 53.36721190000001], [84.30123919999998, 53.3671223], [84.3013894, 53.3669686], [84.30146449999998, 53.3667189], [84.30165769999999, 53.3664949], [84.30167909999999, 53.3663284], [84.3017006, 53.366091600000004], [84.30153959999998, 53.36591229999999], [84.30135730000002, 53.3658355], [84.3010354, 53.36580349999999], [84.30081009999999, 53.3657202], [84.3005311, 53.3656242], [84.30016639999998, 53.365508999999996], [84.2997908, 53.36541939999999], [84.2994153, 53.36541299999999], [84.29908269999999, 53.3654706], [84.2988038, 53.3656242], [84.29863209999999, 53.3658291], [84.29844969999999, 53.366257999999995], [84.29838539999999, 53.36650770000001], [84.2982781, 53.366712499999984], [84.29802059999999, 53.366815], [84.29778459999999, 53.3668086], [84.2975163, 53.366693299999994], [84.29722669999998, 53.3666613], [84.2968082, 53.366565300000005], [84.2964435, 53.3664245], [84.2961645, 53.3661876], [84.2958534, 53.3656754], [84.2956495, 53.365265699999995], [84.2955959, 53.36500959999999], [84.29558509999998, 53.364625499999995], [84.2956602, 53.364235], [84.2957783, 53.36387640000001], [84.29578899999998, 53.3634923], [84.2957032, 53.3629225], [84.2956817, 53.3622695], [84.2957783, 53.361718800000006], [84.2959607, 53.361200200000006], [84.2961752, 53.36080969999999], [84.29630399999999, 53.3604575], [84.29631469999998, 53.3601822], [84.2961752, 53.359983699999994], [84.2958534, 53.35989409999999], [84.2955208, 53.35995169999999], [84.29498429999998, 53.3602014], [84.2946517, 53.3603167], [84.294244, 53.360303900000005], [84.29401869999998, 53.3601822], [84.2939758, 53.36000289999999], [84.2940938, 53.359810799999984], [84.29421189999998, 53.3596188], [84.29421189999998, 53.3594203], [84.2939973, 53.3591321], [84.29375049999999, 53.3589016], [84.2934501, 53.3587351], [84.2930746, 53.3586391], [84.29247379999998, 53.3585495], [84.2916798, 53.358351], [84.29057479999999, 53.3581653], [84.2898452, 53.357986], [84.28945899999998, 53.35780030000001], [84.289298, 53.35758899999998], [84.2893088, 53.3573841], [84.2894161, 53.35725600000001], [84.28975939999998, 53.3570959], [84.2899525, 53.356967899999994], [84.29009199999999, 53.356762999999994], [84.2903066, 53.356257099999986], [84.290564, 53.35580250000001], [84.2907679, 53.3556168], [84.29110049999998, 53.35542469999999], [84.2914116, 53.35539260000001], [84.2916906, 53.3554503], [84.29185149999999, 53.3556232], [84.29192659999998, 53.355956199999994], [84.2920768, 53.35614189999999], [84.29231279999999, 53.356366], [84.29260249999999, 53.35664770000001], [84.29290289999999, 53.356910299999996], [84.29319259999998, 53.3570831], [84.2934608, 53.357185599999994], [84.29392219999998, 53.3571984], [84.2943191, 53.3571023], [84.2948234, 53.3569615], [84.29518819999998, 53.356782200000005], [84.29543489999999, 53.3565196], [84.2955208, 53.356295499999995], [84.29547789999998, 53.35590489999999], [84.2954886, 53.3555335], [84.29561729999999, 53.355271], [84.2957783, 53.35505969999999], [84.2961323, 53.3549252], [84.29653999999998, 53.354893199999985], [84.2973018, 53.3549956], [84.29781669999998, 53.35514289999999], [84.2980635, 53.3552774], [84.29818149999998, 53.3554311], [84.29802059999999, 53.35568080000001], [84.29780599999998, 53.3558601], [84.29759139999999, 53.356180299999984], [84.2975485, 53.35662850000001], [84.2976665, 53.3569167], [84.2979669, 53.3571792], [84.29832099999999, 53.3574353], [84.2988145, 53.3576274], [84.2994368, 53.3577491], [84.3000054, 53.3578323], [84.3005633, 53.3578323], [84.3009817, 53.357768300000004], [84.3012929, 53.35762099999999], [84.3015611, 53.3574993], [84.3016899, 53.3572112], [84.30167909999999, 53.3569231], [84.3015611, 53.356731], [84.30167909999999, 53.3565068], [84.3018508, 53.356398], [84.30216189999999, 53.3563147], [84.30256959999998, 53.35614189999999], [84.30284859999999, 53.355956199999994], [84.3031704, 53.3557064], [84.30332059999999, 53.3554631], [84.30342789999999, 53.3551237], [84.3033099, 53.3547715], [84.3031168, 53.35451539999999], [84.30268229999999, 53.35423039999999], [84.30233359999998, 53.3539518], [84.3019098, 53.35378209999999], [84.30143769999998, 53.353718099999995], [84.3012553, 53.3535868], [84.301132, 53.3534395], [84.30088519999998, 53.3532858], [84.30017709999998, 53.3529528], [84.299469, 53.3526134], [84.2989433, 53.3522676], [84.2985678, 53.351915399999996], [84.2983639, 53.35164639999999], [84.29838539999999, 53.3514031], [84.2985141, 53.35116609999999], [84.29882529999999, 53.350941999999996], [84.2990935, 53.35067299999999], [84.2994368, 53.35046810000001], [84.30005909999998, 53.350096599999986], [84.30062769999999, 53.349962100000006], [84.301089, 53.3499045], [84.30130359999998, 53.3499813], [84.30141089999998, 53.3501158], [84.3012607, 53.350391200000004], [84.3010783, 53.350538500000006], [84.30076719999998, 53.35073059999999], [84.30059549999999, 53.350954800000004], [84.3005526, 53.3511597], [84.30071889999999, 53.351422299999996], [84.3010676, 53.35162079999999], [84.3015397, 53.3518001], [84.30187759999998, 53.35182249999999], [84.3020493, 53.3517393], [84.3021727, 53.35157920000001], [84.30236579999999, 53.35152800000001], [84.3025374, 53.3514031], [84.3028164, 53.3511597], [84.3030417, 53.350890699999994], [84.30342789999999, 53.35017989999999], [84.3034923, 53.34992369999999], [84.303503, 53.3495523], [84.303385, 53.349212800000004], [84.3032348, 53.34867479999999], [84.30297729999998, 53.3482778], [84.30258029999999, 53.34787429999999], [84.3022907, 53.3477142], [84.3020224, 53.3475797], [84.30163619999999, 53.34748359999999], [84.3012714, 53.3474452], [84.300971, 53.3475028], [84.3007243, 53.3476181], [84.3004453, 53.3476693], [84.30012339999999, 53.3476181], [84.2999089, 53.347522], [84.29973719999998, 53.347310699999994], [84.2995119, 53.34716340000001], [84.2992544, 53.347086499999996], [84.29903980000002, 53.3469008], [84.2987609, 53.3468175], [84.29844969999999, 53.34682389999999], [84.2982352, 53.3469008], [84.29805280000001, 53.3470993], [84.29793479999998, 53.34741949999999], [84.2976129, 53.347727000000006], [84.2973447, 53.347880700000005], [84.2969048, 53.34801519999999], [84.2964435, 53.3481305], [84.29608939999999, 53.3481433], [84.2956602, 53.348091999999994], [84.29540279999999, 53.34797029999999], [84.29516670000001, 53.347816599999994], [84.29497359999999, 53.3476693], [84.2946517, 53.3475476], [84.2943084, 53.347554], [84.2940617, 53.3476437], [84.29393289999999, 53.347759], [84.2938793, 53.3479383], [84.293772, 53.34808559999999], [84.29352519999999, 53.3482265], [84.2929995, 53.3484251], [84.2924416, 53.3487325], [84.2922056, 53.3489502], [84.29219479999999, 53.3491232], [84.29230209999999, 53.34925119999999], [84.2925596, 53.349238400000004], [84.292742, 53.34918720000001], [84.29282779999998, 53.349052699999994], [84.2931068, 53.34891819999999], [84.2934394, 53.348835], [84.29370759999999, 53.3488606], [84.29393289999999, 53.348975899999985], [84.2941153, 53.349193599999985], [84.294126, 53.34941779999999], [84.2940724, 53.34963549999999], [84.29404019999998, 53.349840400000005], [84.2941689, 53.3499877], [84.29443719999999, 53.35013500000001], [84.2949307, 53.350269499999996], [84.2953491, 53.3505001], [84.2955208, 53.3506922], [84.29558509999998, 53.350871500000004], [84.29549929999999, 53.3510316], [84.2952204, 53.35114050000001], [84.2948556, 53.35114050000001], [84.2945337, 53.3510444], [84.29444789999998, 53.350922800000006], [84.294287, 53.35083949999999], [84.2938256, 53.3507114], [84.2932141, 53.350641], [84.29235579999998, 53.3505898], [84.291476, 53.3504937], [84.2907786, 53.350339999999996], [84.29015639999999, 53.35010299999999], [84.28925509999999, 53.3497764], [84.2885256, 53.34957789999999], [84.28766729999998, 53.349315299999994], [84.2873132, 53.3491232], [84.28664799999999, 53.34878369999999], [84.2858434, 53.34843790000001], [84.2848885, 53.34801519999999], [84.2843091, 53.347727000000006], [84.2839336, 53.347432399999995], [84.28372979999999, 53.347086499999996], [84.283601, 53.34682389999999], [84.2836547, 53.346638199999994], [84.2838585, 53.346478], [84.2841804, 53.3464268], [84.2845237, 53.34654849999999], [84.28507089999998, 53.3465997], [84.2856824, 53.346657400000005], [84.2861867, 53.34682389999999], [84.2864549, 53.3470032], [84.28657289999998, 53.34720179999999], [84.28653, 53.347438800000006], [84.28662659999999, 53.3476117], [84.286927, 53.347733399999996], [84.28750629999999, 53.34782299999999], [84.2885578, 53.348028], [84.2894268, 53.34811760000001], [84.29016709999999, 53.3481881], [84.29049969999998, 53.3481561], [84.29120779999998, 53.3479896], [84.29150820000001, 53.34784219999999], [84.2916155, 53.3476757], [84.2915296, 53.3474131], [84.29133649999999, 53.3470032], [84.2908323, 53.3466318], [84.29039239999999, 53.346535700000004], [84.2898989, 53.346522900000004], [84.2890835, 53.3467406], [84.2885578, 53.3468175], [84.28819299999999, 53.34676629999999], [84.2881715, 53.3465741], [84.28826809999998, 53.34636919999999], [84.2880428, 53.34616419999999], [84.2870772, 53.345357199999995], [84.2865407, 53.3445758], [84.2862403, 53.344127400000005], [84.2862081, 53.34355730000001], [84.286294, 53.343128199999995], [84.28635829999999, 53.34279509999998], [84.2860816, 53.34249479999999], [84.2709161, 53.29949669999999], [84.2679522, 53.2936028], [84.22701370000001, 53.3030615], [84.2258979, 53.30272809999999], [84.22535019999998, 53.3021657], [84.2226844, 53.2994457], [84.2277484, 53.297445100000004], [84.22892309999999, 53.26949239999999], [84.2240737, 53.2670798], [84.22458869999998, 53.261971700000004], [84.2292235, 53.2615097], [84.23076849999998, 53.2417702], [84.23188429999999, 53.24123089999999], [84.2481063, 53.2465212], [84.25737599999998, 53.24811329999999], [84.2582772, 53.2463414], [84.2554019, 53.2438504], [84.2542003, 53.2409997], [84.25497279999999, 53.240897], [84.2639421, 53.2411795], [84.26398499999999, 53.2301346], [84.2788337, 53.229980399999995], [84.2878459, 53.22885010000001], [84.2911933, 53.2297235], [84.2940257, 53.230185899999995], [84.2980509, 53.22705839999999], [84.29346889999998, 53.225205200000005], [84.2923621, 53.2235847], [84.2910336, 53.223603499999996], [84.29092649999998, 53.22389119999999], [84.2909079, 53.22434979999999], [84.2906025, 53.22451040000001], [84.29015759999999, 53.22432959999998], [84.2895983, 53.224371199999986], [84.28852599999999, 53.224024699999994], [84.2878605, 53.2237974], [84.2874654, 53.22326859999999], [84.2866318, 53.22303900000001], [84.28625920000002, 53.2231593], [84.28597839999999, 53.22308169999999], [84.28550819999998, 53.2227201], [84.285748, 53.2220241], [84.2853795, 53.2215947], [84.28491519999999, 53.22170820000001], [84.2840923, 53.22134640000001], [84.283429, 53.22120319999999], [84.28307249999999, 53.22110669999999], [84.2830282, 53.22093420000001], [84.28377629999999, 53.22084339999999], [84.28412229999999, 53.2205971], [84.2836846, 53.2203075], [84.28407319999998, 53.2197676], [84.28383209999998, 53.2195185], [84.2833429, 53.219542], [84.28303359999998, 53.21902119999999], [84.2824813, 53.21868340000001], [84.2820911, 53.21881960000001], [84.2814718, 53.2187241], [84.28126229999998, 53.2179069], [84.280773, 53.217567900000006], [84.280405, 53.21807039999999], [84.2800086, 53.21820960000001], [84.27998049999998, 53.2177616], [84.279724, 53.21767559999999], [84.2791946, 53.217860999999985], [84.2784921, 53.21737679999999], [84.2780211, 53.217268499999996], [84.27743099999999, 53.216800199999994], [84.2769544, 53.2163612], [84.27629379999999, 53.2164282], [84.2756213, 53.2165911], [84.27591069999998, 53.21702739999999], [84.27564469999999, 53.2175065], [84.27507949999999, 53.21764430000001], [84.2746337, 53.217279600000005], [84.2740477, 53.2172844], [84.27336049999998, 53.2171031], [84.27270869999998, 53.2172036], [84.27207519999999, 53.2174908], [84.27058869999999, 53.21676600000001], [84.2705021, 53.2164173], [84.26940529999999, 53.215575], [84.2688319, 53.2157135], [84.2682294, 53.2156235], [84.2676273, 53.215341], [84.26681109999998, 53.215172200000005], [84.26655809999998, 53.21468149999999], [84.2671273, 53.2140055], [84.2668889, 53.2135919], [84.2661266, 53.2135418], [84.265625, 53.21359929999999], [84.265883, 53.2140019], [84.26508159999999, 53.2138637], [84.26422729999999, 53.213244800000005], [84.26364119999998, 53.2132225], [84.2629643, 53.212970599999984], [84.2623321, 53.21306669999999], [84.2618777, 53.2129014], [84.2615239, 53.2129457], [84.261058, 53.21263189999999], [84.2612262, 53.2121887], [84.2608475, 53.211631499999996], [84.26117949999998, 53.2112311], [84.2610306, 53.21098289999999], [84.26072839999999, 53.211086299999984], [84.2602853, 53.210892], [84.2593071, 53.2107302], [84.2594672, 53.210406600000006], [84.25918559999998, 53.2100018], [84.25950849999998, 53.2093542], [84.25875719999999, 53.2091138], [84.25775779999998, 53.20926529999999], [84.25757079999998, 53.2092923], [84.2574448, 53.20928429999999], [84.25734819999998, 53.2092264], [84.25671520000002, 53.2085132], [84.2556209, 53.208526000000006], [84.2548699, 53.208448899999986], [84.25442999999999, 53.208089099999995], [84.25478399999999, 53.20686819999999], [84.25405450000001, 53.2062706], [84.25368969999998, 53.2056087], [84.25338929999998, 53.205371], [84.25319619999999, 53.2051589], [84.25298159999998, 53.204786199999994], [84.25268119999998, 53.2048569], [84.252413, 53.20527460000001], [84.25203749999999, 53.205281], [84.2518765, 53.20447769999999], [84.2512864, 53.204445599999985], [84.2506427, 53.2041243], [84.2505247, 53.2043235], [84.25053539999999, 53.204844], [84.25066419999999, 53.2051782], [84.25037449999999, 53.2053131], [84.2494947, 53.205062500000004], [84.2489583, 53.2052103], [84.2483145, 53.205062500000004], [84.24777809999999, 53.2045741], [84.2475743, 53.2044135], [84.24776739999999, 53.204259300000004], [84.2480463, 53.20423349999999], [84.2480785, 53.2040922], [84.2480034, 53.2039122], [84.24760639999998, 53.2039251], [84.24684469999998, 53.204150000000006], [84.2464155, 53.2043492], [84.2460186, 53.2043492], [84.24581469999998, 53.203847999999994], [84.24518169999999, 53.2036102], [84.244538, 53.2035074], [84.244302, 53.203648799999996], [84.2444522, 53.20407929999998], [84.2441947, 53.204150000000006], [84.2427356, 53.2035202], [84.24175919999999, 53.2034688], [84.2410726, 53.2035138], [84.2411477, 53.2038865], [84.240976, 53.2041629], [84.2405683, 53.2040729], [84.23971, 53.20320529999999], [84.2390448, 53.2029611], [84.2381329, 53.2029611], [84.23759639999999, 53.20305749999999], [84.23721019999999, 53.2034367], [84.23704929999998, 53.20397009999999], [84.2366094, 53.20401510000001], [84.23507519999998, 53.203539499999984], [84.2342705, 53.20343029999999], [84.2334766, 53.20320529999999], [84.2335946, 53.2026848], [84.23342289999998, 53.202421300000005], [84.23277919999998, 53.202536999999985], [84.23216759999998, 53.2021386], [84.2317278, 53.2021771], [84.23073, 53.2027298], [84.2301614, 53.2027234], [84.22980729999999, 53.2021835], [84.2286808, 53.201952199999994], [84.2283482, 53.20172079999999], [84.2276294, 53.2015537], [84.22740399999999, 53.201341699999986], [84.22751129999999, 53.201084599999994], [84.2278761, 53.2009946], [84.2279405, 53.2007247], [84.2278332, 53.20062829999999], [84.22737189999998, 53.2008211], [84.22715729999999, 53.2007954], [84.2273611, 53.1998057], [84.2278332, 53.1994329], [84.22800489999999, 53.1989187], [84.22760789999998, 53.19862309999999], [84.2278439, 53.198288899999994], [84.2276401, 53.1981925], [84.22674959999999, 53.1979547], [84.2266208, 53.19776829999999], [84.2271895, 53.19740839999999], [84.2272431, 53.1969906], [84.2266745, 53.1967913], [84.22593419999998, 53.1968428], [84.2252154, 53.1966757], [84.22479689999999, 53.1966885], [84.22437849999999, 53.19695199999999], [84.22415319999999, 53.19736979999999], [84.2237992, 53.19767830000001], [84.2239064, 53.1981925], [84.2235739, 53.19855880000001], [84.2230589, 53.19879019999999], [84.22249019999998, 53.1988159], [84.2213852, 53.19844959999999], [84.2206449, 53.1979033], [84.2202479, 53.197748999999995], [84.22002260000001, 53.1978133], [84.2193038, 53.19799969999999], [84.21887459999999, 53.1982696], [84.21840259999999, 53.1981989], [84.2179412, 53.1983275], [84.21739399999998, 53.19834029999999], [84.21679319999998, 53.1980061], [84.2163855, 53.1974212], [84.215656, 53.197222000000004], [84.2149586, 53.19733120000001], [84.21478689999998, 53.1974662], [84.21621389999999, 53.198411], [84.21634259999999, 53.1989123], [84.2167074, 53.199105100000004], [84.2164928, 53.1995936], [84.21562379999999, 53.1994329], [84.21530189999999, 53.19916940000001], [84.215023, 53.199208000000006], [84.21446509999998, 53.199754199999994], [84.21401450000002, 53.199902099999996], [84.2138213, 53.20018480000001], [84.21349949999998, 53.2002941], [84.21287720000001, 53.1998378], [84.21245879999998, 53.199812099999995], [84.2121641, 53.1999217], [84.21672209999998, 53.135853], [84.21517709999999, 53.13255740000001], [84.21225889999998, 53.1231842], [84.2132888, 53.1208663], [84.2154346, 53.1174151], [84.21560629999999, 53.1137059], [84.21653149999999, 53.1113603], [84.21713229999999, 53.09646819999999], [84.22144459999998, 53.0329814], [84.0937285, 53.031536100000004], [84.09415759999999, 53.0104715], [84.0955309, 52.9886215], [84.0066103, 52.988238700000004], [83.9944806, 52.98550889999999], [83.9938039, 52.95284689999999], [83.99842799999999, 52.92245280000001], [84.0037335, 52.9074652], [84.00727899999998, 52.87174730000001], [83.98771309999998, 52.87161209999999], [83.8711712, 52.8715395], [83.80659789999999, 52.87186619999999], [83.81116219999998, 52.8912433], [83.7426488, 52.8745802], [83.75804529999999, 52.8979246], [83.75813219999999, 52.89796889999999], [83.7581965, 52.898024], [83.75824209999999, 52.8980887], [83.758277, 52.898258600000005], [83.75829849999998, 52.8983265], [83.75832529999998, 52.898357299999994], [83.7583575, 52.8983848], [83.7583977, 52.898407399999996], [83.7586471, 52.89850289999999], [83.7587383, 52.89854979999999], [83.7588161, 52.89860159999999], [83.7588537, 52.898632299999996], [83.7589154, 52.89869219999999], [83.75894219999999, 52.8987245], [83.75897969999998, 52.8987893], [83.7590817, 52.8990045], [83.7590924, 52.8990368], [83.7591085, 52.899108], [83.7591058, 52.89918239999999], [83.7590924, 52.89925519999999], [83.75900920000001, 52.8994559], [83.7590039, 52.899523800000004], [83.7590146, 52.89955779999999], [83.7590387, 52.8995902], [83.7591085, 52.8996452], [83.7591514, 52.8996694], [83.759197, 52.899690500000005], [83.7592506, 52.899705], [83.7593096, 52.89971310000001], [83.75937129999998, 52.89971310000001], [83.759433, 52.899705], [83.75962609999999, 52.8996435], [83.75967439999998, 52.8996258], [83.75988899999999, 52.899562700000004], [83.7599775, 52.899519], [83.7600124, 52.899493099999994], [83.76004729999998, 52.89946229999999], [83.760066, 52.8994267], [83.76008479999999, 52.8993539], [83.7600902, 52.89932000000001], [83.7601036, 52.899286], [83.76012499999999, 52.89925519999999], [83.76019209999998, 52.8991938], [83.7602296, 52.89916629999998], [83.7606105, 52.8989624], [83.76070709999999, 52.8989316], [83.7608814, 52.89888309999999], [83.7611389, 52.8987974], [83.7614125, 52.8987165], [83.76146879999999, 52.898701900000006], [83.7615278, 52.89869219999999], [83.7616646, 52.8986873], [83.7618336, 52.898700299999994], [83.76194359999998, 52.898718099999996], [83.7621072, 52.8987521], [83.76215819999999, 52.898766599999995], [83.7625122, 52.8988346], [83.7626275, 52.8988621], [83.7626731, 52.8988799], [83.7627161, 52.8989025], [83.76281529999999, 52.8989834], [83.76288769999998, 52.8990368], [83.7629682, 52.899090199999996], [83.7630567, 52.89914199999999], [83.7632015, 52.89920990000001], [83.76330349999999, 52.8992472], [83.7634107, 52.89927139999999], [83.76352339999998, 52.89929730000001], [83.76357699999998, 52.8993086], [83.7638801, 52.899344199999994], [83.76399809999998, 52.89935719999999], [83.76405719999998, 52.89936689999998], [83.7641108, 52.899371699999996], [83.7642288, 52.8993911], [83.7648109, 52.8994996], [83.7649155, 52.8995254], [83.7650737, 52.89955779999999], [83.765189, 52.89957400000001], [83.7653741, 52.899591799999996], [83.76543309999998, 52.899596599999995], [83.76561019999998, 52.8996258], [83.76571209999999, 52.89965809999999], [83.76576040000002, 52.89968240000001], [83.7657979, 52.89971149999999], [83.76582469999998, 52.899776200000005], [83.76583809999998, 52.89987980000001], [83.76584619999998, 52.8999121], [83.7658489, 52.899951], [83.7658784, 52.9001192], [83.7659401, 52.90040239999999], [83.7659669, 52.9004719], [83.7659964, 52.90053660000001], [83.7660232, 52.9005706], [83.7660956, 52.9006693], [83.76614929999998, 52.900737299999996], [83.7662163, 52.9008392], [83.76625659999999, 52.9009071], [83.7662888, 52.90097670000001], [83.7662888, 52.90104300000001], [83.766278, 52.9010754], [83.76625119999999, 52.90110779999999], [83.7661761, 52.901162799999994], [83.76601249999999, 52.9012275], [83.76595879999999, 52.9012307], [83.7659052, 52.901232300000004], [83.7658113, 52.901255000000006], [83.7657684, 52.901276], [83.76573349999998, 52.90130349999999], [83.76571479999998, 52.90133590000001], [83.76571209999999, 52.90136819999999], [83.76572279999999, 52.901399000000005], [83.7657523, 52.90143299999999], [83.7657872, 52.9014588], [83.76582469999998, 52.90148800000001], [83.76585689999999, 52.90155270000001], [83.76587029999999, 52.9016174], [83.7658864, 52.901648099999996], [83.7659267, 52.90167889999999], [83.76601249999999, 52.9017209], [83.7662619, 52.90180990000001], [83.76657839999999, 52.90191989999999], [83.7666382, 52.9019469], [83.76677959999999, 52.9020105], [83.7668627, 52.9020558], [83.7669137, 52.9020801], [83.7670398, 52.90215779999999], [83.7674019, 52.90248460000001], [83.7674394, 52.90251369999999], [83.76747969999998, 52.902538], [83.76757619999998, 52.9025784], [83.7677371, 52.902622099999995], [83.76780959999999, 52.9026318], [83.76786859999999, 52.90263499999999], [83.7681261, 52.90263019999999], [83.76824409999999, 52.902614], [83.7683541, 52.9025962], [83.76864909999999, 52.9025315], [83.7687832, 52.9025169], [83.76883949999998, 52.90251529999999], [83.7689012, 52.9025185], [83.7689576, 52.9025266], [83.7690085, 52.90253959999999], [83.76905409999999, 52.902560599999994], [83.7694377, 52.902614], [83.76955569999998, 52.9026188], [83.76985609999998, 52.90262049999999], [83.77008409999999, 52.9026318], [83.7701485, 52.90264150000001], [83.77021279999998, 52.90265440000001], [83.77031209999998, 52.90268679999999], [83.7704971, 52.902774199999996], [83.77054269999998, 52.9027984], [83.77069559999998, 52.90286309999999], [83.7707385, 52.90288579999999], [83.7707841, 52.90290360000001], [83.7709451, 52.90297309999999], [83.7710953, 52.9030282], [83.7712991, 52.90309289999999], [83.7714091, 52.903133299999986], [83.77212119999999, 52.903363799999994], [83.77217079999998, 52.903379199999996], [83.77231969999998, 52.903434199999985], [83.77238809999999, 52.9034698], [83.7724417, 52.9035143], [83.7727086, 52.9036761], [83.7727757, 52.9037109], [83.77282660000002, 52.90373110000001], [83.77292719999998, 52.90376179999999], [83.7729849, 52.9037756], [83.7730774, 52.90379089999999], [83.7731981, 52.90380230000001], [83.77329199999998, 52.90380629999999], [83.7733577, 52.903812], [83.7736367, 52.9038112], [83.773697, 52.9038079], [83.7737936, 52.9037942], [83.77384989999999, 52.9037812], [83.7739371, 52.9037521], [83.77403769999998, 52.9037076], [83.774094, 52.903687399999995], [83.7741208, 52.9036809], [83.7741517, 52.90367929999999], [83.7741825, 52.9036834], [83.77420529999999, 52.90369149999999], [83.77424549999999, 52.903715699999985], [83.7742737, 52.90374400000001], [83.77436219999998, 52.9038031], [83.7744266, 52.9038549], [83.77454999999999, 52.9039713], [83.7746733, 52.904081299999994], [83.77479669999998, 52.90420110000001], [83.77490399999999, 52.90432400000001], [83.77501670000001, 52.9044405], [83.7751347, 52.90455699999998], [83.77520440000002, 52.9046184], [83.7752634, 52.9046767], [83.7755263, 52.9050455], [83.7755531, 52.9051135], [83.7755638, 52.9051782], [83.7755692, 52.90524609999999], [83.7755585, 52.9053755], [83.7755638, 52.905440299999995], [83.7755853, 52.90550499999999], [83.7756658, 52.9056344], [83.77571939999999, 52.9056926], [83.7757784, 52.9057476], [83.7759152, 52.905857600000004], [83.7761834, 52.90601620000001], [83.7762612, 52.9060728], [83.7763819, 52.90615039999999], [83.77642749999998, 52.9061731], [83.7764785, 52.90619730000001], [83.77688879999998, 52.9064271], [83.776921, 52.90646099999999], [83.7771142, 52.9066729], [83.7771437, 52.9067037], [83.7772161, 52.9067668], [83.7773421, 52.906845999999994], [83.777436, 52.9068913], [83.7775326, 52.9069285], [83.77798319999998, 52.9070644], [83.7781307, 52.9071259], [83.7781683, 52.907151799999994], [83.77820309999998, 52.90718249999999], [83.7782541, 52.907250499999996], [83.7782729, 52.907284399999995], [83.778297, 52.90738470000001], [83.77830239999999, 52.90745429999999], [83.77831039999998, 52.907519], [83.7783292, 52.907590199999994], [83.77834259999999, 52.9076225], [83.77841769999999, 52.907750300000004], [83.7784687, 52.907816600000004], [83.77850089999998, 52.9078474], [83.778592, 52.90790400000001], [83.7786832, 52.90795090000001], [83.7787825, 52.90799460000001], [83.77883879999999, 52.908014], [83.77894339999999, 52.90804149999999], [83.77899709999998, 52.90805119999999], [83.7790588, 52.9080544], [83.77912849999998, 52.9080528], [83.77924109999998, 52.9080334], [83.7792948, 52.90802039999999], [83.7794074, 52.9079865], [83.7794664, 52.9079719], [83.7795281, 52.9079655], [83.7795898, 52.9079752], [83.7796435, 52.9079865], [83.78001359999999, 52.9081159], [83.78031129999998, 52.9082324], [83.7803677, 52.9082502], [83.78041859999999, 52.9082615], [83.78052319999999, 52.9082938], [83.78057959999998, 52.908303499999995], [83.78063859999999, 52.90831159999999], [83.7806922, 52.90831490000001], [83.78081559999998, 52.9083165], [83.78120989999998, 52.90828739999999], [83.78134129999998, 52.90828739999999], [83.7815827, 52.908306800000005], [83.7816524, 52.9083181], [83.7817061, 52.90833270000001], [83.781808, 52.9083569], [83.7821406, 52.9083925], [83.78219689999999, 52.9083925], [83.7823123, 52.9083796], [83.78242490000001, 52.90836019999998], [83.7824759, 52.908344], [83.78257240000002, 52.908305199999994], [83.7826154, 52.90828249999999], [83.78265559999998, 52.90825819999999], [83.78279509999999, 52.908179], [83.7828407, 52.908159600000005], [83.78299889999998, 52.9081046], [83.78305519999999, 52.908096500000006], [83.7832323, 52.908096500000006], [83.783353, 52.908111], [83.7834576, 52.90813369999999], [83.7836641, 52.9081903], [83.78389210000002, 52.9082356], [83.7845117, 52.908447499999994], [83.7846538, 52.90852189999999], [83.7846914, 52.9085526], [83.78477989999999, 52.9086449], [83.7848175, 52.9086707], [83.78486839999998, 52.908693400000004], [83.7850347, 52.908751599999995], [83.78509099999998, 52.908766199999995], [83.7851474, 52.9087726], [83.78526, 52.9087726], [83.7854317, 52.9087484], [83.7854934, 52.9087484], [83.7855524, 52.90875479999999], [83.78560600000002, 52.9087629], [83.7856516, 52.90878399999999], [83.78568919999998, 52.90881149999999], [83.7857214, 52.9088438], [83.7857482, 52.9088762], [83.7857696, 52.9089134], [83.7857857, 52.9089506], [83.78580719999998, 52.9090185], [83.78580989999999, 52.90905250000001], [83.78579379999998, 52.9092401], [83.7857562, 52.90930319999998], [83.7857294, 52.90933229999999], [83.7856436, 52.909416400000005], [83.78562209999998, 52.9094472], [83.78560869999998, 52.909486], [83.78561139999998, 52.90952159999999], [83.78562209999998, 52.909552299999994], [83.7856436, 52.90958139999999], [83.7856704, 52.9096138], [83.7857348, 52.909670399999996], [83.7857723, 52.9096995], [83.7858582, 52.909744800000006], [83.78591179999998, 52.90976100000001], [83.7860244, 52.90978040000001], [83.78613709999999, 52.9097933], [83.7863141, 52.9097982], [83.7864402, 52.90978040000001], [83.7866226, 52.909743199999994], [83.7869149, 52.909667199999994], [83.78708389999998, 52.9096267], [83.78720189999999, 52.9096041], [83.78725829999999, 52.9095992], [83.7873146, 52.9095992], [83.787438, 52.90961219999999], [83.7875479, 52.90964129999999], [83.7878296, 52.909764200000005], [83.7879342, 52.9097982], [83.7879905, 52.90981109999999], [83.7881085, 52.909825700000006], [83.78822649999998, 52.9098289], [83.78828559999998, 52.909825700000006], [83.7883446, 52.9098192], [83.7885028, 52.909770699999996], [83.7885994, 52.9097254], [83.7887871, 52.9095863], [83.78883269999999, 52.909561999999994], [83.7888837, 52.9095426], [83.78893999999998, 52.909532899999995], [83.7889937, 52.9095297], [83.7891063, 52.9095297], [83.7892216, 52.9095426], [83.78933429999998, 52.90956690000001], [83.7895408, 52.9096348], [83.78958909999999, 52.909655799999996], [83.78962669999999, 52.9096801], [83.7896588, 52.9097108], [83.78969369999999, 52.90977549999999], [83.7896964, 52.90981270000001], [83.78967229999999, 52.9098791], [83.78965619999998, 52.9099114], [83.7896374, 52.909942199999996], [83.7896052, 52.9100052], [83.78958109999999, 52.910069899999996], [83.78958109999999, 52.910103899999996], [83.7895918, 52.9101363], [83.78961319999999, 52.910166999999994], [83.78964809999998, 52.910192900000006], [83.7896964, 52.9102107], [83.78976079999998, 52.91021390000001], [83.7898198, 52.910208999999995], [83.7899378, 52.91018639999999], [83.79010139999998, 52.91013459999999], [83.790147, 52.9101152], [83.7901899, 52.91009259999999], [83.7903133, 52.91001659999999], [83.7904716, 52.9099066], [83.7905708, 52.90985320000001], [83.79062439999998, 52.909833799999994], [83.7906834, 52.90982249999999], [83.79074509999998, 52.909817600000004], [83.79081219999999, 52.909817600000004], [83.7909302, 52.90982249999999], [83.79104819999999, 52.909833799999994], [83.79110989999998, 52.90984509999999], [83.7912279, 52.9098548], [83.7914506, 52.909892000000006], [83.7915042, 52.9098952], [83.7916249, 52.9098952], [83.79173489999998, 52.90988070000001], [83.7917885, 52.9098694], [83.79189039999999, 52.909837], [83.79206479999999, 52.909744800000006], [83.79226329999999, 52.90964290000001], [83.79236789999999, 52.90960570000001], [83.7924725, 52.9095798], [83.7925959, 52.90955559999999], [83.7928373, 52.9095119], [83.7930545, 52.909465], [83.79339519999999, 52.90935339999999], [83.7936044, 52.9092741], [83.79371169999999, 52.909245], [83.7937734, 52.909233699999994], [83.793894, 52.9092191], [83.7940872, 52.9092191], [83.7941462, 52.909224], [83.7942025, 52.90922719999999], [83.79426149999999, 52.909232], [83.79437679999998, 52.9092514], [83.79449749999999, 52.9092514], [83.7946209, 52.9092563], [83.7947389, 52.9092531], [83.7947953, 52.9092466], [83.7948489, 52.90923529999999], [83.79490519999999, 52.909222299999996], [83.7950233, 52.909202900000004], [83.7950769, 52.90920450000001], [83.7951922, 52.909222299999996], [83.7952459, 52.9092417], [83.795329, 52.9092838], [83.7954068, 52.9093372], [83.7954658, 52.909397], [83.7955302, 52.90960570000001], [83.79557040000002, 52.9097254], [83.79558649999998, 52.9097578], [83.7956348, 52.9098208], [83.79570719999998, 52.909883900000004], [83.79578499999998, 52.90993410000001], [83.7958574, 52.90999229999999], [83.7958842, 52.9100263], [83.79592179999999, 52.91009259999999], [83.79593519999999, 52.910128199999996], [83.7959567, 52.9101621], [83.79600760000001, 52.91022360000001], [83.79604249999998, 52.91025599999999], [83.796072, 52.91028180000001], [83.79614169999999, 52.9103336], [83.79621419999998, 52.91038859999998], [83.79664599999998, 52.910671699999995], [83.7966889, 52.91070080000001], [83.79675599999999, 52.91075250000001], [83.7967962, 52.9107817], [83.7968981, 52.9108722], [83.79696249999999, 52.9109386], [83.7970349, 52.9110356], [83.7971181, 52.911165], [83.7972173, 52.9112912], [83.79728169999998, 52.911347799999994], [83.7974024, 52.9114335], [83.7974399, 52.9114594], [83.797743, 52.9116211], [83.7978959, 52.911692300000006], [83.7980327, 52.91177], [83.7980783, 52.9117991], [83.79818829999999, 52.911888000000005], [83.79822309999999, 52.9119204], [83.7982607, 52.911949500000006], [83.79832769999999, 52.912004499999995], [83.7984538, 52.9120821], [83.7984994, 52.9121048], [83.7985504, 52.9121242], [83.7986013, 52.9121404], [83.79866299999999, 52.9121549], [83.79871669999999, 52.9121598], [83.79884539999999, 52.9121582], [83.7989044, 52.91215329999999], [83.7990224, 52.91212899999999], [83.7990788, 52.91211609999999], [83.79917529999999, 52.91208050000001], [83.79927719999999, 52.9120336], [83.7994328, 52.91197540000001], [83.7994865, 52.911960799999996], [83.79959639999998, 52.91193820000001], [83.79987539999999, 52.91191549999999], [83.7999344, 52.91191549999999], [83.8000524, 52.91192519999999], [83.80010599999999, 52.9119333], [83.80021599999999, 52.911956], [83.8003126, 52.9119916], [83.8004065, 52.9120401], [83.8004413, 52.912065999999996], [83.80050299999999, 52.9121209], [83.8005754, 52.9122131], [83.80062099999999, 52.91227299999999], [83.8006532, 52.9123005], [83.80069609999998, 52.912323099999995], [83.8007444, 52.912340900000004], [83.80080069999998, 52.9123361], [83.80085440000002, 52.912328], [83.800908, 52.9123118], [83.8009563, 52.9122892], [83.8010663, 52.9122002], [83.80114139999999, 52.9121371], [83.80122179999998, 52.91208700000001], [83.80126739999999, 52.912065999999996], [83.80131839999999, 52.9120482], [83.80154099999999, 52.9120158], [83.8017127, 52.9120158], [83.80183069999998, 52.912030400000006], [83.8018817, 52.9120449], [83.8019353, 52.91206429999999], [83.8020748, 52.9121226], [83.8023162, 52.912239], [83.80245569999998, 52.9123134], [83.80255220000001, 52.91235709999999], [83.80274, 52.9124622], [83.8028687, 52.912538299999994], [83.8029572, 52.91258189999999], [83.8030136, 52.912601300000006], [83.8030672, 52.912612700000004], [83.8031664, 52.91264019999999], [83.80328179999998, 52.9126563], [83.80350439999998, 52.91264019999999], [83.8035688, 52.9126305], [83.803668, 52.9125932], [83.80375919999999, 52.912548], [83.80381019999999, 52.912535000000005], [83.8039201, 52.91252049999999], [83.8039738, 52.9125221], [83.8040945, 52.9125366], [83.80441369999998, 52.912609399999994], [83.80447, 52.912623999999994], [83.80452099999998, 52.9126369], [83.8046229, 52.9126725], [83.80467379999999, 52.9126984], [83.80475699999998, 52.91274690000001], [83.8048267, 52.9128035], [83.8048536, 52.9128326], [83.80487229999999, 52.91286339999999], [83.80490990000001, 52.91298630000001], [83.80490449999999, 52.91302029999999], [83.8048831, 52.91312219999998], [83.80478919999999, 52.9132774], [83.8047409, 52.913340500000004], [83.8047221, 52.91337119999999], [83.8047087, 52.9134036], [83.80470339999998, 52.9134764], [83.8047248, 52.9135783], [83.80474359999998, 52.9137174], [83.8047463, 52.914011699999996], [83.804698, 52.9140716], [83.80455849999998, 52.914184799999994], [83.8044807, 52.914236599999995], [83.8044003, 52.9142786], [83.80435469999999, 52.91429959999999], [83.8042098, 52.91435299999999], [83.8041562, 52.9143676], [83.8041025, 52.914377300000005], [83.8040516, 52.9143886], [83.80390139999999, 52.9144355], [83.8038585, 52.9144549], [83.803829, 52.914480799999986], [83.80383699999999, 52.91451309999999], [83.80387449999999, 52.914542199999985], [83.8039201, 52.914566499999985], [83.80401940000002, 52.914598899999994], [83.80407299999999, 52.91461019999999], [83.8041991, 52.91461989999999], [83.8043278, 52.91461989999999], [83.8044485, 52.914615], [83.8045049, 52.91461019999999], [83.8046175, 52.91459559999999], [83.80511369999999, 52.91454550000001], [83.805221, 52.914517999999994], [83.80527469999998, 52.91450499999999], [83.805331, 52.914492100000004], [83.80539269999998, 52.91447920000001], [83.8055134, 52.9144598], [83.80580569999998, 52.9144258], [83.8059854, 52.91442260000001], [83.8061759, 52.91442899999999], [83.8063019, 52.914430599999996], [83.80636359999998, 52.9144339], [83.80641999999999, 52.914440299999995], [83.8065863, 52.9144646], [83.8066909, 52.9144889], [83.8068974, 52.9145519], [83.8070986, 52.91462959999999], [83.8071468, 52.9146522], [83.8071871, 52.914674899999994], [83.8072273, 52.9146991], [83.8072944, 52.9147557], [83.8073239, 52.91478649999999], [83.8075814, 52.91504359999999], [83.80761349999999, 52.915079199999994], [83.8076752, 52.9151439], [83.8077369, 52.91519890000001], [83.807871, 52.91527809999999], [83.80797299999999, 52.9153202], [83.80802659999999, 52.91533799999998], [83.8081473, 52.91535090000001], [83.80820359999998, 52.915344499999996], [83.8082519, 52.9153299], [83.80830289999999, 52.915307299999995], [83.8083351, 52.91527979999999], [83.8083512, 52.9152426], [83.8083538, 52.91520380000001], [83.808319, 52.915024200000005], [83.8083136, 52.9149531], [83.80853889999999, 52.91473469999999], [83.8086274, 52.914686199999984], [83.80877489999999, 52.914627999999986], [83.80882589999999, 52.91461180000001], [83.8088796, 52.9146021], [83.8091102, 52.914566499999985], [83.8091639, 52.914559999999994], [83.80933819999998, 52.914559999999994], [83.8094026, 52.914566499999985], [83.80946959999999, 52.9145762], [83.8095286, 52.9145843], [83.8097084, 52.9146166], [83.8098103, 52.9146441], [83.8099095, 52.91467970000001], [83.8099658, 52.9146943], [83.8101321, 52.91474929999999], [83.81018309999999, 52.914762200000006], [83.8107866, 52.914869], [83.8108537, 52.9148803], [83.8110682, 52.9149417], [83.8111165, 52.91496109999999], [83.8111594, 52.9149854], [83.8111916, 52.915011299999996], [83.8112238, 52.91504359999999], [83.81123449999998, 52.91507759999999], [83.8112238, 52.9151083], [83.81113529999999, 52.91519730000001], [83.81109770000002, 52.9152248], [83.810969, 52.9152943], [83.81086709999998, 52.91533799999998], [83.81070879999999, 52.9153978], [83.8106632, 52.9154189], [83.8105559, 52.91544639999999], [83.81020989999999, 52.915567700000004], [83.81016700000002, 52.91559519999999], [83.8101375, 52.9156226], [83.810116, 52.915656600000005], [83.8100946, 52.915724499999996], [83.81007849999999, 52.9157601], [83.81007579999999, 52.9157941], [83.8100839, 52.915828000000005], [83.81010529999999, 52.9158588], [83.8101643, 52.915917], [83.8102019, 52.915944499999995], [83.81023410000002, 52.9159768], [83.8102528, 52.91601239999999], [83.8102689, 52.916048], [83.81028499999998, 52.9161143], [83.81026629999998, 52.9161806], [83.8102475, 52.916211399999995], [83.8102448, 52.91624209999999], [83.8102582, 52.916274399999985], [83.81029579999999, 52.9163019], [83.8104057, 52.916329399999995], [83.8105211, 52.916332700000005], [83.81057639999999, 52.91633519999999], [83.8106954, 52.916324599999996], [83.8108027, 52.916305200000004], [83.81090459999999, 52.9162777], [83.81105209999998, 52.916217800000005], [83.8111004, 52.9161968], [83.8120499, 52.915616199999995], [83.81259169999998, 52.9153493], [83.8126507, 52.9153283], [83.8127044, 52.91531369999999], [83.81281969999999, 52.9152911], [83.8129431, 52.9152765], [83.81299939999998, 52.9152765], [83.81321129999999, 52.9152895], [83.8133883, 52.915307299999995], [83.8135734, 52.915321799999994], [83.81381749999998, 52.91533799999998], [83.81404009999999, 52.9153493], [83.81428149999999, 52.9153768], [83.81434859999999, 52.9153865], [83.81445849999999, 52.915415599999996], [83.81455509999999, 52.915454399999994], [83.81465169999998, 52.91550130000001], [83.8146919, 52.91552560000001], [83.8147375, 52.9155515], [83.81477769999998, 52.915579], [83.8155314, 52.91589919999999], [83.81568969999998, 52.915938], [83.81580229999999, 52.9159558], [83.81591229999998, 52.9159671], [83.81602229999999, 52.91597199999999], [83.81632269999999, 52.91599459999998], [83.816379, 52.9160043], [83.81706299999999, 52.916201699999995], [83.81749209999998, 52.9162599], [83.8176692, 52.9162518], [83.81790790000001, 52.91625020000001], [83.8180259, 52.91626149999999], [83.8182136, 52.9163116], [83.81867769999998, 52.9164006], [83.8187367, 52.9164087], [83.8188547, 52.9164184], [83.81904779999999, 52.9164168], [83.81922480000001, 52.91640539999999], [83.8195145, 52.91636820000001], [83.8196889, 52.91635529999999], [83.8197505, 52.91635529999999], [83.8202146, 52.916386], [83.8202736, 52.9163957], [83.8203219, 52.9164135], [83.82047739999999, 52.916458799999994], [83.8206276, 52.91651060000001], [83.8207269, 52.916542899999996], [83.82124719999999, 52.916719199999996], [83.8213867, 52.91677899999999], [83.82142419999998, 52.9168049], [83.821443, 52.9168389], [83.8214645, 52.9169068], [83.8214752, 52.9171478], [83.82150739999999, 52.9172788], [83.8215396, 52.917346699999996], [83.82162, 52.91747290000001], [83.821789, 52.9176863], [83.8218024, 52.91771870000001], [83.8218185, 52.9178189], [83.8218185, 52.91785449999999], [83.82175149999999, 52.9179435], [83.8217112, 52.9179677], [83.82166829999998, 52.9179888], [83.8215718, 52.91802759999999], [83.82152349999998, 52.918048600000006], [83.8214779, 52.91806640000001], [83.8213733, 52.91809870000001], [83.821274, 52.91813749999999], [83.82122309999998, 52.91816179999999], [83.8210139, 52.9182815], [83.8209254, 52.9183284], [83.82082339999998, 52.918365599999994], [83.8207296, 52.91839470000001], [83.82068399999999, 52.9184125], [83.8206276, 52.9184222], [83.8204586, 52.91844], [83.8203514, 52.9184594], [83.8203058, 52.9184804], [83.82026819999999, 52.91850469999999], [83.8202387, 52.9185322], [83.82021719999999, 52.91856129999999], [83.8201958, 52.9186276], [83.8201985, 52.918663200000005], [83.8202146, 52.9186955], [83.8202414, 52.9187246], [83.82028429999998, 52.918747199999984], [83.8203326, 52.9187634], [83.8204399, 52.9187909], [83.8206705, 52.918818400000006], [83.82114259999999, 52.9188216], [83.82120969999998, 52.918818400000006], [83.8212714, 52.9188136], [83.8213277, 52.9188055], [83.82144029999999, 52.918782799999995], [83.821494, 52.918768299999996], [83.82160399999998, 52.9187295], [83.82224499999998, 52.9184804], [83.82256689999998, 52.918320300000005], [83.8226554, 52.9182702], [83.8227305, 52.91821999999999], [83.8227707, 52.9181877], [83.8228163, 52.918157], [83.82288869999998, 52.9180971], [83.82298259999999, 52.918003299999995], [83.82318109999999, 52.9177494], [83.823216, 52.9177219], [83.8233072, 52.91767990000001], [83.82340909999999, 52.9176459], [83.8234681, 52.9176313], [83.8235861, 52.9176103], [83.8237578, 52.91759249999999], [83.8238758, 52.9175877], [83.82392939999998, 52.91759089999999], [83.8239858, 52.91759249999999], [83.8242164, 52.9176119], [83.82433979999999, 52.9176313], [83.82439339999999, 52.91764269999999], [83.8250291, 52.9177284], [83.8250989, 52.917734800000005], [83.8251606, 52.917734800000005], [83.8252169, 52.91773320000001], [83.82527319999998, 52.9177284], [83.82539389999998, 52.91770409999999], [83.82549579999998, 52.91767499999999], [83.8255441, 52.9176524], [83.8256246, 52.9176022], [83.82565409999998, 52.9175715], [83.82567289999999, 52.91753919999999], [83.8256755, 52.91750520000001], [83.8256755, 52.9174712], [83.8256648, 52.9173661], [83.8256434, 52.91729980000001], [83.82560849999999, 52.917228599999994], [83.82558699999998, 52.9171947], [83.8255307, 52.9171316], [83.82545559999998, 52.9170669], [83.82537249999999, 52.91701350000001], [83.82517929999999, 52.916827600000005], [83.82518199999998, 52.9167936], [83.8252008, 52.9167596], [83.825241, 52.9167321], [83.825292, 52.916715999999994], [83.8253483, 52.916707900000006], [83.82546360000002, 52.916699799999996], [83.82576940000001, 52.9166982], [83.82594639999999, 52.91669329999999], [83.82606709999999, 52.916683600000006], [83.82612619999999, 52.91667230000001], [83.8263541, 52.91661249999999], [83.8263997, 52.9165882], [83.82643999999999, 52.91656549999999], [83.8264775, 52.91653639999999], [83.8265097, 52.9165057], [83.8265741, 52.91641030000001], [83.82663039999998, 52.9163084], [83.8266546, 52.916274399999985], [83.8267672, 52.91614179999999], [83.8268235, 52.9160448], [83.82683159999999, 52.91601239999999], [83.8268343, 52.9159461], [83.82673769999998, 52.9157488], [83.8267109, 52.91571810000001], [83.8266036, 52.915638799999996], [83.8264722, 52.915567700000004], [83.82642389999998, 52.9155402], [83.826381, 52.9155208], [83.82634339999998, 52.9154965], [83.8262871, 52.91543829999999], [83.8262764, 52.9154043], [83.8262871, 52.9153348], [83.8263541, 52.91527809999999], [83.8264024, 52.91525709999999], [83.82651509999998, 52.91523449999998], [83.82663039999998, 52.915228], [83.82702739999999, 52.915266800000005], [83.82735999999998, 52.9153299], [83.82746989999998, 52.9153574], [83.82752899999998, 52.9153703], [83.82775159999998, 52.915431799999986], [83.8278079, 52.9154447], [83.8278615, 52.91545120000001], [83.8279206, 52.91545279999999], [83.8280359, 52.915439899999996], [83.8280895, 52.91542859999999], [83.8281405, 52.915409199999985], [83.8281861, 52.9153865], [83.8282344, 52.9153558], [83.8283068, 52.9152943], [83.8283309, 52.915263599999996], [83.8284945, 52.9149741], [83.8285214, 52.914906200000004], [83.82858309999999, 52.914797799999995], [83.8286287, 52.9147363], [83.8286796, 52.91467000000001], [83.82870909999998, 52.9146377], [83.8290846, 52.9142527], [83.8291249, 52.914184799999994], [83.82913559999999, 52.9141153], [83.8291329, 52.9140813], [83.8291195, 52.9140489], [83.82906849999999, 52.91397940000001], [83.82894779999998, 52.91385650000001], [83.82892639999999, 52.91382569999999], [83.82891299999999, 52.91378850000001], [83.8289103, 52.9137546], [83.82892369999999, 52.91371899999999], [83.8289559, 52.9136866], [83.82900419999999, 52.9136688], [83.8290632, 52.913659100000004], [83.8291168, 52.9136624], [83.8291705, 52.913670499999995], [83.82922949999998, 52.913684999999994], [83.8293314, 52.913720599999984], [83.8294333, 52.9137546], [83.82965859999999, 52.9137999], [83.8297847, 52.9138193], [83.82984100000002, 52.91382409999999], [83.82996169999998, 52.91382409999999], [83.83007439999999, 52.9138193], [83.83018969999999, 52.91380790000001], [83.8304284, 52.9137643], [83.8305411, 52.9137352], [83.830592, 52.91371899999999], [83.8316166, 52.913584699999994], [83.83174269999999, 52.91358799999999], [83.8318554, 52.9135944], [83.8319117, 52.9136058], [83.8320136, 52.91363650000001], [83.8321424, 52.91370439999999], [83.8321879, 52.9137303], [83.8322362, 52.9137546], [83.83232209999998, 52.9138015], [83.832365, 52.913829], [83.8324562, 52.9138775], [83.8326225, 52.91396970000001], [83.8327324, 52.914013399999995], [83.832829, 52.91404730000001], [83.83297649999999, 52.91410719999999], [83.8330597, 52.914167000000006], [83.8330892, 52.914194499999994], [83.83311599999999, 52.914230100000005], [83.8331294, 52.9142641], [83.83316159999998, 52.91459559999999], [83.83316159999998, 52.9146975], [83.8331562, 52.914762200000006], [83.8331562, 52.914797799999995], [83.8331696, 52.91486729999999], [83.83318569999999, 52.91490290000001], [83.83320719999999, 52.914932], [83.83328229999998, 52.9150064], [83.83332519999999, 52.9150291], [83.83337619999999, 52.91504689999999], [83.8334271, 52.9150598], [83.83384819999999, 52.91510349999999], [83.8339663, 52.91510989999999], [83.8340843, 52.9151083], [83.83414059999998, 52.91510349999999], [83.8341969, 52.91509049999999], [83.8342908, 52.91505659999999], [83.83433909999998, 52.9150323], [83.8343739, 52.9150032], [83.8343927, 52.91496920000001], [83.83441419999998, 52.9148997], [83.8344088, 52.91475089999999], [83.8343981, 52.9146846], [83.8343981, 52.91464899999999], [83.8344061, 52.9145487], [83.83441419999998, 52.91451309999999], [83.8344356, 52.9144824], [83.8344786, 52.91445649999999], [83.8345322, 52.91443869999999], [83.8345885, 52.9144274], [83.83464489999999, 52.9144209], [83.8347012, 52.9144112], [83.83476019999999, 52.9144145], [83.8348165, 52.9144242], [83.83487549999998, 52.914440299999995], [83.8349211, 52.91445809999998], [83.83496939999999, 52.914480799999986], [83.8350794, 52.914564899999995], [83.8351196, 52.9145875], [83.8352215, 52.914626299999995], [83.83539859999999, 52.9146652], [83.8354522, 52.91467159999999], [83.83557559999998, 52.91468299999999], [83.83568289999998, 52.91467810000001], [83.8357392, 52.91467000000001], [83.8359404, 52.91461180000001], [83.83609059999999, 52.914555199999995], [83.8361469, 52.91453899999999], [83.83620319999999, 52.9145261], [83.8362595, 52.9145196], [83.83632119999999, 52.91451469999999], [83.83645, 52.91451309999999], [83.83651169999999, 52.914517999999994], [83.8366243, 52.9145358], [83.83672889999998, 52.9145633], [83.8367772, 52.9145827], [83.83682549999999, 52.91461019999999], [83.8368604, 52.9146361], [83.8368952, 52.91466679999999], [83.83695159999999, 52.91473469999999], [83.8369998, 52.9148382], [83.83701859999998, 52.91490290000001], [83.83705879999998, 52.9153978], [83.83705079999999, 52.9155418], [83.8371151, 52.91584749999999], [83.8370937, 52.9163666], [83.83708829999999, 52.916399000000006], [83.8370857, 52.916429699999995], [83.8370857, 52.91653320000001], [83.8370937, 52.9165672], [83.8371044, 52.9166367], [83.83711780000002, 52.9166691], [83.8371366, 52.9167046], [83.83716609999999, 52.916803300000005], [83.8372171, 52.91709360000001], [83.83719559999999, 52.91713], [83.83718359999999, 52.9171631], [83.83718789999999, 52.917196999999994], [83.83637699999998, 52.9424547], [83.82536239999999, 52.95859010000001], [83.804413, 52.9626231], [83.805061, 52.9715982], [83.79814979999999, 52.9752398], [83.780872, 52.9777107], [83.7672718, 52.9908107], [83.7599342, 52.9913037], [83.77325029999999, 53.00272459999999], [83.7662974, 53.0070958], [83.7598824, 53.0107113], [83.7598139, 53.0114074], [83.7598246, 53.0117883], [83.7598085, 53.0118593], [83.75970659999999, 53.0120432], [83.7595617, 53.0121594], [83.75940079999998, 53.0122208], [83.7592452, 53.0122563], [83.75885899999999, 53.01229179999999], [83.75866049999999, 53.012362800000005], [83.7585425, 53.0124209], [83.7578773, 53.01311479999998], [83.75761449999999, 53.0134214], [83.7574857, 53.01357949999999], [83.7573784, 53.01380219999999], [83.75737309999998, 53.0139732], [83.7575662, 53.0143347], [83.75784509999998, 53.01468], [83.7579953, 53.0149382], [83.7580383, 53.0151028], [83.75802749999998, 53.01516730000001], [83.7579524, 53.01531580000001], [83.7578988, 53.01538029999998], [83.7577647, 53.01548679999999], [83.7569493, 53.01572569999999], [83.7554794, 53.015932199999995], [83.7551361, 53.016028999999996], [83.75491079999999, 53.01611939999999], [83.7547552, 53.0161968], [83.75461039999999, 53.0163001], [83.7544387, 53.0164776], [83.75368229999998, 53.017762], [83.75365549999998, 53.0179782], [83.75368229999998, 53.01810729999999], [83.7538004, 53.0183299], [83.75397739999998, 53.01854289999999], [83.7540364, 53.01860419999999], [83.75505559999999, 53.019207699999995], [83.7563216, 53.0196627], [83.7565469, 53.01973039999999], [83.7569385, 53.01979500000001], [83.7572336, 53.0198272], [83.75768959999999, 53.0198531], [83.757931, 53.0198531], [83.75815089999999, 53.0198434], [83.75847809999999, 53.019866], [83.75858539999999, 53.01988529999999], [83.7586873, 53.0199208], [83.75884829999998, 53.02002410000001], [83.7589073, 53.020078899999994], [83.75895019999999, 53.0201467], [83.7589609, 53.02027900000001], [83.75875709999998, 53.0207566], [83.7586552, 53.0214536], [83.7586713, 53.0216375], [83.7587034, 53.021718199999995], [83.75900379999999, 53.0222409], [83.7596047, 53.0228572], [83.7597173, 53.022937899999995], [83.76042539999999, 53.02361220000001], [83.76083309999999, 53.0242059], [83.76103159999998, 53.0245447], [83.76149289999998, 53.0257288], [83.7615251, 53.02643220000001], [83.76167529999998, 53.0270291], [83.7621849, 53.028045399999996], [83.762421, 53.0283583], [83.7625497, 53.028480899999984], [83.7629467, 53.028780999999995], [83.7630647, 53.0288423], [83.7634134, 53.0289842], [83.76412689999998, 53.02921969999999], [83.76540899999999, 53.029490700000004], [83.7657416, 53.029548799999986], [83.76654089999998, 53.0296553], [83.76675539999998, 53.029694], [83.76693780000001, 53.0297714], [83.7670076, 53.0298198], [83.76707729999998, 53.02987469999999], [83.76720599999999, 53.0301682], [83.7672543, 53.0303489], [83.76725970000001, 53.0304328], [83.76743669999999, 53.03097799999999], [83.7675225, 53.0311845], [83.7676298, 53.0316006], [83.767941, 53.031971599999984], [83.7679732, 53.0320361], [83.76801609999998, 53.03223609999999], [83.76802949999998, 53.032324900000006], [83.7679437, 53.0324893], [83.7677532, 53.0326587], [83.7675225, 53.0327652], [83.7673241, 53.03285549999999], [83.7669164, 53.03299099999999], [83.7657684, 53.03327809999999], [83.7648832, 53.03337169999998], [83.76439509999999, 53.03337169999998], [83.7638211, 53.0333459], [83.7637084, 53.033333], [83.7633812, 53.03326839999999], [83.763172, 53.03320709999999], [83.7629789, 53.03312], [83.7623512, 53.0326749], [83.7614876, 53.0321361], [83.7611121, 53.03196839999999], [83.76082239999998, 53.03185870000001], [83.7605005, 53.03175550000001], [83.75994259999999, 53.03166509999999], [83.75958319999998, 53.0316555], [83.759154, 53.03170059999999], [83.7590682, 53.0317426], [83.7589985, 53.0317974], [83.7588966, 53.03191999999999], [83.75888049999999, 53.0319845], [83.75888049999999, 53.03205549999999], [83.7589019, 53.03212], [83.75895819999998, 53.03222319999999], [83.75662279999999, 53.0335557], [83.75646109999998, 53.0346781], [83.75566239999999, 53.0351058], [83.7559398, 53.0352466], [83.75759659999999, 53.03615159999999], [83.7579667, 53.0363257], [83.75833149999998, 53.0365322], [83.758648, 53.03675479999999], [83.75889479999998, 53.0369644], [83.7591738, 53.03718380000001], [83.75945269999998, 53.03739019999999], [83.7597316, 53.0376225], [83.75998909999998, 53.037841799999995], [83.760311, 53.038074], [83.7606114, 53.038280499999985], [83.7615395, 53.03915459999999], [83.7617808, 53.0394771], [83.7619471, 53.0396868], [83.7620169, 53.0399674], [83.76199719999998, 53.0401261], [83.76195789999998, 53.040296299999994], [83.761915, 53.0405157], [83.76177009999999, 53.04071890000001], [83.7616629, 53.040893], [83.761341, 53.04113180000001], [83.7594742, 53.0422025], [83.7592596, 53.0424477], [83.75923809999999, 53.0427057], [83.7593883, 53.0429508], [83.7602895, 53.0436345], [83.76245679999998, 53.044640699999995], [83.76275719999998, 53.0448471], [83.7630361, 53.0450535], [83.76329359999998, 53.0452728], [83.76350819999999, 53.04553079999999], [83.76361549999999, 53.0458017], [83.7635136, 53.046156399999994], [83.76327389999999, 53.0464861], [83.76297179999999, 53.046804699999996], [83.76248, 53.047085900000006], [83.762092, 53.0474142], [83.761856, 53.0479173], [83.761856, 53.04820099999999], [83.7619632, 53.048471899999996], [83.76201109999998, 53.0486303], [83.76435599999999, 53.061701899999996], [83.76727579999998, 53.06577], [83.7670214, 53.07303399999999], [83.7665355, 53.073093099999994], [83.7660956, 53.0731994], [83.76590789999999, 53.0732832], [83.76573619999999, 53.07342499999999], [83.7655967, 53.0736925], [83.7655753, 53.07391169999999], [83.76562889999998, 53.0740889], [83.7659132, 53.0745981], [83.7662083, 53.0751235], [83.7666535, 53.07584859999999], [83.76679299999999, 53.0763062], [83.76676079999999, 53.076557599999994], [83.7666374, 53.07680250000001], [83.7663477, 53.0770635], [83.76373529999998, 53.08827680000001], [83.7643647, 53.093253899999986], [83.75238479999999, 53.0963615], [83.75383789999998, 53.09710679999999], [83.75409010000001, 53.0973451], [83.7542295, 53.097454699999986], [83.75436899999998, 53.097570599999976], [83.7544441, 53.09762859999999], [83.754589, 53.0977413], [83.7548357, 53.09789589999999], [83.75532919999999, 53.098153599999996], [83.75542579999998, 53.0981955], [83.7555116, 53.098237399999995], [83.755812, 53.0983469], [83.75589789999998, 53.0983855], [83.7560588, 53.09848540000001], [83.7561285, 53.098536899999985], [83.75629479999999, 53.0986303], [83.7566543, 53.09879779999999], [83.7569332, 53.09890739999999], [83.7570298, 53.09893960000001], [83.75808659999998, 53.0991972], [83.758285, 53.0992649], [83.7588859, 53.09948069999999], [83.75958319999998, 53.09975769999999], [83.7599587, 53.0999413], [83.76096719999998, 53.10048559999999], [83.7611228, 53.1005758], [83.7612247, 53.1006209], [83.7613213, 53.1006595], [83.76163779999999, 53.100759399999994], [83.76175049999999, 53.1007851], [83.76186309999999, 53.10080130000001], [83.76218499999999, 53.1008302], [83.7625337, 53.1008592], [83.7629843, 53.100885], [83.76331149999999, 53.100914], [83.7635314, 53.10093969999999], [83.7643683, 53.1010557], [83.76448089999998, 53.1010782], [83.76460429999999, 53.1010911], [83.7649316, 53.1011072], [83.7651461, 53.1011072], [83.7653768, 53.10108790000001], [83.76550019999999, 53.1010654], [83.76569329999998, 53.1010203], [83.7660313, 53.1009623], [83.76625659999999, 53.10094300000001], [83.766498, 53.10094300000001], [83.766616, 53.100959100000004], [83.7670076, 53.101075], [83.7673294, 53.10114910000001], [83.767544, 53.1011877], [83.7677425, 53.101245699999986], [83.7678498, 53.1012715], [83.7679571, 53.10130689999999], [83.7681556, 53.10135520000001], [83.769148, 53.10172879999999], [83.7692445, 53.1017578], [83.7695396, 53.101880200000004], [83.7697381, 53.1019511], [83.7700385, 53.102038], [83.7702638, 53.10206380000001], [83.7703764, 53.10207020000001], [83.7706017, 53.102067000000005], [83.77179799999999, 53.102086299999996], [83.7721306, 53.10207020000001], [83.7727314, 53.1020284], [83.7729514, 53.1020026], [83.77351999999999, 53.10189630000001], [83.77380430000001, 53.10180609999999], [83.7740081, 53.10175459999999], [83.7741154, 53.1017353], [83.77445339999998, 53.101716], [83.77456599999998, 53.101716], [83.77466799999999, 53.101722399999986], [83.7747914, 53.10172879999999], [83.77524729999999, 53.1017997], [83.7754512, 53.1018673], [83.7755531, 53.101893100000005], [83.77645429999998, 53.10217010000001], [83.77656699999999, 53.10219910000001], [83.7767869, 53.102260300000005], [83.77710339999999, 53.10233759999999], [83.7774414, 53.10240199999999], [83.7778544, 53.1024954], [83.7784821, 53.1026918], [83.7785894, 53.1027273], [83.77869669999998, 53.10275300000001], [83.77890589999998, 53.10281100000001], [83.77964619999999, 53.1031041], [83.7797427, 53.10313310000001], [83.7798393, 53.1031621], [83.7799466, 53.1031814], [83.78016650000002, 53.1032104], [83.7806117, 53.1032361], [83.7818939, 53.1032184], [83.7821084, 53.10325389999999], [83.7822132, 53.1033029], [83.78293549999998, 53.1031238], [83.7836837, 53.1027821], [83.78607269999999, 53.10196069999999], [83.7894462, 53.1013269], [83.7978427, 53.099997099999996], [83.7994033, 53.0997061], [83.80026699999999, 53.0994002], [83.8009416, 53.099008899999994], [83.80135059999999, 53.0987012], [83.801669, 53.098391699999986], [83.8018463, 53.09819970000001], [83.8026718, 53.098189099999985], [83.8030793, 53.0981617], [83.8036412, 53.09811179999999], [83.8045103, 53.09811169999999], [83.8047624, 53.098115], [83.80529339999998, 53.0982293], [83.80579769999999, 53.0983839], [83.80624289999999, 53.0983791], [83.8065568, 53.09835489999999], [83.80686519999999, 53.0982728], [83.8074017, 53.0981504], [83.8075572, 53.09810209999999], [83.8080454, 53.098028], [83.8084745, 53.0980119], [83.808893, 53.098028], [83.8091934, 53.098063399999994], [83.80977809999999, 53.098189099999985], [83.8099873, 53.0982181], [83.8108456, 53.09834369999999], [83.8110548, 53.098424200000004], [83.81131769999999, 53.098498299999996], [83.81160739999999, 53.0985305], [83.8117978, 53.09851759999999], [83.8119963, 53.09849349999999], [83.8128492, 53.09832430000001], [83.8137612, 53.098203599999984], [83.8139597, 53.098171300000004], [83.8143003, 53.0980667], [83.8143861, 53.0980473], [83.81454169999999, 53.097999], [83.81461139999999, 53.0979604], [83.8148582, 53.097792899999995], [83.815231, 53.09758029999999], [83.8153624, 53.097464300000006], [83.8154215, 53.09740800000001], [83.81558779999999, 53.097332300000005], [83.81578359999999, 53.09723559999999], [83.81586939999998, 53.097214699999995], [83.8159579, 53.097203400000005], [83.81638169999998, 53.097226000000006], [83.816489, 53.097226000000006], [83.8167143, 53.0972453], [83.8168377, 53.09726460000001], [83.81735799999998, 53.0973935], [83.8174331, 53.097416], [83.81786229999999, 53.097577099999995], [83.81967539999998, 53.0981987], [83.820861, 53.0986239], [83.82093069999999, 53.0986593], [83.821274, 53.09888480000001], [83.821317, 53.09893960000001], [83.82134909999999, 53.099000800000006], [83.8214135, 53.099316400000006], [83.82144029999999, 53.0993808], [83.82153149999999, 53.09950969999999], [83.821671, 53.099622399999994], [83.82175149999999, 53.099680400000004], [83.8220036, 53.0998157], [83.82352709999999, 53.1007304], [83.82448729999999, 53.10162900000001], [83.8245356, 53.10168380000001], [83.8248199, 53.1019285], [83.8249755, 53.1020413], [83.82506669999998, 53.1021025], [83.82543149999998, 53.10233759999999], [83.82591959999999, 53.1025952], [83.82744849999999, 53.10325220000001], [83.8275129, 53.1032941], [83.8287467, 53.103812600000005], [83.83000189999998, 53.104051000000005], [83.83029159999998, 53.104121799999994], [83.83110699999999, 53.1041411], [83.8316059, 53.10419269999999], [83.83230859999999, 53.10436339999999], [83.8331401, 53.104701500000004], [83.8332206, 53.1047434], [83.83330639999998, 53.10479809999999], [83.83422909999999, 53.105735299999985], [83.8347977, 53.10607349999999], [83.83557559999998, 53.106595199999994], [83.83579019999999, 53.1067658], [83.8359672, 53.1070042], [83.8361549, 53.10720870000001], [83.836281, 53.10734550000001], [83.8364795, 53.10750650000001], [83.83702749999999, 53.1077535], [83.83732439999999, 53.1079381], [83.83754969999998, 53.1080798], [83.83769449999998, 53.10830349999999], [83.83788759999999, 53.10851130000001], [83.8380996, 53.10870769999998], [83.8390606, 53.10910890000001], [83.8354105, 53.11269970000001], [83.8261864, 53.1196398], [83.81306099999999, 53.13020300000001], [83.80796749999999, 53.13531720000001], [83.80704209999999, 53.140736399999994], [83.79873740000001, 53.149004399999995], [83.79440709999999, 53.1545163], [83.7949599, 53.155737900000005], [83.79603979999999, 53.1567238], [83.79730039999998, 53.1575627], [83.79845519999999, 53.1585034], [83.79871129999998, 53.159014000000006], [83.7987342, 53.15952630000001], [83.79858059999998, 53.1603329], [83.798069, 53.1617198], [83.7976228, 53.1625948], [83.79707859999999, 53.16315409999999], [83.79624359999998, 53.16420509999999], [83.79605049999999, 53.1645943], [83.7960166, 53.164901199999996], [83.79610959999998, 53.16527609999999], [83.7962866, 53.16556870000001], [83.79688879999999, 53.1661195], [83.79750429999999, 53.1664242], [83.7980871, 53.1666656], [83.7994637, 53.1669685], [83.8012039, 53.167419200000005], [83.803035, 53.1679614], [83.8044984, 53.1682903], [83.8067794, 53.1685788], [83.8090683, 53.16862039999999], [83.81301939999999, 53.1685047], [83.8140857, 53.168392299999994], [83.81552269999999, 53.1680847], [83.8176539, 53.16722709999999], [83.8189983, 53.1667876], [83.82058739999998, 53.1663052], [83.8213438, 53.1660318], [83.82197839999999, 53.1658626], [83.82322129999999, 53.165752000000005], [83.8241655, 53.16588070000001], [83.82824499999998, 53.166369700000004], [83.829251, 53.1663877], [83.83102169999998, 53.1664193], [83.8385889, 53.1686454], [83.8514502, 53.1717774], [83.85913199999999, 53.176140700000005], [83.8651242, 53.1793329], [83.86473650000002, 53.1807391], [83.86419539999999, 53.1821705], [83.861789, 53.1850699], [83.8598532, 53.186915600000006], [83.8590771, 53.18740940000001], [83.8581705, 53.1878176], [83.85607939999998, 53.188345999999996], [83.8522183, 53.1883341], [83.8471739, 53.188029], [83.846252, 53.1886685], [83.8419041, 53.1925962], [83.8387968, 53.197207999999996], [83.8408041, 53.1999758], [83.8409185, 53.2002488], [83.84114800000002, 53.200492999999994], [83.8416132, 53.2008289], [83.8416669, 53.20088179999999], [83.84173659999999, 53.20099439999999], [83.8417649, 53.20112279999999], [83.8418239, 53.2015567], [83.84181979999998, 53.2019133], [83.8418615, 53.2022572], [83.8419324, 53.202613799999995], [83.84223159999999, 53.2029512], [83.8430148, 53.20371600000001], [83.8437295, 53.204124], [83.84436659999999, 53.2043714], [83.84519929999999, 53.20477309999999], [83.84622269999998, 53.2049948], [83.847478, 53.2051297], [83.84923749999999, 53.2052197], [83.85097559999998, 53.2054639], [83.85264929999998, 53.20546379999998], [83.85335329999998, 53.205402799999995], [83.85411639999998, 53.2052615], [83.85472119999999, 53.20511359999999], [83.8552456, 53.204942499999994], [83.8563079, 53.20451270000001], [83.8568187, 53.20432], [83.8572895, 53.20418179999999], [83.8578635, 53.20412719999999], [83.8581008, 53.20415289999999], [83.85826709999999, 53.204194699999995], [83.8585662, 53.204390700000005], [83.858782, 53.204622], [83.85887209999999, 53.20483729999999], [83.85888399999999, 53.2049498], [83.8588291, 53.20508470000001], [83.85848579999998, 53.205550599999995], [83.8581264, 53.20599079999999], [83.8580364, 53.206202799999986], [83.85806199999999, 53.206395599999986], [83.85832610000001, 53.20674579999999], [83.85851789999998, 53.207063899999994], [83.8588411, 53.207635800000006], [83.85920999999999, 53.20802129999999], [83.85960819999998, 53.208332999999996], [83.85975179999998, 53.208728099999995], [83.8599837, 53.20918759999999], [83.86002009999999, 53.2094671], [83.8600373, 53.2097144], [83.8599718, 53.2099876], [83.8597947, 53.2103955], [83.85964039999999, 53.21079069999999], [83.8594193, 53.21123399999999], [83.85870039999999, 53.2123006], [83.8582981, 53.2129655], [83.8579237, 53.213502], [83.85784329999998, 53.2136193], [83.85767839999998, 53.21375259999999], [83.8572, 53.21401459999999], [83.85665209999999, 53.2142729], [83.8562898, 53.214463200000004], [83.85580869999998, 53.214686799999996], [83.8553059, 53.214668100000004], [83.8545978, 53.21471950000001], [83.8540077, 53.2148095], [83.85256999999999, 53.215149999999994], [83.85076760000001, 53.2156125], [83.8493943, 53.21603649999998], [83.8487077, 53.216332099999995], [83.8480532, 53.2167304], [83.8475958, 53.2170396], [83.847034, 53.2174949], [83.84547829999998, 53.21888889999999], [83.844738, 53.219736899999994], [83.8445127, 53.22015439999999], [83.8441801, 53.22088669999999], [83.8438797, 53.2219916], [83.8438797, 53.22256329999999], [83.84390110000001, 53.2230643], [83.84399099999999, 53.2235895], [83.84409760000001, 53.2239732], [83.84445899999999, 53.224638000000006], [83.8449311, 53.22519679999999], [83.84558559999999, 53.2258519], [83.8466155, 53.2267062], [83.84775279999998, 53.2276824], [83.8489973, 53.2287422], [83.84914749999999, 53.2289156], [83.84938360000001, 53.22941009999999], [83.849448, 53.22987249999999], [83.84941579999999, 53.230232199999996], [83.8491905, 53.2309579], [83.84898660000002, 53.231272600000004], [83.84850379999999, 53.23182489999999], [83.84776889999999, 53.2322519], [83.84707689999999, 53.2326212], [83.846004, 53.2330868], [83.8450009, 53.233404699999994], [83.84397629999998, 53.233857400000005], [83.8418536, 53.2349574], [83.84150859999998, 53.23536970000001], [83.84132149999999, 53.2359109], [83.84134399999999, 53.2362126], [83.8591668, 53.2363191], [83.871722, 53.2359092], [83.86829789999999, 53.23233570000001], [83.87154639999999, 53.23107439999999], [83.8770953, 53.23002329999999], [83.8788864, 53.227892499999996], [83.88045329999999, 53.22478569999999], [83.8839013, 53.2250781], [83.8906744, 53.22567289999999], [83.8953413, 53.229863699999996], [83.907305, 53.2363654], [83.90717449999998, 53.2364934], [83.9070779, 53.2366251], [83.90702429999999, 53.2368306], [83.9070618, 53.237296099999995], [83.9070672, 53.2373699], [83.9071047, 53.23750799999999], [83.9071423, 53.23757220000001], [83.90725489999998, 53.23770059999998], [83.9074534, 53.237874], [83.90764119999999, 53.23797999999999], [83.9077216, 53.2380377], [83.907904, 53.2381983], [83.9079952, 53.2383235], [83.90803279999999, 53.2383877], [83.90804889999998, 53.23846150000001], [83.9080435, 53.238525799999984], [83.90800589999999, 53.23859000000001], [83.90794689999998, 53.238651], [83.907786, 53.2387601], [83.90769480000002, 53.23880510000001], [83.9075017, 53.2388853], [83.9073944, 53.23891099999999], [83.9071584, 53.238939899999984], [83.90680430000002, 53.23893350000001], [83.90668090000001, 53.2389206], [83.9065736, 53.2388982], [83.90646639999999, 53.2388661], [83.9061874, 53.238721599999984], [83.9061016, 53.2386702], [83.90601569999998, 53.23863169999999], [83.9059085, 53.238593200000004], [83.90568849999998, 53.2385354], [83.90558119999999, 53.2385193], [83.90520570000001, 53.2385225], [83.9050984, 53.2385546], [83.9049911, 53.2385803], [83.9048839, 53.23859000000001], [83.9046532, 53.23856750000001], [83.90455659999999, 53.238538600000005], [83.9043635, 53.23845510000001], [83.90414360000001, 53.2384134], [83.9040202, 53.23841019999999], [83.90390219999999, 53.23843589999999], [83.90378419999999, 53.238468], [83.90367689999998, 53.238487199999994], [83.9035588, 53.2384936], [83.9034408, 53.23848399999999], [83.9033443, 53.23845510000001], [83.90306529999998, 53.23833309999999], [83.9029688, 53.238304199999995], [83.90274879999998, 53.2382753], [83.9024001, 53.2382529], [83.9022714, 53.238256099999994], [83.90203, 53.238285], [83.9019173, 53.2383106], [83.90181, 53.2383395], [83.90146139999999, 53.23839089999999], [83.9013541, 53.238416599999994], [83.901118, 53.2384294], [83.9010107, 53.2384262], [83.90078539999999, 53.23839089999999], [83.9004421, 53.23839089999999], [83.90033480000001, 53.238406999999995], [83.9002275, 53.23843910000001], [83.90013630000001, 53.23848399999999], [83.9000559, 53.2385322], [83.89995929999999, 53.23857709999999], [83.8998628, 53.23860599999999], [83.8997501, 53.238615599999996], [83.8996589, 53.23860599999999], [83.8994336, 53.2385579], [83.89933169999999, 53.2385193], [83.8992298, 53.23849040000001], [83.89911709999998, 53.23847760000001], [83.89900449999999, 53.2384808], [83.8988972, 53.2385001], [83.8987791, 53.2385097], [83.8985431, 53.2385097], [83.8982964, 53.2384936], [83.8979772, 53.23839569999999], [83.8977894, 53.2382898], [83.89754529999999, 53.2381774], [83.89693379999999, 53.23793020000001], [83.89649119999999, 53.2378355], [83.89611299999999, 53.2376782], [83.8959253, 53.23758829999999], [83.895539, 53.2374181], [83.89532450000002, 53.23735390000001], [83.8952225, 53.23731539999999], [83.89484169999999, 53.2372833], [83.8947236, 53.2372833], [83.89461099999998, 53.23729929999999], [83.8945091, 53.23732819999999], [83.89431599999999, 53.2374149], [83.8942248, 53.2374566], [83.89412279999999, 53.23748870000001], [83.8940048, 53.23749519999999], [83.8938814, 53.23748870000001], [83.8937688, 53.2374791], [83.89339859999998, 53.2374727], [83.89316259999998, 53.2374566], [83.8928246, 53.237398799999994], [83.892712, 53.237385999999994], [83.8922775, 53.2373089], [83.8919342, 53.237264], [83.8916981, 53.2372383], [83.8914728, 53.2372287], [83.8913655, 53.2372447], [83.8912636, 53.237273599999995], [83.8911831, 53.23731859999999], [83.8910866, 53.237402100000004], [83.8910743, 53.2374562], [83.89141379999998, 53.23784510000001], [83.8923955, 53.2385418], [83.89338249999999, 53.239277], [83.8943052, 53.24000579999999], [83.89480949999998, 53.24062700000001], [83.89504280000001, 53.2411487], [83.89526009999999, 53.2419144], [83.8952762, 53.2424199], [83.8953085, 53.2425398], [83.8954049, 53.2428982], [83.8958609, 53.24380349999999], [83.89620959999999, 53.2444488], [83.89620419999999, 53.2448468], [83.89621500000001, 53.2450747], [83.8963061, 53.245366799999985], [83.89653679999999, 53.2456108], [83.8968318, 53.2458547], [83.89729319999998, 53.246297699999985], [83.8981247, 53.2471772], [83.89826949999998, 53.247610599999994], [83.89833929999999, 53.24807599999998], [83.8983339, 53.2491448], [83.89751319999999, 53.252190799999994], [83.89714839999999, 53.2534858], [83.8965609, 53.25486419999999], [83.8962016, 53.25555740000001], [83.8962338, 53.2560244], [83.8966548, 53.2564464], [83.8967514, 53.25658109999999], [83.8968909, 53.256876399999996], [83.89693379999999, 53.257017600000005], [83.89694449999999, 53.2571524], [83.8969016, 53.2575824], [83.89632219999999, 53.25849379999999], [83.8956034, 53.2597388], [83.8953888, 53.26011750000001], [83.89502409999999, 53.260573199999996], [83.8945413, 53.2610737], [83.8937151, 53.2618182], [83.8934147, 53.2620043], [83.8932323, 53.2621647], [83.8929105, 53.26247920000001], [83.8928139, 53.26267169999999], [83.89237399999999, 53.2634482], [83.8919127, 53.2643466], [83.89089339999998, 53.26623320000001], [83.8891017, 53.2688384], [83.8877284, 53.27034629999999], [83.8848638, 53.27325269999998], [83.8830829, 53.27497859999999], [83.88148429999998, 53.2760243], [83.87851239999999, 53.2780002], [83.8759482, 53.2793602], [83.87414569999999, 53.280309599999995], [83.87122749999999, 53.2814835], [83.8682985, 53.2823687], [83.86703249999998, 53.28259959999999], [83.8664398, 53.2826669], [83.86524619999999, 53.282614], [83.8646534, 53.28251939999999], [83.86433689999998, 53.282429599999986], [83.8636797, 53.2822195], [83.8632747, 53.28205919999999], [83.8627759, 53.281878], [83.8622447, 53.2816422], [83.86200069999998, 53.281521999999995], [83.8616574, 53.2814546], [83.86131939999999, 53.281404900000005], [83.86061129999999, 53.28141939999999], [83.86017679999999, 53.281476999999995], [83.85918970000002, 53.2818683], [83.85829919999999, 53.2821057], [83.85655039999999, 53.2826317], [83.85621249999998, 53.2827936], [83.8560462, 53.2829139], [83.8559395, 53.28300180000001], [83.8556492, 53.2833116], [83.8555741, 53.28345269999999], [83.85555269999999, 53.283587399999995], [83.8556063, 53.2838568], [83.8558209, 53.284126199999996], [83.8563895, 53.284488599999996], [83.8567704, 53.284661799999995], [83.85712979999998, 53.2847869], [83.857736, 53.2849247], [83.8581383, 53.2850819], [83.8582563, 53.2851909], [83.85828849999999, 53.28531919999999], [83.85807389999998, 53.28581309999999], [83.8577306, 53.28599909999999], [83.85724779999998, 53.2861595], [83.8560891, 53.286377499999986], [83.85515569999998, 53.2864224], [83.8544905, 53.2863968], [83.85266659999999, 53.286185100000004], [83.852216, 53.2862172], [83.85196919999998, 53.2862685], [83.8517761, 53.2863326], [83.85145419999999, 53.2865379], [83.85028479999998, 53.2876218], [83.84937279999998, 53.2880868], [83.84713589999998, 53.2891482], [83.84411570000002, 53.29057199999999], [83.8430455, 53.2912883], [83.842324, 53.2917712], [83.8413691, 53.29302179999999], [83.8411009, 53.293900300000004], [83.8410687, 53.294580100000005], [83.84109019999998, 53.29471469999999], [83.84112239999999, 53.294862200000004], [83.84119749999999, 53.295009699999994], [83.84127259999998, 53.29513159999999], [83.8415837, 53.295516299999996], [83.84171249999999, 53.2956381], [83.841927, 53.2958626], [83.84226499999998, 53.2960646], [83.84255469999998, 53.296237700000006], [83.8429356, 53.296398], [83.84329499999998, 53.296529499999984], [83.8436705, 53.29662570000001], [83.84422300000001, 53.296757099999994], [83.84507599999999, 53.296914199999996], [83.84613809999999, 53.2970681], [83.84733439999998, 53.297347], [83.8478547, 53.29748649999999], [83.8484555, 53.2976105], [83.8509265, 53.29682729999999], [83.87161169999999, 53.296263], [83.875517, 53.2969812], [83.87869269999999, 53.29710939999999], [83.88422879999999, 53.2963656], [83.8895503, 53.296776], [83.8903228, 53.299469099999996], [83.8889008, 53.3034822], [83.8779037, 53.31095719999999], [83.87669490000002, 53.315134999999984], [83.87442469999999, 53.3153391], [83.87314799999999, 53.3154032], [83.8713992, 53.31540960000001], [83.8699078, 53.315364800000005], [83.869307, 53.31542890000001], [83.868835, 53.3155442], [83.8684487, 53.3157365], [83.8681536, 53.3159369], [83.8671452, 53.31727479999999], [83.8669467, 53.31789009999999], [83.86686619999999, 53.3182297], [83.8668609, 53.3184316], [83.8669306, 53.31911259999999], [83.8671693, 53.3197471], [83.8672203, 53.3198512], [83.8673034, 53.3200355], [83.86734629999998, 53.320110799999995], [83.8673946, 53.320189299999996], [83.86746969999999, 53.3203046], [83.8675019, 53.32034149999999], [83.8675663, 53.3204008], [83.8676038, 53.32043279999999], [83.86774329999999, 53.32052569999998], [83.86778619999998, 53.3205514], [83.8678318, 53.32057379999999], [83.8680169, 53.320653899999996], [83.86818049999998, 53.3206988], [83.8683039, 53.320718], [83.86840309999998, 53.32072599999999], [83.8685319, 53.320721199999994], [83.86869549999999, 53.3206972], [83.8689503, 53.32061869999999], [83.8691246, 53.3205898], [83.86953769999998, 53.320569], [83.86975759999999, 53.3205706], [83.8698649, 53.320565800000004], [83.86993469999999, 53.32055460000001], [83.87004199999998, 53.32052889999999], [83.87019479999998, 53.32047930000001], [83.8703209, 53.3204056], [83.8704202, 53.320319000000005], [83.87045770000002, 53.3202598], [83.87046039999998, 53.32022450000001], [83.8704443, 53.3201925], [83.8703907, 53.32019089999999], [83.87022439999998, 53.32022129999999], [83.87016529999998, 53.3202277], [83.8699266, 53.32022450000001], [83.8696825, 53.320189299999996], [83.86944649999998, 53.320134800000005], [83.8693526, 53.32009309999999], [83.8692051, 53.320021], [83.8690844, 53.3199489], [83.86900929999999, 53.3198913], [83.8689557, 53.3198336], [83.86889399999998, 53.31973740000001], [83.8688779, 53.31970220000001], [83.8688296, 53.3194955], [83.86882689999999, 53.3193289], [83.8688323, 53.3192215], [83.86885369999999, 53.31911899999999], [83.8689262, 53.3189155], [83.86898250000002, 53.318825799999985], [83.86910859999999, 53.31867520000001], [83.86921319999999, 53.3185918], [83.8692561, 53.31856940000001], [83.8693526, 53.3185326], [83.86951629999999, 53.3185117], [83.86998559999999, 53.31850210000001], [83.870101, 53.318505300000005], [83.87027799999998, 53.318531], [83.8712516, 53.3187697], [83.87212869999999, 53.3190885], [83.8728341, 53.3194378], [83.87294949999999, 53.31951629999999], [83.8730997, 53.3196333], [83.87344839999999, 53.319942499999996], [83.87358779999998, 53.320053099999996], [83.87361999999999, 53.320080299999994], [83.8736522, 53.3201156], [83.87369779999999, 53.320174800000004], [83.8737139, 53.32020690000001], [83.8737273, 53.3202469], [83.873738, 53.32031740000001], [83.87372459999999, 53.320352699999994], [83.87369249999999, 53.320381499999996], [83.8736442, 53.3204024], [83.8735905, 53.3204056], [83.87347789999998, 53.3203799], [83.87316409999998, 53.32027099999999], [83.87310769999999, 53.32025339999999], [83.87304339999999, 53.3202389], [83.87285289999998, 53.32021170000001], [83.87282879999998, 53.3202133], [83.87276979999999, 53.32020690000001], [83.87264909999999, 53.3202085], [83.8724157, 53.3201973], [83.87223599999999, 53.320195700000006], [83.87211799999999, 53.3202101], [83.872, 53.3202389], [83.87194899999999, 53.32025660000001], [83.87190609999999, 53.320278999999985], [83.8718712, 53.3203062], [83.87184439999999, 53.3203351], [83.8718337, 53.3204024], [83.87184439999999, 53.320436], [83.87193559999999, 53.3205642], [83.87202949999998, 53.3206459], [83.87224939999999, 53.320769299999995], [83.8723969, 53.320841399999985], [83.8726222, 53.32096309999999], [83.87281, 53.321081699999986], [83.87294409999998, 53.3211746], [83.87301649999999, 53.3212307], [83.87305679999999, 53.32125789999999], [83.8732043, 53.3213829], [83.8735208, 53.321833100000006], [83.8736415, 53.3219981], [83.87367099999999, 53.3220686], [83.87373000000001, 53.3221711], [83.87386140000001, 53.3223346], [83.8741001, 53.32270619999999], [83.87415109999999, 53.322775099999994], [83.874253, 53.3229402], [83.8742852, 53.32300899999999], [83.8743013, 53.32305230000001], [83.87433349999999, 53.32314999999999], [83.87446489999999, 53.32390939999999], [83.87449979999998, 53.3240199], [83.87451320000001, 53.3241065], [83.8744783, 53.3247985], [83.874473, 53.325179799999994], [83.87454269999999, 53.3255547], [83.87461779999998, 53.32579179999998], [83.87484849999998, 53.32620189999999], [83.87494499999998, 53.3264198], [83.87503089999998, 53.32668569999999], [83.87508449999999, 53.32718229999999], [83.8751274, 53.3273937], [83.8752079, 53.32759559999999], [83.8752991, 53.32776539999999], [83.8754225, 53.328040900000005], [83.8756531, 53.3289508], [83.87577649999999, 53.32923589999999], [83.8758302, 53.32940249999999], [83.8758221, 53.329421700000005], [83.8758516, 53.3295082], [83.87589449999999, 53.32978380000001], [83.8759053, 53.33002720000001], [83.875798, 53.330956300000004], [83.875798, 53.331023599999995], [83.8757873, 53.3310876], [83.8757456, 53.33124050000001], [83.8757229, 53.33130549999999], [83.87559409999999, 53.33164819999999], [83.87557269999999, 53.3317283], [83.87557119999998, 53.331745099999985], [83.87755339999998, 53.3317723], [83.8773334, 53.33283910000001], [83.87702769999999, 53.333800100000005], [83.87797729999998, 53.3357053], [83.88106709999998, 53.338688199999986], [83.8836179, 53.338118], [83.8874212, 53.34090139999999], [83.8901946, 53.343540399999995], [83.8882952, 53.344005], [83.88695449999999, 53.3444436], [83.8853989, 53.3428839], [83.8795785, 53.3429896], [83.8801954, 53.34457489999999], [83.87952479999998, 53.3455452], [83.87768759999999, 53.3479591], [83.8766651, 53.3514857], [83.875177, 53.35409429999999], [83.87348939999998, 53.355865800000004], [83.8731922, 53.356438], [83.8697053, 53.35890319999999], [83.87097330000002, 53.358869999999996], [83.87264700000001, 53.3593566], [83.87384869999998, 53.3598945], [83.8750932, 53.36030420000001], [83.8761232, 53.360867699999986], [83.878741, 53.36191770000001], [83.87938479999998, 53.361968899999994], [83.88032889999998, 53.36250669999998], [83.8827321, 53.3630189], [83.8852212, 53.3634287], [83.8860366, 53.36373599999999], [83.88723829999999, 53.3637616], [83.8886116, 53.364196899999996], [83.89062859999999, 53.36478589999999], [83.89221639999998, 53.3649908], [83.8938472, 53.3650164], [83.89431929999999, 53.3649396], [83.9020238, 53.365346800000005], [83.9020756, 53.36561940000001], [83.9023545, 53.3659747], [83.90305189999998, 53.3663332], [83.9038083, 53.3665764], [83.9047524, 53.36687089999999], [83.90544979999999, 53.36693489999998], [83.90600069999999, 53.3667694], [83.9069196, 53.366307600000006], [83.9077458, 53.36593629999999], [83.9086646, 53.365742299999994], [83.9098285, 53.365659199999996], [83.910681, 53.3658695], [83.9112302, 53.36625099999999], [83.9114023, 53.36663249999999], [83.9111575, 53.3667493], [83.9105245, 53.366787699999996], [83.9100632, 53.36689650000001], [83.9098701, 53.36716539999999], [83.9101812, 53.367543099999985], [83.9101061, 53.3678632], [83.9098808, 53.3679272], [83.90944089999999, 53.3678504], [83.90931219999999, 53.36750469999999], [83.9090547, 53.36708219999999], [83.9087328, 53.3668645], [83.90827149999998, 53.36670449999999], [83.90783159999998, 53.3667365], [83.90754189999998, 53.36693489999998], [83.9075848, 53.3673255], [83.90794959999998, 53.3679656], [83.9086148, 53.3682473], [83.9090547, 53.3688234], [83.9090118, 53.3690283], [83.9087006, 53.369207499999995], [83.90840019999999, 53.3692651], [83.90827149999998, 53.3695532], [83.9082071, 53.369924499999996], [83.9080354, 53.3701421], [83.9075634, 53.3700653], [83.90722009999999, 53.36977079999999], [83.9070269, 53.3693355], [83.90658709999998, 53.3689451], [83.9062437, 53.368842599999994], [83.90597549999998, 53.3689899], [83.9059004, 53.3692139], [83.9061043, 53.36963639999999], [83.9065334, 53.36988610000001], [83.90649049999999, 53.3700205], [83.9060721, 53.3701933], [83.9055893, 53.3701869], [83.90421599999999, 53.3703854], [83.90302509999998, 53.370417399999994], [83.9023706, 53.37046860000001], [83.9020702, 53.3706926], [83.90169469999998, 53.37108949999999], [83.901566, 53.3714672], [83.9013085, 53.3719088], [83.90108319999999, 53.3720817], [83.90108319999999, 53.372363299999996], [83.90152299999998, 53.372657700000005], [83.9016625, 53.3729458], [83.9015968, 53.3732561], [83.9036028, 53.37254019999999], [83.9068026, 53.3718975], [83.9084577, 53.3724442], [83.9104422, 53.37322230000001], [83.9130505, 53.3727825], [83.91531849999998, 53.371463199999994], [83.92008139999999, 53.36929800000001], [83.9221227, 53.3702453], [83.9248443, 53.3705498], [83.92727829999998, 53.37146920000001], [83.9358184, 53.370790699999986], [83.9430733, 53.3677777], [83.94459679999999, 53.367470399999995], [83.94627049999998, 53.3676369], [83.95026159999999, 53.369109200000004], [83.95451029999998, 53.37050469999999], [83.9554329, 53.3713241], [83.9561625, 53.3727067], [83.96633329999999, 53.371946900000005], [83.9670414, 53.3720878], [83.9675135, 53.3719853], [83.9686722, 53.37181889999999], [83.96869369999999, 53.371742100000006], [83.9700884, 53.371652499999996], [83.9702172, 53.3716909], [83.9721353, 53.3716227], [83.973294, 53.3715331], [83.9750964, 53.37177629999999], [83.97679159999998, 53.37225], [83.9782292, 53.37278770000001], [83.98035349999999, 53.37433669999999], [83.98138349999999, 53.37532239999999], [83.9902884, 53.3745031], [83.9903743, 53.374835899999994], [83.99095359999998, 53.38010969999999], [83.9957172, 53.3792649], [83.9953954, 53.3787657], [84.0038433, 53.3771401], [84.0152374, 53.3750023], [84.0154949, 53.37566799999999], [84.00777669999998, 53.37708249999999], [83.99860769999998, 53.37879130000001], [83.99873639999998, 53.3790729], [83.99622589999998, 53.3795593], [83.9962902, 53.3798025], [83.99543189999999, 53.3800201], [83.9938441, 53.38048080000001], [83.99251369999999, 53.38096719999999], [83.99197719999998, 53.381236], [83.9916125, 53.3815432], [83.9903022, 53.38329800000001], [83.99021629999999, 53.38380999999999], [83.98946529999999, 53.38379719999999], [83.98967989999998, 53.38433469999999], [83.98980859999999, 53.385141], [83.98973169999998, 53.3869327], [83.9895082, 53.392142699999994], [83.98955109999999, 53.3950089], [83.9896531, 53.3994546], [83.989621, 53.40066569999999], [83.98946719999999, 53.4016055], [83.98928779999999, 53.4026026], [83.9889802, 53.4034354], [83.98168169999998, 53.4021747], [83.9719131, 53.4012018], [83.9714679, 53.40482969999999], [83.97751670000001, 53.4070807], [83.9863354, 53.4080117], [83.98277109999998, 53.4126764], [83.9797674, 53.4168441], [83.9787261, 53.4182857], [83.9781094, 53.4190256], [83.9774766, 53.41970819999999], [83.9762271, 53.42088239999999], [83.97484139999999, 53.4219516], [83.9726067, 53.4234313], [83.9704761, 53.4246436], [83.9592468, 53.4308165], [83.9510031, 53.4361988], [83.97426989999998, 53.44097769999999], [83.97524389999998, 53.4412945], [83.9787746, 53.4419777], [83.97305879999999, 53.4466835], [83.9773645, 53.44688190000001], [83.97899049999998, 53.4471061], [83.98125720000002, 53.4462904], [83.98707229999998, 53.4475116], [83.99109319999998, 53.44954369999999], [83.99282229999999, 53.4501112], [83.99610729999999, 53.4511894], [84.00337219999999, 53.4527252], [84.0088095, 53.448430200000004], [84.00939919999999, 53.44794399999999], [84.01114969999999, 53.4465814], [84.0142014, 53.448484699999995], [84.01469799999998, 53.44920499999999], [84.0145797, 53.4502301], [84.01453779999999, 53.45059309999999], [84.020409, 53.451551900000005], [84.02168249999998, 53.4519191], [84.022075, 53.45234839999999], [84.02097759999998, 53.45470459999999], [84.021298, 53.45604], [84.0226277, 53.4561354], [84.0275777, 53.4574088], [84.0317107, 53.4590065], [84.0323916, 53.45988390000001], [84.0333928, 53.4618058], [84.03142239999998, 53.462478100000006], [84.030368, 53.46226819999999], [84.00816199999998, 53.4575805], [84.00794579999999, 53.4579382], [84.00761739999999, 53.459016000000005], [84.00599139999998, 53.4587585], [84.0028691, 53.45804890000001], [83.99627549999998, 53.4565504], [83.9834199, 53.4541513], [83.98330719999998, 53.4541512], [83.9820468, 53.45415030000001], [83.9772523, 53.4541466], [83.9756264, 53.453889], [83.9726307, 53.4529446], [83.97162949999999, 53.45233410000001], [83.9706683, 53.4519096], [83.97030789999998, 53.45209560000001], [83.9709086, 53.45262030000001], [83.952334, 53.46070900000001], [83.94817690000002, 53.4625258], [83.9475041, 53.462010799999995], [83.94549399999998, 53.4628093], [83.9454025, 53.462697899999995], [83.9453786, 53.4619308], [83.9451253, 53.4617458], [83.9447106, 53.461618299999984], [83.9438516, 53.4615366], [83.9437198, 53.46145520000001], [83.94368759999999, 53.46131780000001], [83.94387549999999, 53.461050099999994], [83.94490139999999, 53.460638200000005], [83.9450823, 53.4602958], [83.9450829, 53.4599201], [83.9447229, 53.459692200000006], [83.94413789999999, 53.45957279999999], [83.9438163, 53.45933759999999], [83.9438516, 53.4590187], [83.9443527, 53.45845049999999], [83.9446747, 53.45835710000001], [83.9451675, 53.4583781], [83.9456295, 53.4586861], [83.9460944, 53.458933499999986], [83.94646099999999, 53.458948], [83.94690559999998, 53.4588625], [83.9474067, 53.45850730000001], [83.94730859999999, 53.4580664], [83.94709649999999, 53.45771179999999], [83.9463569, 53.4571861], [83.94592459999998, 53.457104999999984], [83.9452839, 53.4570839], [83.9448302, 53.45723919999998], [83.94449579999998, 53.4572714], [83.94426699999998, 53.45724559999999], [83.94421329999999, 53.456999599999996], [83.9442562, 53.4566483], [83.94397089999998, 53.45606380000001], [83.9438351, 53.455742699999995], [83.94387799999998, 53.45558299999999], [83.9440741, 53.4554473], [83.9450689, 53.455155], [83.94604669999998, 53.45471419999999], [83.94618979999998, 53.45434480000001], [83.945916, 53.45424849999999], [83.94566489999998, 53.4541601], [83.9447051, 53.4541385], [83.94440039999999, 53.4541317], [83.9435892, 53.4536628], [83.9432313, 53.4534497], [83.9432313, 53.4529382], [83.94377999999999, 53.4524978], [83.9448537, 53.4524694], [83.9455218, 53.45279610000001], [83.94623759999999, 53.45342130000001], [83.9465785, 53.4535735], [83.94700109999998, 53.45376230000001], [83.9484803, 53.4540606], [83.9491961, 53.453648599999994], [83.94960169999999, 53.4530093], [83.9489575, 53.45248360000001], [83.9474544, 53.4521852], [83.9462829, 53.45200760000001], [83.9458726, 53.4518414], [83.94589019999998, 53.4514925], [83.94614079999998, 53.45129190000001], [83.94661929999998, 53.4512048], [83.9473828, 53.4509349], [83.9471922, 53.45066580000001], [83.94690559999998, 53.4504802], [83.9465217, 53.4504246], [83.9460705, 53.4504233], [83.9456735, 53.450622200000005], [83.94542629999998, 53.4508212], [83.9448212, 53.45120880000001], [83.9440717, 53.45148580000001], [83.9430402, 53.45154749999998], [83.9422335, 53.4513378], [83.9418701, 53.45109660000001], [83.9415517, 53.4507984], [83.9415643, 53.45040329999999], [83.9417047, 53.45005660000001], [83.94198809999999, 53.4493475], [83.9423753, 53.448675299999984], [83.9423846, 53.44857880000001], [83.94230999999999, 53.448489699999996], [83.9422075, 53.4484159], [83.94207190000002, 53.4483483], [83.94178159999998, 53.448336399999995], [83.9415494, 53.448424499999994], [83.94106959999999, 53.44872569999998], [83.94078599999999, 53.448828], [83.94051289999999, 53.448924199999986], [83.93994829999998, 53.4491126], [83.9396331, 53.4491175], [83.93938099999998, 53.44908070000001], [83.93902689999999, 53.448924199999986], [83.9388709, 53.4488272], [83.9387851, 53.44881279999999], [83.93866489999999, 53.448821899999984], [83.9384042, 53.4488416], [83.9381485, 53.4488141], [83.9385871, 53.4479164], [83.9378327, 53.44774699999999], [83.9378877, 53.447624299999994], [83.9379726, 53.44744159999999], [83.93644179999998, 53.44717839999999], [83.934961, 53.44690870000001], [83.9336321, 53.446717899999996], [83.93353709999998, 53.4467043], [83.93260980000001, 53.44662719999999], [83.93121709999998, 53.44652189999999], [83.9303468, 53.4465186], [83.92944709999999, 53.446617999999994], [83.9292931, 53.44663500000001], [83.9292046, 53.4464817], [83.9288802, 53.4459192], [83.9302747, 53.445449999999994], [83.9312563, 53.445321], [83.9321557, 53.444042499999995], [83.9350003, 53.44455200000001], [83.9399439, 53.445538899999995], [83.94091719999999, 53.4444324], [83.942156, 53.4431165], [83.94238799999998, 53.4428514], [83.92699849999998, 53.44006589999999], [83.92633849999999, 53.44005580000001], [83.9248262, 53.43989169999998], [83.924006, 53.43991080000001], [83.9229868, 53.446154099999994], [83.92303689999999, 53.4474123], [83.9232271, 53.44828880000001], [83.9237978, 53.4495887], [83.92452869999998, 53.4507036], [83.92999099999999, 53.4569364], [83.93055999999999, 53.45758560000001], [83.9300394, 53.45778589999999], [83.9295108, 53.457309], [83.924353, 53.4595213], [83.9245332, 53.45978950000001], [83.92441299999999, 53.4599385], [83.92176189999999, 53.46208339999999], [83.92073209999998, 53.46328340000001], [83.92071189999999, 53.4633069], [83.91903799999999, 53.4652194], [83.91704969999999, 53.4675737], [83.9167218, 53.4673324], [83.9132451, 53.46475749999999], [83.9077655, 53.4680097], [83.90808159999999, 53.4694999], [83.9083179, 53.46986729999999], [83.9080463, 53.47015199999999], [83.906365, 53.4692561], [83.9058597, 53.469255299999986], [83.9056834, 53.4691142], [83.90302529999998, 53.47013100000001], [83.90084449999999, 53.4706819], [83.8988526, 53.47157060000001], [83.8989936, 53.47183759999999], [83.8983592, 53.4722495], [83.8976608, 53.4724364], [83.8970488, 53.47297480000001], [83.89637919999998, 53.4735157], [83.8943672, 53.4754989], [83.8937008, 53.4753158], [83.8922526, 53.4768146], [83.8905673, 53.476341700000006], [83.8910607, 53.47603660000001], [83.89157979999999, 53.475453099999996], [83.89134909999999, 53.474995500000006], [83.89006749999999, 53.4741755], [83.889478, 53.474145], [83.8892025, 53.47363389999999], [83.8888372, 53.471532399999994], [83.8879914, 53.47134940000001], [83.8873122, 53.4716812], [83.88682519999999, 53.47166589999999], [83.88651479999999, 53.4700939], [83.88440299999999, 53.4693317], [83.8773544, 53.4708879], [83.87725189999999, 53.470719999999986], [83.8778542, 53.4699686], [83.877976, 53.469495699999996], [83.8790141, 53.4697894], [83.8796612, 53.4690151], [83.88195519999998, 53.468626], [83.8844863, 53.4680348], [83.88513349999998, 53.46736349999999], [83.88550519999998, 53.466551], [83.8871712, 53.46605509999999], [83.8882926, 53.46541800000001], [83.88927940000002, 53.4650099], [83.89027259999999, 53.46511290000001], [83.88905499999998, 53.4647473], [83.8888226, 53.46460739999999], [83.8892893, 53.46394099999999], [83.889965, 53.46355259999999], [83.89156699999998, 53.463545], [83.89224959999999, 53.4627768], [83.89296899999998, 53.461172999999995], [83.8939868, 53.4599325], [83.8941534, 53.4594634], [83.89407169999998, 53.458939400000006], [83.892866, 53.458480699999996], [83.8936495, 53.457871999999995], [83.89009319999998, 53.456223800000004], [83.8891576, 53.45689149999999], [83.8880875, 53.45659770000001], [83.88750439999998, 53.4564298], [83.8859217, 53.4565863], [83.88536419999998, 53.4564337], [83.8854539, 53.4561055], [83.8840186, 53.455823200000005], [83.8843325, 53.45531189999999], [83.8859665, 53.45533859999999], [83.88455039999998, 53.4547854], [83.88470419999999, 53.454487699999994], [83.8839673, 53.4542664], [83.88345679999999, 53.45381220000001], [83.8813401, 53.452614200000006], [83.8787449, 53.452522699999996], [83.8774864, 53.452624899999996], [83.8757845, 53.4527631], [83.87408, 53.45100779999999], [83.87130549999999, 53.45198079999999], [83.8724781, 53.45391540000001], [83.86505139999998, 53.455636199999994], [83.86129649999998, 53.45592239999999], [83.8551385, 53.4561055], [83.8308401, 53.453373600000006], [83.8281584, 53.4524927], [83.83035109999999, 53.4523198], [83.8355574, 53.4508411], [83.84115429999999, 53.447400699999996], [83.84954449999998, 53.44896289999999], [83.86224, 53.4465778], [83.8630109, 53.4457668], [83.86589439999999, 53.4462379], [83.86915839999999, 53.445892], [83.8790004, 53.4385031], [83.8826849, 53.433922399999986], [83.8856886, 53.4283927], [83.88357599999999, 53.4257261], [83.88063239999998, 53.42327999999999], [83.88249469999998, 53.4223492], [83.88165359999999, 53.42112009999999], [83.88511789999998, 53.4217347], [83.88571859999999, 53.421675], [83.88577869999999, 53.4214244], [83.88545829999998, 53.42104259999999], [83.8851479, 53.4208934], [83.8841166, 53.420595099999986], [83.88243459999998, 53.4196881], [83.87941089999998, 53.4178145], [83.8774886, 53.41659130000001], [83.8740544, 53.41515909999998], [83.87247239999999, 53.4150457], [83.8707904, 53.41506360000001], [83.86923849999998, 53.41475929999999], [83.8681429, 53.414558799999995], [83.86809709999999, 53.4145504], [83.86727609999998, 53.41495020000001], [83.8670158, 53.4150398], [83.8668543, 53.41502049999999], [83.8667812, 53.4144997], [83.86690999999999, 53.41392419999999], [83.8671596, 53.41274369999999], [83.8670709, 53.4111616], [83.86704939999998, 53.4103878], [83.8667166, 53.4096279], [83.8660195, 53.408590700000005], [83.8656761, 53.4080471], [83.86547630000001, 53.4074626], [83.8670687, 53.4043369], [83.8259263, 53.3994595], [83.8251484, 53.4006589], [83.82176459999998, 53.40426790000001], [83.8166147, 53.407517], [83.8097053, 53.40912869999999], [83.79850439999998, 53.410868199999996], [83.7919384, 53.41074029999999], [83.7876898, 53.4102798], [83.78185709999998, 53.4086953], [83.7788959, 53.4127627], [83.78126859999999, 53.4220674], [83.78304179999999, 53.43340699999999], [83.7744721, 53.434525599999986], [83.7668064, 53.4359189], [83.7288853, 53.441370400000004], [83.71699369999999, 53.4383524], [83.71376569999998, 53.439766399999996], [83.69946959999999, 53.4357527], [83.69401389999999, 53.4386576], [83.69219, 53.43916250000001], [83.69090249999999, 53.4392743], [83.68591359999999, 53.43886849999999], [83.6812332, 53.43724189999999], [83.67559519999999, 53.4332505], [83.6731463, 53.4315758], [83.6676277, 53.4324499], [83.6670617, 53.4327822], [83.66521639999999, 53.43311620000001], [83.66248449999999, 53.4336835], [83.6592163, 53.43721959999999], [83.6592163, 53.4392679], [83.65848129999999, 53.4426581], [83.6579771, 53.4446487], [83.65821310000001, 53.44564870000001], [83.6576123, 53.446530499999994], [83.65970979999999, 53.4483388], [83.66243489999998, 53.4507859], [83.6668418, 53.45366099999999], [83.6744271, 53.45572769999999], [83.68189699999999, 53.4572034], [83.68353429999999, 53.4591847], [83.6853456, 53.460383500000006], [83.6840861, 53.461346000000006], [83.68320639999999, 53.4623935], [83.68279869999999, 53.46350489999999], [83.68271279999999, 53.46468019999999], [83.6832707, 53.46586820000001], [83.68539509999998, 53.4674648], [83.68717599999998, 53.46834619999999], [83.69080239999998, 53.4703132], [83.69307689999998, 53.471462700000004], [83.6961024, 53.47234399999999], [83.69906359999999, 53.473238], [83.69918239999998, 53.473315], [83.7000292, 53.47386379999999], [83.7004369, 53.4747067], [83.70052269999998, 53.475843299999994], [83.70040919999998, 53.4761028], [83.700115, 53.4767756], [83.6992835, 53.4777206]], [[83.8454566, 53.55682089999999], [83.8436876, 53.5577141], [83.8449018, 53.558621599999995], [83.84295589999999, 53.5603792], [83.8396753, 53.561917], [83.8392491, 53.5622036], [83.83690120000001, 53.5635837], [83.83711829999999, 53.56384640000001], [83.83612129999999, 53.56422369999999], [83.8337251, 53.5675808], [83.8314576, 53.56762849999999], [83.82533860000001, 53.5684069], [83.8243657, 53.569868], [83.82268519999998, 53.57151530000001], [83.82130219999999, 53.57177800000001], [83.8197262, 53.5714246], [83.81850399999999, 53.57103310000001], [83.8202488, 53.56981549999999], [83.81333379999998, 53.565088], [83.8129559, 53.56471560000001], [83.8101014, 53.564949600000006], [83.80670019999998, 53.56638220000001], [83.80446479999999, 53.5663917], [83.80284859999999, 53.5669122], [83.79977709999999, 53.56759989999999], [83.79880989999998, 53.56765089999999], [83.795612, 53.5653459], [83.79150309999999, 53.56301069999999], [83.79258059999998, 53.561687799999994], [83.7871933, 53.5606371], [83.78863259999999, 53.558745699999996], [83.7909564, 53.559018], [83.79094029999999, 53.5581009], [83.7920338, 53.5580818], [83.7916238, 53.55704539999999], [83.7920523, 53.5560614], [83.79299039999998, 53.555415], [83.79540289999998, 53.554800400000005], [83.8049694, 53.55445889999999], [83.8057112, 53.555344899999994], [83.8133016, 53.5554644], [83.81534399999998, 53.5559754], [83.816371, 53.5558708], [83.81704689999998, 53.5501153], [83.8187152, 53.5501216], [83.81868839999998, 53.5504626], [83.81735799999998, 53.55106820000001], [83.816843, 53.5558389], [83.81723359999998, 53.55580829999999], [83.8211494, 53.5541173], [83.82847399999999, 53.554464900000006], [83.8333864, 53.5559053], [83.83520819999998, 53.554935099999994], [83.8353709, 53.55500899999999], [83.83569249999998, 53.5549173], [83.83567959999999, 53.55507780000001], [83.8380983, 53.5538512], [83.8399745, 53.5548389], [83.8410047, 53.55459259999999], [83.84156999999999, 53.5545403], [83.84253739999998, 53.555286699999996], [83.8433164, 53.555234399999996], [83.844047, 53.5555256], [83.84461309999999, 53.555980399999996], [83.8450569, 53.556336900000005], [83.8454566, 53.55682089999999]], [[83.9200115, 53.4650457], [83.9220285, 53.4625803], [83.92492529999998, 53.460306300000006], [83.92548319999999, 53.4601913], [83.9258694, 53.46028080000001], [83.9305687, 53.4584794], [83.9344311, 53.4628486], [83.93580429999999, 53.4649819], [83.93586869999999, 53.4658505], [83.93554689999999, 53.467268399999995], [83.9348817, 53.4684563], [83.9307189, 53.4701934], [83.9269209, 53.47209639999999], [83.9248824, 53.47341189999999], [83.92271519999998, 53.47498280000001], [83.9143681, 53.480710200000004], [83.91419649999999, 53.48062079999998], [83.91310209999999, 53.48132950000001], [83.9120507, 53.482089300000005], [83.9077377, 53.479031], [83.9128876, 53.47314370000001], [83.9200115, 53.4650457]]], [[[83.55141439999998, 53.48991529999999], [83.5555311, 53.4905159], [83.56084899999999, 53.4894189], [83.56636859999999, 53.48754770000001], [83.57015519999999, 53.487815100000006], [83.57398069999999, 53.48685559999999], [83.58220199999998, 53.4820658], [83.5914177, 53.483000299999986], [83.5933692, 53.48281120000001], [83.5965405, 53.483238400000005], [83.6048664, 53.4780421], [83.6093791, 53.479029799999985], [83.6183231, 53.48457689999999], [83.62660239999998, 53.48747929999999], [83.6301105, 53.4882839], [83.6408521, 53.488644799999996], [83.6460387, 53.4860257], [83.65140539999999, 53.4825449], [83.65274409999999, 53.4789783], [83.6540208, 53.47885699999999], [83.6535917, 53.47829829999999], [83.662882, 53.47465699999999], [83.6619418, 53.473800000000004], [83.65878579999999, 53.470934199999995], [83.6569404, 53.468941699999995], [83.6561912, 53.4679886], [83.65496629999998, 53.46643809999999], [83.6538934, 53.4652629], [83.65153489999999, 53.4630962], [83.6493891, 53.4613843], [83.6474579, 53.460094000000005], [83.64522629999999, 53.4588931], [83.6412137, 53.45753880000001], [83.63876749999999, 53.4564784], [83.6366218, 53.4557501], [83.6348837, 53.4552518], [83.63222289999999, 53.45470240000001], [83.62994839999999, 53.45422959999999], [83.6274379, 53.453411899999985], [83.6253779, 53.45242799999999], [83.62376859999999, 53.4515208], [83.62198759999998, 53.45024299999999], [83.6205285, 53.448914], [83.6189406, 53.44684370000001], [83.6174601, 53.44506729999999], [83.6163657, 53.4433037], [83.61447749999999, 53.4402746], [83.61308269999999, 53.43788430000001], [83.61231019999998, 53.435979800000005], [83.6114305, 53.433487], [83.61107550000001, 53.43173610000001], [83.6035538, 53.433904], [83.6011505, 53.4351696], [83.60059259999998, 53.43660119999999], [83.5904511, 53.44424289999999], [83.57717689999998, 53.4527921], [83.57405479999998, 53.45562219999999], [83.57084689999999, 53.4571842], [83.56804659999999, 53.458928099999994], [83.5589191, 53.463389899999996], [83.5575619, 53.463738], [83.55503789999999, 53.463795499999996], [83.5478281, 53.46463219999999], [83.5477933, 53.47297129999999], [83.5400712, 53.4827612], [83.53702149999998, 53.4867146], [83.5498001, 53.49044869999998], [83.55141439999998, 53.48991529999999]]]]}}]}