{"type": "FeatureCollection", "features": [{"type": "Feature", "properties": {"id": "city-63701000", "name": "ГО Саратов", "region": "Саратовская область", "isCity": true, "sourceOktmo": "63-701-000-000", "sourceAgg": "Саратов", "excelNames": ["ГО Саратов"], "oktmo": "63701000", "vgp": [{"year": 2019, "value": 506903764.10995305}, {"year": 2020, "value": 537304369.0392989}, {"year": 2021, "value": 553216278.2668046}, {"year": 2022, "value": 873085697.063254}, {"year": 2023, "value": 992588244.2277684}, {"year": 2024, "value": 1082465360.4248762}], "population": [{"year": 2019, "value": 841902.0}, {"year": 2020, "value": 838042.0}, {"year": 2021, "value": 830155.0}, {"year": 2022, "value": 829787.0}, {"year": 2023, "value": 942315.0}, {"year": 2024, "value": 937364.0}, {"year": 2025, "value": 941080.0}], "shipments": [{"year": 2019, "value": 306926635.6}, {"year": 2020, "value": 308064631.5}, {"year": 2021, "value": 403777416.7}, {"year": 2022, "value": 429296143.3}, {"year": 2023, "value": 554224058.5}, {"year": 2024, "value": 594121909.5}], "employees": [{"year": 2019, "value": 222801.0}, {"year": 2020, "value": 219404.0}, {"year": 2021, "value": 219052.0}, {"year": 2022, "value": 227668.0}, {"year": 2023, "value": 228428.0}, {"year": 2024, "value": 227294.0}], "investments": [{"year": 2019, "value": 61130394.0}, {"year": 2020, "value": 70536104.0}, {"year": 2021, "value": 58665854.0}, {"year": 2022, "value": 78910693.0}, {"year": 2023, "value": 123943362.0}, {"year": 2024, "value": 129623169.0}], "vgp2024": 1082465360.4248762, "pop2024": 937364.0, "ship2024": 594121909.5, "emp2024": 227294.0, "inv2024": 129623169.0}, "geometry": {"type": "MultiPolygon", "coordinates": [[[[45.9833492, 51.4118099], [45.983445399999994, 51.4105913], [45.98308389999999, 51.4084403], [45.98266699999999, 51.4063457], [45.9791149, 51.39911670000001], [45.975562399999994, 51.393812499999996], [45.9732048, 51.3924735], [45.9483226, 51.3764885], [45.91882809999999, 51.3507976], [45.9141451, 51.3458901], [45.904998799999994, 51.3393255], [45.888412, 51.3349152], [45.87725399999999, 51.3286943], [45.872104199999995, 51.32268719999999], [45.865237699999994, 51.312763], [45.8484695, 51.247432399999994], [45.8391783, 51.2103874], [45.784130899999994, 51.212850399999994], [45.7819126, 51.2126651], [45.77997959999999, 51.212503600000005], [45.7759506, 51.2121671], [45.7716369, 51.2119758], [45.7638993, 51.21163269999999], [45.7536928, 51.21157309999999], [45.7470591, 51.210776599999996], [45.7416292, 51.2095108], [45.7365363, 51.2097871], [45.724274599999994, 51.20505729999999], [45.72020729999999, 51.2026449], [45.7170196, 51.20125089999999], [45.7122432, 51.1995809], [45.704113799999995, 51.19590989999999], [45.6998964, 51.1944984], [45.690981099999995, 51.192090900000004], [45.68347709999999, 51.190622299999994], [45.673694999999995, 51.1897874], [45.6645942, 51.1906573], [45.6521927, 51.192434000000006], [45.6390337, 51.1935497], [45.6317214, 51.1941824], [45.6283832, 51.19492760000001], [45.6231972, 51.1977253], [45.6185184, 51.201273], [45.6176956, 51.2030853], [45.6150176, 51.2051838], [45.606783199999995, 51.20775159999999], [45.6053639, 51.2092136], [45.6012685, 51.2118593], [45.5949602, 51.2132795], [45.58957529999999, 51.2158183], [45.5874343, 51.216486200000006], [45.5818134, 51.2170054], [45.57754249999999, 51.21653479999999], [45.5743784, 51.216746099999995], [45.56717989999999, 51.21842339999998], [45.5494075, 51.22458009999998], [45.53744559999999, 51.22781150000001], [45.5373913, 51.2274845], [45.5372012, 51.2263411], [45.5361525, 51.22541319999999], [45.536003, 51.2244485], [45.5346761, 51.22347799999999], [45.53322299999999, 51.22321289999999], [45.5319275, 51.22375110000001], [45.531347, 51.223992300000006], [45.5291161, 51.223619199999995], [45.5275831, 51.22372489999999], [45.526524, 51.2228627], [45.525359699999996, 51.2223075], [45.524257899999995, 51.2224832], [45.52317109999999, 51.223656299999995], [45.5225767, 51.22373189999999], [45.52130519999999, 51.223065000000005], [45.5204795, 51.223200500000004], [45.5187768, 51.22403709999998], [45.517797099999996, 51.223963], [45.51570929999999, 51.2234056], [45.5143803, 51.2236992], [45.51399179999999, 51.22438239999999], [45.51318129999999, 51.2248749], [45.5025284, 51.226097800000005], [45.5019882, 51.225750600000005], [45.502087599999996, 51.2250567], [45.5007632, 51.22502420000001], [45.5000495, 51.22477339999998], [45.49991179999999, 51.2246241], [45.4992941, 51.2239541], [45.49911629999999, 51.2237612], [45.4992426, 51.223375399999995], [45.5012793, 51.2222437], [45.5021869, 51.22039840000001], [45.5017445, 51.2192942], [45.499027000000005, 51.21750769999999], [45.49863199999999, 51.2156312], [45.4976859, 51.215713799999996], [45.4971407, 51.215461999999995], [45.497180099999994, 51.2149368], [45.4972966, 51.2138697], [45.4968889, 51.213559100000005], [45.496142199999994, 51.2134484], [45.49564529999999, 51.2135825], [45.495011899999994, 51.2137534], [45.4937906, 51.2141517], [45.4935443, 51.2137536], [45.4934606, 51.213157], [45.4945463, 51.2121683], [45.4947185, 51.2115586], [45.4945924, 51.209756299999995], [45.4950416, 51.2086092], [45.49479209999999, 51.2082596], [45.49384, 51.2082725], [45.492281199999994, 51.2091364], [45.49072749999999, 51.2095293], [45.48965119999999, 51.209195699999995], [45.489353699999995, 51.2091035], [45.48868289999999, 51.2083117], [45.4888736, 51.207857000000004], [45.4906065, 51.2065679], [45.49017909999999, 51.2045475], [45.49115, 51.204487], [45.4917971, 51.204964], [45.4936287, 51.2050651], [45.4952645, 51.20586170000001], [45.496552, 51.2063457], [45.4973244, 51.2063188], [45.4979682, 51.20544489999999], [45.4984188, 51.20471899999999], [45.4996633, 51.2045173], [45.500586000000006, 51.2043425], [45.5012083, 51.2036434], [45.5013585, 51.2027964], [45.50155159999999, 51.20147879999998], [45.5006836, 51.201192], [45.5003714, 51.20108889999999], [45.500071, 51.20068560000001], [45.500026399999996, 51.2004859], [45.4999208, 51.200013299999995], [45.49972189999999, 51.199532600000005], [45.49962039999999, 51.19928719999999], [45.49935829999999, 51.1990135], [45.499298599999996, 51.19895110000001], [45.4987611, 51.1988316], [45.4986334, 51.1988032], [45.498053999999996, 51.198843499999995], [45.4978603, 51.1988916], [45.497024, 51.199099000000004], [45.49657069999999, 51.19918520000001], [45.49629339999999, 51.199238], [45.49481389999999, 51.1954685], [45.4922175, 51.1934649], [45.49075839999999, 51.1929135], [45.4891062, 51.193182500000006], [45.48500769999999, 51.1954013], [45.48105949999999, 51.197700600000005], [45.4767501, 51.19849229999999], [45.4525308, 51.19347889999999], [45.4517009, 51.19426429999999], [45.4077587, 51.23582919999999], [45.3673124, 51.21856429999999], [45.366776, 51.22012329999999], [45.36793469999999, 51.2207415], [45.3678489, 51.222582700000004], [45.36662580000001, 51.224585], [45.363171099999995, 51.2273935], [45.36018849999999, 51.227635400000004], [45.3572272, 51.22742050000001], [45.3529572, 51.22803849999999], [45.35016769999999, 51.22881790000001], [45.3478503, 51.22957039999999], [45.3451895, 51.231035000000006], [45.341563199999996, 51.2331713], [45.335190299999994, 51.235307500000005], [45.3305554, 51.236409200000004], [45.326435499999995, 51.23759139999999], [45.3203502, 51.23885289999999], [45.31924719999999, 51.24123209999999], [45.33641119999999, 51.244840399999994], [45.353751, 51.25495289999999], [45.388822399999995, 51.2740837], [45.34174349999999, 51.3061362], [45.34321969999999, 51.3080521], [45.3432746, 51.3170916], [45.3415121, 51.3213426], [45.3451021, 51.32613280000001], [45.3439636, 51.32812259999999], [45.34400399999999, 51.3289189], [45.3444439, 51.328630700000005], [45.3449589, 51.3285569], [45.3456938, 51.3286843], [45.3464609, 51.3292742], [45.34727099999999, 51.3294888], [45.3500712, 51.3291469], [45.3509724, 51.3288754], [45.3524208, 51.32880159999999], [45.352919699999994, 51.3289089], [45.3531772, 51.32922400000001], [45.35345079999999, 51.32949880000001], [45.3537834, 51.3294687], [45.3541374, 51.329448500000005], [45.354368099999995, 51.32911669999999], [45.35456119999999, 51.3282351], [45.35486699999999, 51.32784970000001], [45.3553873, 51.327548], [45.356428, 51.3273703], [45.357307799999994, 51.3273368], [45.3577959, 51.32712560000001], [45.358488, 51.32660940000001], [45.359571599999995, 51.3259423], [45.3605694, 51.32566739999999], [45.3609395, 51.3251914], [45.3608429, 51.324759], [45.360387, 51.3243299], [45.3597164, 51.3240986], [45.358723999999995, 51.3240047], [45.3576297, 51.3239745], [45.3572059, 51.323860599999996], [45.3569806, 51.3235589], [45.35710929999999, 51.3232605], [45.3578067, 51.32267720000001], [45.358187599999994, 51.322130699999995], [45.3582841, 51.32168149999998], [45.35825729999999, 51.3213965], [45.357940799999994, 51.3212457], [45.357720799999996, 51.3212021], [45.3574848, 51.3210378], [45.3575492, 51.320870199999995], [45.3578818, 51.3206758], [45.35874009999999, 51.3207629], [45.35946959999999, 51.3211049], [45.3598452, 51.321580899999994], [45.36025279999999, 51.3217888], [45.36086439999999, 51.32161450000001], [45.361272099999994, 51.32107810000001], [45.361712, 51.3200388], [45.362082099999995, 51.31945880000001], [45.3630906, 51.3194554], [45.36440489999999, 51.31928440000001], [45.3661215, 51.319079900000006], [45.3673339, 51.319147], [45.369737099999995, 51.318342300000005], [45.3724944, 51.318456299999994], [45.37428619999999, 51.318731199999995], [45.3752196, 51.319133599999994], [45.3757667, 51.31982419999999], [45.3764641, 51.3200924], [45.3774619, 51.3202131], [45.3790712, 51.32007899999999], [45.38003679999999, 51.31969009999999], [45.3807449, 51.319763899999984], [45.3812814, 51.3196566], [45.3825045, 51.31979069999999], [45.3845, 51.3195426], [45.38486480000001, 51.3196297], [45.385133, 51.31943530000001], [45.3852832, 51.319033000000005], [45.385111599999995, 51.31848310000001], [45.3845537, 51.31772540000001], [45.384832599999996, 51.317383400000004], [45.38507049999999, 51.317267], [45.3855729, 51.31702129999999], [45.38706419999999, 51.316813499999995], [45.3755243, 51.3400048], [45.39151450000001, 51.3459939], [45.38880489999999, 51.35271199999999], [45.4274997, 51.3567287], [45.4301382, 51.3588773], [45.43060849999999, 51.3604838], [45.429518, 51.36219899999999], [45.4277392, 51.36310319999998], [45.4264894, 51.3639955], [45.428941099999996, 51.36530719999999], [45.42789849999999, 51.366373799999984], [45.4267586, 51.37057579999998], [45.42875120000001, 51.3721225], [45.4294475, 51.37685599999999], [45.427205699999995, 51.3834615], [45.42452269999999, 51.3857015], [45.422703999999996, 51.38622209999999], [45.4219059, 51.387282899999995], [45.4225781, 51.387980000000006], [45.426793, 51.3892235], [45.4294407, 51.38894439999999], [45.4317083, 51.389044399999996], [45.4334025, 51.3879544], [45.4371175, 51.3879823], [45.4378622, 51.3881749], [45.4378477, 51.38883839999999], [45.43640099999999, 51.3898208], [45.43619189999999, 51.3903639], [45.4347602, 51.39403930000001], [45.4264186, 51.39425429999999], [45.4247232, 51.396618299999986], [45.4251466, 51.3978277], [45.4265395, 51.3984578], [45.4295541, 51.3985802], [45.431688199999996, 51.39962179999999], [45.4284986, 51.4018494], [45.42887569999999, 51.402452999999994], [45.4296025, 51.4026109], [45.43351239999999, 51.40246559999999], [45.4370151, 51.4041229], [45.43687539999999, 51.407416999999995], [45.43223179999999, 51.4104779], [45.4286298, 51.41049269999999], [45.426198, 51.40709799999999], [45.42478299999999, 51.4056424], [45.4232741, 51.4054907], [45.42047989999999, 51.405656799999996], [45.419608, 51.40892740000001], [45.4172981, 51.40973660000001], [45.416755499999994, 51.414334399999994], [45.4195835, 51.4180885], [45.417644, 51.4198255], [45.4139201, 51.422773799999995], [45.4126334, 51.4260817], [45.41041369999999, 51.4272891], [45.4077282, 51.4335489], [45.4091662, 51.442609700000006], [45.384967599999996, 51.4428733], [45.38495089999999, 51.4394341], [45.3701108, 51.43958460000001], [45.3694804, 51.4432132], [45.340201699999994, 51.442897300000006], [45.3409239, 51.44391639999999], [45.343348, 51.4438934], [45.3450675, 51.4448755], [45.3396087, 51.44909839999999], [45.3377925, 51.44828110000001], [45.32080789999999, 51.4518879], [45.31696759999999, 51.4503025], [45.3179894, 51.4479295], [45.3158169, 51.448501199999995], [45.3099271, 51.4520815], [45.309129199999994, 51.4575274], [45.3146026, 51.4626356], [45.31390429999999, 51.46513039999999], [45.31117919999999, 51.4673093], [45.3105891, 51.4682316], [45.310406699999994, 51.4704505], [45.31350729999999, 51.47330420000001], [45.3173807, 51.4748077], [45.3191136, 51.482186600000006], [45.33511709999999, 51.48265599999999], [45.3363645, 51.48474329999999], [45.341939499999995, 51.485559300000006], [45.34716329999999, 51.485567199999984], [45.348791899999995, 51.4851824], [45.3533983, 51.4864563], [45.358086099999994, 51.48662350000001], [45.367968899999994, 51.48431649999999], [45.368322899999995, 51.48268250000001], [45.36755509999999, 51.480291799999996], [45.374340000000004, 51.4801087], [45.376989699999996, 51.4792992], [45.3790502, 51.47955559999999], [45.37329540000001, 51.485587300000006], [45.38933389999999, 51.4901135], [45.3923576, 51.4966526], [45.3987363, 51.5070858], [45.41339399999999, 51.5041639], [45.414186699999995, 51.50728049999999], [45.41547069999999, 51.5085237], [45.4167548, 51.5086717], [45.4203692, 51.50828699999999], [45.4215266, 51.510445], [45.42440659999999, 51.5104254], [45.431454699999996, 51.5104918], [45.4319961, 51.510923399999996], [45.43297359999999, 51.51215629999999], [45.43627969999999, 51.510722599999994], [45.43643649999999, 51.5126867], [45.4333957, 51.51501510000001], [45.43677329999999, 51.5170688], [45.440387199999996, 51.5174988], [45.4455058, 51.5162147], [45.44718590000001, 51.5181043], [45.44975399999999, 51.5193473], [45.4513139, 51.521620399999996], [45.469355, 51.5195102], [45.4890268, 51.5164455], [45.4943557, 51.51513829999998], [45.50779359999999, 51.51403739999999], [45.511646199999994, 51.509820999999995], [45.529462300000006, 51.514928499999996], [45.5508632, 51.52189520000001], [45.5581239, 51.52236469999999], [45.5810976, 51.52626660000001], [45.5922183, 51.5277411], [45.6026546, 51.527948499999994], [45.6126998, 51.5267151], [45.6217441, 51.524727899999995], [45.62762409999999, 51.52278709999999], [45.63464119999999, 51.519897199999996], [45.642435, 51.5217925], [45.646791799999995, 51.522852], [45.65893400000001, 51.527552299999996], [45.6692659, 51.5319992], [45.670729699999995, 51.5326292], [45.67541549999999, 51.5341634], [45.6796281, 51.53553200000001], [45.67534489999999, 51.540735399999996], [45.6802751, 51.5426501], [45.68045879999999, 51.54248869999999], [45.68168049999999, 51.5414152], [45.68484829999999, 51.54281659999999], [45.68825989999999, 51.54123299999999], [45.6902834, 51.545088], [45.688685899999996, 51.5485351], [45.6884966, 51.5519879], [45.6852155, 51.555205], [45.68799179999999, 51.5589318], [45.684647700000006, 51.5595595], [45.68439529999999, 51.56069709999999], [45.6857203, 51.56159929999999], [45.685278600000004, 51.563207500000004], [45.6831333, 51.56308990000001], [45.6837012, 51.5648942], [45.6860989, 51.5656786], [45.6864775, 51.5683849], [45.68599319999999, 51.569171799999985], [45.69146219999999, 51.57324800000001], [45.6936469, 51.5770994], [45.6912277, 51.579589099999986], [45.6929267, 51.580558700000005], [45.6985425, 51.583763399999995], [45.70128379999999, 51.586014000000006], [45.7025674, 51.5847761], [45.7033877, 51.58163950000001], [45.7058485, 51.5825021], [45.70604349999999, 51.5845927], [45.7131121, 51.58439440000001], [45.71367269999999, 51.582894100000004], [45.7219385, 51.5827373], [45.7351259, 51.5847761], [45.7368927, 51.583992], [45.737018899999995, 51.5820708], [45.74512609999999, 51.57600099999999], [45.74795859999999, 51.57720559999999], [45.741406999999995, 51.5832718], [45.74557819999999, 51.58514449999999], [45.7485348, 51.583786599999996], [45.75562399999999, 51.58053060000001], [45.75927109999999, 51.582864699999995], [45.75622, 51.58481499999999], [45.755950399999996, 51.5849873], [45.755471099999994, 51.5852937], [45.7552388, 51.5853867], [45.7522789, 51.5865716], [45.750025199999996, 51.5874738], [45.7491473, 51.587825200000005], [45.7487089, 51.5880007], [45.737912699999995, 51.5923222], [45.745789699999996, 51.591612700000006], [45.7710196, 51.59415990000001], [45.7743625, 51.5940565], [45.7812118, 51.5938447], [45.7849787, 51.5936963], [45.7988777, 51.5922144], [45.80879289999999, 51.5947267], [45.8038139, 51.6125544], [45.8214989, 51.6144279], [45.81977859999999, 51.61753099999999], [45.817870199999994, 51.619013899999985], [45.81435609999999, 51.6203759], [45.810578299999996, 51.62152579999999], [45.80430669999999, 51.6245066], [45.802679899999994, 51.6267141], [45.8019208, 51.629552999999994], [45.80160469999999, 51.6306469], [45.80325109999999, 51.63280910000001], [45.8074442, 51.636546299999985], [45.807835299999994, 51.63821630000001], [45.806645599999996, 51.6404367], [45.80682999999999, 51.64051169999999], [45.8078313, 51.640919], [45.80803590000001, 51.641002199999996], [45.8091214, 51.64144369999999], [45.8092833, 51.641509500000005], [45.8102874, 51.6418558], [45.81247319999999, 51.64260959999999], [45.813265099999995, 51.6428827], [45.81506889999999, 51.643460399999995], [45.817904399999996, 51.644368599999986], [45.8191267, 51.644865499999995], [45.8198392, 51.64540670000001], [45.8211754, 51.6472307], [45.8229598, 51.6497431], [45.82298719999999, 51.65019889999999], [45.82284829999999, 51.650633299999996], [45.82199969999999, 51.6525623], [45.821937299999995, 51.652704199999995], [45.8217275, 51.653181], [45.82162, 51.6534253], [45.8215799, 51.653516399999994], [45.8214967, 51.6537055], [45.8214644, 51.653778900000006], [45.821372399999994, 51.653988], [45.8207072, 51.6555001], [45.81982779999999, 51.6579389], [45.819165399999996, 51.66048149999999], [45.81903689999999, 51.6609749], [45.866744999999995, 51.662271399999995], [45.87440670000001, 51.66563409999999], [45.87543029999999, 51.6660833], [45.8771884, 51.67127419999999], [45.8836766, 51.671201499999995], [45.8850449, 51.6723194], [45.88757759999999, 51.6739558], [45.8894867, 51.6742524], [45.8909868, 51.674633], [45.8916784, 51.6752068], [45.89317199999999, 51.6754819], [45.89317079999999, 51.67570340000001], [45.893139, 51.6815494], [45.8880763, 51.6815492], [45.888071, 51.68084279999999], [45.871854199999994, 51.68073209999999], [45.861481999999995, 51.68273810000001], [45.85952149999999, 51.6847855], [45.859455499999996, 51.685019200000006], [45.8585321, 51.6882901], [45.859055999999995, 51.691930799999994], [45.859386699999995, 51.69776590000001], [45.85943869999999, 51.6986843], [45.85792769999999, 51.7062037], [45.85762809999999, 51.7076947], [45.856324, 51.7141834], [45.85188219999999, 51.713940799999996], [45.8365225, 51.7131018], [45.81695899999999, 51.71203309999999], [45.81311, 51.72549329999999], [45.8177857, 51.726595], [45.826571, 51.7268343], [45.827794, 51.7267536], [45.8289142, 51.72710949999998], [45.8300441, 51.727181899999984], [45.83112539999999, 51.72677170000001], [45.8339892, 51.72648199999998], [45.8349146, 51.7267777], [45.83644489999999, 51.726782599999986], [45.837835399999996, 51.7264915], [45.83822649999999, 51.7264096], [45.8402433, 51.726248699999985], [45.8418403, 51.7268742], [45.8420542, 51.72682809999999], [45.8424832, 51.7267355], [45.8433727, 51.7259734], [45.84363249999999, 51.7259567], [45.84609369999999, 51.725798600000005], [45.8491547, 51.725601999999995], [45.8560389, 51.72448789999999], [45.86000969999999, 51.72323939999999], [45.8628433, 51.7230822], [45.86478979999999, 51.72226659999998], [45.86890429999999, 51.721565699999985], [45.873605, 51.72030089999999], [45.8742832, 51.72011839999999], [45.8758904, 51.719689900000006], [45.8776688, 51.719764399999995], [45.8772165, 51.721221599999986], [45.8764362, 51.72373530000001], [45.873301, 51.7338338], [45.8697858, 51.7415507], [45.8697402, 51.74679179999998], [45.87266639999999, 51.746134899999994], [45.8757634, 51.7458474], [45.876407799999996, 51.74589420000001], [45.8767322, 51.74591780000001], [45.877781799999994, 51.745994], [45.87968659999999, 51.7459521], [45.882925, 51.74504110000001], [45.89072089999999, 51.741513299999994], [45.8931631, 51.7391084], [45.893460299999994, 51.73881570000001], [45.89352219999999, 51.73823809999999], [45.8959231, 51.738038700000004], [45.89893, 51.737661599999996], [45.9019557, 51.73676669999999], [45.90520889999999, 51.736441000000006], [45.9054723, 51.7364417], [45.9075174, 51.7364471], [45.909865, 51.7360912], [45.91131639999999, 51.73567489999999], [45.912095199999996, 51.7355023], [45.91296659999999, 51.735427], [45.912924399999994, 51.73189620000001], [45.91285189999999, 51.72581979999998], [45.912782299999996, 51.7199872], [45.9127469, 51.7170219], [45.9133159, 51.716974799999996], [45.91415560000001, 51.716964], [45.91436219999999, 51.71708780000001], [45.91441389999999, 51.717300900000005], [45.9142873, 51.71806130000001], [45.9145016, 51.7183812], [45.915065299999995, 51.7185735], [45.9157122, 51.7186005], [45.91580689999999, 51.718604400000004], [45.916498499999996, 51.718284600000004], [45.917082900000004, 51.71826049999999], [45.9177586, 51.718403], [45.9180473, 51.71826049999999], [45.9179986, 51.7178863], [45.9178962, 51.7175087], [45.9182031, 51.7171863], [45.9187681, 51.71717420000001], [45.919088699999996, 51.717407399999985], [45.9199273, 51.717578499999995], [45.9203266, 51.7179165], [45.9205678, 51.7182296], [45.921732199999994, 51.7185089], [45.922715999999994, 51.718641700000006], [45.9240797, 51.7185934], [45.9250636, 51.7187021], [45.9257073, 51.71856849999998], [45.9262422, 51.718002000000006], [45.926843, 51.7172388], [45.927401399999994, 51.7167347], [45.927898199999994, 51.7165114], [45.9282615, 51.7167383], [45.9286969, 51.71749509999998], [45.9292658, 51.717984999999985], [45.930352899999995, 51.7182253], [45.9311185, 51.7180641], [45.9318335, 51.7177486], [45.933364499999996, 51.7171062], [45.9353122, 51.71951019999999], [45.9356913, 51.7263525], [45.9365094, 51.727741099999996], [45.9365375, 51.72778890000001], [45.93687349999999, 51.7283591], [45.9424478, 51.7378195], [45.9438116, 51.74013379999999], [45.9454857, 51.7429744], [45.9465244, 51.7447368], [45.947220699999995, 51.745918200000006], [45.947742399999996, 51.746803299999996], [45.9508305, 51.751061500000006], [45.9435193, 51.753135], [45.9435788, 51.7532284], [45.946261099999994, 51.757435], [45.94750609999999, 51.7593875], [45.948801599999996, 51.761418899999995], [45.950837199999995, 51.7646108], [45.95113779999999, 51.7650822], [45.951428799999995, 51.76553859999999], [45.9525305, 51.76726589999999], [45.95356399999999, 51.76888629999999], [45.953614699999996, 51.768935899999995], [45.9562727, 51.7715385], [45.9585186, 51.77314299999999], [45.9612222, 51.7760487], [45.95238359999999, 51.780488299999995], [45.9499249, 51.7865474], [45.9455011, 51.7916029], [45.943445800000006, 51.80138819999999], [45.9448596, 51.80546149999999], [45.9455593, 51.8074773], [45.94681109999999, 51.8082132], [45.9470554, 51.808356799999984], [45.9472686, 51.8088406], [45.9480037, 51.8105084], [45.9462275, 51.81125519999999], [45.9496396, 51.8175678], [45.9522607, 51.8225051], [45.94857609999999, 51.830442299999994], [45.947446799999994, 51.83234329999999], [45.95188149999999, 51.8356958], [45.94747400000001, 51.83570319999999], [45.9451597, 51.836196900000004], [45.94197979999999, 51.8363426], [45.942625, 51.8384781], [45.942811199999994, 51.84113889999999], [45.945007499999996, 51.844398700000006], [45.95049589999999, 51.852543700000005], [45.9618605, 51.8682643], [45.9734812, 51.865474600000006], [45.98160169999999, 51.86213149999999], [45.9799844, 51.86104120000001], [45.9884056, 51.857324199999994], [45.9888845, 51.85636859999999], [45.99490999999999, 51.8540578], [45.99513819999999, 51.8539703], [45.99529119999999, 51.854132899999996], [45.99651329999999, 51.85543229999999], [45.995203599999996, 51.85657299999998], [45.9984147, 51.8598943], [45.9898516, 51.8647267], [45.99525299999999, 51.8690133], [45.9980914, 51.8712657], [45.9989734, 51.871965599999996], [46.002155099999996, 51.874490200000004], [46.016481, 51.8858561], [46.0282565, 51.8937292], [46.02950529999999, 51.895043], [46.0316916, 51.897343], [46.0504808, 51.891944299999984], [46.061475599999994, 51.8878018], [46.067157900000005, 51.885678299999995], [46.0677047, 51.88327679999998], [46.068632199999996, 51.880942600000004], [46.0686938, 51.880787600000005], [46.06996459999999, 51.8785986], [46.07223239999999, 51.8768134], [46.0752231, 51.8753718], [46.0937842, 51.87126719999999], [46.0942801, 51.8700935], [46.09614479999999, 51.8696578], [46.096801299999996, 51.86950449999999], [46.0986862, 51.8690641], [46.1014159, 51.868426299999996], [46.103633, 51.8683602], [46.10614199999999, 51.868285500000006], [46.1073591, 51.86407580000001], [46.10852, 51.8622297], [46.100237699999994, 51.8554063], [46.09622879999999, 51.85181450000001], [46.096147499999994, 51.847883], [46.103631699999994, 51.84800829999999], [46.104174099999994, 51.84786249999999], [46.1086693, 51.846654], [46.1156287, 51.8447829], [46.119499899999994, 51.8410934], [46.1226175, 51.83954150000001], [46.12323189999999, 51.8392357], [46.12533189999999, 51.835960099999994], [46.1289411, 51.83328720000001], [46.1332667, 51.83194220000001], [46.13510920000001, 51.83183139999999], [46.1364913, 51.831748199999986], [46.1432001, 51.82949779999999], [46.14267019999999, 51.828825800000004], [46.14249559999999, 51.8286044], [46.1419647, 51.8279312], [46.1418882, 51.827834200000005], [46.14075249999999, 51.8263938], [46.140576599999996, 51.82617079999999], [46.1401999, 51.825693099999995], [46.1386413, 51.824778], [46.146742399999994, 51.820237399999996], [46.1691253, 51.82034479999999], [46.1720872, 51.820359], [46.174254399999995, 51.82036939999999], [46.18372209999999, 51.8204148], [46.184933699999995, 51.82067239999999], [46.193303199999995, 51.820462500000005], [46.1951415, 51.8229629], [46.197400699999996, 51.8241634], [46.19784349999999, 51.825404999999996], [46.2006232, 51.82673960000001], [46.20387529999999, 51.825857799999994], [46.2070733, 51.8247358], [46.20505579999999, 51.82131549999999], [46.2042744, 51.821070299999995], [46.2040373, 51.8150718], [46.21214020000001, 51.81705430000001], [46.2213507, 51.82548380000001], [46.22185819999999, 51.825243099999994], [46.2222777, 51.82494919999999], [46.2225725, 51.82480799999999], [46.222862, 51.8247288], [46.2229883, 51.824726099999985], [46.2230324, 51.82475149999999], [46.223048799999994, 51.8247802], [46.2230499, 51.824855299999996], [46.2231122, 51.8250016], [46.2231942, 51.82509079999999], [46.2233821, 51.8251595], [46.22360539999999, 51.8252198], [46.223872199999995, 51.8252442], [46.2240996, 51.825251900000005], [46.224241899999996, 51.8252949], [46.2244478, 51.82539479999999], [46.2246607, 51.82548340000001], [46.224895399999994, 51.8256194], [46.22504659999999, 51.8257331], [46.225306499999995, 51.8258956], [46.225710299999996, 51.826121500000006], [46.225926199999996, 51.8262504], [46.2261846, 51.82639019999999], [46.2264152, 51.82648], [46.2266618, 51.8265499], [46.226905599999995, 51.8266425], [46.2270985, 51.826739999999994], [46.2272636, 51.8267817], [46.22742769999999, 51.82680099999999], [46.22758759999999, 51.8267888], [46.22778589999999, 51.82672010000001], [46.2279313, 51.82664309999999], [46.2280631, 51.8264814], [46.228186699999995, 51.82642359999999], [46.228433800000005, 51.8264358], [46.22862179999999, 51.8264082], [46.2288066, 51.82632350000001], [46.229018399999994, 51.8261817], [46.229209499999996, 51.8260745], [46.229505399999994, 51.82589679999999], [46.22980749999999, 51.82569980000001], [46.2299905, 51.8255694], [46.23008389999999, 51.8254687], [46.2300923, 51.825372399999985], [46.2300175, 51.825194], [46.2298685, 51.8249851], [46.2298374, 51.8248233], [46.22985609999999, 51.8245487], [46.229935, 51.8243638], [46.2301966, 51.8242162], [46.2304105, 51.82412639999998], [46.2305351, 51.8240173], [46.2306404, 51.823821200000005], [46.2307137, 51.823684799999995], [46.230798899999996, 51.82337419999999], [46.23091929999999, 51.8230533], [46.2309442, 51.8227543], [46.2308653, 51.8225566], [46.23070330000001, 51.822310099999996], [46.230497799999995, 51.82202129999999], [46.2303358, 51.8217402], [46.2301759, 51.8214257], [46.229974399999996, 51.8210663], [46.2296463, 51.8207351], [46.2295035, 51.820542], [46.2294066, 51.82034960000001], [46.229271499999996, 51.82009089999999], [46.2291737, 51.8198949], [46.2324604, 51.8186751], [46.241809499999995, 51.814986899999994], [46.25697980000001, 51.8111092], [46.250351699999996, 51.8029508], [46.256784599999996, 51.79287229999999], [46.256874599999996, 51.7920014], [46.2564826, 51.790916200000005], [46.2561245, 51.790535799999994], [46.256029600000005, 51.790435], [46.255395099999994, 51.7901606], [46.253773, 51.7901423], [46.253181899999994, 51.790135600000006], [46.2510851, 51.790111999999986], [46.250169799999995, 51.7896639], [46.250138899999996, 51.789605099999996], [46.2488838, 51.78722], [46.2481273, 51.786224000000004], [46.2485056, 51.7853164], [46.247878, 51.782255799999994], [46.2481002, 51.779641399999996], [46.25058589999999, 51.778830600000006], [46.2556055, 51.778993199999995], [46.2569748, 51.7800632], [46.25920309999999, 51.7805904], [46.2650239, 51.78050439999999], [46.2671226, 51.78104710000001], [46.2711762, 51.78385349999999], [46.2743843, 51.78383899999999], [46.2750091, 51.78226279999999], [46.27530599999999, 51.780645899999996], [46.2754459, 51.7733208], [46.273902, 51.7688888], [46.277522999999995, 51.7690252], [46.29852579999999, 51.76027130000001], [46.291160299999994, 51.752307399999985], [46.28579009999999, 51.735705399999986], [46.2815495, 51.7087636], [46.2798329, 51.6700171], [46.260940399999996, 51.6490098], [46.2516538, 51.6429349], [46.2424511, 51.6383809], [46.23771959999999, 51.63381830000001], [46.2316378, 51.6077221], [46.2097151, 51.57276469999999], [46.1900799, 51.5371019], [46.187741599999995, 51.5341573], [46.1813182, 51.52985410000001], [46.1735939, 51.525667799999994], [46.162200199999994, 51.523015199999996], [46.155251299999996, 51.520962], [46.146089599999996, 51.5181357], [46.13064229999999, 51.514781899999996], [46.12205929999999, 51.51269879999999], [46.11761829999999, 51.512226500000004], [46.112446199999994, 51.5114702], [46.10643809999999, 51.51109619999999], [46.0994858, 51.5108826], [46.091246, 51.5113099], [46.0849804, 51.5143546], [46.077513100000004, 51.5148353], [46.0716766, 51.5136068], [46.062703, 51.5121445], [46.059014999999995, 51.51163710000001], [46.0540848, 51.510815699999995], [46.0427492, 51.50786800000001], [46.042483, 51.5077732], [46.03277229999999, 51.504316], [46.02873499999999, 51.503035299999986], [46.0223296, 51.4997729], [46.01526419999999, 51.489646], [46.00350159999999, 51.47298849999999], [45.9935635, 51.46268640000001], [45.98378069999999, 51.452962500000005], [45.981335, 51.4489708], [45.981335, 51.4454868], [45.9825774, 51.434491599999994], [45.9833492, 51.4118099]]]]}}, {"type": "Feature", "properties": {"id": "city-63643000", "name": "Саратовский муниципальный район", "region": "Саратовская область", "isCity": true, "sourceOktmo": "63-643-000-000", "sourceAgg": "Саратов", "excelNames": ["Саратовский муниципальный район"], "oktmo": "63643000", "vgp": [{"year": 2019, "value": 19494868.416118726}, {"year": 2020, "value": 23857891.67149623}, {"year": 2021, "value": 22483745.720181968}, {"year": 2022, "value": 0.0}, {"year": 2023, "value": 0.0}, {"year": 2024, "value": 0.0}], "population": [{"year": 2019, "value": 49833.0}, {"year": 2020, "value": 49892.0}, {"year": 2021, "value": 50564.0}, {"year": 2022, "value": 39304.0}, {"year": 2023, "value": 0.0}, {"year": 2024, "value": 0.0}, {"year": 2025, "value": 0.0}], "shipments": [{"year": 2019, "value": 27442014.3}, {"year": 2020, "value": 28787444.5}, {"year": 2021, "value": 34753708.2}, {"year": 2022, "value": 0.0}, {"year": 2023, "value": 0.0}, {"year": 2024, "value": 0.0}], "employees": [{"year": 2019, "value": 14137.0}, {"year": 2020, "value": 14343.0}, {"year": 2021, "value": 12612.0}, {"year": 2022, "value": 0.0}, {"year": 2023, "value": 0.0}, {"year": 2024, "value": 0.0}], "investments": [{"year": 2019, "value": 2739312.0}, {"year": 2020, "value": 2022981.0}, {"year": 2021, "value": 1118987.0}, {"year": 2022, "value": 0.0}, {"year": 2023, "value": 0.0}, {"year": 2024, "value": 0.0}], "vgp2024": 0.0, "pop2024": 0.0, "ship2024": 0.0, "emp2024": 0.0, "inv2024": 0.0}, "geometry": {"type": "MultiPolygon", "coordinates": [[[[45.43640099999999, 51.3898208], [45.43619189999999, 51.3903639], [45.4347602, 51.39403930000001], [45.4264186, 51.39425429999999], [45.4247232, 51.396618299999986], [45.4251466, 51.3978277], [45.4265395, 51.3984578], [45.4295541, 51.3985802], [45.431688199999996, 51.39962179999999], [45.4284986, 51.4018494], [45.42887569999999, 51.402452999999994], [45.4296025, 51.4026109], [45.43351239999999, 51.40246559999999], [45.4370151, 51.4041229], [45.43687539999999, 51.407416999999995], [45.43223179999999, 51.4104779], [45.4286298, 51.41049269999999], [45.426198, 51.40709799999999], [45.42478299999999, 51.4056424], [45.4232741, 51.4054907], [45.42047989999999, 51.405656799999996], [45.419608, 51.40892740000001], [45.4172981, 51.40973660000001], [45.416755499999994, 51.414334399999994], [45.4195835, 51.4180885], [45.417644, 51.4198255], [45.4139201, 51.422773799999995], [45.4126334, 51.4260817], [45.41041369999999, 51.4272891], [45.4077282, 51.4335489], [45.4091662, 51.442609700000006], [45.384967599999996, 51.4428733], [45.38495089999999, 51.4394341], [45.3701108, 51.43958460000001], [45.3694804, 51.4432132], [45.340201699999994, 51.442897300000006], [45.3409239, 51.44391639999999], [45.343348, 51.4438934], [45.3450675, 51.4448755], [45.3396087, 51.44909839999999], [45.3377925, 51.44828110000001], [45.32080789999999, 51.4518879], [45.31696759999999, 51.4503025], [45.3179894, 51.4479295], [45.3158169, 51.448501199999995], [45.3099271, 51.4520815], [45.309129199999994, 51.4575274], [45.3146026, 51.4626356], [45.31390429999999, 51.46513039999999], [45.31117919999999, 51.4673093], [45.3105891, 51.4682316], [45.310406699999994, 51.4704505], [45.31350729999999, 51.47330420000001], [45.3173807, 51.4748077], [45.3191136, 51.482186600000006], [45.33511709999999, 51.48265599999999], [45.3363645, 51.48474329999999], [45.341939499999995, 51.485559300000006], [45.34716329999999, 51.485567199999984], [45.348791899999995, 51.4851824], [45.3533983, 51.4864563], [45.358086099999994, 51.48662350000001], [45.367968899999994, 51.48431649999999], [45.368322899999995, 51.48268250000001], [45.36755509999999, 51.480291799999996], [45.374340000000004, 51.4801087], [45.376989699999996, 51.4792992], [45.3790502, 51.47955559999999], [45.37329540000001, 51.485587300000006], [45.38933389999999, 51.4901135], [45.3923576, 51.4966526], [45.3987363, 51.5070858], [45.41339399999999, 51.5041639], [45.414186699999995, 51.50728049999999], [45.41547069999999, 51.5085237], [45.4167548, 51.5086717], [45.4203692, 51.50828699999999], [45.4215266, 51.510445], [45.42440659999999, 51.5104254], [45.431454699999996, 51.5104918], [45.4319961, 51.510923399999996], [45.43297359999999, 51.51215629999999], [45.43627969999999, 51.510722599999994], [45.43643649999999, 51.5126867], [45.4333957, 51.51501510000001], [45.43677329999999, 51.5170688], [45.440387199999996, 51.5174988], [45.4455058, 51.5162147], [45.44718590000001, 51.5181043], [45.44975399999999, 51.5193473], [45.4513139, 51.521620399999996], [45.469355, 51.5195102], [45.4890268, 51.5164455], [45.4943557, 51.51513829999998], [45.50779359999999, 51.51403739999999], [45.511646199999994, 51.509820999999995], [45.529462300000006, 51.514928499999996], [45.5508632, 51.52189520000001], [45.5581239, 51.52236469999999], [45.5810976, 51.52626660000001], [45.5922183, 51.5277411], [45.6026546, 51.527948499999994], [45.6126998, 51.5267151], [45.6217441, 51.524727899999995], [45.62762409999999, 51.52278709999999], [45.63464119999999, 51.519897199999996], [45.646791799999995, 51.522852], [45.65893400000001, 51.527552299999996], [45.670729699999995, 51.5326292], [45.67541549999999, 51.5341634], [45.6796281, 51.53553200000001], [45.67534489999999, 51.540735399999996], [45.6802751, 51.5426501], [45.68168049999999, 51.5414152], [45.68484829999999, 51.54281659999999], [45.68825989999999, 51.54123299999999], [45.6902834, 51.545088], [45.688685899999996, 51.5485351], [45.6884966, 51.5519879], [45.6852155, 51.555205], [45.68799179999999, 51.5589318], [45.684647700000006, 51.5595595], [45.68439529999999, 51.56069709999999], [45.6857203, 51.56159929999999], [45.685278600000004, 51.563207500000004], [45.6831333, 51.56308990000001], [45.6837012, 51.5648942], [45.6860989, 51.5656786], [45.6864775, 51.5683849], [45.68599319999999, 51.569171799999985], [45.69146219999999, 51.57324800000001], [45.6936469, 51.5770994], [45.6912277, 51.579589099999986], [45.6985425, 51.583763399999995], [45.70128379999999, 51.586014000000006], [45.7025674, 51.5847761], [45.7033877, 51.58163950000001], [45.7058485, 51.5825021], [45.70604349999999, 51.5845927], [45.7131121, 51.58439440000001], [45.71367269999999, 51.582894100000004], [45.7219385, 51.5827373], [45.7351259, 51.5847761], [45.7368927, 51.583992], [45.737018899999995, 51.5820708], [45.74512609999999, 51.57600099999999], [45.74795859999999, 51.57720559999999], [45.741406999999995, 51.5832718], [45.74557819999999, 51.58514449999999], [45.75562399999999, 51.58053060000001], [45.75927109999999, 51.582864699999995], [45.755471099999994, 51.5852937], [45.737912699999995, 51.5923222], [45.745789699999996, 51.591612700000006], [45.7710196, 51.59415990000001], [45.7743625, 51.5940565], [45.7812118, 51.5938447], [45.7849787, 51.5936963], [45.7988777, 51.5922144], [45.80879289999999, 51.5947267], [45.8038139, 51.6125544], [45.8214989, 51.6144279], [45.81977859999999, 51.61753099999999], [45.817870199999994, 51.619013899999985], [45.81435609999999, 51.6203759], [45.810578299999996, 51.62152579999999], [45.8042423, 51.62447999999999], [45.8023688, 51.62642099999999], [45.8019208, 51.629552999999994], [45.80160469999999, 51.6306469], [45.80325109999999, 51.63280910000001], [45.8074442, 51.636546299999985], [45.807835299999994, 51.63821630000001], [45.806645599999996, 51.6404367], [45.8092833, 51.641509500000005], [45.813265099999995, 51.6428827], [45.817904399999996, 51.644368599999986], [45.8191267, 51.644865499999995], [45.8198392, 51.64540670000001], [45.8211754, 51.6472307], [45.8229598, 51.6497431], [45.82298719999999, 51.65019889999999], [45.82284829999999, 51.650633299999996], [45.8207072, 51.6555001], [45.81982779999999, 51.6579389], [45.81903689999999, 51.6609749], [45.866744999999995, 51.662271399999995], [45.87543029999999, 51.6660833], [45.8771884, 51.67127419999999], [45.8836766, 51.671201499999995], [45.8850449, 51.6723194], [45.88757759999999, 51.6739558], [45.8894867, 51.6742524], [45.8909868, 51.674633], [45.8916784, 51.6752068], [45.89317199999999, 51.6754819], [45.893139, 51.6815494], [45.8880763, 51.6815492], [45.888071, 51.68084279999999], [45.871854199999994, 51.68073209999999], [45.861481999999995, 51.68273810000001], [45.85952149999999, 51.6847855], [45.8585321, 51.6882901], [45.859055999999995, 51.691930799999994], [45.85943869999999, 51.6986843], [45.856324, 51.7141834], [45.81695899999999, 51.71203309999999], [45.81311, 51.72549329999999], [45.8177857, 51.726595], [45.826571, 51.7268343], [45.827794, 51.7267536], [45.8289142, 51.72710949999998], [45.8300441, 51.727181899999984], [45.83112539999999, 51.72677170000001], [45.8339892, 51.72648199999998], [45.8349146, 51.7267777], [45.83644489999999, 51.726782599999986], [45.83822649999999, 51.7264096], [45.8402433, 51.726248699999985], [45.8418403, 51.7268742], [45.8424832, 51.7267355], [45.8433727, 51.7259734], [45.8491547, 51.725601999999995], [45.8560389, 51.72448789999999], [45.86000969999999, 51.72323939999999], [45.8628433, 51.7230822], [45.86478979999999, 51.72226659999998], [45.86890429999999, 51.721565699999985], [45.8742832, 51.72011839999999], [45.8758904, 51.719689900000006], [45.8776688, 51.719764399999995], [45.873301, 51.7338338], [45.8697858, 51.7415507], [45.8697402, 51.74679179999998], [45.87266639999999, 51.746134899999994], [45.8757634, 51.7458474], [45.877781799999994, 51.745994], [45.87968659999999, 51.7459521], [45.882925, 51.74504110000001], [45.89072089999999, 51.741513299999994], [45.893460299999994, 51.73881570000001], [45.89352219999999, 51.73823809999999], [45.8959231, 51.738038700000004], [45.89893, 51.737661599999996], [45.9019557, 51.73676669999999], [45.90520889999999, 51.736441000000006], [45.9075174, 51.7364471], [45.909865, 51.7360912], [45.91131639999999, 51.73567489999999], [45.912095199999996, 51.7355023], [45.91296659999999, 51.735427], [45.9127469, 51.7170219], [45.9133159, 51.716974799999996], [45.91415560000001, 51.716964], [45.91436219999999, 51.71708780000001], [45.91441389999999, 51.717300900000005], [45.9142873, 51.71806130000001], [45.9145016, 51.7183812], [45.915065299999995, 51.7185735], [45.91580689999999, 51.718604400000004], [45.916498499999996, 51.718284600000004], [45.917082900000004, 51.71826049999999], [45.9177586, 51.718403], [45.9180473, 51.71826049999999], [45.9179986, 51.7178863], [45.9178962, 51.7175087], [45.9182031, 51.7171863], [45.9187681, 51.71717420000001], [45.919088699999996, 51.717407399999985], [45.9199273, 51.717578499999995], [45.9203266, 51.7179165], [45.9205678, 51.7182296], [45.921732199999994, 51.7185089], [45.922715999999994, 51.718641700000006], [45.9240797, 51.7185934], [45.9250636, 51.7187021], [45.9257073, 51.71856849999998], [45.9262422, 51.718002000000006], [45.926843, 51.7172388], [45.927401399999994, 51.7167347], [45.927898199999994, 51.7165114], [45.9282615, 51.7167383], [45.9286969, 51.71749509999998], [45.9292658, 51.717984999999985], [45.930352899999995, 51.7182253], [45.9311185, 51.7180641], [45.9318335, 51.7177486], [45.933364499999996, 51.7171062], [45.9353122, 51.71951019999999], [45.9356913, 51.7263525], [45.947742399999996, 51.746803299999996], [45.9508305, 51.751061500000006], [45.9435193, 51.753135], [45.95356399999999, 51.76888629999999], [45.9562727, 51.7715385], [45.9585186, 51.77314299999999], [45.9612222, 51.7760487], [45.95238359999999, 51.780488299999995], [45.9499249, 51.7865474], [45.9455011, 51.7916029], [45.943445800000006, 51.80138819999999], [45.9455593, 51.8074773], [45.9470554, 51.808356799999984], [45.9480037, 51.8105084], [45.9462275, 51.81125519999999], [45.9496396, 51.8175678], [45.9522607, 51.8225051], [45.94857609999999, 51.830442299999994], [45.947446799999994, 51.83234329999999], [45.95188149999999, 51.8356958], [45.94747400000001, 51.83570319999999], [45.9451597, 51.836196900000004], [45.94197979999999, 51.8363426], [45.942625, 51.8384781], [45.942811199999994, 51.84113889999999], [45.95049589999999, 51.852543700000005], [45.9618605, 51.8682643], [45.9734812, 51.865474600000006], [45.98160169999999, 51.86213149999999], [45.9799844, 51.86104120000001], [45.9884056, 51.857324199999994], [45.9888845, 51.85636859999999], [45.99513819999999, 51.8539703], [45.99529119999999, 51.854132899999996], [45.99651329999999, 51.85543229999999], [45.995203599999996, 51.85657299999998], [45.9984147, 51.8598943], [45.9898516, 51.8647267], [46.016481, 51.8858561], [46.0282565, 51.8937292], [46.0316916, 51.897343], [46.0504808, 51.891944299999984], [46.061475599999994, 51.8878018], [46.067157900000005, 51.885678299999995], [46.0677047, 51.88327679999998], [46.0686938, 51.880787600000005], [46.06996459999999, 51.8785986], [46.07223239999999, 51.8768134], [46.0752231, 51.8753718], [46.0937842, 51.87126719999999], [46.0942801, 51.8700935], [46.1014159, 51.868426299999996], [46.10614199999999, 51.868285500000006], [46.1073591, 51.86407580000001], [46.10852, 51.8622297], [46.100237699999994, 51.8554063], [46.09622879999999, 51.85181450000001], [46.096147499999994, 51.847883], [46.103631699999994, 51.84800829999999], [46.1156287, 51.8447829], [46.119499899999994, 51.8410934], [46.12323189999999, 51.8392357], [46.12533189999999, 51.835960099999994], [46.1289411, 51.83328720000001], [46.1332667, 51.83194220000001], [46.1364913, 51.831748199999986], [46.1432001, 51.82949779999999], [46.1401999, 51.825693099999995], [46.1386413, 51.824778], [46.146742399999994, 51.820237399999996], [46.18372209999999, 51.8204148], [46.184933699999995, 51.82067239999999], [46.193303199999995, 51.820462500000005], [46.1951415, 51.8229629], [46.197400699999996, 51.8241634], [46.19784349999999, 51.825404999999996], [46.2006232, 51.82673960000001], [46.20387529999999, 51.825857799999994], [46.2070733, 51.8247358], [46.20505579999999, 51.82131549999999], [46.2042744, 51.821070299999995], [46.2040373, 51.8150718], [46.21214020000001, 51.81705430000001], [46.2213507, 51.82548380000001], [46.22185819999999, 51.825243099999994], [46.2222777, 51.82494919999999], [46.2225725, 51.82480799999999], [46.222862, 51.8247288], [46.2229883, 51.824726099999985], [46.2230324, 51.82475149999999], [46.223048799999994, 51.8247802], [46.2230499, 51.824855299999996], [46.2231122, 51.8250016], [46.2231942, 51.82509079999999], [46.2233821, 51.8251595], [46.22360539999999, 51.8252198], [46.223872199999995, 51.8252442], [46.2240996, 51.825251900000005], [46.224241899999996, 51.8252949], [46.2244478, 51.82539479999999], [46.2246607, 51.82548340000001], [46.224895399999994, 51.8256194], [46.22504659999999, 51.8257331], [46.225306499999995, 51.8258956], [46.225710299999996, 51.826121500000006], [46.225926199999996, 51.8262504], [46.2261846, 51.82639019999999], [46.2264152, 51.82648], [46.2266618, 51.8265499], [46.226905599999995, 51.8266425], [46.2270985, 51.826739999999994], [46.2272636, 51.8267817], [46.22742769999999, 51.82680099999999], [46.22758759999999, 51.8267888], [46.22778589999999, 51.82672010000001], [46.2279313, 51.82664309999999], [46.2280631, 51.8264814], [46.228186699999995, 51.82642359999999], [46.228433800000005, 51.8264358], [46.22862179999999, 51.8264082], [46.2288066, 51.82632350000001], [46.229018399999994, 51.8261817], [46.229209499999996, 51.8260745], [46.229505399999994, 51.82589679999999], [46.22980749999999, 51.82569980000001], [46.2299905, 51.8255694], [46.23008389999999, 51.8254687], [46.2300923, 51.825372399999985], [46.2300175, 51.825194], [46.2298685, 51.8249851], [46.2298374, 51.8248233], [46.22985609999999, 51.8245487], [46.229935, 51.8243638], [46.2301966, 51.8242162], [46.2304105, 51.82412639999998], [46.2305351, 51.8240173], [46.2306404, 51.823821200000005], [46.2307137, 51.823684799999995], [46.230798899999996, 51.82337419999999], [46.23091929999999, 51.8230533], [46.2309442, 51.8227543], [46.2308653, 51.8225566], [46.23070330000001, 51.822310099999996], [46.230497799999995, 51.82202129999999], [46.2303358, 51.8217402], [46.2301759, 51.8214257], [46.229974399999996, 51.8210663], [46.2296463, 51.8207351], [46.2295035, 51.820542], [46.2294066, 51.82034960000001], [46.229271499999996, 51.82009089999999], [46.2291737, 51.8198949], [46.2324604, 51.8186751], [46.241809499999995, 51.814986899999994], [46.25697980000001, 51.8111092], [46.250351699999996, 51.8029508], [46.256784599999996, 51.79287229999999], [46.256874599999996, 51.7920014], [46.2564826, 51.790916200000005], [46.256029600000005, 51.790435], [46.255395099999994, 51.7901606], [46.2510851, 51.790111999999986], [46.250169799999995, 51.7896639], [46.2488838, 51.78722], [46.2481273, 51.786224000000004], [46.2485056, 51.7853164], [46.247878, 51.782255799999994], [46.2481002, 51.779641399999996], [46.25058589999999, 51.778830600000006], [46.2556055, 51.778993199999995], [46.2569748, 51.7800632], [46.25920309999999, 51.7805904], [46.2650239, 51.78050439999999], [46.2671226, 51.78104710000001], [46.2711762, 51.78385349999999], [46.2743843, 51.78383899999999], [46.2750091, 51.78226279999999], [46.27530599999999, 51.780645899999996], [46.2754459, 51.7733208], [46.273902, 51.7688888], [46.277522999999995, 51.7690252], [46.29852579999999, 51.76027130000001], [46.291160299999994, 51.752307399999985], [46.28579009999999, 51.735705399999986], [46.2815495, 51.7087636], [46.2798329, 51.6700171], [46.260940399999996, 51.6490098], [46.2516538, 51.6429349], [46.2424511, 51.6383809], [46.23771959999999, 51.63381830000001], [46.2316378, 51.6077221], [46.2097151, 51.57276469999999], [46.1772666, 51.5905471], [46.1711718, 51.5902094], [46.1591004, 51.5878586], [46.1559999, 51.5913255], [46.15499, 51.59207459999999], [46.1533721, 51.5926891], [46.15328279999999, 51.59263730000001], [46.15322689999999, 51.5925129], [46.1533092, 51.5924017], [46.15342389999999, 51.59227400000001], [46.153549999999996, 51.59221130000001], [46.1535875, 51.592055899999984], [46.153361, 51.59172850000001], [46.1533081, 51.5915916], [46.1532711, 51.59153380000001], [46.15320179999999, 51.5914763], [46.153166, 51.59149080000001], [46.1529943, 51.59155410000001], [46.1526609, 51.5916929], [46.1524907, 51.59192869999999], [46.1522772, 51.59210220000001], [46.1520312, 51.59221469999999], [46.1518533, 51.59226579999999], [46.1513276, 51.5923458], [46.1508663, 51.5923858], [46.150644199999995, 51.5924294], [46.1503566, 51.5925491], [46.15001329999999, 51.5925924], [46.1497612, 51.59258569999999], [46.149272999999994, 51.5925624], [46.148902899999996, 51.592572399999995], [46.1481572, 51.592572399999995], [46.1479373, 51.59259900000001], [46.14770659999999, 51.5926424], [46.147502800000005, 51.592719], [46.1468161, 51.5930356], [46.1461831, 51.59337550000001], [46.14547499999999, 51.5937221], [46.14514779999999, 51.5938488], [46.1449654, 51.594008699999996], [46.144761599999995, 51.594195299999996], [46.1446382, 51.594292], [46.14435389999999, 51.59434859999998], [46.1439515, 51.59438859999999], [46.143576, 51.5945086], [46.14334529999999, 51.5945519], [46.1430235, 51.5947419], [46.142765999999995, 51.5948652], [46.14256209999999, 51.5949751], [46.14237979999999, 51.5950918], [46.142191999999994, 51.5953017], [46.1421115, 51.595378399999994], [46.14187919999999, 51.59541990000001], [46.1416716, 51.595415], [46.1414034, 51.5954783], [46.14127469999999, 51.5955283], [46.1411137, 51.59555829999999], [46.1410065, 51.59556169999999], [46.14078649999999, 51.5955483], [46.14050759999999, 51.5956183], [46.1402233, 51.595621599999994], [46.13977259999999, 51.595645000000005], [46.1396278, 51.59564160000001], [46.1394132, 51.59560499999999], [46.13920939999999, 51.5955917], [46.139053800000006, 51.5955717], [46.1388875, 51.595608299999995], [46.13856559999999, 51.5957283], [46.1383833, 51.5958083], [46.138276, 51.595961499999994], [46.13806679999999, 51.596171500000004], [46.1378468, 51.59636810000001], [46.1375679, 51.596618], [46.1375089, 51.59670469999998], [46.1371548, 51.597081200000005], [46.1368544, 51.5973445], [46.1363931, 51.59767769999999], [46.1362911, 51.5978043], [46.136226799999996, 51.5979143], [46.1361195, 51.5979943], [46.13596929999999, 51.5980376], [46.135884499999996, 51.598109099999995], [46.13580300000001, 51.598202499999985], [46.1357252, 51.598220899999994], [46.13564039999999, 51.598234000000005], [46.1355734, 51.59826729999999], [46.1355455, 51.5983358], [46.1355841, 51.59837900000001], [46.13562329999999, 51.59840079999999], [46.13568599999999, 51.59844890000001], [46.1356807, 51.59847059999999], [46.1356565, 51.5985522], [46.135424799999996, 51.5986974], [46.1351378, 51.59886560000001], [46.1350208, 51.5989055], [46.1349125, 51.59893389999999], [46.1348508, 51.598958899999985], [46.1348213, 51.5990206], [46.134854499999996, 51.5991054], [46.1348293, 51.599142199999996], [46.1347982, 51.59916369999999], [46.1347381, 51.5991705], [46.13462919999999, 51.599172], [46.1344431, 51.5991489], [46.13417329999999, 51.5991437], [46.134065099999994, 51.599179], [46.13402719999999, 51.59921369999999], [46.134032899999994, 51.599254], [46.1341076, 51.599292000000005], [46.13420729999999, 51.5993456], [46.1342256, 51.599393599999985], [46.134214899999996, 51.5994369], [46.1341751, 51.59948059999999], [46.1341107, 51.59950560000001], [46.1340459, 51.599545199999994], [46.1339842, 51.5995969], [46.133952, 51.5996852], [46.1336275, 51.5997135], [46.13336199999999, 51.59973180000001], [46.1331719, 51.5997555], [46.1330911, 51.599783499999994], [46.1329225, 51.59987879999998], [46.1328554, 51.5998838], [46.13275939999999, 51.5998708], [46.13274239999999, 51.5998685], [46.132496, 51.599760499999995], [46.132294400000006, 51.5997035], [46.13220319999999, 51.599700199999994], [46.13200479999999, 51.599711799999994], [46.1316883, 51.59978850000001], [46.1315036, 51.59985879999999], [46.13122729999999, 51.599892100000005], [46.1311254, 51.599917100000006], [46.131116999999996, 51.5999434], [46.131004299999994, 51.6000251], [46.13090809999999, 51.6000421], [46.130838399999995, 51.600025399999986], [46.130800900000004, 51.6000104], [46.1306207, 51.60005339999999], [46.1304173, 51.6001187], [46.1303476, 51.6001437], [46.1302725, 51.60013699999999], [46.1301088, 51.6001737], [46.1299556, 51.6002466], [46.1296421, 51.600307], [46.1290494, 51.600425200000004], [46.12855809999999, 51.6005099], [46.128295699999995, 51.6005719], [46.12819369999999, 51.6005985], [46.1281267, 51.6005968], [46.128073, 51.60062349999999], [46.128019, 51.600679799999995], [46.12795229999999, 51.60069010000001], [46.1277673, 51.600680100000005], [46.127665, 51.6006931], [46.127614, 51.600744799999994], [46.127499099999994, 51.600805099999995], [46.12738099999999, 51.60082679999999], [46.12724959999999, 51.6008368], [46.1269971, 51.6008914], [46.1267771, 51.6009131], [46.1266568, 51.600943399999984], [46.126597399999994, 51.6009847], [46.1265791, 51.6010533], [46.1263403, 51.6012266], [46.12612779999999, 51.601271999999994], [46.1259913, 51.60119130000001], [46.1258545, 51.60116130000001], [46.1257154, 51.6011716], [46.1252326, 51.6012116], [46.12506049999999, 51.6012912], [46.1248567, 51.60139949999999], [46.1247065, 51.60134790000001], [46.1245992, 51.601261300000004], [46.12443019999999, 51.60125459999998], [46.1242804, 51.6012633], [46.1240467, 51.6012579], [46.1239478, 51.6012866], [46.1238723, 51.60134790000001], [46.1238026, 51.60139949999999], [46.1237409, 51.601397899999995], [46.123684999999995, 51.6013949], [46.123634, 51.6013865], [46.1235616, 51.6013549], [46.12347569999999, 51.6013149], [46.12343419999999, 51.60131500000001], [46.123399799999994, 51.6013394], [46.1233171, 51.601389499999996], [46.12317759999999, 51.601436199999995], [46.123062299999994, 51.60144280000001], [46.12296039999999, 51.60143450000001], [46.1228749, 51.6013999], [46.1228155, 51.60135119999998], [46.12274849999999, 51.6012912], [46.1226845, 51.6012816], [46.122585199999996, 51.60127159999999], [46.1225232, 51.601269599999995], [46.122426999999995, 51.601276600000006], [46.12238369999999, 51.60129789999999], [46.122319299999994, 51.60135119999998], [46.1222768, 51.601443200000006], [46.1220193, 51.6014632], [46.1219442, 51.601464799999995], [46.12177789999999, 51.601436500000005], [46.12133529999999, 51.6013832], [46.121123, 51.6013362], [46.1210453, 51.601314599999995], [46.1209728, 51.601314599999995], [46.12086819999999, 51.60130459999999], [46.12076129999999, 51.601273199999994], [46.120613799999994, 51.60119159999999], [46.1205222, 51.601146299999996], [46.1204713, 51.601113000000005], [46.120380499999996, 51.601135], [46.1203211, 51.60108469999999], [46.12028349999999, 51.60105969999999], [46.120186999999994, 51.60104470000001], [46.1200528, 51.6010547], [46.1198839, 51.60105800000001], [46.1197739, 51.6010347], [46.1196103, 51.60105800000001], [46.1194842, 51.601068], [46.11938229999999, 51.60108129999998], [46.1193398, 51.601074999999994], [46.119245899999996, 51.60105670000001], [46.1192, 51.601029699999984], [46.1191035, 51.601003], [46.1189506, 51.600954699999996], [46.11884599999999, 51.6009397], [46.1187682, 51.600938000000006], [46.11870379999999, 51.60096969999999], [46.1186397, 51.60098169999999], [46.118567, 51.600983], [46.1184573, 51.60095169999999], [46.1184115, 51.6009097], [46.118403699999995, 51.600855100000004], [46.118379499999996, 51.60079509999999], [46.1182988, 51.6007415], [46.1182559, 51.60070979999999], [46.1181915, 51.600651500000005], [46.1181381, 51.6005985], [46.118103, 51.6005715], [46.1180333, 51.600558199999995], [46.1179582, 51.600538199999995], [46.11784819999999, 51.6005265], [46.117792099999996, 51.600533500000004], [46.11754779999999, 51.60052819999999], [46.1174593, 51.60052819999999], [46.1173952, 51.600543499999986], [46.117352, 51.6005749], [46.1173386, 51.6006065], [46.1173413, 51.6006348], [46.11732249999999, 51.6006665], [46.1171642, 51.6007015], [46.117043499999994, 51.6007431], [46.1169416, 51.600776399999994], [46.1168933, 51.600814799999995], [46.116789, 51.6008351], [46.1165527, 51.60086469999999], [46.1164749, 51.60085140000001], [46.1163703, 51.600846399999995], [46.116249599999996, 51.60083809999999], [46.116134499999994, 51.6008667], [46.1161023, 51.6009034], [46.1159975, 51.600918099999994], [46.115954599999995, 51.600923099999996], [46.1159465, 51.600973], [46.1159492, 51.601003], [46.11591969999999, 51.601028], [46.11584729999999, 51.601031299999995], [46.115772199999995, 51.6010213], [46.1157158, 51.60099970000001], [46.115691999999996, 51.60096999999998], [46.11562729999999, 51.600968], [46.115402, 51.6010097], [46.1152306, 51.6010533], [46.1151824, 51.6010717], [46.1150855, 51.6011246], [46.115034599999994, 51.601138], [46.1148978, 51.6012296], [46.11482269999999, 51.6012579], [46.11478509999999, 51.60130459999999], [46.11471809999999, 51.60132289999999], [46.1146778, 51.60131789999999], [46.114643, 51.6013012], [46.1146054, 51.60127289999999], [46.11456539999999, 51.6012566], [46.114481999999995, 51.60124789999999], [46.114414999999994, 51.601252900000006], [46.1143372, 51.6012279], [46.114238199999996, 51.6012399], [46.1141685, 51.601219900000004], [46.11413069999999, 51.601207899999984], [46.1140344, 51.601254899999994], [46.1139054, 51.60126459999998], [46.11379269999999, 51.60126790000001], [46.113683, 51.601278199999996], [46.11352719999999, 51.601362899999984], [46.113398399999994, 51.60145949999999], [46.113371599999994, 51.601511200000004], [46.113325999999994, 51.601562799999996], [46.1132485, 51.6016048], [46.113167700000005, 51.6016061], [46.1130846, 51.601614399999995], [46.113039, 51.6016394], [46.1129829, 51.6016314], [46.11287269999999, 51.60165279999998], [46.112778799999994, 51.6017227], [46.11276, 51.601775999999994], [46.112730799999994, 51.6018064], [46.11266909999999, 51.601823], [46.1126072, 51.601836000000006], [46.1125267, 51.601816], [46.1124891, 51.6017827], [46.112438499999996, 51.601748099999995], [46.112446199999994, 51.601709400000004], [46.1124787, 51.601649800000004], [46.11247039999999, 51.60162609999999], [46.11242479999999, 51.601609399999994], [46.1123499, 51.6015948], [46.11220209999999, 51.6015728], [46.11210019999999, 51.601587800000004], [46.11203849999999, 51.60160280000001], [46.1119581, 51.60160280000001], [46.111880299999996, 51.6015945], [46.1117998, 51.601612800000005], [46.1117328, 51.6016661], [46.1116925, 51.6016894], [46.1116362, 51.6016927], [46.11157179999999, 51.6017011], [46.11151279999999, 51.6017427], [46.1114192, 51.60186629999999], [46.11136019999999, 51.60188800000001], [46.11130359999999, 51.6019526], [46.11120999999999, 51.6020463], [46.1112071, 51.6020876], [46.111271699999996, 51.6021379], [46.1112982, 51.60220919999999], [46.11129019999999, 51.602237499999994], [46.11125, 51.602265800000005], [46.1111588, 51.60228579999999], [46.1110408, 51.6023125], [46.1110005, 51.6023341], [46.110944499999995, 51.60236780000001], [46.1108852, 51.60238409999999], [46.110823499999995, 51.6025224], [46.11078330000001, 51.6025674], [46.110756699999996, 51.6025994], [46.1106545, 51.602633999999995], [46.1105714, 51.6026407], [46.1105124, 51.60268570000001], [46.1103782, 51.6027007], [46.1103273, 51.60272559999999], [46.1102575, 51.60274559999999], [46.1101744, 51.6027506], [46.1100245, 51.602696], [46.1099196, 51.602613999999996], [46.10979619999999, 51.6025174], [46.10978279999999, 51.6024608], [46.1097292, 51.6024124], [46.109697, 51.6023508], [46.1096728, 51.6022458], [46.1096567, 51.6022075], [46.109611099999995, 51.6021859], [46.1095494, 51.6021576], [46.109517499999995, 51.6020579], [46.109496099999994, 51.60200629999999], [46.109538699999995, 51.6019626], [46.10957359999999, 51.60190930000001], [46.1096034, 51.601856299999994], [46.1096004, 51.6017977], [46.1096165, 51.6017327], [46.1096594, 51.60165279999998], [46.1096972, 51.60160979999999], [46.1097214, 51.60156479999999], [46.1097318, 51.6015145], [46.109726699999996, 51.601464799999995], [46.109726499999994, 51.6014062], [46.1096943, 51.60135950000001], [46.1096436, 51.60131319999999], [46.10961919999999, 51.60123459999999], [46.1095792, 51.60117000000001], [46.10954679999999, 51.601146299999996], [46.1094746, 51.60112660000001], [46.1094244, 51.6010765], [46.109332499999994, 51.6010183], [46.10928119999999, 51.600988], [46.1092064, 51.60099999999999], [46.10914979999999, 51.6009514], [46.109082699999995, 51.6009197], [46.10901299999999, 51.6008697], [46.108978099999995, 51.600821399999994], [46.1089111, 51.6008231], [46.1088038, 51.6007948], [46.10872059999999, 51.60080479999999], [46.1086858, 51.600839799999996], [46.1086455, 51.600968], [46.1085519, 51.6010617], [46.10848459999999, 51.6010913], [46.1083988, 51.6012279], [46.1083615, 51.601273199999994], [46.10827030000001, 51.6012982], [46.1081306, 51.6013112], [46.108093, 51.60134459999999], [46.1080474, 51.60136450000001], [46.10795889999999, 51.6013779], [46.1077685, 51.60135290000001], [46.1076078, 51.6013299], [46.1074654, 51.601339599999996], [46.1072883, 51.60131290000001], [46.10715179999999, 51.6012866], [46.1070094, 51.601269599999995], [46.106859199999995, 51.60130459999999], [46.106674399999996, 51.60131989999999], [46.1062235, 51.60131290000001], [46.10611349999999, 51.6013029], [46.10604409999999, 51.601278199999996], [46.1057783, 51.6012579], [46.10548049999999, 51.6012762], [46.1054191, 51.60129659999999], [46.1053947, 51.601332899999996], [46.10536249999999, 51.6013346], [46.105273999999994, 51.60131290000001], [46.1051506, 51.6012896], [46.10503529999999, 51.6012929], [46.10497629999999, 51.6012779], [46.104946999999996, 51.601248299999995], [46.10488779999999, 51.6011929], [46.1048449, 51.601148], [46.10473249999999, 51.6011166], [46.104633, 51.6010513], [46.10458199999999, 51.60104129999999], [46.104542, 51.601026700000006], [46.10449909999999, 51.60095840000001], [46.10444249999999, 51.60092469999999], [46.104362099999996, 51.6009214], [46.10425209999999, 51.60092469999999], [46.10419579999999, 51.600948], [46.1041343, 51.6009267], [46.1040134, 51.6008697], [46.103997299999996, 51.6008314], [46.104000199999994, 51.6007768], [46.1039788, 51.60076180000001], [46.1039466, 51.6007251], [46.103984100000005, 51.600680100000005], [46.1040056, 51.60063349999999], [46.103997299999996, 51.600583199999996], [46.10397309999999, 51.600558199999995], [46.1036515, 51.600371899999985], [46.1035362, 51.6004236], [46.10344739999999, 51.6004149], [46.10334279999999, 51.6004249], [46.10325989999999, 51.6004436], [46.10313359999999, 51.6004566], [46.103004899999995, 51.6004449], [46.10291899999999, 51.60046989999999], [46.102699099999995, 51.6004716], [46.1026401, 51.6004716], [46.1025516, 51.6004232], [46.10249009999999, 51.6004069], [46.1021653, 51.6003999], [46.1019963, 51.6003933], [46.101787099999996, 51.6003983], [46.101620800000006, 51.6004049], [46.10148139999999, 51.6003949], [46.10133119999999, 51.600419900000006], [46.10124799999999, 51.6004366], [46.101154099999995, 51.60047819999999], [46.10114339999999, 51.6005115], [46.1011407, 51.600561500000005], [46.101138, 51.6007131], [46.101178299999994, 51.600774799999996], [46.10125099999999, 51.60084510000001], [46.1012909, 51.6008914], [46.1013043, 51.6009564], [46.10133139999999, 51.6010017], [46.101358, 51.6010213], [46.1012748, 51.60104630000001], [46.1011944, 51.60105969999999], [46.10111929999999, 51.60110629999999], [46.10101469999999, 51.601134599999995], [46.1009637, 51.601131300000006], [46.10088319999999, 51.6011929], [46.10085399999999, 51.6012399], [46.10086179999999, 51.6012879], [46.1008484, 51.60131789999999], [46.100749099999994, 51.60135950000001], [46.100564, 51.601382900000004], [46.10046749999999, 51.6013945], [46.10042750000001, 51.6014282], [46.10038169999999, 51.6014312], [46.1002717, 51.6013762], [46.100234099999994, 51.6013362], [46.10020999999999, 51.60132289999999], [46.100148299999994, 51.60132289999999], [46.1000276, 51.60139949999999], [46.09993909999999, 51.6014528], [46.0998398, 51.601469499999986], [46.09966820000001, 51.6014628], [46.099231, 51.601454499999996], [46.0990325, 51.6014795], [46.0988608, 51.60151950000001], [46.098719, 51.601556499999994], [46.0984827, 51.60155949999999], [46.09824389999999, 51.601576099999996], [46.0981393, 51.6016061], [46.0980052, 51.60167280000001], [46.0978336, 51.60172769999999], [46.097672599999996, 51.601775999999994], [46.0975948, 51.60180100000001], [46.097557599999995, 51.6018863], [46.097554599999995, 51.60203429999999], [46.097554599999995, 51.602100899999996], [46.0976219, 51.6021579], [46.0977265, 51.602206200000005], [46.09780159999999, 51.6022179], [46.0979167, 51.6022758], [46.09797869999999, 51.6023145], [46.0981474, 51.60232409999999], [46.09819829999999, 51.602330800000004], [46.0982064, 51.6023591], [46.098201, 51.602419100000006], [46.098233199999996, 51.6024724], [46.09819569999999, 51.602499099999996], [46.0981313, 51.6025307], [46.098082999999995, 51.602624], [46.09805639999999, 51.60266930000001], [46.097951599999995, 51.60266399999999], [46.097892599999994, 51.60266070000001], [46.09783889999999, 51.602703999999996], [46.0977692, 51.60278559999999], [46.097742399999994, 51.60287559999999], [46.0977206, 51.602909], [46.0978171, 51.6029474], [46.0966396, 51.6049675], [46.09591459999999, 51.60526389999999], [46.097791199999996, 51.6072451], [46.1057494, 51.61683969999999], [46.1085313, 51.6197159], [46.1071532, 51.6210295], [46.105697400000004, 51.6204149], [46.1012136, 51.62265639999999], [46.0986903, 51.6246567], [46.0962834, 51.625982199999996], [46.095817499999995, 51.62647630000001], [46.0881505, 51.63060909999999], [46.08716059999999, 51.6319706], [46.086209399999994, 51.63232000000001], [46.085471899999995, 51.6336693], [46.083159, 51.6348317], [46.0800201, 51.6363591], [46.0782925, 51.6368771], [46.07666209999999, 51.638009499999995], [46.074145, 51.6386293], [46.0694803, 51.633949599999994], [46.06940259999999, 51.633286999999996], [46.06680159999999, 51.63076900000001], [46.0667046, 51.6299497], [46.067151, 51.6296123], [46.064123, 51.6204904], [46.05965869999999, 51.619912], [46.05965869999999, 51.619442], [46.0590763, 51.618755], [46.05923159999999, 51.6186586], [46.0588515, 51.61808859999999], [46.0550977, 51.6187035], [46.05430849999999, 51.618693699999994], [46.05353989999999, 51.61656309999999], [46.050415, 51.61717809999999], [46.04767919999999, 51.61640969999999], [46.04581259999999, 51.616904], [46.045181199999995, 51.6165546], [46.0420794, 51.6160007], [46.037948099999994, 51.61614560000001], [46.03383049999999, 51.61614560000001], [46.0320188, 51.6157706], [46.0305777, 51.6137678], [46.0280797, 51.613282], [46.01810149999999, 51.6137763], [46.0181175, 51.6139511], [46.0177962, 51.61395890000001], [46.0168283, 51.613991600000006], [46.01001959999999, 51.61424159999999], [46.0100448, 51.61447510000001], [46.00649, 51.61462], [46.004473999999995, 51.614581], [46.0018509, 51.614517799999994], [46.001274499999994, 51.614168299999996], [46.0006019, 51.614159799999996], [46.000547, 51.614517799999994], [45.9954254, 51.6147093], [45.995221699999995, 51.6147053], [45.9936845, 51.61436440000001], [45.983404199999995, 51.614769999999986], [45.9833848, 51.61505329999999], [45.9825113, 51.6151135], [45.9822298, 51.6142819], [45.9816766, 51.613878099999994], [45.9813078, 51.613510500000004], [45.974768499999996, 51.6160981], [45.9736705, 51.6150669], [45.97324499999999, 51.615135099999996], [45.97276459999999, 51.61536520000001], [45.9724077, 51.6154078], [45.97214699999999, 51.615024299999995], [45.9712686, 51.6152885], [45.970403899999994, 51.615322600000006], [45.9603005, 51.6150287], [45.959108199999996, 51.6150101], [45.959480799999994, 51.61561420000001], [45.95856849999999, 51.6158673], [45.95887909999999, 51.616566299999995], [45.9592867, 51.6164578], [45.9597914, 51.6163855], [45.9604319, 51.617108699999996], [45.960771599999994, 51.6172714], [45.96065509999999, 51.617416], [45.9611501, 51.617651], [45.9609948, 51.6177655], [45.96493509999999, 51.62053129999999], [45.9637402, 51.621149900000006], [45.96365459999999, 51.6211946], [45.960719899999994, 51.62276680000001], [45.95807839999999, 51.6208568], [45.95746499999999, 51.6203966], [45.954908, 51.62248340000001], [45.9499487, 51.6204227], [45.94697550000001, 51.6195664], [45.94456989999999, 51.622879999999995], [45.94571379999999, 51.6232119], [45.9455718, 51.6234254], [45.9443777, 51.623084500000004], [45.9400248, 51.629697799999995], [45.935209099999994, 51.63546259999999], [45.9359273, 51.635637300000006], [45.935946699999995, 51.63588430000001], [45.9361311, 51.63617339999999], [45.9372957, 51.636878200000005], [45.937693599999996, 51.637618999999994], [45.93864469999999, 51.637607], [45.9394599, 51.6373902], [45.940906, 51.63804069999999], [45.942584999999994, 51.6380527], [45.9429344, 51.6382214], [45.9431091, 51.6386008], [45.945845899999995, 51.639787399999996], [45.9471367, 51.6408053], [45.94800049999999, 51.64152199999999], [45.9476123, 51.641774999999996], [45.94776759999999, 51.64237120000001], [45.9492719, 51.6430337], [45.949563, 51.643425199999996], [45.9504074, 51.64366], [45.95082469999999, 51.644551399999976], [45.95035879999999, 51.6449308], [45.9502521, 51.6455451], [45.9501259, 51.64622559999999], [45.95096050000001, 51.6473577], [45.950979999999994, 51.6477793], [45.95105759999999, 51.648261], [45.9507082, 51.6485621], [45.9520863, 51.6513923], [45.95179519999999, 51.6520306], [45.9517175, 51.6526086], [45.95214459999999, 51.6530422], [45.952823900000006, 51.65337939999999], [45.949601799999996, 51.655751699999996], [45.9327149, 51.6475986], [45.930016800000004, 51.6460931], [45.9289881, 51.6458161], [45.923766699999995, 51.65422229999999], [45.94059709999999, 51.6624672], [45.9336611, 51.66770759999999], [45.9507521, 51.6763063], [45.9438846, 51.6807306], [45.943166399999996, 51.681555], [45.9421939, 51.68206030000001], [45.9297177, 51.681733599999994], [45.92695309999999, 51.6846643], [45.923001, 51.6855903], [45.9221228, 51.6856159], [45.92169609999999, 51.6853679], [45.9211821, 51.6850691], [45.920376399999995, 51.6847495], [45.9197174, 51.684761599999995], [45.9189241, 51.684890599999996], [45.9180642, 51.6846507], [45.917456599999994, 51.6846358], [45.91624569999999, 51.6846402], [45.9153183, 51.684336699999996], [45.91495069999999, 51.68375619999998], [45.91480520000001, 51.6831508], [45.91397959999999, 51.682987499999996], [45.91326589999999, 51.6826818], [45.9121236, 51.6820752], [45.91150389999999, 51.6817462], [45.9129188, 51.680454999999995], [45.9131861, 51.6799857], [45.91295939999999, 51.6748897], [45.9067579, 51.6751832], [45.9004687, 51.675385500000004], [45.900423, 51.67391099999999], [45.9008912, 51.6724957], [45.90294959999999, 51.6702939], [45.90498169999999, 51.66947690000001], [45.89254759999999, 51.6695411], [45.8897119, 51.669569], [45.8894562, 51.6692545], [45.888231999999995, 51.6681822], [45.8884781, 51.6671442], [45.88772039999999, 51.66612739999999], [45.8861705, 51.66544149999999], [45.88542999999999, 51.6653133], [45.8836046, 51.66553470000001], [45.8823556, 51.6655773], [45.8814909, 51.6658241], [45.87967919999999, 51.665619799999995], [45.87779999999999, 51.66561759999999], [45.8772625, 51.66508539999999], [45.8773133, 51.6647248], [45.877731299999994, 51.6641789], [45.878472499999994, 51.663668099999995], [45.87851369999999, 51.6632935], [45.87833289999999, 51.66293460000001], [45.878307799999995, 51.6628848], [45.87722350000001, 51.6621782], [45.8766979, 51.6620024], [45.875523599999994, 51.66213479999998], [45.8742716, 51.66205059999999], [45.8736116, 51.66141239999999], [45.8727188, 51.6612198], [45.87203939999999, 51.6608586], [45.8714765, 51.6608706], [45.8710495, 51.6606178], [45.870428399999994, 51.6607141], [45.8700401, 51.66016020000001], [45.86920549999999, 51.659883300000004], [45.868565, 51.6596063], [45.8680021, 51.65961840000001], [45.86741979999999, 51.6594498], [45.8671579, 51.6590456], [45.866585099999995, 51.65816139999998], [45.866099899999995, 51.657752], [45.86399939999999, 51.6573643], [45.863751199999996, 51.6573185], [45.8609367, 51.6566321], [45.8584522, 51.6562227], [45.8563365, 51.656391299999996], [45.85425959999999, 51.656006], [45.8530367, 51.65630699999999], [45.852338, 51.6561866], [45.85123159999999, 51.6564515], [45.8505716, 51.6569452], [45.8479124, 51.65816139999998], [45.84692249999999, 51.65810119999998], [45.8465537, 51.6582577], [45.8465343, 51.658631], [45.8454279, 51.6590043], [45.83502399999999, 51.6525017], [45.83061779999999, 51.64964749999999], [45.8291232, 51.6482865], [45.8290456, 51.647286900000005], [45.8291078, 51.6460908], [45.829096199999995, 51.64477389999999], [45.829269, 51.64401919999999], [45.82971800000001, 51.64332639999999], [45.83140399999999, 51.6421423], [45.83081229999999, 51.6417459], [45.82884959999999, 51.64157560000001], [45.827710399999994, 51.6409453], [45.8263242, 51.64055340000001], [45.8250889, 51.63940349999999], [45.8243889, 51.639608], [45.82375759999999, 51.6393098], [45.822906599999996, 51.639258700000006], [45.8227007, 51.6385943], [45.81723809999999, 51.6363284], [45.8166754, 51.636549899999984], [45.8142872, 51.6354681], [45.8172518, 51.634616199999996], [45.8183499, 51.6329294], [45.82251719999999, 51.6289915], [45.824438799999996, 51.625491100000005], [45.8237303, 51.6246777], [45.8191301, 51.623165400000005], [45.8181693, 51.623285900000006], [45.816665, 51.624153500000006], [45.8158012, 51.62440660000001], [45.8143454, 51.624394599999995], [45.8135276, 51.62460439999999], [45.8116253, 51.6265203], [45.8102084, 51.6264601], [45.8093543, 51.6266529], [45.807880899999994, 51.62801809999999], [45.8053143, 51.62692750000001], [45.80617899999999, 51.6259988], [45.81026909999999, 51.6236215], [45.8178728, 51.6216361], [45.8197586, 51.62079279999999], [45.8201565, 51.620208299999994], [45.823252499999995, 51.6174606], [45.8244559, 51.6149537], [45.8243685, 51.61555630000001], [45.8244753, 51.61585159999999], [45.8244268, 51.61617700000001], [45.8244171, 51.61660489999999], [45.8245238, 51.616864], [45.824747, 51.6170809], [45.825106100000006, 51.6173159], [45.825271099999995, 51.6175208], [45.82522259999999, 51.6177679], [45.8249606, 51.61801499999999], [45.83098749999999, 51.620069799999996], [45.835723599999994, 51.620834999999985], [45.8366359, 51.620822999999994], [45.8375578, 51.6196359], [45.83763549999999, 51.61920210000001], [45.8360535, 51.6181415], [45.83603409999999, 51.6175269], [45.8368397, 51.61684590000001], [45.837849, 51.6163819], [45.8391204, 51.615477999999996], [45.8408576, 51.61632159999999], [45.8460984, 51.6111208], [45.838518699999995, 51.607582900000004], [45.837683999999996, 51.60711880000001], [45.83081279999999, 51.6040989], [45.83099719999999, 51.603411799999996], [45.82896879999999, 51.60334550000001], [45.82917259999999, 51.6015913], [45.8294637, 51.601573199999976], [45.82967729999999, 51.59857710000001], [45.829095, 51.59857710000001], [45.829095, 51.5982878], [45.8294443, 51.59824559999999], [45.8295996, 51.5963948], [45.829085199999994, 51.59567129999999], [45.8295414, 51.5941821], [45.8301916, 51.5930245], [45.826746299999996, 51.59218649999999], [45.82610579999999, 51.59268089999999], [45.82571759999999, 51.592813500000005], [45.824533499999994, 51.59239749999999], [45.8243783, 51.5921141], [45.82590199999999, 51.5913182], [45.8268434, 51.59099259999999], [45.82787209999999, 51.590709200000006], [45.82934730000001, 51.5901786], [45.8302887, 51.589195800000006], [45.8307642, 51.588894299999986], [45.831919199999994, 51.5869828], [45.83154069999999, 51.5868381], [45.8320647, 51.58596369999999], [45.83268590000001, 51.5851074], [45.8330255, 51.5843838], [45.83259799999999, 51.5842338], [45.832639199999996, 51.5840718], [45.8312392, 51.5834492], [45.82994899999999, 51.583526000000006], [45.829194199999996, 51.5834407], [45.83023729999999, 51.581606999999984], [45.83182939999999, 51.5810697], [45.8336411, 51.5814023], [45.8348352, 51.5814023], [45.8363175, 51.5815985], [45.835946899999996, 51.582331999999994], [45.842827799999995, 51.58368169999999], [45.8515911, 51.5838178], [45.854969999999994, 51.582144299999996], [45.8565209, 51.58338950000001], [45.857374099999994, 51.583074399999994], [45.8633642, 51.5880298], [45.8640286, 51.5876791], [45.86543199999999, 51.5866694], [45.8664083, 51.58560609999999], [45.866458200000004, 51.58424840000001], [45.8662521, 51.5839097], [45.8660187, 51.5825537], [45.86675989999999, 51.581155], [45.8662932, 51.57901420000001], [45.86579909999999, 51.5747835], [45.8656344, 51.5743399], [45.86556579999999, 51.5728641], [45.8664991, 51.572821499999996], [45.8708363, 51.5647936], [45.8712755, 51.5646145], [45.87187, 51.5642764], [45.8719206, 51.5642476], [45.872497, 51.5644097], [45.8727029, 51.564230499999994], [45.8729774, 51.5629166], [45.8730872, 51.5615258], [45.8736774, 51.560518900000005], [45.875104799999995, 51.55896589999999], [45.8755636, 51.55888960000001], [45.87628269999999, 51.5592437], [45.87662639999999, 51.5590145], [45.8757965, 51.558648299999994], [45.8751948, 51.5582742], [45.8744766, 51.5582742], [45.87480659999999, 51.557224299999994], [45.874395299999996, 51.55584300000001], [45.875058900000006, 51.5543761], [45.8751948, 51.5533986], [45.8752142, 51.552686499999986], [45.87554769999999, 51.5520257], [45.8741878, 51.55009869999999], [45.8753227, 51.541998899999996], [45.87499789999999, 51.54195240000001], [45.87658549999999, 51.5312335], [45.871607999999995, 51.5295983], [45.8712698, 51.5295082], [45.8709339, 51.529264299999994], [45.8709543, 51.529004699999994], [45.8711709, 51.5262437], [45.8645841, 51.52334900000001], [45.863935399999995, 51.523101399999994], [45.8631202, 51.5229444], [45.8619556, 51.52197819999998], [45.86158679999999, 51.52136230000001], [45.8616644, 51.5200337], [45.86255729999999, 51.5182099], [45.863974299999995, 51.5150211], [45.86461479999999, 51.51410309999999], [45.8660123, 51.51319709999999], [45.86612879999999, 51.5126294], [45.86612879999999, 51.5119408], [45.86556589999999, 51.51171130000001], [45.8651777, 51.5108294], [45.8659746, 51.5112992], [45.865947199999994, 51.510778099999996], [45.8656589, 51.5102058], [45.865164799999995, 51.50965049999999], [45.865357, 51.5090782], [45.86512359999999, 51.50860829999999], [45.865357, 51.5085315], [45.8651785, 51.50821539999999], [45.8655217, 51.50758319999999], [45.8653844, 51.5071903], [45.864904, 51.50674599999999], [45.86438249999999, 51.505738], [45.86447859999999, 51.5051656], [45.86417659999999, 51.50479820000001], [45.8646021, 51.50431129999999], [45.866153, 51.5037047], [45.8683216, 51.5025171], [45.8699, 51.50183359999999], [45.8713, 51.5014919], [45.87290579999999, 51.5013979], [45.8737568, 51.50382429999999], [45.8774626, 51.50336299999998], [45.8774077, 51.5020558], [45.87820369999999, 51.5012014], [45.8782723, 51.5008169], [45.8779018, 51.500458099999996], [45.87772329999999, 51.4997745], [45.8775724, 51.49936439999999], [45.87702339999999, 51.4988774], [45.87792919999999, 51.49860400000001], [45.87836839999999, 51.4978948], [45.87818999999999, 51.49731380000001], [45.8777219, 51.4971283], [45.8772841, 51.4969549], [45.8772758, 51.496623799999995], [45.8776822, 51.496578899999996], [45.8775449, 51.496057699999994], [45.8768449, 51.49610899999999], [45.8768338, 51.4966148], [45.876584199999996, 51.49660459999998], [45.875980199999994, 51.496228599999995], [45.8732215, 51.4962457], [45.8720274, 51.49651910000001], [45.871428699999996, 51.4960611], [45.8708426, 51.4956425], [45.8703606, 51.49391769999999], [45.872689799999996, 51.493216799999985], [45.8768437, 51.49118639999998], [45.87917290000001, 51.4897966], [45.883695499999995, 51.48762109999999], [45.886238199999994, 51.4868838], [45.8874029, 51.4866541], [45.888023999999994, 51.4867388], [45.8870923, 51.48780239999999], [45.886218799999995, 51.4879353], [45.8845939, 51.48863980000001], [45.884991799999995, 51.48895999999999], [45.884768599999994, 51.489098999999996], [45.8849433, 51.4893589], [45.88521500000001, 51.4892139], [45.88549650000001, 51.48941330000001], [45.8850694, 51.4896429], [45.88556440000001, 51.49006589999999], [45.88507909999999, 51.4905191], [45.8856129, 51.49075479999999], [45.8861273, 51.490349900000005], [45.88633109999999, 51.49067620000001], [45.88605939999999, 51.4908696], [45.8861176, 51.49108109999999], [45.884729699999994, 51.492084199999994], [45.885801799999996, 51.4925841], [45.8868634, 51.4926131], [45.8871928, 51.49242939999999], [45.8875085, 51.49263020000001], [45.8885516, 51.492382400000004], [45.8888398, 51.49212599999999], [45.8890869, 51.492279800000006], [45.88951229999999, 51.49215160000001], [45.88942999999999, 51.49187820000001], [45.88991039999999, 51.49167309999999], [45.8911765, 51.49059020000001], [45.89476909999999, 51.48909220000001], [45.8946774, 51.4886559], [45.893835, 51.4884631], [45.8933843, 51.48821800000001], [45.8907688, 51.48748669999999], [45.8902809, 51.4873488], [45.8902535, 51.48716069999999], [45.8896359, 51.486724900000006], [45.890212299999995, 51.48615220000001], [45.8897793, 51.4860274], [45.889578699999994, 51.4859699], [45.8886339, 51.4857078], [45.8886751, 51.485160799999996], [45.886808499999994, 51.484742], [45.8860262, 51.4845967], [45.885188899999996, 51.48442579999999], [45.8845438, 51.4843745], [45.88392619999999, 51.48442579999999], [45.8835007, 51.48444289999998], [45.8828831, 51.4845198], [45.8822929, 51.4845454], [45.881304699999994, 51.48489589999999], [45.87974, 51.4854343], [45.8773381, 51.48658809999999], [45.8758421, 51.48704109999998], [45.8746343, 51.4874855], [45.8702559, 51.488964], [45.870365699999994, 51.48932299999999], [45.8693286, 51.49231919999999], [45.869813799999996, 51.493430999999994], [45.8657959, 51.494422], [45.864262499999995, 51.494422], [45.8600955, 51.49398159999999], [45.8598408, 51.49436529999999], [45.8588801, 51.494835300000005], [45.859511399999995, 51.4956898], [45.858097699999995, 51.5009788], [45.85631339999999, 51.5006627], [45.85510560000001, 51.5000732], [45.85479, 51.4996203], [45.85373309999999, 51.4987061], [45.85315669999999, 51.4985266], [45.8523332, 51.4981165], [45.8518116, 51.49805670000001], [45.8499724, 51.4980225], [45.8498626, 51.4975526], [45.849382199999994, 51.4973988], [45.8478116, 51.4974306], [45.847248799999996, 51.497310999999996], [45.846315499999996, 51.49735369999999], [45.84578629999999, 51.4970655], [45.84479199999999, 51.49733659999999], [45.8435842, 51.49736219999999], [45.842596, 51.497763799999994], [45.84244499999999, 51.49811420000001], [45.8420607, 51.49833629999999], [45.84125089999999, 51.498003100000005], [45.8405921, 51.4979176], [45.8394941, 51.4974819], [45.8382451, 51.497328100000004], [45.8380804, 51.4967385], [45.837647200000006, 51.49627939999999], [45.8367216, 51.49645650000001], [45.8363099, 51.49658469999999], [45.8357883, 51.4962856], [45.8362138, 51.49237189999999], [45.837057099999996, 51.49244259999999], [45.8370945, 51.492197999999995], [45.8289422, 51.49140039999999], [45.82591419999999, 51.4909653], [45.8223815, 51.48880189999999], [45.821003399999995, 51.48848770000001], [45.81783949999999, 51.4888261], [45.81795590000001, 51.488415100000005], [45.8128899, 51.4876285], [45.8135692, 51.487290099999996], [45.81347220000001, 51.4867643], [45.8142389, 51.4867341], [45.814355299999995, 51.4863352], [45.81398649999999, 51.4859364], [45.81353039999999, 51.485978700000004], [45.8131519, 51.4858699], [45.8126375, 51.485887999999996], [45.8098036, 51.484582599999996], [45.81119199999999, 51.48419620000001], [45.8151997, 51.48230719999999], [45.81508989999999, 51.48086270000001], [45.817601599999996, 51.4803498], [45.8193447, 51.4816918], [45.82019569999999, 51.4808456], [45.8218152, 51.4813243], [45.82257009999999, 51.48076009999999], [45.822679900000004, 51.479931], [45.824560299999995, 51.47899069999999], [45.82565829999999, 51.479118899999996], [45.826673899999996, 51.4801703], [45.8261112, 51.4813414], [45.8275523, 51.4824269], [45.828650399999994, 51.482461099999995], [45.8285131, 51.4830936], [45.8286366, 51.486076499999996], [45.82936920000001, 51.486457099999996], [45.83120319999999, 51.4858628], [45.83270780000001, 51.48590110000001], [45.8329875, 51.48549529999999], [45.8351561, 51.48489699999999], [45.83441590000001, 51.485925299999984], [45.8356775, 51.48598569999999], [45.8366869, 51.485490199999994], [45.83891909999999, 51.485611], [45.8405301, 51.4852484], [45.841345399999994, 51.4845716], [45.84979739999999, 51.4856907], [45.8509778, 51.48527190000001], [45.85127969999999, 51.484972699999986], [45.8544914, 51.484117999999995], [45.8589384, 51.4834513], [45.8627402, 51.48482740000001], [45.8640167, 51.484135099999996], [45.863879399999995, 51.483571], [45.86479899999999, 51.4832719], [45.865100999999996, 51.4827932], [45.865581299999995, 51.48232309999999], [45.8666794, 51.4829556], [45.86743419999999, 51.48231460000001], [45.86736559999999, 51.48201540000001], [45.868820500000005, 51.4814854], [45.86957540000001, 51.4816308], [45.8697263, 51.4824257], [45.8693901, 51.48268209999999], [45.8702204, 51.4832163], [45.8715449, 51.4824385], [45.872279199999994, 51.48227180000001], [45.8735596, 51.482141899999995], [45.8753648, 51.48226880000001], [45.8754521, 51.482135799999995], [45.8761024, 51.482299], [45.8760053, 51.482571], [45.876762299999996, 51.4826314], [45.8768303, 51.4823957], [45.8805959, 51.4826314], [45.8809064, 51.482196300000005], [45.8814014, 51.481930299999995], [45.88170229999999, 51.4815012], [45.8820731, 51.4815039], [45.8843013, 51.4792459], [45.8862423, 51.47736299999998], [45.8863879, 51.47741739999999], [45.8880591, 51.475892], [45.8873118, 51.4754507], [45.8882241, 51.474846199999995], [45.88839879999999, 51.4749248], [45.88938869999999, 51.474259899999986], [45.889718699999996, 51.47447749999999], [45.8903107, 51.47408459999999], [45.890038999999994, 51.4739214], [45.8913589, 51.473056899999996], [45.8917568, 51.4732745], [45.892950500000005, 51.47254310000001], [45.8939502, 51.472144099999994], [45.8946975, 51.47120099999999], [45.893348399999994, 51.4706327], [45.89344059999999, 51.4704859], [45.8925437, 51.469902000000005], [45.8901173, 51.468904900000005], [45.887943299999996, 51.467665499999995], [45.8866963, 51.4670543], [45.8861524, 51.4666463], [45.885883099999994, 51.466349999999984], [45.885691099999995, 51.4659593], [45.8854776, 51.46526399999999], [45.8855649, 51.463915699999994], [45.88523489999999, 51.463256599999994], [45.8845265, 51.462265], [45.8841965, 51.4617329], [45.8841577, 51.460825899999996], [45.8843324, 51.46060820000001], [45.8846041, 51.4607533], [45.884895300000004, 51.4605538], [45.884691399999994, 51.46042079999999], [45.8868072, 51.45933229999999], [45.8875933, 51.4587034], [45.8887967, 51.45805029999999], [45.8905048, 51.4570646], [45.8918053, 51.456520399999995], [45.892854799999995, 51.456120899999995], [45.8937366, 51.45580679999999], [45.8943772, 51.4556919], [45.8945713, 51.45529270000001], [45.8946101, 51.454518699999994], [45.8945034, 51.45428280000001], [45.8938628, 51.453768700000005], [45.893688100000006, 51.45338769999999], [45.8932902, 51.452928099999994], [45.8923294, 51.4531882], [45.892407, 51.45366589999999], [45.8928244, 51.4541679], [45.8918247, 51.4547061], [45.8897381, 51.4552141], [45.8876903, 51.4560487], [45.8843809, 51.456979999999994], [45.8847885, 51.4576935], [45.8845265, 51.4578326], [45.88384709999999, 51.4579233], [45.883119199999996, 51.45782659999999], [45.8794021, 51.45947739999999], [45.87560739999999, 51.46093470000001], [45.8751319, 51.46141850000001], [45.87419049999999, 51.4609831], [45.872996699999995, 51.460130500000005], [45.872724999999996, 51.4596467], [45.8723853, 51.45910859999999], [45.87208449999999, 51.45879409999999], [45.8688138, 51.45752420000001], [45.86758129999999, 51.45708280000001], [45.86626139999999, 51.4562785], [45.86603809999999, 51.4551839], [45.8650288, 51.45517779999999], [45.8651162, 51.454815], [45.8648638, 51.454615399999994], [45.8650417, 51.442409399999995], [45.86530379999999, 51.44236099999999], [45.86531779999999, 51.4421339], [45.86652209999999, 51.44212699999999], [45.8665225, 51.4417615], [45.8650903, 51.441744], [45.8650611, 51.4400259], [45.8650514, 51.439336299999994], [45.865410499999996, 51.43913669999999], [45.8657793, 51.43900359999999], [45.86628400000001, 51.4388584], [45.86731269999999, 51.438719199999994], [45.868011499999994, 51.4386043], [45.86825410000001, 51.4385075], [45.8683512, 51.4383018], [45.8681474, 51.438114199999994], [45.866876, 51.4377634], [45.86667219999999, 51.437599999999996], [45.8664005, 51.437236999999996], [45.865750199999994, 51.437224899999975], [45.8556456, 51.4381844], [45.85515769999999, 51.4371093], [45.85641, 51.43548160000001], [45.856660399999996, 51.435072100000006], [45.8553457, 51.4354573], [45.8539767, 51.4356316], [45.8524171, 51.43572780000001], [45.8451466, 51.43545039999999], [45.83894649999999, 51.43530450000001], [45.824141999999995, 51.4359174], [45.82598939999999, 51.4404035], [45.810045099999996, 51.4435189], [45.8094661, 51.4440087], [45.80748079999999, 51.4436478], [45.8080736, 51.4430205], [45.8091352, 51.442608], [45.80952119999999, 51.4422299], [45.8091214, 51.441439300000006], [45.808266599999996, 51.4410612], [45.80676389999999, 51.4411643], [45.8052336, 51.4414222], [45.8042134, 51.441001099999994], [45.8034413, 51.4403995], [45.80152499999999, 51.44009869999999], [45.8002152, 51.44014169999999], [45.794767799999995, 51.44107640000001], [45.7938027, 51.44107640000001], [45.79258949999999, 51.4408701], [45.79013549999999, 51.4409561], [45.78839839999999, 51.44131699999999], [45.784715399999996, 51.4427366], [45.7775831, 51.446866199999995], [45.773506100000006, 51.44996870000001], [45.770802499999995, 51.45063729999999], [45.76663969999999, 51.450717499999996], [45.764150599999994, 51.450075600000005], [45.7714033, 51.443923899999994], [45.77256199999999, 51.4419178], [45.7713604, 51.4402325], [45.771188699999996, 51.4391893], [45.77097409999999, 51.438333199999995], [45.7719612, 51.437610899999996], [45.771703699999996, 51.4367281], [45.770545, 51.4352299], [45.76899999999999, 51.4344808], [45.76706879999999, 51.43319659999999], [45.7647943, 51.43177860000001], [45.7571554, 51.429317000000005], [45.758121, 51.42855449999999], [45.7567692, 51.428032699999996], [45.7587647, 51.4270828], [45.76005219999999, 51.4264406], [45.7618117, 51.42534349999999], [45.7653093, 51.42447379999999], [45.7706308, 51.41847920000001], [45.7746648, 51.41706079999999], [45.77410689999999, 51.41601699999999], [45.777068099999994, 51.4141702], [45.7810592, 51.4123635], [45.7821449, 51.4092752], [45.78868849999999, 51.40791720000001], [45.7912747, 51.406822], [45.7925064, 51.4058423], [45.79623089999999, 51.4063446], [45.799382, 51.405709], [45.7965245, 51.3992785], [45.7881669, 51.3887704], [45.7894756, 51.3829071], [45.7875301, 51.38249350000001], [45.786059099999996, 51.376162599999994], [45.78371349999999, 51.3744852], [45.78807559999999, 51.3751869], [45.7915988, 51.3749565], [45.79245449999999, 51.3736788], [45.7942161, 51.3737207], [45.7959609, 51.3748622], [45.797051499999995, 51.37458989999998], [45.79616229999999, 51.371887900000004], [45.7918841, 51.3702644], [45.7909277, 51.369918799999994], [45.78977009999999, 51.3696884], [45.789310199999996, 51.3689048], [45.7889648, 51.3683163], [45.7847705, 51.36556149999999], [45.7788984, 51.366514699999996], [45.770576899999995, 51.3697826], [45.76691950000001, 51.368400099999995], [45.7638157, 51.3689342], [45.75900059999999, 51.3701073], [45.7545379, 51.372526699999995], [45.75225329999999, 51.3739406], [45.7531257, 51.375762900000005], [45.75416589999999, 51.376726299999994], [45.7534277, 51.376956699999994], [45.7473543, 51.377229], [45.7455088, 51.3800773], [45.739200499999995, 51.3814177], [45.72223309999999, 51.382109299999996], [45.72266019999999, 51.3797584], [45.7262673, 51.37652250000001], [45.7280122, 51.3763759], [45.7282806, 51.3726162], [45.7258605, 51.3711647], [45.7295354, 51.368090300000006], [45.73466929999999, 51.36626249999998], [45.738117, 51.36221079999999], [45.7154475, 51.359937599999995], [45.710582099999996, 51.3605243], [45.6995705, 51.3614735], [45.6935102, 51.36115199999998], [45.690295299999995, 51.3600705], [45.6889055, 51.3604072], [45.6882113, 51.3605754], [45.686288899999994, 51.361041099999994], [45.68515839999999, 51.361315], [45.6844252, 51.3614843], [45.6829872, 51.3618162], [45.6810582, 51.3622615], [45.68069609999999, 51.36234509999999], [45.6813454, 51.359053100000004], [45.68053, 51.357445199999994], [45.6783199, 51.35528789999999], [45.6763458, 51.35373340000001], [45.6746506, 51.35142849999999], [45.674822299999995, 51.34986049999999], [45.6758523, 51.3481853], [45.677976599999994, 51.3455316], [45.6789636, 51.34425829999999], [45.679156799999994, 51.34307869999999], [45.6781268, 51.34263640000001], [45.6772685, 51.34275709999999], [45.676517499999996, 51.3428777], [45.6763458, 51.343253], [45.676302899999996, 51.344151000000004], [45.6755519, 51.345759400000006], [45.674457499999995, 51.3475151], [45.6733846, 51.34869450000001], [45.67235469999999, 51.3508522], [45.672526299999994, 51.352460300000004], [45.67381379999999, 51.35406840000001], [45.6765818, 51.35594449999999], [45.67838429999999, 51.357271], [45.6790924, 51.358007999999984], [45.6793499, 51.35946849999999], [45.6791138, 51.3614247], [45.6784201, 51.36287050000001], [45.67593399999999, 51.3696163], [45.677499999999995, 51.37367470000001], [45.6753646, 51.3749632], [45.6512395, 51.3847035], [45.65177099999999, 51.38517550000001], [45.6532839, 51.387650699999995], [45.65327369999999, 51.3881419], [45.6530489, 51.38868759999999], [45.65200629999999, 51.3898039], [45.6520881, 51.39050230000001], [45.6558686, 51.39384280000001], [45.6529065, 51.39722109999998], [45.6519456, 51.39891749999999], [45.6518766, 51.40065700000001], [45.6527148, 51.401525899999996], [45.653369, 51.402061599999996], [45.65362459999999, 51.402456900000004], [45.653645, 51.402947999999995], [45.6535019, 51.4039491], [45.653335799999994, 51.4045608], [45.65381289999999, 51.404989199999996], [45.6546803, 51.4054716], [45.65488270000001, 51.4065831], [45.655388599999995, 51.4072459], [45.6548465, 51.407500600000006], [45.648567299999996, 51.4150538], [45.642631699999995, 51.4212486], [45.6420824, 51.4224386], [45.6396224, 51.430439299999996], [45.6348052, 51.4336256], [45.6335887, 51.4350149], [45.633435399999996, 51.4356967], [45.6315139, 51.4372176], [45.628145599999996, 51.4368842], [45.61396239999999, 51.4305281], [45.6134206, 51.4313374], [45.61254149999999, 51.432261499999996], [45.6105686, 51.43333530000001], [45.60826349999999, 51.43440600000001], [45.5958552, 51.4425863], [45.59545039999999, 51.4446021], [45.592951, 51.44494130000001], [45.5943873, 51.44617249999999], [45.59640099999999, 51.4460356], [45.5980456, 51.445609899999994], [45.6004598, 51.447240699999995], [45.60551949999999, 51.445790099999996], [45.608266199999996, 51.44528549999999], [45.6102901, 51.4446278], [45.61081049999999, 51.4446278], [45.61114299999999, 51.445727], [45.6088734, 51.44603339999999], [45.608165, 51.446601], [45.60773129999999, 51.4473128], [45.607297599999995, 51.4486912], [45.60631459999999, 51.449466], [45.60346669999999, 51.45165519999999], [45.6027583, 51.45188949999999], [45.5994912, 51.4520786], [45.57571049999999, 51.450276800000005], [45.573571, 51.443069], [45.5715182, 51.44243829999999], [45.5664585, 51.4435285], [45.5628155, 51.4433844], [45.5620782, 51.4432762], [45.5599097, 51.4437178], [45.5543296, 51.4414561], [45.5363224, 51.43511290000001], [45.5369151, 51.43411259999999], [45.538201699999995, 51.432769699999994], [45.5407749, 51.4318955], [45.54157, 51.4313097], [45.53849079999999, 51.429966699999994], [45.5374789, 51.427361899999994], [45.5330263, 51.425955699999996], [45.533619, 51.4241709], [45.534955, 51.424371300000004], [45.53565009999999, 51.4237594], [45.53579319999999, 51.42332600000001], [45.5350572, 51.42266300000001], [45.5363861, 51.422000099999984], [45.53710159999999, 51.42108219999999], [45.5369176, 51.42064870000001], [45.52583679999999, 51.42095470000001], [45.5215026, 51.421668700000005], [45.5113417, 51.42267580000001], [45.5081524, 51.42347889999999], [45.50561729999999, 51.4246518], [45.50338889999999, 51.4264492], [45.5019578, 51.4256206], [45.498829799999996, 51.4223953], [45.4962538, 51.42090369999999], [45.4947818, 51.4211077], [45.491755999999995, 51.4222296], [45.478978299999994, 51.42774939999998], [45.4641766, 51.424639], [45.4632018, 51.42368629999999], [45.46250069999999, 51.423429399999996], [45.4605852, 51.4230688], [45.459405399999994, 51.42235759999999], [45.4587716, 51.420588699999996], [45.4594872, 51.41936789999999], [45.462155499999994, 51.4173543], [45.4619409, 51.41541629999999], [45.46037689999999, 51.4126494], [45.456932, 51.40778449999999], [45.452464899999995, 51.4067515], [45.4500028, 51.4056684], [45.4448304, 51.4031687], [45.4447642, 51.40160809999999], [45.443701, 51.4004091], [45.443977, 51.3995928], [45.4452344, 51.39780710000001], [45.44438589999999, 51.3965953], [45.4429054, 51.39618140000001], [45.44264879999999, 51.395265300000005], [45.43858029999999, 51.3938876], [45.4373332, 51.3923696], [45.436679, 51.3907367], [45.43640099999999, 51.3898208]]]]}}, {"type": "Feature", "properties": {"id": "mo-63646000", "name": "Татищевский муниципальный район", "region": "Саратовская область", "isCity": false, "sourceOktmo": "63-646-000-000", "sourceAgg": "Саратов", "excelNames": ["Татищевский муниципальный район"], "oktmo": "63646000", "vgp": [{"year": 2019, "value": 9567365.059228567}, {"year": 2020, "value": 10119863.89562244}, {"year": 2021, "value": 9566821.05942841}, {"year": 2022, "value": 14815957.253504692}, {"year": 2023, "value": 16048500.865487484}, {"year": 2024, "value": 17684882.319122437}], "population": [{"year": 2019, "value": 29149.0}, {"year": 2020, "value": 28968.0}, {"year": 2021, "value": 28405.0}, {"year": 2022, "value": 28185.0}, {"year": 2023, "value": 27921.0}, {"year": 2024, "value": 27609.0}, {"year": 2025, "value": 22211.0}], "shipments": [{"year": 2019, "value": 3460914.2}, {"year": 2020, "value": 4051142.4}, {"year": 2021, "value": 2715297.4}, {"year": 2022, "value": 2836898.2}, {"year": 2023, "value": 5434338.2}, {"year": 2024, "value": 6349455.4}], "employees": [{"year": 2019, "value": 5240.0}, {"year": 2020, "value": 5216.0}, {"year": 2021, "value": 4896.0}, {"year": 2022, "value": 4859.0}, {"year": 2023, "value": 4724.0}, {"year": 2024, "value": 4662.0}], "investments": [{"year": 2019, "value": 682022.0}, {"year": 2020, "value": 560047.0}, {"year": 2021, "value": 617681.0}, {"year": 2022, "value": 720627.0}, {"year": 2023, "value": 991637.0}, {"year": 2024, "value": 1000989.0}], "vgp2024": 17684882.319122437, "pop2024": 27609.0, "ship2024": 6349455.4, "emp2024": 4662.0, "inv2024": 1000989.0}, "geometry": {"type": "MultiPolygon", "coordinates": [[[[45.50839919999999, 51.97055469999999], [45.51429859999999, 51.9757344], [45.513222, 51.97717579999999], [45.516076399999996, 51.978159700000006], [45.5175907, 51.97843579999999], [45.5355398, 51.9907101], [45.53414699999999, 51.992909], [45.5316096, 51.9941342], [45.52296929999999, 51.9981052], [45.5199312, 52.002306299999994], [45.52005650000001, 52.0072942], [45.5207593, 52.0105628], [45.5292276, 52.0160015], [45.525518100000006, 52.0179546], [45.5197162, 52.018073199999996], [45.51439559999999, 52.0171647], [45.5092281, 52.0147136], [45.5051378, 52.015296500000005], [45.50114, 52.0139841], [45.4991972, 52.014578], [45.4981357, 52.0141354], [45.499006, 52.011263], [45.4953712, 52.0107807], [45.49392949999999, 52.01367919999999], [45.49282109999999, 52.01514720000001], [45.49164499999999, 52.018228300000004], [45.48799739999999, 52.0227162], [45.490674299999995, 52.0270272], [45.4939437, 52.030545100000005], [45.4988695, 52.0314968], [45.4995869, 52.032538499999994], [45.503128499999995, 52.03215550000001], [45.5069103, 52.0325117], [45.5118501, 52.034443], [45.5164752, 52.03388949999999], [45.52072129999999, 52.0366581], [45.523178599999994, 52.0368293], [45.5244195, 52.034924600000004], [45.5280248, 52.03605590000001], [45.53034099999999, 52.03603090000001], [45.5311519, 52.032272199999994], [45.534952999999994, 52.0333261], [45.5371344, 52.0329575], [45.537549999999996, 52.0346562], [45.54111519999999, 52.03537010000001], [45.5469783, 52.03411719999999], [45.5508835, 52.03482269999999], [45.552149099999994, 52.03402959999998], [45.54936500000001, 52.03173089999999], [45.5512085, 52.029153799999996], [45.5532161, 52.0280328], [45.557261999999994, 52.02827940000001], [45.5580297, 52.0270179], [45.5613025, 52.0262538], [45.5628757, 52.02508410000001], [45.5653666, 52.0258101], [45.5621516, 52.0285726], [45.5620362, 52.030416800000005], [45.5599667, 52.0332589], [45.566808, 52.03672879999999], [45.57086189999999, 52.0347914], [45.572452, 52.0330239], [45.5753193, 52.03377859999999], [45.5778885, 52.03374730000001], [45.578484499999995, 52.038137899999995], [45.5815821, 52.039436], [45.58763299999999, 52.03910179999999], [45.5943481, 52.03892090000001], [45.6040767, 52.039040199999995], [45.617159, 52.037178499999996], [45.61919989999999, 52.036101099999996], [45.6184068, 52.0348261], [45.6131236, 52.0336509], [45.6143605, 52.02856979999999], [45.60735509999999, 52.0267457], [45.61174329999999, 52.0237195], [45.6141542, 52.0238292], [45.61446029999999, 52.0195836], [45.6275483, 52.0185203], [45.62940189999999, 52.0234405], [45.6261735, 52.0245038], [45.6238793, 52.0239391], [45.6200774, 52.0240601], [45.6216096, 52.02562360000001], [45.6317781, 52.0256141], [45.631918299999995, 52.02810800000001], [45.6279981, 52.028779099999994], [45.6323237, 52.0318165], [45.651141, 52.0367753], [45.662517699999995, 52.0371208], [45.670834299999996, 52.0389537], [45.687802, 52.0415265], [45.70863859999999, 52.0436532], [45.712238299999996, 52.0452605], [45.718256, 52.04615329999999], [45.71832249999999, 52.0471387], [45.71543069999999, 52.0478542], [45.7174682, 52.0496728], [45.7198002, 52.0554367], [45.7272295, 52.0559412], [45.7349344, 52.0540558], [45.741654399999994, 52.05276529999998], [45.743443899999995, 52.0534979], [45.7432718, 52.05519100000001], [45.74793799999999, 52.0563252], [45.7523923, 52.053921199999984], [45.7555173, 52.0536885], [45.758907900000004, 52.054794199999996], [45.76283589999999, 52.0558087], [45.771416499999994, 52.05659630000001], [45.77202609999999, 52.0569896], [45.7803123, 52.0623356], [45.78277489999999, 52.062158199999985], [45.784153, 52.062058900000004], [45.7872612, 52.061835], [45.79357869999999, 52.06152699999999], [45.802469, 52.06365540000001], [45.80776229999999, 52.062285300000006], [45.810901099999995, 52.062650399999995], [45.81417069999999, 52.0604286], [45.8214211, 52.0598099], [45.82277499999999, 52.0550852], [45.826991099999994, 52.0550852], [45.8297777, 52.05089779999999], [45.8358973, 52.0492712], [45.8379184, 52.04958250000001], [45.8435935, 52.0478274], [45.8498783, 52.04333810000001], [45.8502225, 52.040639], [45.8537669, 52.03624429999999], [45.85784809999999, 52.036957], [45.8618382, 52.0341817], [45.864075299999996, 52.034763999999996], [45.8772721, 52.034222400000004], [45.8805094, 52.0317468], [45.8845077, 52.03037429999999], [45.8845656, 52.02667139999999], [45.884956, 52.02145800000001], [45.8850382, 52.01624300000001], [45.8841922, 52.00588359999998], [45.87419049999999, 52.000053400000006], [45.87242139999999, 52.00135159999999], [45.8684635, 51.9991797], [45.865537999999994, 52.000398100000005], [45.8580523, 51.99462369999999], [45.8600313, 51.99282229999999], [45.860882, 51.9890916], [45.872279899999995, 51.98666969999998], [45.8696029, 51.98164859999999], [45.870211299999994, 51.9799998], [45.8648573, 51.978350899999995], [45.8659524, 51.9761773], [45.85486149999999, 51.9654525], [45.852580999999994, 51.9627242], [45.849956999999996, 51.958699899999985], [45.853542399999995, 51.953835700000006], [45.852323999999996, 51.95278520000001], [45.8733779, 51.94750659999999], [45.88338739999999, 51.9455858], [45.887368699999996, 51.94616539999999], [45.8918317, 51.944262599999995], [45.8849235, 51.94191010000001], [45.8911235, 51.9400504], [45.8961384, 51.942908100000004], [45.89982989999999, 51.942095300000005], [45.90227749999999, 51.9422695], [45.909795599999995, 51.9407136], [45.9090618, 51.9350949], [45.9143806, 51.93470520000001], [45.911287, 51.9320497], [45.9157215, 51.9288341], [45.9222613, 51.928025999999996], [45.93126889999999, 51.9247965], [45.939909, 51.923561199999995], [45.94995089999999, 51.9210726], [45.9498416, 51.9235104], [45.9483893, 51.92714459999999], [45.9695802, 51.9288679], [45.992885199999996, 51.942702700000005], [46.003052999999994, 51.9326439], [46.01554649999999, 51.921693000000005], [46.01920079999999, 51.9179436], [46.02731239999999, 51.912058599999995], [46.040491800000005, 51.906863599999994], [46.0391236, 51.903984599999994], [46.0490267, 51.9022745], [46.0529707, 51.8975561], [46.0546837, 51.8940491], [46.0504808, 51.891944299999984], [46.0316916, 51.897343], [46.0282565, 51.8937292], [46.016481, 51.8858561], [45.9898516, 51.8647267], [45.9984147, 51.8598943], [45.995203599999996, 51.85657299999998], [45.99651329999999, 51.85543229999999], [45.99529119999999, 51.854132899999996], [45.99513819999999, 51.8539703], [45.9888845, 51.85636859999999], [45.9884056, 51.857324199999994], [45.9799844, 51.86104120000001], [45.98160169999999, 51.86213149999999], [45.9734812, 51.865474600000006], [45.9618605, 51.8682643], [45.95049589999999, 51.852543700000005], [45.942811199999994, 51.84113889999999], [45.942625, 51.8384781], [45.94197979999999, 51.8363426], [45.9451597, 51.836196900000004], [45.94747400000001, 51.83570319999999], [45.95188149999999, 51.8356958], [45.947446799999994, 51.83234329999999], [45.94857609999999, 51.830442299999994], [45.9522607, 51.8225051], [45.9496396, 51.8175678], [45.9462275, 51.81125519999999], [45.9480037, 51.8105084], [45.9470554, 51.808356799999984], [45.9455593, 51.8074773], [45.943445800000006, 51.80138819999999], [45.9455011, 51.7916029], [45.9499249, 51.7865474], [45.95238359999999, 51.780488299999995], [45.9612222, 51.7760487], [45.9585186, 51.77314299999999], [45.9562727, 51.7715385], [45.95356399999999, 51.76888629999999], [45.9435193, 51.753135], [45.9508305, 51.751061500000006], [45.947742399999996, 51.746803299999996], [45.9356913, 51.7263525], [45.9353122, 51.71951019999999], [45.933364499999996, 51.7171062], [45.9318335, 51.7177486], [45.9311185, 51.7180641], [45.930352899999995, 51.7182253], [45.9292658, 51.717984999999985], [45.9286969, 51.71749509999998], [45.9282615, 51.7167383], [45.927898199999994, 51.7165114], [45.927401399999994, 51.7167347], [45.926843, 51.7172388], [45.9262422, 51.718002000000006], [45.9257073, 51.71856849999998], [45.9250636, 51.7187021], [45.9240797, 51.7185934], [45.922715999999994, 51.718641700000006], [45.921732199999994, 51.7185089], [45.9205678, 51.7182296], [45.9203266, 51.7179165], [45.9199273, 51.717578499999995], [45.919088699999996, 51.717407399999985], [45.9187681, 51.71717420000001], [45.9182031, 51.7171863], [45.9178962, 51.7175087], [45.9179986, 51.7178863], [45.9180473, 51.71826049999999], [45.9177586, 51.718403], [45.917082900000004, 51.71826049999999], [45.916498499999996, 51.718284600000004], [45.91580689999999, 51.718604400000004], [45.915065299999995, 51.7185735], [45.9145016, 51.7183812], [45.9142873, 51.71806130000001], [45.91441389999999, 51.717300900000005], [45.91436219999999, 51.71708780000001], [45.91415560000001, 51.716964], [45.9133159, 51.716974799999996], [45.9127469, 51.7170219], [45.91296659999999, 51.735427], [45.912095199999996, 51.7355023], [45.91131639999999, 51.73567489999999], [45.909865, 51.7360912], [45.9075174, 51.7364471], [45.90520889999999, 51.736441000000006], [45.9019557, 51.73676669999999], [45.89893, 51.737661599999996], [45.8959231, 51.738038700000004], [45.89352219999999, 51.73823809999999], [45.893460299999994, 51.73881570000001], [45.89072089999999, 51.741513299999994], [45.882925, 51.74504110000001], [45.87968659999999, 51.7459521], [45.877781799999994, 51.745994], [45.8757634, 51.7458474], [45.87266639999999, 51.746134899999994], [45.8697402, 51.74679179999998], [45.8697858, 51.7415507], [45.873301, 51.7338338], [45.8776688, 51.719764399999995], [45.8758904, 51.719689900000006], [45.8742832, 51.72011839999999], [45.86890429999999, 51.721565699999985], [45.86478979999999, 51.72226659999998], [45.8628433, 51.7230822], [45.86000969999999, 51.72323939999999], [45.8560389, 51.72448789999999], [45.8491547, 51.725601999999995], [45.8433727, 51.7259734], [45.8424832, 51.7267355], [45.8418403, 51.7268742], [45.8402433, 51.726248699999985], [45.83822649999999, 51.7264096], [45.83644489999999, 51.726782599999986], [45.8349146, 51.7267777], [45.8339892, 51.72648199999998], [45.83112539999999, 51.72677170000001], [45.8300441, 51.727181899999984], [45.8289142, 51.72710949999998], [45.827794, 51.7267536], [45.826571, 51.7268343], [45.8177857, 51.726595], [45.81311, 51.72549329999999], [45.81695899999999, 51.71203309999999], [45.856324, 51.7141834], [45.85943869999999, 51.6986843], [45.859055999999995, 51.691930799999994], [45.8585321, 51.6882901], [45.85952149999999, 51.6847855], [45.861481999999995, 51.68273810000001], [45.871854199999994, 51.68073209999999], [45.888071, 51.68084279999999], [45.8880763, 51.6815492], [45.893139, 51.6815494], [45.89317199999999, 51.6754819], [45.8916784, 51.6752068], [45.8909868, 51.674633], [45.8894867, 51.6742524], [45.88757759999999, 51.6739558], [45.8850449, 51.6723194], [45.8836766, 51.671201499999995], [45.8771884, 51.67127419999999], [45.87543029999999, 51.6660833], [45.866744999999995, 51.662271399999995], [45.81903689999999, 51.6609749], [45.81982779999999, 51.6579389], [45.8207072, 51.6555001], [45.82284829999999, 51.650633299999996], [45.82298719999999, 51.65019889999999], [45.8229598, 51.6497431], [45.8211754, 51.6472307], [45.8198392, 51.64540670000001], [45.8191267, 51.644865499999995], [45.817904399999996, 51.644368599999986], [45.813265099999995, 51.6428827], [45.8092833, 51.641509500000005], [45.806645599999996, 51.6404367], [45.807835299999994, 51.63821630000001], [45.8074442, 51.636546299999985], [45.80325109999999, 51.63280910000001], [45.80160469999999, 51.6306469], [45.8019208, 51.629552999999994], [45.8023688, 51.62642099999999], [45.8042423, 51.62447999999999], [45.810578299999996, 51.62152579999999], [45.81435609999999, 51.6203759], [45.817870199999994, 51.619013899999985], [45.81977859999999, 51.61753099999999], [45.8214989, 51.6144279], [45.8038139, 51.6125544], [45.80879289999999, 51.5947267], [45.7988777, 51.5922144], [45.7849787, 51.5936963], [45.7812118, 51.5938447], [45.7743625, 51.5940565], [45.7710196, 51.59415990000001], [45.745789699999996, 51.591612700000006], [45.737912699999995, 51.5923222], [45.755471099999994, 51.5852937], [45.75927109999999, 51.582864699999995], [45.75562399999999, 51.58053060000001], [45.74557819999999, 51.58514449999999], [45.741406999999995, 51.5832718], [45.74795859999999, 51.57720559999999], [45.74512609999999, 51.57600099999999], [45.737018899999995, 51.5820708], [45.7368927, 51.583992], [45.7351259, 51.5847761], [45.7219385, 51.5827373], [45.71367269999999, 51.582894100000004], [45.7131121, 51.58439440000001], [45.70604349999999, 51.5845927], [45.7058485, 51.5825021], [45.7033877, 51.58163950000001], [45.7025674, 51.5847761], [45.70128379999999, 51.586014000000006], [45.6985425, 51.583763399999995], [45.6912277, 51.579589099999986], [45.6936469, 51.5770994], [45.69146219999999, 51.57324800000001], [45.68599319999999, 51.569171799999985], [45.6864775, 51.5683849], [45.6860989, 51.5656786], [45.6837012, 51.5648942], [45.6831333, 51.56308990000001], [45.685278600000004, 51.563207500000004], [45.6857203, 51.56159929999999], [45.68439529999999, 51.56069709999999], [45.684647700000006, 51.5595595], [45.68799179999999, 51.5589318], [45.6852155, 51.555205], [45.6884966, 51.5519879], [45.688685899999996, 51.5485351], [45.6902834, 51.545088], [45.68825989999999, 51.54123299999999], [45.68484829999999, 51.54281659999999], [45.68168049999999, 51.5414152], [45.6802751, 51.5426501], [45.67534489999999, 51.540735399999996], [45.6796281, 51.53553200000001], [45.67541549999999, 51.5341634], [45.670729699999995, 51.5326292], [45.65893400000001, 51.527552299999996], [45.646791799999995, 51.522852], [45.63464119999999, 51.519897199999996], [45.62762409999999, 51.52278709999999], [45.6217441, 51.524727899999995], [45.6126998, 51.5267151], [45.6026546, 51.527948499999994], [45.5922183, 51.5277411], [45.5810976, 51.52626660000001], [45.5581239, 51.52236469999999], [45.5508632, 51.52189520000001], [45.529462300000006, 51.514928499999996], [45.511646199999994, 51.509820999999995], [45.50779359999999, 51.51403739999999], [45.4943557, 51.51513829999998], [45.4890268, 51.5164455], [45.469355, 51.5195102], [45.4513139, 51.521620399999996], [45.44975399999999, 51.5193473], [45.44718590000001, 51.5181043], [45.4455058, 51.5162147], [45.440387199999996, 51.5174988], [45.4382478, 51.5242501], [45.4371727, 51.53026359999999], [45.423172799999996, 51.531454499999995], [45.4148499, 51.5328344], [45.414969799999994, 51.5423098], [45.4130574, 51.54675559999999], [45.411319199999994, 51.550369100000005], [45.4096675, 51.5530878], [45.4066244, 51.55558899999999], [45.404718499999994, 51.5558898], [45.399740599999994, 51.5521931], [45.3992528, 51.54916389999999], [45.37508679999999, 51.54884059999999], [45.3751197, 51.54636980000001], [45.3675907, 51.54655480000001], [45.3570101, 51.54515799999999], [45.318494, 51.54264659999999], [45.27640579999999, 51.54068190000001], [45.27626299999999, 51.5419522], [45.2771314, 51.5428009], [45.276089299999995, 51.5446064], [45.2780268, 51.54496060000001], [45.2707546, 51.5482789], [45.263797999999994, 51.5518658], [45.25514749999999, 51.5526144], [45.2487871, 51.553420599999995], [45.2244068, 51.554704999999984], [45.2258931, 51.5573376], [45.2287468, 51.56018910000001], [45.2309145, 51.5629077], [45.229859999999995, 51.5668303], [45.231376999999995, 51.568780499999995], [45.233497, 51.57012249999999], [45.23660249999999, 51.573545], [45.237761199999994, 51.575505299999996], [45.2405936, 51.577358999999994], [45.2433402, 51.5797592], [45.24484220000001, 51.57999920000001], [45.245593199999995, 51.58129259999999], [45.24576489999999, 51.5823993], [45.24494949999999, 51.58354599999999], [45.2456576, 51.584306000000005], [45.24546449999999, 51.5851193], [45.246591, 51.58884559999999], [45.2477605, 51.5909387], [45.24897279999999, 51.59140519999999], [45.250013499999994, 51.592438400000006], [45.25066799999999, 51.593838100000006], [45.251429699999996, 51.59469119999999], [45.2503247, 51.59601750000001], [45.2496273, 51.5980569], [45.25175159999999, 51.5999362], [45.2534767, 51.60389219999999], [45.2598314, 51.61192330000001], [45.2585342, 51.61905689999999], [45.2595344, 51.6220065], [45.25540219999999, 51.62798070000001], [45.258040599999994, 51.633402999999994], [45.2596195, 51.634782300000005], [45.2588777, 51.6356281], [45.258910099999994, 51.6376607], [45.25966519999999, 51.6378474], [45.2617262, 51.63687470000001], [45.26447309999999, 51.6378587], [45.26766429999999, 51.64125010000001], [45.2697967, 51.6427216], [45.271952999999996, 51.6435792], [45.274752899999996, 51.644121599999984], [45.2740366, 51.647923500000005], [45.2727337, 51.64890129999999], [45.26996549999999, 51.65042110000001], [45.2703289, 51.65203259999999], [45.2724003, 51.6531934], [45.272223200000006, 51.65522829999999], [45.2651491, 51.66250019999998], [45.263045999999996, 51.66203660000001], [45.263028199999994, 51.663705], [45.261982, 51.66392189999999], [45.2599817, 51.66270699999999], [45.258117399999996, 51.663738], [45.25806469999999, 51.66617070000001], [45.25610609999999, 51.6676698], [45.2510636, 51.666351599999985], [45.2434791, 51.666222399999995], [45.235602799999995, 51.6658605], [45.223907, 51.6678581], [45.21568299999999, 51.669117199999995], [45.2117241, 51.6683677], [45.195942099999996, 51.6735868], [45.19696329999999, 51.6765876], [45.198320599999995, 51.6856469], [45.204968799999996, 51.6951824], [45.21457519999999, 51.7071993], [45.2214381, 51.7176158], [45.228721199999995, 51.7266353], [45.21912309999999, 51.736165], [45.23670349999999, 51.7467671], [45.23698949999999, 51.747633699999994], [45.23838479999999, 51.74796979999999], [45.2441433, 51.75140929999999], [45.244837999999994, 51.7519749], [45.258004899999996, 51.758858599999996], [45.2582168, 51.7601557], [45.260918499999995, 51.7621066], [45.2632641, 51.7633897], [45.266180500000004, 51.7633003], [45.272044799999996, 51.76439760000001], [45.274717599999995, 51.7655573], [45.27383689999999, 51.7639751], [45.2737767, 51.76261509999999], [45.276666399999996, 51.76075209999999], [45.2816632, 51.7562059], [45.285817099999996, 51.7547152], [45.288571399999995, 51.754855], [45.2897905, 51.757212], [45.2908741, 51.7596249], [45.28936899999999, 51.7607614], [45.2872018, 51.7614787], [45.2897002, 51.7628014], [45.272136200000006, 51.76917250000001], [45.273716500000006, 51.77036459999999], [45.2758536, 51.769265600000004], [45.27949589999999, 51.76954500000001], [45.283318699999995, 51.76865089999998], [45.28441479999999, 51.769773], [45.28053439999999, 51.7710911], [45.2809708, 51.772301799999994], [45.279712599999996, 51.7732429], [45.288846799999995, 51.775768799999994], [45.2982352, 51.778007300000006], [45.286433699999996, 51.7973297], [45.3070456, 51.802423000000005], [45.30380689999999, 51.80778049999999], [45.3073588, 51.80748940000001], [45.31144749999999, 51.8044689], [45.3180907, 51.8034515], [45.3261694, 51.804634], [45.3373841, 51.8072365], [45.346165199999994, 51.805207900000006], [45.3526358, 51.80297749999999], [45.3549026, 51.80249479999999], [45.3592923, 51.8033926], [45.3630165, 51.80488530000001], [45.3750184, 51.8042619], [45.37673649999999, 51.8115704], [45.3970308, 51.81317889999998], [45.39998189999999, 51.8136527], [45.4050383, 51.8109798], [45.40860349999999, 51.8071605], [45.41837379999999, 51.80884979999999], [45.4249707, 51.81337619999999], [45.4316841, 51.8159004], [45.4233984, 51.8269543], [45.42260999999999, 51.835575199999994], [45.42437, 51.8413294], [45.42805169999999, 51.8462178], [45.4279455, 51.8746569], [45.4552691, 51.8879023], [45.4529081, 51.9046718], [45.4587456, 51.9044294], [45.461605199999994, 51.9067311], [45.4636154, 51.90525830000001], [45.46803559999999, 51.91095330000001], [45.5172344, 51.903177199999995], [45.521165499999995, 51.908335400000006], [45.5179129, 51.9118474], [45.5097442, 51.918768400000005], [45.5077007, 51.9230331], [45.5006919, 51.92746059999999], [45.5016151, 51.9336648], [45.5115809, 51.9328658], [45.5148878, 51.92991459999999], [45.514737399999994, 51.9335025], [45.5272836, 51.937599], [45.5149614, 51.95326320000001], [45.5070537, 51.9632915], [45.503135799999995, 51.9682852], [45.50839919999999, 51.97055469999999]], [[45.6255047, 51.6669937], [45.6265394, 51.668716399999994], [45.62798579999999, 51.6685247], [45.6288202, 51.6685324], [45.6293889, 51.66873940000001], [45.6295326, 51.668926299999995], [45.629847399999996, 51.669335700000005], [45.6309677, 51.6696112], [45.6321267, 51.6699407], [45.633662199999996, 51.670336], [45.6343286, 51.671000799999995], [45.63412579999999, 51.6713602], [45.634521799999995, 51.671821400000006], [45.6354393, 51.672144800000005], [45.63614429999999, 51.67241429999999], [45.6364244, 51.6726419], [45.636227399999996, 51.67284359999999], [45.636151399999996, 51.673073200000005], [45.6361121, 51.6732258], [45.63630489999999, 51.67332089999999], [45.6366609, 51.673431300000004], [45.6370268, 51.67352939999998], [45.637368, 51.673673500000014], [45.6376746, 51.67384520000001], [45.6379218, 51.67401689999999], [45.6382581, 51.6742439], [45.63843119999999, 51.674434], [45.6386141, 51.674621], [45.638782199999994, 51.6747559], [45.6391778, 51.67469460000001], [45.6393691, 51.67469570000001], [45.6397267, 51.6746977], [45.64011239999999, 51.6747897], [45.640414, 51.6748939], [45.6410568, 51.6750595], [45.64118539999999, 51.675185199999994], [45.6415513, 51.675501100000005], [45.64211499999999, 51.6758138], [45.6425403, 51.67604070000001], [45.642832, 51.6763167], [45.6429655, 51.676500699999984], [45.642733099999994, 51.6767613], [45.6443006, 51.6771722], [45.6445281, 51.677267199999996], [45.6442709, 51.677466499999994], [45.64386549999999, 51.67799699999999], [45.6429408, 51.6783435], [45.6416007, 51.6788003], [45.6391828, 51.679594399999985], [45.63832729999999, 51.6798642], [45.63714060000001, 51.68043759999999], [45.63633949999999, 51.6812501], [45.6356275, 51.68222190000001], [45.63622039999999, 51.6827713], [45.63481089999999, 51.68369270000001], [45.6338333, 51.68413579999999], [45.62910299999999, 51.6870827], [45.62735969999999, 51.6881941], [45.6253759, 51.6893363], [45.62285839999999, 51.690790099999994], [45.6224246, 51.690535600000004], [45.62233609999999, 51.6904218], [45.6224164, 51.6903324], [45.6226848, 51.6902579], [45.6227821, 51.690125699999996], [45.6227311, 51.6899505], [45.6225225, 51.689821200000004], [45.622188799999996, 51.68976369999999], [45.62180409999999, 51.6895597], [45.621590899999994, 51.6893585], [45.621285, 51.688907399999984], [45.6210393, 51.688729300000006], [45.6206778, 51.688677600000005], [45.620260699999996, 51.6887322], [45.6199501, 51.688826999999996], [45.61973689999999, 51.688930400000004], [45.6195839, 51.688930400000004], [45.61927339999999, 51.68883269999999], [45.6189027, 51.6886501], [45.6188339, 51.68849569999998], [45.61889289999999, 51.6883088], [45.6188831, 51.6880772], [45.61865689999999, 51.687622], [45.6185684, 51.68724], [45.6185357, 51.687004300000005], [45.6186209, 51.6868134], [45.6188077, 51.6867036], [45.6190207, 51.68664880000001], [45.619119, 51.686537], [45.6190666, 51.6862891], [45.6188011, 51.6860575], [45.61831939999999, 51.6859457], [45.6177819, 51.6858096], [45.6175, 51.6856409], [45.6173774, 51.6854459], [45.6173774, 51.6851289], [45.6173315, 51.68485660000001], [45.61736309999999, 51.6843363], [45.617469699999994, 51.68402300000001], [45.61754619999999, 51.683717], [45.6174538, 51.6835626], [45.617303, 51.68341119999999], [45.6170048, 51.6832873], [45.61666999999999, 51.68323850000001], [45.6163757, 51.6831436], [45.6160675, 51.68304450000001], [45.6158728, 51.6828893], [45.6154, 51.682711100000006], [45.614688599999994, 51.68264069999999], [45.614197299999994, 51.6826982], [45.6130153, 51.68302870000001], [45.6120304, 51.68315509999999], [45.6116341, 51.68308609999999], [45.6114325, 51.682887900000004], [45.61143479999999, 51.682534399999994], [45.6115507, 51.682303000000005], [45.6117639, 51.6821392], [45.6121324, 51.681997], [45.61226909999999, 51.68189640000001], [45.6123618, 51.6816909], [45.612276, 51.6815458], [45.6116318, 51.68125980000001], [45.61121229999999, 51.6807986], [45.61100609999999, 51.680338799999994], [45.6107399, 51.6799237], [45.61056109999999, 51.6796217], [45.61057159999999, 51.67946979999999], [45.61056839999999, 51.6793523], [45.6105802, 51.679182499999996], [45.61040369999999, 51.6791106], [45.6102319, 51.678955599999995], [45.6099408, 51.6788512], [45.6097297, 51.6787113], [45.609414099999995, 51.6786107], [45.609108199999994, 51.6785369], [45.6085497, 51.6784226], [45.60844110000001, 51.6782485], [45.6084839, 51.6781311], [45.608566499999995, 51.678078], [45.60868049999999, 51.6779958], [45.6087907, 51.67785729999999], [45.6089926, 51.677829900000006], [45.60918589999999, 51.6777479], [45.6094334, 51.67766729999999], [45.6096245, 51.677548999999985], [45.6098519, 51.67750139999999], [45.6098958, 51.67745649999999], [45.6102535, 51.677090199999995], [45.6109125, 51.6766391], [45.61124349999999, 51.676508599999984], [45.61169099999999, 51.67672669999999], [45.6120809, 51.676536299999995], [45.6124462, 51.6764223], [45.6127901, 51.67637479999999], [45.613198999999994, 51.6760934], [45.61291609999999, 51.6750779], [45.6134304, 51.67505339999999], [45.613672699999995, 51.6750074], [45.61415730000001, 51.6749399], [45.6145776, 51.6747897], [45.614805, 51.6746425], [45.614869299999995, 51.6745536], [45.6147259, 51.67433590000001], [45.614715999999994, 51.6740752], [45.6146913, 51.6738606], [45.614562799999995, 51.673649], [45.6144144, 51.67355700000001], [45.613944700000005, 51.67323499999999], [45.613707299999994, 51.6730817], [45.61346999999999, 51.6729958], [45.6132425, 51.6729835], [45.6129606, 51.6729989], [45.612535400000006, 51.672716799999996], [45.6124859, 51.67267379999999], [45.61269359999999, 51.672563399999994], [45.612930999999996, 51.67245609999999], [45.61300779999999, 51.67242579999999], [45.6132425, 51.6723334], [45.613519399999994, 51.6722353], [45.6137914, 51.672127999999994], [45.6139941, 51.672063599999994], [45.6141227, 51.672042100000006], [45.613529299999996, 51.67170790000001], [45.6129903, 51.67138889999999], [45.61416719999999, 51.670607], [45.613534200000004, 51.670331], [45.613608799999994, 51.6702809], [45.6137829, 51.67016499999999], [45.6142332, 51.67037510000001], [45.614718, 51.6706018], [45.6149617, 51.670736899999994], [45.615091400000004, 51.6706324], [45.61438359999999, 51.670215899999995], [45.61454899999999, 51.6701098], [45.61501619999999, 51.66981], [45.6151139, 51.6697752], [45.6152715, 51.6697191], [45.615891100000006, 51.669800300000006], [45.61638369999999, 51.6697432], [45.61670389999999, 51.66965720000001], [45.6173298, 51.66922619999999], [45.61787369999999, 51.668923400000004], [45.61877, 51.668632], [45.6210817, 51.667964999999995], [45.6220026, 51.6676928], [45.622868, 51.6674743], [45.6240053, 51.6670756], [45.62503319999999, 51.666754999999995], [45.6250746, 51.6667421], [45.6253651, 51.6667613], [45.6255047, 51.6669937]]]]}}, {"type": "Feature", "properties": {"id": "mo-63650000", "name": "Энгельсский муниципальный район", "region": "Саратовская область", "isCity": false, "sourceOktmo": "63-650-000-000", "sourceAgg": "Саратов", "excelNames": ["Энгельсский муниципальный район"], "oktmo": "63650000", "vgp": [{"year": 2019, "value": 94046753.24407119}, {"year": 2020, "value": 101367431.02586731}, {"year": 2021, "value": 103747114.72935423}, {"year": 2022, "value": 153597564.63540426}, {"year": 2023, "value": 185498795.1393864}, {"year": 2024, "value": 205872410.92881364}], "population": [{"year": 2019, "value": 308915.0}, {"year": 2020, "value": 309745.0}, {"year": 2021, "value": 308054.0}, {"year": 2022, "value": 308387.0}, {"year": 2023, "value": 306051.0}, {"year": 2024, "value": 304713.0}, {"year": 2025, "value": 303937.0}], "shipments": [{"year": 2019, "value": 90535604.2}, {"year": 2020, "value": 80659422.8}, {"year": 2021, "value": 103689411.3}, {"year": 2022, "value": 111702075.0}, {"year": 2023, "value": 121127441.7}, {"year": 2024, "value": 145632778.9}], "employees": [{"year": 2019, "value": 53581.0}, {"year": 2020, "value": 53072.0}, {"year": 2021, "value": 52104.0}, {"year": 2022, "value": 50374.0}, {"year": 2023, "value": 50183.0}, {"year": 2024, "value": 50127.0}], "investments": [{"year": 2019, "value": 8934859.0}, {"year": 2020, "value": 8572610.0}, {"year": 2021, "value": 11522230.0}, {"year": 2022, "value": 11783009.0}, {"year": 2023, "value": 10832004.0}, {"year": 2024, "value": 12443696.0}], "vgp2024": 205872410.92881364, "pop2024": 304713.0, "ship2024": 145632778.9, "emp2024": 50127.0, "inv2024": 12443696.0}, "geometry": {"type": "MultiPolygon", "coordinates": [[[[46.1900799, 51.5371019], [46.2097151, 51.57276469999999], [46.2316378, 51.6077221], [46.23771959999999, 51.63381830000001], [46.2424511, 51.6383809], [46.2516538, 51.6429349], [46.260940399999996, 51.6490098], [46.2798329, 51.6700171], [46.2815495, 51.7087636], [46.28579009999999, 51.735705399999986], [46.291160299999994, 51.752307399999985], [46.29852579999999, 51.76027130000001], [46.3041495, 51.763262799999985], [46.32018459999999, 51.76664840000001], [46.331618399999996, 51.765291500000004], [46.3558531, 51.756631999999996], [46.361723999999995, 51.7523549], [46.3708563, 51.7435337], [46.384520599999995, 51.736735900000006], [46.39116779999999, 51.734349699999996], [46.39930059999999, 51.7346881], [46.409341899999994, 51.738818], [46.409443, 51.716977299999996], [46.423067700000004, 51.724823900000004], [46.4338732, 51.7286666], [46.43614749999999, 51.7229835], [46.441548499999996, 51.71973390000001], [46.448986, 51.7174553], [46.4563089, 51.715786], [46.4635647, 51.7150337], [46.47437399999999, 51.714967400000006], [46.4820544, 51.718172200000005], [46.4869626, 51.71823229999999], [46.4922262, 51.7157266], [46.49647680000001, 51.713777900000004], [46.4986088, 51.71234019999999], [46.4990506, 51.7110488], [46.49893039999999, 51.7092494], [46.4982677, 51.7077491], [46.496677399999996, 51.706150799999996], [46.4941315, 51.704868199999986], [46.49261549999999, 51.7032988], [46.491671600000004, 51.70089670000001], [46.492337799999994, 51.69867709999998], [46.49374459999999, 51.6966842], [46.49681809999999, 51.6948098], [46.50081029999999, 51.6933965], [46.51569130000001, 51.69329739999999], [46.51649139999999, 51.6959007], [46.5186124, 51.699588000000006], [46.5212969, 51.7018453], [46.52296990000001, 51.70280929999999], [46.5241744, 51.7033114], [46.53006709999999, 51.6985936], [46.53239829999999, 51.6978379], [46.535607999999996, 51.697809499999984], [46.5409148, 51.69602329999999], [46.540859, 51.69219699999999], [46.54310559999999, 51.6921164], [46.54400449999999, 51.6919458], [46.545224999999995, 51.691211], [46.5453048, 51.6907009], [46.543341999999996, 51.688799200000005], [46.5426894, 51.688081200000006], [46.54256629999999, 51.6873144], [46.542793, 51.686406999999996], [46.542611599999994, 51.6859453], [46.54278920000001, 51.685632], [46.54324630000001, 51.68549569999999], [46.54423059999999, 51.68561209999999], [46.545299099999994, 51.6857888], [46.54599199999999, 51.68570439999999], [46.54628339999999, 51.6854796], [46.5462584, 51.6849632], [46.545927, 51.6841325], [46.54590749999999, 51.68385550000001], [46.5466574, 51.683457199999985], [46.54720269999999, 51.6830886], [46.5476947, 51.6827805], [46.5480616, 51.6827732], [46.55024869999999, 51.683516499999996], [46.550936699999994, 51.683615199999984], [46.5512311, 51.6834543], [46.5517151, 51.6827351], [46.55201279999999, 51.682059300000006], [46.552859899999994, 51.681196199999995], [46.553700299999996, 51.6809665], [46.5547881, 51.68072579999998], [46.55688239999999, 51.6798588], [46.5585318, 51.6781283], [46.56158959999999, 51.677686999999985], [46.5644658, 51.677432399999994], [46.567746299999996, 51.678921899999985], [46.5692521, 51.6793332], [46.57029179999999, 51.67929980000001], [46.571206, 51.67889970000001], [46.5718514, 51.6778326], [46.571937199999994, 51.6768467], [46.57065029999999, 51.67453110000001], [46.5693679, 51.6725887], [46.568431999999994, 51.670376899999994], [46.568485800000005, 51.669320699999986], [46.57002959999999, 51.6686698], [46.57167669999999, 51.668687], [46.5731466, 51.668876], [46.573899499999996, 51.6682867], [46.572922199999994, 51.66659490000001], [46.572024199999994, 51.66067849999999], [46.5753752, 51.66036210000001], [46.57685649999999, 51.659729500000005], [46.5774035, 51.658253], [46.57735739999999, 51.657418], [46.5781227, 51.6555361], [46.57867589999999, 51.6546267], [46.5797085, 51.65340260000001], [46.58018789999999, 51.653099399999995], [46.5811165, 51.65305029999999], [46.5817763, 51.6531899], [46.5824362, 51.65350399999999], [46.5836831, 51.65424670000001], [46.5847452, 51.65452669999999], [46.585505999999995, 51.6544245], [46.5864408, 51.6539609], [46.587402499999996, 51.65133509999998], [46.587929, 51.649783199999995], [46.5874246, 51.64923269999999], [46.58648109999999, 51.6488033], [46.5857542, 51.6485749], [46.5847833, 51.64854830000001], [46.58191329999999, 51.64992999999999], [46.580944599999995, 51.6501203], [46.5799278, 51.65005849999999], [46.57714789999999, 51.64869130000001], [46.573906199999996, 51.6478846], [46.5683607, 51.6469861], [46.566549499999994, 51.64616119999999], [46.565062, 51.645139799999995], [46.5568254, 51.6427076], [46.55317219999999, 51.64246250000001], [46.5501363, 51.6422219], [46.5474297, 51.64186389999999], [46.54638, 51.6413642], [46.54468969999999, 51.6408892], [46.5414896, 51.6400308], [46.5389068, 51.63924479999999], [46.53785080000001, 51.6382483], [46.536522, 51.6381138], [46.5338041, 51.63863799999999], [46.5328358, 51.6390857], [46.5325221, 51.639474199999995], [46.5321055, 51.64175529999999], [46.53211439999999, 51.6423659], [46.531461799999995, 51.6438342], [46.531054899999994, 51.6443012], [46.5305097, 51.644599799999995], [46.5285367, 51.64443539999999], [46.527842299999996, 51.644389699999984], [46.52714379999999, 51.644538499999996], [46.5262957, 51.6447306], [46.5253932, 51.644551799999995], [46.5246554, 51.6440974], [46.5240953, 51.64354500000001], [46.5232396, 51.6423502], [46.5230196, 51.6415333], [46.522621599999994, 51.6409871], [46.522083800000004, 51.64050610000001], [46.5218533, 51.639709100000005], [46.5223223, 51.6387927], [46.523861200000006, 51.63795009999999], [46.5255984, 51.637136299999995], [46.5263954, 51.6363884], [46.5265671, 51.6359477], [46.5260858, 51.6355865], [46.524889, 51.635690800000006], [46.52355359999999, 51.6361014], [46.5228392, 51.6363176], [46.522264799999995, 51.63658439999998], [46.5218483, 51.63739230000001], [46.52129049999999, 51.637560400000005], [46.52066859999999, 51.63749339999999], [46.5202274, 51.6372884], [46.51986769999999, 51.63688079999999], [46.51800279999999, 51.6354507], [46.5168231, 51.6349585], [46.515533299999994, 51.63453460000001], [46.51398879999999, 51.633792799999995], [46.51354729999999, 51.633367199999995], [46.5137117, 51.632676599999996], [46.514382299999994, 51.63187670000001], [46.5146207, 51.631238], [46.5147046, 51.63060939999999], [46.51453639999999, 51.629802999999995], [46.5140918, 51.629077300000006], [46.5134303, 51.6276159], [46.5131036, 51.626834499999994], [46.5126712, 51.626451900000006], [46.51183509999999, 51.6262459], [46.5108689, 51.626161], [46.5086592, 51.6261558], [46.507416199999994, 51.6262188], [46.5063358, 51.6261708], [46.5043865, 51.6257081], [46.50255109999999, 51.6251545], [46.5002548, 51.6240292], [46.4985835, 51.6234183], [46.4972853, 51.62259029999999], [46.4969522, 51.6223257], [46.49675899999999, 51.622032199999985], [46.4967398, 51.62151039999999], [46.49694949999999, 51.621357599999996], [46.4972072, 51.62116979999999], [46.4978612, 51.6208944], [46.4988002, 51.620700899999996], [46.4997334, 51.6206087], [46.501223100000004, 51.62069509999999], [46.50266619999999, 51.620904599999996], [46.505624, 51.62181569999999], [46.5072475, 51.62234829999999], [46.5086162, 51.62271830000001], [46.51001389999999, 51.6229082], [46.51161849999999, 51.6229754], [46.5123519, 51.6228993], [46.5130314, 51.6227375], [46.5135382, 51.62236430000001], [46.513685599999995, 51.6217266], [46.51347749999999, 51.62113959999999], [46.51241209999999, 51.6204576], [46.51105859999999, 51.619883], [46.51012889999999, 51.61938369999999], [46.5091799, 51.61866969999999], [46.50870539999999, 51.617988100000005], [46.5085573, 51.61724689999999], [46.508982399999994, 51.61673350000001], [46.5096763, 51.616226], [46.5104802, 51.61582309999999], [46.51136079999999, 51.6155394], [46.5121551, 51.6151961], [46.5128821, 51.6148409], [46.5135502, 51.614526299999994], [46.51415219999999, 51.614293999999994], [46.514723, 51.6142255], [46.5152434, 51.614250199999994], [46.5157813, 51.6143247], [46.5170877, 51.6146407], [46.5179123, 51.61475840000001], [46.518666399999994, 51.6147666], [46.5199939, 51.614743600000004], [46.5215812, 51.6148488], [46.5230056, 51.6152157], [46.52516189999999, 51.61548679999999], [46.526725299999995, 51.6156879], [46.52717719999999, 51.61569759999998], [46.527710799999994, 51.6156182], [46.5282884, 51.61520749999998], [46.52912190000001, 51.61444899999999], [46.530435999999995, 51.6130935], [46.5313664, 51.61218989999999], [46.5319133, 51.61172160000001], [46.53238069999999, 51.61150249999999], [46.532896599999994, 51.610943899999995], [46.5331583, 51.6105234], [46.53332439999999, 51.61002919999999], [46.533390499999996, 51.6094542], [46.533386099999994, 51.6087914], [46.5332229, 51.6081533], [46.5330686, 51.6074632], [46.5327026, 51.6068169], [46.5322862, 51.606180099999996], [46.5319133, 51.6056721], [46.5313532, 51.6051517], [46.53061679999999, 51.604625899999995], [46.53006559999999, 51.6043246], [46.52930709999999, 51.6040397], [46.5277196, 51.603733], [46.5270537, 51.603656300000004], [46.52604830000001, 51.6037056], [46.52472089999999, 51.603842500000006], [46.52398889999999, 51.6040178], [46.5232878, 51.60429450000001], [46.5221589, 51.60484219999999], [46.52132679999999, 51.60537269999998], [46.52039059999999, 51.60611029999999], [46.5200645, 51.606480000000005], [46.5196894, 51.60690719999999], [46.5196497, 51.6073263], [46.519782, 51.60774800000001], [46.520086299999996, 51.6082629], [46.5201657, 51.6086025], [46.520121599999996, 51.6089284], [46.5199143, 51.6093583], [46.519526299999995, 51.6095883], [46.519019099999994, 51.60973080000001], [46.5184944, 51.6098074], [46.5177094, 51.6098348], [46.5169598, 51.60978], [46.51490479999999, 51.60946789999999], [46.51349369999999, 51.6093501], [46.5123472, 51.609361], [46.5115843, 51.6093583], [46.51100219999999, 51.6092816], [46.5106097, 51.60907900000001], [46.5104025, 51.6088161], [46.510357, 51.608504199999985], [46.5104568, 51.6081944], [46.511224899999995, 51.6075152], [46.51210679999999, 51.60684619999999], [46.5133467, 51.605920299999994], [46.5143915, 51.60490360000001], [46.5152117, 51.6040737], [46.5157365, 51.6031124], [46.516282, 51.6022179], [46.5164861, 51.6017073], [46.51679479999999, 51.6009431], [46.5169712, 51.6005268], [46.51705499999999, 51.6001543], [46.51707259999999, 51.599885799999996], [46.51700209999999, 51.59967770000001], [46.51700209999999, 51.59951329999999], [46.5171123, 51.5992723], [46.517182899999995, 51.5987409], [46.51722689999999, 51.59763699999999], [46.51717399999999, 51.597039800000005], [46.5170947, 51.5968207], [46.5168345, 51.59649189999999], [46.5159878, 51.5955907], [46.5155645, 51.5952154], [46.5152514, 51.59502090000001], [46.5148369, 51.59482369999999], [46.5141886, 51.5947059], [46.513827, 51.594727799999994], [46.51337279999999, 51.5948593], [46.5128789, 51.594996200000004], [46.51246, 51.5949908], [46.51189999999999, 51.59491409999999], [46.51099159999999, 51.59477159999999], [46.510360999999996, 51.5946374], [46.5099773, 51.5944484], [46.509624499999994, 51.5941525], [46.509175, 51.59352729999999], [46.50838920000001, 51.59255209999999], [46.50785259999999, 51.591987499999995], [46.5072173, 51.591472100000004], [46.50658859999999, 51.59084589999999], [46.50601809999999, 51.59046390000001], [46.5055655, 51.5900582], [46.50525879999999, 51.58972560000001], [46.50508, 51.58948699999999], [46.504632099999995, 51.5889221], [46.5041638, 51.5883181], [46.5038056, 51.58778499999999], [46.50351799999999, 51.5872304], [46.50317019999999, 51.5861764], [46.5030052, 51.5857415], [46.5029177, 51.58539609999998], [46.5029577, 51.5852146], [46.5031157, 51.584889], [46.5033259, 51.5847092], [46.5038, 51.5843684], [46.50637199999999, 51.582563199999996], [46.50666859999999, 51.5821656], [46.5069253, 51.581761199999995], [46.506991299999996, 51.581349900000006], [46.5067338, 51.58094299999999], [46.505853699999996, 51.5805014], [46.504291599999995, 51.58007390000001], [46.5036011, 51.5799585], [46.5028198, 51.579875499999986], [46.5018013, 51.57978200000001], [46.500035, 51.580012], [46.499285099999994, 51.5797732], [46.49894179999999, 51.5794465], [46.4988568, 51.57886899999998], [46.49933769999999, 51.5783025], [46.50123239999999, 51.5767028], [46.5029285, 51.5757451], [46.5040764, 51.57532439999999], [46.50511749999999, 51.57518090000001], [46.5075302, 51.575569299999984], [46.50849579999999, 51.57614269999999], [46.511712599999996, 51.577015299999985], [46.51353219999999, 51.5771243], [46.5163439, 51.5764227], [46.51778019999999, 51.576370499999996], [46.5185544, 51.57611260000001], [46.51871499999999, 51.57582600000001], [46.5186763, 51.575472], [46.5184522, 51.575209300000004], [46.51800149999999, 51.5748359], [46.51720890000001, 51.5746534], [46.5137671, 51.5732266], [46.510875999999996, 51.57123589999999], [46.5102876, 51.570657600000004], [46.510148, 51.570288100000006], [46.51022329999999, 51.56988859999999], [46.5109205, 51.569121100000004], [46.5123101, 51.5684889], [46.51357159999999, 51.567702099999984], [46.5146748, 51.5678071], [46.51750059999999, 51.5686889], [46.5213413, 51.5693931], [46.523602, 51.569067800000006], [46.52404189999999, 51.5689344], [46.52409409999999, 51.5684146], [46.5237054, 51.5679703], [46.52285109999999, 51.5664765], [46.5223411, 51.565563999999995], [46.5234469, 51.5640507], [46.52408669999999, 51.5624974], [46.52402039999999, 51.561431400000004], [46.5232801, 51.559924], [46.5231228, 51.5588766], [46.522335999999996, 51.55776290000001], [46.520952, 51.55676230000001], [46.5205248, 51.555955799999985], [46.5189457, 51.554374200000005], [46.5179157, 51.5541073], [46.5175402, 51.5535003], [46.5166474, 51.552870999999996], [46.5159631, 51.55275309999999], [46.5152116, 51.5524397], [46.5148223, 51.551942700000005], [46.5147185, 51.55145889999999], [46.51500819999999, 51.55101859999999], [46.5167877, 51.55028709999999], [46.518978999999995, 51.54884369999999], [46.520952699999995, 51.5471251], [46.5217459, 51.54674869999999], [46.5215957, 51.5464818], [46.52207849999999, 51.54624159999999], [46.5233916, 51.546040600000005], [46.527872099999996, 51.5460548], [46.532483400000004, 51.54582200000001], [46.5333331, 51.545781299999994], [46.53395079999999, 51.54602390000001], [46.534228899999995, 51.5465052], [46.5343292, 51.54698499999999], [46.534009, 51.5476227], [46.53325, 51.548347099999994], [46.53195439999999, 51.549210599999995], [46.5311229, 51.54999790000001], [46.530511399999995, 51.5502847], [46.5300567, 51.5506595], [46.529707699999996, 51.5516616], [46.529000599999996, 51.5527226], [46.5290737, 51.5531], [46.52967619999999, 51.55360939999999], [46.5313092, 51.5534335], [46.5324394, 51.55277809999999], [46.5327913, 51.55169570000001], [46.533898699999995, 51.55022279999999], [46.5347091, 51.5495431], [46.5347814, 51.54931069999999], [46.535865099999995, 51.54830329999999], [46.5369706, 51.54700230000001], [46.537195399999995, 51.5460381], [46.5372223, 51.5455944], [46.537629, 51.5453067], [46.5382683, 51.545103999999995], [46.53994459999999, 51.5449945], [46.5405488, 51.5451329], [46.54108999999999, 51.545804600000004], [46.54164699999999, 51.54668650000001], [46.54156759999999, 51.5478117], [46.54112219999999, 51.54877700000001], [46.5410645, 51.5495459], [46.5406609, 51.550644999999996], [46.5408111, 51.5511921], [46.5404999, 51.551629], [46.5406195, 51.5525283], [46.5405254, 51.5535426], [46.5399849, 51.5542708], [46.5393724, 51.55561219999999], [46.538753799999995, 51.5564423], [46.5387887, 51.55747599999999], [46.53986690000001, 51.5586537], [46.5407353, 51.559146], [46.5415511, 51.559438899999996], [46.54217359999999, 51.5590402], [46.54296039999999, 51.55864149999999], [46.5451886, 51.5579026], [46.54611649999999, 51.55802299999999], [46.548151, 51.55930870000001], [46.548112, 51.55962720000001], [46.5476185, 51.5599574], [46.54742, 51.5603409], [46.5475386, 51.5608718], [46.5481298, 51.5617267], [46.5502602, 51.56211480000001], [46.5521972, 51.5616072], [46.5557671, 51.5605324], [46.5591983, 51.5599651], [46.563648699999995, 51.5598258], [46.5652175, 51.56044279999999], [46.56701040000001, 51.5602637], [46.56870729999999, 51.5595869], [46.57001999999999, 51.55670069999999], [46.5710765, 51.55608359999999], [46.57181289999999, 51.5564021], [46.5729975, 51.5563025], [46.5731896, 51.5555461], [46.5707244, 51.5523949], [46.570004, 51.5519271], [46.56875529999999, 51.55212619999999], [46.5688034, 51.5526039], [46.5679709, 51.55317130000001], [46.5648692, 51.55235789999999], [46.564965199999996, 51.5518004], [46.566502, 51.551063799999994], [46.5695436, 51.5505661], [46.5717848, 51.549729899999996], [46.57354569999999, 51.5478087], [46.5746503, 51.54700230000001], [46.5762351, 51.5468231], [46.579628899999996, 51.5466439], [46.5813578, 51.5462059], [46.5812777, 51.54505109999999], [46.57878039999999, 51.5440953], [46.5767634, 51.542074199999995], [46.5723771, 51.54154659999999], [46.5710804, 51.53982409999999], [46.571936199999996, 51.5379789], [46.5720802, 51.53717], [46.5734804, 51.53618240000001], [46.573673799999995, 51.5356819], [46.5733216, 51.5347459], [46.5701346, 51.53434800000001], [46.567240399999996, 51.53607499999999], [46.5655937, 51.5363693], [46.5644735, 51.536188], [46.563379, 51.5340797], [46.5636527, 51.5329756], [46.5640712, 51.53270869999999], [46.564657, 51.5317278], [46.5665967, 51.529983599999994], [46.568121299999994, 51.5294349], [46.56831009999999, 51.5292229], [46.5689313, 51.52916129999999], [46.569394, 51.5292949], [46.56928, 51.530406], [46.5697408, 51.5314325], [46.5697199, 51.53170759999999], [46.57012759999999, 51.5320045], [46.570680599999996, 51.53211770000001], [46.5726492, 51.53198750000001], [46.5732397, 51.53185520000001], [46.5750505, 51.5308024], [46.5784545, 51.52886029999999], [46.5816779, 51.5276952], [46.5856826, 51.52708119999999], [46.5866983, 51.5271688], [46.5881453, 51.52690840000001], [46.5902603, 51.525947300000006], [46.5913761, 51.5257538], [46.5925313, 51.52515249999998], [46.5937257, 51.5250929], [46.5941924, 51.5255835], [46.59514719999999, 51.52571369999999], [46.5982731, 51.5256868], [46.599351199999994, 51.525444199999995], [46.6010912, 51.5254921], [46.6030383, 51.52574709999998], [46.6044948, 51.52631190000001], [46.6049507, 51.5266858], [46.6055489, 51.52683510000001], [46.60614429999999, 51.5267583], [46.6066888, 51.5268927], [46.6080733, 51.5274128], [46.608756799999995, 51.52832359999999], [46.608399199999994, 51.5290294], [46.606272499999996, 51.5304141], [46.6055703, 51.5305896], [46.6046936, 51.5305847], [46.603574699999996, 51.53037599999999], [46.6024936, 51.5300261], [46.600677, 51.5291614], [46.59889700000001, 51.529137899999995], [46.5973358, 51.5288377], [46.59694429999999, 51.52889760000001], [46.59666539999999, 51.5290678], [46.59646299999999, 51.5293688], [46.59636499999999, 51.5297686], [46.596525899999996, 51.52987209999999], [46.5961611, 51.530819900000004], [46.5964101, 51.5316312], [46.59714819999999, 51.5323082], [46.59786819999999, 51.5324759], [46.59881649999999, 51.5330123], [46.5989667, 51.533316], [46.60072089999999, 51.53409349999999], [46.6013431, 51.534253699999994], [46.6013485, 51.534607400000006], [46.601799099999994, 51.5348276], [46.602314099999994, 51.5347876], [46.602568899999994, 51.5348985], [46.603019599999996, 51.53513549999999], [46.603413399999994, 51.53580350000001], [46.6050841, 51.536903800000005], [46.6070119, 51.5377275], [46.60791189999999, 51.537945], [46.6084144, 51.53795149999999], [46.60878629999999, 51.5377048], [46.6089096, 51.5375113], [46.6093334, 51.5373244], [46.6099611, 51.537180899999996], [46.6102561, 51.53686720000001], [46.6109348, 51.5364288], [46.614880299999996, 51.5349819], [46.61845249999999, 51.53423179999999], [46.6191074, 51.5343947], [46.620040800000005, 51.5350754], [46.622690899999995, 51.5361898], [46.62551109999999, 51.53774269999999], [46.625600999999996, 51.538141], [46.62507529999999, 51.5386282], [46.6243672, 51.53892179999999], [46.624162199999994, 51.539408200000004], [46.62492509999999, 51.5401229], [46.6254708, 51.54105549999999], [46.623958599999995, 51.542261999999994], [46.62259449999999, 51.543149], [46.62105199999999, 51.5429789], [46.6198718, 51.5430456], [46.6195259, 51.542837], [46.6178188, 51.54282220000001], [46.61633129999999, 51.5434993], [46.6161275, 51.54389299999999], [46.616489, 51.5445625], [46.6171574, 51.545094], [46.6177879, 51.5453499], [46.6182196, 51.54579460000001], [46.61962509999999, 51.5460015], [46.6204083, 51.5466153], [46.6243435, 51.5480345], [46.6264797, 51.5484977], [46.6332919, 51.5469795], [46.6349101, 51.5458547], [46.6351497, 51.54488049999999], [46.634689599999994, 51.54410639999999], [46.631451, 51.54159209999999], [46.63041079999999, 51.5404456], [46.628754699999995, 51.53903759999999], [46.6284227, 51.53843460000001], [46.62842090000001, 51.5380356], [46.62972559999999, 51.53688009999998], [46.62969940000001, 51.535592699999995], [46.630053499999995, 51.53484430000001], [46.6307894, 51.5342602], [46.634347399999996, 51.5324472], [46.6363472, 51.5324604], [46.6378267, 51.53171030000001], [46.6393554, 51.53083989999999], [46.6392935, 51.530230199999984], [46.639913299999996, 51.52935819999999], [46.64086819999999, 51.52887760000001], [46.64160309999999, 51.52812539999999], [46.64174789999999, 51.5272556], [46.642434599999994, 51.52646800000001], [46.6433415, 51.52622199999999], [46.64362549999999, 51.5253265], [46.6432675, 51.5237599], [46.642735, 51.52317709999999], [46.642657699999994, 51.5226013], [46.6409004, 51.522028899999995], [46.6396702, 51.5221651], [46.63056929999999, 51.5249259], [46.629667299999994, 51.5248059], [46.6289619, 51.52437659999998], [46.628577, 51.5230133], [46.628873299999995, 51.522870000000005], [46.6295819, 51.5216952], [46.6307192, 51.5210771], [46.632116399999994, 51.5192224], [46.63209199999999, 51.5186643], [46.6314568, 51.5176475], [46.6316031, 51.515975], [46.62972899999999, 51.5146625], [46.62744639999999, 51.5140709], [46.62572939999999, 51.5138362], [46.6249267, 51.5141079], [46.62308779999999, 51.5149897], [46.6225192, 51.51581759999999], [46.622025699999995, 51.5159578], [46.619086, 51.5152634], [46.6183671, 51.51466919999999], [46.618015899999996, 51.5139377], [46.618120399999995, 51.5116914], [46.6232058, 51.5046932], [46.623527700000004, 51.5035045], [46.6234197, 51.5024893], [46.6229913, 51.5014742], [46.6232848, 51.5006628], [46.625437399999996, 51.4992836], [46.629965, 51.4971195], [46.63058730000001, 51.49585050000001], [46.6297504, 51.494514599999995], [46.62912819999999, 51.49420729999999], [46.6278407, 51.491348300000006], [46.6280767, 51.4862844], [46.625787, 51.47364220000001], [46.6365709, 51.4693094], [46.6424291, 51.46694200000001], [46.6556742, 51.4301737], [46.673086299999994, 51.3802542], [46.67212599999999, 51.37986919999999], [46.67015189999999, 51.37950089999998], [46.6692078, 51.37920619999999], [46.664649399999995, 51.37859929999999], [46.6598429, 51.3787467], [46.65797599999999, 51.379362699999994], [46.6533841, 51.3792154], [46.64817529999999, 51.37701559999999], [46.6463071, 51.376771999999995], [46.6441077, 51.3772943], [46.64169369999999, 51.37749519999999], [46.63778839999999, 51.377260799999995], [46.63460189999999, 51.37691929999999], [46.6330033, 51.37705319999999], [46.63140469999999, 51.377897], [46.6296412, 51.3796507], [46.6273881, 51.381150699999985], [46.6248233, 51.3820896], [46.6246845, 51.380615], [46.6250492, 51.379851599999995], [46.6268517, 51.3783114], [46.628128399999994, 51.3763358], [46.6273989, 51.375492], [46.628128399999994, 51.3738713], [46.62920129999999, 51.3727193], [46.6318406, 51.3695848], [46.6332783, 51.368245200000004], [46.6329779, 51.36603469999999], [46.6339649, 51.3645208], [46.63305299999999, 51.36369689999999], [46.6322805, 51.36152640000001], [46.63258090000001, 51.3587127], [46.635413299999996, 51.3564348], [46.635542099999995, 51.3547196], [46.633567899999996, 51.3536476], [46.63232339999999, 51.351423], [46.6326238, 51.34793859999999], [46.63358939999999, 51.346625100000004], [46.6374518, 51.3435692], [46.640198399999996, 51.34243659999999], [46.640895799999996, 51.3410426], [46.64087429999999, 51.3396017], [46.637988199999995, 51.33765790000001], [46.63854619999999, 51.3335792], [46.6382414, 51.332743099999995], [46.637784399999994, 51.32978829999998], [46.6231932, 51.33246309999999], [46.6150879, 51.3157803], [46.666159799999996, 51.3051298], [46.6611323, 51.29264349999999], [46.674474999999994, 51.28960300000001], [46.6709023, 51.28153060000001], [46.6405038, 51.221457199999996], [46.6628015, 51.2154503], [46.6615842, 51.2126578], [46.6645454, 51.21101119999999], [46.66545729999999, 51.210675099999996], [46.666841299999994, 51.2106885], [46.6701673, 51.2116967], [46.6709934, 51.2117908], [46.6726778, 51.2116967], [46.674888, 51.2116161], [46.67616470000001, 51.2112666], [46.6767333, 51.210560799999996], [46.677130299999995, 51.21033899999999], [46.6776989, 51.21038610000001], [46.67820319999999, 51.21064819999999], [46.678696699999996, 51.2111321], [46.6790293, 51.2122277], [46.6789542, 51.2132425], [46.67807439999999, 51.2139415], [46.67785179999999, 51.2142792], [46.6778733, 51.21469249999999], [46.6782595, 51.2150319], [46.67879589999999, 51.215361200000004], [46.6796596, 51.2154116], [46.6803677, 51.21543849999999], [46.68075399999999, 51.21568039999999], [46.6817839, 51.21645999999999], [46.682492, 51.216674999999995], [46.6833074, 51.2167154], [46.6842086, 51.21650030000001], [46.684739699999994, 51.21620799999998], [46.68493279999999, 51.2158988], [46.68483629999999, 51.215482200000004], [46.6845573, 51.2151058], [46.68358099999999, 51.214669], [46.68347369999999, 51.21403050000001], [46.6837849, 51.2135466], [46.6843588, 51.2132207], [46.6849597, 51.21330129999999], [46.6864617, 51.2132476], [46.687084, 51.21359700000001], [46.687599, 51.21422880000001], [46.6877492, 51.2151697], [46.6872556, 51.2162315], [46.6865261, 51.2173874], [46.68669239999999, 51.218163600000004], [46.6873104, 51.2185158], [46.6883178, 51.21852309999999], [46.6898735, 51.218644], [46.69061380000001, 51.2185164], [46.69095709999999, 51.21797870000001], [46.69093569999999, 51.2173806], [46.691, 51.2167825], [46.69143989999999, 51.216601100000005], [46.69186909999999, 51.2165473], [46.69253419999999, 51.2165742], [46.69303849999999, 51.21683629999999], [46.6941221, 51.2177099], [46.69485159999999, 51.2178511], [46.6972335, 51.21779730000001], [46.7009457, 51.218738099999996], [46.70311290000001, 51.219813299999984], [46.7055161, 51.2199074], [46.70723279999999, 51.2205793], [46.7081984, 51.22048530000001], [46.7084558, 51.21996109999999], [46.708133999999994, 51.21899349999999], [46.7083915, 51.21806610000001], [46.70905669999999, 51.217676299999994], [46.710215399999996, 51.217636], [46.7119964, 51.217716700000004], [46.714313800000006, 51.217555399999995], [46.71678140000001, 51.21833490000001], [46.71731789999999, 51.21899349999999], [46.71740369999999, 51.219786400000004], [46.7187984, 51.22096909999999], [46.72000009999999, 51.2217754], [46.7210086, 51.22197700000001], [46.72233899999999, 51.2216142], [46.72317579999999, 51.22102279999999], [46.723926799999994, 51.2200821], [46.72469929999999, 51.21971920000001], [46.726651999999994, 51.2205659], [46.72716689999999, 51.2222996], [46.7275103, 51.22325369999999], [46.72851880000001, 51.2237778], [46.730879099999996, 51.22354940000001], [46.731673, 51.223724100000005], [46.7323597, 51.2246782], [46.73306779999999, 51.22603539999999], [46.73399049999999, 51.226492300000004], [46.7353209, 51.2267208], [46.7364367, 51.2264117], [46.73725199999999, 51.22517539999999], [46.7376745, 51.224658899999994], [46.738797, 51.224396], [46.7401488, 51.22469159999999], [46.74506269999999, 51.22845420000001], [46.753903199999996, 51.22760759999999], [46.75600609999999, 51.2248664], [46.754473499999996, 51.2210597], [46.736621099999994, 51.21481399999999], [46.73492589999999, 51.212784299999996], [46.7335848, 51.212522199999995], [46.73118159999999, 51.211796299999996], [46.73036619999999, 51.21021009999999], [46.7300229, 51.20789800000001], [46.7333273, 51.204160599999994], [46.7303233, 51.199051499999996], [46.7313532, 51.197034599999995], [46.7306237, 51.19491], [46.7309563, 51.1927652], [46.7319111, 51.19031100000001], [46.73429289999999, 51.18821299999999], [46.734915199999996, 51.18685459999999], [46.73575209999999, 51.1853214], [46.739078, 51.1825372], [46.74213569999999, 51.1787911], [46.74513979999999, 51.1784413], [46.749173799999994, 51.17838749999999], [46.75084749999999, 51.1773383], [46.7538945, 51.1762621], [46.7578427, 51.1758854], [46.757284799999994, 51.16315759999999], [46.756684, 51.1600895], [46.7579929, 51.1574653], [46.758278999999995, 51.143418200000006], [46.684552, 51.140504699999994], [46.658716999999996, 51.15445009999999], [46.654940399999994, 51.1559036], [46.6334827, 51.15396560000001], [46.60970759999999, 51.1516506], [46.5739342, 51.14813370000001], [46.573817299999995, 51.1446958], [46.578293599999995, 51.120198399999985], [46.524134399999994, 51.1083982], [46.5269669, 51.1027935], [46.53486329999999, 51.0899107], [46.5352924, 51.0888864], [46.5465363, 51.069635999999996], [46.5526302, 51.0585782], [46.57528949999999, 51.0169126], [46.57361579999999, 51.0159137], [46.5760014, 51.00044329999999], [46.57720299999999, 50.99579789999999], [46.5752289, 50.9952847], [46.579305899999994, 50.986829699999994], [46.5780361, 50.986341200000005], [46.5731438, 50.98347749999999], [46.5721138, 50.98230220000001], [46.5726218, 50.9802443], [46.5742741, 50.97719099999999], [46.5754328, 50.97561030000001], [46.5766344, 50.974016000000006], [46.57983159999999, 50.9718812], [46.587019899999994, 50.9678071], [46.583050199999995, 50.9672193], [46.5800462, 50.96681389999999], [46.4885147, 50.955371099999994], [46.466080999999996, 50.9526521], [46.45238, 50.9509915], [46.4506634, 50.9554793], [46.44997669999999, 50.96029099999999], [46.4433833, 50.95944419999999], [46.4104088, 50.95520890000001], [46.3787373, 50.9517485], [46.34105759999999, 50.95109969999999], [46.306897, 50.9554252], [46.30488, 51.0052211], [46.301704199999996, 51.0058152], [46.299472599999994, 51.00603129999999], [46.298013499999996, 51.00770550000001], [46.29724099999999, 51.00948759999999], [46.29561019999999, 51.0102437], [46.294751899999994, 51.0098117], [46.29492359999999, 51.0084076], [46.29466609999999, 51.0063553], [46.2930353, 51.005761199999995], [46.2901171, 51.005437199999996], [46.2877138, 51.006247300000005], [46.2840231, 51.0091636], [46.281705699999996, 51.00948759999999], [46.2798174, 51.0094336], [46.2771566, 51.01278179999999], [46.2752684, 51.0129978], [46.273637599999994, 51.01180979999999], [46.27355169999999, 51.0100277], [46.2717493, 51.0098117], [46.270547699999995, 51.0100277], [46.2699469, 51.0124578], [46.2691529, 51.0134703], [46.2672217, 51.01455020000001], [46.26490429999999, 51.0153872], [46.262973099999996, 51.0152522], [46.26087029999999, 51.014577200000005], [46.2595828, 51.0155222], [46.2588532, 51.0167101], [46.2551196, 51.0189509], [46.25061349999999, 51.02040869999999], [46.25116679999999, 51.0216793], [46.25921799999999, 51.031624], [46.2621363, 51.0329194], [46.2636812, 51.0349165], [46.2646254, 51.0385597], [46.266857, 51.041986599999994], [46.272907999999994, 51.044415], [46.2747534, 51.045305400000004], [46.2756975, 51.0465196], [46.27544, 51.0489747], [46.3001378, 51.05057990000001], [46.2977345, 51.0673033], [46.2960823, 51.0798823], [46.3097508, 51.081783], [46.322067499999996, 51.08334670000001], [46.3201364, 51.09571919999999], [46.31863429999999, 51.09644689999999], [46.310931, 51.09573269999999], [46.2680157, 51.0975653], [46.24106479999999, 51.09287570000001], [46.223912199999994, 51.0853156], [46.220120099999995, 51.1073891], [46.23172929999999, 51.133867699999996], [46.2381037, 51.1591066], [46.2316723, 51.1568291], [46.2089287, 51.1487745], [46.1989667, 51.145246], [46.18221499999999, 51.139312], [46.1187394, 51.116820000000004], [46.11755449999999, 51.116400000000006], [46.1004143, 51.1118682], [46.096869299999994, 51.1109309], [46.0935219, 51.1107693], [46.091118599999994, 51.10917959999999], [46.0797675, 51.106444700000004], [46.0687812, 51.104801], [46.068909899999994, 51.1063639], [46.068753199999996, 51.1063756], [46.0584386, 51.10714529999999], [46.0511256, 51.1076845], [46.0471089, 51.1079806], [46.003679899999995, 51.1111453], [46.00264599999999, 51.1112206], [45.98286199999999, 51.1127832], [45.9668331, 51.113281699999995], [45.96746209999999, 51.1109992], [45.94430919999999, 51.106998000000004], [45.929288899999996, 51.0975393], [45.9114361, 51.0892377], [45.8890987, 51.1128313], [45.85570349999999, 51.167257], [45.8391783, 51.2103874], [45.8484695, 51.247432399999994], [45.865237699999994, 51.312763], [45.872104199999995, 51.32268719999999], [45.87725399999999, 51.3286943], [45.888412, 51.3349152], [45.904998799999994, 51.3393255], [45.9141451, 51.3458901], [45.91882809999999, 51.3507976], [45.9483226, 51.3764885], [45.9732048, 51.3924735], [45.975562399999994, 51.393812499999996], [45.9791149, 51.39911670000001], [45.98266699999999, 51.4063457], [45.98308389999999, 51.4084403], [45.983445399999994, 51.4105913], [45.9833492, 51.4118099], [45.9825774, 51.434491599999994], [45.981335, 51.4454868], [45.981335, 51.4489708], [45.98378069999999, 51.452962500000005], [45.9935635, 51.46268640000001], [46.00350159999999, 51.47298849999999], [46.01526419999999, 51.489646], [46.0223296, 51.4997729], [46.02873499999999, 51.503035299999986], [46.03277229999999, 51.504316], [46.042483, 51.5077732], [46.0427492, 51.50786800000001], [46.0540848, 51.510815699999995], [46.059014999999995, 51.51163710000001], [46.062703, 51.5121445], [46.0716766, 51.5136068], [46.077513100000004, 51.5148353], [46.0849804, 51.5143546], [46.091246, 51.5113099], [46.0994858, 51.5108826], [46.10643809999999, 51.51109619999999], [46.112446199999994, 51.5114702], [46.11761829999999, 51.512226500000004], [46.12205929999999, 51.51269879999999], [46.13064229999999, 51.514781899999996], [46.146089599999996, 51.5181357], [46.155251299999996, 51.520962], [46.162200199999994, 51.523015199999996], [46.1735939, 51.525667799999994], [46.1813182, 51.52985410000001], [46.187741599999995, 51.5341573], [46.1900799, 51.5371019]]]]}}, {"type": "Feature", "properties": {"id": "mo-63775000", "name": "ГО ЗАТО Светлый", "region": "Саратовская область", "isCity": false, "sourceOktmo": "63-775-000-000", "sourceAgg": "Саратов", "excelNames": ["(ЗАТО) Светлый"], "oktmo": "63775000", "vgp": [{"year": 2019, "value": 0.0}, {"year": 2020, "value": 0.0}, {"year": 2021, "value": 0.0}, {"year": 2022, "value": 0.0}, {"year": 2023, "value": 0.0}, {"year": 2024, "value": 0.0}], "population": [{"year": 2019, "value": 12884.0}, {"year": 2020, "value": 12913.0}, {"year": 2021, "value": 12876.0}, {"year": 2022, "value": 12750.0}, {"year": 2023, "value": 12858.0}, {"year": 2024, "value": 13035.0}, {"year": 2025, "value": 13069.0}], "shipments": [{"year": 2019, "value": 0.0}, {"year": 2020, "value": 0.0}, {"year": 2021, "value": 0.0}, {"year": 2022, "value": 0.0}, {"year": 2023, "value": 0.0}, {"year": 2024, "value": 0.0}], "employees": [{"year": 2019, "value": 0.0}, {"year": 2020, "value": 0.0}, {"year": 2021, "value": 0.0}, {"year": 2022, "value": 0.0}, {"year": 2023, "value": 0.0}, {"year": 2024, "value": 0.0}], "investments": [{"year": 2019, "value": 0.0}, {"year": 2020, "value": 0.0}, {"year": 2021, "value": 0.0}, {"year": 2022, "value": 0.0}, {"year": 2023, "value": 0.0}, {"year": 2024, "value": 0.0}], "vgp2024": 0.0, "pop2024": 13035.0, "ship2024": 0.0, "emp2024": 0.0, "inv2024": 0.0}, "geometry": {"type": "MultiPolygon", "coordinates": [[[[45.63481089999999, 51.68369270000001], [45.63622039999999, 51.6827713], [45.6356275, 51.68222190000001], [45.63633949999999, 51.6812501], [45.63714060000001, 51.68043759999999], [45.63832729999999, 51.6798642], [45.6391828, 51.679594399999985], [45.6416007, 51.6788003], [45.6429408, 51.6783435], [45.64386549999999, 51.67799699999999], [45.6442709, 51.677466499999994], [45.6445281, 51.677267199999996], [45.6443006, 51.6771722], [45.642733099999994, 51.6767613], [45.6429655, 51.676500699999984], [45.642832, 51.6763167], [45.6425403, 51.67604070000001], [45.64211499999999, 51.6758138], [45.6415513, 51.675501100000005], [45.64118539999999, 51.675185199999994], [45.6410568, 51.6750595], [45.640414, 51.6748939], [45.64011239999999, 51.6747897], [45.6397267, 51.6746977], [45.6393691, 51.67469570000001], [45.6391778, 51.67469460000001], [45.638782199999994, 51.6747559], [45.6386141, 51.674621], [45.63843119999999, 51.674434], [45.6382581, 51.6742439], [45.6379218, 51.67401689999999], [45.6376746, 51.67384520000001], [45.637368, 51.673673500000014], [45.6370268, 51.67352939999998], [45.6366609, 51.673431300000004], [45.63630489999999, 51.67332089999999], [45.6361121, 51.6732258], [45.636151399999996, 51.673073200000005], [45.636227399999996, 51.67284359999999], [45.6364244, 51.6726419], [45.63614429999999, 51.67241429999999], [45.6354393, 51.672144800000005], [45.634521799999995, 51.671821400000006], [45.63412579999999, 51.6713602], [45.6343286, 51.671000799999995], [45.633662199999996, 51.670336], [45.6321267, 51.6699407], [45.6309677, 51.6696112], [45.629847399999996, 51.669335700000005], [45.6295326, 51.668926299999995], [45.6293889, 51.66873940000001], [45.6288202, 51.6685324], [45.62798579999999, 51.6685247], [45.6265394, 51.668716399999994], [45.6255047, 51.6669937], [45.6253651, 51.6667613], [45.6250746, 51.6667421], [45.62503319999999, 51.666754999999995], [45.6240053, 51.6670756], [45.622868, 51.6674743], [45.6220026, 51.6676928], [45.6210817, 51.667964999999995], [45.61877, 51.668632], [45.61787369999999, 51.668923400000004], [45.6173298, 51.66922619999999], [45.61670389999999, 51.66965720000001], [45.61638369999999, 51.6697432], [45.615891100000006, 51.669800300000006], [45.6152715, 51.6697191], [45.6151139, 51.6697752], [45.61501619999999, 51.66981], [45.61454899999999, 51.6701098], [45.61438359999999, 51.670215899999995], [45.615091400000004, 51.6706324], [45.6149617, 51.670736899999994], [45.614718, 51.6706018], [45.6142332, 51.67037510000001], [45.6137829, 51.67016499999999], [45.613608799999994, 51.6702809], [45.613534200000004, 51.670331], [45.61416719999999, 51.670607], [45.6129903, 51.67138889999999], [45.613529299999996, 51.67170790000001], [45.6141227, 51.672042100000006], [45.6139941, 51.672063599999994], [45.6137914, 51.672127999999994], [45.613519399999994, 51.6722353], [45.6132425, 51.6723334], [45.61300779999999, 51.67242579999999], [45.612930999999996, 51.67245609999999], [45.61269359999999, 51.672563399999994], [45.6124859, 51.67267379999999], [45.612535400000006, 51.672716799999996], [45.6129606, 51.6729989], [45.6132425, 51.6729835], [45.61346999999999, 51.6729958], [45.613707299999994, 51.6730817], [45.613944700000005, 51.67323499999999], [45.6144144, 51.67355700000001], [45.614562799999995, 51.673649], [45.6146913, 51.6738606], [45.614715999999994, 51.6740752], [45.6147259, 51.67433590000001], [45.614869299999995, 51.6745536], [45.614805, 51.6746425], [45.6145776, 51.6747897], [45.61415730000001, 51.6749399], [45.613672699999995, 51.6750074], [45.6134304, 51.67505339999999], [45.61291609999999, 51.6750779], [45.613198999999994, 51.6760934], [45.6127901, 51.67637479999999], [45.6124462, 51.6764223], [45.6120809, 51.676536299999995], [45.61169099999999, 51.67672669999999], [45.61124349999999, 51.676508599999984], [45.6109125, 51.6766391], [45.6102535, 51.677090199999995], [45.6098958, 51.67745649999999], [45.6098519, 51.67750139999999], [45.6096245, 51.677548999999985], [45.6094334, 51.67766729999999], [45.60918589999999, 51.6777479], [45.6089926, 51.677829900000006], [45.6087907, 51.67785729999999], [45.60868049999999, 51.6779958], [45.608566499999995, 51.678078], [45.6084839, 51.6781311], [45.60844110000001, 51.6782485], [45.6085497, 51.6784226], [45.609108199999994, 51.6785369], [45.609414099999995, 51.6786107], [45.6097297, 51.6787113], [45.6099408, 51.6788512], [45.6102319, 51.678955599999995], [45.61040369999999, 51.6791106], [45.6105802, 51.679182499999996], [45.61056839999999, 51.6793523], [45.61057159999999, 51.67946979999999], [45.61056109999999, 51.6796217], [45.6107399, 51.6799237], [45.61100609999999, 51.680338799999994], [45.61121229999999, 51.6807986], [45.6116318, 51.68125980000001], [45.612276, 51.6815458], [45.6123618, 51.6816909], [45.61226909999999, 51.68189640000001], [45.6121324, 51.681997], [45.6117639, 51.6821392], [45.6115507, 51.682303000000005], [45.61143479999999, 51.682534399999994], [45.6114325, 51.682887900000004], [45.6116341, 51.68308609999999], [45.6120304, 51.68315509999999], [45.6130153, 51.68302870000001], [45.614197299999994, 51.6826982], [45.614688599999994, 51.68264069999999], [45.6154, 51.682711100000006], [45.6158728, 51.6828893], [45.6160675, 51.68304450000001], [45.6163757, 51.6831436], [45.61666999999999, 51.68323850000001], [45.6170048, 51.6832873], [45.617303, 51.68341119999999], [45.6174538, 51.6835626], [45.61754619999999, 51.683717], [45.617469699999994, 51.68402300000001], [45.61736309999999, 51.6843363], [45.6173315, 51.68485660000001], [45.6173774, 51.6851289], [45.6173774, 51.6854459], [45.6175, 51.6856409], [45.6177819, 51.6858096], [45.61831939999999, 51.6859457], [45.6188011, 51.6860575], [45.6190666, 51.6862891], [45.619119, 51.686537], [45.6190207, 51.68664880000001], [45.6188077, 51.6867036], [45.6186209, 51.6868134], [45.6185357, 51.687004300000005], [45.6185684, 51.68724], [45.61865689999999, 51.687622], [45.6188831, 51.6880772], [45.61889289999999, 51.6883088], [45.6188339, 51.68849569999998], [45.6189027, 51.6886501], [45.61927339999999, 51.68883269999999], [45.6195839, 51.688930400000004], [45.61973689999999, 51.688930400000004], [45.6199501, 51.688826999999996], [45.620260699999996, 51.6887322], [45.6206778, 51.688677600000005], [45.6210393, 51.688729300000006], [45.621285, 51.688907399999984], [45.621590899999994, 51.6893585], [45.62180409999999, 51.6895597], [45.622188799999996, 51.68976369999999], [45.6225225, 51.689821200000004], [45.6227311, 51.6899505], [45.6227821, 51.690125699999996], [45.6226848, 51.6902579], [45.6224164, 51.6903324], [45.62233609999999, 51.6904218], [45.6224246, 51.690535600000004], [45.62285839999999, 51.690790099999994], [45.6253759, 51.6893363], [45.62735969999999, 51.6881941], [45.62910299999999, 51.6870827], [45.6338333, 51.68413579999999], [45.63481089999999, 51.68369270000001]]]]}}]}