{"type": "FeatureCollection", "features": [{"type": "Feature", "properties": {"id": "city-78701000", "name": "ГО Ярославль", "region": "Ярославская область", "isCity": true, "sourceOktmo": "78-701-000-000", "sourceAgg": "Ярославль", "excelNames": ["ГО Ярославль"], "oktmo": "78701000", "vgp": [{"year": 2019, "value": 403419320.8795911}, {"year": 2020, "value": 405056544.30985546}, {"year": 2021, "value": 455298863.6154357}, {"year": 2022, "value": 554791743.7317327}, {"year": 2023, "value": 636303037.9179221}, {"year": 2024, "value": 713902970.6542836}], "population": [{"year": 2019, "value": 609828.0}, {"year": 2020, "value": 608353.0}, {"year": 2021, "value": 601403.0}, {"year": 2022, "value": 593958.0}, {"year": 2023, "value": 570824.0}, {"year": 2024, "value": 567443.0}, {"year": 2025, "value": 563717.0}], "shipments": [{"year": 2019, "value": 295069054.5}, {"year": 2020, "value": 297871917.8}, {"year": 2021, "value": 376346471.1}, {"year": 2022, "value": 393415886.7}, {"year": 2023, "value": 451818829.1}, {"year": 2024, "value": 485773726.7}], "employees": [{"year": 2019, "value": 166816.0}, {"year": 2020, "value": 164490.0}, {"year": 2021, "value": 163927.0}, {"year": 2022, "value": 162082.0}, {"year": 2023, "value": 160889.0}, {"year": 2024, "value": 160990.0}], "investments": [{"year": 2019, "value": 39742989.0}, {"year": 2020, "value": 45468430.0}, {"year": 2021, "value": 57331955.0}, {"year": 2022, "value": 61300735.0}, {"year": 2023, "value": 76303117.0}, {"year": 2024, "value": 83765190.0}], "vgp2024": 713902970.6542836, "pop2024": 567443.0, "ship2024": 485773726.7, "emp2024": 160990.0, "inv2024": 83765190.0}, "geometry": {"type": "MultiPolygon", "coordinates": [[[[39.77538439999999, 57.654425999999994], [39.7743841, 57.655977699999994], [39.76550819999999, 57.6671319], [39.7628796, 57.67068940000001], [39.7618389, 57.67181969999999], [39.76096989999999, 57.6726344], [39.7600871, 57.67330819999999], [39.7580409, 57.6749063], [39.75557129999999, 57.67650729999998], [39.75463799999999, 57.676944000000006], [39.7467039, 57.68313320000001], [39.7480823, 57.68483810000001], [39.74825789999999, 57.68520579999999], [39.74729769999999, 57.688504099999996], [39.7456331, 57.6935146], [39.7445832, 57.6963414], [39.7441554, 57.69700060000001], [39.7463546, 57.6995763], [39.7493231, 57.700058], [39.7495487, 57.700094599999986], [39.7492998, 57.6997898], [39.7529983, 57.699778900000005], [39.75379229999999, 57.6993375], [39.754833, 57.699819100000006], [39.758024799999994, 57.70123220000001], [39.75942489999999, 57.7017453], [39.7590923, 57.702209700000004], [39.7589743, 57.7027256], [39.7587061, 57.7040899], [39.7584486, 57.7087099], [39.75849149999999, 57.7097645], [39.7583735, 57.710280300000015], [39.7582984, 57.71154689999999], [39.7581279, 57.7125915], [39.75809449999999, 57.712779100000006], [39.757203999999994, 57.7132433], [39.75563759999999, 57.714223299999986], [39.754328699999995, 57.7147448], [39.7533631, 57.71516879999999], [39.75004789999999, 57.71670460000001], [39.7488034, 57.7172375], [39.747591, 57.7175355], [39.7464001, 57.71782200000001], [39.74599239999999, 57.7179824], [39.7458851, 57.718183], [39.7450268, 57.718687200000005], [39.744951699999994, 57.7188935], [39.7451019, 57.71926020000001], [39.74547739999999, 57.719672799999984], [39.7461319, 57.720188500000006], [39.74768759999999, 57.7210365], [39.746346499999994, 57.72128279999998], [39.745198499999994, 57.7215865], [39.7443294, 57.72147189999998], [39.743642799999996, 57.721500599999985], [39.7425806, 57.72132870000001], [39.741260999999994, 57.7215922], [39.7401345, 57.721769800000004], [39.7398126, 57.7222855], [39.73909379999999, 57.7226006], [39.736089699999994, 57.7211854], [39.73397609999999, 57.7202687], [39.7336542, 57.71986189999999], [39.72983479999999, 57.717695899999995], [39.7298777, 57.7184466], [39.730017200000006, 57.7200681], [39.729394899999996, 57.7245829], [39.729158899999995, 57.7268974], [39.7296953, 57.727037799999984], [39.731487, 57.7274445], [39.7317123, 57.727561900000005], [39.7321308, 57.72777389999999], [39.7332358, 57.7283754], [39.733718599999996, 57.7285014], [39.7355962, 57.7288566], [39.74050999999999, 57.729859], [39.7309641, 57.73762200000001], [39.7331412, 57.739062799999985], [39.7330213, 57.739232099999995], [39.7329929, 57.739432199999996], [39.7325653, 57.7397704], [39.732374799999995, 57.7398348], [39.7321967, 57.740114899999995], [39.7322702, 57.74013980000001], [39.7317231, 57.74112480000001], [39.7319967, 57.74176610000001], [39.7316437, 57.743397800000004], [39.7317499, 57.7434582], [39.7356814, 57.74381289999999], [39.7360146, 57.7436873], [39.7374683, 57.74363069999998], [39.738326699999995, 57.74372449999999], [39.73921990000001, 57.74368160000001], [39.7415768, 57.7431795], [39.742998199999995, 57.74257829999999], [39.74391729999999, 57.7421565], [39.748560299999994, 57.74385889999999], [39.7490526, 57.744682], [39.750945099999996, 57.745541599999996], [39.753443, 57.74513220000001], [39.754891, 57.745227199999995], [39.7563821, 57.74571559999998], [39.7574656, 57.7461808], [39.757781099999995, 57.74663700000002], [39.7588758, 57.74672460000001], [39.7594485, 57.74698020000001], [39.760335899999994, 57.746664900000006], [39.761081299999994, 57.7466374], [39.7615912, 57.7469604], [39.762821699999996, 57.7467172], [39.7629585, 57.746473999999985], [39.7630952, 57.74627939999999], [39.7641434, 57.74627939999999], [39.7643712, 57.7461335], [39.7650093, 57.746060500000006], [39.7653738, 57.745793], [39.76528269999999, 57.7453795], [39.7660119, 57.7452337], [39.76590989999999, 57.7447043], [39.76599629999999, 57.7444001], [39.76638979999999, 57.7441449], [39.766832199999996, 57.743823], [39.7675614, 57.7435311], [39.7680627, 57.7431906], [39.76742469999999, 57.742995999999984], [39.76728789999999, 57.74231489999999], [39.7680171, 57.74204729999999], [39.76924759999999, 57.74141490000001], [39.7694755, 57.7408068], [39.7700679, 57.740563499999986], [39.77125279999999, 57.73927429999999], [39.7797128, 57.7393592], [39.7792879, 57.741777400000004], [39.7787523, 57.74434060000001], [39.7782532, 57.74672880000001], [39.77680459999999, 57.7536612], [39.7761346, 57.7600795], [39.7758275, 57.763022], [39.7751761, 57.7691455], [39.7747558, 57.7736931], [39.7822814, 57.77527520000001], [39.785453399999994, 57.7746138], [39.7873201, 57.7738205], [39.787553499999994, 57.7730739], [39.78859109999999, 57.7725365], [39.78944359999999, 57.7723406], [39.790315899999996, 57.7725015], [39.7912408, 57.7726904], [39.7923828, 57.7730964], [39.7932675, 57.7732604], [39.79410359999999, 57.773438500000005], [39.79506610000001, 57.77029660000001], [39.795941199999994, 57.770312100000005], [39.7962037, 57.7691299], [39.797312, 57.76930099999999], [39.7983912, 57.767480899999995], [39.79850789999999, 57.76580090000001], [39.8086552, 57.7591988], [39.8105382, 57.75382559999999], [39.81174169999999, 57.7504976], [39.812380899999994, 57.7501822], [39.8148555, 57.750493899999995], [39.8172085, 57.7471222], [39.81762069999999, 57.7464854], [39.813295, 57.745956], [39.814821599999995, 57.7427972], [39.8166934, 57.7431048], [39.8200764, 57.7437028], [39.8245764, 57.744294399999994], [39.8294697, 57.74479999999999], [39.8318995, 57.740420799999995], [39.8327155, 57.7382156], [39.82320479999999, 57.73741540000001], [39.8212211, 57.7399123], [39.81737029999999, 57.73911510000001], [39.8215564, 57.733309000000006], [39.8220243, 57.7331824], [39.826404, 57.7305553], [39.827104, 57.7305553], [39.8300207, 57.7287022], [39.83757969999999, 57.7238427], [39.8291964, 57.7167041], [39.8310962, 57.714560500000005], [39.8298177, 57.71427980000001], [39.826482799999994, 57.7135832], [39.827436199999994, 57.71200290000001], [39.828329, 57.7111626], [39.830200399999995, 57.71006760000001], [39.8494751, 57.70307529999999], [39.850535199999996, 57.70142210000001], [39.8540711, 57.7008502], [39.85549499999999, 57.699252800000004], [39.8549033, 57.698048500000006], [39.85470509999999, 57.697518200000005], [39.8499425, 57.69546079999999], [39.8533252, 57.694347099999995], [39.8564504, 57.692721799999994], [39.8555462, 57.6923165], [39.855108699999995, 57.6925659], [39.85449619999999, 57.69223850000001], [39.8563045, 57.691225200000005], [39.8571992, 57.6912179], [39.860914099999995, 57.688971699999996], [39.8608849, 57.687256699999985], [39.86348079999999, 57.68811420000001], [39.86630999999999, 57.68490429999999], [39.87061239999999, 57.686693500000004], [39.8762909, 57.6933916], [39.8886512, 57.690417700000005], [39.888513499999995, 57.6892434], [39.8880278, 57.68880800000001], [39.888388199999994, 57.688648900000004], [39.8879932, 57.688340600000004], [39.8888408, 57.6880299], [39.8885374, 57.68708729999999], [39.889482599999994, 57.68675360000001], [39.889480899999995, 57.6861106], [39.889519899999996, 57.686007], [39.88942589999999, 57.6852032], [39.8886075, 57.6851541], [39.8884508, 57.6849811], [39.888267199999994, 57.6849459], [39.88607489999999, 57.68478009999999], [39.8847224, 57.6848722], [39.8846806, 57.684757700000006], [39.8857093, 57.6846489], [39.888221099999996, 57.6847549], [39.8881292, 57.683816400000005], [39.8875996, 57.68380299999998], [39.8875683, 57.6837556], [39.8863673, 57.683708100000004], [39.8863568, 57.6836411], [39.88861789999999, 57.6836886], [39.888644, 57.6838533], [39.8901859, 57.68386949999999], [39.89013299999999, 57.68469180000001], [39.8918979, 57.6846979], [39.89204349999999, 57.68454559999999], [39.8920487, 57.684009599999996], [39.89138549999999, 57.68396490000001], [39.8914743, 57.6826948], [39.89157349999999, 57.68269200000001], [39.89162569999999, 57.6823933], [39.8920278, 57.68234299999999], [39.89209569999999, 57.6818991], [39.89305649999999, 57.6818489], [39.8933437, 57.6819187], [39.8933711, 57.6825901], [39.897501, 57.6826599], [39.8979436, 57.680765900000004], [39.898685699999994, 57.679461899999986], [39.8996873, 57.67848120000001], [39.9022482, 57.6769009], [39.903094, 57.67737000000001], [39.9028886, 57.67752920000001], [39.9073008, 57.6796667], [39.9119896, 57.6775102], [39.93825819999999, 57.6694606], [39.9390437, 57.67012960000002], [39.9393701, 57.6703776], [39.940342699999995, 57.67134349999999], [39.9449153, 57.669993], [39.94283209999999, 57.667871000000005], [39.947904099999995, 57.663540299999994], [39.9502757, 57.66390930000001], [39.953137000000005, 57.664361299999996], [39.9542058, 57.664799800000004], [39.9546381, 57.6649158], [39.959630399999995, 57.6653459], [39.959756399999996, 57.665337300000004], [39.9598737, 57.66487430000001], [39.9608972, 57.6632052], [39.960667799999996, 57.6620272], [39.9647717, 57.661880100000005], [39.9651175, 57.66160810000001], [39.965850399999994, 57.66105170000001], [39.9664464, 57.6598888], [39.966526, 57.6594404], [39.9642495, 57.6594153], [39.9641675, 57.6584761], [39.9662798, 57.65778040000001], [39.975220699999994, 57.65713929999999], [39.9751539, 57.65431900000001], [39.9749618, 57.65420999999999], [39.9711198, 57.65423349999998], [39.9709246, 57.65432500000001], [39.9703583, 57.65430670000001], [39.9703144, 57.654121199999985], [39.968401699999994, 57.654125], [39.968233700000006, 57.654365], [39.9682365, 57.65441650000001], [39.9682397, 57.6552138], [39.9682369, 57.6554809], [39.9679408, 57.6554964], [39.966574099999995, 57.6555755], [39.9654394, 57.6556523], [39.9654024, 57.65564319999999], [39.962964299999996, 57.65388980000001], [39.963660499999996, 57.6533856], [39.96362919999999, 57.65320530000001], [39.9681042, 57.648971700000004], [39.9668033, 57.6485391], [39.9675697, 57.647913599999995], [39.9654105, 57.647085600000004], [39.960335, 57.6453418], [39.960156299999994, 57.645278999999995], [39.9572369, 57.644282699999984], [39.9602904, 57.641747099999996], [39.965968399999994, 57.63703179999999], [39.96754339999999, 57.6351583], [39.96811329999999, 57.6340496], [39.968739199999995, 57.6328318], [39.9688559, 57.6307231], [39.96713509999999, 57.630707400000006], [39.9639558, 57.6316287], [39.95623069999999, 57.631676500000005], [39.9560183, 57.62848120000001], [39.9552466, 57.6284976], [39.94730189999999, 57.6300432], [39.944151399999996, 57.629224], [39.9435681, 57.627318800000005], [39.9465139, 57.62724069999999], [39.9476515, 57.6262256], [39.9491973, 57.626381800000004], [39.950130699999995, 57.6248825], [39.9414972, 57.6235706], [39.94207419999999, 57.61924799999999], [39.9509748, 57.6197835], [39.9581009, 57.6148189], [39.95790220000001, 57.6156668], [39.95960999999999, 57.616151099999996], [39.963984999999994, 57.61608859999998], [39.9668062, 57.62057120000001], [39.9662218, 57.6210905], [39.96608499999999, 57.621212099999994], [39.9628183, 57.621727500000006], [39.96252669999999, 57.622446], [39.96374809999999, 57.62304799999998], [39.96449739999999, 57.6234173], [39.96479659999999, 57.6235648], [39.9650934, 57.62371110000001], [39.96512249999999, 57.624695100000004], [39.96036829999999, 57.625272900000006], [39.96030999999999, 57.62596010000001], [39.9649475, 57.62599130000001], [39.964889199999995, 57.62641300000001], [39.9691184, 57.626381800000004], [39.97046009999999, 57.6256477], [39.9854707, 57.6259455], [39.9855026, 57.61194400000001], [39.990410399999995, 57.60954260000001], [39.9924812, 57.6079176], [39.991781200000005, 57.6061988], [39.9902354, 57.60615190000001], [39.9897104, 57.605511199999995], [39.9896229, 57.604198600000004], [39.990702, 57.603511], [39.9860061, 57.601401300000006], [39.982506099999995, 57.603698599999994], [39.978831, 57.60218270000001], [39.9790868, 57.6017023], [39.9802602, 57.6004324], [39.976556, 57.5991977], [39.9762224, 57.5990516], [39.97789199999999, 57.5980135], [39.986769599999995, 57.5925708], [39.988082799999994, 57.5917637], [39.9840471, 57.5895521], [39.989519, 57.58630240000001], [39.98623069999999, 57.58445500000001], [39.9773451, 57.58889520000001], [39.97192509999999, 57.591912900000004], [39.9693756, 57.5934433], [39.96762679999999, 57.59449080000001], [39.9634155, 57.59697340000001], [39.961739699999995, 57.5979613], [39.96029909999999, 57.598893899999986], [39.95900819999999, 57.59964319999999], [39.9574067, 57.60062219999999], [39.9565616, 57.60102040000001], [39.955476000000004, 57.60142249999999], [39.9532168, 57.60182669999998], [39.9491757, 57.60224660000001], [39.9460065, 57.60257159999999], [39.94907659999999, 57.59980620000001], [39.9476806, 57.59378980000001], [39.94555139999999, 57.59388349999998], [39.94336510000001, 57.595302000000004], [39.93938279999999, 57.595107], [39.9390472, 57.59504020000001], [39.94033050000001, 57.5933208], [39.94100139999999, 57.5934771], [39.9446764, 57.5888812], [39.94838059999999, 57.58292449999999], [39.9493154, 57.58304979999998], [39.9505935, 57.5832211], [39.9513377, 57.5833208], [39.9517563, 57.583376900000005], [39.95207059999999, 57.58342110000001], [39.9523375, 57.583451600000004], [39.9539807, 57.58272119999999], [39.954126499999994, 57.5783742], [39.95444739999999, 57.5774515], [39.9550016, 57.5764038], [39.9545932, 57.5759815], [39.9568391, 57.5745427], [39.959055799999994, 57.5734636], [39.961972499999995, 57.5734949], [39.9620892, 57.5729005], [39.9634017, 57.5719621], [39.962759999999996, 57.5715398], [39.961972499999995, 57.5712114], [39.959785, 57.5724157], [39.9569266, 57.5709611], [39.95826830000001, 57.570100800000006], [39.96929339999999, 57.565501999999995], [39.9774602, 57.56227930000001], [39.9893895, 57.55731960000001], [39.9940271, 57.5558331], [39.9982563, 57.55484729999999], [40.00143549999999, 57.5543466], [40.002268, 57.55429319999998], [40.0033332, 57.5542977], [40.0032858, 57.55088630000001], [40.003223799999994, 57.5464219], [39.9938029, 57.5471262], [39.993132, 57.546797600000005], [39.9909737, 57.547000999999995], [39.990390299999994, 57.545702], [39.9884945, 57.5431506], [39.9885236, 57.5420549], [39.9877317, 57.5414899], [39.9870964, 57.5399738], [39.9864209, 57.53839270000001], [39.98583669999999, 57.53717629999999], [39.9825498, 57.53708629999999], [39.9806485, 57.5370901], [39.9780145, 57.537161199999986], [39.97735829999999, 57.53762], [39.9744188, 57.5368162], [39.972632600000004, 57.53655070000001], [39.9680875, 57.535364], [39.96677999999999, 57.535591399999994], [39.959755099999995, 57.5354244], [39.9582713, 57.5348844], [39.95553699999999, 57.534916499999994], [39.9535208, 57.5343875], [39.9521009, 57.5338924], [39.951922200000006, 57.53335759999999], [39.95234549999999, 57.5325882], [39.95209869999999, 57.5322939], [39.950022999999995, 57.53169099999999], [39.948877499999995, 57.5326562], [39.9458146, 57.5338654], [39.9432929, 57.5346517], [39.9414235, 57.535011400000016], [39.941166, 57.53475220000001], [39.9407905, 57.53485879999999], [39.9404876, 57.5345882], [39.9398357, 57.534832800000004], [39.9395943, 57.5347724], [39.9370595, 57.5369074], [39.9358445, 57.5379455], [39.93494869999999, 57.5376259], [39.933030099999996, 57.538508699999994], [39.9325454, 57.5383428], [39.9323952, 57.538466699999994], [39.9317837, 57.5383256], [39.93121059999999, 57.53841310000001], [39.9306089, 57.5381355], [39.93016899999999, 57.5377324], [39.93049619999999, 57.537500999999985], [39.929879299999996, 57.5367995], [39.93044789999999, 57.5365058], [39.93028799999999, 57.53568020000001], [39.9307269, 57.53522449999999], [39.9318963, 57.5346284], [39.93400139999999, 57.5336157], [39.93580159999999, 57.53303599999999], [39.93602159999999, 57.533237499999984], [39.93641099999999, 57.533164799999994], [39.9363278, 57.531159300000006], [39.9351618, 57.53080820000001], [39.929688299999995, 57.529407299999995], [39.92555719999999, 57.5292262], [39.9255717, 57.52900419999999], [39.9241876, 57.5276563], [39.92176289999999, 57.52683830000001], [39.92115269999999, 57.527067699999996], [39.92021799999999, 57.52645819999999], [39.92072219999999, 57.5261874], [39.920078499999995, 57.5257151], [39.9193904, 57.52575559999998], [39.9186516, 57.52659639999999], [39.91718169999999, 57.5273625], [39.91542210000001, 57.527810899999984], [39.9163556, 57.52850879999998], [39.9177263, 57.5289936], [39.9184155, 57.5293325], [39.918748099999995, 57.529753], [39.9173641, 57.5307782], [39.9183244, 57.53324610000001], [39.9116455, 57.53524740000001], [39.902467, 57.53934429999999], [39.901316099999995, 57.5419557], [39.90482149999999, 57.543490299999995], [39.9113879, 57.546364700000005], [39.9097501, 57.5466847], [39.8992575, 57.5488808], [39.8903672, 57.5507387], [39.8916101, 57.551941], [39.8920289, 57.5523462], [39.8928533, 57.5533849], [39.8933064, 57.553955900000005], [39.8976881, 57.5594764], [39.8846381, 57.561326300000005], [39.87921649999999, 57.5538223], [39.8744536, 57.5551541], [39.8581001, 57.55838560000001], [39.8583547, 57.5591854], [39.8557445, 57.5592517], [39.8565801, 57.560380800000004], [39.858787299999996, 57.56620469999999], [39.8614909, 57.5659932], [39.8621241, 57.5687991], [39.8607219, 57.56914209999999], [39.8601634, 57.568487000000005], [39.857559499999994, 57.569288799999995], [39.85483709999999, 57.570208800000024], [39.84836709999999, 57.572638399999995], [39.8459171, 57.57352559999999], [39.8434887, 57.57453579999999], [39.8395721, 57.571762199999995], [39.838886, 57.57202], [39.822337299999994, 57.56017619999999], [39.81543539999999, 57.5551655], [39.7967158, 57.541679800000004], [39.78160419999999, 57.5306297], [39.7710223, 57.5351756], [39.765397199999995, 57.5379882], [39.7653286, 57.5383181], [39.7755177, 57.5457206], [39.774301099999995, 57.546137400000006], [39.767325199999995, 57.546931900000004], [39.763892, 57.5461276], [39.75574129999999, 57.5401921], [39.751823, 57.54173110000001], [39.748685699999996, 57.542963300000004], [39.741712, 57.545702], [39.73635749999999, 57.5428455], [39.73375039999999, 57.54392219999999], [39.736170200000004, 57.54646890000001], [39.74553279999999, 57.5527602], [39.7573006, 57.5603655], [39.758352, 57.560941], [39.7717832, 57.569782100000005], [39.771753999999994, 57.57007930000001], [39.77898749999999, 57.5746463], [39.7858286, 57.57879429999999], [39.7887254, 57.58008280000001], [39.7910535, 57.58096849999999], [39.7960424, 57.58242950000002], [39.7958815, 57.582906900000005], [39.7947121, 57.5843159], [39.79586, 57.5849256], [39.79501249999999, 57.5857422], [39.7947013, 57.5856502], [39.7934675, 57.5867774], [39.792244399999994, 57.5878701], [39.7960853, 57.58922720000001], [39.794475999999996, 57.590733799999995], [39.794873, 57.5908776], [39.7943843, 57.59135090000001], [39.796853199999994, 57.5920718], [39.798035000000006, 57.592413100000016], [39.8008382, 57.593028100000005], [39.8016, 57.5933328], [39.79950780000001, 57.595448700000006], [39.8027372, 57.5964779], [39.80219009999999, 57.5970815], [39.8016, 57.5968803], [39.8005164, 57.59798419999999], [39.798542299999994, 57.5996974], [39.7982311, 57.6001458], [39.786381000000006, 57.6110101], [39.7868934, 57.61132539999999], [39.78709430000001, 57.61145330000001], [39.7872413, 57.6116751], [39.786547399999996, 57.6125897], [39.790817, 57.6139327], [39.790869799999996, 57.6138814], [39.8011279, 57.617112199999994], [39.80003889999999, 57.6181809], [39.79952389999999, 57.6185343], [39.7976839, 57.620266699999995], [39.7953236, 57.621286500000004], [39.7949427, 57.621421500000004], [39.7930652, 57.6221425], [39.79225519999999, 57.6225246], [39.7914022, 57.622820499999996], [39.7908872, 57.62322549999998], [39.78941199999999, 57.624296999999984], [39.7885269, 57.624937499999994], [39.78805479999999, 57.625494800000006], [39.78798509999999, 57.625790599999995], [39.7881567, 57.6259773], [39.7884035, 57.62609799999999], [39.78916529999999, 57.6265518], [39.78983039999999, 57.626982600000005], [39.791611399999994, 57.6265719], [39.792126399999994, 57.6269539], [39.7928077, 57.6269597], [39.793059799999995, 57.626885], [39.793177799999995, 57.6267299], [39.7936606, 57.62629899999999], [39.794057599999995, 57.6262014], [39.7948515, 57.62590260000001], [39.7957635, 57.625615399999994], [39.7962835, 57.62540760000001], [39.7971153, 57.62528220000001], [39.7979307, 57.6253684], [39.79891779999999, 57.6255407], [39.7995783, 57.62562409999999], [39.7991323, 57.6260463], [39.7987568, 57.62629899999999], [39.7984671, 57.626586299999985], [39.7981024, 57.6271837], [39.7979844, 57.6278903], [39.7978127, 57.628861], [39.7974372, 57.6294814], [39.79685779999999, 57.63002710000001], [39.7948086, 57.62942970000001], [39.7928989, 57.6303545], [39.79122519999999, 57.631038], [39.7879422, 57.63214090000001], [39.7863436, 57.6325601], [39.78265280000001, 57.633393], [39.7796875, 57.6339494], [39.775399900000004, 57.6345427], [39.773629899999996, 57.63470820000001], [39.77243899999999, 57.6347542], [39.7698104, 57.6347542], [39.7677719, 57.63463349999999], [39.767063799999995, 57.63466230000001], [39.76766469999999, 57.63534], [39.7682011, 57.6360062], [39.768394199999996, 57.636264600000004], [39.76865169999999, 57.63659769999999], [39.7694886, 57.63794729999999], [39.77180599999999, 57.6378095], [39.7730374, 57.63768100000001], [39.7765964, 57.637065799999995], [39.776961199999995, 57.6374103], [39.7773957, 57.63777790000001], [39.77842029999999, 57.638544499999995], [39.7767842, 57.6391676], [39.777079199999996, 57.6395839], [39.77619949999999, 57.63978779999999], [39.7767681, 57.6404482], [39.777690799999995, 57.6402386], [39.77861879999999, 57.6411315], [39.779568299999994, 57.64194690000001], [39.7786403, 57.6423288], [39.77725089999999, 57.642894399999996], [39.7760653, 57.643106800000005], [39.776236999999995, 57.6433738], [39.7762263, 57.643804499999995], [39.7768593, 57.64444179999999], [39.776692999999995, 57.6446255], [39.7767895, 57.64490980000001], [39.7752941, 57.6455431], [39.774482799999994, 57.645799700000005], [39.774541799999994, 57.6462131], [39.7747457, 57.6466667], [39.7751319, 57.6466667], [39.775614700000006, 57.646534599999995], [39.7761834, 57.647008299999996], [39.7765481, 57.6472379], [39.7774118, 57.647723100000015], [39.7785008, 57.64825700000001], [39.77998589999999, 57.648961799999995], [39.7752285, 57.652714800000005], [39.77538439999999, 57.654425999999994]]]]}}, {"type": "Feature", "properties": {"id": "mo-78715000", "name": "ГО Рыбинск", "region": "Ярославская область", "isCity": false, "sourceOktmo": "78-715-000-000", "sourceAgg": "Ярославль", "excelNames": ["ГО Рыбинск"], "oktmo": "78715000", "vgp": [{"year": 2019, "value": 110621407.65562123}, {"year": 2020, "value": 108533820.34553613}, {"year": 2021, "value": 120123382.55619437}, {"year": 2022, "value": 155018549.51272216}, {"year": 2023, "value": 187341017.58854875}, {"year": 2024, "value": 208869601.16019714}], "population": [{"year": 2019, "value": 186575.0}, {"year": 2020, "value": 184635.0}, {"year": 2021, "value": 182383.0}, {"year": 2022, "value": 179575.0}, {"year": 2023, "value": 173910.0}, {"year": 2024, "value": 171810.0}, {"year": 2025, "value": 169579.0}], "shipments": [{"year": 2019, "value": 101993956.0}, {"year": 2020, "value": 101493685.6}, {"year": 2021, "value": 114442089.0}, {"year": 2022, "value": 119505229.1}, {"year": 2023, "value": 148319198.7}, {"year": 2024, "value": 152019186.9}], "employees": [{"year": 2019, "value": 53865.0}, {"year": 2020, "value": 52121.0}, {"year": 2021, "value": 51061.0}, {"year": 2022, "value": 49739.0}, {"year": 2023, "value": 50178.0}, {"year": 2024, "value": 49857.0}], "investments": [{"year": 2019, "value": 11791871.0}, {"year": 2020, "value": 6278435.0}, {"year": 2021, "value": 7568608.0}, {"year": 2022, "value": 6625650.0}, {"year": 2023, "value": 10292981.0}, {"year": 2024, "value": 18541118.0}], "vgp2024": 208869601.16019714, "pop2024": 171810.0, "ship2024": 152019186.9, "emp2024": 49857.0, "inv2024": 18541118.0}, "geometry": {"type": "MultiPolygon", "coordinates": [[[[38.8968629, 58.00541], [38.8968763, 58.00438890000001], [38.89640519999999, 58.003578999999995], [38.89540579999999, 58.00286280000001], [38.8948775, 58.00280079999999], [38.891132, 58.00341239999999], [38.8870537, 58.00385689999999], [38.88358960000001, 58.0044407], [38.88328359999999, 58.0050462], [38.8832263, 58.00505119999998], [38.8808715, 58.00525699999999], [38.880432, 58.0047682], [38.8796864, 58.00483830000001], [38.8783711, 58.005188200000006], [38.8769232, 58.0049327], [38.87731709999999, 58.004373699999995], [38.8769213, 58.0036753], [38.8763504, 58.00320989999999], [38.8753819, 58.00272], [38.87494579999999, 58.00253519999999], [38.8742932, 58.0023829], [38.8736384, 58.00234840000001], [38.8732457, 58.0024529], [38.87230759999999, 58.0027661], [38.8716308, 58.0027663], [38.87086699999999, 58.002824600000004], [38.8701688, 58.0029639], [38.869688599999996, 58.002963999999984], [38.8692736, 58.0027209], [38.868683399999995, 58.00216489999999], [38.8681594, 58.0019681], [38.867570099999995, 58.00197989999999], [38.8665665, 58.0022699], [38.8651484, 58.002896099999994], [38.8643415, 58.0034295], [38.8636653, 58.00380040000001], [38.8628303, 58.0039388], [38.8626524, 58.003910499999996], [38.8606544, 58.00356020000001], [38.8602101, 58.0037681], [38.8597716, 58.0039774], [38.859529099999996, 58.00476549999998], [38.8589086, 58.0047364], [38.8587163, 58.0054758], [38.8580543, 58.0054541], [38.8579589, 58.006705899999986], [38.857478199999996, 58.00673990000001], [38.857346899999996, 58.0076986], [38.856595799999994, 58.0076986], [38.8565315, 58.009347000000005], [38.856746, 58.0098244], [38.8575987, 58.0105158], [38.8572034, 58.0107036], [38.85732689999999, 58.01080249999998], [38.8614377, 58.01406699999999], [38.8642256, 58.016743399999996], [38.8644559, 58.01668409999999], [38.8663729, 58.0166489], [38.8664055, 58.01668360000001], [38.8663992, 58.01717579999999], [38.869016699999996, 58.01728920000001], [38.8688977, 58.0174081], [38.8687658, 58.0174771], [38.8682691, 58.0176417], [38.8679566, 58.01779230000001], [38.8675368, 58.0180307], [38.8672439, 58.01823989999999], [38.867176099999995, 58.0183001], [38.8670985, 58.018382599999995], [38.8669558, 58.018562100000004], [38.866842299999995, 58.0187171], [38.8668023, 58.0187747], [38.8667535, 58.0189193], [38.86671359999999, 58.01917429999999], [38.866612499999995, 58.01946710000001], [38.86650829999999, 58.01983880000001], [38.866009, 58.01988699999999], [38.8659352, 58.019923000000006], [38.8657332, 58.019913700000004], [38.8654614, 58.019888200000004], [38.86515359999999, 58.01993709999999], [38.8647039, 58.01993749999998], [38.8643799, 58.01981059999999], [38.86378249999999, 58.0196326], [38.86351559999999, 58.0195578], [38.8635585, 58.0190392], [38.86348079999999, 58.01860759999999], [38.863302899999994, 58.01834530000001], [38.8636378, 58.01827660000001], [38.8633667, 58.01764490000001], [38.8634405, 58.017205499999996], [38.8630104, 58.01690670000001], [38.8486352, 58.0168865], [38.847805099999995, 58.0165622], [38.8457955, 58.0151257], [38.8457505, 58.013016900000004], [38.843381699999995, 58.0108184], [38.8433039, 58.0107462], [38.8422985, 58.0085679], [38.845712, 58.00647029999998], [38.8415491, 58.0040209], [38.83079879999999, 58.0065335], [38.8250923, 58.0075421], [38.8248551, 58.007602199999994], [38.8317158, 58.012424900000006], [38.8292936, 58.0137322], [38.82282719999999, 58.015327799999994], [38.820087799999996, 58.0160037], [38.8225912, 58.019067899999996], [38.823721899999995, 58.019946399999995], [38.8204505, 58.0247462], [38.81972329999999, 58.0254962], [38.819416499999996, 58.025591799999994], [38.8191116, 58.0256708], [38.81892590000001, 58.02573279999999], [38.818769599999996, 58.02576039999998], [38.818609099999996, 58.0257695], [38.818322, 58.025810799999995], [38.8181994, 58.025861400000004], [38.8180221, 58.0259831], [38.8179884, 58.026157899999994], [38.8180434, 58.0263328], [38.81804759999999, 58.02643169999998], [38.8180093, 58.02655129999999], [38.8178276, 58.026838599999984], [38.81780210000001, 58.0269466], [38.81764119999999, 58.02714189999999], [38.8176454, 58.02721309999998], [38.8177124, 58.0273788], [38.818092, 58.027498900000005], [38.8185518, 58.02755969999999], [38.8196412, 58.027591999999984], [38.819889999999994, 58.0276363], [38.819005499999996, 58.0280341], [38.8110073, 58.0316603], [38.8078507, 58.031084500000006], [38.806348899999996, 58.033376399999995], [38.8048918, 58.032698200000006], [38.8039363, 58.032253499999996], [38.8037754, 58.03219809999999], [38.8034167, 58.0320451], [38.80014369999999, 58.035060900000005], [38.7956854, 58.03436450000001], [38.793664899999996, 58.0351784], [38.7927762, 58.03487819999999], [38.79204969999999, 58.03419230000001], [38.7882514, 58.03504840000001], [38.78623069999999, 58.035755], [38.7862714, 58.0365098], [38.786907, 58.0373815], [38.7887941, 58.03920060000001], [38.78797149999999, 58.0394101], [38.78104689999999, 58.041173300000004], [38.7746949, 58.04233389999998], [38.767273499999995, 58.04176929999999], [38.7662239, 58.0412332], [38.763844299999995, 58.038510699999996], [38.7558061, 58.03952910000001], [38.75254309999999, 58.039769899999996], [38.7421033, 58.04482519999999], [38.7454831, 58.04725289999998], [38.7505072, 58.0512824], [38.7397705, 58.055430599999994], [38.739528699999994, 58.055524], [38.72715779999999, 58.0603047], [38.729948799999995, 58.0630576], [38.7301797, 58.063297599999984], [38.7309236, 58.06407080000001], [38.7333351, 58.0665771], [38.7349442, 58.0665379], [38.7364084, 58.0667815], [38.7365921, 58.06649050000001], [38.73912490000001, 58.066475999999994], [38.7391228, 58.06736540000001], [38.741227499999994, 58.0677711], [38.7390225, 58.0710846], [38.738288499999996, 58.0717148], [38.7385483, 58.0719973], [38.7402977, 58.07389920000001], [38.7424291, 58.07616449999999], [38.74355539999999, 58.07750740000001], [38.744223999999996, 58.07885000000001], [38.7442526, 58.079642400000004], [38.750774899999996, 58.08355170000001], [38.75068099999999, 58.0836254], [38.7503457, 58.08388209999999], [38.7501392, 58.084015400000006], [38.749886999999994, 58.08417560000001], [38.7495679, 58.084348600000006], [38.7491199, 58.08454569999999], [38.748723000000005, 58.084711600000006], [38.7481651, 58.0849541], [38.747676899999995, 58.085176699999984], [38.7472531, 58.08534969999999], [38.7466094, 58.08560640000001], [38.7460703, 58.0858021], [38.7459871, 58.08582619999999], [38.7458879, 58.085843199999985], [38.74574839999999, 58.08585740000001], [38.74563839999999, 58.085851700000006], [38.745493599999996, 58.085851700000006], [38.74535139999999, 58.085868699999985], [38.7451905, 58.08589849999999], [38.7450537, 58.085932499999984], [38.74495180000001, 58.08596229999999], [38.7448794, 58.08598070000001], [38.7448177, 58.08599349999999], [38.7447479, 58.08601190000001], [38.7446678, 58.086032900000006], [38.7445897, 58.0860459], [38.744528, 58.0860686], [38.7444529, 58.08608989999998], [38.7443617, 58.086132400000004], [38.74426509999999, 58.086175000000004], [38.74408809999999, 58.0862969], [38.743935199999996, 58.0864259], [38.7438065, 58.0865309], [38.7436831, 58.0866089], [38.7435329, 58.086658500000006], [38.743283399999996, 58.0867393], [38.7429213, 58.0868683], [38.742513699999996, 58.08703849999999], [38.74227489999999, 58.08715049999999], [38.741926299999996, 58.087276700000004], [38.741620499999996, 58.0873717], [38.7412423, 58.0874596], [38.7409472, 58.087524800000004], [38.74066019999999, 58.087581500000006], [38.7401774, 58.0876765], [38.739694699999994, 58.0877772], [38.739329899999994, 58.08788639999999], [38.7389624, 58.087987000000005], [38.7386003, 58.0881161], [38.7381443, 58.0883075], [38.7373504, 58.08862930000001], [38.736991, 58.08875830000001], [38.736771, 58.0888264], [38.7365779, 58.08886470000001], [38.73625609999999, 58.08892], [38.7359825, 58.0889639], [38.7357652, 58.0889895], [38.7355211, 58.0890107], [38.7353173, 58.08905179999999], [38.7350705, 58.089110000000005], [38.734745999999994, 58.08920209999999], [38.73426589999999, 58.08933110000001], [38.73374009999999, 58.08949280000001], [38.7330696, 58.089691300000005], [38.73239639999999, 58.089902499999994], [38.731884099999995, 58.09003299999999], [38.7315702, 58.0901336], [38.73099359999999, 58.0903193], [38.73084339999999, 58.09037889999998], [38.730631499999994, 58.0904852], [38.7304518, 58.090551899999994], [38.73029079999999, 58.090593000000005], [38.729993099999994, 58.09064969999999], [38.7296337, 58.0906837], [38.729403, 58.09069650000001], [38.7291616, 58.0907248], [38.728936299999994, 58.09076449999999], [38.728729799999996, 58.0908056], [38.72846690000001, 58.09087230000001], [38.72788429999999, 58.09098240000001], [38.72768039999999, 58.0910323], [38.7274519, 58.091061200000006], [38.7272034, 58.091091799999994], [38.7269814, 58.0911067], [38.7266033, 58.09111639999999], [38.7260528, 58.0911324], [38.7258752, 58.0911477], [38.725532099999995, 58.09120029999999], [38.725339999999996, 58.0912207], [38.725113699999994, 58.0912317], [38.72438429999999, 58.09124109999999], [38.7240198, 58.091243699999985], [38.723722099999996, 58.09123520000001], [38.7233935, 58.091207600000004], [38.723251299999994, 58.09118540000001], [38.72302940000001, 58.0912354], [38.7220152, 58.09051669999999], [38.722015999999996, 58.09025009999999], [38.722343699999996, 58.08959139999999], [38.722078499999995, 58.08908929999999], [38.7220223, 58.0880068], [38.72125489999999, 58.087064999999996], [38.7213952, 58.0868221], [38.7209012, 58.0864529], [38.7203876, 58.08636509999999], [38.72018229999999, 58.0862058], [38.7201283, 58.086141700000006], [38.7200827, 58.0860474], [38.7200866, 58.0859578], [38.7204404, 58.08576529999999], [38.72075269999999, 58.085658399999986], [38.7208765, 58.08558319999999], [38.721242999999994, 58.0853228], [38.721359099999994, 58.0853029], [38.721706299999994, 58.08530100000001], [38.7218845, 58.08530869999999], [38.7224211, 58.0852184], [38.72250009999999, 58.08518730000001], [38.7225405, 58.0851562], [38.722545999999994, 58.08511349999999], [38.7224817, 58.085072700000005], [38.722333199999994, 58.085030100000004], [38.7221079, 58.08500740000001], [38.7219589, 58.084962999999995], [38.7218756, 58.0849157], [38.721827, 58.08485219999999], [38.7218423, 58.08480659999999], [38.721958, 58.0847483], [38.722252000000005, 58.08463559999999], [38.722398999999996, 58.08454619999999], [38.7224767, 58.084450000000004], [38.722551499999994, 58.0842927], [38.7225883, 58.08416639999999], [38.722557, 58.084085800000004], [38.72245409999999, 58.08396829999998], [38.7224266, 58.0837186], [38.7224596, 58.08355159999999], [38.7224327, 58.0834375], [38.7224523, 58.0833826], [38.7224804, 58.08332209999999], [38.72255249999999, 58.083161100000005], [38.722603899999996, 58.083102000000004], [38.72269109999999, 58.0830494], [38.72283079999999, 58.08301049999999], [38.7229098, 58.08299890000001], [38.7230347, 58.08302019999999], [38.7231597, 58.0830814], [38.72320289999999, 58.083147000000004], [38.72326259999999, 58.083181499999995], [38.7234555, 58.08316980000001], [38.7238781, 58.0831038], [38.7240015, 58.08304720000001], [38.7239847, 58.08302590000001], [38.723902499999994, 58.0829732], [38.72368449999999, 58.08285479999999], [38.7235598, 58.082750400000016], [38.7235104, 58.082668000000005], [38.7235048, 58.0825845], [38.7235182, 58.0825031], [38.72358319999999, 58.0823864], [38.7235988, 58.08231909999999], [38.7226452, 58.08243170000001], [38.722304799999996, 58.08247149999999], [38.72183969999999, 58.0825018], [38.7214122, 58.0824882], [38.721111799999996, 58.0824337], [38.7208656, 58.0823414], [38.720737, 58.082229699999985], [38.720648499999996, 58.08208700000001], [38.7206511, 58.0820224], [38.7203678, 58.081966099999995], [38.720076799999994, 58.08189599999999], [38.71982289999999, 58.08178230000001], [38.7196403, 58.0816694], [38.7199134, 58.0816607], [38.7197148, 58.081222200000006], [38.719690899999996, 58.08116290000001], [38.7201736, 58.080978899999984], [38.7203234, 58.0810103], [38.720474499999995, 58.081014], [38.72108049999999, 58.0809665], [38.72117659999999, 58.08096100000001], [38.7212598, 58.0809679], [38.7213429, 58.0809857], [38.72183139999999, 58.0809555], [38.7219536, 58.0809335], [38.722171, 58.080926699999985], [38.7224099, 58.08087760000001], [38.7225499, 58.0808649], [38.722309, 58.0806257], [38.7211276, 58.079923799999996], [38.7168623, 58.0777612], [38.7149501, 58.07798689999999], [38.7130271, 58.0791535], [38.7100157, 58.0810511], [38.7111723, 58.0815503], [38.7102468, 58.08220659999999], [38.708883099999994, 58.0832117], [38.706345999999996, 58.08445179999999], [38.7047979, 58.0842159], [38.702735999999994, 58.083901700000006], [38.6976487, 58.083188699999994], [38.6987957, 58.0812089], [38.6995039, 58.0813139], [38.70008399999999, 58.080396500000006], [38.7005101, 58.0802067], [38.70069019999999, 58.0798679], [38.70075599999999, 58.079862299999995], [38.702102, 58.077143], [38.701071299999995, 58.07684379999999], [38.6993366, 58.076693000000006], [38.6979747, 58.077213400000005], [38.6968694, 58.0781069], [38.6951036, 58.08003060000001], [38.6930311, 58.082463399999995], [38.6904704, 58.08195399999999], [38.6893449, 58.0819998], [38.687329299999995, 58.082484], [38.6814419, 58.08433190000001], [38.67951579999999, 58.084936500000005], [38.674697599999995, 58.08659230000001], [38.674369899999995, 58.0867049], [38.6743691, 58.08690889999999], [38.674292, 58.0876444], [38.673860000000005, 58.088241700000005], [38.672924, 58.08894479999999], [38.67210169999999, 58.0894656], [38.6707706, 58.09030870000001], [38.66976009999999, 58.0911075], [38.6688377, 58.0920476], [38.66776759999999, 58.0929247], [38.66708489999999, 58.09322199999999], [38.6668183, 58.093205999999995], [38.6646641, 58.0910509], [38.6628336, 58.09170710000001], [38.6628226, 58.0945681], [38.660269199999995, 58.09458060000001], [38.66002679999999, 58.09487599999999], [38.6588626, 58.094701199999996], [38.658428099999995, 58.0946386], [38.657272999999996, 58.0946058], [38.6562962, 58.09440049999999], [38.656396099999995, 58.09452499999999], [38.6567983, 58.0947306], [38.6572718, 58.0948567], [38.6580414, 58.095014600000006], [38.65878039999999, 58.09534490000001], [38.6587792, 58.0956116], [38.6594015, 58.095565300000004], [38.66049639999999, 58.095833400000004], [38.6612358, 58.09608540000001], [38.66135309999999, 58.09638360000001], [38.660966499999994, 58.09668109999999], [38.6603434, 58.0969156], [38.660075799999994, 58.09711929999999], [38.660104100000005, 58.09738600000001], [38.660280799999995, 58.0976214], [38.660635799999994, 58.0977475], [38.66128719999999, 58.09782669999999], [38.6619685, 58.0978433], [38.6622358, 58.097718099999994], [38.66223709999999, 58.09742], [38.662030699999995, 58.09723150000001], [38.6617349, 58.0968826], [38.66176709999999, 58.096541], [38.6619153, 58.096509799999986], [38.66218169999999, 58.09658859999998], [38.6622098, 58.0968867], [38.662357, 58.097137799999985], [38.662681899999995, 58.09734219999999], [38.662858899999996, 58.0975307], [38.6630057, 58.097797500000006], [38.6632124, 58.09797030000001], [38.6631821, 58.09812709999999], [38.6629149, 58.09823659999999], [38.6622622, 58.09843969999999], [38.66148990000001, 58.09886229999999], [38.6611025, 58.0993481], [38.6610717, 58.0996304], [38.6615148, 58.099881999999994], [38.66177749999999, 58.100180099999996], [38.6566855, 58.09986000000001], [38.6554303, 58.102132999999995], [38.6538853, 58.1030408], [38.6503931, 58.10211060000001], [38.648931899999994, 58.1040067], [38.65251539999999, 58.105545699999986], [38.653631, 58.10607650000001], [38.6695457, 58.11372369999999], [38.6698947, 58.113899499999995], [38.6757995, 58.116873], [38.676747399999996, 58.1173023], [38.680893899999994, 58.11918020000001], [38.68243619999999, 58.1199997], [38.684831499999994, 58.121086899999995], [38.69811399999999, 58.11654930000001], [38.7048401, 58.11409879999999], [38.710217, 58.1128018], [38.717143, 58.11113100000001], [38.71869269999999, 58.110374799999995], [38.7247694, 58.109722999999995], [38.727718, 58.1110159], [38.7365532, 58.11086359999999], [38.737860999999995, 58.109596499999995], [38.7416917, 58.1088178], [38.7415625, 58.1079949], [38.743447499999995, 58.1067734], [38.7443025, 58.1070909], [38.74618739999999, 58.105778699999995], [38.7452898, 58.10548380000001], [38.7473035, 58.10397909999998], [38.748309, 58.10382119999999], [38.758241399999996, 58.0991168], [38.758925, 58.099434], [38.76286530000001, 58.09777929999999], [38.76466009999999, 58.0987312], [38.76848909999999, 58.09787249999999], [38.76944999999999, 58.098767300000006], [38.7693425, 58.0991748], [38.771523599999995, 58.099221], [38.7740102, 58.09494230000001], [38.7743102, 58.0944103], [38.77597889999999, 58.0937882], [38.777218399999995, 58.094309499999994], [38.7788013, 58.0936194], [38.77741339999999, 58.0922036], [38.77903919999999, 58.091491000000005], [38.7782651, 58.0905323], [38.7853273, 58.089115400000004], [38.79018119999999, 58.0881318], [38.80156439999999, 58.086129699999994], [38.8020517, 58.086562399999984], [38.80226639999999, 58.0869595], [38.80235369999999, 58.087524899999984], [38.80371409999999, 58.08859469999999], [38.809113399999994, 58.0902695], [38.8184964, 58.092530499999995], [38.8189657, 58.0922016], [38.8120556, 58.08833989999999], [38.8121915, 58.08372390000001], [38.820967700000004, 58.0819201], [38.8215578, 58.0818464], [38.8219762, 58.0818464], [38.8222981, 58.081903100000005], [38.8226199, 58.082016499999995], [38.82321069999999, 58.08225999999999], [38.8262677, 58.0835197], [38.8257957, 58.08395079999999], [38.82559179999999, 58.08434210000001], [38.8256025, 58.0848016], [38.8261712, 58.0850398], [38.8274801, 58.0842571], [38.8302746, 58.0854339], [38.83391890000001, 58.08694499999999], [38.83831479999999, 58.08947150000001], [38.8528491, 58.0978235], [38.8589186, 58.1016096], [38.85964359999999, 58.102004900000004], [38.8635102, 58.09722669999999], [38.8627932, 58.0968327], [38.8622705, 58.096077399999984], [38.8614697, 58.095690700000006], [38.861678, 58.0953221], [38.8617821, 58.094953599999975], [38.8617122, 58.0946587], [38.86136379999999, 58.094364000000006], [38.86080689999999, 58.09416149999999], [38.86031979999999, 58.09427219999999], [38.8600766, 58.094567100000006], [38.86004179999999, 58.094732900000004], [38.859242, 58.095193900000005], [38.8590331, 58.095193900000005], [38.8590329, 58.0949728], [38.858963, 58.094641100000004], [38.85875399999999, 58.0944385], [38.8584756, 58.094328000000004], [38.8578143, 58.0944203], [38.8573274, 58.094733699999985], [38.8573974, 58.09521279999998], [38.8570845, 58.0954155], [38.8561798, 58.0954895], [38.855692499999996, 58.09539740000001], [38.8556575, 58.09521320000001], [38.8562139, 58.09478919999999], [38.856527, 58.0945496], [38.8565268, 58.094328600000004], [38.8544729, 58.0934999], [38.8534633, 58.092892], [38.85318469999999, 58.0928184], [38.852628, 58.09280009999999], [38.8523147, 58.09257900000001], [38.85224439999999, 58.091823599999984], [38.852383399999994, 58.091455], [38.85200009999999, 58.09092079999999], [38.85165169999999, 58.0902206], [38.851616299999996, 58.0896679], [38.8519985, 58.0889491], [38.8590601, 58.087510099999996], [38.863650799999995, 58.08586880000001], [38.8615836, 58.0843545], [38.8585345, 58.0823378], [38.85654679999999, 58.081526700000005], [38.855899099999995, 58.08126239999999], [38.852216399999996, 58.0799857], [38.8529882, 58.07987509999999], [38.853314, 58.07983009999999], [38.856214699999995, 58.0794299], [38.858913599999994, 58.0805892], [38.86164279999999, 58.080302599999996], [38.8642161, 58.082554599999995], [38.86466029999999, 58.08231909999999], [38.8652631, 58.08216759999999], [38.8657073, 58.082016200000005], [38.86605629999999, 58.081864700000004], [38.8665319, 58.081477899999996], [38.8646788, 58.077252400000006], [38.8731874, 58.0761431], [38.8856125, 58.074523099999986], [38.8870401, 58.0723254], [38.8891105, 58.07078119999999], [38.88787309999999, 58.0688988], [38.8886616, 58.06824460000001], [38.886411499999994, 58.066092399999995], [38.8910702, 58.0641593], [38.89472119999999, 58.0626443], [38.8964831, 58.0629611], [38.8980772, 58.06279930000001], [38.9049348, 58.061905799999984], [38.9214096, 58.0593311], [38.9217556, 58.059540099999985], [38.929549099999996, 58.05859229999999], [38.930384499999995, 58.0574408], [38.9309263, 58.0571526], [38.929785599999995, 58.0551659], [38.934272699999994, 58.05429899999999], [38.935003099999996, 58.05118599999999], [38.934951399999996, 58.05047989999999], [38.9346543, 58.05011400000001], [38.933116, 58.047133699999996], [38.93355609999999, 58.045903999999986], [38.934934, 58.044909], [38.9347195, 58.0448113], [38.935499, 58.0435243], [38.9271345, 58.0426925], [38.92737799999999, 58.04162000000001], [38.9260957, 58.0416471], [38.925925799999995, 58.04053379999999], [38.9261752, 58.0404756], [38.926722399999996, 58.040435800000004], [38.92717300000001, 58.04043010000001], [38.9274493, 58.04043010000001], [38.92771479999999, 58.040424499999986], [38.9280018, 58.040424499999986], [38.928562400000004, 58.040447199999996], [38.930515, 58.04046280000001], [38.933476199999994, 58.040440099999984], [38.93830419999999, 58.04033789999999], [38.939302, 58.040335000000006], [38.9399135, 58.0403549], [38.94031579999999, 58.04038049999998], [38.94059479999999, 58.0404543], [38.94090059999999, 58.0405707], [38.941021299999996, 58.0405934], [38.9396707, 58.0429852], [38.9382382, 58.04276970000001], [38.935244499999996, 58.0449163], [38.9381625, 58.045388300000006], [38.9386879, 58.04546750000001], [38.939385699999995, 58.04766380000001], [38.940471499999994, 58.047845899999984], [38.9409644, 58.0477146], [38.94362679999999, 58.0473722], [38.9442155, 58.046377799999995], [38.94382019999999, 58.04619509999999], [38.9443326, 58.0453102], [38.9478644, 58.0460604], [38.9534336, 58.0466601], [38.9548705, 58.0445497], [38.9557153, 58.0444648], [38.95571189999999, 58.04354059999999], [38.954760799999995, 58.0434015], [38.954495599999994, 58.04309370000001], [38.9546527, 58.0427575], [38.95554940000001, 58.0424204], [38.95676339999999, 58.0422231], [38.95750129999999, 58.04183019999999], [38.9587137, 58.0412128], [38.9593885, 58.04046929999999], [38.9595026, 58.0403436], [38.9631483, 58.0366007], [38.9649536, 58.03475189999999], [38.9649412, 58.03447100000001], [38.9649678, 58.034074999999994], [38.964698, 58.0327377], [38.965206599999995, 58.0323157], [38.9651984, 58.0302529], [38.96646019999999, 58.0302582], [38.96945740000001, 58.02967120000001], [38.9700014, 58.02840810000001], [38.9694274, 58.02715119999999], [38.9693761, 58.026195499999986], [38.96932449999999, 58.02516440000001], [38.9697015, 58.0246106], [38.9706941, 58.0239303], [38.9732032, 58.02312260000001], [38.9750495, 58.02254190000001], [38.9743769, 58.0219809], [38.9743394, 58.0219496], [38.97389559999999, 58.02183320000001], [38.973529, 58.0217388], [38.9633746, 58.0190342], [38.9632134, 58.0212846], [38.9539342, 58.0211698], [38.9460084, 58.0218321], [38.94330229999999, 58.02043239999998], [38.9434702, 58.0180017], [38.94769809999999, 58.01796650000001], [38.947983199999996, 58.0155358], [38.9484522, 58.015286], [38.9462782, 58.0148519], [38.9312372, 58.011656], [38.92207009999999, 58.009962399999985], [38.9144909, 58.0086172], [38.9120698, 58.0125523], [38.9083525, 58.01631549999999], [38.908305199999994, 58.0163072], [38.906516999999994, 58.0159942], [38.9052279, 58.01610509999998], [38.9045275, 58.01605059999999], [38.902112599999995, 58.0158628], [38.904396299999995, 58.01311909999998], [38.9047195, 58.01271959999999], [38.9019965, 58.0124275], [38.9051608, 58.00778039999999], [38.9096827, 58.008462999999985], [38.910209599999995, 58.0079017], [38.9082387, 58.0074541], [38.898381, 58.00556350000001], [38.89794109999999, 58.0054868], [38.8968629, 58.00541]]]]}}, {"type": "Feature", "properties": {"id": "mo-78640000", "name": "Рыбинский муниципальный район", "region": "Ярославская область", "isCity": false, "sourceOktmo": "78-640-000-000", "sourceAgg": "Ярославль", "excelNames": ["Рыбинский муниципальный район"], "oktmo": "78640000", "vgp": [{"year": 2019, "value": 10350257.9120154}, {"year": 2020, "value": 11243686.287945822}, {"year": 2021, "value": 12419731.150871323}, {"year": 2022, "value": 16134252.949219065}, {"year": 2023, "value": 18262150.083766468}, {"year": 2024, "value": 20904671.794414103}], "population": [{"year": 2019, "value": 25882.0}, {"year": 2020, "value": 25634.0}, {"year": 2021, "value": 25274.0}, {"year": 2022, "value": 24843.0}, {"year": 2023, "value": 26515.0}, {"year": 2024, "value": 26409.0}, {"year": 2025, "value": 26253.0}], "shipments": [{"year": 2019, "value": 15196526.2}, {"year": 2020, "value": 15949648.0}, {"year": 2021, "value": 17701231.1}, {"year": 2022, "value": 18853256.7}, {"year": 2023, "value": 20624032.3}, {"year": 2024, "value": 23449342.2}], "employees": [{"year": 2019, "value": 5349.0}, {"year": 2020, "value": 5765.0}, {"year": 2021, "value": 5671.0}, {"year": 2022, "value": 5654.0}, {"year": 2023, "value": 5332.0}, {"year": 2024, "value": 5273.0}], "investments": [{"year": 2019, "value": 2056182.0}, {"year": 2020, "value": 2521523.0}, {"year": 2021, "value": 1340542.0}, {"year": 2022, "value": 2456113.0}, {"year": 2023, "value": 3103700.0}, {"year": 2024, "value": 2885026.0}], "vgp2024": 20904671.794414103, "pop2024": 26409.0, "ship2024": 23449342.2, "emp2024": 5273.0, "inv2024": 2885026.0}, "geometry": {"type": "MultiPolygon", "coordinates": [[[[39.0244043, 58.34767600000001], [39.0400978, 58.34552450000001], [39.04267720000001, 58.34412809999999], [39.0433424, 58.33885529999999], [39.0463426, 58.33633269999999], [39.0559949, 58.33172170000001], [39.0656065, 58.328443], [39.07043949999999, 58.3263188], [39.0706567, 58.32338180000001], [39.070086499999995, 58.320829599999996], [39.07005929999999, 58.3182344], [39.0736569, 58.3156033], [39.075381, 58.3146692], [39.0796574, 58.314248500000005], [39.0824014, 58.31204339999999], [39.0843563, 58.3119837], [39.08647549999999, 58.3111869], [39.09090659999999, 58.3066457], [39.09435, 58.30414470000001], [39.0955658, 58.302295799999996], [39.0959586, 58.3000649], [39.09622509999999, 58.2991771], [39.0968551, 58.29816869999999], [39.0975323, 58.2973999], [39.0986674, 58.296918], [39.099987199999994, 58.29679509999998], [39.1032255, 58.29738770000001], [39.106921699999994, 58.29826679999999], [39.11011299999999, 58.29864330000001], [39.1119349, 58.2986632], [39.1129797, 58.29830129999999], [39.113747399999994, 58.29750829999999], [39.1149239, 58.296570300000006], [39.11555719999999, 58.296041399999986], [39.1159208, 58.295944600000006], [39.11683119999999, 58.29589459999998], [39.1175156, 58.29603689999999], [39.11993249999999, 58.29641500000001], [39.122299999999996, 58.29633760000001], [39.12421069999999, 58.29606940000001], [39.125895799999995, 58.296065500000005], [39.127262, 58.296062199999994], [39.128488999999995, 58.29574759999999], [39.132163399999996, 58.294060300000005], [39.1342964, 58.29321589999999], [39.1367467, 58.2922028], [39.1381521, 58.291479999999986], [39.1385571, 58.2909275], [39.138596899999996, 58.29027999999999], [39.1382717, 58.289561499999984], [39.137628899999996, 58.28896360000001], [39.136296099999996, 58.28755199999999], [39.1356084, 58.287026099999984], [39.13337159999999, 58.28636010000001], [39.1313643, 58.28588529999998], [39.1304499, 58.285455999999996], [39.1301264, 58.284905200000004], [39.1303944, 58.2843051], [39.13157319999999, 58.2837268], [39.1326154, 58.2831488], [39.13347339999999, 58.28235540000001], [39.1347796, 58.28074569999999], [39.136451799999996, 58.27935089999998], [39.1393054, 58.27773719999999], [39.142519199999995, 58.275715000000005], [39.142787799999994, 58.27521089999998], [39.1426912, 58.274587699999984], [39.1422298, 58.273893400000006], [39.141492299999996, 58.27284010000001], [39.14121149999999, 58.2719775], [39.1412467, 58.270826400000004], [39.14183059999999, 58.26996189999999], [39.14269099999999, 58.26948009999999], [39.1455973, 58.268777400000005], [39.15019, 58.2683822], [39.15323719999999, 58.26818240000001], [39.15674, 58.26802959999999], [39.1607918, 58.268210800000006], [39.164296099999994, 58.26822549999999], [39.1670246, 58.2680265], [39.1688395, 58.2674701], [39.1703791, 58.2666746], [39.17119079999999, 58.26592909999999], [39.1710328, 58.26372340000001], [39.1708356, 58.26216530000001], [39.17092009999999, 58.2614937], [39.1712379, 58.2614209], [39.17219699999999, 58.261802], [39.1732917, 58.2620627], [39.17388259999999, 58.262013200000005], [39.17433479999999, 58.26172429999999], [39.17465099999999, 58.2614836], [39.17487849999999, 58.261483], [39.1752447, 58.2617218], [39.1758822, 58.261768], [39.1763368, 58.2617188], [39.1766091, 58.26164610000001], [39.17683759999999, 58.2617654], [39.1769749, 58.26183679999999], [39.1773394, 58.2618838], [39.1777475, 58.2617389], [39.1782033, 58.2618334], [39.17879719999999, 58.2620716], [39.17879979999999, 58.26233539999999], [39.1784856, 58.2627678], [39.1785783, 58.26293549999999], [39.178851599999994, 58.262958700000006], [39.1793519, 58.2629333], [39.1796722, 58.26312430000001], [39.179811799999996, 58.26343559999999], [39.1803138, 58.2635781], [39.180815599999995, 58.263696599999996], [39.1815907, 58.263862299999985], [39.1818228, 58.2643173], [39.1835521, 58.2643364], [39.1847404, 58.26486070000001], [39.1842479, 58.265653400000005], [39.1845241, 58.2659643], [39.18534449999999, 58.26608190000001], [39.186572299999995, 58.266006499999996], [39.1869395, 58.2663172], [39.18744289999999, 58.26660340000001], [39.1877167, 58.2666746], [39.187316700000004, 58.267610899999994], [39.187369, 58.268282199999994], [39.1879744, 58.2696234], [39.1897665, 58.271296699999986], [39.191006, 58.2723243], [39.1903742, 58.27285369999999], [39.1895258, 58.2744388], [39.1919563, 58.276206300000005], [39.1981378, 58.2840056], [39.2087996, 58.28476539999999], [39.2113748, 58.2829353], [39.212682099999995, 58.2817562], [39.215404199999995, 58.28088470000001], [39.21776419999999, 58.280230099999976], [39.2201253, 58.2796953], [39.2239462, 58.27941959999998], [39.2326408, 58.271479], [39.2384008, 58.26584940000001], [39.229469, 58.26072249999999], [39.2314649, 58.26018870000001], [39.2320033, 58.2595394], [39.2338582, 58.258622300000006], [39.2427201, 58.2616631], [39.2476297, 58.257474499999994], [39.2578692, 58.25401109999999], [39.2574818, 58.25207009999999], [39.250345499999995, 58.248713], [39.24949589999999, 58.2461261], [39.2524428, 58.245348899999996], [39.2549883, 58.24524439999998], [39.2568942, 58.244902200000006], [39.25848559999999, 58.2448729], [39.2600474, 58.2461386], [39.260874699999995, 58.2468551], [39.2630708, 58.24790269999999], [39.264298999999994, 58.247922499999994], [39.2647048, 58.247633300000004], [39.2664525, 58.245541100000004], [39.2685298, 58.24435889999999], [39.2681089, 58.243425099999996], [39.268141199999995, 58.24237], [39.2677156, 58.2410526], [39.26966029999999, 58.24020649999999], [39.2730166, 58.23952330000001], [39.2765981, 58.2386715], [39.2780928, 58.23821059999999], [39.27952809999999, 58.2366709], [39.280748, 58.23606689999999], [39.28283089999999, 58.23541199999999], [39.2836899, 58.23502520000001], [39.28518429999999, 58.2345643], [39.2876358, 58.2342917], [39.2856412, 58.23122949999999], [39.2846738, 58.2302498], [39.28178440000001, 58.22826989999999], [39.2783978, 58.22648350000001], [39.280063299999995, 58.2252067], [39.281416300000004, 58.22438660000001], [39.2752007, 58.2181021], [39.272711, 58.215257199999996], [39.2707487, 58.214592599999996], [39.2681591, 58.2146256], [39.2660235, 58.214633000000006], [39.26334649999999, 58.214953900000005], [39.2611644, 58.214865399999994], [39.2590343, 58.215328299999996], [39.25503030000001, 58.214886199999995], [39.254483199999996, 58.21474430000001], [39.252411, 58.21244900000001], [39.24826749999999, 58.20790679999999], [39.246473, 58.20599440000001], [39.24609869999999, 58.2050605], [39.2459968, 58.20412559999999], [39.24635229999999, 58.203452899999995], [39.247207, 58.2027547], [39.24847619999999, 58.20253469999999], [39.25002, 58.202481599999984], [39.2513841, 58.202597], [39.252569599999994, 58.2029767], [39.25330339999999, 58.2035497], [39.2542143, 58.2040493], [39.25544300000001, 58.2050089], [39.25727559999999, 58.2055809], [39.2592254, 58.205766999999994], [39.2609879, 58.2055683], [39.26292879999999, 58.2050477], [39.26426, 58.20443279999999], [39.26516689999999, 58.20394779999999], [39.2655864, 58.203432299999996], [39.2655781, 58.20275769999999], [39.265022599999995, 58.2021172], [39.26439739999999, 58.200770199999994], [39.26408049999999, 58.1997433], [39.2641315, 58.19894], [39.26449079999999, 58.198488999999995], [39.265026999999996, 58.198044800000005], [39.26578959999999, 58.1975553], [39.26696359999999, 58.1971995], [39.26880429999999, 58.19689549999998], [39.270136799999996, 58.196918], [39.2705496, 58.19716], [39.2711193, 58.19764489999999], [39.2714328, 58.1981307], [39.2715566, 58.199834599999996], [39.2717226, 58.200807899999994], [39.2727135, 58.202184], [39.2736433, 58.202775900000006], [39.2747252, 58.203231999999986], [39.2754963, 58.2034186], [39.27657229999999, 58.203414800000004], [39.278416899999996, 58.2035343], [39.28042919999999, 58.20708679999999], [39.288121999999994, 58.20982169999999], [39.2907689, 58.21075770000001], [39.2944282, 58.2112077], [39.296670899999995, 58.2107916], [39.29903839999999, 58.21710499999998], [39.30144659999999, 58.21852369999999], [39.3057049, 58.216431199999995], [39.308422199999995, 58.2199065], [39.3096012, 58.221329700000005], [39.31273929999999, 58.2221149], [39.31513369999999, 58.219918099999994], [39.317353, 58.2203174], [39.32143369999999, 58.223175399999995], [39.3223834, 58.22324580000001], [39.325666299999995, 58.2267926], [39.3400165, 58.22757], [39.3422929, 58.2318436], [39.3424368, 58.23206549999999], [39.356345000000005, 58.231340900000006], [39.3714174, 58.2309066], [39.3734699, 58.2318063], [39.3766341, 58.2363907], [39.3820185, 58.2367567], [39.3885212, 58.238915799999994], [39.389914299999994, 58.240300199999986], [39.3904492, 58.2407799], [39.3903526, 58.24133650000001], [39.3928028, 58.242846], [39.39530669999999, 58.24331680000001], [39.4006685, 58.24438669999999], [39.40952289999999, 58.2439942], [39.4081217, 58.240033], [39.410008, 58.2371507], [39.4095064, 58.23657819999998], [39.409686099999995, 58.234686200000006], [39.40939089999999, 58.233834699999996], [39.40937689999999, 58.232981999999986], [39.408099199999995, 58.2300955], [39.4081558, 58.22926100000001], [39.40654659999999, 58.2275811], [39.406786999999994, 58.2250771], [39.40985, 58.223283200000004], [39.4109643, 58.2226664], [39.4102695, 58.22101939999999], [39.41098209999999, 58.2194773], [39.4106573, 58.2189596], [39.4107829, 58.2159185], [39.411234699999994, 58.2134876], [39.41071709999999, 58.211914], [39.409963499999996, 58.210953299999986], [39.40942849999999, 58.20960800000001], [39.40786479999999, 58.206542], [39.409487399999996, 58.20603520000001], [39.4110627, 58.205610400000005], [39.412451600000004, 58.2049615], [39.4135322, 58.2040571], [39.413643199999996, 58.20341400000001], [39.413383399999994, 58.202419299999995], [39.4133702, 58.201616300000005], [39.4129886, 58.20062219999999], [39.412484899999995, 58.1995966], [39.412411799999994, 58.19885800000001], [39.41288469999999, 58.1980206], [39.3928024, 58.1918311], [39.38913169999999, 58.1905303], [39.3889904, 58.17780999999999], [39.38495859999999, 58.1766392], [39.3827501, 58.17539609999999], [39.37885130000001, 58.17493129999998], [39.377575, 58.17496889999999], [39.375319499999996, 58.174593299999984], [39.37444549999999, 58.173119299999996], [39.37461679999999, 58.17241190000001], [39.37576949999999, 58.17224629999999], [39.376109799999995, 58.17067070000001], [39.3753644, 58.16964610000001], [39.3746245, 58.1689746], [39.3735788, 58.1642569], [39.3741713, 58.163258600000006], [39.3753755, 58.1625145], [39.3745048, 58.161233300000006], [39.3747254, 58.1597868], [39.375255, 58.1586602], [39.37486799999999, 58.1572163], [39.3743744, 58.156736499999994], [39.3745384, 58.1555473], [39.3750813, 58.155287900000005], [39.3747659, 58.1545505], [39.3749986, 58.153874900000005], [39.3747471, 58.15332979999999], [39.3750252, 58.15165819999999], [39.3667589, 58.147517699999995], [39.363088299999994, 58.1458628], [39.3652946, 58.14312279999999], [39.365015, 58.140714800000005], [39.365674999999996, 58.14016589999999], [39.3655966, 58.13900970000001], [39.36589149999999, 58.1384303], [39.3655588, 58.132521000000004], [39.365556399999996, 58.132360299999995], [39.3593023, 58.13245100000001], [39.35917299999999, 58.1238424], [39.358997699999996, 58.1161976], [39.35722299999999, 58.115241299999994], [39.3474237, 58.1130232], [39.34698329999999, 58.11426959999999], [39.3471638, 58.11484560000001], [39.34040139999999, 58.11526779999999], [39.3397302, 58.11247789999999], [39.34109349999999, 58.111561699999996], [39.34461689999999, 58.1093314], [39.34454219999999, 58.108147900000006], [39.3430411, 58.10657179999998], [39.34310949999999, 58.1013872], [39.341681799999996, 58.0829328], [39.340650499999995, 58.0823589], [39.3335379, 58.06663679999999], [39.33305709999999, 58.066385800000006], [39.33264809999999, 58.066387500000005], [39.332036099999996, 58.06649829999999], [39.3316978, 58.0666802], [39.331456100000004, 58.067249699999984], [39.32999269999999, 58.06572749999999], [39.32806529999999, 58.0646222], [39.32577529999999, 58.0642247], [39.3277679, 58.06128689999999], [39.3284702, 58.0593217], [39.3300189, 58.05911950000001], [39.336056799999994, 58.058331], [39.3374228, 58.0581526], [39.33790079999999, 58.0599997], [39.33803009999999, 58.060499500000006], [39.3445927, 58.05994770000001], [39.3457999, 58.058948199999996], [39.347478, 58.057558799999995], [39.3495498, 58.0566105], [39.35146979999999, 58.05533470000001], [39.3496115, 58.05370810000001], [39.3533364, 58.052738999999995], [39.3563542, 58.05484089999999], [39.3566298, 58.0558348], [39.35889349999999, 58.0562048], [39.36305900000001, 58.05688559999999], [39.3661182, 58.0557394], [39.3667206, 58.0542166], [39.3698294, 58.05293189999998], [39.3711629, 58.05148889999999], [39.372427599999995, 58.048968200000004], [39.3640729, 58.048064100000005], [39.3646867, 58.0438326], [39.3678554, 58.043128100000004], [39.3745081, 58.0418833], [39.3760529, 58.04066039999999], [39.3775553, 58.0400735], [39.379685099999996, 58.03962199999999], [39.3817903, 58.039743999999985], [39.38323239999999, 58.039827499999994], [39.3834694, 58.041650699999984], [39.386391, 58.0418313], [39.389340999999995, 58.0438084], [39.389503899999994, 58.0475114], [39.394415599999995, 58.048235700000006], [39.40137759999999, 58.046767], [39.3939452, 58.038342699999994], [39.4004295, 58.03322769999999], [39.39803189999999, 58.029949299999984], [39.3952542, 58.0289391], [39.38281849999999, 58.0233558], [39.3723804, 58.0187024], [39.365607499999996, 58.0220483], [39.360894, 58.016899599999995], [39.35694579999999, 58.0175796], [39.35629459999999, 58.015840999999995], [39.3486929, 58.0160107], [39.34862879999999, 58.0151818], [39.3433093, 58.01470619999999], [39.3411682, 58.0143003], [39.3384502, 58.0136203], [39.3388488, 58.01210090000001], [39.3389919, 58.01146219999999], [39.3390238, 58.006431500000005], [39.33823319999999, 58.00577140000001], [39.3396851, 58.00535090000001], [39.34247980000001, 58.00417869999998], [39.34767529999999, 58.003411099999994], [39.3401905, 58.0006777], [39.3354473, 58.00028230000001], [39.3386295, 57.9971184], [39.337108400000005, 57.996323], [39.3337777, 57.9963641], [39.33169, 57.995985499999996], [39.33478519999999, 57.9909662], [39.3320263, 57.98609400000001], [39.3294379, 57.984376999999995], [39.328297199999994, 57.98331849999999], [39.327343899999995, 57.982226000000004], [39.3291395, 57.98095659999999], [39.33131219999999, 57.9798185], [39.3309829, 57.9786572], [39.3298346, 57.97703400000001], [39.32920029999999, 57.9764054], [39.3270643, 57.97568309999998], [39.3248639, 57.97482809999999], [39.3240504, 57.974764799999996], [39.32305219999999, 57.97493490000001], [39.3223895, 57.97516410000001], [39.32215839999999, 57.97532629999999], [39.32197589999999, 57.975624499999995], [39.321909399999996, 57.975885100000006], [39.32170179999999, 57.9760595], [39.3214692, 57.976110100000014], [39.321258199999995, 57.9760364], [39.32104439999999, 57.975777], [39.320622199999995, 57.9756174], [39.320131599999996, 57.975582100000004], [39.3195722, 57.97562150000001], [39.31929329999999, 57.9757094], [39.3190126, 57.9756609], [39.31866029999999, 57.9755011], [39.317837299999994, 57.97504560000001], [39.317903799999996, 57.9747973], [39.31810939999999, 57.97446179999999], [39.31799049999999, 57.9743011], [39.317449, 57.973956], [39.3163217, 57.9734397], [39.31587199999999, 57.972970299999986], [39.3156081, 57.9724382], [39.315690599999996, 57.9716568], [39.3154519, 57.97127340000001], [39.3149549, 57.9707546], [39.314461699999995, 57.9705209], [39.3135065, 57.97062369999999], [39.3129451, 57.9705267], [39.31257169999999, 57.9705158], [39.3117269, 57.9701595], [39.3112357, 57.9700746], [39.3107462, 57.970101299999996], [39.310117, 57.9701656], [39.3096253, 57.9700436], [39.308804699999996, 57.96974910000001], [39.3080554, 57.969553700000006], [39.30686359999999, 57.9694094], [39.3052509, 57.9692048], [39.3043144, 57.9689727], [39.3035883, 57.968752300000006], [39.2975671, 57.96600859999999], [39.2987927, 57.96530800000001], [39.3028025, 57.963076900000004], [39.3074843, 57.96047179999999], [39.3079337, 57.9602372], [39.3146026, 57.9567553], [39.319145999999996, 57.954382899999985], [39.3306691, 57.948788699999994], [39.33183819999999, 57.94828729999998], [39.3295807, 57.946266400000006], [39.3251353, 57.94260489999999], [39.3258035, 57.94128250000001], [39.3190025, 57.9386931], [39.3172538, 57.9396061], [39.3053637, 57.9330025], [39.290738899999994, 57.93692079999999], [39.283122899999995, 57.93913109999999], [39.2796205, 57.939921600000005], [39.2767347, 57.9407215], [39.2699818, 57.93831000000001], [39.2704, 57.931766200000006], [39.2766441, 57.9282311], [39.273007, 57.92456969999999], [39.2708226, 57.923934100000004], [39.272071999999994, 57.92232140000001], [39.27368409999999, 57.920707300000004], [39.2712494, 57.9193649], [39.2749692, 57.917132200000005], [39.279293, 57.91489719999999], [39.2821094, 57.912989199999984], [39.2663154, 57.909884], [39.2652022, 57.908611199999996], [39.2578479, 57.9088963], [39.2534052, 57.9079161], [39.2514328, 57.9061484], [39.25054289999999, 57.9031004], [39.250432499999995, 57.9006341], [39.2487142, 57.8996878], [39.248946, 57.89867000000001], [39.250275599999995, 57.897691899999984], [39.2466081, 57.8968386], [39.2476189, 57.8962785], [39.2519062, 57.893966599999985], [39.25216, 57.8926375], [39.2492248, 57.8895602], [39.2423857, 57.88689060000001], [39.2340016, 57.8845846], [39.23068179999999, 57.8890108], [39.2260125, 57.8873744], [39.212195099999995, 57.8873816], [39.21291239999999, 57.88515369999999], [39.2026626, 57.88464630000001], [39.1978072, 57.8843735], [39.1915381, 57.8843522], [39.188839599999994, 57.8786477], [39.18817419999999, 57.877113300000005], [39.1872998, 57.8749953], [39.1866908, 57.873187999999985], [39.1830804, 57.86247199999999], [39.1723765, 57.861319699999996], [39.1718606, 57.860896800000006], [39.170947999999996, 57.86062639999999], [39.1682145, 57.8602398], [39.167455499999996, 57.85818059999999], [39.1685791, 57.85675279999999], [39.15669359999999, 57.856724], [39.1540319, 57.8566293], [39.15293499999999, 57.85654559999999], [39.15243730000001, 57.8553785], [39.14879, 57.85603700000001], [39.14900569999999, 57.85744290000001], [39.143371699999996, 57.85838770000001], [39.1396471, 57.8595222], [39.136648, 57.860092300000005], [39.13636609999999, 57.86035259999999], [39.1357753, 57.860767299999985], [39.1324831, 57.861316099999996], [39.131773, 57.86131779999999], [39.13066039999999, 57.86169890000001], [39.1266029, 57.86176280000001], [39.127489399999995, 57.86462639999999], [39.1288696, 57.86586669999999], [39.1286728, 57.86657], [39.13046159999999, 57.86813370000001], [39.131684199999995, 57.8687255], [39.1356603, 57.87090559999999], [39.13704489999999, 57.8725783], [39.1380587, 57.8728767], [39.1421381, 57.8745235], [39.13991229999999, 57.875743199999995], [39.127259699999996, 57.8828564], [39.11859989999999, 57.88690139999999], [39.116354799999996, 57.8856084], [39.1147546, 57.8836431], [39.110607099999996, 57.88313319999999], [39.0962093, 57.8808065], [39.0938841, 57.879491699999996], [39.091118, 57.87895649999999], [39.0901772, 57.87804979999999], [39.0813481, 57.87590430000001], [39.0823596, 57.875361299999994], [39.0771625, 57.87556649999999], [39.071388899999995, 57.87460419999999], [39.068694, 57.872488999999995], [39.070507, 57.87210039999999], [39.0718678, 57.8707418], [39.07427539999999, 57.867942000000006], [39.074657599999995, 57.86662699999999], [39.076021399999995, 57.8657691], [39.07874499999999, 57.8634692], [39.0768181, 57.8621798], [39.0628988, 57.8583271], [39.06199800000001, 57.85820360000001], [39.045678, 57.85794129999999], [39.0450235, 57.8596946], [39.044688699999995, 57.8598592], [39.03467419999999, 57.8600727], [39.0351284, 57.858796599999984], [39.033644, 57.856181299999996], [39.034851499999995, 57.85452369999998], [39.03512959999999, 57.85186069999999], [39.0292967, 57.85195980000001], [39.01690779999999, 57.85041309999999], [39.0142219, 57.8503949], [39.0124186, 57.85059890000001], [39.0117222, 57.8508216], [39.009102000000006, 57.851397600000006], [39.0048128, 57.852134899999996], [39.00254919999999, 57.85255130000001], [38.9991473, 57.85185679999999], [38.9970775, 57.85073920000001], [38.99410029999999, 57.8501836], [38.9939151, 57.8480382], [38.9900551, 57.8457111], [38.98577819999999, 57.8478157], [38.9798383, 57.849828800000004], [38.9765983, 57.84913319999999], [38.9740562, 57.8479234], [38.9649541, 57.8469078], [38.9599707, 57.84765959999999], [38.95655759999999, 57.84729010000001], [38.9505129, 57.844870900000004], [38.9536597, 57.8442613], [38.953569699999996, 57.843561699999995], [38.9519077, 57.8435634], [38.9439485, 57.84375790000001], [38.949328, 57.8562065], [38.950517399999995, 57.8604773], [38.9268158, 57.86202080000001], [38.9011207, 57.863440899999986], [38.9021011, 57.8650622], [38.90116729999999, 57.86762589999999], [38.9027869, 57.869347000000005], [38.9020003, 57.87050889999999], [38.904525899999996, 57.8738913], [38.9029256, 57.87509980000001], [38.895291, 57.8762911], [38.88515129999999, 57.8785217], [38.881291399999995, 57.8778031], [38.877555799999996, 57.8801147], [38.87536769999999, 57.8801579], [38.8742924, 57.87931069999999], [38.8711164, 57.8797962], [38.8633147, 57.88098889999999], [38.847520499999995, 57.8804843], [38.84457559999999, 57.8789167], [38.840279599999995, 57.8796378], [38.840121, 57.88076100000001], [38.834471699999995, 57.8804438], [38.8350681, 57.87951129999998], [38.8253612, 57.87516739999999], [38.8166504, 57.8731964], [38.799141199999994, 57.88597319999999], [38.7911391, 57.8913755], [38.7928815, 57.901548], [38.789892699999996, 57.9050864], [38.782289399999996, 57.9048935], [38.781611, 57.90627069999999], [38.7835582, 57.9095349], [38.7814868, 57.91042429999999], [38.777107199999996, 57.91027449999999], [38.7730847, 57.9111418], [38.77122870000001, 57.906526], [38.768989499999996, 57.9057754], [38.7663695, 57.90301439999999], [38.7641926, 57.9035586], [38.76182409999999, 57.903830000000006], [38.7594475, 57.9041936], [38.7459975, 57.90356239999999], [38.7460146, 57.89547850000001], [38.7317218, 57.895993], [38.7236114, 57.89745889999999], [38.7149004, 57.89585509999999], [38.7070676, 57.89819349999999], [38.69425269999999, 57.8947023], [38.69565949999999, 57.8922613], [38.69206729999999, 57.89011980000001], [38.6879026, 57.887636799999996], [38.6838755, 57.88778140000001], [38.681999899999994, 57.8870424], [38.6745514, 57.8841074], [38.6765223, 57.8807441], [38.68060189999999, 57.881225300000004], [38.6799931, 57.87967580000001], [38.6765855, 57.878957099999994], [38.67542149999999, 57.87642399999999], [38.6754277, 57.87490510000001], [38.68129019999999, 57.8767583], [38.6860468, 57.87560189999999], [38.6825985, 57.87101139999999], [38.6829996, 57.8684802], [38.686811299999995, 57.865565499999995], [38.6837457, 57.86344749999999], [38.6859885, 57.86145429999999], [38.68867769999999, 57.859640399999996], [38.697245, 57.85452620000001], [38.6971096, 57.85312109999999], [38.6925602, 57.85047289999999], [38.6845708, 57.8483325], [38.67920899999999, 57.849264600000005], [38.6766541, 57.8482383], [38.675710699999996, 57.8442293], [38.667411799999996, 57.840254], [38.6661413, 57.83824829999999], [38.6671427, 57.8377806], [38.6673843, 57.8373545], [38.668306, 57.83682259999999], [38.6688256, 57.83680180000001], [38.6690301, 57.83573619999999], [38.670069500000004, 57.83569469999998], [38.670510799999995, 57.83531159999998], [38.67119019999999, 57.83533370000001], [38.6736672, 57.825934800000006], [38.64574489999999, 57.8136091], [38.613204200000006, 57.83326849999999], [38.5705705, 57.85783250000001], [38.568451800000005, 57.8568173], [38.554171399999994, 57.863571699999994], [38.55531059999999, 57.865260599999985], [38.54372289999999, 57.86777920000001], [38.545181199999995, 57.87066339999999], [38.5364627, 57.8736821], [38.53716789999999, 57.87568839999999], [38.524548, 57.877901599999994], [38.520324099999996, 57.87867940000001], [38.5152323, 57.8795872], [38.5108541, 57.88060420000001], [38.510634, 57.882255900000004], [38.5096231, 57.883396999999995], [38.5093429, 57.8835827], [38.5088995, 57.8835549], [38.508129, 57.883152499999994], [38.5066226, 57.88209539999998], [38.5060164, 57.8817085], [38.505348100000006, 57.8815035], [38.5049086, 57.88146480000001], [38.5045514, 57.8814573], [38.4911776, 57.88526960000001], [38.49123, 57.88758260000001], [38.4914249, 57.894512000000006], [38.4915966, 57.89740789999998], [38.4931349, 57.9023822], [38.4941983, 57.9088977], [38.49423149999999, 57.91128109999998], [38.4934672, 57.915659100000006], [38.49260309999999, 57.9216781], [38.490544299999996, 57.92571890000001], [38.48652220000001, 57.93036599999999], [38.4853961, 57.9308102], [38.4816314, 57.9341414], [38.4775126, 57.936533600000004], [38.4765478, 57.93709400000001], [38.473868599999996, 57.93843349999999], [38.463961899999994, 57.94177380000001], [38.4541486, 57.94628780000001], [38.44894599999999, 57.9500407], [38.4455899, 57.953141300000006], [38.44380619999999, 57.95615049999999], [38.4393857, 57.96305540000001], [38.43623829999999, 57.98891369999998], [38.4295981, 58.01025219999999], [38.4231008, 58.0167575], [38.4126957, 58.02738860000001], [38.39215329999999, 58.03561620000001], [38.384821300000006, 58.03855240000001], [38.348137, 58.05368669999999], [38.322718, 58.0604109], [38.3089974, 58.067974299999996], [38.2969189, 58.07699309999999], [38.2931035, 58.0809158], [38.29294589999999, 58.08225999999999], [38.297595, 58.090756], [38.2979858, 58.1318464], [38.2979858, 58.1732156], [38.273784799999994, 58.17348150000001], [38.2742627, 58.18166409999999], [38.2742627, 58.1873568], [38.2770623, 58.19136220000001], [38.27892859999999, 58.1940322], [38.27892859999999, 58.1964912], [38.278662, 58.1983881], [38.276395699999995, 58.1996526], [38.2714632, 58.20527209999999], [38.271729799999996, 58.20625540000001], [38.2734629, 58.206887499999986], [38.273063, 58.209064799999986], [38.271257799999994, 58.21222339999999], [38.270495999999994, 58.216765099999996], [38.268029999999996, 58.21847900000001], [38.2572181, 58.22558639999998], [38.25418, 58.23165980000001], [38.2405524, 58.2590795], [38.1995094, 58.3415332], [38.1745867, 58.391508], [38.2958142, 58.391489500000006], [38.371528999999995, 58.3914779], [38.4432216, 58.391467000000006], [38.5402106, 58.3914522], [38.673347299999996, 58.39143189999999], [38.70748009999999, 58.3914267], [38.83349969999999, 58.3914074], [38.9228792, 58.39139379999999], [38.97907219999999, 58.3643573], [39.0095645, 58.349837400000006], [39.01722049999999, 58.348690399999995], [39.0232495, 58.34799670000001], [39.0158616, 58.3441699], [39.0151264, 58.3440105], [39.0138941, 58.3446524], [39.0120432, 58.3436661], [39.0104677, 58.344466], [39.0078687, 58.34308789999999], [39.0093794, 58.34233919999999], [39.00800339999999, 58.3416272], [39.0082521, 58.34119759999999], [39.0083297, 58.34076490000001], [39.008169599999995, 58.3400654], [39.0077767, 58.3397779], [39.0059762, 58.339698099999985], [39.0054229, 58.339762900000004], [39.005075299999994, 58.339842], [39.00478389999999, 58.3398074], [39.004107999999995, 58.339473500000004], [39.0041948, 58.33921279999999], [39.0046662, 58.3387513], [39.0048376, 58.3377888], [39.0039575, 58.3357571], [39.00381289999999, 58.33542319999999], [39.0048651, 58.3347204], [39.0059442, 58.333401300000006], [39.0054501, 58.3285456], [39.00835, 58.3286901], [39.0101709, 58.32803899999999], [39.0130808, 58.32821640000001], [39.01633420000001, 58.3280819], [39.02109529999999, 58.32418450000001], [39.0237677, 58.325995799999994], [39.0242685, 58.32736959999999], [39.0266911, 58.32855879999999], [39.03344469999999, 58.3283666], [39.0366922, 58.327245999999995], [39.039400799999996, 58.326722799999985], [39.043598499999995, 58.3278569], [39.04458329999999, 58.32764770000001], [39.045667, 58.32749020000001], [39.0481824, 58.327615599999994], [39.04936990000001, 58.3282878], [39.0488292, 58.328573999999996], [39.048092, 58.3289385], [39.0472551, 58.32914739999999], [39.04701029999999, 58.3294331], [39.047260099999995, 58.3299514], [39.0472137, 58.3304184], [39.0467234, 58.3308601], [39.0458389, 58.3313544], [39.0452993, 58.331796199999985], [39.0453514, 58.332263000000005], [39.04356469999999, 58.3329692], [39.0430159, 58.3325579], [39.0423023, 58.33237170000001], [39.0418977, 58.3322475], [39.04151749999999, 58.33221060000001], [39.0407101, 58.332237], [39.039473, 58.33191419999999], [39.038783, 58.3317155], [39.0379757, 58.331766800000004], [39.036170799999994, 58.3317947], [39.0355304, 58.3319332], [39.0336799, 58.3322985], [39.0326362, 58.3325376], [39.032089899999995, 58.3325385], [39.0321369, 58.3324509], [39.0326106, 58.33222529999998], [39.0329178, 58.3319499], [39.0323684, 58.331413699999985], [39.0275232, 58.331458899999994], [39.0287396, 58.33233140000001], [39.02724609999999, 58.332846100000005], [39.0277252, 58.3335574], [39.0268987, 58.334433100000005], [39.02839719999999, 58.3347806], [39.028090899999995, 58.335205800000004], [39.0268301, 58.3348955], [39.0261888, 58.33488400000001], [39.02531, 58.3349229], [39.02412329999999, 58.335074599999984], [39.02194409999999, 58.3361898], [39.020182299999995, 58.335468000000006], [39.018947499999996, 58.3355572], [39.018429299999994, 58.336369999999995], [39.0190012, 58.33669389999999], [39.018007999999995, 58.337495000000004], [39.016277499999994, 58.3381971], [39.016044599999994, 58.33837239999999], [39.0150471, 58.339123399999984], [39.013467899999995, 58.34007849999999], [39.0137687, 58.34034599999999], [39.0139087, 58.3405095], [39.01377569999999, 58.34095860000001], [39.0141313, 58.34111130000001], [39.0143937, 58.34131069999999], [39.01477460000001, 58.3414725], [39.0148232, 58.3416849], [39.0143258, 58.3419729], [39.014421899999995, 58.342147699999984], [39.0143753, 58.342322700000004], [39.014613499999996, 58.34245979999999], [39.0155415, 58.34256640000001], [39.015964399999994, 58.342942400000005], [39.016409599999996, 58.343103], [39.0167617, 58.3432059], [39.01711589999999, 58.343392499999986], [39.017280099999994, 58.3434802], [39.0244043, 58.34767600000001]], [[38.819416499999996, 58.025591799999994], [38.81972329999999, 58.0254962], [38.8204505, 58.0247462], [38.823721899999995, 58.019946399999995], [38.8225912, 58.019067899999996], [38.820087799999996, 58.0160037], [38.82282719999999, 58.015327799999994], [38.8292936, 58.0137322], [38.8317158, 58.012424900000006], [38.8248551, 58.007602199999994], [38.8250923, 58.0075421], [38.83079879999999, 58.0065335], [38.8415491, 58.0040209], [38.845712, 58.00647029999998], [38.8422985, 58.0085679], [38.8433039, 58.0107462], [38.843381699999995, 58.0108184], [38.8457505, 58.013016900000004], [38.8457955, 58.0151257], [38.847805099999995, 58.0165622], [38.8486352, 58.0168865], [38.8630104, 58.01690670000001], [38.8634405, 58.017205499999996], [38.8633667, 58.01764490000001], [38.8636378, 58.01827660000001], [38.863302899999994, 58.01834530000001], [38.86348079999999, 58.01860759999999], [38.8635585, 58.0190392], [38.86351559999999, 58.0195578], [38.86378249999999, 58.0196326], [38.8643799, 58.01981059999999], [38.8647039, 58.01993749999998], [38.86515359999999, 58.01993709999999], [38.8654614, 58.019888200000004], [38.8657332, 58.019913700000004], [38.8659352, 58.019923000000006], [38.866009, 58.01988699999999], [38.86650829999999, 58.01983880000001], [38.866612499999995, 58.01946710000001], [38.86671359999999, 58.01917429999999], [38.8667535, 58.0189193], [38.8668023, 58.0187747], [38.866842299999995, 58.0187171], [38.8669558, 58.018562100000004], [38.8670985, 58.018382599999995], [38.867176099999995, 58.0183001], [38.8672439, 58.01823989999999], [38.8675368, 58.0180307], [38.8679566, 58.01779230000001], [38.8682691, 58.0176417], [38.8687658, 58.0174771], [38.8688977, 58.0174081], [38.869016699999996, 58.01728920000001], [38.8663992, 58.01717579999999], [38.8664055, 58.01668360000001], [38.8663729, 58.0166489], [38.8644559, 58.01668409999999], [38.8642256, 58.016743399999996], [38.8614377, 58.01406699999999], [38.85732689999999, 58.01080249999998], [38.8572034, 58.0107036], [38.8575987, 58.0105158], [38.856746, 58.0098244], [38.8565315, 58.009347000000005], [38.856595799999994, 58.0076986], [38.857346899999996, 58.0076986], [38.857478199999996, 58.00673990000001], [38.8579589, 58.006705899999986], [38.8580543, 58.0054541], [38.8587163, 58.0054758], [38.8589086, 58.0047364], [38.859529099999996, 58.00476549999998], [38.8597716, 58.0039774], [38.8602101, 58.0037681], [38.8606544, 58.00356020000001], [38.8626524, 58.003910499999996], [38.8628303, 58.0039388], [38.8636653, 58.00380040000001], [38.8643415, 58.0034295], [38.8651484, 58.002896099999994], [38.8665665, 58.0022699], [38.867570099999995, 58.00197989999999], [38.8681594, 58.0019681], [38.868683399999995, 58.00216489999999], [38.8692736, 58.0027209], [38.869688599999996, 58.002963999999984], [38.8701688, 58.0029639], [38.87086699999999, 58.002824600000004], [38.8716308, 58.0027663], [38.87230759999999, 58.0027661], [38.8732457, 58.0024529], [38.8736384, 58.00234840000001], [38.8742932, 58.0023829], [38.87494579999999, 58.00253519999999], [38.8753819, 58.00272], [38.8763504, 58.00320989999999], [38.8769213, 58.0036753], [38.87731709999999, 58.004373699999995], [38.8769232, 58.0049327], [38.8783711, 58.005188200000006], [38.8796864, 58.00483830000001], [38.880432, 58.0047682], [38.8808715, 58.00525699999999], [38.8832263, 58.00505119999998], [38.88328359999999, 58.0050462], [38.88358960000001, 58.0044407], [38.8870537, 58.00385689999999], [38.891132, 58.00341239999999], [38.8948775, 58.00280079999999], [38.89540579999999, 58.00286280000001], [38.89640519999999, 58.003578999999995], [38.8968763, 58.00438890000001], [38.8968629, 58.00541], [38.89794109999999, 58.0054868], [38.898381, 58.00556350000001], [38.9082387, 58.0074541], [38.910209599999995, 58.0079017], [38.9096827, 58.008462999999985], [38.9051608, 58.00778039999999], [38.9019965, 58.0124275], [38.9047195, 58.01271959999999], [38.904396299999995, 58.01311909999998], [38.902112599999995, 58.0158628], [38.9045275, 58.01605059999999], [38.9052279, 58.01610509999998], [38.906516999999994, 58.0159942], [38.908305199999994, 58.0163072], [38.9083525, 58.01631549999999], [38.9120698, 58.0125523], [38.9144909, 58.0086172], [38.92207009999999, 58.009962399999985], [38.9312372, 58.011656], [38.9462782, 58.0148519], [38.9484522, 58.015286], [38.947983199999996, 58.0155358], [38.94769809999999, 58.01796650000001], [38.9434702, 58.0180017], [38.94330229999999, 58.02043239999998], [38.9460084, 58.0218321], [38.9539342, 58.0211698], [38.9632134, 58.0212846], [38.9633746, 58.0190342], [38.973529, 58.0217388], [38.97389559999999, 58.02183320000001], [38.9743394, 58.0219496], [38.9743769, 58.0219809], [38.9750495, 58.02254190000001], [38.9732032, 58.02312260000001], [38.9706941, 58.0239303], [38.9697015, 58.0246106], [38.96932449999999, 58.02516440000001], [38.9693761, 58.026195499999986], [38.9694274, 58.02715119999999], [38.9700014, 58.02840810000001], [38.96945740000001, 58.02967120000001], [38.96646019999999, 58.0302582], [38.9651984, 58.0302529], [38.965206599999995, 58.0323157], [38.964698, 58.0327377], [38.9649678, 58.034074999999994], [38.9649412, 58.03447100000001], [38.9649536, 58.03475189999999], [38.9631483, 58.0366007], [38.9595026, 58.0403436], [38.9593885, 58.04046929999999], [38.9587137, 58.0412128], [38.95750129999999, 58.04183019999999], [38.95676339999999, 58.0422231], [38.95554940000001, 58.0424204], [38.9546527, 58.0427575], [38.954495599999994, 58.04309370000001], [38.954760799999995, 58.0434015], [38.95571189999999, 58.04354059999999], [38.9557153, 58.0444648], [38.9548705, 58.0445497], [38.9534336, 58.0466601], [38.9478644, 58.0460604], [38.9443326, 58.0453102], [38.94382019999999, 58.04619509999999], [38.9442155, 58.046377799999995], [38.94362679999999, 58.0473722], [38.9409644, 58.0477146], [38.940471499999994, 58.047845899999984], [38.939385699999995, 58.04766380000001], [38.9386879, 58.04546750000001], [38.9381625, 58.045388300000006], [38.935244499999996, 58.0449163], [38.9382382, 58.04276970000001], [38.9396707, 58.0429852], [38.941021299999996, 58.0405934], [38.94090059999999, 58.0405707], [38.94059479999999, 58.0404543], [38.94031579999999, 58.04038049999998], [38.9399135, 58.0403549], [38.939302, 58.040335000000006], [38.93830419999999, 58.04033789999999], [38.933476199999994, 58.040440099999984], [38.930515, 58.04046280000001], [38.928562400000004, 58.040447199999996], [38.9280018, 58.040424499999986], [38.92771479999999, 58.040424499999986], [38.9274493, 58.04043010000001], [38.92717300000001, 58.04043010000001], [38.926722399999996, 58.040435800000004], [38.9261752, 58.0404756], [38.925925799999995, 58.04053379999999], [38.9260957, 58.0416471], [38.92737799999999, 58.04162000000001], [38.9271345, 58.0426925], [38.935499, 58.0435243], [38.9347195, 58.0448113], [38.934934, 58.044909], [38.93355609999999, 58.045903999999986], [38.933116, 58.047133699999996], [38.9346543, 58.05011400000001], [38.934951399999996, 58.05047989999999], [38.935003099999996, 58.05118599999999], [38.934272699999994, 58.05429899999999], [38.929785599999995, 58.0551659], [38.9309263, 58.0571526], [38.930384499999995, 58.0574408], [38.929549099999996, 58.05859229999999], [38.9217556, 58.059540099999985], [38.9214096, 58.0593311], [38.9049348, 58.061905799999984], [38.8980772, 58.06279930000001], [38.8964831, 58.0629611], [38.89472119999999, 58.0626443], [38.8910702, 58.0641593], [38.886411499999994, 58.066092399999995], [38.8886616, 58.06824460000001], [38.88787309999999, 58.0688988], [38.8891105, 58.07078119999999], [38.8870401, 58.0723254], [38.8856125, 58.074523099999986], [38.8731874, 58.0761431], [38.8646788, 58.077252400000006], [38.8665319, 58.081477899999996], [38.86605629999999, 58.081864700000004], [38.8657073, 58.082016200000005], [38.8652631, 58.08216759999999], [38.86466029999999, 58.08231909999999], [38.8642161, 58.082554599999995], [38.86164279999999, 58.080302599999996], [38.858913599999994, 58.0805892], [38.856214699999995, 58.0794299], [38.853314, 58.07983009999999], [38.8529882, 58.07987509999999], [38.852216399999996, 58.0799857], [38.855899099999995, 58.08126239999999], [38.85654679999999, 58.081526700000005], [38.8585345, 58.0823378], [38.8615836, 58.0843545], [38.863650799999995, 58.08586880000001], [38.8590601, 58.087510099999996], [38.8519985, 58.0889491], [38.851616299999996, 58.0896679], [38.85165169999999, 58.0902206], [38.85200009999999, 58.09092079999999], [38.852383399999994, 58.091455], [38.85224439999999, 58.091823599999984], [38.8523147, 58.09257900000001], [38.852628, 58.09280009999999], [38.85318469999999, 58.0928184], [38.8534633, 58.092892], [38.8544729, 58.0934999], [38.8565268, 58.094328600000004], [38.856527, 58.0945496], [38.8562139, 58.09478919999999], [38.8556575, 58.09521320000001], [38.855692499999996, 58.09539740000001], [38.8561798, 58.0954895], [38.8570845, 58.0954155], [38.8573974, 58.09521279999998], [38.8573274, 58.094733699999985], [38.8578143, 58.0944203], [38.8584756, 58.094328000000004], [38.85875399999999, 58.0944385], [38.858963, 58.094641100000004], [38.8590329, 58.0949728], [38.8590331, 58.095193900000005], [38.859242, 58.095193900000005], [38.86004179999999, 58.094732900000004], [38.8600766, 58.094567100000006], [38.86031979999999, 58.09427219999999], [38.86080689999999, 58.09416149999999], [38.86136379999999, 58.094364000000006], [38.8617122, 58.0946587], [38.8617821, 58.094953599999975], [38.861678, 58.0953221], [38.8614697, 58.095690700000006], [38.8622705, 58.096077399999984], [38.8627932, 58.0968327], [38.8635102, 58.09722669999999], [38.85964359999999, 58.102004900000004], [38.8589186, 58.1016096], [38.8528491, 58.0978235], [38.83831479999999, 58.08947150000001], [38.83391890000001, 58.08694499999999], [38.8302746, 58.0854339], [38.8274801, 58.0842571], [38.8261712, 58.0850398], [38.8256025, 58.0848016], [38.82559179999999, 58.08434210000001], [38.8257957, 58.08395079999999], [38.8262677, 58.0835197], [38.82321069999999, 58.08225999999999], [38.8226199, 58.082016499999995], [38.8222981, 58.081903100000005], [38.8219762, 58.0818464], [38.8215578, 58.0818464], [38.820967700000004, 58.0819201], [38.8121915, 58.08372390000001], [38.8120556, 58.08833989999999], [38.8189657, 58.0922016], [38.8184964, 58.092530499999995], [38.809113399999994, 58.0902695], [38.80371409999999, 58.08859469999999], [38.80235369999999, 58.087524899999984], [38.80226639999999, 58.0869595], [38.8020517, 58.086562399999984], [38.80156439999999, 58.086129699999994], [38.79018119999999, 58.0881318], [38.7853273, 58.089115400000004], [38.7782651, 58.0905323], [38.77903919999999, 58.091491000000005], [38.77741339999999, 58.0922036], [38.7788013, 58.0936194], [38.777218399999995, 58.094309499999994], [38.77597889999999, 58.0937882], [38.7743102, 58.0944103], [38.7740102, 58.09494230000001], [38.771523599999995, 58.099221], [38.7693425, 58.0991748], [38.76944999999999, 58.098767300000006], [38.76848909999999, 58.09787249999999], [38.76466009999999, 58.0987312], [38.76286530000001, 58.09777929999999], [38.758925, 58.099434], [38.758241399999996, 58.0991168], [38.748309, 58.10382119999999], [38.7473035, 58.10397909999998], [38.7452898, 58.10548380000001], [38.74618739999999, 58.105778699999995], [38.7443025, 58.1070909], [38.743447499999995, 58.1067734], [38.7415625, 58.1079949], [38.7416917, 58.1088178], [38.737860999999995, 58.109596499999995], [38.7365532, 58.11086359999999], [38.727718, 58.1110159], [38.7247694, 58.109722999999995], [38.71869269999999, 58.110374799999995], [38.717143, 58.11113100000001], [38.710217, 58.1128018], [38.7048401, 58.11409879999999], [38.69811399999999, 58.11654930000001], [38.684831499999994, 58.121086899999995], [38.68243619999999, 58.1199997], [38.680893899999994, 58.11918020000001], [38.676747399999996, 58.1173023], [38.6757995, 58.116873], [38.6698947, 58.113899499999995], [38.6695457, 58.11372369999999], [38.653631, 58.10607650000001], [38.65251539999999, 58.105545699999986], [38.648931899999994, 58.1040067], [38.6503931, 58.10211060000001], [38.6538853, 58.1030408], [38.6554303, 58.102132999999995], [38.6566855, 58.09986000000001], [38.66177749999999, 58.100180099999996], [38.6615148, 58.099881999999994], [38.6610717, 58.0996304], [38.6611025, 58.0993481], [38.66148990000001, 58.09886229999999], [38.6622622, 58.09843969999999], [38.6629149, 58.09823659999999], [38.6631821, 58.09812709999999], [38.6632124, 58.09797030000001], [38.6630057, 58.097797500000006], [38.662858899999996, 58.0975307], [38.662681899999995, 58.09734219999999], [38.662357, 58.097137799999985], [38.6622098, 58.0968867], [38.66218169999999, 58.09658859999998], [38.6619153, 58.096509799999986], [38.66176709999999, 58.096541], [38.6617349, 58.0968826], [38.662030699999995, 58.09723150000001], [38.66223709999999, 58.09742], [38.6622358, 58.097718099999994], [38.6619685, 58.0978433], [38.66128719999999, 58.09782669999999], [38.660635799999994, 58.0977475], [38.660280799999995, 58.0976214], [38.660104100000005, 58.09738600000001], [38.660075799999994, 58.09711929999999], [38.6603434, 58.0969156], [38.660966499999994, 58.09668109999999], [38.66135309999999, 58.09638360000001], [38.6612358, 58.09608540000001], [38.66049639999999, 58.095833400000004], [38.6594015, 58.095565300000004], [38.6587792, 58.0956116], [38.65878039999999, 58.09534490000001], [38.6580414, 58.095014600000006], [38.6572718, 58.0948567], [38.6567983, 58.0947306], [38.656396099999995, 58.09452499999999], [38.6562962, 58.09440049999999], [38.657272999999996, 58.0946058], [38.658428099999995, 58.0946386], [38.6588626, 58.094701199999996], [38.66002679999999, 58.09487599999999], [38.660269199999995, 58.09458060000001], [38.6628226, 58.0945681], [38.6628336, 58.09170710000001], [38.6646641, 58.0910509], [38.6668183, 58.093205999999995], [38.66708489999999, 58.09322199999999], [38.66776759999999, 58.0929247], [38.6688377, 58.0920476], [38.66976009999999, 58.0911075], [38.6707706, 58.09030870000001], [38.67210169999999, 58.0894656], [38.672924, 58.08894479999999], [38.673860000000005, 58.088241700000005], [38.674292, 58.0876444], [38.6743691, 58.08690889999999], [38.674369899999995, 58.0867049], [38.674697599999995, 58.08659230000001], [38.67951579999999, 58.084936500000005], [38.6814419, 58.08433190000001], [38.687329299999995, 58.082484], [38.6893449, 58.0819998], [38.6904704, 58.08195399999999], [38.6930311, 58.082463399999995], [38.6951036, 58.08003060000001], [38.6968694, 58.0781069], [38.6979747, 58.077213400000005], [38.6993366, 58.076693000000006], [38.701071299999995, 58.07684379999999], [38.702102, 58.077143], [38.70075599999999, 58.079862299999995], [38.70069019999999, 58.0798679], [38.7005101, 58.0802067], [38.70008399999999, 58.080396500000006], [38.6995039, 58.0813139], [38.6987957, 58.0812089], [38.6976487, 58.083188699999994], [38.702735999999994, 58.083901700000006], [38.7047979, 58.0842159], [38.706345999999996, 58.08445179999999], [38.708883099999994, 58.0832117], [38.7102468, 58.08220659999999], [38.7111723, 58.0815503], [38.7100157, 58.0810511], [38.7130271, 58.0791535], [38.7149501, 58.07798689999999], [38.7168623, 58.0777612], [38.7211276, 58.079923799999996], [38.722309, 58.0806257], [38.7225499, 58.0808649], [38.7224099, 58.08087760000001], [38.722171, 58.080926699999985], [38.7219536, 58.0809335], [38.72183139999999, 58.0809555], [38.7213429, 58.0809857], [38.7212598, 58.0809679], [38.72117659999999, 58.08096100000001], [38.72108049999999, 58.0809665], [38.720474499999995, 58.081014], [38.7203234, 58.0810103], [38.7201736, 58.080978899999984], [38.719690899999996, 58.08116290000001], [38.7197148, 58.081222200000006], [38.7199134, 58.0816607], [38.7196403, 58.0816694], [38.71982289999999, 58.08178230000001], [38.720076799999994, 58.08189599999999], [38.7203678, 58.081966099999995], [38.7206511, 58.0820224], [38.720648499999996, 58.08208700000001], [38.720737, 58.082229699999985], [38.7208656, 58.0823414], [38.721111799999996, 58.0824337], [38.7214122, 58.0824882], [38.72183969999999, 58.0825018], [38.722304799999996, 58.08247149999999], [38.7226452, 58.08243170000001], [38.7235988, 58.08231909999999], [38.72358319999999, 58.0823864], [38.7235182, 58.0825031], [38.7235048, 58.0825845], [38.7235104, 58.082668000000005], [38.7235598, 58.082750400000016], [38.72368449999999, 58.08285479999999], [38.723902499999994, 58.0829732], [38.7239847, 58.08302590000001], [38.7240015, 58.08304720000001], [38.7238781, 58.0831038], [38.7234555, 58.08316980000001], [38.72326259999999, 58.083181499999995], [38.72320289999999, 58.083147000000004], [38.7231597, 58.0830814], [38.7230347, 58.08302019999999], [38.7229098, 58.08299890000001], [38.72283079999999, 58.08301049999999], [38.72269109999999, 58.0830494], [38.722603899999996, 58.083102000000004], [38.72255249999999, 58.083161100000005], [38.7224804, 58.08332209999999], [38.7224523, 58.0833826], [38.7224327, 58.0834375], [38.7224596, 58.08355159999999], [38.7224266, 58.0837186], [38.72245409999999, 58.08396829999998], [38.722557, 58.084085800000004], [38.7225883, 58.08416639999999], [38.722551499999994, 58.0842927], [38.7224767, 58.084450000000004], [38.722398999999996, 58.08454619999999], [38.722252000000005, 58.08463559999999], [38.721958, 58.0847483], [38.7218423, 58.08480659999999], [38.721827, 58.08485219999999], [38.7218756, 58.0849157], [38.7219589, 58.084962999999995], [38.7221079, 58.08500740000001], [38.722333199999994, 58.085030100000004], [38.7224817, 58.085072700000005], [38.722545999999994, 58.08511349999999], [38.7225405, 58.0851562], [38.72250009999999, 58.08518730000001], [38.7224211, 58.0852184], [38.7218845, 58.08530869999999], [38.721706299999994, 58.08530100000001], [38.721359099999994, 58.0853029], [38.721242999999994, 58.0853228], [38.7208765, 58.08558319999999], [38.72075269999999, 58.085658399999986], [38.7204404, 58.08576529999999], [38.7200866, 58.0859578], [38.7200827, 58.0860474], [38.7201283, 58.086141700000006], [38.72018229999999, 58.0862058], [38.7203876, 58.08636509999999], [38.7209012, 58.0864529], [38.7213952, 58.0868221], [38.72125489999999, 58.087064999999996], [38.7220223, 58.0880068], [38.722078499999995, 58.08908929999999], [38.722343699999996, 58.08959139999999], [38.722015999999996, 58.09025009999999], [38.7220152, 58.09051669999999], [38.72302940000001, 58.0912354], [38.723251299999994, 58.09118540000001], [38.7233935, 58.091207600000004], [38.723722099999996, 58.09123520000001], [38.7240198, 58.091243699999985], [38.72438429999999, 58.09124109999999], [38.725113699999994, 58.0912317], [38.725339999999996, 58.0912207], [38.725532099999995, 58.09120029999999], [38.7258752, 58.0911477], [38.7260528, 58.0911324], [38.7266033, 58.09111639999999], [38.7269814, 58.0911067], [38.7272034, 58.091091799999994], [38.7274519, 58.091061200000006], [38.72768039999999, 58.0910323], [38.72788429999999, 58.09098240000001], [38.72846690000001, 58.09087230000001], [38.728729799999996, 58.0908056], [38.728936299999994, 58.09076449999999], [38.7291616, 58.0907248], [38.729403, 58.09069650000001], [38.7296337, 58.0906837], [38.729993099999994, 58.09064969999999], [38.73029079999999, 58.090593000000005], [38.7304518, 58.090551899999994], [38.730631499999994, 58.0904852], [38.73084339999999, 58.09037889999998], [38.73099359999999, 58.0903193], [38.7315702, 58.0901336], [38.731884099999995, 58.09003299999999], [38.73239639999999, 58.089902499999994], [38.7330696, 58.089691300000005], [38.73374009999999, 58.08949280000001], [38.73426589999999, 58.08933110000001], [38.734745999999994, 58.08920209999999], [38.7350705, 58.089110000000005], [38.7353173, 58.08905179999999], [38.7355211, 58.0890107], [38.7357652, 58.0889895], [38.7359825, 58.0889639], [38.73625609999999, 58.08892], [38.7365779, 58.08886470000001], [38.736771, 58.0888264], [38.736991, 58.08875830000001], [38.7373504, 58.08862930000001], [38.7381443, 58.0883075], [38.7386003, 58.0881161], [38.7389624, 58.087987000000005], [38.739329899999994, 58.08788639999999], [38.739694699999994, 58.0877772], [38.7401774, 58.0876765], [38.74066019999999, 58.087581500000006], [38.7409472, 58.087524800000004], [38.7412423, 58.0874596], [38.741620499999996, 58.0873717], [38.741926299999996, 58.087276700000004], [38.74227489999999, 58.08715049999999], [38.742513699999996, 58.08703849999999], [38.7429213, 58.0868683], [38.743283399999996, 58.0867393], [38.7435329, 58.086658500000006], [38.7436831, 58.0866089], [38.7438065, 58.0865309], [38.743935199999996, 58.0864259], [38.74408809999999, 58.0862969], [38.74426509999999, 58.086175000000004], [38.7443617, 58.086132400000004], [38.7444529, 58.08608989999998], [38.744528, 58.0860686], [38.7445897, 58.0860459], [38.7446678, 58.086032900000006], [38.7447479, 58.08601190000001], [38.7448177, 58.08599349999999], [38.7448794, 58.08598070000001], [38.74495180000001, 58.08596229999999], [38.7450537, 58.085932499999984], [38.7451905, 58.08589849999999], [38.74535139999999, 58.085868699999985], [38.745493599999996, 58.085851700000006], [38.74563839999999, 58.085851700000006], [38.74574839999999, 58.08585740000001], [38.7458879, 58.085843199999985], [38.7459871, 58.08582619999999], [38.7460703, 58.0858021], [38.7466094, 58.08560640000001], [38.7472531, 58.08534969999999], [38.747676899999995, 58.085176699999984], [38.7481651, 58.0849541], [38.748723000000005, 58.084711600000006], [38.7491199, 58.08454569999999], [38.7495679, 58.084348600000006], [38.749886999999994, 58.08417560000001], [38.7501392, 58.084015400000006], [38.7503457, 58.08388209999999], [38.75068099999999, 58.0836254], [38.750774899999996, 58.08355170000001], [38.7442526, 58.079642400000004], [38.744223999999996, 58.07885000000001], [38.74355539999999, 58.07750740000001], [38.7424291, 58.07616449999999], [38.7402977, 58.07389920000001], [38.7385483, 58.0719973], [38.738288499999996, 58.0717148], [38.7390225, 58.0710846], [38.741227499999994, 58.0677711], [38.7391228, 58.06736540000001], [38.73912490000001, 58.066475999999994], [38.7365921, 58.06649050000001], [38.7364084, 58.0667815], [38.7349442, 58.0665379], [38.7333351, 58.0665771], [38.7309236, 58.06407080000001], [38.7301797, 58.063297599999984], [38.729948799999995, 58.0630576], [38.72715779999999, 58.0603047], [38.739528699999994, 58.055524], [38.7397705, 58.055430599999994], [38.7505072, 58.0512824], [38.7454831, 58.04725289999998], [38.7421033, 58.04482519999999], [38.75254309999999, 58.039769899999996], [38.7558061, 58.03952910000001], [38.763844299999995, 58.038510699999996], [38.7662239, 58.0412332], [38.767273499999995, 58.04176929999999], [38.7746949, 58.04233389999998], [38.78104689999999, 58.041173300000004], [38.78797149999999, 58.0394101], [38.7887941, 58.03920060000001], [38.786907, 58.0373815], [38.7862714, 58.0365098], [38.78623069999999, 58.035755], [38.7882514, 58.03504840000001], [38.79204969999999, 58.03419230000001], [38.7927762, 58.03487819999999], [38.793664899999996, 58.0351784], [38.7956854, 58.03436450000001], [38.80014369999999, 58.035060900000005], [38.8034167, 58.0320451], [38.8037754, 58.03219809999999], [38.8039363, 58.032253499999996], [38.8048918, 58.032698200000006], [38.806348899999996, 58.033376399999995], [38.8078507, 58.031084500000006], [38.8110073, 58.0316603], [38.819005499999996, 58.0280341], [38.819889999999994, 58.0276363], [38.8196412, 58.027591999999984], [38.8185518, 58.02755969999999], [38.818092, 58.027498900000005], [38.8177124, 58.0273788], [38.8176454, 58.02721309999998], [38.81764119999999, 58.02714189999999], [38.81780210000001, 58.0269466], [38.8178276, 58.026838599999984], [38.8180093, 58.02655129999999], [38.81804759999999, 58.02643169999998], [38.8180434, 58.0263328], [38.8179884, 58.026157899999994], [38.8180221, 58.0259831], [38.8181994, 58.025861400000004], [38.818322, 58.025810799999995], [38.818609099999996, 58.0257695], [38.818769599999996, 58.02576039999998], [38.81892590000001, 58.02573279999999], [38.8191116, 58.0256708], [38.819416499999996, 58.025591799999994]]]]}}, {"type": "Feature", "properties": {"id": "mo-78650000", "name": "Ярославский муниципальный район", "region": "Ярославская область", "isCity": false, "sourceOktmo": "78-650-000-000", "sourceAgg": "Ярославль", "excelNames": ["Ярославский муниципальный район"], "oktmo": "78650000", "vgp": [{"year": 2019, "value": 35367412.07314085}, {"year": 2020, "value": 37105509.73021637}, {"year": 2021, "value": 40211798.97958139}, {"year": 2022, "value": 49379548.49003182}, {"year": 2023, "value": 55861955.74775351}, {"year": 2024, "value": 64354537.0564902}], "population": [{"year": 2019, "value": 64563.0}, {"year": 2020, "value": 66072.0}, {"year": 2021, "value": 67675.0}, {"year": 2022, "value": 69554.0}, {"year": 2023, "value": 70406.0}, {"year": 2024, "value": 72442.0}, {"year": 2025, "value": 73763.0}], "shipments": [{"year": 2019, "value": 31972392.1}, {"year": 2020, "value": 28747587.1}, {"year": 2021, "value": 36748436.8}, {"year": 2022, "value": 33177939.2}, {"year": 2023, "value": 37262512.8}, {"year": 2024, "value": 39158127.3}], "employees": [{"year": 2019, "value": 14806.0}, {"year": 2020, "value": 15029.0}, {"year": 2021, "value": 14891.0}, {"year": 2022, "value": 14697.0}, {"year": 2023, "value": 14378.0}, {"year": 2024, "value": 14384.0}], "investments": [{"year": 2019, "value": 4225948.0}, {"year": 2020, "value": 4071833.0}, {"year": 2021, "value": 4119674.0}, {"year": 2022, "value": 4461689.0}, {"year": 2023, "value": 6941203.0}, {"year": 2024, "value": 9729435.0}], "vgp2024": 64354537.0564902, "pop2024": 72442.0, "ship2024": 39158127.3, "emp2024": 14384.0, "inv2024": 9729435.0}, "geometry": {"type": "MultiPolygon", "coordinates": [[[[39.6394566, 57.47039680000001], [39.627494, 57.471506999999995], [39.61133399999999, 57.472795], [39.6069889, 57.480163700000006], [39.60101, 57.480917], [39.58602, 57.48437799999999], [39.581981, 57.48501000000002], [39.5715946, 57.484138400000006], [39.567526, 57.48379699999999], [39.5625059, 57.4829978], [39.5619166, 57.48290399999999], [39.561741, 57.482876], [39.550171999999996, 57.481032], [39.549603999999995, 57.482278], [39.5493912, 57.4824102], [39.545579, 57.484778], [39.544418, 57.484156999999996], [39.546692, 57.47917], [39.5398675, 57.47824800000001], [39.536307, 57.48105899999999], [39.535582, 57.483518100000005], [39.52652100000001, 57.48606], [39.51869899999999, 57.486437800000004], [39.518625199999995, 57.4854649], [39.517774, 57.474242999999994], [39.5151113, 57.47197289999999], [39.511260199999995, 57.4703314], [39.507353, 57.470525], [39.494073, 57.471169999999994], [39.490619, 57.473044], [39.486594, 57.47616400000001], [39.478511, 57.476799], [39.46928199999999, 57.479304], [39.4633355, 57.4797983], [39.45969149999999, 57.47827639999999], [39.458868, 57.47620399999999], [39.4575415, 57.47515929999999], [39.44853289999999, 57.4756749], [39.4407616, 57.4739101], [39.4465322, 57.4705016], [39.44132419999999, 57.4703121], [39.438036, 57.468134], [39.433523099999995, 57.464629900000006], [39.428777, 57.46378500000001], [39.42531199999999, 57.46378800000001], [39.41510999999999, 57.467299], [39.40048999999999, 57.46599200000001], [39.398775, 57.47097600000001], [39.398759, 57.475023], [39.40411019999999, 57.47692699999999], [39.4052809, 57.483266400000005], [39.40462, 57.490709], [39.40735459999999, 57.4909625], [39.4080442, 57.4982933], [39.4033953, 57.4984354], [39.4050785, 57.5039936], [39.3847053, 57.5040023], [39.3865186, 57.5017874], [39.383847, 57.499637], [39.37921999999999, 57.498706], [39.37459599999999, 57.498708999999984], [39.36997699999999, 57.50058], [39.367664, 57.50027], [39.353784999999995, 57.49716399999999], [39.359529, 57.48252500000001], [39.349755, 57.4812225], [39.3484536, 57.48289090000001], [39.3424908, 57.4812563], [39.3366879, 57.4831749], [39.3342143, 57.484602], [39.3325987, 57.4848697], [39.3313521, 57.48598479999999], [39.3262145, 57.4851694], [39.3203388, 57.491040000000005], [39.316033999999995, 57.48870670000001], [39.3010019, 57.487761], [39.30080039999999, 57.485657999999994], [39.2560371, 57.48814910000001], [39.25716059999999, 57.4896655], [39.2554803, 57.491471600000004], [39.25188309999999, 57.4939119], [39.254259899999994, 57.5110282], [39.2569072, 57.510598800000004], [39.261125099999994, 57.511446], [39.262461, 57.51243500000001], [39.26593, 57.513682], [39.26593, 57.516173], [39.267086, 57.519287000000006], [39.269353, 57.520909100000004], [39.2711317, 57.5249306], [39.2688998, 57.52610700000001], [39.27229199999999, 57.529253], [39.275626599999995, 57.532589599999994], [39.2657949, 57.5332951], [39.2630802, 57.531479499999996], [39.26191, 57.53172409999999], [39.26020609999999, 57.5328053], [39.25361329999999, 57.532992499999985], [39.25317559999999, 57.529484700000005], [39.2295913, 57.53072170000001], [39.234448699999994, 57.5531705], [39.235154099999995, 57.5578957], [39.2355358, 57.56033099999999], [39.23588989999999, 57.5627768], [39.2362225, 57.565210900000004], [39.236567199999996, 57.56765510000001], [39.23395769999999, 57.568393400000005], [39.233492, 57.568907900000006], [39.233695899999994, 57.569092000000005], [39.233754899999994, 57.56939409999999], [39.2333364, 57.5699234], [39.232951799999995, 57.570448400000004], [39.23028939999999, 57.5750495], [39.2303377, 57.5755471], [39.2312304, 57.57616869999999], [39.2278218, 57.577689899999996], [39.22531759999999, 57.57910679999999], [39.22381149999999, 57.58162860000001], [39.230725, 57.5831164], [39.2337781, 57.58513440000001], [39.23515479999999, 57.5871964], [39.2393683, 57.5905933], [39.2397542, 57.596101700000006], [39.2458937, 57.5963626], [39.249037, 57.5946475], [39.252721699999995, 57.5953304], [39.2596513, 57.5925676], [39.2651685, 57.5928282], [39.26485709999999, 57.5910957], [39.2668383, 57.5904638], [39.270989799999995, 57.590108099999995], [39.27122279999999, 57.592399400000005], [39.273627499999996, 57.594408200000004], [39.267141, 57.597994400000005], [39.2616043, 57.6018883], [39.2611522, 57.6035404], [39.26125789999999, 57.6067289], [39.264259900000006, 57.6089899], [39.268817, 57.6093632], [39.2706927, 57.60927710000001], [39.2743063, 57.610274999999994], [39.2751153, 57.61239990000001], [39.27403819999999, 57.61417939999999], [39.27519499999999, 57.61488699999999], [39.2781414, 57.61640589999999], [39.27825109999999, 57.6170523], [39.278385899999996, 57.617847099999985], [39.27843599999999, 57.6181424], [39.2736648, 57.6205407], [39.268862399999996, 57.620913699999996], [39.2678721, 57.6195584], [39.260459, 57.6195605], [39.259105999999996, 57.6177932], [39.2590193, 57.61768], [39.2589445, 57.6175823], [39.25887589999999, 57.61749269999999], [39.2582049, 57.61661619999999], [39.25299170000001, 57.617049], [39.245127399999994, 57.6183303], [39.24176169999999, 57.61833639999999], [39.2411657, 57.61975950000001], [39.2386678, 57.619434199999986], [39.2357328, 57.6217678], [39.2342467, 57.62356020000001], [39.2351984, 57.6238168], [39.232951299999996, 57.6260028], [39.2336253, 57.6276168], [39.2406179, 57.63315510000001], [39.2432427, 57.634187499999996], [39.2566712, 57.6351036], [39.259046999999995, 57.633875800000006], [39.25959399999999, 57.63366149999999], [39.260574399999996, 57.634343099999995], [39.2606869, 57.63608490000001], [39.25789819999999, 57.63810060000001], [39.25786299999999, 57.64060550000001], [39.2518118, 57.641829599999994], [39.249075600000005, 57.64418340000001], [39.2473182, 57.64502349999999], [39.2482377, 57.6463107], [39.24190389999999, 57.64951289999998], [39.2408466, 57.653616], [39.23988599999999, 57.6558665], [39.235850199999994, 57.657141499999994], [39.24144540000001, 57.6625852], [39.242163, 57.6635525], [39.2444118, 57.663377], [39.2456996, 57.6644908], [39.249825799999996, 57.66433759999999], [39.25049409999999, 57.66500889999999], [39.2538115, 57.6627782], [39.25719209999999, 57.6625409], [39.260383, 57.6634244], [39.263223499999995, 57.6630573], [39.2653944, 57.662956900000005], [39.26559439999999, 57.667241], [39.2658433, 57.669158700000004], [39.2669593, 57.671106300000005], [39.26934709999999, 57.6745109], [39.26846999999999, 57.676767000000005], [39.2648403, 57.67753820000001], [39.2614437, 57.67835989999999], [39.26519089999999, 57.679688799999994], [39.270680199999994, 57.67838770000001], [39.27095829999999, 57.67896600000001], [39.2777106, 57.681282100000004], [39.2775227, 57.681687100000005], [39.2821969, 57.683927399999995], [39.28395509999999, 57.6830232], [39.28707719999999, 57.68176709999999], [39.28920149999999, 57.6793407], [39.29239760000001, 57.677192899999994], [39.2922887, 57.676542000000005], [39.294145, 57.6750169], [39.2949986, 57.67052979999999], [39.3008959, 57.6702362], [39.3034494, 57.67028210000001], [39.306953099999994, 57.670007600000005], [39.306984799999995, 57.66821190000001], [39.3058949, 57.6679529], [39.306030299999996, 57.665587800000004], [39.3048804, 57.66446289999999], [39.3049015, 57.6643339], [39.3095876, 57.66403640000001], [39.3109225, 57.662241099999996], [39.31009470000001, 57.66171940000001], [39.3089432, 57.6598699], [39.30945259999999, 57.65958010000001], [39.312533099999996, 57.658575500000005], [39.3159043, 57.6588984], [39.319630999999994, 57.6593229], [39.328561799999996, 57.6600492], [39.336863699999995, 57.6641008], [39.3361111, 57.66607710000001], [39.350073699999996, 57.6689754], [39.3519227, 57.668565099999995], [39.3538366, 57.66830840000001], [39.3562192, 57.670641100000005], [39.3604517, 57.6726918], [39.3609837, 57.6728545], [39.3658502, 57.6716859], [39.36585899999999, 57.6710968], [39.3678004, 57.6692672], [39.3725853, 57.6716695], [39.37712359999999, 57.6699715], [39.3757725, 57.6674303], [39.3763169, 57.6663171], [39.3759951, 57.6657031], [39.376256399999995, 57.66540749999999], [39.3768293, 57.66521819999999], [39.37953829999999, 57.664962799999984], [39.3849832, 57.6655309], [39.3878189, 57.664978299999994], [39.38862100000001, 57.6703676], [39.3924373, 57.6698569], [39.3939619, 57.6675322], [39.3995136, 57.6658004], [39.402636799999996, 57.667928999999994], [39.4070675, 57.668846], [39.4076693, 57.66922060000001], [39.41172999999999, 57.67034970000002], [39.4156791, 57.670446], [39.418565599999994, 57.6663604], [39.4316456, 57.6681685], [39.4360167, 57.66788100000001], [39.4362295, 57.66821070000001], [39.4392532, 57.6699012], [39.4426378, 57.67041860000001], [39.44609849999999, 57.67037740000001], [39.4479846, 57.66972810000001], [39.44924189999999, 57.6702855], [39.44981450000001, 57.6702282], [39.4508552, 57.66968610000001], [39.45161689999999, 57.66961429999999], [39.45210809999999, 57.6691517], [39.452837699999996, 57.66914310000001], [39.45355109999999, 57.668503300000005], [39.4551927, 57.6682021], [39.45691469999999, 57.668328299999985], [39.4577032, 57.6686496], [39.45834399999999, 57.668697], [39.4592267, 57.6685119], [39.4598222, 57.66809589999999], [39.4603157, 57.668015600000004], [39.463985, 57.66792950000001], [39.4659686, 57.66727349999999], [39.467018599999996, 57.66681519999999], [39.46760119999999, 57.666062600000004], [39.4702319, 57.6649353], [39.478383099999995, 57.663631499999994], [39.484815, 57.663763499999995], [39.4858657, 57.66343499999999], [39.48641789999999, 57.66614100000001], [39.4867884, 57.6681072], [39.48654299999999, 57.6694223], [39.48572759999999, 57.6706961], [39.4850822, 57.67105000000001], [39.4823641, 57.67242160000001], [39.48291669999999, 57.67299100000001], [39.4832868, 57.673592000000006], [39.483732999999994, 57.675133100000004], [39.4907767, 57.6751636], [39.4885346, 57.68185139999999], [39.4885118, 57.68202610000001], [39.496772699999994, 57.682802900000006], [39.498325699999995, 57.6849552], [39.4938089, 57.68447389999999], [39.494390599999996, 57.6862486], [39.5021411, 57.687321100000005], [39.5059738, 57.689578], [39.50857599999999, 57.690847999999995], [39.5104509, 57.6920464], [39.5112938, 57.6939292], [39.51459859999999, 57.69388610000001], [39.51709730000001, 57.6932399], [39.5249582, 57.6930037], [39.5279939, 57.691884200000004], [39.52945499999999, 57.69511270000001], [39.5316416, 57.695283599999996], [39.53448769999999, 57.6984929], [39.5340929, 57.702305], [39.528033799999996, 57.7055623], [39.5247087, 57.707631600000006], [39.525721999999995, 57.7087452], [39.5306917, 57.7086127], [39.5306389, 57.7124913], [39.53652309999999, 57.7163232], [39.543867999999996, 57.7160932], [39.5451539, 57.71488409999999], [39.54845989999999, 57.715972], [39.5569849, 57.715982], [39.5586521, 57.71501500000001], [39.5663308, 57.7155605], [39.5649246, 57.7183186], [39.5686074, 57.7198974], [39.569974099999996, 57.7192075], [39.574256199999994, 57.720399900000004], [39.577067299999996, 57.72101550000001], [39.581843899999996, 57.72302929999999], [39.59198099999999, 57.72569099999999], [39.5956065, 57.7361647], [39.5980724, 57.7382161], [39.6017143, 57.737356500000004], [39.60395009999999, 57.736696099999996], [39.61404889999999, 57.73396609999999], [39.6219477, 57.7318795], [39.625472099999996, 57.73096699999999], [39.6268773, 57.732843399999986], [39.633283399999996, 57.7435785], [39.635067, 57.745866], [39.6371097, 57.7504261], [39.6361978, 57.7592588], [39.635753599999994, 57.7594505], [39.636837199999995, 57.762088999999996], [39.63609689999999, 57.763851700000004], [39.636256599999996, 57.76556780000001], [39.642260199999996, 57.76595270000001], [39.6470964, 57.765501500000006], [39.647616899999996, 57.7657907], [39.6489832, 57.7655247], [39.6492868, 57.7651082], [39.65464469999999, 57.76499710000001], [39.6598308, 57.7639659], [39.6638389, 57.765723999999985], [39.66448539999999, 57.76887599999999], [39.6663541, 57.7718469], [39.667682, 57.77331039999999], [39.67210829999999, 57.77499710000001], [39.6763157, 57.7740325], [39.6810596, 57.774090499999986], [39.6835167, 57.77550970000001], [39.6841576, 57.77790199999999], [39.6861445, 57.781968500000005], [39.687005299999996, 57.784350899999986], [39.6825294, 57.78491650000001], [39.68250990000001, 57.78535179999999], [39.682069999999996, 57.7881869], [39.68886809999999, 57.78901320000001], [39.7021463, 57.7914311], [39.7120733, 57.793548400000006], [39.725955799999994, 57.79406909999999], [39.729569399999995, 57.793775200000006], [39.73701169999999, 57.79321809999999], [39.73755239999999, 57.7954643], [39.736226, 57.79803599999999], [39.73819099999999, 57.79811140000001], [39.74147419999999, 57.79823749999999], [39.743169599999995, 57.799871399999994], [39.739457699999996, 57.802746], [39.7367282, 57.802561899999986], [39.734953899999994, 57.8038008], [39.7337075, 57.8038309], [39.731609299999995, 57.8049143], [39.7310398, 57.805967599999995], [39.731519199999994, 57.8062047], [39.7314173, 57.806587699999994], [39.7315389, 57.807149700000004], [39.729788199999994, 57.808257100000006], [39.7296689, 57.80902360000001], [39.7309559, 57.81124320000001], [39.7322715, 57.8120856], [39.732479399999995, 57.81225190000001], [39.7324526, 57.81250330000001], [39.73213169999999, 57.81291190000001], [39.7320878, 57.813432], [39.7322595, 57.8139378], [39.7326857, 57.8149519], [39.7332573, 57.81557229999999], [39.733268, 57.81578660000001], [39.73317680000001, 57.8160409], [39.7332223, 57.8163582], [39.73332169999999, 57.816662300000004], [39.7336328, 57.817078], [39.7337669, 57.8172538], [39.73420939999999, 57.817643200000006], [39.7343919, 57.81766229999999], [39.7356337, 57.81749090000001], [39.73701239999999, 57.817578], [39.7378466, 57.81752949999999], [39.7387075, 57.8176238], [39.7401988, 57.817720900000005], [39.740348999999995, 57.81790379999999], [39.7407767, 57.81797399999999], [39.7417395, 57.81785249999999], [39.743436599999995, 57.81717739999999], [39.7436429, 57.8156762], [39.7433307, 57.815498299999994], [39.7433072, 57.8152597], [39.74367049999999, 57.81494779999999], [39.744977999999996, 57.8150635], [39.7453665, 57.8153772], [39.74597099999999, 57.815583700000005], [39.7461963, 57.8157065], [39.7466542, 57.815804899999996], [39.7482777, 57.81672090000001], [39.748444, 57.81726660000001], [39.74857269999999, 57.81744380000001], [39.7488096, 57.8175605], [39.7492164, 57.8182523], [39.7495383, 57.818660900000005], [39.7502893, 57.81970090000001], [39.751230799999995, 57.820271399999996], [39.7521937, 57.8206351], [39.752805200000005, 57.82112649999999], [39.752483399999996, 57.8213036], [39.7525424, 57.82150649999999], [39.752751599999996, 57.82164070000001], [39.7535026, 57.821814999999994], [39.7540766, 57.82186930000001], [39.754693499999995, 57.822020699999996], [39.755128, 57.82222639999999], [39.7552434, 57.8223049], [39.75518449999999, 57.822386900000005], [39.7546077, 57.822649199999994], [39.7542751, 57.8226006], [39.7530556, 57.8232158], [39.7597468, 57.82411470000001], [39.76209089999999, 57.82403310000001], [39.7629976, 57.8238233], [39.76317999999999, 57.8233205], [39.763040499999995, 57.8229891], [39.76731660000001, 57.818832399999984], [39.778620999999994, 57.81991450000001], [39.77966889999999, 57.822071], [39.78093619999999, 57.822360599999996], [39.78469129999999, 57.823886099999996], [39.7885395, 57.82561260000001], [39.796558399999995, 57.82385670000001], [39.80366279999999, 57.82529719999999], [39.80624099999999, 57.8256967], [39.8091316, 57.82553729999999], [39.8118794, 57.825331699999985], [39.8138952, 57.8251831], [39.8217566, 57.82663850000001], [39.8222422, 57.82626849999999], [39.8228429, 57.8247403], [39.8244309, 57.824223200000006], [39.8262685, 57.8231433], [39.8275598, 57.8231805], [39.83368039999999, 57.81984880000001], [39.840234499999994, 57.82393759999999], [39.847346099999996, 57.8280835], [39.85123159999999, 57.8288736], [39.85722899999999, 57.829798999999994], [39.85781649999999, 57.83001469999999], [39.8569699, 57.8305721], [39.8550188, 57.8306159], [39.85309079999999, 57.830646299999984], [39.8517895, 57.8307929], [39.851338899999995, 57.83085009999999], [39.85057259999999, 57.83121750000001], [39.8501964, 57.832290799999996], [39.85112959999999, 57.8332063], [39.8515856, 57.833623199999984], [39.85188600000001, 57.83418590000001], [39.8523366, 57.83528820000001], [39.852368799999994, 57.835839400000005], [39.8522389, 57.83638690000001], [39.8521006, 57.8367503], [39.855630399999995, 57.83710440000001], [39.8564994, 57.8371501], [39.8580873, 57.83747569999999], [39.8599559, 57.837630899999986], [39.86176119999999, 57.836782199999995], [39.8627088, 57.83493749999999], [39.86445789999999, 57.8336694], [39.8689808, 57.8330908], [39.872619, 57.8387859], [39.8719894, 57.84481509999999], [39.8759333, 57.8481301], [39.8710531, 57.8520334], [39.86855859999999, 57.8535919], [39.8676521, 57.8543797], [39.866748, 57.85503460000001], [39.8655868, 57.854762200000025], [39.8650342, 57.8547593], [39.86457289999999, 57.85488490000001], [39.86414909999999, 57.855121800000006], [39.8642886, 57.8553359], [39.863945199999996, 57.8554814], [39.8634142, 57.85547569999999], [39.8629528, 57.8551618], [39.8620194, 57.8551132], [39.8614186, 57.85494479999999], [39.8610163, 57.85464799999998], [39.8606354, 57.8546252], [39.85987049999999, 57.85483510000001], [39.86036179999999, 57.8553359], [39.8627018, 57.8572236], [39.865051, 57.8588509], [39.8661343, 57.85936589999999], [39.8692496, 57.85841859999999], [39.87243709999999, 57.858208000000005], [39.8756234, 57.8580962], [39.8771781, 57.86184569999999], [39.8785475, 57.8624522], [39.8813597, 57.86280120000001], [39.8837721, 57.8646507], [39.8843193, 57.86597470000001], [39.8850944, 57.86654119999999], [39.886164699999995, 57.86635129999999], [39.88693709999999, 57.8659975], [39.8874199, 57.865923300000006], [39.8875487, 57.86560949999999], [39.8918705, 57.8643982], [39.8928809, 57.86523849999999], [39.893213499999995, 57.86597470000001], [39.8931169, 57.86681360000001], [39.8932671, 57.8671617], [39.8938336, 57.86749330000001], [39.8970471, 57.8664269], [39.899672699999996, 57.86935979999999], [39.901767, 57.869094999999994], [39.90532629999999, 57.8735296], [39.908754699999996, 57.8780184], [39.9090707, 57.8781393], [39.9152246, 57.8787779], [39.91521829999999, 57.87991339999999], [39.9147677, 57.88006179999999], [39.914939399999994, 57.88167039999999], [39.91459609999999, 57.8823834], [39.91440300000001, 57.8830736], [39.914313299999996, 57.884412000000005], [39.91436, 57.88735700000001], [39.9143815, 57.88883409999999], [39.91449949999999, 57.890128699999984], [39.9146331, 57.890273], [39.915840599999996, 57.8903825], [39.9194254, 57.8913671], [39.91999109999999, 57.8933092], [39.924439799999995, 57.8972212], [39.92413059999999, 57.899729699999995], [39.9252271, 57.90042530000001], [39.92300519999999, 57.9014534], [39.9214827, 57.90300109999999], [39.9214947, 57.90384710000001], [39.9219239, 57.9045027], [39.9224498, 57.90493740000001], [39.920225, 57.9060962], [39.9218137, 57.9069052], [39.9217475, 57.909085700000006], [39.91950099999999, 57.908907], [39.9188996, 57.90993269999999], [39.9135217, 57.910819999999994], [39.9132925, 57.911015000000006], [39.9137109, 57.91127720000001], [39.9140435, 57.9112231], [39.914209799999995, 57.9110749], [39.9145049, 57.911114799999986], [39.9146712, 57.9113969], [39.91492329999999, 57.91166189999999], [39.914757, 57.912248999999996], [39.914821399999994, 57.91282460000001], [39.9151969, 57.91338880000001], [39.91564749999999, 57.9148478], [39.91548540000001, 57.9150669], [39.9163728, 57.91946099999999], [39.916192699999996, 57.91993639999999], [39.91539349999999, 57.9203511], [39.9149893, 57.9208878], [39.9145851, 57.9210927], [39.91452739999999, 57.921241299999984], [39.91396960000001, 57.9217953], [39.9133449, 57.92219529999999], [39.912946299999994, 57.92290889999999], [39.9125365, 57.923990599999996], [39.9121231, 57.9245321], [39.912297599999995, 57.92502970000001], [39.9122523, 57.925346000000005], [39.91070839999999, 57.9261566], [39.909339599999996, 57.9265859], [39.9070797, 57.92769319999999], [39.90597509999999, 57.928446199999996], [39.9092089, 57.92906739999999], [39.9090068, 57.931242], [39.9197727, 57.931779], [39.9224712, 57.9315632], [39.92732, 57.93210760000001], [39.9304918, 57.93375220000001], [39.93205609999999, 57.933715600000006], [39.932524799999996, 57.9327337], [39.93647450000001, 57.93325399999999], [39.936594199999995, 57.93210070000001], [39.9402342, 57.9320996], [39.9405327, 57.9311713], [39.9436801, 57.92902350000001], [39.94381479999999, 57.928150699999996], [39.94724269999999, 57.9266403], [39.9458651, 57.925413], [39.9482003, 57.92425299999999], [39.95068630000001, 57.9270131], [39.9532475, 57.9271731], [39.9551308, 57.9287731], [39.9571647, 57.9285731], [39.9662043, 57.925813100000006], [39.983457099999995, 57.9246089], [39.9837253, 57.925215999999985], [39.9880502, 57.924213], [39.989960800000006, 57.9232534], [39.9936964, 57.9233635], [39.9980357, 57.92375809999999], [40.0059107, 57.92407970000001], [40.005893099999994, 57.9297243], [40.0056346, 57.93381790000001], [40.0112792, 57.942007], [40.04097470000001, 57.9394895], [40.04294440000001, 57.93649860000001], [40.0424125, 57.9352434], [40.041700799999994, 57.9308965], [40.04442389999999, 57.9309791], [40.045746599999994, 57.92866570000001], [40.04917, 57.927798100000004], [40.054093099999996, 57.9273766], [40.05585419999999, 57.9287044], [40.0657586, 57.928836], [40.067197, 57.928957], [40.068029, 57.9265127], [40.0675494, 57.92483740000001], [40.0668993, 57.92256640000001], [40.0684706, 57.919828100000004], [40.07136119999999, 57.9180612], [40.06225899999999, 57.9175657], [40.06081499999999, 57.91292109999999], [40.05338299999999, 57.91160099999999], [40.0534311, 57.91002379999998], [40.0594, 57.9095234], [40.06253389999999, 57.910132699999984], [40.06022999999999, 57.907715499999995], [40.061356, 57.9022065], [40.064231, 57.90053369999999], [40.06438899999999, 57.89155000000001], [40.07143479999999, 57.8921022], [40.07702, 57.89334269999999], [40.0786557, 57.8943078], [40.0815932, 57.89424099999999], [40.0847511, 57.8948076], [40.088646499999996, 57.89062029999999], [40.09875459999999, 57.8837438], [40.0987508, 57.880629600000006], [40.098902700000004, 57.880527699999995], [40.1030655, 57.877736000000006], [40.1034974, 57.877446299999995], [40.10896519999999, 57.873778999999985], [40.109051099999995, 57.8737214], [40.1103731, 57.8728347], [40.1160255, 57.87499780000001], [40.1198361, 57.87598130000001], [40.11993019999999, 57.876005600000006], [40.1225117, 57.8766719], [40.1230255, 57.8768045], [40.1232835, 57.8768711], [40.1281475, 57.87680789999999], [40.1326061, 57.8768541], [40.13481409999999, 57.87691749999999], [40.13514779999999, 57.8755528], [40.13990869999999, 57.874807999999994], [40.1464024, 57.8779339], [40.1522126, 57.876916200000004], [40.15199749999999, 57.8754673], [40.158843, 57.8775705], [40.1584387, 57.87932059999999], [40.1663774, 57.8834577], [40.17153909999999, 57.88012520000001], [40.1699087, 57.8790713], [40.1775616, 57.8743539], [40.183147299999995, 57.87614390000001], [40.1776278, 57.87804909999999], [40.17996019999999, 57.8808239], [40.18337029999999, 57.8812828], [40.18540449999999, 57.8815746], [40.18775349999999, 57.88149750000001], [40.1922538, 57.880266], [40.19205529999999, 57.8794566], [40.1946363, 57.878612099999984], [40.196475799999995, 57.8788046], [40.201150399999996, 57.877802900000006], [40.20620159999999, 57.877887199999996], [40.2096112, 57.8795758], [40.211484299999995, 57.8812634], [40.21482369999999, 57.88133549999999], [40.21871049999999, 57.87851729999999], [40.2200871, 57.87558930000001], [40.2233311, 57.8725159], [40.2273204, 57.87002609999999], [40.2267808, 57.8634182], [40.228585, 57.8621213], [40.2272796, 57.86079799999999], [40.2279103, 57.8566145], [40.228424999999994, 57.856227999999994], [40.22920859999999, 57.85504780000001], [40.2349202, 57.85263650000001], [40.235671, 57.8517176], [40.2399537, 57.8502297], [40.2393926, 57.8495774], [40.2390399, 57.848460800000005], [40.2382785, 57.84745289999999], [40.23831570000001, 57.846079299999985], [40.2388542, 57.8457137], [40.23892839999999, 57.845516100000005], [40.238074299999994, 57.845357899999996], [40.23762599999999, 57.8434221], [40.23064699999999, 57.8431509], [40.230922099999994, 57.8420556], [40.229365699999995, 57.841839699999994], [40.22897579999999, 57.841454299999995], [40.2273046, 57.84090080000001], [40.2245847, 57.8399915], [40.22392519999999, 57.83972459999999], [40.2225511, 57.8402287], [40.22054289999999, 57.83930900000001], [40.220375499999996, 57.83835069999999], [40.2200288, 57.8378062], [40.2198965, 57.8373919], [40.2201648, 57.8369432], [40.219531, 57.835557], [40.218574499999995, 57.8341892], [40.2188811, 57.8328632], [40.2193286, 57.83221229999999], [40.2189048, 57.8312302], [40.2184897, 57.83099860000001], [40.2183513, 57.830377600000006], [40.217481799999995, 57.8298313], [40.2199526, 57.829282799999994], [40.2224098, 57.82889230000001], [40.2245536, 57.8281341], [40.2243037, 57.8277755], [40.2250863, 57.8274238], [40.227517899999995, 57.826885000000004], [40.22972109999999, 57.82637229999999], [40.2318916, 57.82570320000001], [40.2338826, 57.82570320000001], [40.2360042, 57.82509489999999], [40.23810939999999, 57.82497320000001], [40.2401714, 57.8248668], [40.24337, 57.82116890000001], [40.2456001, 57.8204105], [40.24860580000001, 57.819320699999984], [40.2585757, 57.8163375], [40.26790199999999, 57.813393], [40.2695912, 57.813914], [40.273758, 57.81427420000001], [40.28030059999999, 57.814673599999985], [40.2774408, 57.8092916], [40.270721599999995, 57.8076345], [40.26491959999999, 57.80896259999999], [40.261473499999994, 57.8050494], [40.267965399999994, 57.8023629], [40.273324, 57.802324], [40.2728054, 57.801255799999986], [40.2668943, 57.801166999999985], [40.2734339, 57.79802219999999], [40.2731758, 57.79575899999999], [40.27007129999999, 57.7944031], [40.2696441, 57.793786000000004], [40.2665368, 57.792359], [40.2632322, 57.78995210000001], [40.256181, 57.788332000000004], [40.2548363, 57.7876396], [40.2549214, 57.786596200000005], [40.25517669999999, 57.78630139999999], [40.255291099999994, 57.7734825], [40.2465216, 57.77398180000001], [40.2461199, 57.777276400000005], [40.24513459999999, 57.77718159999999], [40.244241, 57.7763194], [40.2406117, 57.776162800000016], [40.237468899999996, 57.7750959], [40.23601409999999, 57.7751821], [40.234837799999994, 57.77449440000001], [40.2340926, 57.7748956], [40.23415519999999, 57.7755053], [40.2318923, 57.77619480000001], [40.2304968, 57.777989100000006], [40.2294409, 57.7776125], [40.223163299999996, 57.778162899999984], [40.22000549999999, 57.7781896], [40.2193925, 57.7775032], [40.218007899999996, 57.7770633], [40.2170063, 57.77649780000001], [40.2174772, 57.7760003], [40.2180602, 57.7714868], [40.2123049, 57.770385899999994], [40.208428999999995, 57.7699103], [40.2041069, 57.76953230000001], [40.2004547, 57.770293800000005], [40.1964571, 57.7692729], [40.1957153, 57.7666934], [40.1923009, 57.7669342], [40.19139530000001, 57.7666543], [40.1842729, 57.766097200000004], [40.18350389999999, 57.7677016], [40.1837226, 57.7685517], [40.186743299999996, 57.7687543], [40.1858101, 57.7706339], [40.18147319999999, 57.771612], [40.17982009999999, 57.77587109999999], [40.1720069, 57.7807676], [40.1689438, 57.780779499999994], [40.159062999999996, 57.774948], [40.149267, 57.778573], [40.14059199999999, 57.780909], [40.135968, 57.78223899999999], [40.126503, 57.77822599999999], [40.122901999999996, 57.775095], [40.116921399999995, 57.77672389999999], [40.1128853, 57.776483999999996], [40.1033839, 57.776038199999995], [40.10109069999999, 57.7765987], [40.0997173, 57.77568779999999], [40.0977751, 57.77439960000001], [40.09459989999999, 57.7738703], [40.0937508, 57.7739092], [40.0885208, 57.774148499999995], [40.0770091, 57.77292210000001], [40.0707159, 57.7723471], [40.06844799999999, 57.767808999999986], [40.069267100000005, 57.7646031], [40.07135709999999, 57.76200099999999], [40.07604359999999, 57.761834300000004], [40.0771272, 57.7623008], [40.078291099999994, 57.7621694], [40.0784308, 57.76198449999999], [40.0781545, 57.7617385], [40.07785679999999, 57.761478], [40.077492, 57.76130779999999], [40.077087, 57.76094579999999], [40.07688579999999, 57.76089280000001], [40.0765479, 57.760912899999994], [40.07653439999999, 57.7605752], [40.0759647, 57.7580088], [40.08094789999999, 57.754576099999994], [40.0807999, 57.7525968], [40.0892673, 57.749610399999995], [40.09031759999999, 57.74864310000001], [40.091992499999996, 57.74570090000001], [40.0886559, 57.7412035], [40.08533429999999, 57.734986899999996], [40.08405669999999, 57.7346253], [40.0837022, 57.73423419999999], [40.081141, 57.73402409999999], [40.077723, 57.7308655], [40.07590329999999, 57.7302346], [40.0725615, 57.72770560000001], [40.0699248, 57.72504330000001], [40.070768199999996, 57.723833799999994], [40.0730683, 57.72275119999999], [40.0747446, 57.7210024], [40.0784988, 57.7180131], [40.08035619999999, 57.7155526], [40.080592499999995, 57.71523959999999], [40.08066929999999, 57.715137899999995], [40.0807491, 57.714487600000005], [40.0814676, 57.7137626], [40.082376999999994, 57.7118965], [40.0832992, 57.7106256], [40.0882275, 57.7073111], [40.0883594, 57.70679340000002], [40.0875811, 57.7061656], [40.087602999999994, 57.70602250000001], [40.0880814, 57.7047595], [40.0891713, 57.7029217], [40.085895, 57.699705], [40.0847201, 57.6954556], [40.085433599999995, 57.6937579], [40.0824175, 57.6928328], [40.0868254, 57.6910013], [40.0958021, 57.68803830000001], [40.10835519999999, 57.683080600000004], [40.113040399999996, 57.68415739999999], [40.113611, 57.684047400000004], [40.132470899999994, 57.6865077], [40.1342151, 57.68633820000001], [40.136160399999994, 57.6849759], [40.135846699999995, 57.684534], [40.1335225, 57.6834204], [40.13293709999999, 57.6833559], [40.132024699999995, 57.683512399999984], [40.1283927, 57.68218530000001], [40.128721899999995, 57.681270200000014], [40.1306906, 57.67670340000001], [40.1351894, 57.6767926], [40.1400882, 57.6726771], [40.1430808, 57.67007780000001], [40.1444571, 57.6674341], [40.1438997, 57.666621400000004], [40.143076199999996, 57.666095000000006], [40.141707999999994, 57.66638079999999], [40.14107239999999, 57.666206900000006], [40.139902799999994, 57.66447290000001], [40.1395011, 57.66193739999999], [40.13923069999999, 57.661325], [40.13928, 57.6607012], [40.13977059999999, 57.660671699999995], [40.140194799999996, 57.66090549999999], [40.14266279999999, 57.660527300000005], [40.1439097, 57.660884900000006], [40.1449766, 57.6609674], [40.1459535, 57.6612356], [40.146969000000006, 57.6611531], [40.148126399999995, 57.6611503], [40.1487985, 57.65784610000001], [40.14798089999999, 57.657501700000005], [40.1473569, 57.656998], [40.1479798, 57.65669949999999], [40.14662729999999, 57.6551143], [40.14770039999999, 57.65366600000001], [40.1482535, 57.653087200000016], [40.148422399999994, 57.65246950000001], [40.149069999999995, 57.65204769999999], [40.15189719999999, 57.64965990000001], [40.1508366, 57.6484952], [40.1493083, 57.6473585], [40.14887569999999, 57.6472762], [40.14839549999999, 57.646818], [40.1480027, 57.6401853], [40.1394292, 57.6352676], [40.138708699999995, 57.6341408], [40.1379813, 57.63264820000001], [40.13696749999999, 57.630912699999996], [40.1363453, 57.62916439999999], [40.1338237, 57.6273699], [40.132793899999996, 57.6217054], [40.1318556, 57.615819900000005], [40.132734199999994, 57.61527980000001], [40.1343458, 57.61516790000001], [40.137431199999995, 57.61565159999999], [40.14199779999999, 57.61666569999999], [40.1460753, 57.6171501], [40.1466783, 57.6169362], [40.1467879, 57.6140653], [40.146696199999994, 57.61366259999999], [40.14621379999999, 57.613352], [40.1447351, 57.61318179999999], [40.1397294, 57.61266630000001], [40.13700589999999, 57.6123859], [40.1353241, 57.61231709999999], [40.1313472, 57.6121544], [40.13060149999999, 57.60909189999999], [40.130131199999994, 57.606317499999996], [40.1320869, 57.60638039999999], [40.133237, 57.60664219999999], [40.1341649, 57.607048], [40.136343999999994, 57.60744459999999], [40.137447699999996, 57.60723480000001], [40.141613, 57.607988], [40.1436969, 57.60936470000002], [40.143884199999995, 57.60995249999999], [40.14612919999999, 57.61106730000001], [40.1464268, 57.61188789999999], [40.1473635, 57.61227499999999], [40.14840889999999, 57.612339299999995], [40.153434399999995, 57.609898499999986], [40.1530762, 57.6091951], [40.15402449999999, 57.608820099999996], [40.159713999999994, 57.6101032], [40.162471399999994, 57.6106058], [40.1638055, 57.6107536], [40.17098899999999, 57.612131], [40.17556689999999, 57.61344880000001], [40.17808769999999, 57.614492800000015], [40.1786687, 57.6145947], [40.1790089, 57.6146356], [40.179195, 57.6147339], [40.1792582, 57.61472019999999], [40.17923179999999, 57.6155408], [40.186460999999994, 57.6162454], [40.1922432, 57.616266400000015], [40.19548699999999, 57.617875], [40.1965962, 57.617786100000004], [40.197572, 57.6181472], [40.1986626, 57.6180472], [40.199522, 57.61691199999999], [40.205312, 57.61655799999999], [40.21053, 57.616521], [40.22099, 57.617378], [40.230666, 57.610456], [40.23883099999999, 57.612263], [40.250149, 57.601901000000005], [40.238956, 57.595135000000006], [40.238343, 57.593894], [40.243979, 57.58793500000001], [40.25240899999999, 57.578217], [40.263455, 57.57969], [40.272739, 57.58024100000001], [40.277952, 57.5802], [40.290219, 57.58384], [40.308977, 57.591476], [40.318318, 57.593890999999985], [40.327652, 57.59599500000001], [40.33624879999999, 57.5958691], [40.33646459999999, 57.59544500000001], [40.340573899999995, 57.5959333], [40.3472212, 57.5991991], [40.3462071, 57.6009506], [40.3484884, 57.60900360000001], [40.369733999999994, 57.6067751], [40.372441599999995, 57.6098171], [40.385035800000004, 57.60622880000001], [40.3873577, 57.6041821], [40.390382, 57.600447], [40.391503, 57.599192], [40.3962714, 57.5974292], [40.4011715, 57.5941821], [40.3974868, 57.590989300000004], [40.3991906, 57.588542100000005], [40.40244599999999, 57.58651299999998], [40.4020987, 57.585409999999996], [40.407262, 57.584106], [40.419121, 57.57434700000001], [40.423066999999996, 57.570886], [40.418395, 57.56968199999999], [40.416177, 57.572815999999996], [40.412241, 57.576588], [40.40147, 57.58415699999998], [40.39623699999999, 57.583580000000005], [40.397744, 57.57609299999999], [40.39759900000001, 57.57142300000001], [40.410075, 57.56290500000001], [40.411154999999994, 57.560404], [40.41456, 57.558194], [40.420367999999996, 57.558764999999994], [40.42259399999999, 57.555942], [40.417826999999996, 57.55162500000001], [40.408713, 57.55637699999998], [40.40651499999999, 57.560134000000005], [40.401971, 57.562976000000006], [40.390383, 57.562766], [40.385686, 57.56062699999999], [40.382107999999995, 57.557233], [40.37321, 57.550147], [40.37032599999999, 57.550483], [40.357678, 57.553393], [40.351201, 57.549710999999995], [40.342539, 57.550405999999995], [40.33452799999999, 57.55358700000001], [40.335151999999994, 57.555139], [40.328848, 57.557371], [40.33481799999999, 57.56355], [40.331408, 57.565758], [40.332665999999996, 57.569173000000006], [40.326441, 57.574206], [40.318895, 57.573645000000006], [40.31471599999999, 57.569319], [40.312935, 57.56777699999999], [40.304863999999995, 57.569088], [40.303171, 57.57065799999999], [40.29448599999999, 57.570727999999995], [40.279216, 57.56306300000001], [40.279078, 57.558081], [40.272676999999995, 57.556886], [40.260572, 57.558848], [40.251326999999996, 57.559540999999996], [40.245512999999995, 57.558651000000005], [40.239733, 57.559006], [40.232844, 57.561237], [40.222334999999994, 57.55789], [40.212323, 57.5281262], [40.20971959999999, 57.5293576], [40.20822369999999, 57.52851110000001], [40.207887, 57.5274266], [40.2088421, 57.52504570000001], [40.2092732, 57.5239711], [40.208936599999994, 57.5231949], [40.2087583, 57.521078900000006], [40.2090752, 57.5189521], [40.2080059, 57.5178887], [40.209253399999994, 57.51731439999999], [40.2145208, 57.5162084], [40.215212799999996, 57.515391199999996], [40.21414459999999, 57.5150704], [40.211739, 57.51446759999999], [40.2129565, 57.5141345], [40.2157684, 57.5119541], [40.2122126, 57.50981010000001], [40.210896999999996, 57.51061389999998], [40.2102831, 57.5112308], [40.209184, 57.51092], [40.20560979999999, 57.511401000000006], [40.2059662, 57.5105181], [40.20472879999999, 57.5091236], [40.2037285, 57.50720999999999], [40.1904213, 57.50802909999999], [40.1896688, 57.5084439], [40.187877, 57.508795499999984], [40.186936100000004, 57.5075078], [40.193510499999995, 57.50506109999999], [40.195669, 57.5048483], [40.1951937, 57.50355040000001], [40.1963026, 57.50355040000001], [40.19669869999999, 57.5040185], [40.1981245, 57.5041036], [40.201075, 57.50324189999999], [40.201411699999994, 57.5026142], [40.2027384, 57.5022099], [40.2021373, 57.50141560000001], [40.20272429999999, 57.500513000000005], [40.2007571, 57.49901570000001], [40.200046799999996, 57.498222899999995], [40.2008652, 57.4976052], [40.2049919, 57.49690170000001], [40.207053599999995, 57.496945399999994], [40.2059601, 57.491405499999985], [40.2051621, 57.488004700000005], [40.2007845, 57.4864474], [40.198330999999996, 57.4859709], [40.1960586, 57.485268299999994], [40.2096373, 57.4826599], [40.2100555, 57.48228849999999], [40.213681099999995, 57.4827768], [40.21625749999999, 57.48189630000001], [40.2182213, 57.4822513], [40.2243264, 57.482954500000005], [40.2307403, 57.4832807], [40.22968959999999, 57.4785598], [40.219712699999995, 57.4774379], [40.2200519, 57.474795500000006], [40.2147978, 57.471853799999984], [40.2101217, 57.4733745], [40.208487, 57.47405320000001], [40.207108899999994, 57.47450419999999], [40.2069802, 57.474977300000006], [40.200994, 57.47699829999999], [40.1922506, 57.4786527], [40.190160899999995, 57.476756900000005], [40.19000249999999, 57.4752981], [40.19362660000001, 57.47403010000001], [40.1964911, 57.4728649], [40.19863070000001, 57.4732764], [40.19993639999999, 57.47280150000001], [40.20172209999999, 57.472563999999984], [40.2027838, 57.47319679999999], [40.2033279, 57.472072], [40.203739999999996, 57.4716268], [40.2038058, 57.471499], [40.2036237, 57.47142290000001], [40.203910799999996, 57.471], [40.2050531, 57.47077519999999], [40.20532769999999, 57.470558199999985], [40.20568589999999, 57.4703939], [40.2059042, 57.47036249999999], [40.20616199999999, 57.47050110000001], [40.206374399999994, 57.47086279999999], [40.2068324, 57.47114130000001], [40.2080578, 57.47135000000001], [40.2084475, 57.471254300000005], [40.208999, 57.47092189999999], [40.2092938, 57.470669099999995], [40.209190799999995, 57.470414100000006], [40.2087509, 57.470357], [40.2084193, 57.470220600000005], [40.2081697, 57.4698621], [40.2083063, 57.4695152], [40.20849969999999, 57.4692915], [40.2091654, 57.4685212], [40.20923609999999, 57.4684394], [40.20864439999999, 57.4679091], [40.2105604, 57.4673484], [40.21227609999999, 57.467036699999994], [40.212855, 57.466437], [40.2136964, 57.4661609], [40.2141124, 57.46579179999999], [40.2139817, 57.465554999999995], [40.2125698, 57.46520220000001], [40.212392, 57.464229], [40.2102451, 57.463507], [40.2094465, 57.462586599999995], [40.208679999999994, 57.4617877], [40.20331839999999, 57.46177179999999], [40.20221579999999, 57.4615127], [40.20134589999999, 57.461083099999996], [40.20019070000001, 57.46000920000001], [40.201592299999994, 57.4564002], [40.2031856, 57.45472689999999], [40.202388, 57.45282770000001], [40.1970745, 57.45132039999999], [40.19316189999999, 57.44939719999999], [40.185963099999995, 57.4474285], [40.1886183, 57.44369919999998], [40.194008399999994, 57.443524100000005], [40.1954811, 57.4416528], [40.1948525, 57.4402476], [40.20623609999999, 57.438588100000004], [40.20684189999999, 57.43596649999999], [40.2079935, 57.4339357], [40.20727689999999, 57.431864], [40.2064783, 57.4305784], [40.20824019999999, 57.42911780000001], [40.2108989, 57.4283711], [40.218194000000004, 57.427077499999996], [40.2179165, 57.4260516], [40.2165372, 57.4240802], [40.21635179999999, 57.423201500000005], [40.2157548, 57.4222875], [40.214787199999996, 57.4216429], [40.212023099999996, 57.421263800000006], [40.2087152, 57.422427599999985], [40.2062601, 57.423987700000005], [40.2043565, 57.424507199999994], [40.2035683, 57.42588130000001], [40.20234849999999, 57.42631839999999], [40.200882199999995, 57.42804610000001], [40.198597, 57.4303705], [40.19587669999999, 57.43133000000001], [40.19448799999999, 57.43069779999999], [40.19212889999999, 57.4295237], [40.1897592, 57.43002220000001], [40.1832266, 57.4307218], [40.178117699999994, 57.430194499999985], [40.17683379999999, 57.4265063], [40.1776015, 57.424451100000006], [40.1806295, 57.421572], [40.180125399999994, 57.41982729999999], [40.1787878, 57.4180416], [40.179153, 57.4176304], [40.185650499999994, 57.416169200000006], [40.18357700000001, 57.413646899999996], [40.1829646, 57.41164920000001], [40.18211709999999, 57.4077311], [40.18384739999999, 57.40689409999999], [40.185966199999996, 57.406646900000005], [40.188057, 57.406561100000005], [40.1890659, 57.40545110000001], [40.1850117, 57.40314810000001], [40.1856866, 57.40183390000001], [40.1832861, 57.3998298], [40.18105599999999, 57.3998727], [40.1788794, 57.4001909], [40.1789056, 57.40094549999999], [40.1775415, 57.4016781], [40.17643669999999, 57.40263319999999], [40.174870299999995, 57.4035628], [40.17335709999999, 57.4056651], [40.173053499999995, 57.40687830000002], [40.1682176, 57.4078985], [40.1682255, 57.411139699999985], [40.16496790000001, 57.4111421], [40.1616759, 57.411027700000005], [40.161080199999994, 57.41140349999999], [40.1622164, 57.4145396], [40.1616145, 57.4156442], [40.15239549999999, 57.41642709999999], [40.15058079999999, 57.41380710000001], [40.147019799999995, 57.41387670000001], [40.1434693, 57.4134178], [40.1371986, 57.41332979999999], [40.1307603, 57.4134653], [40.125205099999995, 57.4137014], [40.1216049, 57.4143153], [40.1204916, 57.4159309], [40.1186167, 57.417406799999995], [40.11891430000001, 57.41885500000001], [40.1190403, 57.420660600000005], [40.11960199999999, 57.42144169999999], [40.1111109, 57.422676], [40.1104588, 57.42069719999999], [40.1090847, 57.41807480000001], [40.103233, 57.412663], [40.0995882, 57.41101689999999], [40.0988507, 57.41123199999999], [40.093842, 57.412727], [40.0895015, 57.415825], [40.08498869999999, 57.4182253], [40.0826105, 57.4172878], [40.080140500000006, 57.41697610000001], [40.087636599999996, 57.4137545], [40.0869949, 57.4109478], [40.089998, 57.4098964], [40.0921363, 57.4051297], [40.086895, 57.404048], [40.084548, 57.402194], [40.085075999999994, 57.400011], [40.078688, 57.397870999999995], [40.074077, 57.39789999999999], [40.068903, 57.398555], [40.062014, 57.399843], [40.057959, 57.398933], [40.053354999999996, 57.39927300000001], [40.055501, 57.391786], [40.04855899999999, 57.390582], [40.046281, 57.39184099999999], [40.030249, 57.396919], [40.027404999999995, 57.398804], [40.023959999999995, 57.39944700000001], [40.01659399999999, 57.40571800000001], [40.01549099999999, 57.408215999999996], [40.00120199999999, 57.414525], [39.998294, 57.41329600000001], [39.994834999999995, 57.413315], [39.992552999999994, 57.414574], [39.99089599999999, 57.41832], [39.982258, 57.418989999999994], [39.983484, 57.42272], [39.988183, 57.427054], [39.98481399999999, 57.431744], [39.977332, 57.43271899999999], [39.980301000000004, 57.437062], [39.9789277, 57.4376299], [39.975721, 57.438956], [39.974603, 57.44083], [39.970611, 57.443343], [39.962049, 57.448372], [39.95277399999999, 57.446241], [39.941191999999994, 57.444121], [39.93609659999999, 57.45437760000001], [39.9188362, 57.4554086], [39.9165826, 57.4542409], [39.912093199999994, 57.454468900000016], [39.909335899999995, 57.454347699999985], [39.9090814, 57.4546935], [39.9077094, 57.4555493], [39.90708049999999, 57.4557641], [39.9059611, 57.4561101], [39.90512789999999, 57.4561219], [39.90160879999999, 57.4559228], [39.9015605, 57.455495699999986], [39.8991426, 57.4551284], [39.8982561, 57.4584622], [39.8979981, 57.46175449999999], [39.9005653, 57.467526199999995], [39.8972797, 57.46700249999999], [39.8935139, 57.46750449999999], [39.8904669, 57.4674757], [39.89019869999999, 57.466835199999984], [39.88959789999999, 57.4668929], [39.88928669999999, 57.46653520000001], [39.88840660000001, 57.4665439], [39.8847914, 57.464256], [39.8834932, 57.4627557], [39.8793304, 57.458923899999995], [39.870798900000004, 57.4511112], [39.86111379999999, 57.454073099999995], [39.85151689999999, 57.456908500000004], [39.85214419999999, 57.4596551], [39.84848310000001, 57.459729900000006], [39.8416437, 57.4588671], [39.838170899999994, 57.455646900000005], [39.83632299999999, 57.455206000000004], [39.83363949999999, 57.45440490000001], [39.8280152, 57.4543022], [39.821595599999995, 57.45425900000001], [39.8245238, 57.45234000000001], [39.821206399999994, 57.4490268], [39.82112209999999, 57.446379699999994], [39.8181966, 57.44617310000001], [39.808485, 57.446603999999994], [39.8071142, 57.446168], [39.80268699999999, 57.44476000000001], [39.798781999999996, 57.44068420000001], [39.7956526, 57.44091760000001], [39.79202959999999, 57.4412506], [39.7908303, 57.4420277], [39.7901031, 57.44348599999999], [39.789290099999995, 57.44537160000001], [39.7898074, 57.4459293], [39.79005279999999, 57.4478484], [39.78967389999999, 57.44840200000001], [39.78680769999999, 57.449539900000005], [39.78473019999999, 57.45032489999999], [39.7834185, 57.4506275], [39.78213420000001, 57.45064489999999], [39.781290799999994, 57.4504582], [39.780378799999994, 57.4501556], [39.7786296, 57.4499738], [39.77960999999999, 57.44547399999999], [39.77842199999999, 57.44298700000001], [39.77120779999999, 57.44276249999999], [39.764091, 57.4406234], [39.760474, 57.438696], [39.7485494, 57.43939830000001], [39.750721, 57.443092], [39.742634, 57.44249800000001], [39.736847, 57.441272999999995], [39.737774099999996, 57.43867970000001], [39.73851899999999, 57.436596], [39.7384475, 57.43655799999999], [39.7369648, 57.4357715], [39.7357088, 57.43510520000001], [39.739012, 57.430055], [39.7393983, 57.429415000000006], [39.739885, 57.4286086], [39.74183699999999, 57.42537399999999], [39.74008599999999, 57.423823000000006], [39.73827279999999, 57.4226161], [39.737759, 57.422274], [39.72736999999999, 57.421687999999996], [39.7196752, 57.4213328], [39.7122587, 57.4222896], [39.7145129, 57.42758740000001], [39.70737239999999, 57.427144399999996], [39.70832899999999, 57.431586], [39.706751, 57.433901999999996], [39.702142, 57.434540000000005], [39.69488979999999, 57.436360799999996], [39.69233869999999, 57.4353089], [39.69286099999999, 57.43021000000001], [39.688202999999994, 57.426488], [39.684169, 57.426812000000005], [39.6803662, 57.4269403], [39.6804011, 57.428393], [39.66963429999999, 57.4272871], [39.6643466, 57.4294787], [39.67680399999999, 57.43898], [39.6678145, 57.441115200000006], [39.6702142, 57.44287390000001], [39.671209999999995, 57.44741919999999], [39.6662071, 57.4498503], [39.66087589999999, 57.452294099999996], [39.659793099999995, 57.451790100000004], [39.6574595, 57.451917900000005], [39.655880399999994, 57.4516472], [39.654063799999996, 57.451714900000006], [39.65294589999999, 57.4519028], [39.64996659999999, 57.45176589999999], [39.6462298, 57.452127199999985], [39.6458851, 57.4534536], [39.634713899999994, 57.458345999999985], [39.645286, 57.4655677], [39.6394566, 57.47039680000001]], [[39.7747558, 57.7736931], [39.7751761, 57.7691455], [39.7758275, 57.763022], [39.7761346, 57.7600795], [39.77680459999999, 57.7536612], [39.7782532, 57.74672880000001], [39.7787523, 57.74434060000001], [39.7792879, 57.741777400000004], [39.7797128, 57.7393592], [39.77125279999999, 57.73927429999999], [39.7700679, 57.740563499999986], [39.7694755, 57.7408068], [39.76924759999999, 57.74141490000001], [39.7680171, 57.74204729999999], [39.76728789999999, 57.74231489999999], [39.76742469999999, 57.742995999999984], [39.7680627, 57.7431906], [39.7675614, 57.7435311], [39.766832199999996, 57.743823], [39.76638979999999, 57.7441449], [39.76599629999999, 57.7444001], [39.76590989999999, 57.7447043], [39.7660119, 57.7452337], [39.76528269999999, 57.7453795], [39.7653738, 57.745793], [39.7650093, 57.746060500000006], [39.7643712, 57.7461335], [39.7641434, 57.74627939999999], [39.7630952, 57.74627939999999], [39.7629585, 57.746473999999985], [39.762821699999996, 57.7467172], [39.7615912, 57.7469604], [39.761081299999994, 57.7466374], [39.760335899999994, 57.746664900000006], [39.7594485, 57.74698020000001], [39.7588758, 57.74672460000001], [39.757781099999995, 57.74663700000002], [39.7574656, 57.7461808], [39.7563821, 57.74571559999998], [39.754891, 57.745227199999995], [39.753443, 57.74513220000001], [39.750945099999996, 57.745541599999996], [39.7490526, 57.744682], [39.748560299999994, 57.74385889999999], [39.74391729999999, 57.7421565], [39.742998199999995, 57.74257829999999], [39.7415768, 57.7431795], [39.73921990000001, 57.74368160000001], [39.738326699999995, 57.74372449999999], [39.7374683, 57.74363069999998], [39.7360146, 57.7436873], [39.7356814, 57.74381289999999], [39.7317499, 57.7434582], [39.7316437, 57.743397800000004], [39.7319967, 57.74176610000001], [39.7317231, 57.74112480000001], [39.7322702, 57.74013980000001], [39.7321967, 57.740114899999995], [39.732374799999995, 57.7398348], [39.7325653, 57.7397704], [39.7329929, 57.739432199999996], [39.7330213, 57.739232099999995], [39.7331412, 57.739062799999985], [39.7309641, 57.73762200000001], [39.74050999999999, 57.729859], [39.7355962, 57.7288566], [39.733718599999996, 57.7285014], [39.7332358, 57.7283754], [39.7321308, 57.72777389999999], [39.7317123, 57.727561900000005], [39.731487, 57.7274445], [39.7296953, 57.727037799999984], [39.729158899999995, 57.7268974], [39.729394899999996, 57.7245829], [39.730017200000006, 57.7200681], [39.7298777, 57.7184466], [39.72983479999999, 57.717695899999995], [39.7336542, 57.71986189999999], [39.73397609999999, 57.7202687], [39.736089699999994, 57.7211854], [39.73909379999999, 57.7226006], [39.7398126, 57.7222855], [39.7401345, 57.721769800000004], [39.741260999999994, 57.7215922], [39.7425806, 57.72132870000001], [39.743642799999996, 57.721500599999985], [39.7443294, 57.72147189999998], [39.745198499999994, 57.7215865], [39.746346499999994, 57.72128279999998], [39.74768759999999, 57.7210365], [39.7461319, 57.720188500000006], [39.74547739999999, 57.719672799999984], [39.7451019, 57.71926020000001], [39.744951699999994, 57.7188935], [39.7450268, 57.718687200000005], [39.7458851, 57.718183], [39.74599239999999, 57.7179824], [39.7464001, 57.71782200000001], [39.747591, 57.7175355], [39.7488034, 57.7172375], [39.75004789999999, 57.71670460000001], [39.7533631, 57.71516879999999], [39.754328699999995, 57.7147448], [39.75563759999999, 57.714223299999986], [39.757203999999994, 57.7132433], [39.75809449999999, 57.712779100000006], [39.7581279, 57.7125915], [39.7582984, 57.71154689999999], [39.7583735, 57.710280300000015], [39.75849149999999, 57.7097645], [39.7584486, 57.7087099], [39.7587061, 57.7040899], [39.7589743, 57.7027256], [39.7590923, 57.702209700000004], [39.75942489999999, 57.7017453], [39.758024799999994, 57.70123220000001], [39.754833, 57.699819100000006], [39.75379229999999, 57.6993375], [39.7529983, 57.699778900000005], [39.7492998, 57.6997898], [39.7495487, 57.700094599999986], [39.7493231, 57.700058], [39.7463546, 57.6995763], [39.7441554, 57.69700060000001], [39.7445832, 57.6963414], [39.7456331, 57.6935146], [39.74729769999999, 57.688504099999996], [39.74825789999999, 57.68520579999999], [39.7480823, 57.68483810000001], [39.7467039, 57.68313320000001], [39.75463799999999, 57.676944000000006], [39.75557129999999, 57.67650729999998], [39.7580409, 57.6749063], [39.7600871, 57.67330819999999], [39.76096989999999, 57.6726344], [39.7618389, 57.67181969999999], [39.7628796, 57.67068940000001], [39.76550819999999, 57.6671319], [39.7743841, 57.655977699999994], [39.77538439999999, 57.654425999999994], [39.7752285, 57.652714800000005], [39.77998589999999, 57.648961799999995], [39.7785008, 57.64825700000001], [39.7774118, 57.647723100000015], [39.7765481, 57.6472379], [39.7761834, 57.647008299999996], [39.775614700000006, 57.646534599999995], [39.7751319, 57.6466667], [39.7747457, 57.6466667], [39.774541799999994, 57.6462131], [39.774482799999994, 57.645799700000005], [39.7752941, 57.6455431], [39.7767895, 57.64490980000001], [39.776692999999995, 57.6446255], [39.7768593, 57.64444179999999], [39.7762263, 57.643804499999995], [39.776236999999995, 57.6433738], [39.7760653, 57.643106800000005], [39.77725089999999, 57.642894399999996], [39.7786403, 57.6423288], [39.779568299999994, 57.64194690000001], [39.77861879999999, 57.6411315], [39.777690799999995, 57.6402386], [39.7767681, 57.6404482], [39.77619949999999, 57.63978779999999], [39.777079199999996, 57.6395839], [39.7767842, 57.6391676], [39.77842029999999, 57.638544499999995], [39.7773957, 57.63777790000001], [39.776961199999995, 57.6374103], [39.7765964, 57.637065799999995], [39.7730374, 57.63768100000001], [39.77180599999999, 57.6378095], [39.7694886, 57.63794729999999], [39.76865169999999, 57.63659769999999], [39.768394199999996, 57.636264600000004], [39.7682011, 57.6360062], [39.76766469999999, 57.63534], [39.767063799999995, 57.63466230000001], [39.7677719, 57.63463349999999], [39.7698104, 57.6347542], [39.77243899999999, 57.6347542], [39.773629899999996, 57.63470820000001], [39.775399900000004, 57.6345427], [39.7796875, 57.6339494], [39.78265280000001, 57.633393], [39.7863436, 57.6325601], [39.7879422, 57.63214090000001], [39.79122519999999, 57.631038], [39.7928989, 57.6303545], [39.7948086, 57.62942970000001], [39.79685779999999, 57.63002710000001], [39.7974372, 57.6294814], [39.7978127, 57.628861], [39.7979844, 57.6278903], [39.7981024, 57.6271837], [39.7984671, 57.626586299999985], [39.7987568, 57.62629899999999], [39.7991323, 57.6260463], [39.7995783, 57.62562409999999], [39.79891779999999, 57.6255407], [39.7979307, 57.6253684], [39.7971153, 57.62528220000001], [39.7962835, 57.62540760000001], [39.7957635, 57.625615399999994], [39.7948515, 57.62590260000001], [39.794057599999995, 57.6262014], [39.7936606, 57.62629899999999], [39.793177799999995, 57.6267299], [39.793059799999995, 57.626885], [39.7928077, 57.6269597], [39.792126399999994, 57.6269539], [39.791611399999994, 57.6265719], [39.78983039999999, 57.626982600000005], [39.78916529999999, 57.6265518], [39.7884035, 57.62609799999999], [39.7881567, 57.6259773], [39.78798509999999, 57.625790599999995], [39.78805479999999, 57.625494800000006], [39.7885269, 57.624937499999994], [39.78941199999999, 57.624296999999984], [39.7908872, 57.62322549999998], [39.7914022, 57.622820499999996], [39.79225519999999, 57.6225246], [39.7930652, 57.6221425], [39.7949427, 57.621421500000004], [39.7953236, 57.621286500000004], [39.7976839, 57.620266699999995], [39.79952389999999, 57.6185343], [39.80003889999999, 57.6181809], [39.8011279, 57.617112199999994], [39.790869799999996, 57.6138814], [39.790817, 57.6139327], [39.786547399999996, 57.6125897], [39.7872413, 57.6116751], [39.78709430000001, 57.61145330000001], [39.7868934, 57.61132539999999], [39.786381000000006, 57.6110101], [39.7982311, 57.6001458], [39.798542299999994, 57.5996974], [39.8005164, 57.59798419999999], [39.8016, 57.5968803], [39.80219009999999, 57.5970815], [39.8027372, 57.5964779], [39.79950780000001, 57.595448700000006], [39.8016, 57.5933328], [39.8008382, 57.593028100000005], [39.798035000000006, 57.592413100000016], [39.796853199999994, 57.5920718], [39.7943843, 57.59135090000001], [39.794873, 57.5908776], [39.794475999999996, 57.590733799999995], [39.7960853, 57.58922720000001], [39.792244399999994, 57.5878701], [39.7934675, 57.5867774], [39.7947013, 57.5856502], [39.79501249999999, 57.5857422], [39.79586, 57.5849256], [39.7947121, 57.5843159], [39.7958815, 57.582906900000005], [39.7960424, 57.58242950000002], [39.7910535, 57.58096849999999], [39.7887254, 57.58008280000001], [39.7858286, 57.57879429999999], [39.77898749999999, 57.5746463], [39.771753999999994, 57.57007930000001], [39.7717832, 57.569782100000005], [39.758352, 57.560941], [39.7573006, 57.5603655], [39.74553279999999, 57.5527602], [39.736170200000004, 57.54646890000001], [39.73375039999999, 57.54392219999999], [39.73635749999999, 57.5428455], [39.741712, 57.545702], [39.748685699999996, 57.542963300000004], [39.751823, 57.54173110000001], [39.75574129999999, 57.5401921], [39.763892, 57.5461276], [39.767325199999995, 57.546931900000004], [39.774301099999995, 57.546137400000006], [39.7755177, 57.5457206], [39.7653286, 57.5383181], [39.765397199999995, 57.5379882], [39.7710223, 57.5351756], [39.78160419999999, 57.5306297], [39.7967158, 57.541679800000004], [39.81543539999999, 57.5551655], [39.822337299999994, 57.56017619999999], [39.838886, 57.57202], [39.8395721, 57.571762199999995], [39.8434887, 57.57453579999999], [39.8459171, 57.57352559999999], [39.84836709999999, 57.572638399999995], [39.85483709999999, 57.570208800000024], [39.857559499999994, 57.569288799999995], [39.8601634, 57.568487000000005], [39.8607219, 57.56914209999999], [39.8621241, 57.5687991], [39.8614909, 57.5659932], [39.858787299999996, 57.56620469999999], [39.8565801, 57.560380800000004], [39.8557445, 57.5592517], [39.8583547, 57.5591854], [39.8581001, 57.55838560000001], [39.8744536, 57.5551541], [39.87921649999999, 57.5538223], [39.8846381, 57.561326300000005], [39.8976881, 57.5594764], [39.8933064, 57.553955900000005], [39.8928533, 57.5533849], [39.8920289, 57.5523462], [39.8916101, 57.551941], [39.8903672, 57.5507387], [39.8992575, 57.5488808], [39.9097501, 57.5466847], [39.9113879, 57.546364700000005], [39.90482149999999, 57.543490299999995], [39.901316099999995, 57.5419557], [39.902467, 57.53934429999999], [39.9116455, 57.53524740000001], [39.9183244, 57.53324610000001], [39.9173641, 57.5307782], [39.918748099999995, 57.529753], [39.9184155, 57.5293325], [39.9177263, 57.5289936], [39.9163556, 57.52850879999998], [39.91542210000001, 57.527810899999984], [39.91718169999999, 57.5273625], [39.9186516, 57.52659639999999], [39.9193904, 57.52575559999998], [39.920078499999995, 57.5257151], [39.92072219999999, 57.5261874], [39.92021799999999, 57.52645819999999], [39.92115269999999, 57.527067699999996], [39.92176289999999, 57.52683830000001], [39.9241876, 57.5276563], [39.9255717, 57.52900419999999], [39.92555719999999, 57.5292262], [39.929688299999995, 57.529407299999995], [39.9351618, 57.53080820000001], [39.9363278, 57.531159300000006], [39.93641099999999, 57.533164799999994], [39.93602159999999, 57.533237499999984], [39.93580159999999, 57.53303599999999], [39.93400139999999, 57.5336157], [39.9318963, 57.5346284], [39.9307269, 57.53522449999999], [39.93028799999999, 57.53568020000001], [39.93044789999999, 57.5365058], [39.929879299999996, 57.5367995], [39.93049619999999, 57.537500999999985], [39.93016899999999, 57.5377324], [39.9306089, 57.5381355], [39.93121059999999, 57.53841310000001], [39.9317837, 57.5383256], [39.9323952, 57.538466699999994], [39.9325454, 57.5383428], [39.933030099999996, 57.538508699999994], [39.93494869999999, 57.5376259], [39.9358445, 57.5379455], [39.9370595, 57.5369074], [39.9395943, 57.5347724], [39.9398357, 57.534832800000004], [39.9404876, 57.5345882], [39.9407905, 57.53485879999999], [39.941166, 57.53475220000001], [39.9414235, 57.535011400000016], [39.9432929, 57.5346517], [39.9458146, 57.5338654], [39.948877499999995, 57.5326562], [39.950022999999995, 57.53169099999999], [39.95209869999999, 57.5322939], [39.95234549999999, 57.5325882], [39.951922200000006, 57.53335759999999], [39.9521009, 57.5338924], [39.9535208, 57.5343875], [39.95553699999999, 57.534916499999994], [39.9582713, 57.5348844], [39.959755099999995, 57.5354244], [39.96677999999999, 57.535591399999994], [39.9680875, 57.535364], [39.972632600000004, 57.53655070000001], [39.9744188, 57.5368162], [39.97735829999999, 57.53762], [39.9780145, 57.537161199999986], [39.9806485, 57.5370901], [39.9825498, 57.53708629999999], [39.98583669999999, 57.53717629999999], [39.9864209, 57.53839270000001], [39.9870964, 57.5399738], [39.9877317, 57.5414899], [39.9885236, 57.5420549], [39.9884945, 57.5431506], [39.990390299999994, 57.545702], [39.9909737, 57.547000999999995], [39.993132, 57.546797600000005], [39.9938029, 57.5471262], [40.003223799999994, 57.5464219], [40.0032858, 57.55088630000001], [40.0033332, 57.5542977], [40.002268, 57.55429319999998], [40.00143549999999, 57.5543466], [39.9982563, 57.55484729999999], [39.9940271, 57.5558331], [39.9893895, 57.55731960000001], [39.9774602, 57.56227930000001], [39.96929339999999, 57.565501999999995], [39.95826830000001, 57.570100800000006], [39.9569266, 57.5709611], [39.959785, 57.5724157], [39.961972499999995, 57.5712114], [39.962759999999996, 57.5715398], [39.9634017, 57.5719621], [39.9620892, 57.5729005], [39.961972499999995, 57.5734949], [39.959055799999994, 57.5734636], [39.9568391, 57.5745427], [39.9545932, 57.5759815], [39.9550016, 57.5764038], [39.95444739999999, 57.5774515], [39.954126499999994, 57.5783742], [39.9539807, 57.58272119999999], [39.9523375, 57.583451600000004], [39.95207059999999, 57.58342110000001], [39.9517563, 57.583376900000005], [39.9513377, 57.5833208], [39.9505935, 57.5832211], [39.9493154, 57.58304979999998], [39.94838059999999, 57.58292449999999], [39.9446764, 57.5888812], [39.94100139999999, 57.5934771], [39.94033050000001, 57.5933208], [39.9390472, 57.59504020000001], [39.93938279999999, 57.595107], [39.94336510000001, 57.595302000000004], [39.94555139999999, 57.59388349999998], [39.9476806, 57.59378980000001], [39.94907659999999, 57.59980620000001], [39.9460065, 57.60257159999999], [39.9491757, 57.60224660000001], [39.9532168, 57.60182669999998], [39.955476000000004, 57.60142249999999], [39.9565616, 57.60102040000001], [39.9574067, 57.60062219999999], [39.95900819999999, 57.59964319999999], [39.96029909999999, 57.598893899999986], [39.961739699999995, 57.5979613], [39.9634155, 57.59697340000001], [39.96762679999999, 57.59449080000001], [39.9693756, 57.5934433], [39.97192509999999, 57.591912900000004], [39.9773451, 57.58889520000001], [39.98623069999999, 57.58445500000001], [39.989519, 57.58630240000001], [39.9840471, 57.5895521], [39.988082799999994, 57.5917637], [39.986769599999995, 57.5925708], [39.97789199999999, 57.5980135], [39.9762224, 57.5990516], [39.976556, 57.5991977], [39.9802602, 57.6004324], [39.9790868, 57.6017023], [39.978831, 57.60218270000001], [39.982506099999995, 57.603698599999994], [39.9860061, 57.601401300000006], [39.990702, 57.603511], [39.9896229, 57.604198600000004], [39.9897104, 57.605511199999995], [39.9902354, 57.60615190000001], [39.991781200000005, 57.6061988], [39.9924812, 57.6079176], [39.990410399999995, 57.60954260000001], [39.9855026, 57.61194400000001], [39.9854707, 57.6259455], [39.97046009999999, 57.6256477], [39.9691184, 57.626381800000004], [39.964889199999995, 57.62641300000001], [39.9649475, 57.62599130000001], [39.96030999999999, 57.62596010000001], [39.96036829999999, 57.625272900000006], [39.96512249999999, 57.624695100000004], [39.9650934, 57.62371110000001], [39.96479659999999, 57.6235648], [39.96449739999999, 57.6234173], [39.96374809999999, 57.62304799999998], [39.96252669999999, 57.622446], [39.9628183, 57.621727500000006], [39.96608499999999, 57.621212099999994], [39.9662218, 57.6210905], [39.9668062, 57.62057120000001], [39.963984999999994, 57.61608859999998], [39.95960999999999, 57.616151099999996], [39.95790220000001, 57.6156668], [39.9581009, 57.6148189], [39.9509748, 57.6197835], [39.94207419999999, 57.61924799999999], [39.9414972, 57.6235706], [39.950130699999995, 57.6248825], [39.9491973, 57.626381800000004], [39.9476515, 57.6262256], [39.9465139, 57.62724069999999], [39.9435681, 57.627318800000005], [39.944151399999996, 57.629224], [39.94730189999999, 57.6300432], [39.9552466, 57.6284976], [39.9560183, 57.62848120000001], [39.95623069999999, 57.631676500000005], [39.9639558, 57.6316287], [39.96713509999999, 57.630707400000006], [39.9688559, 57.6307231], [39.968739199999995, 57.6328318], [39.96811329999999, 57.6340496], [39.96754339999999, 57.6351583], [39.965968399999994, 57.63703179999999], [39.9602904, 57.641747099999996], [39.9572369, 57.644282699999984], [39.960156299999994, 57.645278999999995], [39.960335, 57.6453418], [39.9654105, 57.647085600000004], [39.9675697, 57.647913599999995], [39.9668033, 57.6485391], [39.9681042, 57.648971700000004], [39.96362919999999, 57.65320530000001], [39.963660499999996, 57.6533856], [39.962964299999996, 57.65388980000001], [39.9654024, 57.65564319999999], [39.9654394, 57.6556523], [39.966574099999995, 57.6555755], [39.9679408, 57.6554964], [39.9682369, 57.6554809], [39.9682397, 57.6552138], [39.9682365, 57.65441650000001], [39.968233700000006, 57.654365], [39.968401699999994, 57.654125], [39.9703144, 57.654121199999985], [39.9703583, 57.65430670000001], [39.9709246, 57.65432500000001], [39.9711198, 57.65423349999998], [39.9749618, 57.65420999999999], [39.9751539, 57.65431900000001], [39.975220699999994, 57.65713929999999], [39.9662798, 57.65778040000001], [39.9641675, 57.6584761], [39.9642495, 57.6594153], [39.966526, 57.6594404], [39.9664464, 57.6598888], [39.965850399999994, 57.66105170000001], [39.9651175, 57.66160810000001], [39.9647717, 57.661880100000005], [39.960667799999996, 57.6620272], [39.9608972, 57.6632052], [39.9598737, 57.66487430000001], [39.959756399999996, 57.665337300000004], [39.959630399999995, 57.6653459], [39.9546381, 57.6649158], [39.9542058, 57.664799800000004], [39.953137000000005, 57.664361299999996], [39.9502757, 57.66390930000001], [39.947904099999995, 57.663540299999994], [39.94283209999999, 57.667871000000005], [39.9449153, 57.669993], [39.940342699999995, 57.67134349999999], [39.9393701, 57.6703776], [39.9390437, 57.67012960000002], [39.93825819999999, 57.6694606], [39.9119896, 57.6775102], [39.9073008, 57.6796667], [39.9028886, 57.67752920000001], [39.903094, 57.67737000000001], [39.9022482, 57.6769009], [39.8996873, 57.67848120000001], [39.898685699999994, 57.679461899999986], [39.8979436, 57.680765900000004], [39.897501, 57.6826599], [39.8933711, 57.6825901], [39.8933437, 57.6819187], [39.89305649999999, 57.6818489], [39.89209569999999, 57.6818991], [39.8920278, 57.68234299999999], [39.89162569999999, 57.6823933], [39.89157349999999, 57.68269200000001], [39.8914743, 57.6826948], [39.89138549999999, 57.68396490000001], [39.8920487, 57.684009599999996], [39.89204349999999, 57.68454559999999], [39.8918979, 57.6846979], [39.89013299999999, 57.68469180000001], [39.8901859, 57.68386949999999], [39.888644, 57.6838533], [39.88861789999999, 57.6836886], [39.8863568, 57.6836411], [39.8863673, 57.683708100000004], [39.8875683, 57.6837556], [39.8875996, 57.68380299999998], [39.8881292, 57.683816400000005], [39.888221099999996, 57.6847549], [39.8857093, 57.6846489], [39.8846806, 57.684757700000006], [39.8847224, 57.6848722], [39.88607489999999, 57.68478009999999], [39.888267199999994, 57.6849459], [39.8884508, 57.6849811], [39.8886075, 57.6851541], [39.88942589999999, 57.6852032], [39.889519899999996, 57.686007], [39.889480899999995, 57.6861106], [39.889482599999994, 57.68675360000001], [39.8885374, 57.68708729999999], [39.8888408, 57.6880299], [39.8879932, 57.688340600000004], [39.888388199999994, 57.688648900000004], [39.8880278, 57.68880800000001], [39.888513499999995, 57.6892434], [39.8886512, 57.690417700000005], [39.8762909, 57.6933916], [39.87061239999999, 57.686693500000004], [39.86630999999999, 57.68490429999999], [39.86348079999999, 57.68811420000001], [39.8608849, 57.687256699999985], [39.860914099999995, 57.688971699999996], [39.8571992, 57.6912179], [39.8563045, 57.691225200000005], [39.85449619999999, 57.69223850000001], [39.855108699999995, 57.6925659], [39.8555462, 57.6923165], [39.8564504, 57.692721799999994], [39.8533252, 57.694347099999995], [39.8499425, 57.69546079999999], [39.85470509999999, 57.697518200000005], [39.8549033, 57.698048500000006], [39.85549499999999, 57.699252800000004], [39.8540711, 57.7008502], [39.850535199999996, 57.70142210000001], [39.8494751, 57.70307529999999], [39.830200399999995, 57.71006760000001], [39.828329, 57.7111626], [39.827436199999994, 57.71200290000001], [39.826482799999994, 57.7135832], [39.8298177, 57.71427980000001], [39.8310962, 57.714560500000005], [39.8291964, 57.7167041], [39.83757969999999, 57.7238427], [39.8300207, 57.7287022], [39.827104, 57.7305553], [39.826404, 57.7305553], [39.8220243, 57.7331824], [39.8215564, 57.733309000000006], [39.81737029999999, 57.73911510000001], [39.8212211, 57.7399123], [39.82320479999999, 57.73741540000001], [39.8327155, 57.7382156], [39.8318995, 57.740420799999995], [39.8294697, 57.74479999999999], [39.8245764, 57.744294399999994], [39.8200764, 57.7437028], [39.8166934, 57.7431048], [39.814821599999995, 57.7427972], [39.813295, 57.745956], [39.81762069999999, 57.7464854], [39.8172085, 57.7471222], [39.8148555, 57.750493899999995], [39.812380899999994, 57.7501822], [39.81174169999999, 57.7504976], [39.8105382, 57.75382559999999], [39.8086552, 57.7591988], [39.79850789999999, 57.76580090000001], [39.7983912, 57.767480899999995], [39.797312, 57.76930099999999], [39.7962037, 57.7691299], [39.795941199999994, 57.770312100000005], [39.79506610000001, 57.77029660000001], [39.79410359999999, 57.773438500000005], [39.7932675, 57.7732604], [39.7923828, 57.7730964], [39.7912408, 57.7726904], [39.790315899999996, 57.7725015], [39.78944359999999, 57.7723406], [39.78859109999999, 57.7725365], [39.787553499999994, 57.7730739], [39.7873201, 57.7738205], [39.785453399999994, 57.7746138], [39.7822814, 57.77527520000001], [39.7747558, 57.7736931]]]]}}, {"type": "Feature", "properties": {"id": "mo-78643000", "name": "Тутаевский муниципальный район", "region": "Ярославская область", "isCity": false, "sourceOktmo": "78-643-000-000", "sourceAgg": "Ярославль", "excelNames": ["Тутаевский муниципальный район"], "oktmo": "78643000", "vgp": [{"year": 2019, "value": 14708662.997552145}, {"year": 2020, "value": 14004839.24127683}, {"year": 2021, "value": 17279302.535744917}, {"year": 2022, "value": 21879579.50719928}, {"year": 2023, "value": 24409494.34952865}, {"year": 2024, "value": 27792382.78340659}], "population": [{"year": 2019, "value": 55596.0}, {"year": 2020, "value": 55418.0}, {"year": 2021, "value": 55169.0}, {"year": 2022, "value": 54817.0}, {"year": 2023, "value": 52624.0}, {"year": 2024, "value": 52373.0}, {"year": 2025, "value": 52330.0}], "shipments": [{"year": 2019, "value": 8090958.1}, {"year": 2020, "value": 8046113.1}, {"year": 2021, "value": 12452192.6}, {"year": 2022, "value": 15212177.1}, {"year": 2023, "value": 19472839.1}, {"year": 2024, "value": 23608587.9}], "employees": [{"year": 2019, "value": 8921.0}, {"year": 2020, "value": 8303.0}, {"year": 2021, "value": 8756.0}, {"year": 2022, "value": 8807.0}, {"year": 2023, "value": 8607.0}, {"year": 2024, "value": 8351.0}], "investments": [{"year": 2019, "value": 1492059.0}, {"year": 2020, "value": 2497910.0}, {"year": 2021, "value": 2346717.0}, {"year": 2022, "value": 659375.0}, {"year": 2023, "value": 589274.0}, {"year": 2024, "value": 3187196.0}], "vgp2024": 27792382.78340659, "pop2024": 52373.0, "ship2024": 23608587.9, "emp2024": 8351.0, "inv2024": 3187196.0}, "geometry": {"type": "MultiPolygon", "coordinates": [[[[39.2349954, 57.8349716], [39.2277604, 57.83956959999999], [39.22915679999999, 57.84165560000001], [39.2325353, 57.8439932], [39.2374003, 57.8459951], [39.242332899999994, 57.84742150000001], [39.2444501, 57.85265909999999], [39.233729, 57.86116710000001], [39.2283347, 57.8611065], [39.222229799999994, 57.8603888], [39.217802299999995, 57.86046469999999], [39.2195141, 57.8642605], [39.2154233, 57.865374], [39.2102373, 57.8662111], [39.2083229, 57.86733719999999], [39.2090436, 57.868595000000006], [39.21046259999999, 57.87047570000001], [39.1866908, 57.873187999999985], [39.1872998, 57.8749953], [39.18817419999999, 57.877113300000005], [39.188839599999994, 57.8786477], [39.1915381, 57.8843522], [39.1978072, 57.8843735], [39.2026626, 57.88464630000001], [39.21291239999999, 57.88515369999999], [39.212195099999995, 57.8873816], [39.2260125, 57.8873744], [39.23068179999999, 57.8890108], [39.2340016, 57.8845846], [39.2423857, 57.88689060000001], [39.2492248, 57.8895602], [39.25216, 57.8926375], [39.2519062, 57.893966599999985], [39.2476189, 57.8962785], [39.2466081, 57.8968386], [39.250275599999995, 57.897691899999984], [39.248946, 57.89867000000001], [39.2487142, 57.8996878], [39.250432499999995, 57.9006341], [39.25054289999999, 57.9031004], [39.2514328, 57.9061484], [39.2534052, 57.9079161], [39.2578479, 57.9088963], [39.2652022, 57.908611199999996], [39.2663154, 57.909884], [39.2821094, 57.912989199999984], [39.279293, 57.91489719999999], [39.2749692, 57.917132200000005], [39.2712494, 57.9193649], [39.27368409999999, 57.920707300000004], [39.272071999999994, 57.92232140000001], [39.2708226, 57.923934100000004], [39.273007, 57.92456969999999], [39.2766441, 57.9282311], [39.2704, 57.931766200000006], [39.2699818, 57.93831000000001], [39.2767347, 57.9407215], [39.2796205, 57.939921600000005], [39.283122899999995, 57.93913109999999], [39.290738899999994, 57.93692079999999], [39.3053637, 57.9330025], [39.3172538, 57.9396061], [39.3190025, 57.9386931], [39.3258035, 57.94128250000001], [39.3251353, 57.94260489999999], [39.3295807, 57.946266400000006], [39.33183819999999, 57.94828729999998], [39.3306691, 57.948788699999994], [39.319145999999996, 57.954382899999985], [39.3146026, 57.9567553], [39.3079337, 57.9602372], [39.3074843, 57.96047179999999], [39.3028025, 57.963076900000004], [39.2987927, 57.96530800000001], [39.2975671, 57.96600859999999], [39.3035883, 57.968752300000006], [39.3043144, 57.9689727], [39.3052509, 57.9692048], [39.30686359999999, 57.9694094], [39.3080554, 57.969553700000006], [39.308804699999996, 57.96974910000001], [39.3096253, 57.9700436], [39.310117, 57.9701656], [39.3107462, 57.970101299999996], [39.3112357, 57.9700746], [39.3117269, 57.9701595], [39.31257169999999, 57.9705158], [39.3129451, 57.9705267], [39.3135065, 57.97062369999999], [39.314461699999995, 57.9705209], [39.3149549, 57.9707546], [39.3154519, 57.97127340000001], [39.315690599999996, 57.9716568], [39.3156081, 57.9724382], [39.31587199999999, 57.972970299999986], [39.3163217, 57.9734397], [39.317449, 57.973956], [39.31799049999999, 57.9743011], [39.31810939999999, 57.97446179999999], [39.317903799999996, 57.9747973], [39.317837299999994, 57.97504560000001], [39.31866029999999, 57.9755011], [39.3190126, 57.9756609], [39.31929329999999, 57.9757094], [39.3195722, 57.97562150000001], [39.320131599999996, 57.975582100000004], [39.320622199999995, 57.9756174], [39.32104439999999, 57.975777], [39.321258199999995, 57.9760364], [39.3214692, 57.976110100000014], [39.32170179999999, 57.9760595], [39.321909399999996, 57.975885100000006], [39.32197589999999, 57.975624499999995], [39.32215839999999, 57.97532629999999], [39.3223895, 57.97516410000001], [39.32305219999999, 57.97493490000001], [39.3240504, 57.974764799999996], [39.3248639, 57.97482809999999], [39.3270643, 57.97568309999998], [39.32920029999999, 57.9764054], [39.3298346, 57.97703400000001], [39.3309829, 57.9786572], [39.33131219999999, 57.9798185], [39.3291395, 57.98095659999999], [39.327343899999995, 57.982226000000004], [39.328297199999994, 57.98331849999999], [39.3294379, 57.984376999999995], [39.3320263, 57.98609400000001], [39.33478519999999, 57.9909662], [39.33169, 57.995985499999996], [39.3337777, 57.9963641], [39.337108400000005, 57.996323], [39.3386295, 57.9971184], [39.3354473, 58.00028230000001], [39.3401905, 58.0006777], [39.34767529999999, 58.003411099999994], [39.34247980000001, 58.00417869999998], [39.3396851, 58.00535090000001], [39.33823319999999, 58.00577140000001], [39.3390238, 58.006431500000005], [39.3389919, 58.01146219999999], [39.3388488, 58.01210090000001], [39.3384502, 58.0136203], [39.3411682, 58.0143003], [39.3433093, 58.01470619999999], [39.34862879999999, 58.0151818], [39.3486929, 58.0160107], [39.35629459999999, 58.015840999999995], [39.35694579999999, 58.0175796], [39.360894, 58.016899599999995], [39.365607499999996, 58.0220483], [39.3723804, 58.0187024], [39.38281849999999, 58.0233558], [39.3952542, 58.0289391], [39.39803189999999, 58.029949299999984], [39.4004295, 58.03322769999999], [39.3939452, 58.038342699999994], [39.40137759999999, 58.046767], [39.394415599999995, 58.048235700000006], [39.389503899999994, 58.0475114], [39.389340999999995, 58.0438084], [39.386391, 58.0418313], [39.3834694, 58.041650699999984], [39.38323239999999, 58.039827499999994], [39.3817903, 58.039743999999985], [39.379685099999996, 58.03962199999999], [39.3775553, 58.0400735], [39.3760529, 58.04066039999999], [39.3745081, 58.0418833], [39.3678554, 58.043128100000004], [39.3646867, 58.0438326], [39.3640729, 58.048064100000005], [39.372427599999995, 58.048968200000004], [39.3711629, 58.05148889999999], [39.3698294, 58.05293189999998], [39.3667206, 58.0542166], [39.3661182, 58.0557394], [39.36305900000001, 58.05688559999999], [39.35889349999999, 58.0562048], [39.3566298, 58.0558348], [39.3563542, 58.05484089999999], [39.3533364, 58.052738999999995], [39.3496115, 58.05370810000001], [39.35146979999999, 58.05533470000001], [39.3495498, 58.0566105], [39.347478, 58.057558799999995], [39.3457999, 58.058948199999996], [39.3445927, 58.05994770000001], [39.33803009999999, 58.060499500000006], [39.33790079999999, 58.0599997], [39.3374228, 58.0581526], [39.336056799999994, 58.058331], [39.3300189, 58.05911950000001], [39.3284702, 58.0593217], [39.3277679, 58.06128689999999], [39.32577529999999, 58.0642247], [39.32806529999999, 58.0646222], [39.32999269999999, 58.06572749999999], [39.331456100000004, 58.067249699999984], [39.3316978, 58.0666802], [39.332036099999996, 58.06649829999999], [39.33264809999999, 58.066387500000005], [39.33305709999999, 58.066385800000006], [39.3335379, 58.06663679999999], [39.340650499999995, 58.0823589], [39.341681799999996, 58.0829328], [39.34310949999999, 58.1013872], [39.3430411, 58.10657179999998], [39.34454219999999, 58.108147900000006], [39.34461689999999, 58.1093314], [39.34109349999999, 58.111561699999996], [39.3397302, 58.11247789999999], [39.34040139999999, 58.11526779999999], [39.3471638, 58.11484560000001], [39.34698329999999, 58.11426959999999], [39.3474237, 58.1130232], [39.35722299999999, 58.115241299999994], [39.358997699999996, 58.1161976], [39.35917299999999, 58.1238424], [39.3593023, 58.13245100000001], [39.365556399999996, 58.132360299999995], [39.3655588, 58.132521000000004], [39.36589149999999, 58.1384303], [39.3655966, 58.13900970000001], [39.365674999999996, 58.14016589999999], [39.365015, 58.140714800000005], [39.3652946, 58.14312279999999], [39.363088299999994, 58.1458628], [39.3667589, 58.147517699999995], [39.3750252, 58.15165819999999], [39.3747471, 58.15332979999999], [39.3749986, 58.153874900000005], [39.3747659, 58.1545505], [39.3750813, 58.155287900000005], [39.3745384, 58.1555473], [39.3743744, 58.156736499999994], [39.37486799999999, 58.1572163], [39.375255, 58.1586602], [39.3747254, 58.1597868], [39.3745048, 58.161233300000006], [39.3753755, 58.1625145], [39.3741713, 58.163258600000006], [39.3735788, 58.1642569], [39.3746245, 58.1689746], [39.3753644, 58.16964610000001], [39.376109799999995, 58.17067070000001], [39.37576949999999, 58.17224629999999], [39.37461679999999, 58.17241190000001], [39.37444549999999, 58.173119299999996], [39.375319499999996, 58.174593299999984], [39.377575, 58.17496889999999], [39.37885130000001, 58.17493129999998], [39.3827501, 58.17539609999999], [39.38495859999999, 58.1766392], [39.3889904, 58.17780999999999], [39.38913169999999, 58.1905303], [39.3928024, 58.1918311], [39.41288469999999, 58.1980206], [39.41305680000001, 58.1975784], [39.41408599999999, 58.1970416], [39.415582099999995, 58.19660540000001], [39.41607019999999, 58.196219600000006], [39.417874, 58.19528009999999], [39.4190306, 58.194905500000004], [39.41985820000001, 58.1950341], [39.4206009, 58.19551500000001], [39.4218848, 58.196924100000004], [39.422532, 58.1975281], [39.422723, 58.1983724], [39.4225288, 58.199668700000004], [39.4218964, 58.200287999999986], [39.4214044, 58.20078539999999], [39.42037549999999, 58.2023483], [39.4204516, 58.2031069], [39.4211958, 58.2039542], [39.4228164, 58.2048106], [39.424251, 58.2057095], [39.425224199999995, 58.206568299999994], [39.4259544, 58.2076079], [39.4261934, 58.20867259999999], [39.4268062, 58.20975329999999], [39.4277536, 58.2104058], [39.42979189999999, 58.2109026], [39.430441, 58.210901299999996], [39.43079089999999, 58.210868099999985], [39.4323867, 58.2105406], [39.4384295, 58.20952520000001], [39.44120519999999, 58.209449199999995], [39.44356499999999, 58.20954760000001], [39.444312, 58.2093687], [39.4453136, 58.2086443], [39.4462813, 58.2086443], [39.4476261, 58.209267], [39.448183, 58.20994540000001], [39.44837989999999, 58.21123679999999], [39.44859039999999, 58.2129825], [39.4484138, 58.21373010000001], [39.4489299, 58.2143382], [39.4523632, 58.2147897], [39.456624, 58.2146499], [39.4599253, 58.215043999999985], [39.4647177, 58.2142935], [39.46531349999999, 58.21382959999998], [39.4675672, 58.21381600000001], [39.470805299999995, 58.2136386], [39.4754422, 58.21301090000001], [39.4775923, 58.212928999999995], [39.4797807, 58.21323580000001], [39.4807302, 58.21357150000001], [39.4821681, 58.2140479], [39.483792799999996, 58.214213799999996], [39.485003, 58.21415129999999], [39.4870423, 58.2134366], [39.4884524, 58.212820900000004], [39.49054050000001, 58.2122314], [39.49231439999999, 58.211358100000005], [39.4942376, 58.2103886], [39.4959784, 58.2098646], [39.4966256, 58.2097936], [39.4977357, 58.2097947], [39.49831540000001, 58.210034], [39.4989321, 58.2102565], [39.4991664, 58.210865600000005], [39.5017776, 58.2125119], [39.5030995, 58.212618199999994], [39.5044046, 58.2125455], [39.50802120000001, 58.21228980000001], [39.5117975, 58.21271859999999], [39.5126423, 58.2130632], [39.5138069, 58.213802699999995], [39.514154500000004, 58.2131919], [39.515314499999995, 58.20979939999999], [39.5117221, 58.20772619999999], [39.511311899999995, 58.2053152], [39.509226399999996, 58.20491049999998], [39.5072898, 58.199889500000005], [39.52545539999999, 58.1991364], [39.5314651, 58.199076899999994], [39.536371, 58.1998557], [39.540512199999995, 58.2000522], [39.54366619999999, 58.199202899999996], [39.54285869999999, 58.1958598], [39.5454603, 58.19338819999999], [39.5452601, 58.192042599999986], [39.54116669999999, 58.18780000000001], [39.53685190000001, 58.18484850000001], [39.53567069999999, 58.181378999999986], [39.5367168, 58.1785055], [39.54263739999999, 58.17543090000001], [39.544602899999994, 58.173635000000004], [39.5386, 58.172000000000004], [39.5381612, 58.16810799999998], [39.539529, 58.16627829999999], [39.5289741, 58.161367399999996], [39.5240018, 58.15827370000001], [39.523004199999995, 58.1563302], [39.5228806, 58.15608939999999], [39.5187095, 58.154373499999984], [39.5177762, 58.1520398], [39.52921789999999, 58.14391210000001], [39.5468329, 58.145365799999986], [39.548726, 58.1471684], [39.5542973, 58.1505089], [39.5636593, 58.14863960000001], [39.579611899999996, 58.1481611], [39.5886317, 58.146081800000005], [39.5964448, 58.1470841], [39.5984237, 58.151227500000005], [39.6147287, 58.1504059], [39.6456287, 58.148272599999984], [39.6746333, 58.14695], [39.6864046, 58.14536110000001], [39.68705179999999, 58.14451339999998], [39.69050429999999, 58.143783600000006], [39.6926103, 58.1411994], [39.6982167, 58.13988940000001], [39.6997067, 58.141396900000004], [39.7025437, 58.14200159999999], [39.7021, 58.13166669999998], [39.6983595, 58.1168469], [39.7056376, 58.1189232], [39.7104593, 58.1114338], [39.70840249999999, 58.1111731], [39.71279919999999, 58.1040682], [39.7226167, 58.1058333], [39.72323779999999, 58.1071204], [39.72656669999999, 58.10874999999999], [39.73213640000001, 58.11340899999999], [39.7352908, 58.1164268], [39.7389915, 58.115255000000005], [39.74651879999999, 58.11210659999999], [39.7469833, 58.110383299999995], [39.7506, 58.1082333], [39.7592667, 58.1072], [39.7594333, 58.103433300000006], [39.7592667, 58.1007667], [39.762699999999995, 58.0991333], [39.7695667, 58.09853330000001], [39.7753167, 58.0991333], [39.7766833, 58.0943333], [39.78029999999999, 58.0939], [39.78646669999999, 58.09501670000001], [39.79651669999999, 58.0925333], [39.79996979999999, 58.09243399999999], [39.8094872, 58.0909211], [39.8085333, 58.0871167], [39.8081941, 58.08689479999999], [39.8075443, 58.0841476], [39.81362469999999, 58.081346299999986], [39.8168119, 58.08193610000001], [39.818948899999995, 58.08348420000001], [39.8261333, 58.0812833], [39.8309333, 58.0812833], [39.8367667, 58.07888330000001], [39.8357333, 58.07305], [39.8347167, 58.06994999999999], [39.833238599999994, 58.066651199999995], [39.8367667, 58.0637667], [39.84020019999999, 58.059916], [39.836746, 58.06007559999999], [39.8299165, 58.05823850000001], [39.8240296, 58.057011899999985], [39.8218188, 58.0533326], [39.8229158, 58.052135], [39.8247164, 58.04815510000001], [39.823112599999995, 58.04674169999999], [39.8276158, 58.0459608], [39.8383889, 58.04393909999999], [39.8445445, 58.047910699999996], [39.8474362, 58.04821629999999], [39.8520684, 58.04785090000001], [39.8554651, 58.0479875], [39.85362229999999, 58.04409400000001], [39.854780899999994, 58.041491499999985], [39.852629699999994, 58.0396224], [39.850027299999994, 58.03884839999999], [39.8472782, 58.037358199999986], [39.8431607, 58.03817720000001], [39.84124539999999, 58.03609740000001], [39.8388333, 58.0304667], [39.8336329, 58.0223509], [39.83333329999999, 58.0218833], [39.829899999999995, 58.0174333], [39.8244167, 58.01536669999999], [39.8244167, 58.0129667], [39.83745, 58.0129667], [39.8439833, 58.0091833], [39.84741669999999, 58.006433300000005], [39.853249999999996, 58.00541669999999], [39.855316699999996, 58.0023167], [39.86079999999999, 58.0026667], [39.86251669999999, 58.004716699999996], [39.87145, 58.0067833], [39.87864999999999, 58.00781670000001], [39.8848333, 58.00541669999999], [39.8906667, 58.005750000000006], [39.894099999999995, 58.004383299999986], [39.8961729, 57.999582700000005], [39.8952752, 57.997989700000005], [39.896290199999996, 57.996305999999976], [39.897863699999995, 57.9964148], [39.89964189999999, 57.996153], [39.90153289999999, 57.9964672], [39.90222429999999, 57.99582350000001], [39.9086628, 57.997314200000005], [39.9154452, 57.99371439999999], [39.9113113, 57.99003020000001], [39.91398649999999, 57.9892712], [39.9119108, 57.9878641], [39.91328789999999, 57.9872081], [39.914685, 57.987705399999996], [39.914366699999995, 57.9855], [39.91641669999999, 57.98206669999999], [39.9123, 57.98], [39.9057833, 57.97691669999998], [39.90475, 57.9745167], [39.9064667, 57.9703833], [39.90746649999999, 57.9670185], [39.9064667, 57.964216699999994], [39.90378179999999, 57.963132400000006], [39.9024959, 57.961266699999996], [39.8999808, 57.9591873], [39.90161309999999, 57.958314200000004], [39.8990141, 57.95677979999999], [39.89735259999999, 57.956776700000006], [39.8945891, 57.95539190000001], [39.89205, 57.9532167], [39.893073, 57.95160380000001], [39.895617599999994, 57.95223159999999], [39.895126499999996, 57.9496587], [39.897314300000005, 57.95042249999999], [39.8991262, 57.9472909], [39.90300129999999, 57.9476563], [39.89856670000001, 57.93914999999999], [39.89205, 57.9381167], [39.8976068, 57.9329173], [39.8985362, 57.93254149999999], [39.900633299999996, 57.928382899999995], [39.902155699999994, 57.928268800000005], [39.90597509999999, 57.928446199999996], [39.9070797, 57.92769319999999], [39.909339599999996, 57.9265859], [39.91070839999999, 57.9261566], [39.9122523, 57.925346000000005], [39.912297599999995, 57.92502970000001], [39.9121231, 57.9245321], [39.9125365, 57.923990599999996], [39.912946299999994, 57.92290889999999], [39.9133449, 57.92219529999999], [39.91396960000001, 57.9217953], [39.91452739999999, 57.921241299999984], [39.9145851, 57.9210927], [39.9149893, 57.9208878], [39.91539349999999, 57.9203511], [39.916192699999996, 57.91993639999999], [39.9163728, 57.91946099999999], [39.91548540000001, 57.9150669], [39.91564749999999, 57.9148478], [39.9151969, 57.91338880000001], [39.914821399999994, 57.91282460000001], [39.914757, 57.912248999999996], [39.91492329999999, 57.91166189999999], [39.9146712, 57.9113969], [39.9145049, 57.911114799999986], [39.914209799999995, 57.9110749], [39.9140435, 57.9112231], [39.9137109, 57.91127720000001], [39.9132925, 57.911015000000006], [39.9135217, 57.910819999999994], [39.9188996, 57.90993269999999], [39.91950099999999, 57.908907], [39.9217475, 57.909085700000006], [39.9218137, 57.9069052], [39.920225, 57.9060962], [39.9224498, 57.90493740000001], [39.9219239, 57.9045027], [39.9214947, 57.90384710000001], [39.9214827, 57.90300109999999], [39.92300519999999, 57.9014534], [39.9252271, 57.90042530000001], [39.92413059999999, 57.899729699999995], [39.924439799999995, 57.8972212], [39.91999109999999, 57.8933092], [39.9194254, 57.8913671], [39.915840599999996, 57.8903825], [39.9146331, 57.890273], [39.91449949999999, 57.890128699999984], [39.9143815, 57.88883409999999], [39.91436, 57.88735700000001], [39.914313299999996, 57.884412000000005], [39.91440300000001, 57.8830736], [39.91459609999999, 57.8823834], [39.914939399999994, 57.88167039999999], [39.9147677, 57.88006179999999], [39.91521829999999, 57.87991339999999], [39.9152246, 57.8787779], [39.9090707, 57.8781393], [39.908754699999996, 57.8780184], [39.90532629999999, 57.8735296], [39.901767, 57.869094999999994], [39.899672699999996, 57.86935979999999], [39.8970471, 57.8664269], [39.8938336, 57.86749330000001], [39.8932671, 57.8671617], [39.8931169, 57.86681360000001], [39.893213499999995, 57.86597470000001], [39.8928809, 57.86523849999999], [39.8918705, 57.8643982], [39.8875487, 57.86560949999999], [39.8874199, 57.865923300000006], [39.88693709999999, 57.8659975], [39.886164699999995, 57.86635129999999], [39.8850944, 57.86654119999999], [39.8843193, 57.86597470000001], [39.8837721, 57.8646507], [39.8813597, 57.86280120000001], [39.8785475, 57.8624522], [39.8771781, 57.86184569999999], [39.8756234, 57.8580962], [39.87243709999999, 57.858208000000005], [39.8692496, 57.85841859999999], [39.8661343, 57.85936589999999], [39.865051, 57.8588509], [39.8627018, 57.8572236], [39.86036179999999, 57.8553359], [39.85987049999999, 57.85483510000001], [39.8606354, 57.8546252], [39.8610163, 57.85464799999998], [39.8614186, 57.85494479999999], [39.8620194, 57.8551132], [39.8629528, 57.8551618], [39.8634142, 57.85547569999999], [39.863945199999996, 57.8554814], [39.8642886, 57.8553359], [39.86414909999999, 57.855121800000006], [39.86457289999999, 57.85488490000001], [39.8650342, 57.8547593], [39.8655868, 57.854762200000025], [39.866748, 57.85503460000001], [39.8676521, 57.8543797], [39.86855859999999, 57.8535919], [39.8710531, 57.8520334], [39.8759333, 57.8481301], [39.8719894, 57.84481509999999], [39.872619, 57.8387859], [39.8689808, 57.8330908], [39.86445789999999, 57.8336694], [39.8627088, 57.83493749999999], [39.86176119999999, 57.836782199999995], [39.8599559, 57.837630899999986], [39.8580873, 57.83747569999999], [39.8564994, 57.8371501], [39.855630399999995, 57.83710440000001], [39.8521006, 57.8367503], [39.8522389, 57.83638690000001], [39.852368799999994, 57.835839400000005], [39.8523366, 57.83528820000001], [39.85188600000001, 57.83418590000001], [39.8515856, 57.833623199999984], [39.85112959999999, 57.8332063], [39.8501964, 57.832290799999996], [39.85057259999999, 57.83121750000001], [39.851338899999995, 57.83085009999999], [39.8517895, 57.8307929], [39.85309079999999, 57.830646299999984], [39.8550188, 57.8306159], [39.8569699, 57.8305721], [39.85781649999999, 57.83001469999999], [39.85722899999999, 57.829798999999994], [39.85123159999999, 57.8288736], [39.847346099999996, 57.8280835], [39.840234499999994, 57.82393759999999], [39.83368039999999, 57.81984880000001], [39.8275598, 57.8231805], [39.8262685, 57.8231433], [39.8244309, 57.824223200000006], [39.8228429, 57.8247403], [39.8222422, 57.82626849999999], [39.8217566, 57.82663850000001], [39.8138952, 57.8251831], [39.8118794, 57.825331699999985], [39.8091316, 57.82553729999999], [39.80624099999999, 57.8256967], [39.80366279999999, 57.82529719999999], [39.796558399999995, 57.82385670000001], [39.7885395, 57.82561260000001], [39.78469129999999, 57.823886099999996], [39.78093619999999, 57.822360599999996], [39.77966889999999, 57.822071], [39.778620999999994, 57.81991450000001], [39.76731660000001, 57.818832399999984], [39.763040499999995, 57.8229891], [39.76317999999999, 57.8233205], [39.7629976, 57.8238233], [39.76209089999999, 57.82403310000001], [39.7597468, 57.82411470000001], [39.7530556, 57.8232158], [39.7542751, 57.8226006], [39.7546077, 57.822649199999994], [39.75518449999999, 57.822386900000005], [39.7552434, 57.8223049], [39.755128, 57.82222639999999], [39.754693499999995, 57.822020699999996], [39.7540766, 57.82186930000001], [39.7535026, 57.821814999999994], [39.752751599999996, 57.82164070000001], [39.7525424, 57.82150649999999], [39.752483399999996, 57.8213036], [39.752805200000005, 57.82112649999999], [39.7521937, 57.8206351], [39.751230799999995, 57.820271399999996], [39.7502893, 57.81970090000001], [39.7495383, 57.818660900000005], [39.7492164, 57.8182523], [39.7488096, 57.8175605], [39.74857269999999, 57.81744380000001], [39.748444, 57.81726660000001], [39.7482777, 57.81672090000001], [39.7466542, 57.815804899999996], [39.7461963, 57.8157065], [39.74597099999999, 57.815583700000005], [39.7453665, 57.8153772], [39.744977999999996, 57.8150635], [39.74367049999999, 57.81494779999999], [39.7433072, 57.8152597], [39.7433307, 57.815498299999994], [39.7436429, 57.8156762], [39.743436599999995, 57.81717739999999], [39.7417395, 57.81785249999999], [39.7407767, 57.81797399999999], [39.740348999999995, 57.81790379999999], [39.7401988, 57.817720900000005], [39.7387075, 57.8176238], [39.7378466, 57.81752949999999], [39.73701239999999, 57.817578], [39.7356337, 57.81749090000001], [39.7343919, 57.81766229999999], [39.73420939999999, 57.817643200000006], [39.7337669, 57.8172538], [39.7336328, 57.817078], [39.73332169999999, 57.816662300000004], [39.7332223, 57.8163582], [39.73317680000001, 57.8160409], [39.733268, 57.81578660000001], [39.7332573, 57.81557229999999], [39.7326857, 57.8149519], [39.7322595, 57.8139378], [39.7320878, 57.813432], [39.73213169999999, 57.81291190000001], [39.7324526, 57.81250330000001], [39.732479399999995, 57.81225190000001], [39.7322715, 57.8120856], [39.7309559, 57.81124320000001], [39.7296689, 57.80902360000001], [39.729788199999994, 57.808257100000006], [39.7315389, 57.807149700000004], [39.7314173, 57.806587699999994], [39.731519199999994, 57.8062047], [39.7310398, 57.805967599999995], [39.731609299999995, 57.8049143], [39.7337075, 57.8038309], [39.734953899999994, 57.8038008], [39.7367282, 57.802561899999986], [39.739457699999996, 57.802746], [39.743169599999995, 57.799871399999994], [39.74147419999999, 57.79823749999999], [39.73819099999999, 57.79811140000001], [39.736226, 57.79803599999999], [39.73755239999999, 57.7954643], [39.73701169999999, 57.79321809999999], [39.729569399999995, 57.793775200000006], [39.725955799999994, 57.79406909999999], [39.7120733, 57.793548400000006], [39.7021463, 57.7914311], [39.68886809999999, 57.78901320000001], [39.682069999999996, 57.7881869], [39.68250990000001, 57.78535179999999], [39.6825294, 57.78491650000001], [39.687005299999996, 57.784350899999986], [39.6861445, 57.781968500000005], [39.6841576, 57.77790199999999], [39.6835167, 57.77550970000001], [39.6810596, 57.774090499999986], [39.6763157, 57.7740325], [39.67210829999999, 57.77499710000001], [39.667682, 57.77331039999999], [39.6663541, 57.7718469], [39.66448539999999, 57.76887599999999], [39.6638389, 57.765723999999985], [39.6598308, 57.7639659], [39.65464469999999, 57.76499710000001], [39.6492868, 57.7651082], [39.6489832, 57.7655247], [39.647616899999996, 57.7657907], [39.6470964, 57.765501500000006], [39.642260199999996, 57.76595270000001], [39.636256599999996, 57.76556780000001], [39.63609689999999, 57.763851700000004], [39.636837199999995, 57.762088999999996], [39.635753599999994, 57.7594505], [39.6361978, 57.7592588], [39.6371097, 57.7504261], [39.635067, 57.745866], [39.633283399999996, 57.7435785], [39.6268773, 57.732843399999986], [39.625472099999996, 57.73096699999999], [39.6219477, 57.7318795], [39.61404889999999, 57.73396609999999], [39.60395009999999, 57.736696099999996], [39.6017143, 57.737356500000004], [39.5980724, 57.7382161], [39.5956065, 57.7361647], [39.59198099999999, 57.72569099999999], [39.581843899999996, 57.72302929999999], [39.577067299999996, 57.72101550000001], [39.574256199999994, 57.720399900000004], [39.569974099999996, 57.7192075], [39.5686074, 57.7198974], [39.5649246, 57.7183186], [39.5663308, 57.7155605], [39.5586521, 57.71501500000001], [39.5569849, 57.715982], [39.54845989999999, 57.715972], [39.5451539, 57.71488409999999], [39.543867999999996, 57.7160932], [39.53652309999999, 57.7163232], [39.5306389, 57.7124913], [39.5306917, 57.7086127], [39.525721999999995, 57.7087452], [39.5247087, 57.707631600000006], [39.528033799999996, 57.7055623], [39.5340929, 57.702305], [39.53448769999999, 57.6984929], [39.5316416, 57.695283599999996], [39.52945499999999, 57.69511270000001], [39.5279939, 57.691884200000004], [39.5249582, 57.6930037], [39.51709730000001, 57.6932399], [39.51459859999999, 57.69388610000001], [39.5112938, 57.6939292], [39.5104509, 57.6920464], [39.50857599999999, 57.690847999999995], [39.5059738, 57.689578], [39.5021411, 57.687321100000005], [39.494390599999996, 57.6862486], [39.4938089, 57.68447389999999], [39.498325699999995, 57.6849552], [39.496772699999994, 57.682802900000006], [39.4885118, 57.68202610000001], [39.4885346, 57.68185139999999], [39.4907767, 57.6751636], [39.483732999999994, 57.675133100000004], [39.4832868, 57.673592000000006], [39.48291669999999, 57.67299100000001], [39.4823641, 57.67242160000001], [39.4850822, 57.67105000000001], [39.48572759999999, 57.6706961], [39.48654299999999, 57.6694223], [39.4867884, 57.6681072], [39.48641789999999, 57.66614100000001], [39.4858657, 57.66343499999999], [39.484815, 57.663763499999995], [39.478383099999995, 57.663631499999994], [39.4702319, 57.6649353], [39.46760119999999, 57.666062600000004], [39.467018599999996, 57.66681519999999], [39.4659686, 57.66727349999999], [39.463985, 57.66792950000001], [39.4603157, 57.668015600000004], [39.4598222, 57.66809589999999], [39.4592267, 57.6685119], [39.45834399999999, 57.668697], [39.4577032, 57.6686496], [39.45691469999999, 57.668328299999985], [39.4551927, 57.6682021], [39.45355109999999, 57.668503300000005], [39.452837699999996, 57.66914310000001], [39.45210809999999, 57.6691517], [39.45161689999999, 57.66961429999999], [39.4508552, 57.66968610000001], [39.44981450000001, 57.6702282], [39.44924189999999, 57.6702855], [39.4479846, 57.66972810000001], [39.44609849999999, 57.67037740000001], [39.4426378, 57.67041860000001], [39.4392532, 57.6699012], [39.4362295, 57.66821070000001], [39.4360167, 57.66788100000001], [39.4316456, 57.6681685], [39.418565599999994, 57.6663604], [39.4156791, 57.670446], [39.41172999999999, 57.67034970000002], [39.4076693, 57.66922060000001], [39.4070675, 57.668846], [39.402636799999996, 57.667928999999994], [39.3995136, 57.6658004], [39.3939619, 57.6675322], [39.3924373, 57.6698569], [39.38862100000001, 57.6703676], [39.3878189, 57.664978299999994], [39.3849832, 57.6655309], [39.37953829999999, 57.664962799999984], [39.3768293, 57.66521819999999], [39.376256399999995, 57.66540749999999], [39.3759951, 57.6657031], [39.3763169, 57.6663171], [39.3757725, 57.6674303], [39.37712359999999, 57.6699715], [39.3725853, 57.6716695], [39.3678004, 57.6692672], [39.36585899999999, 57.6710968], [39.3658502, 57.6716859], [39.3609837, 57.6728545], [39.3607729, 57.68123450000001], [39.367620499999994, 57.680223299999994], [39.3678176, 57.6850698], [39.37074559999999, 57.68674039999999], [39.3747716, 57.6874326], [39.3781219, 57.6886938], [39.38638529999999, 57.68838650000001], [39.3899228, 57.6892928], [39.3939864, 57.689117], [39.395637699999995, 57.6892434], [39.3976332, 57.6919819], [39.39915349999999, 57.6946151], [39.400221599999995, 57.6965118], [39.4046964, 57.6972214], [39.4072411, 57.701133], [39.4119119, 57.703983199999996], [39.41613569999999, 57.7065687], [39.41621039999999, 57.708108900000006], [39.412257, 57.7151666], [39.3994129, 57.71697790000001], [39.3976022, 57.7136495], [39.39370219999999, 57.7133966], [39.389683500000004, 57.71352550000001], [39.3890879, 57.71472979999999], [39.3891449, 57.71675], [39.3938037, 57.7205712], [39.39478909999999, 57.72887000000001], [39.3970132, 57.7299523], [39.40241879999999, 57.73059860000001], [39.40396729999999, 57.73148549999999], [39.4046148, 57.73375510000001], [39.40303819999999, 57.7364754], [39.4034324, 57.73782799999999], [39.4068168, 57.741158599999984], [39.4108857, 57.74020430000001], [39.413503999999996, 57.739663], [39.41703069999999, 57.73913549999999], [39.4186413, 57.7404416], [39.420246899999995, 57.74140710000001], [39.420452399999995, 57.7415307], [39.4247777, 57.7430753], [39.42610289999999, 57.7466023], [39.4288057, 57.74840480000002], [39.4309951, 57.749908899999994], [39.433094, 57.751493499999995], [39.4380504, 57.75043170000001], [39.4408313, 57.75063289999999], [39.441654099999994, 57.7511755], [39.4411973, 57.75280370000001], [39.433929, 57.7595405], [39.4353509, 57.77065069999999], [39.4356968, 57.7733528], [39.4321213, 57.7757099], [39.4320931, 57.7776314], [39.4313476, 57.780535900000004], [39.42636989999999, 57.7830215], [39.4199733, 57.7845825], [39.4171579, 57.7858432], [39.4161894, 57.7869719], [39.4112794, 57.7873561], [39.3989817, 57.7934547], [39.39249499999999, 57.7960836], [39.37598549999999, 57.798988300000005], [39.3756702, 57.793250699999994], [39.3689133, 57.79328670000001], [39.3574039, 57.7952313], [39.3561877, 57.7965757], [39.3554601, 57.801932400000005], [39.355430399999996, 57.80215080000001], [39.3553318, 57.802876899999994], [39.3454891, 57.804185000000004], [39.3416553, 57.8058326], [39.3398358, 57.8087209], [39.3351285, 57.807689], [39.32165959999999, 57.8028649], [39.31870909999999, 57.80276879999999], [39.31519269999999, 57.8042862], [39.3115016, 57.80570899999999], [39.307650200000005, 57.805853000000006], [39.2981454, 57.806873], [39.288730699999995, 57.807065], [39.281951199999995, 57.807641000000004], [39.2826494, 57.81044879999999], [39.2568837, 57.82290410000001], [39.2673562, 57.82553980000001], [39.2596758, 57.832291600000005], [39.2567928, 57.8321237], [39.2472204, 57.8304689], [39.24332389999999, 57.8308166], [39.2387968, 57.8325554], [39.2349954, 57.8349716]]]]}}, {"type": "Feature", "properties": {"id": "mo-78637000", "name": "Ростовский муниципальный район", "region": "Ярославская область", "isCity": false, "sourceOktmo": "78-637-000-000", "sourceAgg": "Ярославль", "excelNames": ["Ростовский муниципальный район"], "oktmo": "78637000", "vgp": [{"year": 2019, "value": 24485527.681517404}, {"year": 2020, "value": 24435004.644425657}, {"year": 2021, "value": 27547617.676921118}, {"year": 2022, "value": 34414260.8085431}, {"year": 2023, "value": 40757678.62664062}, {"year": 2024, "value": 45705924.87835886}], "population": [{"year": 2019, "value": 62906.0}, {"year": 2020, "value": 62249.0}, {"year": 2021, "value": 61721.0}, {"year": 2022, "value": 61122.0}, {"year": 2023, "value": 58436.0}, {"year": 2024, "value": 57986.0}, {"year": 2025, "value": 57768.0}], "shipments": [{"year": 2019, "value": 14155448.2}, {"year": 2020, "value": 15096409.5}, {"year": 2021, "value": 17982353.0}, {"year": 2022, "value": 20610711.9}, {"year": 2023, "value": 28479203.2}, {"year": 2024, "value": 33717202.6}], "employees": [{"year": 2019, "value": 14093.0}, {"year": 2020, "value": 13830.0}, {"year": 2021, "value": 13614.0}, {"year": 2022, "value": 13436.0}, {"year": 2023, "value": 13650.0}, {"year": 2024, "value": 13310.0}], "investments": [{"year": 2019, "value": 2241817.0}, {"year": 2020, "value": 3386979.0}, {"year": 2021, "value": 3877726.0}, {"year": 2022, "value": 4690550.0}, {"year": 2023, "value": 4300593.0}, {"year": 2024, "value": 6861529.0}], "vgp2024": 45705924.87835886, "pop2024": 57986.0, "ship2024": 33717202.6, "emp2024": 13310.0, "inv2024": 6861529.0}, "geometry": {"type": "MultiPolygon", "coordinates": [[[[39.4020479, 56.77101619999999], [39.401722199999995, 56.771009599999985], [39.3907905, 56.7695958], [39.3798426, 56.76834600000001], [39.377236, 56.76680549999998], [39.373280199999996, 56.7663155], [39.36743299999999, 56.76587270000001], [39.3612951, 56.76166529999999], [39.353897, 56.75886989999999], [39.3470527, 56.75687349999999], [39.34872709999999, 56.7580833], [39.34520729999999, 56.7587964], [39.34421259999999, 56.7609774], [39.346202, 56.764248699999996], [39.34291180000001, 56.768693899999995], [39.34474819999999, 56.7707486], [39.35064, 56.7703293], [39.3551546, 56.7675198], [39.3591335, 56.7676456], [39.3595926, 56.76642939999999], [39.36311239999999, 56.7668488], [39.3649488, 56.767351999999995], [39.366326099999995, 56.7685681], [39.367244299999996, 56.771167899999995], [39.3667852, 56.77221610000001], [39.3667852, 56.7749833], [39.3648723, 56.77615730000001], [39.3622707, 56.7766184], [39.3607403, 56.7782534], [39.3585978, 56.7783373], [39.36601999999999, 56.7850443], [39.3640306, 56.7889421], [39.3602812, 56.7860083], [39.35002789999999, 56.78584059999999], [39.34918619999999, 56.7851281], [39.3472733, 56.78470889999999], [39.34566639999999, 56.78592449999999], [39.3453603, 56.7878105], [39.3446717, 56.789067899999985], [39.3475028, 56.7902413], [39.3497218, 56.7924205], [39.35262949999999, 56.7927558], [39.3520173, 56.793803399999994], [39.349339199999996, 56.79346819999999], [39.3474263, 56.791540499999996], [39.34421259999999, 56.7893612], [39.3443656, 56.787223799999985], [39.3429883, 56.78500230000001], [39.3446717, 56.783702999999996], [39.3472733, 56.78315800000001], [39.3563023, 56.7837449], [39.3582918, 56.7828646], [39.3540443, 56.779812899999996], [39.35362419999999, 56.7795111], [39.354389399999995, 56.7773311], [39.358368299999995, 56.774564100000006], [39.3606638, 56.77452219999999], [39.36272979999999, 56.77271929999999], [39.362347199999995, 56.7695326], [39.3598221, 56.771167899999995], [39.354772, 56.7717549], [39.3510991, 56.7724677], [39.34375349999999, 56.77292889999999], [39.340922299999995, 56.7725096], [39.33985109999999, 56.7712098], [39.2545189, 56.77799180000001], [39.2576556, 56.7839106], [39.25072469999999, 56.7892703], [39.24277459999999, 56.7926198], [39.2389014, 56.7936245], [39.2333975, 56.799206100000006], [39.226466599999995, 56.80166169999999], [39.2252435, 56.80434039999999], [39.22748589999999, 56.8059029], [39.2323783, 56.8054564], [39.237270599999995, 56.80567969999999], [39.24359, 56.8092508], [39.2431823, 56.81237529999999], [39.2262628, 56.81561109999999], [39.21627409999999, 56.815499499999994], [39.2054306, 56.8195668], [39.203395699999994, 56.8238709], [39.2021695, 56.824759], [39.1970732, 56.830447499999984], [39.2009464, 56.8340162], [39.206858, 56.8330125], [39.2125658, 56.8320088], [39.2168466, 56.832454899999995], [39.210527299999995, 56.8339047], [39.20522720000001, 56.8352429], [39.2046157, 56.83869970000001], [39.206858, 56.841487300000004], [39.21236199999999, 56.84282519999999], [39.2194967, 56.84282519999999], [39.225000599999994, 56.84081830000001], [39.2253869, 56.8400259], [39.2274468, 56.83580049999999], [39.2313199, 56.8363581], [39.232950699999996, 56.8383652], [39.232950699999996, 56.8412643], [39.2307084, 56.846281299999994], [39.227650700000005, 56.8472847], [39.22540829999999, 56.8481765], [39.22540829999999, 56.85107479999999], [39.219089, 56.85252380000001], [39.21338119999999, 56.85107479999999], [39.210527299999995, 56.8488453], [39.2013541, 56.85074039999999], [39.1916684, 56.855245499999995], [39.1966655, 56.86467139999999], [39.1948309, 56.86912830000001], [39.1844346, 56.875924], [39.17770749999999, 56.8804909], [39.1728152, 56.8821615], [39.1719998, 56.8879526], [39.1691459, 56.89262939999999], [39.166699699999995, 56.8955242], [39.1577303, 56.89752819999999], [39.15508030000001, 56.90008869999999], [39.1489648, 56.9009793], [39.14774169999999, 56.8990868], [39.1444801, 56.8977509], [39.1373454, 56.90164719999999], [39.130618299999995, 56.90031139999999], [39.1198143, 56.90031139999999], [39.1163489, 56.89997739999999], [39.116960399999996, 56.9057657], [39.1157373, 56.909327299999994], [39.110641099999995, 56.9119983], [39.107583299999995, 56.91567059999999], [39.095963899999994, 56.9152255], [39.08434449999999, 56.916004400000006], [39.0798598, 56.916449500000006], [39.07863669999999, 56.92179029999999], [39.0761905, 56.92423779999999], [39.0729289, 56.9256841], [39.0757828, 56.9267965], [39.0806752, 56.92713020000001], [39.083733, 56.9284651], [39.0841407, 56.9301337], [39.0892369, 56.9296887], [39.0906638, 56.93124600000001], [39.089033, 56.933804200000004], [39.082306, 56.93502759999999], [39.082917599999995, 56.94281200000001], [39.0490786, 56.9443687], [39.048467, 56.9380303], [39.0209473, 56.9356949], [39.0154434, 56.9404769], [39.0111626, 56.9401433], [39.009939499999994, 56.9443687], [39.00443549999999, 56.9468148], [39.0036201, 56.9499278], [38.99261229999999, 56.9531517], [38.9818082, 56.9544857], [38.957957900000004, 56.9557084], [38.9522501, 56.9542633], [38.9457269, 56.9533741], [38.93655369999999, 56.954930299999994], [38.9322728, 56.9583761], [38.926361199999995, 56.9564865], [38.9226919, 56.968378099999995], [38.9145379, 56.9687115], [38.9074032, 56.9746002], [38.90719940000001, 56.979710499999996], [38.9033262, 56.9859307], [38.90353009999999, 56.989817800000004], [38.9041416, 56.997479799999994], [38.891503, 56.9965916], [38.8843682, 56.9944818], [38.881922, 56.99137259999999], [38.880087399999994, 56.98859620000001], [38.870302599999995, 56.988707299999994], [38.870914199999994, 56.9842647], [38.86520639999999, 56.9850422], [38.8611294, 56.9861528], [38.86051779999999, 56.9874856], [38.840744400000005, 56.99026200000001], [38.834832799999994, 56.9929272], [38.8307558, 57.00247590000001], [38.8140402, 57.00247590000001], [38.80486689999999, 56.99614739999999], [38.799363, 56.9914836], [38.7950822, 56.991150499999996], [38.78652050000001, 56.9942598], [38.7899859, 56.9967026], [38.786724299999996, 56.9994783], [38.7781627, 57.00225389999999], [38.7700087, 57.0020318], [38.736781199999996, 57.0156846], [38.7337235, 57.0268916], [38.73841199999999, 57.0276682], [38.7406749, 57.031827], [38.741244099999996, 57.03275250000001], [38.73393459999999, 57.03723750000001], [38.7297355, 57.0415528], [38.7288023, 57.0480671], [38.73097959999999, 57.05043570000001], [38.7347122, 57.0505203], [38.7320683, 57.052381200000006], [38.7320683, 57.0551723], [38.7350232, 57.055849], [38.735489799999996, 57.060754], [38.7381337, 57.061515099999994], [38.7420217, 57.06126140000001], [38.7459097, 57.0598238], [38.744640499999996, 57.0587025], [38.74759689999999, 57.0553263], [38.757057599999996, 57.054843899999995], [38.757057599999996, 57.058059500000006], [38.7845528, 57.0644897], [38.7872136, 57.060310199999996], [38.7872136, 57.0577379], [38.79697, 57.06191770000001], [38.79964979999999, 57.06919559999999], [38.801996, 57.07027589999999], [38.8078239, 57.069078], [38.80979489999999, 57.0679157], [38.8147088, 57.068508], [38.8138218, 57.07075809999999], [38.8087958, 57.0741329], [38.8164827, 57.078310900000005], [38.8164827, 57.08248840000001], [38.8133799, 57.083173], [38.8105697, 57.0847376], [38.8067263, 57.0882718], [38.8087958, 57.09164510000001], [38.8147088, 57.0882718], [38.8170739, 57.09244820000001], [38.8336302, 57.0974271], [38.8422039, 57.095018], [38.8460473, 57.09630289999999], [38.855803699999996, 57.0930907], [38.8578732, 57.08795049999999], [38.87206429999999, 57.0865048], [38.87383809999999, 57.0850589], [38.881525, 57.08746860000001], [38.890985699999995, 57.0881112], [38.89571599999999, 57.0871473], [38.8963073, 57.083613], [38.8942378, 57.0795963], [38.90044629999999, 57.077668199999984], [38.90872449999999, 57.076543300000004], [38.90990699999999, 57.0736508], [38.9155243, 57.0739722], [38.9181852, 57.07124019999999], [38.9217329, 57.068347300000006], [38.9246894, 57.06609710000001], [38.935037, 57.06754360000001], [38.93799349999999, 57.0632037], [38.9533671, 57.0632037], [38.96489739999999, 57.06223919999999], [38.9663756, 57.0561302], [38.97820149999999, 57.0559694], [38.9814536, 57.061757], [38.9817492, 57.0678651], [38.974062399999994, 57.0672222], [38.9764276, 57.071722400000006], [38.98441, 57.0733294], [38.98470569999999, 57.07895359999999], [38.984114399999996, 57.0829704], [38.9926882, 57.1194226], [39.00658359999999, 57.11926209999999], [39.017226799999996, 57.1178175], [39.02846139999999, 57.1187806], [39.0326005, 57.125681699999994], [39.042006300000004, 57.1285715], [39.0432438, 57.1345069], [39.0417655, 57.13931970000001], [39.0361482, 57.1481416], [39.0308266, 57.1555183], [39.02520929999999, 57.159526799999995], [39.0358526, 57.16016810000001], [39.058913, 57.1579235], [39.07103459999999, 57.16289359999999], [39.0793127, 57.16257290000001], [39.08877340000001, 57.160488799999996], [39.08966029999999, 57.158083799999986], [39.08877340000001, 57.1559994], [39.1204076, 57.153273399999996], [39.119225, 57.1579235], [39.1257292, 57.158083799999986], [39.1381464, 57.1624126], [39.141185699999994, 57.1675327], [39.15470259999999, 57.168824799999996], [39.1552939, 57.17219070000001], [39.1662328, 57.17667809999999], [39.1748066, 57.1774794], [39.1833804, 57.17828060000001], [39.1798326, 57.18116499999999], [39.1801282, 57.1882147], [39.18219779999999, 57.194302], [39.188702, 57.1941418], [39.1884063, 57.2042318], [39.18180139999999, 57.2042318], [39.1810152, 57.2042318], [39.1879554, 57.209894799999994], [39.1900695, 57.210124], [39.1930462, 57.2135086], [39.19233809999999, 57.2140687], [39.20052789999999, 57.22040199999999], [39.2132407, 57.2280843], [39.2215188, 57.225363699999996], [39.2277044, 57.2286403], [39.23159029999999, 57.2313294], [39.227771999999995, 57.2320027], [39.22695389999999, 57.232799699999994], [39.217568299999996, 57.23821230000001], [39.20854430000001, 57.242132999999995], [39.210594099999994, 57.2472998], [39.2195687, 57.24757389999999], [39.224464499999996, 57.2490548], [39.23331699999999, 57.2434279], [39.23950169999999, 57.23965950000001], [39.241290799999994, 57.2389392], [39.2478252, 57.239129600000005], [39.2541954, 57.23886910000001], [39.2547092, 57.235366], [39.25945459999999, 57.23508100000001], [39.2718023, 57.23923460000001], [39.274439599999994, 57.241204599999996], [39.2685266, 57.244723900000004], [39.2738483, 57.2484028], [39.2729613, 57.2532009], [39.26083979999999, 57.2557595], [39.25581379999999, 57.25623929999999], [39.2472823, 57.253537], [39.24301779999999, 57.25766], [39.2731152, 57.2738039], [39.26774929999999, 57.2793272], [39.28301329999999, 57.28341400000001], [39.28981319999999, 57.278619899999995], [39.2931709, 57.2797729], [39.288039299999994, 57.2846923], [39.274735199999995, 57.2883672], [39.274439599999994, 57.295077000000006], [39.280648199999995, 57.29747299999998], [39.27503089999999, 57.30018840000001], [39.27503089999999, 57.302903500000006], [39.2818307, 57.3048199], [39.2856742, 57.3064169], [39.2856742, 57.3110477], [39.28715239999999, 57.3145603], [39.28715239999999, 57.31871119999998], [39.2969087, 57.32302120000001], [39.3010478, 57.326851899999994], [39.307551999999994, 57.326851899999994], [39.31553449999999, 57.32350000000001], [39.326177799999996, 57.3266923], [39.33031009999999, 57.3274494], [39.3326971, 57.3295207], [39.33876, 57.33226829999999], [39.3463874, 57.3360107], [39.349979899999994, 57.33465439999999], [39.3525346, 57.33978640000001], [39.3570648, 57.3391154], [39.36122989999999, 57.33905750000001], [39.3657814, 57.339393499999986], [39.369091, 57.339018899999985], [39.36872439999999, 57.3346416], [39.37546309999999, 57.332336599999984], [39.379295199999994, 57.33200459999999], [39.37761499999999, 57.334531299999995], [39.372787100000004, 57.34421509999999], [39.37791779999999, 57.34647110000001], [39.3735565, 57.350350200000015], [39.37043619999999, 57.3504248], [39.36389669999999, 57.3487224], [39.358803599999995, 57.35008340000001], [39.36195099999999, 57.3571641], [39.3533773, 57.363064], [39.3524903, 57.365933999999996], [39.357811999999996, 57.36928189999998], [39.3521947, 57.3723108], [39.34776, 57.3756582], [39.3521947, 57.3818739], [39.34776, 57.38601709999999], [39.3539254, 57.398884299999985], [39.35642339999999, 57.4001132], [39.3540047, 57.4028684], [39.35356920000001, 57.40587760000001], [39.3602598, 57.4065624], [39.36619739999999, 57.41035500000001], [39.37673339999999, 57.4119815], [39.3838289, 57.406248600000005], [39.392148, 57.398198], [39.391511799999996, 57.3961411], [39.3954923, 57.39426590000001], [39.39874919999999, 57.39858370000001], [39.4022883, 57.3998906], [39.4020535, 57.401087600000004], [39.4169413, 57.40529300000001], [39.418715199999994, 57.4027447], [39.433497599999995, 57.4025855], [39.4388192, 57.3974883], [39.45005379999999, 57.392709100000005], [39.4571493, 57.390797199999994], [39.46927079999999, 57.3976476], [39.4899661, 57.390797199999994], [39.5020876, 57.399240500000005], [39.50652229999999, 57.401152], [39.5082962, 57.4040189], [39.5221916, 57.4017891], [39.5288658, 57.39116129999999], [39.525990099999994, 57.387166900000004], [39.52853559999999, 57.38627349999999], [39.53081469999999, 57.3851081], [39.534671499999995, 57.3842734], [39.5350222, 57.38372219999999], [39.5370967, 57.3834387], [39.5376811, 57.38378519999999], [39.5388817, 57.38372590000001], [39.5384116, 57.3823835], [39.5360448, 57.380965999999994], [39.5334444, 57.37983189999999], [39.5312689, 57.37713569999998], [39.5358403, 57.3772476], [39.539332599999994, 57.3771126], [39.5373214, 57.3736666], [39.53468839999999, 57.3729326], [39.530912199999996, 57.372990699999995], [39.527567399999995, 57.370278799999994], [39.5270302, 57.369414899999995], [39.5285924, 57.3658978], [39.5310531, 57.36058950000001], [39.5312461, 57.3590131], [39.5305225, 57.35608750000001], [39.5280219, 57.35209400000001], [39.54031869999999, 57.3486581], [39.54932229999999, 57.34311849999999], [39.5492518, 57.3422624], [39.5938754, 57.3383257], [39.5950342, 57.341553999999995], [39.5982309, 57.3461505], [39.6008337, 57.348073], [39.6056817, 57.349500500000005], [39.61047009999999, 57.3498436], [39.6191588, 57.3499618], [39.618418, 57.34738810000001], [39.6309081, 57.3444379], [39.6312003, 57.3464958], [39.64011279999999, 57.346560399999994], [39.6555006, 57.347327099999994], [39.6602675, 57.3455828], [39.662549, 57.34232720000001], [39.6610918, 57.3369657], [39.6719665, 57.3316847], [39.6694237, 57.3249366], [39.6809539, 57.32445770000001], [39.68686689999999, 57.3233404], [39.6845017, 57.32094610000001], [39.6910059, 57.3116864], [39.6933711, 57.3064169], [39.694849299999994, 57.299868900000014], [39.6895277, 57.2941185], [39.6983971, 57.29076369999999], [39.70046659999999, 57.2862902], [39.70904039999999, 57.2869293], [39.6981015, 57.27382519999999], [39.691301599999996, 57.27382519999999], [39.691301599999996, 57.2680707], [39.6892261, 57.2680707], [39.6815452, 57.2680707], [39.6806585, 57.26985139999999], [39.6794757, 57.272226800000006], [39.6691281, 57.273026], [39.667945499999995, 57.26902989999999], [39.6694904, 57.267809], [39.6717889, 57.2659925], [39.6655803, 57.26263509999999], [39.66380639999999, 57.25895770000001], [39.6794757, 57.2587978], [39.6753367, 57.24680339999999], [39.680067, 57.2391249], [39.7161359, 57.23240489999999], [39.7371268, 57.2309648], [39.7384123, 57.22909479999999], [39.74185719999999, 57.2240833], [39.74097019999999, 57.2176807], [39.73830939999999, 57.2141589], [39.747474499999996, 57.20743430000001], [39.7862042, 57.2032709], [39.78827369999999, 57.197985900000006], [39.77881299999999, 57.1923798], [39.7912302, 57.190457499999994], [39.820794899999996, 57.1896565], [39.82493389999999, 57.186132], [39.83596719999999, 57.18519630000001], [39.83836639999999, 57.184814], [39.83942849999999, 57.1847035], [39.8403792, 57.184394699999984], [39.8417889, 57.1824251], [39.84554359999999, 57.18134119999999], [39.843582, 57.179317100000006], [39.842977399999995, 57.1777529], [39.8440808, 57.1772496], [39.8456082, 57.1771236], [39.8476056, 57.17623819999999], [39.850540699999996, 57.1727807], [39.845911799999996, 57.17090439999999], [39.84588159999999, 57.16458549999999], [39.84878439999999, 57.16328430000001], [39.850085799999995, 57.1606818], [39.8475351, 57.15837030000001], [39.8480471, 57.1482635], [39.843012599999994, 57.1456074], [39.824462, 57.145666899999995], [39.8216463, 57.1431047], [39.8246127, 57.14175589999999], [39.8238086, 57.13059439999999], [39.8243777, 57.1280626], [39.8363071, 57.1244885], [39.837557399999994, 57.1162775], [39.858896599999994, 57.117540500000004], [39.8595725, 57.1162706], [39.85983209999999, 57.1090549], [39.854743199999994, 57.1063296], [39.856144799999996, 57.1002237], [39.8538427, 57.09832180000001], [39.85474399999999, 57.08981370000001], [39.8575827, 57.08484169999999], [39.8097003, 57.096119], [39.8076984, 57.09491789999999], [39.8055964, 57.0958187], [39.7953868, 57.0909138], [39.7891804, 57.098621099999995], [39.7737503, 57.1052983], [39.757199799999995, 57.09621829999999], [39.758901699999996, 57.0910133], [39.7621049, 57.087810299999994], [39.76507769999999, 57.0765804], [39.75168029999999, 57.0810482], [39.742486299999996, 57.08330569999999], [39.7383823, 57.0835058], [39.7336299, 57.0804384], [39.7245032, 57.07943319999999], [39.723017999999996, 57.074697099999995], [39.7198947, 57.0738304], [39.715189099999996, 57.0736356], [39.71235279999999, 57.07352310000001], [39.70865349999999, 57.07321679999999], [39.70710149999999, 57.0746086], [39.7032989, 57.076354499999994], [39.6978512, 57.0773466], [39.68822479999999, 57.0754095], [39.6737079, 57.074723199999994], [39.6719152, 57.0734266], [39.6661196, 57.074073899999995], [39.6616729, 57.07689489999999], [39.658062699999995, 57.0784286], [39.6595411, 57.0807199], [39.65761049999999, 57.0826657], [39.64764259999999, 57.0767815], [39.6461149, 57.07259079999999], [39.64200579999999, 57.07146319999999], [39.63084359999999, 57.0740305], [39.63103129999999, 57.07264339999999], [39.6312798, 57.072293300000005], [39.63718229999999, 57.06957539999999], [39.635433299999995, 57.06740599999999], [39.63164729999999, 57.0642745], [39.6233711, 57.0612692], [39.6212206, 57.06048830000001], [39.620523199999994, 57.0573984], [39.61570499999999, 57.0513002], [39.6203814, 57.04806339999999], [39.62056489999999, 57.038586699999996], [39.609327799999996, 57.0333958], [39.605509899999994, 57.0348555], [39.6058105, 57.0294049], [39.5856788, 57.02734289999999], [39.58677649999999, 57.03099970000001], [39.5871394, 57.0332551], [39.5686215, 57.0330546], [39.56276879999999, 57.035009699999996], [39.541893, 57.0257004], [39.53959439999999, 57.018239900000005], [39.5337887, 57.0192408], [39.52410429999999, 57.018293], [39.51980199999999, 57.015950200000006], [39.52564989999999, 57.013399199999995], [39.53330150000001, 57.00515279999999], [39.5339133, 57.0027931], [39.538785499999996, 57.002539199999994], [39.5462008, 57.002758], [39.5532383, 57.00013210000001], [39.555329699999994, 56.99876450000001], [39.5486447, 56.9894073], [39.544139699999995, 56.989185299999995], [39.545761, 56.9866803], [39.547936299999996, 56.9811137], [39.553526399999996, 56.9749314], [39.5528333, 56.96753149999999], [39.5534212, 56.95992439999999], [39.5443634, 56.955732], [39.5413118, 56.957305999999996], [39.539593599999996, 56.957826999999995], [39.53622119999999, 56.959206800000004], [39.53186629999999, 56.9625994], [39.5219448, 56.962597499999994], [39.51798169999999, 56.96153169999999], [39.519331699999995, 56.958742199999996], [39.5195, 56.9568605], [39.5132686, 56.9478323], [39.5100198, 56.94356760000001], [39.501841199999994, 56.93598130000001], [39.4961359, 56.9325413], [39.4948255, 56.931808499999995], [39.491346099999994, 56.93161299999999], [39.4872202, 56.927613199999996], [39.48169299999999, 56.9254418], [39.4793693, 56.9303224], [39.47334299999999, 56.9301685], [39.4711616, 56.9285206], [39.4693169, 56.9250807], [39.465956899999995, 56.922614800000005], [39.4634674, 56.91971199999999], [39.4608521, 56.9186108], [39.4539468, 56.9123866], [39.4470132, 56.9075455], [39.4393821, 56.90659900000001], [39.43738050000001, 56.9015941], [39.44198509999999, 56.8974903], [39.4457891, 56.89038349999999], [39.459202, 56.8910843], [39.47275509999999, 56.886658999999995], [39.4733662, 56.879573400000005], [39.474068, 56.87658859999999], [39.4744941, 56.87325739999999], [39.4765654, 56.8723415], [39.479009999999995, 56.8734953], [39.4795655, 56.8760456], [39.4812988, 56.8776571], [39.48467689999999, 56.876713499999994], [39.48457909999999, 56.873968299999994], [39.478898799999996, 56.870580399999994], [39.4753706, 56.8658458], [39.4725892, 56.86538459999999], [39.4674733, 56.8629574], [39.46848369999999, 56.86002689999999], [39.4708438, 56.85858489999999], [39.46787129999999, 56.85682249999999], [39.458853299999994, 56.85795240000001], [39.45173009999999, 56.8631652], [39.4443889, 56.86956339999999], [39.4384015, 56.870187399999985], [39.42706329999999, 56.86510839999998], [39.4225681, 56.865959600000004], [39.42134659999999, 56.86696059999999], [39.418799199999995, 56.8697305], [39.417262, 56.8684314], [39.4147604, 56.8683617], [39.4004257, 56.864658], [39.41317349999999, 56.85124890000001], [39.40985669999999, 56.8474416], [39.4046832, 56.8474656], [39.3960333, 56.8475057], [39.39388739999999, 56.8447851], [39.3894612, 56.8424794], [39.38828229999999, 56.8389975], [39.3825659, 56.83665950000001], [39.3798782, 56.833436199999994], [39.37967439999999, 56.833191799999994], [39.38446809999999, 56.8294379], [39.384603199999994, 56.82728629999999], [39.383944, 56.827214], [39.3785737, 56.8266248], [39.3793084, 56.82323559999999], [39.378529, 56.82104470000001], [39.37403659999999, 56.8199614], [39.377270200000005, 56.8112034], [39.37922919999999, 56.8107058], [39.3972469, 56.8029986], [39.3957024, 56.8009829], [39.381823, 56.80146559999999], [39.37851979999999, 56.7999778], [39.3819415, 56.795751300000006], [39.3820811, 56.7955789], [39.38283530000001, 56.7946472], [39.385127, 56.78689909999999], [39.38351719999999, 56.785446699999994], [39.37845539999999, 56.7851799], [39.379069199999996, 56.7772356], [39.382538999999994, 56.7768515], [39.3847865, 56.7785791], [39.387561, 56.77712379999999], [39.3910797, 56.7768927], [39.3966726, 56.779193699999986], [39.40278519999999, 56.7780827], [39.4063176, 56.778748], [39.406580999999996, 56.7781914], [39.4045493, 56.777201899999994], [39.40551279999999, 56.77488900000001], [39.4053191, 56.77241639999999], [39.4020479, 56.77101619999999]]]]}}, {"type": "Feature", "properties": {"id": "mo-78612000", "name": "Гаврилов-Ямский муниципальный район", "region": "Ярославская область", "isCity": false, "sourceOktmo": "78-612-000-000", "sourceAgg": "Ярославль", "excelNames": ["Гаврилов-Ямский муниципальный район"], "oktmo": "78612000", "vgp": [{"year": 2019, "value": 11254170.679651061}, {"year": 2020, "value": 11330751.221984442}, {"year": 2021, "value": 12384957.333875693}, {"year": 2022, "value": 15589457.70554385}, {"year": 2023, "value": 17729249.97674418}, {"year": 2024, "value": 20103549.07749572}], "population": [{"year": 2019, "value": 25347.0}, {"year": 2020, "value": 24967.0}, {"year": 2021, "value": 24585.0}, {"year": 2022, "value": 24182.0}, {"year": 2023, "value": 24165.0}, {"year": 2024, "value": 23809.0}, {"year": 2025, "value": 23493.0}], "shipments": [{"year": 2019, "value": 3154709.1}, {"year": 2020, "value": 3182079.3}, {"year": 2021, "value": 3960988.0}, {"year": 2022, "value": 3973547.2}, {"year": 2023, "value": 5700375.3}, {"year": 2024, "value": 6603106.5}], "employees": [{"year": 2019, "value": 5867.0}, {"year": 2020, "value": 5795.0}, {"year": 2021, "value": 5790.0}, {"year": 2022, "value": 5734.0}, {"year": 2023, "value": 5680.0}, {"year": 2024, "value": 5603.0}], "investments": [{"year": 2019, "value": 187086.0}, {"year": 2020, "value": 225258.0}, {"year": 2021, "value": 383390.0}, {"year": 2022, "value": 424002.0}, {"year": 2023, "value": 315554.0}, {"year": 2024, "value": 563047.0}], "vgp2024": 20103549.07749572, "pop2024": 23809.0, "ship2024": 6603106.5, "emp2024": 5603.0, "inv2024": 563047.0}, "geometry": {"type": "MultiPolygon", "coordinates": [[[[39.6602675, 57.3455828], [39.6555006, 57.347327099999994], [39.64011279999999, 57.346560399999994], [39.6312003, 57.3464958], [39.6309081, 57.3444379], [39.618418, 57.34738810000001], [39.6191588, 57.3499618], [39.61047009999999, 57.3498436], [39.6056817, 57.349500500000005], [39.6008337, 57.348073], [39.5982309, 57.3461505], [39.5950342, 57.341553999999995], [39.5938754, 57.3383257], [39.5492518, 57.3422624], [39.54932229999999, 57.34311849999999], [39.54031869999999, 57.3486581], [39.5280219, 57.35209400000001], [39.5305225, 57.35608750000001], [39.5312461, 57.3590131], [39.5310531, 57.36058950000001], [39.5285924, 57.3658978], [39.5270302, 57.369414899999995], [39.527567399999995, 57.370278799999994], [39.530912199999996, 57.372990699999995], [39.53468839999999, 57.3729326], [39.5373214, 57.3736666], [39.539332599999994, 57.3771126], [39.5358403, 57.3772476], [39.5312689, 57.37713569999998], [39.5334444, 57.37983189999999], [39.5360448, 57.380965999999994], [39.5384116, 57.3823835], [39.5388817, 57.38372590000001], [39.5376811, 57.38378519999999], [39.5370967, 57.3834387], [39.5350222, 57.38372219999999], [39.534671499999995, 57.3842734], [39.53081469999999, 57.3851081], [39.52853559999999, 57.38627349999999], [39.525990099999994, 57.387166900000004], [39.5288658, 57.39116129999999], [39.5221916, 57.4017891], [39.5082962, 57.4040189], [39.50652229999999, 57.401152], [39.5020876, 57.399240500000005], [39.4899661, 57.390797199999994], [39.46927079999999, 57.3976476], [39.4571493, 57.390797199999994], [39.45005379999999, 57.392709100000005], [39.4388192, 57.3974883], [39.433497599999995, 57.4025855], [39.418715199999994, 57.4027447], [39.4169413, 57.40529300000001], [39.4020535, 57.401087600000004], [39.4022883, 57.3998906], [39.39874919999999, 57.39858370000001], [39.3954923, 57.39426590000001], [39.391511799999996, 57.3961411], [39.392148, 57.398198], [39.3838289, 57.406248600000005], [39.37673339999999, 57.4119815], [39.36619739999999, 57.41035500000001], [39.3689295, 57.413990000000005], [39.3677507, 57.4158585], [39.364771700000006, 57.4154011], [39.3586449, 57.41421709999999], [39.3505726, 57.4127025], [39.34644999999999, 57.414500199999985], [39.3420903, 57.41577709999999], [39.338342399999995, 57.4165186], [39.3361243, 57.4180838], [39.3355889, 57.419607699999986], [39.3355889, 57.422326000000005], [39.3325294, 57.42339669999999], [39.332226999999996, 57.424406], [39.3321469, 57.42467339999999], [39.3326823, 57.42611470000001], [39.3329883, 57.427720699999995], [39.3341356, 57.427720699999995], [39.33398259999999, 57.43031479999999], [39.3346025, 57.4310895], [39.335046899999995, 57.432046199999995], [39.3357134, 57.434159], [39.337194499999995, 57.434159], [39.339194, 57.4337603], [39.3421562, 57.4318868], [39.34422969999999, 57.4316476], [39.345933, 57.4318868], [39.347414099999995, 57.432564500000005], [39.347266, 57.435912800000004], [39.3481546, 57.43806519999999], [39.3482472, 57.440107799999986], [39.34621069999999, 57.44220009999999], [39.34306329999999, 57.4421503], [39.338805199999996, 57.444242499999994], [39.339453199999994, 57.446235], [39.3406103, 57.4482271], [39.33845929999999, 57.44837179999998], [39.3363979, 57.4487576], [39.336308300000006, 57.4522295], [39.338190499999996, 57.45213309999998], [39.34428499999999, 57.4509276], [39.3519928, 57.4510722], [39.355667399999994, 57.451988400000005], [39.358087299999994, 57.4526635], [39.3593421, 57.4538207], [39.3593421, 57.4549297], [39.3588043, 57.45594220000001], [39.3576392, 57.4564725], [39.3594317, 57.468861199999985], [39.3590732, 57.46968050000001], [39.349755, 57.4812225], [39.359529, 57.48252500000001], [39.353784999999995, 57.49716399999999], [39.367664, 57.50027], [39.36997699999999, 57.50058], [39.37459599999999, 57.498708999999984], [39.37921999999999, 57.498706], [39.383847, 57.499637], [39.3865186, 57.5017874], [39.3847053, 57.5040023], [39.4050785, 57.5039936], [39.4033953, 57.4984354], [39.4080442, 57.4982933], [39.40735459999999, 57.4909625], [39.40462, 57.490709], [39.4052809, 57.483266400000005], [39.40411019999999, 57.47692699999999], [39.398759, 57.475023], [39.398775, 57.47097600000001], [39.40048999999999, 57.46599200000001], [39.41510999999999, 57.467299], [39.42531199999999, 57.46378800000001], [39.428777, 57.46378500000001], [39.433523099999995, 57.464629900000006], [39.438036, 57.468134], [39.44132419999999, 57.4703121], [39.4465322, 57.4705016], [39.4407616, 57.4739101], [39.44853289999999, 57.4756749], [39.4575415, 57.47515929999999], [39.458868, 57.47620399999999], [39.45969149999999, 57.47827639999999], [39.4633355, 57.4797983], [39.46928199999999, 57.479304], [39.478511, 57.476799], [39.486594, 57.47616400000001], [39.490619, 57.473044], [39.494073, 57.471169999999994], [39.507353, 57.470525], [39.511260199999995, 57.4703314], [39.5151113, 57.47197289999999], [39.517774, 57.474242999999994], [39.518625199999995, 57.4854649], [39.51869899999999, 57.486437800000004], [39.52652100000001, 57.48606], [39.535582, 57.483518100000005], [39.536307, 57.48105899999999], [39.5398675, 57.47824800000001], [39.546692, 57.47917], [39.544418, 57.484156999999996], [39.545579, 57.484778], [39.5493912, 57.4824102], [39.549603999999995, 57.482278], [39.550171999999996, 57.481032], [39.561741, 57.482876], [39.5619166, 57.48290399999999], [39.5625059, 57.4829978], [39.567526, 57.48379699999999], [39.5715946, 57.484138400000006], [39.581981, 57.48501000000002], [39.58602, 57.48437799999999], [39.60101, 57.480917], [39.6069889, 57.480163700000006], [39.61133399999999, 57.472795], [39.627494, 57.471506999999995], [39.6394566, 57.47039680000001], [39.645286, 57.4655677], [39.634713899999994, 57.458345999999985], [39.6458851, 57.4534536], [39.6462298, 57.452127199999985], [39.64996659999999, 57.45176589999999], [39.65294589999999, 57.4519028], [39.654063799999996, 57.451714900000006], [39.655880399999994, 57.4516472], [39.6574595, 57.451917900000005], [39.659793099999995, 57.451790100000004], [39.66087589999999, 57.452294099999996], [39.6662071, 57.4498503], [39.671209999999995, 57.44741919999999], [39.6702142, 57.44287390000001], [39.6678145, 57.441115200000006], [39.67680399999999, 57.43898], [39.6643466, 57.4294787], [39.66963429999999, 57.4272871], [39.6804011, 57.428393], [39.6803662, 57.4269403], [39.684169, 57.426812000000005], [39.688202999999994, 57.426488], [39.69286099999999, 57.43021000000001], [39.69233869999999, 57.4353089], [39.69488979999999, 57.436360799999996], [39.702142, 57.434540000000005], [39.706751, 57.433901999999996], [39.70832899999999, 57.431586], [39.70737239999999, 57.427144399999996], [39.7145129, 57.42758740000001], [39.7122587, 57.4222896], [39.7196752, 57.4213328], [39.72736999999999, 57.421687999999996], [39.737759, 57.422274], [39.73827279999999, 57.4226161], [39.74008599999999, 57.423823000000006], [39.74183699999999, 57.42537399999999], [39.739885, 57.4286086], [39.7393983, 57.429415000000006], [39.739012, 57.430055], [39.7357088, 57.43510520000001], [39.7369648, 57.4357715], [39.7384475, 57.43655799999999], [39.73851899999999, 57.436596], [39.737774099999996, 57.43867970000001], [39.736847, 57.441272999999995], [39.742634, 57.44249800000001], [39.750721, 57.443092], [39.7485494, 57.43939830000001], [39.760474, 57.438696], [39.764091, 57.4406234], [39.77120779999999, 57.44276249999999], [39.77842199999999, 57.44298700000001], [39.77960999999999, 57.44547399999999], [39.7786296, 57.4499738], [39.780378799999994, 57.4501556], [39.781290799999994, 57.4504582], [39.78213420000001, 57.45064489999999], [39.7834185, 57.4506275], [39.78473019999999, 57.45032489999999], [39.78680769999999, 57.449539900000005], [39.78967389999999, 57.44840200000001], [39.79005279999999, 57.4478484], [39.7898074, 57.4459293], [39.789290099999995, 57.44537160000001], [39.7901031, 57.44348599999999], [39.7908303, 57.4420277], [39.79202959999999, 57.4412506], [39.7956526, 57.44091760000001], [39.798781999999996, 57.44068420000001], [39.80268699999999, 57.44476000000001], [39.8071142, 57.446168], [39.808485, 57.446603999999994], [39.8181966, 57.44617310000001], [39.82112209999999, 57.446379699999994], [39.821206399999994, 57.4490268], [39.8245238, 57.45234000000001], [39.821595599999995, 57.45425900000001], [39.8280152, 57.4543022], [39.83363949999999, 57.45440490000001], [39.83632299999999, 57.455206000000004], [39.838170899999994, 57.455646900000005], [39.8416437, 57.4588671], [39.84848310000001, 57.459729900000006], [39.85214419999999, 57.4596551], [39.85151689999999, 57.456908500000004], [39.86111379999999, 57.454073099999995], [39.870798900000004, 57.4511112], [39.8793304, 57.458923899999995], [39.8834932, 57.4627557], [39.8847914, 57.464256], [39.88840660000001, 57.4665439], [39.88928669999999, 57.46653520000001], [39.88959789999999, 57.4668929], [39.89019869999999, 57.466835199999984], [39.8904669, 57.4674757], [39.8935139, 57.46750449999999], [39.8972797, 57.46700249999999], [39.9005653, 57.467526199999995], [39.8979981, 57.46175449999999], [39.8982561, 57.4584622], [39.8991426, 57.4551284], [39.9015605, 57.455495699999986], [39.90160879999999, 57.4559228], [39.90512789999999, 57.4561219], [39.9059611, 57.4561101], [39.90708049999999, 57.4557641], [39.9077094, 57.4555493], [39.9090814, 57.4546935], [39.909335899999995, 57.454347699999985], [39.912093199999994, 57.454468900000016], [39.9165826, 57.4542409], [39.9188362, 57.4554086], [39.93609659999999, 57.45437760000001], [39.941191999999994, 57.444121], [39.95277399999999, 57.446241], [39.962049, 57.448372], [39.970611, 57.443343], [39.974603, 57.44083], [39.975721, 57.438956], [39.9789277, 57.4376299], [39.980301000000004, 57.437062], [39.977332, 57.43271899999999], [39.98481399999999, 57.431744], [39.988183, 57.427054], [39.983484, 57.42272], [39.982258, 57.418989999999994], [39.99089599999999, 57.41832], [39.992552999999994, 57.414574], [39.994834999999995, 57.413315], [39.998294, 57.41329600000001], [40.00120199999999, 57.414525], [40.01549099999999, 57.408215999999996], [40.01659399999999, 57.40571800000001], [40.023959999999995, 57.39944700000001], [40.027404999999995, 57.398804], [40.030249, 57.396919], [40.046281, 57.39184099999999], [40.04855899999999, 57.390582], [40.055501, 57.391786], [40.053354999999996, 57.39927300000001], [40.057959, 57.398933], [40.062014, 57.399843], [40.068903, 57.398555], [40.074077, 57.39789999999999], [40.078688, 57.397870999999995], [40.085075999999994, 57.400011], [40.084548, 57.402194], [40.086895, 57.404048], [40.0921363, 57.4051297], [40.089998, 57.4098964], [40.0869949, 57.4109478], [40.087636599999996, 57.4137545], [40.080140500000006, 57.41697610000001], [40.0826105, 57.4172878], [40.08498869999999, 57.4182253], [40.0895015, 57.415825], [40.093842, 57.412727], [40.0988507, 57.41123199999999], [40.0995882, 57.41101689999999], [40.0996204, 57.4035189], [40.116168, 57.3937651], [40.113711699999996, 57.3918001], [40.1152458, 57.3892253], [40.119935899999994, 57.386036100000005], [40.1263562, 57.3851162], [40.13636139999999, 57.3846526], [40.14070749999999, 57.3821636], [40.1327849, 57.37623310000001], [40.1245454, 57.3753057], [40.1201993, 57.3754277], [40.11390359999999, 57.3729572], [40.0988473, 57.372654600000004], [40.096182, 57.3756798], [40.08757839999999, 57.378427499999994], [40.08271549999999, 57.38157830000001], [40.074298899999995, 57.3819563], [40.067827599999994, 57.378335299999996], [40.064447, 57.3781401], [40.0640848, 57.376122299999984], [40.0648092, 57.373909100000006], [40.06178609999999, 57.3709661], [40.053647, 57.3724655], [40.0515444, 57.37239230000001], [40.047949599999995, 57.3685523], [40.0496453, 57.368113400000006], [40.0551391, 57.36730870000001], [40.05792, 57.3666138], [40.05439309999999, 57.35981], [40.0583387, 57.359315999999986], [40.0619814, 57.3584092], [40.073049899999994, 57.35198499999999], [40.07403059999999, 57.3503222], [40.0762023, 57.3495285], [40.0803354, 57.34990640000001], [40.085099, 57.35202279999999], [40.0984792, 57.35999609999999], [40.1012113, 57.3606006], [40.1105985, 57.359315999999986], [40.1135407, 57.3579557], [40.1122097, 57.3559908], [40.1122797, 57.3540258], [40.11375089999999, 57.351644900000004], [40.1173236, 57.35066229999998], [40.1281118, 57.3429138], [40.130843899999995, 57.34193099999999], [40.1373588, 57.341250499999994], [40.1435936, 57.344123399999994], [40.1477267, 57.34820559999999], [40.1486374, 57.35043549999999], [40.1523503, 57.35043549999999], [40.156413400000005, 57.35066229999998], [40.1587952, 57.35240079999999], [40.160546499999995, 57.35455480000001], [40.1608267, 57.357086599999995], [40.1591454, 57.3581447], [40.1541016, 57.357124400000004], [40.1468861, 57.356104200000004], [40.140161, 57.357048799999994], [40.132245, 57.35942930000001], [40.1316145, 57.363358699999985], [40.1340663, 57.36517209999999], [40.137499, 57.36596550000001], [40.14009089999999, 57.365700999999994], [40.14443419999999, 57.360902900000006], [40.14604549999999, 57.3601472], [40.1483572, 57.36120519999999], [40.1508791, 57.364680999999976], [40.1536112, 57.365247700000005], [40.1580246, 57.36528549999999], [40.16355879999999, 57.36656990000001], [40.16951329999999, 57.368912], [40.1725256, 57.369894200000005], [40.1786903, 57.3706496], [40.18289349999999, 57.37280260000001], [40.18814750000001, 57.37646620000001], [40.1904593, 57.37699489999999], [40.1980951, 57.376428399999995], [40.2020181, 57.379034299999994], [40.206221299999996, 57.378127899999996], [40.2138637, 57.3752221], [40.2195314, 57.373067], [40.2345229, 57.36921419999999], [40.2392635, 57.36859389999999], [40.2431791, 57.3680952], [40.24598279999999, 57.3680952], [40.2489957, 57.368427800000006], [40.2516943, 57.36679699999999], [40.2571127, 57.36640379999999], [40.2609844, 57.3665478], [40.26262, 57.36721570000001], [40.2631253, 57.3691413], [40.2749628, 57.3702163], [40.2753637, 57.3706769], [40.2781057, 57.37136989999999], [40.280608, 57.37234779999998], [40.2821685, 57.37247150000001], [40.2861401, 57.37459990000001], [40.28997059999999, 57.3739314], [40.29504899999999, 57.37567310000001], [40.2982714, 57.376919400000006], [40.3005889, 57.3788638], [40.3047815, 57.379863699999994], [40.3027531, 57.3824839], [40.303816999999995, 57.384477], [40.3083931, 57.3842627], [40.31185980000001, 57.3837923], [40.315150499999994, 57.380627600000004], [40.31689829999999, 57.3810373], [40.31784489999999, 57.3822365], [40.31886899999999, 57.3824665], [40.321016099999994, 57.38292529999999], [40.3244694, 57.382763600000004], [40.326643, 57.381942], [40.3287758, 57.37711689999998], [40.3309163, 57.37227380000001], [40.3327377, 57.370271900000006], [40.3442264, 57.3657766], [40.345767599999995, 57.36328319999999], [40.3460478, 57.3595805], [40.34191469999999, 57.3546682], [40.34072379999999, 57.353988], [40.340023200000005, 57.3488104], [40.33413869999999, 57.3462402], [40.33357829999999, 57.344387999999995], [40.333648399999994, 57.342498], [40.33743119999999, 57.3429138], [40.345767599999995, 57.341893199999994], [40.350251, 57.341250499999994], [40.352562799999994, 57.3412127], [40.3545243, 57.33607109999999], [40.36125789999999, 57.3350526], [40.3610477, 57.3297589], [40.3636397, 57.328775699999994], [40.36791289999999, 57.32866229999999], [40.3720461, 57.3291917], [40.3756188, 57.3280572], [40.3803124, 57.3257503], [40.38535619999999, 57.32563679999999], [40.40076799999999, 57.31962310000001], [40.4078434, 57.3180722], [40.4242241, 57.3167991], [40.4378317, 57.314677399999994], [40.4374782, 57.312456000000005], [40.433267799999996, 57.312998900000004], [40.43156969999999, 57.3130881], [40.4292348, 57.312655], [40.427448299999995, 57.312572199999984], [40.4231028, 57.31243210000001], [40.4222774, 57.31127939999998], [40.4232512, 57.310363399999986], [40.42423, 57.309360299999994], [40.4277146, 57.30884119999999], [40.4274611, 57.3082616], [40.4243566, 57.30286559999999], [40.42530479999999, 57.301406400000005], [40.42740009999999, 57.2986159], [40.43186949999999, 57.2988231], [40.43553839999999, 57.299003299999995], [40.4362888, 57.29720129999998], [40.43673909999999, 57.29613810000001], [40.4338207, 57.2940116], [40.4362054, 57.2931015], [40.438807, 57.291254099999996], [40.4388737, 57.28916339999999], [40.4362221, 57.2893616], [40.42961809999999, 57.28762220000001], [40.430464, 57.28582920000001], [40.4274293, 57.2862742], [40.4219023, 57.28503069999999], [40.41935899999999, 57.282462300000006], [40.42176849999999, 57.27913410000001], [40.41715539999999, 57.27463399999999], [40.404191, 57.2661727], [40.40048959999999, 57.2701957], [40.3865413, 57.2711302], [40.3842049, 57.268734], [40.3733723, 57.273072600000006], [40.3701015, 57.2730893], [40.3668858, 57.2751795], [40.367160399999996, 57.2799325], [40.3664307, 57.282945], [40.3616883, 57.2833643], [40.358475899999995, 57.2817531], [40.3488157, 57.2816665], [40.34453229999999, 57.2806174], [40.3348158, 57.2813077], [40.3275239, 57.28471439999999], [40.3238438, 57.288181699999996], [40.2979604, 57.287610900000004], [40.291616499999996, 57.28448610000001], [40.286102, 57.280685999999996], [40.28509849999999, 57.277300700000005], [40.270984500000004, 57.286109], [40.2671622, 57.2869478], [40.2625083, 57.286251099999994], [40.25993439999999, 57.283256599999994], [40.2578692, 57.2800114], [40.26217309999999, 57.275349299999995], [40.25279609999999, 57.273091599999994], [40.250431, 57.27606529999999], [40.24723019999999, 57.2771422], [40.24326849999999, 57.276022600000005], [40.24008619999999, 57.27353639999999], [40.2367328, 57.27153199999999], [40.2323871, 57.2711287], [40.22844659999999, 57.2723928], [40.2232391, 57.27549809999999], [40.2176347, 57.27374309999999], [40.2134945, 57.27049310000001], [40.213795, 57.2652473], [40.19964949999999, 57.264893699999995], [40.19741249999999, 57.26358400000001], [40.18293229999999, 57.2634175], [40.1798265, 57.261079], [40.176393, 57.2604083], [40.17642349999999, 57.2560104], [40.1914095, 57.2555784], [40.1937904, 57.2520879], [40.20696989999999, 57.2519539], [40.208505499999994, 57.2555126], [40.219719999999995, 57.2554808], [40.222086, 57.257478500000005], [40.2325594, 57.2574829], [40.23492889999999, 57.251125900000005], [40.243529599999995, 57.246199], [40.2345361, 57.2439485], [40.2287485, 57.243559199999986], [40.224959299999995, 57.2398644], [40.2219622, 57.23803809999999], [40.21948019999999, 57.235831399999995], [40.2110803, 57.231731200000006], [40.2078607, 57.2293665], [40.210908, 57.2262733], [40.20962229999999, 57.22563220000001], [40.2015906, 57.22891739999999], [40.19990539999999, 57.232719799999984], [40.198676500000005, 57.233348], [40.1966759, 57.2326389], [40.193808999999995, 57.23261509999999], [40.18772239999999, 57.23419159999999], [40.1840162, 57.2323451], [40.18370600000001, 57.2308366], [40.1826047, 57.22961680000001], [40.1787642, 57.2271142], [40.17585509999999, 57.2260752], [40.180229, 57.2202893], [40.1853423, 57.2172285], [40.1885273, 57.214884600000005], [40.190410899999996, 57.2107352], [40.193111, 57.20387349999999], [40.191010199999994, 57.20123170000001], [40.188978799999994, 57.200091199999996], [40.1853065, 57.1991239], [40.1800584, 57.1969274], [40.1604095, 57.194672899999986], [40.1502209, 57.1908299], [40.1494861, 57.19729099999999], [40.1405128, 57.2010843], [40.1360725, 57.1997033], [40.1289989, 57.19779350000001], [40.1254344, 57.201184399999995], [40.11974769999999, 57.202366699999985], [40.1125558, 57.1992934], [40.108434100000004, 57.19790299999999], [40.10377809999999, 57.19772129999999], [40.09523740000001, 57.1951299], [40.09346829999999, 57.1951187], [40.088746, 57.1961857], [40.0873641, 57.2001532], [40.0846595, 57.20062389999999], [40.08120869999999, 57.2000639], [40.0800477, 57.20078139999999], [40.072199999999995, 57.20088539999999], [40.0590685, 57.2022909], [40.052497, 57.19899879999999], [40.0492254, 57.200022700000005], [40.0479766, 57.2018652], [40.045021299999995, 57.202224799999996], [40.04190059999999, 57.2034874], [40.0353373, 57.2072581], [40.031508, 57.20873079999999], [40.02600279999999, 57.206929], [40.0260713, 57.204401], [40.02546370000001, 57.2032254], [40.023891, 57.2004456], [40.0239605, 57.200245499999994], [40.02390679999999, 57.20017289999999], [40.0236279, 57.20010889999999], [40.0231826, 57.20011180000001], [40.02249059999999, 57.200074099999995], [40.021525, 57.20013800000001], [40.020478999999995, 57.2000624], [40.019743999999996, 57.1999273], [40.01941029999999, 57.199806], [40.0191727, 57.1996324], [40.019135199999994, 57.1994566], [40.0191727, 57.199256], [40.0190629, 57.1985828], [40.01976549999999, 57.1970009], [40.020293499999994, 57.19540969999999], [40.021668899999995, 57.19474350000001], [40.01914889999999, 57.1921839], [40.0168982, 57.1934926], [40.01049149999999, 57.1934159], [40.00635870000001, 57.19346190000001], [40.0032191, 57.19315689999999], [40.0016801, 57.1914138], [39.9999198, 57.1913523], [39.9986377, 57.1910544], [39.9977419, 57.1907448], [39.997052999999994, 57.1903775], [39.9969399, 57.1901577], [39.99688629999999, 57.189941100000006], [39.99696939999999, 57.189720200000004], [39.9970337, 57.18946149999999], [39.9970096, 57.189034199999995], [39.9973092, 57.1886207], [39.9983561, 57.1879194], [39.9995255, 57.1878206], [40.0004107, 57.1878845], [40.0009418, 57.1878148], [40.00122609999999, 57.1877101], [40.0015131, 57.1875241], [40.0014675, 57.1873264], [40.00124370000001, 57.186793399999985], [40.0009927, 57.1864296], [40.00056109999999, 57.18613239999999], [39.99957379999999, 57.1859761], [39.9987772, 57.1858656], [39.9977607, 57.18561849999999], [39.9972016, 57.18549350000001], [39.9941867, 57.18627839999999], [39.9916975, 57.1828667], [39.9881058, 57.1822051], [39.98157059999999, 57.1811651], [39.9796611, 57.18107009999999], [39.97800889999999, 57.1813391], [39.974618, 57.18130759999999], [39.971549, 57.1794825], [39.97010749999999, 57.180834], [39.9673977, 57.1807028], [39.962469999999996, 57.1798291], [39.9600178, 57.1776248], [39.9623821, 57.1750861], [39.9607046, 57.1743685], [39.9584005, 57.17509750000001], [39.957355099999994, 57.17303619999999], [39.95497399999999, 57.1739666], [39.9545985, 57.1740654], [39.95432629999999, 57.17405449999999], [39.9541597, 57.17396859999999], [39.95256539999999, 57.1730854], [39.9508488, 57.17216359999998], [39.9492288, 57.17138130000001], [39.9478879, 57.1702074], [39.9465197, 57.171067199999996], [39.94499749999999, 57.1716666], [39.9435478, 57.171817499999996], [39.9421102, 57.1716546], [39.9412572, 57.1712562], [39.9406421, 57.1707111], [39.93847039999999, 57.1690721], [39.9368324, 57.1671225], [39.93467880000001, 57.1677212], [39.9345088, 57.1689412], [39.934819899999994, 57.1692902], [39.934038799999996, 57.1697591], [39.9332964, 57.169790400000004], [39.9326795, 57.1697439], [39.931794399999994, 57.1694531], [39.92830299999999, 57.168138799999994], [39.92724539999999, 57.168441], [39.92688059999999, 57.1688336], [39.9268181, 57.169318600000004], [39.9273688, 57.169933], [39.9278837, 57.1702034], [39.9285328, 57.1703387], [39.9287795, 57.170707], [39.9273645, 57.171479899999994], [39.92352819999999, 57.17157579999999], [39.922160600000005, 57.1712893], [39.91884350000001, 57.1706042], [39.916367199999996, 57.17153890000001], [39.914715, 57.1700055], [39.913247, 57.17073080000001], [39.91238239999999, 57.17127], [39.9131483, 57.1724402], [39.909308599999996, 57.1724447], [39.907584799999995, 57.1715412], [39.90691689999999, 57.170894100000005], [39.9059379, 57.1699388], [39.905224399999994, 57.169709], [39.9043089, 57.1696786], [39.9035454, 57.1697817], [39.90304379999999, 57.1702907], [39.9032611, 57.1708607], [39.9029955, 57.1713856], [39.9024323, 57.17178549999999], [39.9017504, 57.1719969], [39.9010026, 57.1719222], [39.900552, 57.1712446], [39.8991761, 57.171093400000004], [39.898253399999994, 57.1710977], [39.8964206, 57.1705179], [39.8958582, 57.170612000000006], [39.8953512, 57.170821399999994], [39.8944151, 57.17114569999999], [39.8933154, 57.171869799999996], [39.89236399999999, 57.172033], [39.89107310000001, 57.1718844], [39.88996269999999, 57.1713638], [39.8896757, 57.1710132], [39.8893484, 57.1709334], [39.888921999999994, 57.170875200000005], [39.8868084, 57.17097699999999], [39.8842973, 57.1715506], [39.8823345, 57.1708113], [39.8805696, 57.17108459999999], [39.877003499999994, 57.1710711], [39.8731629, 57.1726295], [39.8619824, 57.173345100000006], [39.8602062, 57.172631800000005], [39.8591524, 57.1724237], [39.858672, 57.1731538], [39.8575777, 57.1735231], [39.8568267, 57.1736961], [39.85648069999999, 57.1737019], [39.855737999999995, 57.172999299999994], [39.8533345, 57.1741903], [39.85326739999999, 57.1729982], [39.852498499999996, 57.172832899999996], [39.8515534, 57.1726449], [39.850540699999996, 57.1727807], [39.8476056, 57.17623819999999], [39.8456082, 57.1771236], [39.8440808, 57.1772496], [39.842977399999995, 57.1777529], [39.843582, 57.179317100000006], [39.84554359999999, 57.18134119999999], [39.8417889, 57.1824251], [39.8403792, 57.184394699999984], [39.83942849999999, 57.1847035], [39.83836639999999, 57.184814], [39.83596719999999, 57.18519630000001], [39.82493389999999, 57.186132], [39.820794899999996, 57.1896565], [39.7912302, 57.190457499999994], [39.77881299999999, 57.1923798], [39.78827369999999, 57.197985900000006], [39.7862042, 57.2032709], [39.747474499999996, 57.20743430000001], [39.73830939999999, 57.2141589], [39.74097019999999, 57.2176807], [39.74185719999999, 57.2240833], [39.7384123, 57.22909479999999], [39.7371268, 57.2309648], [39.7161359, 57.23240489999999], [39.680067, 57.2391249], [39.6753367, 57.24680339999999], [39.6794757, 57.2587978], [39.66380639999999, 57.25895770000001], [39.6655803, 57.26263509999999], [39.6717889, 57.2659925], [39.6694904, 57.267809], [39.667945499999995, 57.26902989999999], [39.6691281, 57.273026], [39.6794757, 57.272226800000006], [39.6806585, 57.26985139999999], [39.6815452, 57.2680707], [39.6892261, 57.2680707], [39.691301599999996, 57.2680707], [39.691301599999996, 57.27382519999999], [39.6981015, 57.27382519999999], [39.70904039999999, 57.2869293], [39.70046659999999, 57.2862902], [39.6983971, 57.29076369999999], [39.6895277, 57.2941185], [39.694849299999994, 57.299868900000014], [39.6933711, 57.3064169], [39.6910059, 57.3116864], [39.6845017, 57.32094610000001], [39.68686689999999, 57.3233404], [39.6809539, 57.32445770000001], [39.6694237, 57.3249366], [39.6719665, 57.3316847], [39.6610918, 57.3369657], [39.662549, 57.34232720000001], [39.6602675, 57.3455828]]]]}}]}