{"type": "FeatureCollection", "features": [{"type": "Feature", "properties": {"id": "city-42701000", "name": "ГО Липецк", "region": "Липецкая область", "isCity": true, "sourceOktmo": "42-701-000-000", "sourceAgg": "Липецк", "excelNames": ["ГО город Липецк"], "oktmo": "42701000", "vgp": [{"year": 2019, "value": 482906538.12971336}, {"year": 2020, "value": 461839385.4335486}, {"year": 2021, "value": 608870607.8368243}, {"year": 2022, "value": 629450739.2467688}, {"year": 2023, "value": 731369512.8217534}, {"year": 2024, "value": 793800052.3733063}], "population": [{"year": 2019, "value": 509420.0}, {"year": 2020, "value": 508573.0}, {"year": 2021, "value": 503216.0}, {"year": 2022, "value": 496447.0}, {"year": 2023, "value": 490428.0}, {"year": 2024, "value": 485260.0}, {"year": 2025, "value": 483040.0}], "shipments": [{"year": 2019, "value": 595892517.0}, {"year": 2020, "value": 627535864.2}, {"year": 2021, "value": 866544903.6}, {"year": 2022, "value": 906694455.4}, {"year": 2023, "value": 961461858.9}, {"year": 2024, "value": 1041084643.0}], "employees": [{"year": 2019, "value": 134279.0}, {"year": 2020, "value": 131518.0}, {"year": 2021, "value": 131483.0}, {"year": 2022, "value": 129931.0}, {"year": 2023, "value": 127940.0}, {"year": 2024, "value": 131408.0}], "investments": [{"year": 2019, "value": 0.0}, {"year": 2020, "value": 0.0}, {"year": 2021, "value": 0.0}, {"year": 2022, "value": 55881988.0}, {"year": 2023, "value": 66700457.0}, {"year": 2024, "value": 103483693.0}], "vgp2024": 793800052.3733063, "pop2024": 485260.0, "ship2024": 1041084643.0, "emp2024": 131408.0, "inv2024": 103483693.0}, "geometry": {"type": "MultiPolygon", "coordinates": [[[[39.81040169999999, 52.5441937], [39.8090143, 52.54301319999999], [39.8083634, 52.5424298], [39.80915459999999, 52.5417104], [39.8085276, 52.5416527], [39.8080212, 52.541350599999994], [39.808607200000004, 52.54104540000001], [39.80956909999999, 52.537669], [39.8096783, 52.537062600000006], [39.8094765, 52.536610200000005], [39.80960449999999, 52.5360492], [39.8097767, 52.5357563], [39.81023019999999, 52.5350469], [39.81080479999999, 52.53434920000001], [39.810073, 52.5340086], [39.8092123, 52.53353100000001], [39.80812889999999, 52.532815199999995], [39.80927379999999, 52.53281559999999], [39.80964360000001, 52.5327599], [39.81086129999999, 52.532127900000006], [39.8111999, 52.5319601], [39.8116067, 52.53173360000001], [39.8115365, 52.5315131], [39.811490799999994, 52.5312354], [39.811020899999995, 52.5309751], [39.810849499999996, 52.5305062], [39.810775, 52.530241499999995], [39.8104981, 52.530042], [39.8100965, 52.5300889], [39.80933, 52.5302244], [39.8090242, 52.5303252], [39.80864119999999, 52.5301755], [39.807904799999996, 52.5302299], [39.8074846, 52.5303442], [39.8043325, 52.53043029999999], [39.803902199999996, 52.5245582], [39.80289629999999, 52.5248646], [39.8000983, 52.525859], [39.795837299999995, 52.527736], [39.785335999999994, 52.5320125], [39.784572, 52.53230479999999], [39.77498039999999, 52.53619439999999], [39.76519569999999, 52.5400707], [39.764199000000005, 52.53947029999999], [39.763736599999994, 52.539379], [39.7623319, 52.5386486], [39.7594215, 52.536380199999996], [39.774044499999995, 52.52742], [39.7767926, 52.525735899999994], [39.8021873, 52.50703539999999], [39.7992951, 52.497815199999984], [39.7953914, 52.498226900000006], [39.792209, 52.4950926], [39.7899115, 52.4937717], [39.7894623, 52.4914503], [39.7884232, 52.4913826], [39.788666, 52.495216600000006], [39.7861974, 52.496033], [39.78647719999999, 52.49673099999999], [39.7897814, 52.499229799999995], [39.770144699999996, 52.51586519999999], [39.7494959, 52.5061641], [39.7486875, 52.50695139999999], [39.7272036, 52.523425100000004], [39.729377199999995, 52.524354100000004], [39.7345146, 52.526518], [39.7314609, 52.5295124], [39.73613129999999, 52.5317526], [39.73981369999999, 52.53481210000001], [39.740676, 52.53487770000001], [39.74096339999999, 52.5338615], [39.741376499999994, 52.5338833], [39.7466038, 52.535664399999995], [39.7460438, 52.536133], [39.7433525, 52.538385], [39.743496199999996, 52.5391935], [39.74360399999999, 52.53956490000001], [39.7437656, 52.5419357], [39.7411616, 52.5401637], [39.7057798, 52.5375232], [39.6988042, 52.5361127], [39.69277799999999, 52.53316019999999], [39.6888118, 52.5297684], [39.6858036, 52.528031600000006], [39.684857799999996, 52.52768580000001], [39.68425549999999, 52.527193399999994], [39.68328459999999, 52.52669699999999], [39.6790016, 52.525467], [39.6691855, 52.5178847], [39.66700879999999, 52.5167648], [39.6618835, 52.515187299999994], [39.6558762, 52.51460209999999], [39.651285099999996, 52.5138061], [39.6492577, 52.5131215], [39.647178, 52.511617], [39.64520869999999, 52.50977069999998], [39.6387671, 52.5070661], [39.6343469, 52.50750759999999], [39.62807260000001, 52.510623599999995], [39.6217083, 52.5116841], [39.5823893, 52.50942220000001], [39.5607728, 52.508024699999986], [39.55438699999999, 52.50775309999999], [39.5518827, 52.50827949999999], [39.5489032, 52.5095778], [39.54660059999999, 52.51056739999999], [39.5454603, 52.51176130000001], [39.54425169999999, 52.5126779], [39.54318899999999, 52.51338569999999], [39.542805699999995, 52.5137871], [39.543161899999994, 52.51559879999999], [39.542569799999995, 52.51760769999999], [39.5401692, 52.51956059999999], [39.53687829999999, 52.5205907], [39.5335664, 52.520603799999996], [39.5327416, 52.5221308], [39.5329937, 52.5256525], [39.531053899999996, 52.5275272], [39.531124299999995, 52.52967179999999], [39.5311397, 52.5301393], [39.5315625, 52.5305922], [39.533429299999995, 52.5303194], [39.5339765, 52.53068360000001], [39.534049399999994, 52.53129839999998], [39.53287999999999, 52.531974600000005], [39.5338799, 52.53296660000001], [39.535442, 52.533726299999984], [39.5347704, 52.534376299999984], [39.53582719999999, 52.5361507], [39.5364387, 52.5374291], [39.535648, 52.5393346], [39.5356448, 52.540164000000004], [39.5371651, 52.54120869999999], [39.5380888, 52.541331299999996], [39.5390394, 52.54068010000001], [39.54052, 52.53899659999999], [39.54119479999999, 52.5389946], [39.542405, 52.5400733], [39.5428127, 52.54139270000001], [39.5427762, 52.542199200000006], [39.5406691, 52.5428386], [39.53977749999999, 52.5432902], [39.5399331, 52.543855199999996], [39.5409223, 52.5441475], [39.54284599999999, 52.54420749999999], [39.54336099999999, 52.5447908], [39.54343389999999, 52.545716000000006], [39.545555, 52.547059399999995], [39.5478731, 52.54914870000001], [39.5489805, 52.550720399999996], [39.53505489999999, 52.5534051], [39.5342317, 52.55159379999999], [39.5313597, 52.5489413], [39.5295467, 52.5452031], [39.5264134, 52.5469532], [39.5249063, 52.546706400000005], [39.5250944, 52.5455273], [39.5245028, 52.5449663], [39.5202951, 52.544913599999994], [39.5199288, 52.545650499999994], [39.5193644, 52.5458529], [39.5184529, 52.5467504], [39.51775829999999, 52.54672399999998], [39.51603639999999, 52.54740150000001], [39.5155738, 52.54744590000001], [39.5154143, 52.54856300000001], [39.51515479999999, 52.54898909999999], [39.515066999999995, 52.5496364], [39.51474869999999, 52.5497156], [39.5145471, 52.5495611], [39.5141409, 52.5497156], [39.5137847, 52.55033579999999], [39.5128035, 52.5504145], [39.512695, 52.54997900000001], [39.512108999999995, 52.549868999999994], [39.51137099999999, 52.549886599999994], [39.510911199999995, 52.5500558], [39.5110599, 52.55053770000001], [39.51187019999999, 52.55106999999999], [39.51220299999999, 52.55115800000001], [39.5115595, 52.5528547], [39.51161849999999, 52.55296679999999], [39.51177119999999, 52.55318979999999], [39.5119709, 52.5534815], [39.5115923, 52.5535964], [39.51178199999999, 52.5538232], [39.5111375, 52.554040500000006], [39.5120126, 52.55530530000001], [39.512473, 52.5551871], [39.513486, 52.5567112], [39.512958399999995, 52.5568178], [39.5154197, 52.56080409999999], [39.5155977, 52.56087039999999], [39.51740070000001, 52.562172200000006], [39.518806399999995, 52.5624835], [39.5195932, 52.56259250000001], [39.520249, 52.562259600000004], [39.520699199999996, 52.562639000000004], [39.52098569999999, 52.56244619999998], [39.5214768, 52.56290640000001], [39.5220498, 52.5627758], [39.5226637, 52.5632982], [39.523431, 52.563161400000006], [39.52422909999999, 52.562782], [39.5240301, 52.56256139999999], [39.5238403, 52.56248969999999], [39.5236684, 52.56227109999999], [39.5238812, 52.5621103], [39.523737999999994, 52.561911300000006], [39.524208599999994, 52.5615256], [39.524802, 52.5617744], [39.5253557, 52.5613023], [39.5252673, 52.561154], [39.52553499999999, 52.5606357], [39.525827699999994, 52.5607818], [39.52594559999999, 52.5608153], [39.5262467, 52.56080359999999], [39.526502199999996, 52.56071330000001], [39.52660649999999, 52.56056209999999], [39.526620199999996, 52.5604327], [39.5263293, 52.56026], [39.5262223, 52.56016], [39.5280672, 52.5588141], [39.527239, 52.5582743], [39.52775609999999, 52.557477], [39.528617, 52.557644199999984], [39.5293405, 52.5571691], [39.52866039999999, 52.55620139999999], [39.5297687, 52.55546710000001], [39.5309112, 52.55509999999999], [39.5306363, 52.5547657], [39.5333059, 52.5543126], [39.5357179, 52.5544816], [39.5368701, 52.5549771], [39.5380018, 52.55614570000001], [39.5388188, 52.5566527], [39.5397516, 52.557476199999996], [39.5406492, 52.55702659999999], [39.541691, 52.5561469], [39.5436878, 52.55597970000001], [39.54571359999999, 52.5559357], [39.5473738, 52.55515630000001], [39.548622699999996, 52.5543393], [39.5493289, 52.5536613], [39.549440499999996, 52.554279400000006], [39.5488509, 52.5559831], [39.5490455, 52.558093899999996], [39.5492788, 52.559046900000006], [39.54988699999999, 52.560584899999995], [39.5509225, 52.5615735], [39.552447, 52.5623695], [39.535374499999996, 52.5773388], [39.53501140000001, 52.5774569], [39.534748699999994, 52.5774823], [39.5343679, 52.577405999999996], [39.5332285, 52.57700479999998], [39.5279877, 52.57360980000001], [39.52236369999999, 52.57225420000001], [39.51655509999999, 52.570889799999996], [39.5148809, 52.57037549999999], [39.51169099999999, 52.56898309999998], [39.51015639999999, 52.56825599999999], [39.5097712, 52.5680346], [39.50934259999999, 52.56758920000001], [39.50898049999999, 52.5664652], [39.50844839999999, 52.563872], [39.5018324, 52.5655273], [39.5001329, 52.56371599999999], [39.4962702, 52.56240209999999], [39.490423799999995, 52.56090269999999], [39.489853399999994, 52.55882359999998], [39.489211, 52.55812939999999], [39.48818060000001, 52.55870829999999], [39.4877342, 52.559161100000004], [39.487533, 52.559557], [39.4871718, 52.55984490000001], [39.48626759999999, 52.56026620000001], [39.4861557, 52.5604059], [39.4861277, 52.56058159999999], [39.4860227, 52.56084069999999], [39.4857922, 52.5610048], [39.48540369999999, 52.561091699999984], [39.4852484, 52.561099199999994], [39.485065, 52.5611748], [39.4848056, 52.5615422], [39.4846937, 52.56166679999998], [39.4840629, 52.56200400000001], [39.48377519999999, 52.5620823], [39.4833451, 52.5619814], [39.4830066, 52.56191849999999], [39.4827578, 52.5619719], [39.4818213, 52.56228879999999], [39.481696199999995, 52.562623], [39.48194149999999, 52.56281319999999], [39.481811699999994, 52.5630854], [39.4818489, 52.5634746], [39.481801499999996, 52.5636272], [39.48166869999999, 52.563624700000005], [39.48126919999999, 52.5636653], [39.480902699999994, 52.5634866], [39.48073939999999, 52.56357159999999], [39.4801326, 52.563182799999986], [39.4794303, 52.5631967], [39.4784989, 52.5640693], [39.477711299999996, 52.56419099999999], [39.4774288, 52.5641475], [39.477053, 52.5640615], [39.4766831, 52.5633547], [39.475878200000004, 52.562974], [39.475254299999996, 52.562858399999996], [39.4750273, 52.562946499999995], [39.4748622, 52.5636199], [39.47434959999999, 52.5640616], [39.4733942, 52.5640999], [39.4732373, 52.563927199999995], [39.4734559, 52.56339700000001], [39.472731499999995, 52.563017300000006], [39.47210499999999, 52.562939099999994], [39.4716875, 52.5631748], [39.47181849999999, 52.5637952], [39.4711963, 52.5641117], [39.470466, 52.5640492], [39.4699551, 52.564361399999996], [39.469254, 52.5644477], [39.4689846, 52.56488459999999], [39.46890929999999, 52.56547309999999], [39.4678495, 52.566411], [39.4664465, 52.5686468], [39.4639042, 52.5706725], [39.46319319999999, 52.570723599999994], [39.46248719999999, 52.5710229], [39.4597459, 52.5733176], [39.452715999999995, 52.575116699999995], [39.4501977, 52.570628099999986], [39.44903399999999, 52.5685351], [39.4477221, 52.5656958], [39.4472209, 52.56588940000001], [39.4462234, 52.56643530000001], [39.4453627, 52.566790399999995], [39.4452384, 52.56684889999998], [39.4444059, 52.5671303], [39.44326259999999, 52.56722839999999], [39.4405482, 52.56653060000001], [39.439899999999994, 52.56711520000001], [39.4397906, 52.56739110000001], [39.4395939, 52.567904699999985], [39.43932559999999, 52.56808710000001], [39.4378205, 52.56918650000001], [39.4372339, 52.5691682], [39.43575800000001, 52.5689441], [39.434191799999994, 52.56959509999999], [39.433729, 52.5700954], [39.4339151, 52.570962300000005], [39.4336076, 52.5713552], [39.4323057, 52.5715025], [39.4317798, 52.57173629999999], [39.4324673, 52.5719785], [39.432544299999996, 52.5721986], [39.4326257, 52.5724978], [39.4325108, 52.57286609999999], [39.4318689, 52.573181299999995], [39.4311156, 52.57321350000001], [39.430065299999995, 52.572947299999996], [39.42971210000001, 52.5729348], [39.4283656, 52.573211599999986], [39.4275516, 52.5736399], [39.4264235, 52.57362520000001], [39.4259485, 52.5739049], [39.4252396, 52.5739859], [39.4244498, 52.57460300000001], [39.4237605, 52.574526], [39.422301299999994, 52.5746088], [39.4211845, 52.5743579], [39.4206314, 52.5743806], [39.41985540000001, 52.57466010000001], [39.4181145, 52.57485819999999], [39.4178193, 52.574372999999994], [39.4174961, 52.57418800000001], [39.416681999999994, 52.5741842], [39.4181673, 52.57603480000001], [39.4186086, 52.5769903], [39.41914299999999, 52.578365], [39.4199261, 52.5812501], [39.4212622, 52.5829079], [39.4288255, 52.58101220000001], [39.4292605, 52.58177499999999], [39.4313269, 52.5813804], [39.4337723, 52.58608720000001], [39.435955199999995, 52.59032919999999], [39.436752299999995, 52.59155049999999], [39.4361153, 52.59151659999999], [39.4357859, 52.5915826], [39.43473869999999, 52.591935600000006], [39.433296899999995, 52.5925265], [39.4363203, 52.5940724], [39.434866099999994, 52.5948312], [39.4360065, 52.5957127], [39.4360593, 52.5956844], [39.4361215, 52.59570039999999], [39.436310999999996, 52.595856100000006], [39.43631880000001, 52.5958863], [39.4362722, 52.595911799999996], [39.4363033, 52.5959307], [39.433957199999995, 52.5971], [39.4339495, 52.5971236], [39.43384689999999, 52.597119799999994], [39.433028099999994, 52.597526499999994], [39.4315397, 52.5965149], [39.4311156, 52.5967329], [39.4279834, 52.5947142], [39.4266224, 52.5952785], [39.42967999999999, 52.59769639999998], [39.4284868, 52.5983551], [39.428663099999994, 52.5985028], [39.4245133, 52.6006827], [39.42533279999999, 52.601038900000006], [39.4252567, 52.601222899999996], [39.4253655, 52.6015399], [39.4268461, 52.6025128], [39.4269642, 52.60277889999999], [39.42692999999999, 52.6033073], [39.427451999999995, 52.6038754], [39.42805169999999, 52.6043575], [39.4325853, 52.6164684], [39.422387099999995, 52.6223033], [39.419901200000005, 52.62287859999999], [39.4166323, 52.6232559], [39.416657199999996, 52.6235879], [39.40807469999999, 52.62430089999998], [39.40793179999999, 52.6240179], [39.40178199999999, 52.6245039], [39.3989081, 52.62473090000001], [39.3986719, 52.625130799999994], [39.389201299999996, 52.6260197], [39.3797669, 52.6267718], [39.3831706, 52.62757980000001], [39.3878804, 52.6283015], [39.3887371, 52.6278137], [39.39561979999999, 52.62943330000001], [39.39650389999999, 52.63064159999999], [39.3964949, 52.6324917], [39.3911655, 52.637775000000005], [39.390597699999994, 52.64234830000001], [39.3901414, 52.642379000000005], [39.38948049999999, 52.6457258], [39.39783059999999, 52.642139699999994], [39.4083573, 52.636316], [39.4244251, 52.6335366], [39.4265433, 52.63375390000001], [39.4288144, 52.63298530000001], [39.4373814, 52.6315647], [39.417872499999994, 52.664396700000005], [39.4133873, 52.66358919999998], [39.41141999999999, 52.6675694], [39.4129383, 52.67227079999999], [39.40568729999999, 52.677962699999995], [39.4105715, 52.6794359], [39.4123403, 52.680453], [39.4191735, 52.6858893], [39.4193723, 52.6904319], [39.419713599999994, 52.6916443], [39.4225854, 52.695403899999995], [39.4103279, 52.704188099999996], [39.4136023, 52.70608839999999], [39.41933149999999, 52.7076014], [39.42361729999999, 52.7038189], [39.42990369999999, 52.6997638], [39.4310605, 52.6999047], [39.4383181, 52.6958745], [39.4426154, 52.6943359], [39.44114209999999, 52.692853099999994], [39.43364759999999, 52.691206599999994], [39.4313463, 52.6893717], [39.4307979, 52.6873499], [39.4284777, 52.6856622], [39.428171, 52.68401949999999], [39.4237513, 52.6819552], [39.4236427, 52.68097569999998], [39.425084899999995, 52.67977499999999], [39.4282435, 52.6796204], [39.4296328, 52.6792724], [39.4319202, 52.678877], [39.4338488, 52.67934840000001], [39.4365659, 52.67917380000001], [39.4392341, 52.67969889999999], [39.4444643, 52.6767977], [39.447126299999994, 52.67392199999999], [39.4422094, 52.668766], [39.440496, 52.66493770000001], [39.4371384, 52.6630078], [39.44263629999999, 52.64873709999999], [39.48104709999999, 52.64839409999999], [39.4833801, 52.64724809999999], [39.49950799999999, 52.651108599999986], [39.51317829999999, 52.6545899], [39.51935679999999, 52.65808369999999], [39.524089599999996, 52.6610375], [39.5288735, 52.66070599999999], [39.53432769999999, 52.6578203], [39.5404107, 52.657596500000004], [39.54968, 52.649034900000004], [39.5870704, 52.6590043], [39.5917681, 52.6632166], [39.60628040000001, 52.67604860000001], [39.6213946, 52.6702959], [39.6299505, 52.6716269], [39.638058, 52.67227099999999], [39.64517409999999, 52.667841200000005], [39.647982799999994, 52.6666389], [39.64335669999999, 52.6624519], [39.6635604, 52.653819], [39.6714318, 52.65399089999999], [39.6727418, 52.6550647], [39.675101999999995, 52.6527667], [39.67746220000001, 52.6537403], [39.6743821, 52.6553081], [39.681573099999994, 52.6619498], [39.682460299999995, 52.6625063], [39.6799581, 52.6635763], [39.68546859999999, 52.665652099999996], [39.6863357, 52.6660465], [39.68607329999999, 52.6666554], [39.6858109, 52.667970000000004], [39.684419, 52.672231799999985], [39.6844856, 52.67223859999999], [39.6859136, 52.672384], [39.686655099999996, 52.6723909], [39.6889712, 52.6722525], [39.689553000000004, 52.672134899999996], [39.6896165, 52.672085200000005], [39.6899067, 52.671858199999996], [39.6900826, 52.6712889], [39.6903032, 52.6705054], [39.6903657, 52.6703724], [39.69021179999999, 52.670086], [39.689515699999994, 52.668800999999995], [39.6894389, 52.668648], [39.6883962, 52.667340300000006], [39.6882638, 52.6671743], [39.6879444, 52.6652785], [39.6895551, 52.665219], [39.690240599999996, 52.66519360000001], [39.69443059999999, 52.6650387], [39.6951434, 52.6649049], [39.695280399999994, 52.66358329999999], [39.69799569999999, 52.6637493], [39.6980984, 52.6640054], [39.6993876, 52.6640396], [39.7000886, 52.66405820000001], [39.6994125, 52.665491], [39.69781059999999, 52.6676676], [39.69843060000001, 52.6689147], [39.700399399999995, 52.66952289999999], [39.7024946, 52.66887], [39.7043284, 52.6681117], [39.70452259999999, 52.6680314], [39.70666320000001, 52.6688789], [39.70445360000001, 52.6759128], [39.698972, 52.68260469999999], [39.695486800000005, 52.68156599999999], [39.69522829999999, 52.68063870000001], [39.6948836, 52.68052109999999], [39.6949267, 52.680730100000005], [39.6930683, 52.68045130000001], [39.6940704, 52.6787558], [39.69275369999999, 52.6784945], [39.6920662, 52.6788053], [39.690901, 52.67972369999999], [39.6897124, 52.6821185], [39.688116099999995, 52.68250700000001], [39.6873936, 52.68233039999999], [39.686985799999995, 52.6819136], [39.6791787, 52.6894292], [39.680611899999995, 52.6894646], [39.68198689999999, 52.6881579], [39.6826744, 52.68804490000001], [39.684562099999994, 52.6881861], [39.6849932, 52.687451599999996], [39.6846786, 52.68726089999999], [39.68463199999999, 52.68694300000001], [39.6847252, 52.68637089999999], [39.6851357, 52.686312400000006], [39.685579499999996, 52.6863584], [39.68892799999999, 52.68638240000001], [39.6890311, 52.6865622], [39.6888119, 52.6871723], [39.6933441, 52.6877006], [39.692947399999994, 52.68813739999999], [39.6914633, 52.689771], [39.688775, 52.69415559999999], [39.68787579999999, 52.6961931], [39.68783849999999, 52.6962776], [39.685136799999995, 52.702398200000005], [39.690087299999995, 52.7023716], [39.69088769999999, 52.70236729999999], [39.6915718, 52.70427], [39.692184899999994, 52.70597489999999], [39.6929496, 52.70685189999999], [39.6936461, 52.70763790000001], [39.69658199999999, 52.709003], [39.697851899999996, 52.7098138], [39.698671700000006, 52.71082129999999], [39.6995179, 52.7114461], [39.7013426, 52.71291999999999], [39.6999939, 52.7145059], [39.701197099999995, 52.71474619999999], [39.7029953, 52.71466610000001], [39.7039605, 52.71408139999999], [39.706975199999995, 52.71364090000001], [39.7075569, 52.713352500000006], [39.7083899, 52.7125675], [39.709579899999994, 52.712135], [39.71070379999999, 52.7115983], [39.711431, 52.7106531], [39.7124739, 52.7103409], [39.7154568, 52.70963509999999], [39.716314499999996, 52.7095731], [39.7173899, 52.7093016], [39.7177612, 52.709867800000005], [39.7184397, 52.7093326], [39.7186701, 52.7087974], [39.71988629999999, 52.70858799999999], [39.7212433, 52.7088983], [39.7216914, 52.70885950000001], [39.722318699999995, 52.7095808], [39.7223315, 52.7107985], [39.7228948, 52.7109149], [39.7236117, 52.71079079999999], [39.7248023, 52.7102246], [39.725327199999995, 52.7091232], [39.7263129, 52.7089681], [39.7270939, 52.7088983], [39.7283485, 52.7086888], [39.72842529999999, 52.708913800000005], [39.7292958, 52.7092318], [39.7303712, 52.7089913], [39.7302432, 52.70847169999998], [39.736593, 52.7083863], [39.739281399999996, 52.7079365], [39.7439542, 52.70785889999999], [39.7437877, 52.70652479999999], [39.74258429999999, 52.70630760000001], [39.74011349999999, 52.7062766], [39.7395359, 52.70453380000001], [39.7359513, 52.70455249999999], [39.7345072, 52.7047138], [39.728208599999995, 52.705067499999984], [39.72608859999999, 52.7056508], [39.7239276, 52.7057936], [39.723712500000005, 52.70527229999999], [39.723477, 52.7043166], [39.721705199999995, 52.7045587], [39.72137029999999, 52.703815199999994], [39.7227288, 52.703352599999995], [39.721409799999996, 52.70169980000001], [39.72222909999999, 52.7016765], [39.7210331, 52.694079900000006], [39.7321198, 52.6907381], [39.73143559999999, 52.6870415], [39.741362099999996, 52.6870415], [39.74684589999999, 52.68657259999999], [39.73852279999999, 52.6764078], [39.73761729999999, 52.67527400000001], [39.73700869999999, 52.6744464], [39.7419273, 52.67358050000001], [39.74179840000001, 52.6724982], [39.741421599999995, 52.6720472], [39.739825, 52.6721254], [39.73795079999999, 52.67174649999998], [39.7357493, 52.6656367], [39.7416397, 52.663694099999994], [39.741679399999995, 52.6633092], [39.7487301, 52.664512], [39.7506411, 52.66071180000001], [39.75245579999999, 52.6608441], [39.753031, 52.6612711], [39.7642741, 52.6719326], [39.7713247, 52.6774043], [39.772462, 52.6788457], [39.7976721, 52.67875349999999], [39.795871899999995, 52.6758151], [39.79734200000001, 52.6751859], [39.8002052, 52.6749126], [39.8000525, 52.6740903], [39.80158459999999, 52.6740069], [39.8012801, 52.6723038], [39.80126009999999, 52.670713500000005], [39.805785099999994, 52.67110069999999], [39.8084326, 52.670384799999994], [39.80747740000001, 52.667556299999994], [39.79613989999999, 52.668725300000006], [39.795297299999994, 52.666752], [39.7949051, 52.6664965], [39.7947163, 52.666012], [39.7898064, 52.6547959], [39.8013839, 52.6527603], [39.8013867, 52.6526201], [39.8013984, 52.6520289], [39.8042455, 52.65178209999999], [39.80453609999999, 52.64320669999999], [39.80430359999999, 52.64289819999999], [39.8043908, 52.64214019999999], [39.79675, 52.6417083], [39.795311899999994, 52.64153199999999], [39.7921597, 52.6430393], [39.7886298, 52.644229200000005], [39.784896499999995, 52.643621], [39.7845747, 52.643553299999994], [39.7816281, 52.6429335], [39.779984799999994, 52.642663500000005], [39.7756384, 52.64183740000001], [39.775222, 52.641761200000005], [39.7743214, 52.6414967], [39.7726916, 52.6412212], [39.7723603, 52.6411265], [39.77183349999999, 52.6411998], [39.7690193, 52.64106480000001], [39.764530699999995, 52.6408974], [39.75568619999999, 52.640297299999986], [39.7555098, 52.640421399999994], [39.75498689999999, 52.6405712], [39.7508469, 52.640994299999996], [39.748667999999995, 52.641637800000005], [39.7482903, 52.641928699999994], [39.743177, 52.6434712], [39.7410417, 52.6448902], [39.74014749999999, 52.6467608], [39.7355266, 52.64827], [39.735031199999995, 52.64843179999999], [39.7334655, 52.6473117], [39.73114309999999, 52.6460556], [39.729252699999996, 52.6462904], [39.72535499999999, 52.64511619999999], [39.7226725, 52.6451216], [39.72048509999999, 52.645323699999985], [39.7167494, 52.64399649999999], [39.7186758, 52.6427621], [39.71872870000001, 52.6406167], [39.7174775, 52.63752839999999], [39.7040326, 52.64128], [39.6959288, 52.6435098], [39.6946024, 52.6417722], [39.6926234, 52.639728699999985], [39.69203279999999, 52.6393607], [39.69184409999999, 52.6375911], [39.69124999999999, 52.635970699999994], [39.68832939999999, 52.6333447], [39.686073199999996, 52.6322755], [39.6850688, 52.631806600000004], [39.68047919999999, 52.6309531], [39.6784703, 52.6301558], [39.6777452, 52.629568899999995], [39.67717939999999, 52.62840450000001], [39.6837906, 52.6254217], [39.6894433, 52.6202819], [39.69167829999999, 52.6151358], [39.6926991, 52.6122935], [39.6928591, 52.610249800000005], [39.69271199999999, 52.60981099999999], [39.69056789999999, 52.606503], [39.690017399999995, 52.604813799999995], [39.6900753, 52.5931985], [39.6928279, 52.5875569], [39.6937957, 52.586436], [39.6953053, 52.58468739999999], [39.69724659999999, 52.58309419999999], [39.6993617, 52.581809], [39.7049075, 52.5780821], [39.7051894, 52.57764029999999], [39.70480369999999, 52.577653899999994], [39.709136, 52.5745136], [39.7101039, 52.576593599999995], [39.7128455, 52.5787991], [39.715113499999994, 52.580900299999996], [39.723787099999996, 52.577239], [39.7248727, 52.5765338], [39.72577149999999, 52.5755704], [39.73208579999999, 52.5643518], [39.7337546, 52.56442349999999], [39.7344715, 52.56452639999999], [39.7345669, 52.564490500000005], [39.73504200000001, 52.5643118], [39.73438779999999, 52.564050399999985], [39.7344172, 52.56274309999999], [39.735553499999995, 52.5620802], [39.731339, 52.5588868], [39.732747499999995, 52.558244699999996], [39.73198599999999, 52.55759909999998], [39.73330519999999, 52.55699539999999], [39.7346992, 52.557842900000004], [39.7354619, 52.5574111], [39.7353176, 52.557317299999994], [39.7346992, 52.5569154], [39.73409839999999, 52.55722099999999], [39.73343679999999, 52.5568293], [39.7346334, 52.5560999], [39.73538299999999, 52.556627600000006], [39.7454959, 52.5502468], [39.7453907, 52.549967], [39.748007699999995, 52.54842360000001], [39.7475606, 52.54804769999999], [39.7482181, 52.5477599], [39.748783599999996, 52.547328], [39.75111309999999, 52.5464466], [39.75663289999999, 52.54410219999998], [39.76556159999999, 52.540717199999996], [39.7661309, 52.54120000000001], [39.7656604, 52.54178319999998], [39.76543579999999, 52.5434932], [39.76826919999999, 52.5457549], [39.7780732, 52.54690010000001], [39.77922029999999, 52.5473797], [39.780654199999994, 52.546921899999994], [39.78590419999999, 52.5474719], [39.78463339999999, 52.54815359999999], [39.785188999999995, 52.5487313], [39.78400599999999, 52.5496184], [39.7871607, 52.5520663], [39.7864617, 52.5527311], [39.786874899999994, 52.55308289999999], [39.7768686, 52.558345], [39.784952000000004, 52.56302889999999], [39.7829013, 52.5635908], [39.7825465, 52.5630361], [39.774211099999995, 52.5643391], [39.7736227, 52.5648759], [39.77472589999999, 52.5661637], [39.780964299999994, 52.5649314], [39.785213, 52.5672926], [39.79071309999999, 52.5635818], [39.79078729999999, 52.56320190000001], [39.791565899999995, 52.562675299999995], [39.79290279999999, 52.56294059999999], [39.80362029999999, 52.5557686], [39.80224909999999, 52.5543409], [39.80075339999999, 52.5535663], [39.7974097, 52.555570899999985], [39.7960928, 52.554804299999994], [39.7983238, 52.55339709999999], [39.8025038, 52.5506116], [39.802426499999996, 52.55049919999998], [39.8036813, 52.5497324], [39.8039777, 52.54984679999999], [39.80755479999999, 52.5478629], [39.80816659999999, 52.5482174], [39.8113287, 52.546708], [39.810549, 52.54599950000001], [39.806569800000005, 52.54796749999999], [39.8053393, 52.54719379999999], [39.8085999, 52.545120399999995], [39.81040169999999, 52.5441937]]]]}}, {"type": "Feature", "properties": {"id": "city-42640000", "name": "Липецкий муниципальный район", "region": "Липецкая область", "isCity": true, "sourceOktmo": "42-640-000-000", "sourceAgg": "Липецк", "excelNames": ["Липецкий муниципальный район"], "oktmo": "42640000", "vgp": [{"year": 2019, "value": 28915418.819023784}, {"year": 2020, "value": 30297711.7589112}, {"year": 2021, "value": 40713448.07657487}, {"year": 2022, "value": 43571544.41971317}, {"year": 2023, "value": 52616369.07053399}, {"year": 2024, "value": 57413290.67407033}], "population": [{"year": 2019, "value": 51957.0}, {"year": 2020, "value": 52690.0}, {"year": 2021, "value": 53384.0}, {"year": 2022, "value": 54116.0}, {"year": 2023, "value": 60244.0}, {"year": 2024, "value": 60096.0}, {"year": 2025, "value": 59825.0}], "shipments": [{"year": 2019, "value": 32206144.0}, {"year": 2020, "value": 32564089.5}, {"year": 2021, "value": 42885691.5}, {"year": 2022, "value": 65530014.7}, {"year": 2023, "value": 78981761.5}, {"year": 2024, "value": 86179657.2}], "employees": [{"year": 2019, "value": 10243.0}, {"year": 2020, "value": 10278.0}, {"year": 2021, "value": 10230.0}, {"year": 2022, "value": 10682.0}, {"year": 2023, "value": 10396.0}, {"year": 2024, "value": 10536.0}], "investments": [{"year": 2019, "value": 7600000.0}, {"year": 2020, "value": 7800000.0}, {"year": 2021, "value": 8950000.0}, {"year": 2022, "value": 3982342.0}, {"year": 2023, "value": 4553417.0}, {"year": 2024, "value": 9283454.0}], "vgp2024": 57413290.67407033, "pop2024": 60096.0, "ship2024": 86179657.2, "emp2024": 10536.0, "inv2024": 9283454.0}, "geometry": {"type": "MultiPolygon", "coordinates": [[[[39.4525995, 52.30141020000001], [39.452690499999996, 52.298177900000006], [39.4545247, 52.285837099999995], [39.4419471, 52.28375330000001], [39.4298935, 52.280226500000005], [39.42281859999999, 52.280226500000005], [39.41788069999999, 52.286524500000006], [39.40878429999999, 52.2858959], [39.4069464, 52.286445199999996], [39.402205599999995, 52.291010099999994], [39.4017409, 52.29131540000001], [39.40001269999999, 52.29245089999999], [39.3994717, 52.2928063], [39.3966659, 52.2949458], [39.395206400000006, 52.29620789999999], [39.394021099999996, 52.2969703], [39.392303600000005, 52.298725099999984], [39.3912415, 52.2990026], [39.3877899, 52.305191400000005], [39.3882632, 52.30782419999999], [39.37333249999999, 52.31463379999999], [39.3657773, 52.317838699999996], [39.362848099999994, 52.31319649999999], [39.35933399999999, 52.30664050000001], [39.34701389999999, 52.305765099999995], [39.3345056, 52.30468659999999], [39.3314844, 52.3043088], [39.322498499999995, 52.3037149], [39.3224375, 52.3037103], [39.3179443, 52.3033566], [39.31700669999999, 52.3033133], [39.3107483, 52.30417849999999], [39.30964469999999, 52.30417299999998], [39.3041979, 52.303571500000004], [39.2998469, 52.3035851], [39.300208299999994, 52.30386759999998], [39.3051028, 52.3132415], [39.306009499999995, 52.315178799999984], [39.3056809, 52.32097600000001], [39.3053953, 52.3260134], [39.3073418, 52.32972689999999], [39.310520399999994, 52.33334459999999], [39.3129657, 52.336406399999994], [39.312376199999996, 52.3365859], [39.31187169999999, 52.3365196], [39.311866, 52.3366846], [39.3111365, 52.336974100000006], [39.3107777, 52.3374402], [39.31043849999999, 52.337309899999994], [39.30944619999999, 52.3375325], [39.30892719999999, 52.3373393], [39.307547899999996, 52.337507899999984], [39.30690799999999, 52.33695790000001], [39.3066635, 52.3369213], [39.3039214, 52.3379418], [39.302726, 52.3390767], [39.30045549999999, 52.3398488], [39.297606, 52.34009429999998], [39.2967991, 52.34016379999999], [39.29629, 52.3403976], [39.293510999999995, 52.34029339999999], [39.292187399999996, 52.3407226], [39.2906362, 52.3405058], [39.28963939999999, 52.340265800000005], [39.288967799999995, 52.340294], [39.28748099999999, 52.340804000000006], [39.2855233, 52.3406217], [39.284668399999994, 52.3403698], [39.2842926, 52.340365799999994], [39.2836068, 52.34092729999999], [39.2834074, 52.34148510000001], [39.28289099999999, 52.3419166], [39.2819492, 52.34200849999999], [39.28160299999999, 52.342182099999995], [39.28140719999999, 52.34295389999999], [39.2806402, 52.3430446], [39.280224, 52.34321859999999], [39.2793982, 52.3439304], [39.2789213, 52.34461850000001], [39.278107399999996, 52.34454939999999], [39.27652499999999, 52.34504209999999], [39.27527009999999, 52.345071600000004], [39.27372189999999, 52.3454932], [39.2730856, 52.3452624], [39.27235799999999, 52.34537650000001], [39.2717467, 52.3452933], [39.2706234, 52.3452777], [39.2689025, 52.3452885], [39.2664882, 52.34557769999999], [39.2651326, 52.345881], [39.264424, 52.34593430000001], [39.2630445, 52.3458797], [39.2612413, 52.3461961], [39.2605359, 52.3461314], [39.2597173, 52.34614059999999], [39.2587981, 52.3463781], [39.258246299999996, 52.3463695], [39.2575023, 52.34627209999999], [39.256655, 52.34632129999999], [39.2559018, 52.34622279999999], [39.2552578, 52.3464063], [39.254824899999996, 52.346705899999996], [39.2542946, 52.34671929999999], [39.25397209999999, 52.3470214], [39.25312410000001, 52.3472708], [39.2518879, 52.34710269999999], [39.2513311, 52.34753950000001], [39.249418899999995, 52.34784799999999], [39.248436399999996, 52.3478956], [39.2476495, 52.34823849999999], [39.2468203, 52.348462600000005], [39.2464728, 52.3488373], [39.2454873, 52.349247399999996], [39.24372089999999, 52.34991680000001], [39.24290659999999, 52.349821], [39.2421978, 52.350005499999995], [39.2406292, 52.349974399999994], [39.2398457, 52.35013620000001], [39.2368923, 52.34825550000001], [39.2372514, 52.3450072], [39.236779, 52.3447599], [39.2315312, 52.34452989999999], [39.2312204, 52.345823599999996], [39.2249821, 52.34423659999999], [39.221195300000005, 52.3432733], [39.20636549999999, 52.33477560000001], [39.192766, 52.3464043], [39.19078919999999, 52.34779769999999], [39.1900932, 52.34874760000001], [39.18397289999999, 52.3532349], [39.18099399999999, 52.35491999999999], [39.1602559, 52.36543420000001], [39.1743868, 52.37536759999999], [39.1735859, 52.375742], [39.1734031, 52.376151799999995], [39.1750971, 52.37675839999999], [39.177155000000006, 52.3779152], [39.17628319999999, 52.3794843], [39.176294, 52.3804101], [39.1729761, 52.3795806], [39.16945359999999, 52.37933520000001], [39.1660343, 52.37939739999999], [39.16380920000001, 52.3789771], [39.1629199, 52.3786024], [39.15923870000001, 52.3785501], [39.1581543, 52.378414199999995], [39.15768619999999, 52.37814019999999], [39.15733339999999, 52.3787357], [39.1550241, 52.380246299999996], [39.1542727, 52.381301], [39.1516418, 52.384993499999986], [39.1492256, 52.387928200000005], [39.14327600000001, 52.3967164], [39.143002, 52.39728879999999], [39.1431336, 52.3974602], [39.134972, 52.40962400000001], [39.1336066, 52.4119695], [39.1323132, 52.4190553], [39.1336413, 52.419232099999995], [39.1355851, 52.418840799999984], [39.1377467, 52.4191491], [39.138605999999996, 52.4192716], [39.139877199999994, 52.4191328], [39.14092519999999, 52.4193145], [39.143824, 52.41961770000001], [39.145085099999996, 52.419852600000006], [39.14560289999999, 52.42047370000001], [39.14489319999999, 52.4208063], [39.143830699999995, 52.421906199999995], [39.14362969999999, 52.422552299999985], [39.14321919999999, 52.42286180000001], [39.14335109999999, 52.42318199999999], [39.14317379999999, 52.42346619999999], [39.1424366, 52.42382380000001], [39.142121, 52.42452219999999], [39.1404218, 52.4254854], [39.1401064, 52.42630969999998], [39.140332, 52.426664099999996], [39.1417547, 52.4275925], [39.1423756, 52.4287017], [39.143574199999996, 52.4291465], [39.1437813, 52.42952379999999], [39.1434653, 52.43015349999999], [39.1436531, 52.430382099999996], [39.1443457, 52.43048430000001], [39.1443836, 52.43064449999999], [39.1437124, 52.43127889999999], [39.14349159999999, 52.4324005], [39.1428221, 52.433588099999994], [39.1428052, 52.4341603], [39.14304949999999, 52.4345408], [39.1428487, 52.435815000000005], [39.141951399999996, 52.4361022], [39.14092509999999, 52.4369501], [39.140028400000006, 52.4373745], [39.1385009, 52.4393152], [39.1384103, 52.4402421], [39.1377583, 52.44115829999999], [39.13678639999999, 52.441548399999995], [39.1362493, 52.442344], [39.1353156, 52.4429517], [39.1347001, 52.443638899999996], [39.135171699999994, 52.44482839999999], [39.134873400000004, 52.4452291], [39.134874599999996, 52.44561819999999], [39.1350606, 52.4457423], [39.1368757, 52.4457059], [39.13813089999999, 52.44613919999999], [39.13848569999999, 52.445944299999994], [39.1393049, 52.4445589], [39.1400528, 52.4443405], [39.141098299999996, 52.443572700000004], [39.14160439999999, 52.44385810000001], [39.14207439999999, 52.44455560000001], [39.14160849999999, 52.4451625], [39.14213659999999, 52.446443399999986], [39.1439169, 52.44819629999999], [39.144816999999996, 52.44873299999999], [39.1442193, 52.4491228], [39.1439212, 52.449557899999995], [39.14349489999999, 52.4506761], [39.1434224, 52.45140849999999], [39.1417399, 52.45201699999999], [39.1410002, 52.45284980000001], [39.13853739999999, 52.45415029999999], [39.1376732, 52.454462199999995], [39.134916499999996, 52.45261669999999], [39.1341858, 52.45242299999999], [39.1332904, 52.45332789999999], [39.131857, 52.45417069999999], [39.1317833, 52.4545712], [39.1301128, 52.45600890000001], [39.13306589999999, 52.45699669999999], [39.134426999999995, 52.45631109999999], [39.1388351, 52.4570712], [39.1433232, 52.45662079999999], [39.148314, 52.456756999999996], [39.14854079999999, 52.4574203], [39.1491032, 52.4576256], [39.151144, 52.4577803], [39.1517501, 52.45755750000001], [39.1531594, 52.4576433], [39.1544875, 52.45792749999999], [39.16098589999999, 52.458182099999995], [39.161697999999994, 52.4589967], [39.1644333, 52.460233599999995], [39.1668416, 52.462231499999994], [39.16699409999999, 52.464344800000006], [39.1672878, 52.465027899999995], [39.1688144, 52.465903299999994], [39.17043639999999, 52.4661323], [39.170599599999996, 52.466597699999994], [39.1720111, 52.46776619999999], [39.172231399999994, 52.47141489999999], [39.170804999999994, 52.4728061], [39.1687709, 52.4729177], [39.169193099999994, 52.4741651], [39.1679807, 52.4753156], [39.16778649999999, 52.47613449999999], [39.166193099999994, 52.47659579999999], [39.1660593, 52.47710190000001], [39.16830949999999, 52.478963699999994], [39.16937459999999, 52.480240699999996], [39.1696389, 52.4818214], [39.1691249, 52.4823829], [39.169536599999994, 52.4836504], [39.169026699999996, 52.4844777], [39.16910229999999, 52.4851355], [39.16854949999999, 52.486003000000004], [39.16928349999999, 52.48768079999999], [39.1687601, 52.490442900000005], [39.1692757, 52.4913839], [39.1703217, 52.4921092], [39.171256699999994, 52.493696], [39.1712735, 52.49516860000001], [39.1688809, 52.496109899999986], [39.162221499999994, 52.49692949999999], [39.1669704, 52.4990064], [39.170017599999994, 52.4998531], [39.17225619999999, 52.499572399999984], [39.17584469999999, 52.49839299999999], [39.175990399999996, 52.4986548], [39.1756418, 52.49900920000001], [39.175938699999996, 52.4995519], [39.1786416, 52.5002177], [39.1807323, 52.50009089999998], [39.18124379999999, 52.5014174], [39.1792437, 52.5018552], [39.1769679, 52.502672499999996], [39.1763299, 52.5031489], [39.1728286, 52.5038864], [39.171691, 52.504491800000004], [39.1714676, 52.5059293], [39.1726907, 52.5060388], [39.1754849, 52.5070496], [39.17426549999999, 52.50741270000001], [39.17492599999999, 52.5085331], [39.1707456, 52.5094208], [39.1637523, 52.5086527], [39.1594544, 52.5088081], [39.1575457, 52.5095429], [39.1573255, 52.51091960000001], [39.15689139999999, 52.5097372], [39.15503579999999, 52.5078369], [39.15397, 52.50602109999999], [39.1493884, 52.504715899999994], [39.1457511, 52.504781499999986], [39.1361351, 52.503370600000004], [39.135233799999995, 52.50357499999999], [39.13572829999999, 52.50493980000001], [39.13328119999999, 52.5037166], [39.1293857, 52.5041808], [39.122776099999996, 52.5102763], [39.12026989999999, 52.511350500000006], [39.120607799999995, 52.511510300000005], [39.1207212, 52.5118764], [39.12132209999999, 52.51229910000001], [39.12096669999999, 52.512597099999994], [39.121042599999996, 52.51289439999999], [39.12205689999999, 52.51372859999999], [39.1223292, 52.51386339999999], [39.1231643, 52.5142767], [39.1234652, 52.514608300000006], [39.123353699999996, 52.514986], [39.12356040000001, 52.5151688], [39.124438999999995, 52.51534699999999], [39.125713399999995, 52.5163518], [39.1313235, 52.52742460000001], [39.1300187, 52.528587599999994], [39.119811199999994, 52.5354263], [39.107056899999996, 52.544822999999994], [39.1115036, 52.5468717], [39.1250508, 52.552136899999994], [39.129886899999995, 52.5557206], [39.1343096, 52.560245900000005], [39.13377909999999, 52.56206499999999], [39.1328136, 52.5675218], [39.1492854, 52.5721417], [39.2030566, 52.58510820000001], [39.20352449999999, 52.584775699999994], [39.2035782, 52.5842378], [39.2046224, 52.5827028], [39.2078906, 52.58084949999999], [39.2094606, 52.579439300000004], [39.209925899999995, 52.57861919999999], [39.210955399999996, 52.5780113], [39.209848099999995, 52.5761783], [39.210465199999994, 52.5741855], [39.21309010000001, 52.5749377], [39.21820639999999, 52.5765556], [39.23448049999999, 52.58190009999999], [39.236649, 52.5833449], [39.2384734, 52.584696300000004], [39.2431338, 52.586287299999995], [39.230935699999996, 52.5982291], [39.20398389999999, 52.623265599999996], [39.19561949999999, 52.6192868], [39.1906941, 52.622781200000006], [39.1810542, 52.6182603], [39.17951419999999, 52.617765799999994], [39.178378499999994, 52.617476700000005], [39.1777999, 52.6173275], [39.1749724, 52.6175782], [39.1730452, 52.6175646], [39.169708, 52.616883200000004], [39.1694251, 52.61676889999999], [39.16914069999999, 52.61635820000001], [39.16891079999999, 52.615821000000004], [39.169084399999996, 52.6149927], [39.168322599999996, 52.6149162], [39.167427, 52.614771299999994], [39.1672591, 52.61445139999999], [39.16655149999999, 52.61436749999999], [39.1654994, 52.61432099999998], [39.16488699999999, 52.614027799999995], [39.16398569999999, 52.613703599999994], [39.16228099999999, 52.61282990000001], [39.159746299999995, 52.611813], [39.1593002, 52.611324100000004], [39.1584982, 52.6111424], [39.1578784, 52.61064669999998], [39.15665909999999, 52.609982], [39.156119399999994, 52.6096967], [39.1548845, 52.60940169999999], [39.15399750000001, 52.609453900000005], [39.151579999999996, 52.61105899999999], [39.1510009, 52.6112383], [39.149713799999994, 52.6113355], [39.149194699999995, 52.6111577], [39.148615099999994, 52.610480900000006], [39.1479019, 52.6099482], [39.147245, 52.6096091], [39.14686309999999, 52.609520100000005], [39.14643579999999, 52.6096017], [39.14597259999999, 52.6100583], [39.1450781, 52.6108305], [39.1445617, 52.61099629999998], [39.1439827, 52.6110709], [39.142968499999995, 52.611007199999996], [39.141791299999994, 52.610652099999996], [39.1404609, 52.6105469], [39.14008619999999, 52.6105896], [39.1397155, 52.6106347], [39.139006599999995, 52.6104559], [39.13807560000001, 52.610493600000005], [39.1374228, 52.610392299999994], [39.1367603, 52.60994959999999], [39.135880799999995, 52.6093926], [39.135484299999995, 52.609054499999985], [39.1347864, 52.6090105], [39.13257469999999, 52.6089216], [39.1318041, 52.60906099999999], [39.13053589999999, 52.6088851], [39.1292321, 52.6088716], [39.12785209999999, 52.6085727], [39.126242, 52.60798450000001], [39.124739399999996, 52.607454299999986], [39.123962899999995, 52.60751770000001], [39.12320439999999, 52.6074679], [39.1219113, 52.6071045], [39.1202083, 52.60658599999999], [39.1188654, 52.6060071], [39.117297099999995, 52.6060473], [39.11618719999999, 52.6060198], [39.1146583, 52.60616310000001], [39.11348269999999, 52.60630669999999], [39.1115374, 52.60642730000001], [39.10793379999999, 52.6081254], [39.10712079999999, 52.608321899999986], [39.1060031, 52.60836439999999], [39.1078579, 52.6090254], [39.1083679, 52.60951869999999], [39.1094503, 52.60993390000001], [39.110383, 52.610867199999994], [39.1114652, 52.6112582], [39.112517000000004, 52.6120994], [39.1143086, 52.6130415], [39.115233599999996, 52.61400870000001], [39.116444099999995, 52.614714299999996], [39.1186436, 52.61651259999999], [39.12248029999999, 52.6178543], [39.1243882, 52.6197653], [39.12550829999999, 52.61994210000001], [39.1261816, 52.620355800000006], [39.1282286, 52.620616000000005], [39.1285453, 52.62080399999999], [39.127541099999995, 52.6211599], [39.1293529, 52.6257794], [39.1370458, 52.6289576], [39.13602709999999, 52.637439099999995], [39.1308748, 52.63749269999999], [39.129267299999995, 52.63919609999999], [39.1265585, 52.6434293], [39.12384899999999, 52.647663300000005], [39.1198716, 52.6531885], [39.1193274, 52.6531607], [39.1183216, 52.652573399999994], [39.1174164, 52.6526849], [39.11663999999999, 52.65203679999999], [39.115365499999996, 52.652466], [39.1140991, 52.652009299999996], [39.1133339, 52.65243980000001], [39.1114792, 52.6521642], [39.1110838, 52.65265279999999], [39.110788899999996, 52.6526335], [39.1101747, 52.652089000000004], [39.1092478, 52.6521663], [39.1083195, 52.6516891], [39.107199599999994, 52.65167499999999], [39.1061611, 52.6511788], [39.104999, 52.6513902], [39.1022798, 52.651048299999985], [39.10157199999999, 52.6507333], [39.101240999999995, 52.65037989999998], [39.10020389999999, 52.65028519999999], [39.09763190000001, 52.6494316], [39.09593519999999, 52.6495382], [39.0945879, 52.64851650000001], [39.09389639999999, 52.6487204], [39.0924035, 52.64853990000001], [39.09210749999999, 52.648411], [39.091647699999996, 52.6478137], [39.0915729, 52.647449], [39.09021789999999, 52.64713540000001], [39.089562199999996, 52.6465064], [39.0718637, 52.6518924], [39.0707116, 52.6529728], [39.07514079999999, 52.6539933], [39.0752047, 52.655840500000004], [39.0734888, 52.65756799999998], [39.07301149999999, 52.6582629], [39.0689095, 52.6572309], [39.068201499999994, 52.657971800000006], [39.067616599999994, 52.65830820000001], [39.06731669999999, 52.6584312], [39.065367499999994, 52.657790099999986], [39.0629924, 52.656995099999996], [39.0609596, 52.6563831], [39.059357000000006, 52.65580169999999], [39.0563786, 52.658590499999995], [39.0554574, 52.6598277], [39.0523262, 52.6610273], [39.053608499999996, 52.6624565], [39.0522959, 52.66302119999999], [39.04745599999999, 52.663932499999994], [39.0477242, 52.6643984], [39.046270699999994, 52.664997599999985], [39.0448786, 52.6652775], [39.043596, 52.6660224], [39.0430451, 52.6640892], [39.036862, 52.6653832], [39.0365624, 52.66465550000001], [39.028289, 52.6643242], [39.026711, 52.664848799999994], [39.024202599999995, 52.6648129], [39.023119, 52.666429199999996], [39.02144729999999, 52.66737359999999], [39.0165404, 52.66818000000001], [39.015942, 52.6681438], [39.0146916, 52.6677003], [39.0122668, 52.66933410000001], [39.01544259999999, 52.6705395], [39.0170484, 52.6712944], [39.01844609999999, 52.6721996], [39.0223356, 52.67309349999999], [39.0272357, 52.67688770000001], [39.0317976, 52.67605809999999], [39.03366139999999, 52.6755372], [39.03358089999999, 52.67734169999999], [39.0365132, 52.6784971], [39.03993729999999, 52.6839608], [39.041454599999994, 52.6868246], [39.0400956, 52.6890182], [39.0411172, 52.690615199999996], [39.0422818, 52.69287], [39.0403001, 52.697686600000004], [39.0381356, 52.6984939], [39.0369246, 52.69860109999999], [39.03879870000001, 52.7027117], [39.0386944, 52.7040849], [39.041689999999996, 52.70521020000001], [39.0470172, 52.7068606], [39.05176039999999, 52.6995466], [39.053086199999996, 52.69957159999999], [39.0544751, 52.69991730000001], [39.05903279999999, 52.702908799999996], [39.06293089999999, 52.704974799999995], [39.05996489999999, 52.708636299999995], [39.0581186, 52.710596100000004], [39.06945019999999, 52.7146536], [39.07030329999999, 52.7125123], [39.0723167, 52.71569029999999], [39.0724037, 52.7169835], [39.072210999999996, 52.7199761], [39.0737054, 52.7215513], [39.074991399999995, 52.720564800000005], [39.075589799999996, 52.720774799999994], [39.0745178, 52.72247969999999], [39.07433859999999, 52.72491120000001], [39.079246, 52.7231389], [39.0852624, 52.7203288], [39.08202969999999, 52.7235398], [39.0762646, 52.7259271], [39.076692, 52.72723690000001], [39.0746359, 52.7289467], [39.074368799999995, 52.729319800000006], [39.0741973, 52.7302762], [39.073790699999996, 52.7307401], [39.072735699999996, 52.7305305], [39.072563, 52.7308461], [39.07264279999999, 52.7314677], [39.07272919999999, 52.73189210000001], [39.07266009999999, 52.7323569], [39.0727707, 52.7327011], [39.0725728, 52.732789499999996], [39.0721505, 52.7328108], [39.0720633, 52.7331892], [39.0720333, 52.7341168], [39.072297199999994, 52.735018600000004], [39.0723035, 52.7352958], [39.0723802, 52.7359232], [39.072251699999995, 52.73623859999999], [39.0723212, 52.73639539999999], [39.07272919999999, 52.7365397], [39.072999, 52.7368636], [39.07303879999999, 52.7370887], [39.0727484, 52.7376], [39.0729842, 52.7377908], [39.073048899999996, 52.73829899999999], [39.0727819, 52.738700800000004], [39.0729083, 52.7389493], [39.072798299999995, 52.73913110000001], [39.072342, 52.7392844], [39.0721221, 52.7393188], [39.072060799999996, 52.7394938], [39.07267409999999, 52.74004920000001], [39.0723797, 52.740290900000005], [39.07178609999999, 52.74046259999999], [39.07190099999999, 52.740615], [39.0720391, 52.740678300000006], [39.07218269999999, 52.74067209999999], [39.0722991, 52.740808], [39.0725023, 52.7408908], [39.072157, 52.7415412], [39.0723648, 52.742004599999994], [39.0721923, 52.7423195], [39.07159779999999, 52.7425166], [39.0708555, 52.7425104], [39.069418399999996, 52.7421746], [39.0690913, 52.7421388], [39.068981099999995, 52.74220570000001], [39.0693442, 52.7424734], [39.0692993, 52.7426153], [39.068352899999994, 52.7426452], [39.0676013, 52.7429624], [39.0665935, 52.743261999999994], [39.0659756, 52.7433828], [39.0657727, 52.74334579999999], [39.064591799999995, 52.74273959999999], [39.0640432, 52.7425535], [39.0638433, 52.74262329999999], [39.06381499999999, 52.742682900000005], [39.0639066, 52.7428603], [39.0638517, 52.7430351], [39.0628309, 52.7435223], [39.0620069, 52.74379489999998], [39.061633900000004, 52.7438791], [39.0610491, 52.74370799999999], [39.060812, 52.74333000000001], [39.0604677, 52.7430728], [39.06007999999999, 52.743125199999994], [39.059586499999995, 52.7434312], [39.05952709999999, 52.74367029999999], [39.05898049999999, 52.7439943], [39.0584842, 52.7441963], [39.0578691, 52.7442618], [39.0576837, 52.74412779999999], [39.056856399999994, 52.7438619], [39.0555613, 52.7438082], [39.0547763, 52.7438731], [39.0545965, 52.7440749], [39.054810499999995, 52.744255], [39.0552227, 52.744553], [39.055330000000005, 52.7447619], [39.0551455, 52.7448617], [39.0538773, 52.7452402], [39.0535313, 52.7452253], [39.0532527, 52.744927], [39.0531241, 52.74430360000001], [39.0527067, 52.744035499999995], [39.052160699999995, 52.7439815], [39.051551499999995, 52.7441886], [39.050796299999995, 52.74462479999999], [39.0499973, 52.7446376], [39.049451999999995, 52.7447268], [39.049242500000005, 52.7449942], [39.0493596, 52.74518900000001], [39.0493811, 52.745307000000004], [39.0487734, 52.7456526], [39.0482265, 52.7459424], [39.04822829999999, 52.7462482], [39.0485027, 52.746617399999984], [39.0485043, 52.746715599999995], [39.04770080000001, 52.7471587], [39.04771649999999, 52.7473638], [39.0477287, 52.74761649999999], [39.048284499999994, 52.74824619999999], [39.04825269999999, 52.748653299999994], [39.0480911, 52.74922320000001], [39.0481376, 52.7494828], [39.04845019999999, 52.7498153], [39.048226899999996, 52.75006100000001], [39.0474129, 52.750396599999995], [39.0463014, 52.750496999999996], [39.04470489999999, 52.7508596], [39.0445429, 52.7511564], [39.04475500000001, 52.75129739999999], [39.045210399999995, 52.751460200000004], [39.04551719999999, 52.75182350000001], [39.0454446, 52.7520105], [39.0446061, 52.752444100000005], [39.04375509999999, 52.7525095], [39.0428683, 52.7522378], [39.041775, 52.75225590000001], [39.0414558, 52.75236989999999], [39.04146409999999, 52.752596499999996], [39.04203629999999, 52.75312189999998], [39.0420202, 52.7534869], [39.0418981, 52.7537323], [39.0411409, 52.754028899999994], [39.0409245, 52.754369700000005], [39.0409929, 52.75465319999999], [39.0415256, 52.7552482], [39.0421911, 52.755147799999996], [39.042807, 52.7552229], [39.0431924, 52.75534029999999], [39.0435521, 52.755617499999985], [39.0449599, 52.7566017], [39.04573979999999, 52.75721969999999], [39.046111599999996, 52.757743999999995], [39.0461132, 52.75810370000001], [39.0456776, 52.75846860000001], [39.0426664, 52.7604104], [39.0419127, 52.7609703], [39.0415143, 52.7615716], [39.0414875, 52.7623582], [39.0419571, 52.762525800000006], [39.04321229999999, 52.7623953], [39.0435709, 52.762719499999996], [39.0439965, 52.7627652], [39.0443417, 52.762695599999994], [39.044882099999995, 52.76271229999999], [39.0453163, 52.7625948], [39.0458835, 52.7624413], [39.04607790000001, 52.7620052], [39.047536, 52.7614177], [39.0486512, 52.76136460000001], [39.0496049, 52.7610035], [39.0526603, 52.7603763], [39.0539913, 52.76031330000001], [39.0545623, 52.76035809999999], [39.055433199999996, 52.7605404], [39.056417999999994, 52.7609814], [39.0571028, 52.76178650000001], [39.0573031, 52.762229], [39.0573644, 52.7630359], [39.05716710000001, 52.7639074], [39.05740019999999, 52.7641987], [39.0574223, 52.7655983], [39.0574043, 52.7660838], [39.05800219999999, 52.7663914], [39.0585124, 52.76640929999999], [39.0591318, 52.76601730000001], [39.0607579, 52.764209099999995], [39.0614046, 52.7637371], [39.0622531, 52.76323130000001], [39.0630966, 52.7629177], [39.06340509999999, 52.762928599999995], [39.06433049999999, 52.763462], [39.066328199999994, 52.7653486], [39.066993499999995, 52.7656901], [39.0678194, 52.7658638], [39.06840319999999, 52.765759300000006], [39.0705375, 52.765552099999994], [39.0721391, 52.76553909999999], [39.07262539999999, 52.76558969999999], [39.07296100000001, 52.76568369999999], [39.07322, 52.765753200000006], [39.07407239999999, 52.766325699999996], [39.0757319, 52.7675602], [39.07653049999999, 52.7678633], [39.0771304, 52.7682024], [39.07802840000001, 52.76890409999999], [39.0782136, 52.7690486], [39.0792876, 52.7699831], [39.079746199999995, 52.7707435], [39.08014399999999, 52.771011200000004], [39.0803795, 52.77101979999998], [39.0808352, 52.7708984], [39.082065099999994, 52.770241199999994], [39.0823399, 52.769828499999996], [39.0831397, 52.7692923], [39.0839326, 52.76865149999999], [39.0855039, 52.7681857], [39.08603269999999, 52.76793800000001], [39.08712229999999, 52.76722490000001], [39.0881749, 52.7666328], [39.090700999999996, 52.76528449999999], [39.09208830000001, 52.764558], [39.0933653, 52.7640622], [39.0939025, 52.7639461], [39.0946125, 52.76387669999999], [39.0951593, 52.76381669999999], [39.0954082, 52.76363619999999], [39.095420299999994, 52.763472199999995], [39.095602199999995, 52.763441199999995], [39.0965429, 52.763544], [39.0967769, 52.7636726], [39.0970936, 52.763651499999995], [39.097531, 52.76383619999999], [39.0978533, 52.7643461], [39.0987117, 52.7651345], [39.1104043, 52.76016829999999], [39.11920189999999, 52.756221], [39.120206, 52.7559396], [39.12087700000001, 52.75550299999998], [39.1209656, 52.755316], [39.1209231, 52.7545829], [39.1216573, 52.75413679999999], [39.1221987, 52.7536147], [39.122676500000004, 52.75354519999999], [39.123016199999995, 52.753294000000004], [39.1230319, 52.753092200000005], [39.1228362, 52.752646999999996], [39.1237009, 52.751839199999985], [39.123764699999995, 52.75151449999999], [39.1239825, 52.751289799999995], [39.1240621, 52.750719299999986], [39.1243371, 52.750586299999995], [39.124571, 52.7501878], [39.1248203, 52.75001840000001], [39.1260354, 52.7487162], [39.12680379999999, 52.7483027], [39.12708189999999, 52.747737900000004], [39.1274901, 52.747191300000004], [39.1288836, 52.746154999999995], [39.1298898, 52.7460822], [39.1304877, 52.745499], [39.130817099999994, 52.745365099999994], [39.13181629999999, 52.745248700000005], [39.132954299999994, 52.74487109999999], [39.133579, 52.744858400000005], [39.1347886, 52.7450026], [39.1351482, 52.7449172], [39.13642519999999, 52.7442542], [39.1374471, 52.7438927], [39.1379188, 52.74372579999999], [39.13891749999999, 52.74348189999999], [39.1452366, 52.7430311], [39.15045549999999, 52.742897], [39.14884119999999, 52.74952139999999], [39.1473138, 52.7553144], [39.1597135, 52.7585658], [39.16037669999999, 52.7644777], [39.1632671, 52.763243], [39.1652122, 52.762117499999995], [39.1662783, 52.7618556], [39.1668267, 52.7619265], [39.1674439, 52.76228319999999], [39.1685013, 52.7641052], [39.1695015, 52.7650692], [39.169989, 52.76534060000001], [39.170497, 52.7654644], [39.17130949999999, 52.7653364], [39.1719777, 52.764904499999986], [39.173173, 52.76375569999998], [39.174656, 52.7625616], [39.175221199999996, 52.7614077], [39.1755998, 52.7610976], [39.1769333, 52.760575700000004], [39.1785018, 52.760300199999996], [39.1816644, 52.7599924], [39.18537549999999, 52.76019809999999], [39.1858413, 52.7603828], [39.187506199999994, 52.7605678], [39.1878459, 52.7607066], [39.1880535, 52.76089400000001], [39.188382, 52.761917700000005], [39.18903279999999, 52.762162499999995], [39.18943149999999, 52.76214039999999], [39.1897346, 52.7619862], [39.1913491, 52.760641299999996], [39.19249109999999, 52.7600599], [39.1964778, 52.75883649999999], [39.197574, 52.7586401], [39.199259, 52.757981400000006], [39.201076799999996, 52.756923], [39.2018703, 52.75688019999999], [39.202146299999995, 52.7570034], [39.2031473, 52.75802], [39.20415189999999, 52.7600217], [39.20444349999999, 52.760301699999985], [39.2056315, 52.76067960000001], [39.20752329999999, 52.7608816], [39.208178, 52.761011399999994], [39.21161089999999, 52.7621179], [39.21201719999999, 52.7623835], [39.212859699999996, 52.7638042], [39.2141048, 52.7631973], [39.215383499999994, 52.76312039999999], [39.21612139999999, 52.763521700000005], [39.2167188, 52.764405100000005], [39.217214799999994, 52.7647875], [39.2181312, 52.7650632], [39.221440199999996, 52.76473630000001], [39.223355299999994, 52.7648274], [39.2241319, 52.7649889], [39.2246245, 52.765220299999996], [39.225771, 52.76614370000001], [39.2273752, 52.766895], [39.2278571, 52.7671661], [39.2288434, 52.7679725], [39.22924439999999, 52.7681282], [39.23310409999999, 52.76813949999999], [39.233691699999994, 52.7682217], [39.2343259, 52.76853499999999], [39.2345021, 52.7692504], [39.234753399999995, 52.769397999999995], [39.235189399999996, 52.769481600000006], [39.2361271, 52.7692899], [39.236946499999995, 52.7688113], [39.23775429999999, 52.7679561], [39.2386673, 52.7672388], [39.2394029, 52.76704449999999], [39.2429861, 52.7665607], [39.244114399999994, 52.766584800000004], [39.2446281, 52.7667963], [39.24528339999999, 52.7672019], [39.246005, 52.7677661], [39.2467892, 52.7685393], [39.247626399999994, 52.7691899], [39.2485269, 52.76964259999999], [39.2492575, 52.76986310000001], [39.250932799999994, 52.7702023], [39.2515372, 52.770409599999994], [39.2528611, 52.77096659999999], [39.2531662, 52.77105599999999], [39.2537235, 52.7711172], [39.2551533, 52.7715031], [39.2613291, 52.772209200000006], [39.2630795, 52.7722496], [39.26383719999999, 52.7723937], [39.2653739, 52.7732163], [39.26606339999999, 52.773373299999996], [39.267992199999995, 52.773363700000004], [39.2701045, 52.77249319999999], [39.2707056, 52.7724272], [39.2743924, 52.773010500000005], [39.2745761, 52.77458599999999], [39.26958379999999, 52.7803982], [39.2692203, 52.7812901], [39.269366999999995, 52.78225079999999], [39.2709071, 52.7867128], [39.2713921, 52.79395400000001], [39.27250759999999, 52.80159510000001], [39.2731421, 52.80348519999998], [39.2734807, 52.8047497], [39.274393999999994, 52.807747000000006], [39.2760526, 52.8134655], [39.2765292, 52.8148036], [39.281914400000005, 52.811486599999995], [39.28330509999999, 52.8111497], [39.28901329999999, 52.8102938], [39.290697, 52.8089102], [39.291229699999995, 52.80839999999999], [39.2919639, 52.8079451], [39.295693, 52.80690649999999], [39.2967252, 52.8068763], [39.2973212, 52.80697270000001], [39.2975442, 52.807071], [39.2976644, 52.8074788], [39.29788959999999, 52.80759629999999], [39.29843369999999, 52.80767279999999], [39.299050300000005, 52.8079556], [39.29910129999999, 52.80835830000001], [39.323761899999994, 52.814875699999995], [39.33164279999999, 52.8170173], [39.3429673, 52.8171437], [39.3456548, 52.81857209999999], [39.3442589, 52.82074239999999], [39.344097899999994, 52.8219519], [39.3436468, 52.822514], [39.3422891, 52.823399599999995], [39.3417387, 52.823935299999995], [39.3447124, 52.8237232], [39.3760041, 52.817468999999996], [39.3959805, 52.816053000000004], [39.40055279999999, 52.81557370000001], [39.4006482, 52.816101499999995], [39.4051348, 52.8159945], [39.4051095, 52.8153856], [39.40529699999999, 52.815197299999994], [39.405712900000005, 52.815172], [39.4059142, 52.8155711], [39.413751, 52.8163087], [39.4147712, 52.81637450000001], [39.415875099999994, 52.8165932], [39.44363179999999, 52.8244646], [39.4403345, 52.830318000000005], [39.4602708, 52.835642899999996], [39.4595028, 52.8370574], [39.460313899999996, 52.83733980000001], [39.46124759999999, 52.8375568], [39.4636596, 52.8377833], [39.4680581, 52.8392538], [39.4706786, 52.839521899999994], [39.478612, 52.84123999999999], [39.479737699999994, 52.8422003], [39.48345659999999, 52.845904999999995], [39.485358899999994, 52.8451843], [39.4867936, 52.846893599999994], [39.489720199999994, 52.8452305], [39.4907556, 52.8447922], [39.4955388, 52.8469318], [39.4983577, 52.8458595], [39.5087154, 52.8454129], [39.531018, 52.8454509], [39.5322334, 52.845500599999994], [39.5415476, 52.8476084], [39.5488471, 52.84893219999999], [39.5490561, 52.84792879999999], [39.5496442, 52.84723379999999], [39.5501201, 52.8470973], [39.5506159, 52.847188], [39.550839999999994, 52.84737299999999], [39.5506291, 52.84822119999999], [39.5516606, 52.84780649999999], [39.5519133, 52.847547000000006], [39.5519939, 52.84718490000001], [39.5527904, 52.84678859999999], [39.55331879999999, 52.8467551], [39.5541302, 52.8475263], [39.554842799999996, 52.8474482], [39.5553346, 52.8472186], [39.5573752, 52.84561070000001], [39.558914699999995, 52.84595469999999], [39.559645100000004, 52.84573429999999], [39.5615752, 52.8448912], [39.5628905, 52.8437276], [39.563136, 52.84424309999999], [39.56370139999999, 52.8444574], [39.5669659, 52.8449791], [39.5709645, 52.851233300000004], [39.5943041, 52.85220350000001], [39.5942896, 52.8511599], [39.5939344, 52.84888840000001], [39.59133280000001, 52.838083399999995], [39.5896289, 52.8268066], [39.58843000000001, 52.8213151], [39.5881635, 52.82106170000001], [39.5878445, 52.819771], [39.5898447, 52.818246200000004], [39.59045549999999, 52.81792430000001], [39.5909619, 52.81786780000001], [39.5920341, 52.818074300000006], [39.59299029999999, 52.818057499999995], [39.59429, 52.81835430000001], [39.5961863, 52.81936489999999], [39.5973618, 52.8202028], [39.5984497, 52.820542], [39.5991135, 52.8204597], [39.583384, 52.803539799999996], [39.5827964, 52.8028189], [39.58266809999999, 52.8024392], [39.5810459, 52.800844600000005], [39.57878389999999, 52.79871730000001], [39.5766665, 52.797432199999996], [39.5742181, 52.796269099999996], [39.5789109, 52.794725699999994], [39.5760471, 52.78995690000001], [39.594627800000005, 52.78666579999999], [39.6068472, 52.78468889999999], [39.6098202, 52.79090699999999], [39.62510339999999, 52.7886875], [39.6373293, 52.78271139999999], [39.6439579, 52.780158], [39.650602899999996, 52.7773565], [39.671501899999996, 52.768937199999996], [39.6865838, 52.7660572], [39.69006629999999, 52.7692272], [39.694503399999995, 52.768765300000005], [39.6990795, 52.7677577], [39.69441779999999, 52.764733500000006], [39.6977699, 52.763625899999994], [39.700330599999994, 52.76277970000001], [39.7026019, 52.7613438], [39.70297229999999, 52.7611097], [39.7046597, 52.76204570000001], [39.70734199999999, 52.7612725], [39.7081965, 52.7614791], [39.71009359999999, 52.7625121], [39.7091389, 52.7637101], [39.71012629999999, 52.7657347], [39.7134905, 52.768530099999985], [39.71672499999999, 52.7668751], [39.71746649999999, 52.76707179999999], [39.72071079999999, 52.7669234], [39.7212595, 52.76681390000001], [39.722478200000005, 52.766570599999994], [39.72461979999999, 52.7664281], [39.7263797, 52.76582569999999], [39.72686989999999, 52.76628219999999], [39.727860699999994, 52.766773199999996], [39.7287073, 52.76758949999999], [39.7291848, 52.7678392], [39.730765, 52.768063999999995], [39.730796600000005, 52.7680148], [39.7304903, 52.76635689999999], [39.730655299999995, 52.7660399], [39.731720499999994, 52.7647443], [39.7328715, 52.763967499999985], [39.73302619999999, 52.76304739999999], [39.7347612, 52.762242400000005], [39.7349459, 52.76195969999999], [39.7342207, 52.7604644], [39.734167, 52.760085899999986], [39.7343807, 52.7598549], [39.7360421, 52.75905809999999], [39.7363304, 52.7590852], [39.7388222, 52.7576831], [39.741769399999995, 52.75755929999999], [39.7425939, 52.7567369], [39.7422619, 52.75591399999999], [39.74227549999999, 52.7550188], [39.7420922, 52.7547563], [39.7417197, 52.7546186], [39.7410236, 52.7550199], [39.74051289999999, 52.75508250000001], [39.7397555, 52.7548815], [39.739597499999995, 52.75396479999999], [39.7390328, 52.75323060000001], [39.7392068, 52.75139659999999], [39.73971929999999, 52.7492343], [39.7410167, 52.7477972], [39.7410691, 52.747014199999995], [39.7402264, 52.74495700000001], [39.739145099999995, 52.744261699999996], [39.73833049999999, 52.7439508], [39.73580739999999, 52.743457500000005], [39.7352775, 52.7432055], [39.73469289999999, 52.74255070000001], [39.7346535, 52.741885], [39.7366473, 52.740213100000005], [39.737146599999996, 52.7394089], [39.736910099999996, 52.738667], [39.7357393, 52.7377966], [39.7319525, 52.73602970000001], [39.73104959999999, 52.7351849], [39.7305938, 52.73417189999999], [39.7306679, 52.733434200000005], [39.731350899999995, 52.73279809999998], [39.7322418, 52.73251170000001], [39.7337836, 52.7313964], [39.7345055, 52.7313166], [39.73584199999999, 52.7317389], [39.7371798, 52.7340081], [39.737710299999996, 52.7346191], [39.738264699999995, 52.73493159999999], [39.738870199999994, 52.73485769999999], [39.7392094, 52.7343992], [39.7389968, 52.7321011], [39.73949759999999, 52.73137], [39.7401339, 52.730987999999996], [39.7408846, 52.730948299999994], [39.741869799999996, 52.7311177], [39.7440965, 52.7312089], [39.7449539, 52.7308259], [39.745424699999994, 52.73033620000001], [39.7456461, 52.72990519999999], [39.74471449999999, 52.7294124], [39.7436885, 52.72906950000001], [39.741704199999994, 52.7286079], [39.7400664, 52.7278839], [39.738545699999996, 52.7269167], [39.73673999999999, 52.724644899999994], [39.7359131, 52.7228222], [39.7355206, 52.7224229], [39.73497249999999, 52.72204829999999], [39.7346716, 52.722002700000004], [39.73416389999999, 52.722128], [39.7340587, 52.7224348], [39.73434579999999, 52.7230514], [39.73444599999999, 52.723802199999994], [39.7344366, 52.72435019999999], [39.73369829999999, 52.72486239999999], [39.7324904, 52.7248727], [39.7311659, 52.7246831], [39.72913139999999, 52.724440699999995], [39.727657799999996, 52.7234719], [39.727187699999995, 52.7227999], [39.727432199999996, 52.722276], [39.728115, 52.7219128], [39.7304032, 52.721854599999986], [39.73074929999999, 52.72137670000001], [39.73041859999999, 52.720962], [39.7294005, 52.7198118], [39.7285001, 52.7191307], [39.727982299999994, 52.71876400000001], [39.7271247, 52.718481], [39.7256834, 52.71858579999999], [39.7242394, 52.718363499999995], [39.7232744, 52.7180277], [39.72276879999999, 52.7176291], [39.7233261, 52.7170745], [39.7241522, 52.7171005], [39.7254578, 52.71726459999999], [39.726291, 52.7171403], [39.72710279999999, 52.71663269999999], [39.7272822, 52.7162633], [39.7269426, 52.715801899999995], [39.726146, 52.7156999], [39.7239287, 52.716130199999995], [39.72245819999999, 52.7161524], [39.721390199999995, 52.715947799999995], [39.7206639, 52.7156909], [39.71843729999999, 52.71438359999999], [39.7108797, 52.712370799999995], [39.7097, 52.7125619], [39.7082875, 52.71357570000001], [39.7061533, 52.7148077], [39.705249699999996, 52.715078899999995], [39.7014265, 52.715385099999985], [39.699292699999994, 52.7153733], [39.696688, 52.7147586], [39.695648299999995, 52.7149016], [39.694987, 52.7153211], [39.6950532, 52.715885199999995], [39.6943563, 52.7167406], [39.69360919999999, 52.717265499999996], [39.6929084, 52.7174468], [39.69162980000001, 52.7173557], [39.6905015, 52.7169229], [39.6883767, 52.716945599999995], [39.686740799999995, 52.7167178], [39.6856264, 52.7163601], [39.684628, 52.71594869999999], [39.6841254, 52.715424799999994], [39.6836456, 52.71450920000001], [39.68250859999999, 52.713073], [39.681216299999996, 52.7120386], [39.6804914, 52.7110873], [39.6804214, 52.710161799999995], [39.6804988, 52.7100748], [39.6830552, 52.7064082], [39.685136799999995, 52.702398200000005], [39.68783849999999, 52.6962776], [39.68787579999999, 52.6961931], [39.688775, 52.69415559999999], [39.6914633, 52.689771], [39.692947399999994, 52.68813739999999], [39.6933441, 52.6877006], [39.6888119, 52.6871723], [39.6890311, 52.6865622], [39.68892799999999, 52.68638240000001], [39.685579499999996, 52.6863584], [39.6851357, 52.686312400000006], [39.6847252, 52.68637089999999], [39.68463199999999, 52.68694300000001], [39.6846786, 52.68726089999999], [39.6849932, 52.687451599999996], [39.684562099999994, 52.6881861], [39.6826744, 52.68804490000001], [39.68198689999999, 52.6881579], [39.680611899999995, 52.6894646], [39.6791787, 52.6894292], [39.686985799999995, 52.6819136], [39.6873936, 52.68233039999999], [39.688116099999995, 52.68250700000001], [39.6897124, 52.6821185], [39.690901, 52.67972369999999], [39.6920662, 52.6788053], [39.69275369999999, 52.6784945], [39.6940704, 52.6787558], [39.6930683, 52.68045130000001], [39.6949267, 52.680730100000005], [39.6948836, 52.68052109999999], [39.69522829999999, 52.68063870000001], [39.695486800000005, 52.68156599999999], [39.698972, 52.68260469999999], [39.70445360000001, 52.6759128], [39.70666320000001, 52.6688789], [39.70452259999999, 52.6680314], [39.7043284, 52.6681117], [39.7024946, 52.66887], [39.700399399999995, 52.66952289999999], [39.69843060000001, 52.6689147], [39.69781059999999, 52.6676676], [39.6994125, 52.665491], [39.7000886, 52.66405820000001], [39.6993876, 52.6640396], [39.6980984, 52.6640054], [39.69799569999999, 52.6637493], [39.695280399999994, 52.66358329999999], [39.6951434, 52.6649049], [39.69443059999999, 52.6650387], [39.690240599999996, 52.66519360000001], [39.6895551, 52.665219], [39.6879444, 52.6652785], [39.6882638, 52.6671743], [39.6883962, 52.667340300000006], [39.6894389, 52.668648], [39.689515699999994, 52.668800999999995], [39.69021179999999, 52.670086], [39.6903657, 52.6703724], [39.6903032, 52.6705054], [39.6900826, 52.6712889], [39.6899067, 52.671858199999996], [39.6896165, 52.672085200000005], [39.689553000000004, 52.672134899999996], [39.6889712, 52.6722525], [39.686655099999996, 52.6723909], [39.6859136, 52.672384], [39.6844856, 52.67223859999999], [39.684419, 52.672231799999985], [39.6858109, 52.667970000000004], [39.68607329999999, 52.6666554], [39.6863357, 52.6660465], [39.68546859999999, 52.665652099999996], [39.6799581, 52.6635763], [39.682460299999995, 52.6625063], [39.681573099999994, 52.6619498], [39.6743821, 52.6553081], [39.67746220000001, 52.6537403], [39.675101999999995, 52.6527667], [39.6727418, 52.6550647], [39.6714318, 52.65399089999999], [39.6635604, 52.653819], [39.64335669999999, 52.6624519], [39.647982799999994, 52.6666389], [39.64517409999999, 52.667841200000005], [39.638058, 52.67227099999999], [39.6299505, 52.6716269], [39.6213946, 52.6702959], [39.60628040000001, 52.67604860000001], [39.5917681, 52.6632166], [39.5870704, 52.6590043], [39.54968, 52.649034900000004], [39.5404107, 52.657596500000004], [39.53432769999999, 52.6578203], [39.5288735, 52.66070599999999], [39.524089599999996, 52.6610375], [39.51935679999999, 52.65808369999999], [39.51317829999999, 52.6545899], [39.49950799999999, 52.651108599999986], [39.4833801, 52.64724809999999], [39.48104709999999, 52.64839409999999], [39.44263629999999, 52.64873709999999], [39.4371384, 52.6630078], [39.440496, 52.66493770000001], [39.4422094, 52.668766], [39.447126299999994, 52.67392199999999], [39.4444643, 52.6767977], [39.4392341, 52.67969889999999], [39.4365659, 52.67917380000001], [39.4338488, 52.67934840000001], [39.4319202, 52.678877], [39.4296328, 52.6792724], [39.4282435, 52.6796204], [39.425084899999995, 52.67977499999999], [39.4236427, 52.68097569999998], [39.4237513, 52.6819552], [39.428171, 52.68401949999999], [39.4284777, 52.6856622], [39.4307979, 52.6873499], [39.4313463, 52.6893717], [39.43364759999999, 52.691206599999994], [39.44114209999999, 52.692853099999994], [39.4426154, 52.6943359], [39.4383181, 52.6958745], [39.4310605, 52.6999047], [39.42990369999999, 52.6997638], [39.42361729999999, 52.7038189], [39.41933149999999, 52.7076014], [39.4136023, 52.70608839999999], [39.4103279, 52.704188099999996], [39.4225854, 52.695403899999995], [39.419713599999994, 52.6916443], [39.4193723, 52.6904319], [39.4191735, 52.6858893], [39.4123403, 52.680453], [39.4105715, 52.6794359], [39.40568729999999, 52.677962699999995], [39.4129383, 52.67227079999999], [39.41141999999999, 52.6675694], [39.4133873, 52.66358919999998], [39.417872499999994, 52.664396700000005], [39.4373814, 52.6315647], [39.4288144, 52.63298530000001], [39.4265433, 52.63375390000001], [39.4244251, 52.6335366], [39.4083573, 52.636316], [39.39783059999999, 52.642139699999994], [39.38948049999999, 52.6457258], [39.3901414, 52.642379000000005], [39.390597699999994, 52.64234830000001], [39.3911655, 52.637775000000005], [39.3964949, 52.6324917], [39.39650389999999, 52.63064159999999], [39.39561979999999, 52.62943330000001], [39.3887371, 52.6278137], [39.3878804, 52.6283015], [39.3831706, 52.62757980000001], [39.3797669, 52.6267718], [39.389201299999996, 52.6260197], [39.3986719, 52.625130799999994], [39.3989081, 52.62473090000001], [39.40178199999999, 52.6245039], [39.40793179999999, 52.6240179], [39.40807469999999, 52.62430089999998], [39.416657199999996, 52.6235879], [39.4166323, 52.6232559], [39.419901200000005, 52.62287859999999], [39.422387099999995, 52.6223033], [39.4325853, 52.6164684], [39.42805169999999, 52.6043575], [39.427451999999995, 52.6038754], [39.42692999999999, 52.6033073], [39.4269642, 52.60277889999999], [39.4268461, 52.6025128], [39.4253655, 52.6015399], [39.4252567, 52.601222899999996], [39.42533279999999, 52.601038900000006], [39.4245133, 52.6006827], [39.428663099999994, 52.5985028], [39.4284868, 52.5983551], [39.42967999999999, 52.59769639999998], [39.4266224, 52.5952785], [39.4279834, 52.5947142], [39.4311156, 52.5967329], [39.4315397, 52.5965149], [39.433028099999994, 52.597526499999994], [39.43384689999999, 52.597119799999994], [39.4339495, 52.5971236], [39.433957199999995, 52.5971], [39.4363033, 52.5959307], [39.4362722, 52.595911799999996], [39.43631880000001, 52.5958863], [39.436310999999996, 52.595856100000006], [39.4361215, 52.59570039999999], [39.4360593, 52.5956844], [39.4360065, 52.5957127], [39.434866099999994, 52.5948312], [39.4363203, 52.5940724], [39.433296899999995, 52.5925265], [39.43473869999999, 52.591935600000006], [39.4357859, 52.5915826], [39.4361153, 52.59151659999999], [39.436752299999995, 52.59155049999999], [39.435955199999995, 52.59032919999999], [39.4337723, 52.58608720000001], [39.4313269, 52.5813804], [39.4292605, 52.58177499999999], [39.4288255, 52.58101220000001], [39.4212622, 52.5829079], [39.4199261, 52.5812501], [39.41914299999999, 52.578365], [39.4186086, 52.5769903], [39.4181673, 52.57603480000001], [39.416681999999994, 52.5741842], [39.4174961, 52.57418800000001], [39.4178193, 52.574372999999994], [39.4181145, 52.57485819999999], [39.41985540000001, 52.57466010000001], [39.4206314, 52.5743806], [39.4211845, 52.5743579], [39.422301299999994, 52.5746088], [39.4237605, 52.574526], [39.4244498, 52.57460300000001], [39.4252396, 52.5739859], [39.4259485, 52.5739049], [39.4264235, 52.57362520000001], [39.4275516, 52.5736399], [39.4283656, 52.573211599999986], [39.42971210000001, 52.5729348], [39.430065299999995, 52.572947299999996], [39.4311156, 52.57321350000001], [39.4318689, 52.573181299999995], [39.4325108, 52.57286609999999], [39.4326257, 52.5724978], [39.432544299999996, 52.5721986], [39.4324673, 52.5719785], [39.4317798, 52.57173629999999], [39.4323057, 52.5715025], [39.4336076, 52.5713552], [39.4339151, 52.570962300000005], [39.433729, 52.5700954], [39.434191799999994, 52.56959509999999], [39.43575800000001, 52.5689441], [39.4372339, 52.5691682], [39.4378205, 52.56918650000001], [39.43932559999999, 52.56808710000001], [39.4395939, 52.567904699999985], [39.4397906, 52.56739110000001], [39.439899999999994, 52.56711520000001], [39.4405482, 52.56653060000001], [39.44326259999999, 52.56722839999999], [39.4444059, 52.5671303], [39.4452384, 52.56684889999998], [39.4453627, 52.566790399999995], [39.4462234, 52.56643530000001], [39.4472209, 52.56588940000001], [39.4477221, 52.5656958], [39.44903399999999, 52.5685351], [39.4501977, 52.570628099999986], [39.452715999999995, 52.575116699999995], [39.4597459, 52.5733176], [39.46248719999999, 52.5710229], [39.46319319999999, 52.570723599999994], [39.4639042, 52.5706725], [39.4664465, 52.5686468], [39.4678495, 52.566411], [39.46890929999999, 52.56547309999999], [39.4689846, 52.56488459999999], [39.469254, 52.5644477], [39.4699551, 52.564361399999996], [39.470466, 52.5640492], [39.4711963, 52.5641117], [39.47181849999999, 52.5637952], [39.4716875, 52.5631748], [39.47210499999999, 52.562939099999994], [39.472731499999995, 52.563017300000006], [39.4734559, 52.56339700000001], [39.4732373, 52.563927199999995], [39.4733942, 52.5640999], [39.47434959999999, 52.5640616], [39.4748622, 52.5636199], [39.4750273, 52.562946499999995], [39.475254299999996, 52.562858399999996], [39.475878200000004, 52.562974], [39.4766831, 52.5633547], [39.477053, 52.5640615], [39.4774288, 52.5641475], [39.477711299999996, 52.56419099999999], [39.4784989, 52.5640693], [39.4794303, 52.5631967], [39.4801326, 52.563182799999986], [39.48073939999999, 52.56357159999999], [39.480902699999994, 52.5634866], [39.48126919999999, 52.5636653], [39.48166869999999, 52.563624700000005], [39.481801499999996, 52.5636272], [39.4818489, 52.5634746], [39.481811699999994, 52.5630854], [39.48194149999999, 52.56281319999999], [39.481696199999995, 52.562623], [39.4818213, 52.56228879999999], [39.4827578, 52.5619719], [39.4830066, 52.56191849999999], [39.4833451, 52.5619814], [39.48377519999999, 52.5620823], [39.4840629, 52.56200400000001], [39.4846937, 52.56166679999998], [39.4848056, 52.5615422], [39.485065, 52.5611748], [39.4852484, 52.561099199999994], [39.48540369999999, 52.561091699999984], [39.4857922, 52.5610048], [39.4860227, 52.56084069999999], [39.4861277, 52.56058159999999], [39.4861557, 52.5604059], [39.48626759999999, 52.56026620000001], [39.4871718, 52.55984490000001], [39.487533, 52.559557], [39.4877342, 52.559161100000004], [39.48818060000001, 52.55870829999999], [39.489211, 52.55812939999999], [39.489853399999994, 52.55882359999998], [39.490423799999995, 52.56090269999999], [39.4962702, 52.56240209999999], [39.5001329, 52.56371599999999], [39.5018324, 52.5655273], [39.50844839999999, 52.563872], [39.50898049999999, 52.5664652], [39.50934259999999, 52.56758920000001], [39.5097712, 52.5680346], [39.51015639999999, 52.56825599999999], [39.51169099999999, 52.56898309999998], [39.5148809, 52.57037549999999], [39.51655509999999, 52.570889799999996], [39.52236369999999, 52.57225420000001], [39.5279877, 52.57360980000001], [39.5332285, 52.57700479999998], [39.5343679, 52.577405999999996], [39.534748699999994, 52.5774823], [39.53501140000001, 52.5774569], [39.535374499999996, 52.5773388], [39.552447, 52.5623695], [39.5509225, 52.5615735], [39.54988699999999, 52.560584899999995], [39.5492788, 52.559046900000006], [39.5490455, 52.558093899999996], [39.5488509, 52.5559831], [39.549440499999996, 52.554279400000006], [39.5493289, 52.5536613], [39.548622699999996, 52.5543393], [39.5473738, 52.55515630000001], [39.54571359999999, 52.5559357], [39.5436878, 52.55597970000001], [39.541691, 52.5561469], [39.5406492, 52.55702659999999], [39.5397516, 52.557476199999996], [39.5388188, 52.5566527], [39.5380018, 52.55614570000001], [39.5368701, 52.5549771], [39.5357179, 52.5544816], [39.5333059, 52.5543126], [39.5306363, 52.5547657], [39.5309112, 52.55509999999999], [39.5297687, 52.55546710000001], [39.52866039999999, 52.55620139999999], [39.5293405, 52.5571691], [39.528617, 52.557644199999984], [39.52775609999999, 52.557477], [39.527239, 52.5582743], [39.5280672, 52.5588141], [39.5262223, 52.56016], [39.5263293, 52.56026], [39.526620199999996, 52.5604327], [39.52660649999999, 52.56056209999999], [39.526502199999996, 52.56071330000001], [39.5262467, 52.56080359999999], [39.52594559999999, 52.5608153], [39.525827699999994, 52.5607818], [39.52553499999999, 52.5606357], [39.5252673, 52.561154], [39.5253557, 52.5613023], [39.524802, 52.5617744], [39.524208599999994, 52.5615256], [39.523737999999994, 52.561911300000006], [39.5238812, 52.5621103], [39.5236684, 52.56227109999999], [39.5238403, 52.56248969999999], [39.5240301, 52.56256139999999], [39.52422909999999, 52.562782], [39.523431, 52.563161400000006], [39.5226637, 52.5632982], [39.5220498, 52.5627758], [39.5214768, 52.56290640000001], [39.52098569999999, 52.56244619999998], [39.520699199999996, 52.562639000000004], [39.520249, 52.562259600000004], [39.5195932, 52.56259250000001], [39.518806399999995, 52.5624835], [39.51740070000001, 52.562172200000006], [39.5155977, 52.56087039999999], [39.5154197, 52.56080409999999], [39.512958399999995, 52.5568178], [39.513486, 52.5567112], [39.512473, 52.5551871], [39.5120126, 52.55530530000001], [39.5111375, 52.554040500000006], [39.51178199999999, 52.5538232], [39.5115923, 52.5535964], [39.5119709, 52.5534815], [39.51177119999999, 52.55318979999999], [39.51161849999999, 52.55296679999999], [39.5115595, 52.5528547], [39.51220299999999, 52.55115800000001], [39.51187019999999, 52.55106999999999], [39.5110599, 52.55053770000001], [39.510911199999995, 52.5500558], [39.51137099999999, 52.549886599999994], [39.512108999999995, 52.549868999999994], [39.512695, 52.54997900000001], [39.5128035, 52.5504145], [39.5137847, 52.55033579999999], [39.5141409, 52.5497156], [39.5145471, 52.5495611], [39.51474869999999, 52.5497156], [39.515066999999995, 52.5496364], [39.51515479999999, 52.54898909999999], [39.5154143, 52.54856300000001], [39.5155738, 52.54744590000001], [39.51603639999999, 52.54740150000001], [39.51775829999999, 52.54672399999998], [39.5184529, 52.5467504], [39.5193644, 52.5458529], [39.5199288, 52.545650499999994], [39.5202951, 52.544913599999994], [39.5245028, 52.5449663], [39.5250944, 52.5455273], [39.5249063, 52.546706400000005], [39.5264134, 52.5469532], [39.5295467, 52.5452031], [39.5313597, 52.5489413], [39.5342317, 52.55159379999999], [39.53505489999999, 52.5534051], [39.5489805, 52.550720399999996], [39.5478731, 52.54914870000001], [39.545555, 52.547059399999995], [39.54343389999999, 52.545716000000006], [39.54336099999999, 52.5447908], [39.54284599999999, 52.54420749999999], [39.5409223, 52.5441475], [39.5399331, 52.543855199999996], [39.53977749999999, 52.5432902], [39.5406691, 52.5428386], [39.5427762, 52.542199200000006], [39.5428127, 52.54139270000001], [39.542405, 52.5400733], [39.54119479999999, 52.5389946], [39.54052, 52.53899659999999], [39.5390394, 52.54068010000001], [39.5380888, 52.541331299999996], [39.5371651, 52.54120869999999], [39.5356448, 52.540164000000004], [39.535648, 52.5393346], [39.5364387, 52.5374291], [39.53582719999999, 52.5361507], [39.5347704, 52.534376299999984], [39.535442, 52.533726299999984], [39.5338799, 52.53296660000001], [39.53287999999999, 52.531974600000005], [39.534049399999994, 52.53129839999998], [39.5339765, 52.53068360000001], [39.533429299999995, 52.5303194], [39.5315625, 52.5305922], [39.5311397, 52.5301393], [39.531124299999995, 52.52967179999999], [39.531053899999996, 52.5275272], [39.5329937, 52.5256525], [39.5327416, 52.5221308], [39.5335664, 52.520603799999996], [39.53687829999999, 52.5205907], [39.5401692, 52.51956059999999], [39.542569799999995, 52.51760769999999], [39.543161899999994, 52.51559879999999], [39.542805699999995, 52.5137871], [39.54318899999999, 52.51338569999999], [39.54425169999999, 52.5126779], [39.5454603, 52.51176130000001], [39.54660059999999, 52.51056739999999], [39.5489032, 52.5095778], [39.5518827, 52.50827949999999], [39.5523725, 52.5077429], [39.5536196, 52.50691719999998], [39.5565439, 52.505185999999995], [39.5588199, 52.50047129999999], [39.567210599999996, 52.4915368], [39.56947739999999, 52.48246609999999], [39.566311899999995, 52.4806442], [39.56972089999999, 52.4791824], [39.57189499999999, 52.4773815], [39.571773199999996, 52.476767099999996], [39.5721211, 52.476311499999994], [39.5721037, 52.475792399999996], [39.5725139, 52.4755995], [39.5730951, 52.475326300000006], [39.573182, 52.4749767], [39.572695, 52.4740974], [39.5732516, 52.472879], [39.5730429, 52.47254], [39.5758953, 52.4725294], [39.5820028, 52.467531300000005], [39.5804865, 52.464520499999985], [39.57819949999999, 52.4632334], [39.5766667, 52.4604523], [39.57702359999999, 52.4596181], [39.57238889999999, 52.4545799], [39.5696132, 52.453108799999995], [39.5663599, 52.45207310000001], [39.561408099999994, 52.4480154], [39.5608581, 52.44777479999999], [39.5574901, 52.4470748], [39.5527734, 52.4430862], [39.5477131, 52.43849379999999], [39.5449763, 52.436411099999994], [39.541633499999996, 52.434700400000004], [39.53937739999999, 52.434244199999995], [39.53643679999999, 52.4329558], [39.5343882, 52.43172820000001], [39.532308199999996, 52.4310512], [39.53071789999999, 52.430673], [39.52829109999999, 52.4302186], [39.5261108, 52.4304263], [39.5246347, 52.4315346], [39.5232805, 52.43386269999999], [39.52176779999999, 52.4355213], [39.5218288, 52.436183299999996], [39.52121879999999, 52.4368824], [39.5194865, 52.4368378], [39.518768099999996, 52.43729110000001], [39.51761249999999, 52.43854659999999], [39.5172354, 52.4388418], [39.5164364, 52.4394382], [39.5123924, 52.4400048], [39.5087965, 52.4400406], [39.50295119999999, 52.440541599999996], [39.5017259, 52.4408681], [39.50285339999999, 52.442022599999994], [39.50438449999999, 52.4426266], [39.503473, 52.4432849], [39.50099449999999, 52.443742099999994], [39.4987116, 52.444298700000004], [39.49793609999999, 52.4442816], [39.4978148, 52.44377200000001], [39.49835289999999, 52.442042499999985], [39.4982061, 52.440819899999994], [39.4977985, 52.4396072], [39.4966733, 52.43946809999999], [39.4960537, 52.4395575], [39.495613399999996, 52.440173800000004], [39.4957439, 52.4414064], [39.4955319, 52.44262890000001], [39.49478179999999, 52.44363280000001], [39.49390129999999, 52.4438117], [39.4933795, 52.443622899999994], [39.4924501, 52.4423506], [39.492042399999995, 52.4411877], [39.4912923, 52.44052169999999], [39.48943340000001, 52.440472], [39.488292, 52.44011419999999], [39.48708529999999, 52.43913010000001], [39.4853705, 52.436044300000006], [39.4841527, 52.4358201], [39.48237340000001, 52.4358238], [39.48077909999999, 52.436060399999995], [39.4794359, 52.4363662], [39.4796699, 52.435814], [39.48160959999999, 52.43521160000001], [39.476558999999995, 52.4300124], [39.475082799999996, 52.42853209999999], [39.4751438, 52.427513], [39.479885100000004, 52.42075839999999], [39.48319759999999, 52.42164229999999], [39.4893396, 52.4241253], [39.4869854, 52.42888210000001], [39.4926006, 52.4305245], [39.5042204, 52.430478199999996], [39.50988829999999, 52.431291], [39.512404, 52.43169939999999], [39.514987299999994, 52.432324699999995], [39.5192323, 52.4326045], [39.522368, 52.4302677], [39.5232264, 52.429620799999995], [39.52364479999999, 52.42911579999999], [39.5245246, 52.428551699999986], [39.5260473, 52.428159799999996], [39.527587, 52.4279455], [39.5286998, 52.4275378], [39.5304479, 52.4270001], [39.53257309999999, 52.4268961], [39.5325849, 52.4227638], [39.532069, 52.4211091], [39.530261499999995, 52.41748489999999], [39.5399013, 52.417247999999994], [39.541844, 52.4135464], [39.54328720000001, 52.411413399999994], [39.5445269, 52.4086707], [39.5548512, 52.3920306], [39.5516503, 52.3890497], [39.54833839999999, 52.3872768], [39.5461921, 52.3869945], [39.5434907, 52.3858313], [39.5408264, 52.38467949999999], [39.53712589999999, 52.38297419999999], [39.5320007, 52.38079450000001], [39.5304835, 52.38192389999999], [39.52569139999999, 52.379461799999994], [39.526560999999994, 52.3786937], [39.5250253, 52.3780838], [39.52395219999999, 52.378343599999994], [39.5193081, 52.37690919999999], [39.5156446, 52.376457300000006], [39.5127582, 52.3764235], [39.5091318, 52.3762089], [39.509372299999995, 52.37789180000001], [39.5061529, 52.378219400000006], [39.505153799999995, 52.37853559999999], [39.5040806, 52.37932620000001], [39.50393259999999, 52.37706730000001], [39.50230440000001, 52.3755198], [39.499529, 52.37472919999999], [39.49257209999999, 52.3757006], [39.4896117, 52.375678], [39.48963019999999, 52.37413049999999], [39.4888901, 52.3730122], [39.4875025, 52.3726281], [39.4854302, 52.372695900000004], [39.485337699999995, 52.37198419999999], [39.47829349999999, 52.3710469], [39.47703949999999, 52.3707078], [39.4749255, 52.3708062], [39.4711276, 52.37138590000001], [39.4707872, 52.37210780000001], [39.4709188, 52.3723935], [39.4712709, 52.3731578], [39.4711813, 52.373485900000006], [39.47162920000001, 52.3746999], [39.470822999999996, 52.3748749], [39.46901359999999, 52.3759577], [39.4723458, 52.3760452], [39.47524799999999, 52.37807930000001], [39.4783473, 52.379162], [39.4823781, 52.3776856], [39.48096279999999, 52.37930409999999], [39.48304089999999, 52.3806711], [39.4826468, 52.38373289999999], [39.4837038, 52.384061], [39.4865164, 52.3840282], [39.4883895, 52.383386800000004], [39.496615899999995, 52.3843529], [39.5013141, 52.3835252], [39.5049604, 52.3846422], [39.49829009999999, 52.3871344], [39.497921999999996, 52.38717439999999], [39.4934495, 52.39021670000001], [39.4924064, 52.390775], [39.4917126, 52.3904469], [39.489960599999996, 52.3902457], [39.4864985, 52.39046820000001], [39.483286, 52.3903922], [39.481426299999995, 52.3905633], [39.4788244, 52.391251399999994], [39.476239799999995, 52.3922994], [39.4732563, 52.392564], [39.47216349999999, 52.3924476], [39.47107069999999, 52.3919606], [39.4709126, 52.39157879999999], [39.470272699999995, 52.39105020000001], [39.4694054, 52.388710700000004], [39.466847, 52.3860231], [39.466161699999994, 52.3841583], [39.465364199999996, 52.3832357], [39.464947499999994, 52.3829408], [39.4640572, 52.3829106], [39.4633169, 52.383459599999995], [39.4622588, 52.384581799999985], [39.4601079, 52.3872815], [39.458529399999996, 52.38838249999999], [39.45765529999999, 52.3889359], [39.4563438, 52.3893353], [39.4543567, 52.3896225], [39.45318679999999, 52.3894941], [39.451747, 52.3886578], [39.449335899999994, 52.3869216], [39.4486941, 52.3868581], [39.4469595, 52.3868581], [39.445172799999995, 52.386328699999986], [39.4446871, 52.3861487], [39.44392390000001, 52.3858205], [39.44319539999999, 52.3858205], [39.44272699999999, 52.386011100000005], [39.4423454, 52.3862017], [39.442119899999994, 52.3864452], [39.442276, 52.3873239], [39.44210019999999, 52.38872009999999], [39.442718799999994, 52.389691000000006], [39.4431667, 52.3907289], [39.442965, 52.39159349999999], [39.44234289999999, 52.3919104], [39.44136879999999, 52.39216660000001], [39.4401931, 52.3923409], [39.439051000000006, 52.3915721], [39.4386311, 52.3906189], [39.4379929, 52.3884357], [39.437522599999994, 52.386047299999994], [39.4371681, 52.385610699999994], [39.43577590000001, 52.385586], [39.43509339999999, 52.3855953], [39.4363058, 52.382327599999996], [39.43680969999999, 52.3797037], [39.4347155, 52.377838999999994], [39.433676299999995, 52.37664709999999], [39.4298972, 52.37646439999999], [39.42718889999999, 52.3770316], [39.4260552, 52.3775987], [39.4238823, 52.3774545], [39.4193475, 52.3744265], [39.4182165, 52.374004899999996], [39.417284699999996, 52.3736575], [39.4166391, 52.3722828], [39.416888199999995, 52.3713439], [39.417579599999996, 52.3716802], [39.4187448, 52.3718879], [39.41950599999999, 52.37178049999999], [39.4208793, 52.3710452], [39.42168449999999, 52.370738300000006], [39.4223797, 52.3706892], [39.4228319, 52.3706898], [39.4231656, 52.370922699999994], [39.4231876, 52.37142800000001], [39.42249879999999, 52.3726369], [39.422515399999995, 52.3730378], [39.423075, 52.373266], [39.4265066, 52.3734445], [39.4270564, 52.3732526], [39.4274437, 52.37280979999999], [39.4274502, 52.3723785], [39.42734829999999, 52.37167829999999], [39.42778379999999, 52.3705408], [39.4286148, 52.3696162], [39.428580499999995, 52.3688628], [39.4280043, 52.3685263], [39.426693199999995, 52.368545], [39.4264035, 52.3687218], [39.4262053, 52.3694293], [39.42533629999999, 52.3695782], [39.4247417, 52.3695596], [39.42413179999999, 52.369336200000006], [39.4236592, 52.368898699999995], [39.423461, 52.3679492], [39.4238726, 52.36741860000001], [39.4242843, 52.366617999999995], [39.4244215, 52.36483990000001], [39.42496359999999, 52.3640511], [39.4254735, 52.363862299999994], [39.426327199999996, 52.3637972], [39.42698279999999, 52.364123], [39.4276574, 52.3649675], [39.4282232, 52.36567579999999], [39.42835089999999, 52.36572900000001], [39.4295899, 52.36624510000001], [39.4299468, 52.36630069999999], [39.43099060000001, 52.3664633], [39.4322199, 52.3663498], [39.433006, 52.3661142], [39.4334062, 52.365834899999996], [39.4334205, 52.3655294], [39.4333633, 52.36483990000001], [39.43250569999999, 52.3640195], [39.4313858, 52.3640519], [39.4326516, 52.36067289999999], [39.4373292, 52.3525898], [39.4374399, 52.3523583], [39.4386696, 52.34840320000001], [39.4407532, 52.34597309999999], [39.432644, 52.34408659999999], [39.43322779999999, 52.3425092], [39.4342487, 52.34086629999999], [39.434552599999996, 52.3403771], [39.4348237, 52.3399408], [39.4381193, 52.3382523], [39.437169499999996, 52.3368379], [39.43713569999999, 52.336787599999994], [39.43531109999999, 52.33696100000001], [39.43518949999999, 52.3365399], [39.4347415, 52.33614180000001], [39.4342974, 52.3357471], [39.4340744, 52.33396319999999], [39.434925199999995, 52.3338875], [39.4280727, 52.323236], [39.4521369, 52.31784700000001], [39.4525995, 52.30141020000001]]]]}}, {"type": "Feature", "properties": {"id": "mo-42606000", "name": "Грязинский муниципальный район", "region": "Липецкая область", "isCity": false, "sourceOktmo": "42-606-000-000", "sourceAgg": "Липецк", "excelNames": ["Грязинский муниципальный район"], "oktmo": "42606000", "vgp": [{"year": 2019, "value": 46603696.00232945}, {"year": 2020, "value": 49181107.681498595}, {"year": 2021, "value": 66370702.59502789}, {"year": 2022, "value": 67980494.98235889}, {"year": 2023, "value": 82752474.23995547}, {"year": 2024, "value": 85680497.05763428}], "population": [{"year": 2019, "value": 79329.0}, {"year": 2020, "value": 79548.0}, {"year": 2021, "value": 79012.0}, {"year": 2022, "value": 78431.0}, {"year": 2023, "value": 77162.0}, {"year": 2024, "value": 77383.0}, {"year": 2025, "value": 77322.0}], "shipments": [{"year": 2019, "value": 37429005.4}, {"year": 2020, "value": 43452719.0}, {"year": 2021, "value": 57445550.0}, {"year": 2022, "value": 66016255.2}, {"year": 2023, "value": 78449441.9}, {"year": 2024, "value": 90203207.9}], "employees": [{"year": 2019, "value": 15176.0}, {"year": 2020, "value": 15423.0}, {"year": 2021, "value": 15387.0}, {"year": 2022, "value": 15308.0}, {"year": 2023, "value": 14904.0}, {"year": 2024, "value": 14662.0}], "investments": [{"year": 2019, "value": 0.0}, {"year": 2020, "value": 0.0}, {"year": 2021, "value": 0.0}, {"year": 2022, "value": 8401965.0}, {"year": 2023, "value": 12307772.0}, {"year": 2024, "value": 15848550.0}], "vgp2024": 85680497.05763428, "pop2024": 77383.0, "ship2024": 90203207.9, "emp2024": 14662.0, "inv2024": 15848550.0}, "geometry": {"type": "MultiPolygon", "coordinates": [[[[39.8083634, 52.5424298], [39.8090143, 52.54301319999999], [39.81040169999999, 52.5441937], [39.8085999, 52.545120399999995], [39.8053393, 52.54719379999999], [39.806569800000005, 52.54796749999999], [39.810549, 52.54599950000001], [39.8113287, 52.546708], [39.80816659999999, 52.5482174], [39.80755479999999, 52.5478629], [39.8039777, 52.54984679999999], [39.8036813, 52.5497324], [39.802426499999996, 52.55049919999998], [39.8025038, 52.5506116], [39.7983238, 52.55339709999999], [39.7960928, 52.554804299999994], [39.7974097, 52.555570899999985], [39.80075339999999, 52.5535663], [39.80224909999999, 52.5543409], [39.80362029999999, 52.5557686], [39.79290279999999, 52.56294059999999], [39.791565899999995, 52.562675299999995], [39.79078729999999, 52.56320190000001], [39.79071309999999, 52.5635818], [39.785213, 52.5672926], [39.780964299999994, 52.5649314], [39.77472589999999, 52.5661637], [39.7736227, 52.5648759], [39.774211099999995, 52.5643391], [39.7825465, 52.5630361], [39.7829013, 52.5635908], [39.784952000000004, 52.56302889999999], [39.7768686, 52.558345], [39.786874899999994, 52.55308289999999], [39.7864617, 52.5527311], [39.7871607, 52.5520663], [39.78400599999999, 52.5496184], [39.785188999999995, 52.5487313], [39.78463339999999, 52.54815359999999], [39.78590419999999, 52.5474719], [39.780654199999994, 52.546921899999994], [39.77922029999999, 52.5473797], [39.7780732, 52.54690010000001], [39.76826919999999, 52.5457549], [39.76543579999999, 52.5434932], [39.7656604, 52.54178319999998], [39.7661309, 52.54120000000001], [39.76556159999999, 52.540717199999996], [39.75663289999999, 52.54410219999998], [39.75111309999999, 52.5464466], [39.748783599999996, 52.547328], [39.7482181, 52.5477599], [39.7475606, 52.54804769999999], [39.748007699999995, 52.54842360000001], [39.7453907, 52.549967], [39.7454959, 52.5502468], [39.73538299999999, 52.556627600000006], [39.7346334, 52.5560999], [39.73343679999999, 52.5568293], [39.73409839999999, 52.55722099999999], [39.7346992, 52.5569154], [39.7353176, 52.557317299999994], [39.7354619, 52.5574111], [39.7346992, 52.557842900000004], [39.73330519999999, 52.55699539999999], [39.73198599999999, 52.55759909999998], [39.732747499999995, 52.558244699999996], [39.731339, 52.5588868], [39.735553499999995, 52.5620802], [39.7344172, 52.56274309999999], [39.73438779999999, 52.564050399999985], [39.73504200000001, 52.5643118], [39.7345669, 52.564490500000005], [39.7344715, 52.56452639999999], [39.7337546, 52.56442349999999], [39.73208579999999, 52.5643518], [39.72577149999999, 52.5755704], [39.7248727, 52.5765338], [39.723787099999996, 52.577239], [39.715113499999994, 52.580900299999996], [39.7128455, 52.5787991], [39.7101039, 52.576593599999995], [39.709136, 52.5745136], [39.70480369999999, 52.577653899999994], [39.7051894, 52.57764029999999], [39.7049075, 52.5780821], [39.6993617, 52.581809], [39.69724659999999, 52.58309419999999], [39.6953053, 52.58468739999999], [39.6937957, 52.586436], [39.6928279, 52.5875569], [39.6900753, 52.5931985], [39.690017399999995, 52.604813799999995], [39.69056789999999, 52.606503], [39.69271199999999, 52.60981099999999], [39.6928591, 52.610249800000005], [39.6926991, 52.6122935], [39.69167829999999, 52.6151358], [39.6894433, 52.6202819], [39.6837906, 52.6254217], [39.67717939999999, 52.62840450000001], [39.6777452, 52.629568899999995], [39.6784703, 52.6301558], [39.68047919999999, 52.6309531], [39.6850688, 52.631806600000004], [39.686073199999996, 52.6322755], [39.68832939999999, 52.6333447], [39.69124999999999, 52.635970699999994], [39.69184409999999, 52.6375911], [39.69203279999999, 52.6393607], [39.6926234, 52.639728699999985], [39.6946024, 52.6417722], [39.6959288, 52.6435098], [39.7040326, 52.64128], [39.7174775, 52.63752839999999], [39.71872870000001, 52.6406167], [39.7186758, 52.6427621], [39.7167494, 52.64399649999999], [39.72048509999999, 52.645323699999985], [39.7226725, 52.6451216], [39.72535499999999, 52.64511619999999], [39.729252699999996, 52.6462904], [39.73114309999999, 52.6460556], [39.7334655, 52.6473117], [39.735031199999995, 52.64843179999999], [39.7355266, 52.64827], [39.74014749999999, 52.6467608], [39.7410417, 52.6448902], [39.743177, 52.6434712], [39.7482903, 52.641928699999994], [39.748667999999995, 52.641637800000005], [39.7508469, 52.640994299999996], [39.75498689999999, 52.6405712], [39.7555098, 52.640421399999994], [39.75568619999999, 52.640297299999986], [39.764530699999995, 52.6408974], [39.7690193, 52.64106480000001], [39.77183349999999, 52.6411998], [39.7723603, 52.6411265], [39.7726916, 52.6412212], [39.7743214, 52.6414967], [39.775222, 52.641761200000005], [39.7756384, 52.64183740000001], [39.779984799999994, 52.642663500000005], [39.7816281, 52.6429335], [39.7845747, 52.643553299999994], [39.784896499999995, 52.643621], [39.7886298, 52.644229200000005], [39.7921597, 52.6430393], [39.795311899999994, 52.64153199999999], [39.79675, 52.6417083], [39.8043908, 52.64214019999999], [39.80430359999999, 52.64289819999999], [39.80453609999999, 52.64320669999999], [39.8042455, 52.65178209999999], [39.8013984, 52.6520289], [39.8013867, 52.6526201], [39.8013839, 52.6527603], [39.7898064, 52.6547959], [39.7947163, 52.666012], [39.7949051, 52.6664965], [39.795297299999994, 52.666752], [39.79613989999999, 52.668725300000006], [39.80747740000001, 52.667556299999994], [39.8084326, 52.670384799999994], [39.805785099999994, 52.67110069999999], [39.80126009999999, 52.670713500000005], [39.8012801, 52.6723038], [39.80158459999999, 52.6740069], [39.8000525, 52.6740903], [39.8002052, 52.6749126], [39.79734200000001, 52.6751859], [39.795871899999995, 52.6758151], [39.7976721, 52.67875349999999], [39.772462, 52.6788457], [39.7713247, 52.6774043], [39.7642741, 52.6719326], [39.753031, 52.6612711], [39.75245579999999, 52.6608441], [39.7506411, 52.66071180000001], [39.7487301, 52.664512], [39.741679399999995, 52.6633092], [39.7416397, 52.663694099999994], [39.7357493, 52.6656367], [39.73795079999999, 52.67174649999998], [39.739825, 52.6721254], [39.741421599999995, 52.6720472], [39.74179840000001, 52.6724982], [39.7419273, 52.67358050000001], [39.73700869999999, 52.6744464], [39.73761729999999, 52.67527400000001], [39.73852279999999, 52.6764078], [39.74684589999999, 52.68657259999999], [39.741362099999996, 52.6870415], [39.73143559999999, 52.6870415], [39.7321198, 52.6907381], [39.7210331, 52.694079900000006], [39.72222909999999, 52.7016765], [39.721409799999996, 52.70169980000001], [39.7227288, 52.703352599999995], [39.72137029999999, 52.703815199999994], [39.721705199999995, 52.7045587], [39.723477, 52.7043166], [39.723712500000005, 52.70527229999999], [39.7239276, 52.7057936], [39.72608859999999, 52.7056508], [39.728208599999995, 52.705067499999984], [39.7345072, 52.7047138], [39.7359513, 52.70455249999999], [39.7395359, 52.70453380000001], [39.74011349999999, 52.7062766], [39.74258429999999, 52.70630760000001], [39.7437877, 52.70652479999999], [39.7439542, 52.70785889999999], [39.739281399999996, 52.7079365], [39.736593, 52.7083863], [39.7302432, 52.70847169999998], [39.7303712, 52.7089913], [39.7292958, 52.7092318], [39.72842529999999, 52.708913800000005], [39.7283485, 52.7086888], [39.7270939, 52.7088983], [39.7263129, 52.7089681], [39.725327199999995, 52.7091232], [39.7248023, 52.7102246], [39.7236117, 52.71079079999999], [39.7228948, 52.7109149], [39.7223315, 52.7107985], [39.722318699999995, 52.7095808], [39.7216914, 52.70885950000001], [39.7212433, 52.7088983], [39.71988629999999, 52.70858799999999], [39.7186701, 52.7087974], [39.7184397, 52.7093326], [39.7177612, 52.709867800000005], [39.7173899, 52.7093016], [39.716314499999996, 52.7095731], [39.7154568, 52.70963509999999], [39.7124739, 52.7103409], [39.711431, 52.7106531], [39.71070379999999, 52.7115983], [39.709579899999994, 52.712135], [39.7083899, 52.7125675], [39.7075569, 52.713352500000006], [39.706975199999995, 52.71364090000001], [39.7039605, 52.71408139999999], [39.7029953, 52.71466610000001], [39.701197099999995, 52.71474619999999], [39.6999939, 52.7145059], [39.7013426, 52.71291999999999], [39.6995179, 52.7114461], [39.698671700000006, 52.71082129999999], [39.697851899999996, 52.7098138], [39.69658199999999, 52.709003], [39.6936461, 52.70763790000001], [39.6929496, 52.70685189999999], [39.692184899999994, 52.70597489999999], [39.6915718, 52.70427], [39.69088769999999, 52.70236729999999], [39.690087299999995, 52.7023716], [39.685136799999995, 52.702398200000005], [39.6830552, 52.7064082], [39.6804988, 52.7100748], [39.6804214, 52.710161799999995], [39.6804914, 52.7110873], [39.681216299999996, 52.7120386], [39.68250859999999, 52.713073], [39.6836456, 52.71450920000001], [39.6841254, 52.715424799999994], [39.684628, 52.71594869999999], [39.6856264, 52.7163601], [39.686740799999995, 52.7167178], [39.6883767, 52.716945599999995], [39.6905015, 52.7169229], [39.69162980000001, 52.7173557], [39.6929084, 52.7174468], [39.69360919999999, 52.717265499999996], [39.6943563, 52.7167406], [39.6950532, 52.715885199999995], [39.694987, 52.7153211], [39.695648299999995, 52.7149016], [39.696688, 52.7147586], [39.699292699999994, 52.7153733], [39.7014265, 52.715385099999985], [39.705249699999996, 52.715078899999995], [39.7061533, 52.7148077], [39.7082875, 52.71357570000001], [39.7097, 52.7125619], [39.7108797, 52.712370799999995], [39.71843729999999, 52.71438359999999], [39.7206639, 52.7156909], [39.721390199999995, 52.715947799999995], [39.72245819999999, 52.7161524], [39.7239287, 52.716130199999995], [39.726146, 52.7156999], [39.7269426, 52.715801899999995], [39.7272822, 52.7162633], [39.72710279999999, 52.71663269999999], [39.726291, 52.7171403], [39.7254578, 52.71726459999999], [39.7241522, 52.7171005], [39.7233261, 52.7170745], [39.72276879999999, 52.7176291], [39.7232744, 52.7180277], [39.7242394, 52.718363499999995], [39.7256834, 52.71858579999999], [39.7271247, 52.718481], [39.727982299999994, 52.71876400000001], [39.7285001, 52.7191307], [39.7294005, 52.7198118], [39.73041859999999, 52.720962], [39.73074929999999, 52.72137670000001], [39.7304032, 52.721854599999986], [39.728115, 52.7219128], [39.727432199999996, 52.722276], [39.727187699999995, 52.7227999], [39.727657799999996, 52.7234719], [39.72913139999999, 52.724440699999995], [39.7311659, 52.7246831], [39.7324904, 52.7248727], [39.73369829999999, 52.72486239999999], [39.7344366, 52.72435019999999], [39.73444599999999, 52.723802199999994], [39.73434579999999, 52.7230514], [39.7340587, 52.7224348], [39.73416389999999, 52.722128], [39.7346716, 52.722002700000004], [39.73497249999999, 52.72204829999999], [39.7355206, 52.7224229], [39.7359131, 52.7228222], [39.73673999999999, 52.724644899999994], [39.738545699999996, 52.7269167], [39.7400664, 52.7278839], [39.741704199999994, 52.7286079], [39.7436885, 52.72906950000001], [39.74471449999999, 52.7294124], [39.7456461, 52.72990519999999], [39.7455026, 52.72965550000001], [39.7455026, 52.7292228], [39.745661399999996, 52.72882599999999], [39.7458223, 52.7287332], [39.7458223, 52.728448499999985], [39.7455026, 52.72828909999999], [39.74538979999999, 52.728027099999984], [39.7452393, 52.727844899999994], [39.745013699999994, 52.727799399999995], [39.744957299999996, 52.727491900000004], [39.745013699999994, 52.7272072], [39.7453146, 52.7270592], [39.7458223, 52.7270592], [39.74642399999999, 52.72721860000001], [39.7469881, 52.727594399999994], [39.74837959999999, 52.728391499999994], [39.74862399999999, 52.7283004], [39.74894369999999, 52.7277083], [39.749752300000004, 52.72737800000001], [39.7501122, 52.726871100000004], [39.7505042, 52.7266131], [39.7508535, 52.7261693], [39.75091749999999, 52.725888], [39.7508195, 52.725614500000006], [39.75048559999999, 52.7253851], [39.7497334, 52.7251688], [39.749470200000005, 52.72486129999999], [39.7493386, 52.7245652], [39.7495642, 52.72436019999999], [39.74922569999999, 52.7240527], [39.74909409999999, 52.723711], [39.7490565, 52.7233466], [39.7492069, 52.7229594], [39.749827499999995, 52.7226519], [39.7501471, 52.722333], [39.75050439999999, 52.722071], [39.75095569999999, 52.72177489999999], [39.7511813, 52.7215699], [39.7514634, 52.7215244], [39.7518207, 52.721638299999995], [39.7521403, 52.7215358], [39.75576949999999, 52.71945149999999], [39.7562208, 52.719349], [39.75840199999999, 52.71821], [39.7587012, 52.7178439], [39.75862759999999, 52.7173671], [39.7581179, 52.7169224], [39.7584584, 52.7157382], [39.7590789, 52.71502060000001], [39.75964419999999, 52.7147335], [39.760231899999994, 52.71409819999999], [39.7606196, 52.713815399999994], [39.76177369999999, 52.7134471], [39.762179, 52.7132496], [39.7625138, 52.7128947], [39.7629146, 52.712406300000005], [39.763218599999995, 52.7122115], [39.7634168, 52.7121448], [39.7645093, 52.7119633], [39.7658353, 52.71177649999999], [39.7667427, 52.71189119999999], [39.7671789, 52.7117791], [39.76752179999999, 52.7118652], [39.768668899999994, 52.71251449999999], [39.76972190000001, 52.7124462], [39.769947499999994, 52.7126398], [39.773501399999994, 52.713141099999994], [39.77485529999999, 52.7117399], [39.7757579, 52.71139809999999], [39.7794622, 52.7116943], [39.7799323, 52.71138669999999], [39.779904300000005, 52.7111097], [39.7798759, 52.7108285], [39.780646899999994, 52.7109083], [39.78089129999999, 52.709096900000006], [39.7789921, 52.7080032], [39.77410319999999, 52.7041523], [39.77429119999999, 52.70383329999999], [39.774986899999995, 52.696552], [39.7748741, 52.695457999999995], [39.7818503, 52.696757100000006], [39.7933018, 52.699514799999996], [39.80253449999999, 52.698511999999994], [39.8045653, 52.6993894], [39.8013122, 52.70463079999999], [39.80225239999999, 52.706909499999995], [39.8019516, 52.707707000000006], [39.8005601, 52.709096900000006], [39.823428899999996, 52.7090536], [39.8270939, 52.71553759999999], [39.821128, 52.7163432], [39.8134344, 52.7165842], [39.810550899999996, 52.720491499999994], [39.8097181, 52.7210938], [39.8089351, 52.72185409999999], [39.81057570000001, 52.7222079], [39.8233901, 52.729426700000005], [39.83335809999999, 52.72460929999998], [39.8337186, 52.72452650000001], [39.8398088, 52.7214476], [39.8860198, 52.712074099999995], [39.88773499999999, 52.71147920000001], [39.8918739, 52.716079699999995], [39.9002634, 52.7121268], [39.905670799999996, 52.70804749999999], [39.9124812, 52.70290939999999], [39.91292119999999, 52.7040894], [39.9130242, 52.70500940000001], [39.91364179999999, 52.70566430000001], [39.9133587, 52.705944900000006], [39.91364179999999, 52.706241199999994], [39.9141565, 52.7063503], [39.91464539999999, 52.70725459999999], [39.9145425, 52.7077068], [39.915082899999994, 52.70834610000001], [39.915694, 52.7088507], [39.9215935, 52.7084396], [39.9387579, 52.7082369], [39.9335854, 52.70185959999999], [39.9314495, 52.699224099999995], [39.9407394, 52.6958712], [39.9415114, 52.6962455], [39.9476403, 52.6933468], [39.9624974, 52.6893974], [39.967334199999996, 52.681022399999996], [39.987347, 52.67718740000001], [39.9909616, 52.6686139], [39.991998099999996, 52.6668732], [39.9838122, 52.6653259], [39.983094599999994, 52.6618764], [39.9826162, 52.65862009999999], [39.98213779999999, 52.65594399999999], [39.966324199999995, 52.6660029], [39.960238, 52.66885570000001], [39.95813029999999, 52.6676706], [39.955793899999996, 52.666434800000005], [39.9543709, 52.6657636], [39.9531237, 52.6652629], [39.95213989999999, 52.6646769], [39.9516656, 52.6641122], [39.9516129, 52.6635582], [39.951402099999996, 52.6632492], [39.950611499999994, 52.66292959999999], [39.9501197, 52.6625353], [39.9496278, 52.6617895], [39.946694, 52.6595732], [39.94613189999999, 52.659179], [39.94555220000001, 52.6582626], [39.94541159999999, 52.65763389999999], [39.9454995, 52.6572396], [39.946026499999995, 52.656930599999995], [39.94688729999999, 52.6566429], [39.9474494, 52.65630190000001], [39.94771289999999, 52.6558117], [39.94802909999999, 52.65538550000001], [39.948802099999995, 52.65493789999999], [39.94952239999999, 52.6546289], [39.950593999999995, 52.6543518], [39.951050699999996, 52.654064], [39.9511737, 52.65371240000001], [39.9512088, 52.65310489999999], [39.951700699999996, 52.6526893], [39.9516129, 52.652252399999995], [39.9516831, 52.65198589999999], [39.9522804, 52.65189], [39.9524561, 52.651591599999996], [39.9527899, 52.6512932], [39.95358039999999, 52.65084559999999], [39.955811399999995, 52.6500249], [39.9495034, 52.63353], [39.9647032, 52.62959409999999], [39.9627132, 52.62697], [39.9715311, 52.6241791], [39.9740917, 52.610560500000005], [39.97412129999999, 52.610403299999994], [39.9746585, 52.6075454], [39.9754495, 52.6033374], [39.9766778, 52.59680230000001], [39.98882389999999, 52.59623959999999], [39.9958577, 52.595656000000005], [40.0436187, 52.589945], [40.04442709999999, 52.5898566], [40.0447169, 52.589676399999995], [40.045105099999994, 52.5893544], [40.0451463, 52.5889884], [40.043549199999994, 52.5888919], [40.0427186, 52.588792600000005], [40.040262000000006, 52.58564709999999], [40.0335998, 52.57687349999999], [40.0307978, 52.574582400000004], [40.0272193, 52.57163599999999], [40.02028709999999, 52.565883799999995], [40.0196274, 52.5647383], [40.0463646, 52.54578649999999], [40.046661099999994, 52.5462072], [40.047371299999995, 52.5465975], [40.04814139999999, 52.5469513], [40.0484063, 52.5471519], [40.048592, 52.5469259], [40.0488011, 52.5466293], [40.0491726, 52.5465799], [40.04989549999999, 52.5468264], [40.050542799999995, 52.5470318], [40.0508679, 52.5473566], [40.051161799999996, 52.5477838], [40.0517852, 52.548211], [40.0522497, 52.54878289999999], [40.0532135, 52.5492278], [40.0537716, 52.5496621], [40.0540283, 52.5501044], [40.05376299999999, 52.55035409999999], [40.0529348, 52.55083760000001], [40.0528071, 52.5514801], [40.05299289999999, 52.55201669999999], [40.05276059999999, 52.5527369], [40.05309739999999, 52.55312519999999], [40.0539855, 52.5537827], [40.05474699999999, 52.554479799999996], [40.0552518, 52.5546567], [40.056578099999996, 52.5547035], [40.056928899999996, 52.55481279999999], [40.0571685, 52.5554579], [40.0574166, 52.55642550000001], [40.0577075, 52.5567584], [40.0581439, 52.5568729], [40.0593333, 52.55714340000001], [40.059727599999995, 52.5572411], [40.0597611, 52.557429500000005], [40.0595883, 52.5582011], [40.0594838, 52.558518799999995], [40.0598381, 52.5588028], [40.0603601, 52.55866760000001], [40.0608135, 52.55866760000001], [40.0613612, 52.55901089999999], [40.06154939999999, 52.55933339999999], [40.0611644, 52.5595623], [40.06088200000001, 52.5598016], [40.0610874, 52.5599888], [40.0614981, 52.5602281], [40.062233899999995, 52.56055579999999], [40.062687399999994, 52.560987499999996], [40.062456399999995, 52.5614349], [40.0624478, 52.56176260000001], [40.0628585, 52.56203309999999], [40.063166599999995, 52.5622515], [40.0634832, 52.562391999999996], [40.0653762, 52.561766799999994], [40.0673257, 52.5612484], [40.08009179999999, 52.5574487], [40.084122199999996, 52.5552649], [40.0843358, 52.555116600000005], [40.08469649999999, 52.554879699999994], [40.0922112, 52.5499434], [40.0948862, 52.548843399999996], [40.1006236, 52.5465], [40.104425, 52.544764], [40.1076893, 52.5433704], [40.1122849, 52.5411667], [40.11464159999999, 52.540055900000006], [40.1150932, 52.540002599999994], [40.1153781, 52.5403784], [40.1159968, 52.541202600000005], [40.116173499999995, 52.5424567], [40.1171751, 52.5436392], [40.1225072, 52.5483507], [40.1242747, 52.55143180000001], [40.124524, 52.551239699999996], [40.145564799999995, 52.535022999999995], [40.14598599999999, 52.5346983], [40.138414999999995, 52.5308993], [40.1401236, 52.5281931], [40.141302, 52.5268848], [40.1448076, 52.524752], [40.1487257, 52.525612300000006], [40.15578219999999, 52.524503599999996], [40.1551357, 52.521217899999996], [40.1549861, 52.518490299999996], [40.1551183, 52.517492399999995], [40.1732944, 52.5021986], [40.1900202, 52.5018105], [40.2266151, 52.5009612], [40.2212536, 52.4869891], [40.214265999999995, 52.4670582], [40.21380969999999, 52.465909], [40.215817699999995, 52.459773199999994], [40.2156047, 52.4595136], [40.21911099999999, 52.44821110000001], [40.2194266, 52.448023000000006], [40.2197192, 52.4479403], [40.2201053, 52.4477963], [40.2204649, 52.44778339999999], [40.2211084, 52.4477136], [40.22152019999999, 52.44746609999999], [40.2216478, 52.447435299999995], [40.221906999999995, 52.447187099999994], [40.222236599999995, 52.44693569999999], [40.222254199999995, 52.446853000000004], [40.222411099999995, 52.4467154], [40.2224446, 52.44659190000001], [40.222601499999996, 52.446531699999994], [40.2229911, 52.44638129999999], [40.2231498, 52.4463759], [40.223319, 52.4464028], [40.2233966, 52.4464769], [40.2235059, 52.44651339999999], [40.2235764, 52.446614399999994], [40.2236205, 52.4469164], [40.2235517, 52.4470313], [40.2235932, 52.4472737], [40.223671599999996, 52.447397699999996], [40.223862, 52.4475374], [40.2242957, 52.4478006], [40.2246091, 52.4478845], [40.224888, 52.44791989999999], [40.22518939999999, 52.44791239999999], [40.22570069999999, 52.4478801], [40.22587209999999, 52.4476585], [40.2264411, 52.447359], [40.226568, 52.44710549999999], [40.2264781, 52.4470303], [40.2265345, 52.4469142], [40.2265821, 52.4468476], [40.2265311, 52.446746499999996], [40.226532799999994, 52.446608], [40.22648869999999, 52.446512399999996], [40.2263406, 52.44642319999999], [40.22631059999999, 52.4463254], [40.226351199999996, 52.44618679999999], [40.2264675, 52.446095500000006], [40.2264922, 52.44562589999999], [40.226525699999996, 52.445533499999996], [40.226479899999994, 52.4454411], [40.22652219999999, 52.4454067], [40.2266773, 52.44526159999999], [40.2266438, 52.445072499999995], [40.2266703, 52.444977999999985], [40.226561, 52.4447964], [40.226532799999994, 52.44449339999999], [40.2265698, 52.4444547], [40.226628, 52.4444181], [40.2266209, 52.444287], [40.2267038, 52.4440721], [40.2267073, 52.44389700000001], [40.226668499999995, 52.443834700000004], [40.2266703, 52.443796], [40.22677079999999, 52.443709999999996], [40.2268483, 52.44370139999999], [40.22692239999999, 52.44373149999999], [40.22697879999999, 52.44365199999999], [40.22694349999999, 52.4435585], [40.2270334, 52.4435016], [40.227093399999994, 52.443510200000006], [40.2272168, 52.44345319999999], [40.2272608, 52.4434704], [40.22730489999999, 52.4434596], [40.2273278, 52.44342629999999], [40.2273349, 52.4433339], [40.2272503, 52.4431975], [40.2272608, 52.4430341], [40.2270528, 52.4429041], [40.22673699999999, 52.442512400000005], [40.2267196, 52.44227219999999], [40.226769, 52.4421078], [40.22658559999999, 52.441974599999995], [40.2265173, 52.441750899999995], [40.226755399999995, 52.4415623], [40.2269073, 52.44134330000001], [40.227172599999996, 52.4411699], [40.2273269, 52.4411478], [40.227597, 52.44109639999999], [40.227732, 52.441097899999995], [40.227893599999994, 52.4410508], [40.2281106, 52.440914099999986], [40.2282046, 52.44075099999999], [40.22850609999999, 52.44056869999999], [40.228535, 52.4404246], [40.228662799999995, 52.4402144], [40.2286724, 52.43989839999999], [40.2287413, 52.43939929999999], [40.2253642, 52.4386475], [40.2245953, 52.438476300000005], [40.2092944, 52.4359272], [40.2089479, 52.43593529999999], [40.2074284, 52.4332618], [40.2061488, 52.430897], [40.2059489, 52.430222500000006], [40.2053091, 52.4293041], [40.1973652, 52.4142177], [40.1969786, 52.413941300000005], [40.196832, 52.413681100000005], [40.196805399999995, 52.41331530000001], [40.19465939999999, 52.4085183], [40.1940694, 52.407931699999985], [40.19384199999999, 52.4077056], [40.19275449999999, 52.40459], [40.1989766, 52.40295230000001], [40.1999815, 52.40002109999998], [40.20094509999999, 52.3992316], [40.2006204, 52.3987664], [40.200592, 52.3981852], [40.20035029999999, 52.397760100000006], [40.199451499999995, 52.39714800000001], [40.1991012, 52.396621], [40.198678799999996, 52.3964035], [40.19762059999999, 52.3962073], [40.19691900000001, 52.3958218], [40.19648629999999, 52.39554309999999], [40.1960215, 52.395309999999995], [40.1953566, 52.39477149999999], [40.19435659999999, 52.3945731], [40.1940809, 52.3944238], [40.1940809, 52.39387730000001], [40.194116099999995, 52.3936192], [40.1939093, 52.3935361], [40.1934605, 52.3934722], [40.192965, 52.3932411], [40.1927154, 52.39299020000001], [40.1925539, 52.39270349999999], [40.192319, 52.39247049999999], [40.1914818, 52.391653], [40.1909241, 52.391108499999994], [40.19043959999999, 52.3906067], [40.1902634, 52.3899167], [40.19017529999999, 52.38959419999999], [40.1896907, 52.38929840000001], [40.1893677, 52.3889848], [40.1889859, 52.38825899999999], [40.18831049999999, 52.388017], [40.1880462, 52.387864699999994], [40.1868422, 52.3876496], [40.17844350000001, 52.38395739999999], [40.1779002, 52.38351819999999], [40.166432799999995, 52.378158600000006], [40.16044209999999, 52.3750303], [40.1806607, 52.3616183], [40.166007, 52.35204100000001], [40.153585099999994, 52.34303570000001], [40.127992600000006, 52.3472426], [40.119549799999994, 52.3398242], [40.1133384, 52.33412289999999], [40.1083467, 52.3285103], [40.1127222, 52.326922], [40.1079502, 52.319939999999995], [40.1009905, 52.319939999999995], [40.0975693, 52.299364399999995], [40.09761339999999, 52.298358699999994], [40.096350599999994, 52.2907615], [40.0971288, 52.2907436], [40.09708479999999, 52.2902945], [40.0837996, 52.2898304], [40.0831711, 52.2896537], [40.0828882, 52.2894014], [40.0829049, 52.289950999999995], [40.0827077, 52.290201499999995], [40.08502789999999, 52.300996700000006], [40.0696236, 52.3008731], [40.0704433, 52.30048600000001], [40.07123669999999, 52.29945360000001], [40.0712611, 52.2992586], [40.0711788, 52.2991715], [40.06936399999999, 52.2992906], [40.06903619999999, 52.299861099999994], [40.0651508, 52.3001064], [40.0630925, 52.300714299999996], [40.062282999999994, 52.30163639999999], [40.058614199999994, 52.3016955], [40.05723609999999, 52.301770899999994], [40.0573214, 52.3022761], [40.05765759999999, 52.3024593], [40.05781, 52.30266950000001], [40.0579039, 52.30295799999999], [40.057514399999995, 52.30339709999999], [40.0574224, 52.3035573], [40.05747019999999, 52.3039037], [40.0574871, 52.3043157], [40.05711769999999, 52.3057877], [40.0570364, 52.3063544], [40.0569144, 52.3070767], [40.05645739999999, 52.3081663], [40.055568199999996, 52.309381], [40.05499699999999, 52.30964369999999], [40.054009099999995, 52.3096123], [40.052212899999994, 52.31014179999999], [40.05151039999999, 52.3101187], [40.0512507, 52.309784900000004], [40.052296299999995, 52.30884360000001], [40.0528095, 52.30824739999999], [40.052694, 52.3078983], [40.05220649999999, 52.3077336], [40.0518528, 52.30774799999999], [40.05154579999999, 52.30783169999999], [40.0503528, 52.3086878], [40.0463156, 52.307993899999985], [40.0469571, 52.305274499999996], [40.033774699999995, 52.30298639999999], [40.03306909999999, 52.3061701], [40.018956599999996, 52.3032479], [40.0189673, 52.3016985], [40.012413599999995, 52.300979299999995], [40.0122318, 52.3020711], [40.012018, 52.3022084], [40.00792319999999, 52.30187499999999], [40.010050799999995, 52.2959449], [39.997338899999995, 52.29448680000001], [39.99506159999999, 52.29013820000001], [39.973689799999995, 52.2932771], [39.9648401, 52.3061472], [39.970319399999994, 52.3066048], [39.957596699999996, 52.312169100000006], [39.9530262, 52.3167769], [39.9503668, 52.3187048], [39.948763099999994, 52.320575500000004], [39.94838889999999, 52.320518299999996], [39.9462239, 52.3209186], [39.932020099999995, 52.322279999999985], [39.92774359999999, 52.322525], [39.9174699, 52.3235359], [39.9197418, 52.311506599999994], [39.90038059999999, 52.31008700000001], [39.8957032, 52.309944], [39.8992948, 52.3172357], [39.893448, 52.319278], [39.8910706, 52.317533399999995], [39.8885517, 52.3161623], [39.8866194, 52.3152975], [39.8855669, 52.31486499999998], [39.8846008, 52.3148439], [39.88375539999999, 52.316130699999995], [39.8759437, 52.318682499999994], [39.8704361, 52.3195477], [39.871869499999995, 52.3245733], [39.834735499999994, 52.323310000000006], [39.834272199999994, 52.32894019999999], [39.8339158, 52.333372], [39.83309619999999, 52.344389699999994], [39.8399029, 52.34538020000001], [39.8378715, 52.3468824], [39.8362679, 52.34775319999999], [39.834450399999994, 52.34846069999999], [39.8311005, 52.3488743], [39.8275902, 52.3487981], [39.825844, 52.348602199999995], [39.8212468, 52.355132499999996], [39.82085479999999, 52.3551216], [39.8201776, 52.3552413], [39.8102873, 52.3526158], [39.8046398, 52.3511165], [39.7975302, 52.3500389], [39.79464349999999, 52.3497777], [39.79413869999999, 52.34980519999999], [39.7936457, 52.3498321], [39.793233799999996, 52.3497959], [39.7867548, 52.349225999999994], [39.7845649, 52.34856280000001], [39.7815812, 52.3474682], [39.7778846, 52.346112], [39.7737071, 52.3462469], [39.7621317, 52.3458085], [39.7481822, 52.3421883], [39.7240192, 52.345572399999995], [39.722252499999996, 52.34562859999999], [39.7203938, 52.3459546], [39.7190872, 52.34584220000001], [39.7180198, 52.345572399999995], [39.717762199999996, 52.3452126], [39.7174861, 52.3450665], [39.7172837, 52.344830400000006], [39.71671320000001, 52.3448866], [39.71628989999999, 52.344785400000006], [39.715425, 52.3446955], [39.7148545, 52.3444032], [39.7135295, 52.3441221], [39.7114316, 52.34355999999999], [39.7100514, 52.343166499999995], [39.70924159999999, 52.3426943], [39.708652699999995, 52.34253689999999], [39.70771419999999, 52.342042199999995], [39.706794, 52.3417836], [39.70622349999999, 52.341704899999996], [39.7057451, 52.341525], [39.7053218, 52.341502500000004], [39.7047881, 52.341255099999984], [39.7040571, 52.3412786], [39.70358199999999, 52.341174], [39.7031828, 52.3410928], [39.7028977, 52.340941799999996], [39.7021945, 52.34083729999998], [39.70164329999999, 52.3406167], [39.7013392, 52.3403844], [39.7009591, 52.3404076], [39.700712, 52.340187], [39.7002939, 52.34000120000001], [39.69987569999999, 52.34000120000001], [39.6995526, 52.3398967], [39.701130199999994, 52.3416501], [39.7009591, 52.341882399999996], [39.7010541, 52.34206819999999], [39.7000468, 52.342312], [39.69951460000001, 52.34178949999999], [39.699343600000006, 52.3416037], [39.6990965, 52.3415921], [39.69833619999999, 52.3415921], [39.697842099999995, 52.341766299999996], [39.6971198, 52.34180109999999], [39.697149499999995, 52.341721400000004], [39.69721489999999, 52.34154559999999], [39.6971578, 52.3413598], [39.6968727, 52.3413598], [39.6974999, 52.3405702], [39.6980321, 52.3400941], [39.696967799999996, 52.3399664], [39.6967397, 52.3397922], [39.6968537, 52.33958319999999], [39.6968727, 52.33936249999999], [39.69664469999999, 52.3392464], [39.6949911, 52.33878190000001], [39.6919881, 52.33887479999999], [39.690809699999996, 52.3390258], [39.6901825, 52.33900250000001], [39.68953629999999, 52.3390954], [39.6867043, 52.33900250000001], [39.6859251, 52.33878190000001], [39.6854309, 52.3387006], [39.68467069999999, 52.338898], [39.6836633, 52.33945539999999], [39.682884099999995, 52.3396528], [39.68066029999999, 52.340396000000005], [39.680242199999995, 52.34073279999999], [39.679691, 52.340779199999986], [39.679215799999994, 52.340907], [39.677239199999995, 52.3408489], [39.6761191, 52.3406598], [39.6751485, 52.3405586], [39.6746733, 52.3404889], [39.6742742, 52.34046570000001], [39.674008099999995, 52.3403147], [39.673742, 52.3403264], [39.6734189, 52.34019859999999], [39.67286769999999, 52.3402102], [39.671214199999994, 52.339954799999994], [39.6704539, 52.33991989999999], [39.6692375, 52.3396412], [39.66752699999999, 52.33940900000001], [39.6661015, 52.338375400000004], [39.664771, 52.33792249999999], [39.6628514, 52.33755089999998], [39.662490299999995, 52.337341900000006], [39.66188209999999, 52.337272199999994], [39.6612168, 52.336889], [39.659848399999994, 52.336703199999995], [39.655590999999994, 52.336947], [39.65416549999999, 52.336935399999994], [39.65241689999999, 52.3373651], [39.65131449999999, 52.3373187], [39.6494329, 52.3374232], [39.647912399999996, 52.3373071], [39.6458217, 52.33702830000001], [39.645479599999994, 52.3371212], [39.64502339999999, 52.3375858], [39.64454829999999, 52.33782959999999], [39.6427427, 52.338212899999995], [39.641602299999995, 52.33834060000001], [39.64089909999999, 52.33852639999999], [39.64029089999999, 52.338584499999996], [39.63983470000001, 52.3386542], [39.6393976, 52.3387703], [39.63884639999999, 52.3387122], [39.6383522, 52.3390141], [39.6374969, 52.339281199999995], [39.636603599999994, 52.34005930000001], [39.63561529999999, 52.34045409999999], [39.6340724, 52.3404982], [39.633660199999994, 52.340618199999994], [39.62963609999999, 52.3412778], [39.6294006, 52.34180549999999], [39.62908649999999, 52.3420693], [39.6285369, 52.342201200000005], [39.62800690000001, 52.34245310000001], [39.627849899999994, 52.342812800000004], [39.6273984, 52.3431126], [39.62659359999999, 52.34367629999999], [39.625729899999996, 52.343964099999994], [39.6246306, 52.3439761], [39.623719, 52.3438077], [39.62260409999999, 52.343942], [39.6218346, 52.34400919999998], [39.62092379999999, 52.3438461], [39.6200915, 52.34388439999998], [39.619620399999995, 52.3436734], [39.61877239999999, 52.343615799999995], [39.6180657, 52.343778900000004], [39.6175161, 52.34344309999998], [39.61607140000001, 52.34348150000001], [39.6152234, 52.3439132], [39.61459519999999, 52.3439132], [39.6141241, 52.3439996], [39.6137158, 52.34398039999999], [39.613339, 52.343922799999994], [39.61275789999999, 52.34401880000001], [39.6124125, 52.34398039999999], [39.61219259999999, 52.344095499999995], [39.61167439999999, 52.34400919999998], [39.61074789999999, 52.34412429999999], [39.61048089999999, 52.34429699999999], [39.6100412, 52.3443258], [39.6095701, 52.344210600000004], [39.60958579999999, 52.344037900000004], [39.60979, 52.3438077], [39.610261099999995, 52.34358700000001], [39.61084209999999, 52.3434144], [39.6111876, 52.343337599999984], [39.6113446, 52.3432129], [39.6111562, 52.34311699999999], [39.610795, 52.34317450000001], [39.6099156, 52.34344309999998], [39.6095387, 52.3433952], [39.609428799999996, 52.34318410000001], [39.6094445, 52.3429634], [39.60964859999999, 52.3427236], [39.6095701, 52.34257970000001], [39.6092403, 52.342982600000006], [39.60903619999999, 52.34307859999999], [39.60875349999999, 52.34318410000001], [39.60865929999999, 52.343375999999985], [39.6084394, 52.34340479999999], [39.60814109999999, 52.34340479999999], [39.6077014, 52.34335680000001], [39.6073559, 52.34357750000001], [39.6067906, 52.343337599999984], [39.60649219999999, 52.34316489999999], [39.60620949999999, 52.343260900000004], [39.6058641, 52.34351029999999], [39.60555, 52.343462300000006], [39.60540869999999, 52.3432417], [39.6052202, 52.342915500000004], [39.60476479999999, 52.3427332], [39.6040739, 52.3426277], [39.6034457, 52.342694800000004], [39.6024564, 52.3418889], [39.6020481, 52.34120769999999], [39.6018439, 52.34096789999999], [39.6006034, 52.34064169999999], [39.6002736, 52.34030589999999], [39.59942559999999, 52.3402483], [39.5990487, 52.340056399999995], [39.5983892, 52.34007559999999], [39.5979338, 52.33984529999999], [39.5976197, 52.33961510000001], [39.596818799999994, 52.3395575], [39.5964576, 52.3394424], [39.59559389999999, 52.33929849999999], [39.5952641, 52.3391257], [39.5947459, 52.339029800000006], [39.5944005, 52.338953], [39.59358389999999, 52.33896260000001], [39.5924061, 52.33878030000001], [39.5917623, 52.3385597], [39.590914299999994, 52.3385309], [39.5904903, 52.3383774], [39.5904274, 52.33771529999999], [39.59006629999999, 52.3374466], [39.590097699999994, 52.33725470000001], [39.589438099999995, 52.337341099999996], [39.5884802, 52.3370724], [39.5873652, 52.33867479999999], [39.5843659, 52.3382142], [39.5820417, 52.33770570000001], [39.581366499999994, 52.337417900000005], [39.5807069, 52.3369189], [39.57956059999999, 52.336727], [39.5790895, 52.3367654], [39.5785241, 52.33697649999999], [39.5770009, 52.3370149], [39.576545499999995, 52.3369573], [39.5759487, 52.33686130000001], [39.5753991, 52.33699570000001], [39.5745982, 52.33713959999999], [39.5743941, 52.3372452], [39.57397009999999, 52.337341099999996], [39.5732163, 52.337178], [39.57265099999999, 52.337206800000004], [39.5722584, 52.33727389999999], [39.5716931, 52.337523399999995], [39.571174899999995, 52.337696099999995], [39.5706723, 52.33778250000001], [39.569918599999994, 52.3376769], [39.569683, 52.3377537], [39.568897799999995, 52.3378304], [39.568411, 52.337820900000004], [39.5677829, 52.33762900000001], [39.5667465, 52.3355756], [39.5662439, 52.3349807], [39.565709999999996, 52.33451049999999], [39.5647835, 52.33398270000001], [39.5640926, 52.3336181], [39.5634173, 52.3334933], [39.5626949, 52.3335413], [39.5619255, 52.33341649999999], [39.561281599999994, 52.3335125], [39.56085759999999, 52.3336564], [39.559884, 52.333454899999985], [39.5591773, 52.33317660000001], [39.558455, 52.3328984], [39.55686889999999, 52.33280239999999], [39.55567539999999, 52.33261050000001], [39.555455599999995, 52.332188300000006], [39.55429349999999, 52.3316413], [39.553555499999995, 52.330835199999996], [39.5523934, 52.330537699999994], [39.5514198, 52.330537699999994], [39.5498494, 52.3300866], [39.5496767, 52.3288966], [39.5492998, 52.3287143], [39.5490328, 52.32833999999999], [39.5475881, 52.3276874], [39.547195499999994, 52.32856069999999], [39.544463099999994, 52.3297699], [39.5405843, 52.33051849999998], [39.5361402, 52.33262010000001], [39.5347426, 52.332821599999995], [39.52777019999999, 52.3350478], [39.53040839999999, 52.3322938], [39.5192431, 52.3322938], [39.5192902, 52.3339251], [39.50694719999999, 52.3347983], [39.505376899999995, 52.3317372], [39.5014667, 52.328704699999996], [39.49831029999999, 52.328934999999994], [39.49460419999999, 52.322830999999994], [39.49405459999999, 52.322447100000005], [39.48576309999999, 52.3136061], [39.4643748, 52.3217944], [39.458486, 52.32353169999999], [39.45377489999999, 52.32404030000001], [39.45394769999999, 52.325057699999995], [39.455094, 52.3257487], [39.4543089, 52.32797529999999], [39.4527071, 52.32851279999999], [39.448388599999994, 52.3280713], [39.446623499999994, 52.3273723], [39.442670199999995, 52.330085600000004], [39.434925199999995, 52.3338875], [39.4340744, 52.33396319999999], [39.4342974, 52.3357471], [39.4347415, 52.33614180000001], [39.43518949999999, 52.3365399], [39.43531109999999, 52.33696100000001], [39.43713569999999, 52.336787599999994], [39.437169499999996, 52.3368379], [39.4381193, 52.3382523], [39.4348237, 52.3399408], [39.434552599999996, 52.3403771], [39.4342487, 52.34086629999999], [39.43322779999999, 52.3425092], [39.432644, 52.34408659999999], [39.4407532, 52.34597309999999], [39.4386696, 52.34840320000001], [39.4374399, 52.3523583], [39.4373292, 52.3525898], [39.4326516, 52.36067289999999], [39.4313858, 52.3640519], [39.43250569999999, 52.3640195], [39.4333633, 52.36483990000001], [39.4334205, 52.3655294], [39.4334062, 52.365834899999996], [39.433006, 52.3661142], [39.4322199, 52.3663498], [39.43099060000001, 52.3664633], [39.4299468, 52.36630069999999], [39.4295899, 52.36624510000001], [39.42835089999999, 52.36572900000001], [39.4282232, 52.36567579999999], [39.4276574, 52.3649675], [39.42698279999999, 52.364123], [39.426327199999996, 52.3637972], [39.4254735, 52.363862299999994], [39.42496359999999, 52.3640511], [39.4244215, 52.36483990000001], [39.4242843, 52.366617999999995], [39.4238726, 52.36741860000001], [39.423461, 52.3679492], [39.4236592, 52.368898699999995], [39.42413179999999, 52.369336200000006], [39.4247417, 52.3695596], [39.42533629999999, 52.3695782], [39.4262053, 52.3694293], [39.4264035, 52.3687218], [39.426693199999995, 52.368545], [39.4280043, 52.3685263], [39.428580499999995, 52.3688628], [39.4286148, 52.3696162], [39.42778379999999, 52.3705408], [39.42734829999999, 52.37167829999999], [39.4274502, 52.3723785], [39.4274437, 52.37280979999999], [39.4270564, 52.3732526], [39.4265066, 52.3734445], [39.423075, 52.373266], [39.422515399999995, 52.3730378], [39.42249879999999, 52.3726369], [39.4231876, 52.37142800000001], [39.4231656, 52.370922699999994], [39.4228319, 52.3706898], [39.4223797, 52.3706892], [39.42168449999999, 52.370738300000006], [39.4208793, 52.3710452], [39.41950599999999, 52.37178049999999], [39.4187448, 52.3718879], [39.417579599999996, 52.3716802], [39.416888199999995, 52.3713439], [39.4166391, 52.3722828], [39.417284699999996, 52.3736575], [39.4182165, 52.374004899999996], [39.4193475, 52.3744265], [39.4238823, 52.3774545], [39.4260552, 52.3775987], [39.42718889999999, 52.3770316], [39.4298972, 52.37646439999999], [39.433676299999995, 52.37664709999999], [39.4347155, 52.377838999999994], [39.43680969999999, 52.3797037], [39.4363058, 52.382327599999996], [39.43509339999999, 52.3855953], [39.43577590000001, 52.385586], [39.4371681, 52.385610699999994], [39.437522599999994, 52.386047299999994], [39.4379929, 52.3884357], [39.4386311, 52.3906189], [39.439051000000006, 52.3915721], [39.4401931, 52.3923409], [39.44136879999999, 52.39216660000001], [39.44234289999999, 52.3919104], [39.442965, 52.39159349999999], [39.4431667, 52.3907289], [39.442718799999994, 52.389691000000006], [39.44210019999999, 52.38872009999999], [39.442276, 52.3873239], [39.442119899999994, 52.3864452], [39.4423454, 52.3862017], [39.44272699999999, 52.386011100000005], [39.44319539999999, 52.3858205], [39.44392390000001, 52.3858205], [39.4446871, 52.3861487], [39.445172799999995, 52.386328699999986], [39.4469595, 52.3868581], [39.4486941, 52.3868581], [39.449335899999994, 52.3869216], [39.451747, 52.3886578], [39.45318679999999, 52.3894941], [39.4543567, 52.3896225], [39.4563438, 52.3893353], [39.45765529999999, 52.3889359], [39.458529399999996, 52.38838249999999], [39.4601079, 52.3872815], [39.4622588, 52.384581799999985], [39.4633169, 52.383459599999995], [39.4640572, 52.3829106], [39.464947499999994, 52.3829408], [39.465364199999996, 52.3832357], [39.466161699999994, 52.3841583], [39.466847, 52.3860231], [39.4694054, 52.388710700000004], [39.470272699999995, 52.39105020000001], [39.4709126, 52.39157879999999], [39.47107069999999, 52.3919606], [39.47216349999999, 52.3924476], [39.4732563, 52.392564], [39.476239799999995, 52.3922994], [39.4788244, 52.391251399999994], [39.481426299999995, 52.3905633], [39.483286, 52.3903922], [39.4864985, 52.39046820000001], [39.489960599999996, 52.3902457], [39.4917126, 52.3904469], [39.4924064, 52.390775], [39.4934495, 52.39021670000001], [39.497921999999996, 52.38717439999999], [39.49829009999999, 52.3871344], [39.5049604, 52.3846422], [39.5013141, 52.3835252], [39.496615899999995, 52.3843529], [39.4883895, 52.383386800000004], [39.4865164, 52.3840282], [39.4837038, 52.384061], [39.4826468, 52.38373289999999], [39.48304089999999, 52.3806711], [39.48096279999999, 52.37930409999999], [39.4823781, 52.3776856], [39.4783473, 52.379162], [39.47524799999999, 52.37807930000001], [39.4723458, 52.3760452], [39.46901359999999, 52.3759577], [39.470822999999996, 52.3748749], [39.47162920000001, 52.3746999], [39.4711813, 52.373485900000006], [39.4712709, 52.3731578], [39.4709188, 52.3723935], [39.4707872, 52.37210780000001], [39.4711276, 52.37138590000001], [39.4749255, 52.3708062], [39.47703949999999, 52.3707078], [39.47829349999999, 52.3710469], [39.485337699999995, 52.37198419999999], [39.4854302, 52.372695900000004], [39.4875025, 52.3726281], [39.4888901, 52.3730122], [39.48963019999999, 52.37413049999999], [39.4896117, 52.375678], [39.49257209999999, 52.3757006], [39.499529, 52.37472919999999], [39.50230440000001, 52.3755198], [39.50393259999999, 52.37706730000001], [39.5040806, 52.37932620000001], [39.505153799999995, 52.37853559999999], [39.5061529, 52.378219400000006], [39.509372299999995, 52.37789180000001], [39.5091318, 52.3762089], [39.5127582, 52.3764235], [39.5156446, 52.376457300000006], [39.5193081, 52.37690919999999], [39.52395219999999, 52.378343599999994], [39.5250253, 52.3780838], [39.526560999999994, 52.3786937], [39.52569139999999, 52.379461799999994], [39.5304835, 52.38192389999999], [39.5320007, 52.38079450000001], [39.53712589999999, 52.38297419999999], [39.5408264, 52.38467949999999], [39.5434907, 52.3858313], [39.5461921, 52.3869945], [39.54833839999999, 52.3872768], [39.5516503, 52.3890497], [39.5548512, 52.3920306], [39.5445269, 52.4086707], [39.54328720000001, 52.411413399999994], [39.541844, 52.4135464], [39.5399013, 52.417247999999994], [39.530261499999995, 52.41748489999999], [39.532069, 52.4211091], [39.5325849, 52.4227638], [39.53257309999999, 52.4268961], [39.5304479, 52.4270001], [39.5286998, 52.4275378], [39.527587, 52.4279455], [39.5260473, 52.428159799999996], [39.5245246, 52.428551699999986], [39.52364479999999, 52.42911579999999], [39.5232264, 52.429620799999995], [39.522368, 52.4302677], [39.5192323, 52.4326045], [39.514987299999994, 52.432324699999995], [39.512404, 52.43169939999999], [39.50988829999999, 52.431291], [39.5042204, 52.430478199999996], [39.4926006, 52.4305245], [39.4869854, 52.42888210000001], [39.4893396, 52.4241253], [39.48319759999999, 52.42164229999999], [39.479885100000004, 52.42075839999999], [39.4751438, 52.427513], [39.475082799999996, 52.42853209999999], [39.476558999999995, 52.4300124], [39.48160959999999, 52.43521160000001], [39.4796699, 52.435814], [39.4794359, 52.4363662], [39.48077909999999, 52.436060399999995], [39.48237340000001, 52.4358238], [39.4841527, 52.4358201], [39.4853705, 52.436044300000006], [39.48708529999999, 52.43913010000001], [39.488292, 52.44011419999999], [39.48943340000001, 52.440472], [39.4912923, 52.44052169999999], [39.492042399999995, 52.4411877], [39.4924501, 52.4423506], [39.4933795, 52.443622899999994], [39.49390129999999, 52.4438117], [39.49478179999999, 52.44363280000001], [39.4955319, 52.44262890000001], [39.4957439, 52.4414064], [39.495613399999996, 52.440173800000004], [39.4960537, 52.4395575], [39.4966733, 52.43946809999999], [39.4977985, 52.4396072], [39.4982061, 52.440819899999994], [39.49835289999999, 52.442042499999985], [39.4978148, 52.44377200000001], [39.49793609999999, 52.4442816], [39.4987116, 52.444298700000004], [39.50099449999999, 52.443742099999994], [39.503473, 52.4432849], [39.50438449999999, 52.4426266], [39.50285339999999, 52.442022599999994], [39.5017259, 52.4408681], [39.50295119999999, 52.440541599999996], [39.5087965, 52.4400406], [39.5123924, 52.4400048], [39.5164364, 52.4394382], [39.5172354, 52.4388418], [39.51761249999999, 52.43854659999999], [39.518768099999996, 52.43729110000001], [39.5194865, 52.4368378], [39.52121879999999, 52.4368824], [39.5218288, 52.436183299999996], [39.52176779999999, 52.4355213], [39.5232805, 52.43386269999999], [39.5246347, 52.4315346], [39.5261108, 52.4304263], [39.52829109999999, 52.4302186], [39.53071789999999, 52.430673], [39.532308199999996, 52.4310512], [39.5343882, 52.43172820000001], [39.53643679999999, 52.4329558], [39.53937739999999, 52.434244199999995], [39.541633499999996, 52.434700400000004], [39.5449763, 52.436411099999994], [39.5477131, 52.43849379999999], [39.5527734, 52.4430862], [39.5574901, 52.4470748], [39.5608581, 52.44777479999999], [39.561408099999994, 52.4480154], [39.5663599, 52.45207310000001], [39.5696132, 52.453108799999995], [39.57238889999999, 52.4545799], [39.57702359999999, 52.4596181], [39.5766667, 52.4604523], [39.57819949999999, 52.4632334], [39.5804865, 52.464520499999985], [39.5820028, 52.467531300000005], [39.5758953, 52.4725294], [39.5730429, 52.47254], [39.5732516, 52.472879], [39.572695, 52.4740974], [39.573182, 52.4749767], [39.5730951, 52.475326300000006], [39.5725139, 52.4755995], [39.5721037, 52.475792399999996], [39.5721211, 52.476311499999994], [39.571773199999996, 52.476767099999996], [39.57189499999999, 52.4773815], [39.56972089999999, 52.4791824], [39.566311899999995, 52.4806442], [39.56947739999999, 52.48246609999999], [39.567210599999996, 52.4915368], [39.5588199, 52.50047129999999], [39.5565439, 52.505185999999995], [39.5536196, 52.50691719999998], [39.5523725, 52.5077429], [39.5518827, 52.50827949999999], [39.55438699999999, 52.50775309999999], [39.5607728, 52.508024699999986], [39.5823893, 52.50942220000001], [39.6217083, 52.5116841], [39.62807260000001, 52.510623599999995], [39.6343469, 52.50750759999999], [39.6387671, 52.5070661], [39.64520869999999, 52.50977069999998], [39.647178, 52.511617], [39.6492577, 52.5131215], [39.651285099999996, 52.5138061], [39.6558762, 52.51460209999999], [39.6618835, 52.515187299999994], [39.66700879999999, 52.5167648], [39.6691855, 52.5178847], [39.6790016, 52.525467], [39.68328459999999, 52.52669699999999], [39.68425549999999, 52.527193399999994], [39.684857799999996, 52.52768580000001], [39.6858036, 52.528031600000006], [39.6888118, 52.5297684], [39.69277799999999, 52.53316019999999], [39.6988042, 52.5361127], [39.7057798, 52.5375232], [39.7411616, 52.5401637], [39.7437656, 52.5419357], [39.74360399999999, 52.53956490000001], [39.743496199999996, 52.5391935], [39.7433525, 52.538385], [39.7460438, 52.536133], [39.7466038, 52.535664399999995], [39.741376499999994, 52.5338833], [39.74096339999999, 52.5338615], [39.740676, 52.53487770000001], [39.73981369999999, 52.53481210000001], [39.73613129999999, 52.5317526], [39.7314609, 52.5295124], [39.7345146, 52.526518], [39.729377199999995, 52.524354100000004], [39.7272036, 52.523425100000004], [39.7486875, 52.50695139999999], [39.7494959, 52.5061641], [39.770144699999996, 52.51586519999999], [39.7897814, 52.499229799999995], [39.78647719999999, 52.49673099999999], [39.7861974, 52.496033], [39.788666, 52.495216600000006], [39.7884232, 52.4913826], [39.7894623, 52.4914503], [39.7899115, 52.4937717], [39.792209, 52.4950926], [39.7953914, 52.498226900000006], [39.7992951, 52.497815199999984], [39.8021873, 52.50703539999999], [39.7767926, 52.525735899999994], [39.774044499999995, 52.52742], [39.7594215, 52.536380199999996], [39.7623319, 52.5386486], [39.763736599999994, 52.539379], [39.764199000000005, 52.53947029999999], [39.76519569999999, 52.5400707], [39.77498039999999, 52.53619439999999], [39.784572, 52.53230479999999], [39.785335999999994, 52.5320125], [39.795837299999995, 52.527736], [39.8000983, 52.525859], [39.80289629999999, 52.5248646], [39.803902199999996, 52.5245582], [39.8043325, 52.53043029999999], [39.8074846, 52.5303442], [39.807904799999996, 52.5302299], [39.80864119999999, 52.5301755], [39.8090242, 52.5303252], [39.80933, 52.5302244], [39.8100965, 52.5300889], [39.8104981, 52.530042], [39.810775, 52.530241499999995], [39.810849499999996, 52.5305062], [39.811020899999995, 52.5309751], [39.811490799999994, 52.5312354], [39.8115365, 52.5315131], [39.8116067, 52.53173360000001], [39.8111999, 52.5319601], [39.81086129999999, 52.532127900000006], [39.80964360000001, 52.5327599], [39.80927379999999, 52.53281559999999], [39.80812889999999, 52.532815199999995], [39.8092123, 52.53353100000001], [39.810073, 52.5340086], [39.81080479999999, 52.53434920000001], [39.81023019999999, 52.5350469], [39.8097767, 52.5357563], [39.80960449999999, 52.5360492], [39.8094765, 52.536610200000005], [39.8096783, 52.537062600000006], [39.80956909999999, 52.537669], [39.808607200000004, 52.54104540000001], [39.8080212, 52.541350599999994], [39.8085276, 52.5416527], [39.80915459999999, 52.5417104], [39.8083634, 52.5424298]]]]}}]}