{"type": "FeatureCollection", "features": [{"type": "Feature", "properties": {"id": "city-32701000", "name": "ГО Кемеровский", "region": "Кемеровская область", "isCity": true, "sourceOktmo": "32-701-000-000", "sourceAgg": "Кемерово", "excelNames": ["ГО Кемерово"], "oktmo": "32701000", "vgp": [{"year": 2019, "value": 304064467.56692106}, {"year": 2020, "value": 290365553.3751681}, {"year": 2021, "value": 281732864.2718362}, {"year": 2022, "value": 595862325.00667}, {"year": 2023, "value": 547855791.0991501}, {"year": 2024, "value": 510924748.4549618}], "population": [{"year": 2019, "value": 558662.0}, {"year": 2020, "value": 556382.0}, {"year": 2021, "value": 552546.0}, {"year": 2022, "value": 556189.0}, {"year": 2023, "value": 549362.0}, {"year": 2024, "value": 544600.0}, {"year": 2025, "value": 542928.0}], "shipments": [{"year": 2019, "value": 237503443.7}, {"year": 2020, "value": 227798427.8}, {"year": 2021, "value": 323115361.2}, {"year": 2022, "value": 336751781.1}, {"year": 2023, "value": 335305546.5}, {"year": 2024, "value": 370615834.1}], "employees": [{"year": 2019, "value": 133615.0}, {"year": 2020, "value": 135057.0}, {"year": 2021, "value": 134737.0}, {"year": 2022, "value": 135393.0}, {"year": 2023, "value": 135830.0}, {"year": 2024, "value": 138411.0}], "investments": [{"year": 2019, "value": 31591336.0}, {"year": 2020, "value": 51458110.0}, {"year": 2021, "value": 71920521.0}, {"year": 2022, "value": 55876171.0}, {"year": 2023, "value": 50782700.0}, {"year": 2024, "value": 71372474.0}], "vgp2024": 510924748.4549618, "pop2024": 544600.0, "ship2024": 370615834.1, "emp2024": 138411.0, "inv2024": 71372474.0}, "geometry": {"type": "MultiPolygon", "coordinates": [[[[86.0724515, 55.50504289999999], [86.0711958, 55.5061064], [86.07164760000002, 55.5064343], [86.0724498, 55.506404], [86.0769327, 55.5092847], [86.0775906, 55.510309500000005], [86.0785646, 55.51018539999999], [86.07934029999998, 55.5124986], [86.0791289, 55.5129893], [86.07975069999999, 55.513334499999985], [86.07851290000002, 55.5142546], [86.0781402, 55.5144137], [86.07495019999999, 55.5149827], [86.0744476, 55.51518529999999], [86.0737716, 55.5155607], [86.07318909999998, 55.51634399999999], [86.0731096, 55.518815599999996], [86.0727682, 55.519878399999996], [86.07270469999999, 55.5220863], [86.071869, 55.522033], [86.0715924, 55.5242765], [86.07137879999999, 55.5249839], [86.0708929, 55.5257162], [86.0704235, 55.52618759999999], [86.07082399999999, 55.526034900000006], [86.0714837, 55.5259022], [86.0730157, 55.5257299], [86.0738641, 55.5257969], [86.07466439999999, 55.5259559], [86.0756877, 55.526266], [86.07790139999999, 55.52721149999999], [86.08033890000002, 55.5280767], [86.0814786, 55.5283308], [86.08287869999998, 55.5284809], [86.0840255, 55.5284903], [86.08549019999998, 55.52836349999999], [86.0870466, 55.52834639999999], [86.0867212, 55.5279761], [86.0868023, 55.527574699999995], [86.08634719999999, 55.52704979999999], [86.086301, 55.52625809999999], [86.0870501, 55.5259772], [86.0863556, 55.52520129999999], [86.08610459999998, 55.524989999999995], [86.08592979999999, 55.5249159], [86.0857456, 55.5249346], [86.08573949999999, 55.52492219999999], [86.0851866, 55.5249224], [86.0850115, 55.5246975], [86.08504869999999, 55.52460800000001], [86.08499869999999, 55.52449669999999], [86.0841599, 55.523404500000005], [86.0841693, 55.522649], [86.0836842, 55.5224943], [86.08335600000001, 55.5220953], [86.0822975, 55.519806599999995], [86.0828708, 55.5197525], [86.08312629999999, 55.5198012], [86.08320879999998, 55.5201404], [86.0836863, 55.5209594], [86.0852842, 55.521853099999994], [86.0871566, 55.52225550000001], [86.0879822, 55.5229295], [86.08823709999999, 55.52364039999999], [86.08934759999998, 55.52453130000001], [86.0900468, 55.52563529999999], [86.09057609999999, 55.526805800000005], [86.09058599999999, 55.527086999999995], [86.0906888, 55.52725959999999], [86.09106429999999, 55.5274936], [86.091242, 55.5279195], [86.0917641, 55.5285015], [86.092161, 55.5286538], [86.0922874, 55.52879380000001], [86.0922655, 55.52902480000001], [86.09315559999999, 55.52937090000001], [86.09387689999998, 55.52994209999999], [86.0942253, 55.5306633], [86.09474069999999, 55.5314553], [86.0956133, 55.532049400000005], [86.0967355, 55.533177099999996], [86.0979218, 55.5338123], [86.0976579, 55.53403209999999], [86.098051, 55.5344222], [86.09870339999999, 55.534706], [86.09977969999998, 55.5350307], [86.10104879999999, 55.535154199999994], [86.1033104, 55.534901999999995], [86.1052823, 55.5347572], [86.1074965, 55.53468529999999], [86.1076346, 55.5343283], [86.10812689999999, 55.5340394], [86.11012059999999, 55.533985400000006], [86.1116632, 55.5338708], [86.1124331, 55.5337857], [86.11521469999998, 55.5333417], [86.12084779999999, 55.53351180000001], [86.1230334, 55.5337469], [86.1264136, 55.53418080000001], [86.1278395, 55.5341716], [86.1286268, 55.533905299999994], [86.1297226, 55.53310569999999], [86.1300103, 55.5328515], [86.13067650000002, 55.53254299999999], [86.1315538, 55.53232359999999], [86.1346485, 55.5318515], [86.13623499999999, 55.531417700000006], [86.1378966, 55.53088329999999], [86.1391102, 55.5304279], [86.13955789999999, 55.5301535], [86.14136349999998, 55.52847190000001], [86.1410284, 55.5278269], [86.13938919999998, 55.527207999999995], [86.13456909999998, 55.5257328], [86.1242356, 55.5287787], [86.12335309999999, 55.5289927], [86.1231856, 55.528739400000006], [86.1240501, 55.528480099999996], [86.1233664, 55.523815], [86.12230359999998, 55.52359309999999], [86.1215602, 55.5233447], [86.12084629999998, 55.5223786], [86.12095179999999, 55.5210726], [86.1213184, 55.51849059999999], [86.1178145, 55.5166288], [86.11674069999998, 55.515732], [86.1168333, 55.51554000000001], [86.1147557, 55.5151057], [86.1135072, 55.514630600000004], [86.11681019999999, 55.5129918], [86.12023599999999, 55.512845199999994], [86.1240785, 55.51268160000001], [86.12387859999998, 55.5136557], [86.1268742, 55.51407929999999], [86.1302573, 55.514351100000006], [86.130308, 55.515596800000004], [86.1273061, 55.515435800000006], [86.1217432, 55.5154171], [86.121904, 55.5159784], [86.1246223, 55.5165658], [86.1272217, 55.518139299999994], [86.13318829999999, 55.520481600000004], [86.1355515, 55.52026020000001], [86.1364227, 55.52057409999998], [86.1363533, 55.52168569999999], [86.139764, 55.5231155], [86.1429571, 55.5240127], [86.142145, 55.522911499999985], [86.1415471, 55.52184359999999], [86.1387015, 55.520385999999995], [86.1399685, 55.519532], [86.14519649999998, 55.5207339], [86.14622109999999, 55.5214975], [86.1462443, 55.52337459999998], [86.1468809, 55.524580199999996], [86.1470661, 55.525261], [86.1481494, 55.526356299999996], [86.14891669999999, 55.5272543], [86.1500057, 55.527520599999995], [86.15191719999999, 55.5277597], [86.15619199999999, 55.52785009999999], [86.15756519999998, 55.52681909999999], [86.1584678, 55.52591290000001], [86.15906659999999, 55.525538399999995], [86.1604315, 55.5249138], [86.16134809999998, 55.52463960000001], [86.16367859999998, 55.5248922], [86.1637014, 55.52509559999999], [86.16367289999998, 55.525278699999994], [86.1624009, 55.5251239], [86.16113389999998, 55.525215], [86.1598277, 55.525598800000004], [86.1590533, 55.5261301], [86.1586968, 55.5266244], [86.1586314, 55.527034199999996], [86.1586668, 55.52779490000001], [86.15854089999999, 55.52848949999999], [86.15749009999999, 55.5297797], [86.1577785, 55.529911], [86.1595722, 55.5294029], [86.15986059999999, 55.529465399999985], [86.15965829999999, 55.52984409999999], [86.1595219, 55.529799499999996], [86.15925109999999, 55.5299171], [86.1576605, 55.5302055], [86.1570674, 55.5303025], [86.15567489999998, 55.5307485], [86.15228309999999, 55.5315268], [86.1522515, 55.5329742], [86.15433879999999, 55.53471030000001], [86.1584489, 55.5377515], [86.1587689, 55.5387252], [86.1573878, 55.541370199999996], [86.15793689999998, 55.5428625], [86.1587065, 55.5437617], [86.1595208, 55.5449212], [86.1631287, 55.5431498], [86.1635601, 55.5430276], [86.1638616, 55.5428426], [86.16257989999998, 55.5418157], [86.16201479999998, 55.540791699999986], [86.161885, 55.5397338], [86.1624647, 55.5377797], [86.1644036, 55.53282329999999], [86.16576769999999, 55.52899279999999], [86.1658862, 55.528191], [86.1658006, 55.526315000000004], [86.16659999999999, 55.52618979999999], [86.1681992, 55.528805500000004], [86.16923089999999, 55.5286563], [86.16869349999999, 55.527830999999985], [86.1695653, 55.5255898], [86.16801109999999, 55.5254414], [86.1672145, 55.52444330000001], [86.1658223, 55.523000499999995], [86.1665653, 55.5216422], [86.1629465, 55.514501], [86.161237, 55.512255399999994], [86.16132599999999, 55.5102867], [86.16406449999998, 55.50849799999999], [86.1660816, 55.50678859999999], [86.1669873, 55.50570419999998], [86.16823579999999, 55.505972], [86.16820159999999, 55.5060618], [86.1684502, 55.506248], [86.1687353, 55.5064492], [86.16897399999999, 55.50656920000001], [86.1696795, 55.5067499], [86.1701441, 55.5069284], [86.17128329999998, 55.5071204], [86.1714992, 55.50711629999999], [86.1718789, 55.507181], [86.17202569999999, 55.50722040000001], [86.17220679999998, 55.50725349999999], [86.1725125, 55.5072933], [86.17274919999998, 55.50730649999999], [86.1727579, 55.507483], [86.17277069999999, 55.5074934], [86.17280319999999, 55.5075022], [86.17283879999998, 55.507526099999986], [86.1732166, 55.50745449999999], [86.17313219999998, 55.5074306], [86.1731097, 55.5074183], [86.173106, 55.507396400000005], [86.173115, 55.5073678], [86.1731315, 55.5073438], [86.17631589999999, 55.5073212], [86.176197, 55.50708529999999], [86.1772245, 55.5070522], [86.1780788, 55.50692229999999], [86.1792548, 55.5068194], [86.1804432, 55.5068646], [86.18102379999999, 55.5070241], [86.1815919, 55.50697009999999], [86.18198779999999, 55.5070763], [86.182082, 55.50707729999999], [86.18236359999999, 55.50699599999999], [86.18256219999999, 55.506953], [86.1828196, 55.5069352], [86.1835986, 55.506978], [86.18382269999998, 55.50693830000001], [86.1842386, 55.50679490000001], [86.18443159999998, 55.506812199999985], [86.1845724, 55.506747600000004], [86.1847033, 55.5066267], [86.1850231, 55.50652929999999], [86.18524029999999, 55.5063451], [86.1854669, 55.50623949999999], [86.18586929999998, 55.5059942], [86.1860128, 55.505919000000006], [86.186778, 55.505762299999994], [86.18695289999998, 55.50577929999999], [86.1870575, 55.505820299999996], [86.1871715, 55.505901599999994], [86.1872852, 55.5059125], [86.1874424, 55.50589469999999], [86.18755769999999, 55.5058636], [86.1876342, 55.5058188], [86.18777099999998, 55.50559779999999], [86.1879721, 55.50555980000001], [86.18805579999999, 55.5055846], [86.1881963, 55.50552280000001], [86.18823449999998, 55.5054664], [86.18820589999999, 55.5053776], [86.18823039999998, 55.50531729999999], [86.1883362, 55.5052336], [86.1880613, 55.50517979999999], [86.1879208, 55.5051003], [86.1877958, 55.50495479999999], [86.18886939999999, 55.50473079999999], [86.1905781, 55.5042682], [86.19289399999998, 55.50549370000001], [86.1931599, 55.5062586], [86.19387409999999, 55.5063675], [86.1939239, 55.5063748], [86.19395609999998, 55.5065995], [86.19403119999998, 55.5067879], [86.1943262, 55.507006600000004], [86.1952222, 55.5074046], [86.1954924, 55.5124569], [86.20026739999999, 55.5124532], [86.20393679999998, 55.5123899], [86.20384679999998, 55.512257299999995], [86.20370329999999, 55.5121707], [86.20357989999998, 55.51204310000001], [86.2038642, 55.51198239999999], [86.20408419999998, 55.5118336], [86.2038428, 55.51152069999999], [86.20342429999998, 55.5110256], [86.20227279999999, 55.510299499999995], [86.20205099999998, 55.510004900000006], [86.20193300000001, 55.5095462], [86.20204569999999, 55.5091787], [86.2018955, 55.5088475], [86.2020725, 55.50864099999999], [86.20228169999999, 55.5085134], [86.20210929999999, 55.50817889999999], [86.20194909999998, 55.5077539], [86.20208829999999, 55.50686039999999], [86.2022388, 55.50673629999999], [86.202507, 55.50667249999999], [86.2025285, 55.50655090000001], [86.2024373, 55.506362599999996], [86.2025338, 55.5062684], [86.2026887, 55.5062494], [86.2028745, 55.506207599999996], [86.20329409999998, 55.5061986], [86.2033626, 55.5061271], [86.2033546, 55.50604359999999], [86.2032473, 55.505981299999995], [86.2029308, 55.5059616], [86.2028503, 55.5058461], [86.2030381, 55.5055742], [86.20301389999999, 55.50531839999999], [86.20269479999999, 55.5052355], [86.2025338, 55.505156500000005], [86.2022039, 55.5047714], [86.2020054, 55.504770699999995], [86.20161919999998, 55.504682599999995], [86.20145019999998, 55.5043939], [86.20155749999999, 55.5041813], [86.2014931, 55.50379240000001], [86.20061869999999, 55.5030572], [86.201151, 55.502376899999994], [86.2010479, 55.5019026], [86.2014019, 55.50116739999999], [86.20135899999998, 55.5007238], [86.20158399999998, 55.5004073], [86.201477, 55.50007349999999], [86.20079039999999, 55.4998548], [86.20059539999998, 55.49967909999999], [86.20079039999999, 55.499020699999996], [86.2009352, 55.4986363], [86.20097159999999, 55.4982917], [86.2009964, 55.498177899999995], [86.2008142, 55.4979279], [86.20094859999999, 55.4976927], [86.2009104, 55.4975162], [86.2007005, 55.4974729], [86.2003824, 55.497591799999995], [86.20019159999998, 55.49736479999999], [86.19996899999998, 55.49733959999998], [86.19983539999998, 55.49726749999999], [86.1998799, 55.4970513], [86.1998545, 55.4969144], [86.19974, 55.49674869999998], [86.19991170000002, 55.4965649], [86.2000326, 55.49656849999999], [86.20035199999998, 55.49653], [86.20005799999998, 55.496273], [86.1999831, 55.4961781], [86.19998339999998, 55.4960539], [86.2001725, 55.49601719999999], [86.20027269999999, 55.4959532], [86.20025049999998, 55.495897], [86.20007689999998, 55.4958575], [86.1999549, 55.495796199999994], [86.2000008, 55.4956569], [86.1999626, 55.49555599999999], [86.1999378, 55.495432199999996], [86.20001259999998, 55.495381900000005], [86.2004622, 55.4954015], [86.20062409999998, 55.4953698], [86.2006831, 55.4952816], [86.20062419999998, 55.495174000000006], [86.2005446, 55.495107700000005], [86.2005597, 55.4950598], [86.20064069999998, 55.495032200000004], [86.2008786, 55.495015499999994], [86.200967, 55.4949685], [86.20094859999999, 55.4948965], [86.20082129999999, 55.4948677], [86.2007959, 55.49481730000001], [86.2008756, 55.494691499999995], [86.20102099999998, 55.4946708], [86.20105029999999, 55.494608299999996], [86.20094219999999, 55.49453619999999], [86.20075769999998, 55.4945722], [86.2006804, 55.4945493], [86.20064959999999, 55.494495], [86.2006054, 55.49410629999999], [86.20070729999999, 55.4940433], [86.2008968, 55.493954599999995], [86.20095039999998, 55.4934786], [86.20093369999998, 55.493368999999994], [86.20084669999999, 55.4929705], [86.20087239999998, 55.4928576], [86.2009997, 55.4927998], [86.2011167, 55.49264279999999], [86.2008212, 55.49228], [86.200661, 55.4922381], [86.20060530000002, 55.4922002], [86.2006426, 55.49213000000001], [86.2008643, 55.4919242], [86.2010613, 55.491854399999994], [86.20105519999998, 55.491781100000004], [86.20094999999999, 55.49176409999999], [86.2008599, 55.4917297], [86.20083959999998, 55.49161720000001], [86.2008896, 55.4915832], [86.20097380000001, 55.4915736], [86.201072, 55.4915787], [86.2011437, 55.49153849999998], [86.2011426, 55.49131289999999], [86.201328, 55.49123209999998], [86.20142239999998, 55.4911319], [86.201502, 55.49097640000001], [86.2016994, 55.490784399999995], [86.20179899999998, 55.49056259999999], [86.2021477, 55.49029999999998], [86.2026633, 55.490131999999996], [86.2034524, 55.4898945], [86.2041215, 55.4896858], [86.2047252, 55.48954160000001], [86.20568279999999, 55.4892491], [86.2057115, 55.4891523], [86.20344939999998, 55.4881938], [86.20569369999998, 55.4848389], [86.20274069999999, 55.48266], [86.1978982, 55.483402299999995], [86.19665, 55.48282189999999], [86.19146839999999, 55.48423240000001], [86.19099669999999, 55.48549570000001], [86.1870973, 55.4844207], [86.1847423, 55.4851573], [86.181119, 55.4839544], [86.1775136, 55.48219169999999], [86.1765691, 55.48351079999998], [86.1707971, 55.48384589999999], [86.1701108, 55.4811566], [86.16859699999999, 55.4803179], [86.1674388, 55.4809819], [86.1626712, 55.47984739999999], [86.1623659, 55.4787235], [86.15946399999999, 55.47905180000001], [86.15557109999999, 55.47606419999999], [86.15629329999999, 55.4738427], [86.1583446, 55.474064399999996], [86.15837399999998, 55.4739746], [86.1584075, 55.4733475], [86.1584615, 55.4732185], [86.15977989999999, 55.47299209999999], [86.15970899999999, 55.472843], [86.16071579999999, 55.47264429999999], [86.1636265, 55.4723781], [86.1653449, 55.4718942], [86.16552669999999, 55.4716619], [86.1637555, 55.4689882], [86.1635828, 55.4685706], [86.16367400000001, 55.4683273], [86.16383449999998, 55.468163100000005], [86.16497219999998, 55.4676781], [86.16623279999999, 55.467028899999995], [86.16697789999999, 55.4666967], [86.1678061, 55.465838399999996], [86.16911399999998, 55.46503849999999], [86.1696395, 55.464429700000004], [86.16971239999998, 55.4637458], [86.1698163, 55.463610599999996], [86.1712768, 55.4628797], [86.1718956, 55.4621626], [86.1725771, 55.4615781], [86.1762252, 55.4604162], [86.1783933, 55.4600454], [86.179101, 55.4602561], [86.1800252, 55.460288999999996], [86.18045929999998, 55.4602499], [86.18345539999999, 55.4594005], [86.18452569999998, 55.459108799999996], [86.18481520000002, 55.45944999999999], [86.18517989999998, 55.46012520000001], [86.1855861, 55.460690699999994], [86.18544819999998, 55.4611046], [86.1854838, 55.46124499999999], [86.1863993, 55.4613022], [86.1865801, 55.4614148], [86.1869341, 55.4617828], [86.18725949999998, 55.462238500000005], [86.1876529, 55.4625127], [86.1882484, 55.462679999999985], [86.1885649, 55.46287769999999], [86.18870979999998, 55.4630163], [86.188978, 55.4636289], [86.18895109999998, 55.46408809999999], [86.18912819999998, 55.4644226], [86.19009449999999, 55.4653238], [86.1902627, 55.46531979999999], [86.1906091, 55.46506209999998], [86.1908173, 55.4637743], [86.1916065, 55.463641100000004], [86.1922918, 55.4634527], [86.19245409999999, 55.4633704], [86.19245409999999, 55.46321529999999], [86.1923361, 55.4630085], [86.1920947, 55.4627469], [86.19191729999999, 55.4624297], [86.1919606, 55.4622998], [86.1927854, 55.4621129], [86.19321579999999, 55.46189839999999], [86.1933745, 55.46168300000001], [86.1934805, 55.461488499999994], [86.1934948, 55.4606818], [86.19379589999998, 55.459732699999996], [86.19362349999999, 55.459542799999994], [86.1930458, 55.45908729999999], [86.1925971, 55.45843669999999], [86.1927491, 55.458282], [86.19314069999999, 55.4580934], [86.1935897, 55.45801989999999], [86.19476879999999, 55.457904799999994], [86.1953976, 55.45779120000001], [86.19622870000002, 55.4573604], [86.1971104, 55.4570471], [86.197443, 55.456995400000004], [86.1976742, 55.45699470000001], [86.19792039999999, 55.4570471], [86.1985896, 55.45745279999999], [86.199165, 55.458035599999995], [86.20003939999998, 55.4587078], [86.20050069999999, 55.45900590000001], [86.20070819999998, 55.458976799999995], [86.2008414, 55.458847799999994], [86.2007958, 55.4587641], [86.2005141, 55.4586196], [86.2003103, 55.4584752], [86.2001252, 55.4582896], [86.1999804, 55.4580645], [86.19868779999999, 55.4567972], [86.19851049999998, 55.45661820000001], [86.1984569, 55.4562775], [86.1966292, 55.45544739999999], [86.1957526, 55.4552603], [86.1917482, 55.4569338], [86.1914241, 55.4569467], [86.19086489999998, 55.4568405], [86.1893642, 55.4556144], [86.1889887, 55.45523420000001], [86.18809279999999, 55.4546288], [86.18768509999998, 55.4544159], [86.18700069999998, 55.453995500000005], [86.18625279999999, 55.4543246], [86.18587349999999, 55.4543645], [86.184665, 55.45431849999999], [86.1843753, 55.45434899999999], [86.1834168, 55.4547006], [86.182782, 55.45428510000001], [86.1827177, 55.45429270000001], [86.18268279999998, 55.4541482], [86.1826908, 55.453964199999994], [86.1829591, 55.4535732], [86.18328659999999, 55.4532621], [86.1843216, 55.45282190000001], [86.1873472, 55.451760199999995], [86.1893509, 55.4511564], [86.1889148, 55.4506363], [86.1877066, 55.4497553], [86.18750269999998, 55.4497401], [86.18727739999999, 55.4499227], [86.18695559999999, 55.4500961], [86.18639770000001, 55.4502543], [86.186277, 55.4502269], [86.18624209999999, 55.450185799999986], [86.1862689, 55.4500961], [86.1863252, 55.4500367], [86.1865076, 55.44997439999999], [86.1868107, 55.4498922], [86.1871272, 55.44977360000001], [86.1873257, 55.44961539999999], [86.1873311, 55.449429800000004], [86.18692959999998, 55.449038400000006], [86.1955528, 55.4473442], [86.2009394, 55.4473845], [86.2018119, 55.44675929999999], [86.1980251, 55.4464299], [86.19989649999998, 55.44567599999999], [86.19743999999999, 55.4399188], [86.1984891, 55.43805580000001], [86.20041689999998, 55.4371612], [86.2139601, 55.4331378], [86.21531549999999, 55.4328504], [86.2155452, 55.43284709999999], [86.2160575, 55.432923200000005], [86.21693809999998, 55.43318000000001], [86.21952789999999, 55.4345828], [86.2239048, 55.43269999999998], [86.2293166, 55.43332], [86.2330679, 55.4325761], [86.2361673, 55.4337896], [86.236563, 55.433709900000004], [86.2366247, 55.433658199999996], [86.2367615, 55.4335973], [86.23697280000002, 55.43355], [86.2373006, 55.4335608], [86.23785849999999, 55.4334238], [86.2384416, 55.4334289], [86.2394218, 55.43358009999999], [86.23976559999998, 55.433551699999995], [86.2403389, 55.43331309999999], [86.24067219999999, 55.4330738], [86.2410477, 55.43291249999999], [86.2413776, 55.43266289999999], [86.2416541, 55.43249809999999], [86.24167329999999, 55.432366], [86.24139369999999, 55.43208919999999], [86.2412462, 55.4320162], [86.2411442, 55.43180009999999], [86.2410324, 55.431648599999995], [86.24179869999999, 55.431390699999994], [86.2419531, 55.43136679999999], [86.2421125, 55.431412], [86.24220539999999, 55.4314165], [86.24272349999998, 55.4312143], [86.2433714, 55.43119349999999], [86.24360869999998, 55.4312816], [86.2435814, 55.431483499999985], [86.24330760000001, 55.4316906], [86.2434353, 55.4319754], [86.2436698, 55.4321122], [86.2442749, 55.43191329999999], [86.24474949999998, 55.4319703], [86.24503239999999, 55.43217739999999], [86.2453245, 55.43216699999999], [86.2462371, 55.4312143], [86.24662949999998, 55.4312453], [86.2468029, 55.4311003], [86.24672079999999, 55.430924299999994], [86.2465017, 55.43090359999999], [86.24663859999998, 55.43069129999999], [86.2469033, 55.4304789], [86.2473322, 55.4304686], [86.24776119999999, 55.430365], [86.24811709999999, 55.43040129999999], [86.24828139999998, 55.4305307], [86.2485187, 55.4305152], [86.24874679999999, 55.4304168], [86.2488016, 55.4302304], [86.24859169999999, 55.430043999999995], [86.2485369, 55.4297643], [86.2491751, 55.429267], [86.2494993, 55.42921439999999], [86.2505937, 55.42906629999999], [86.2503178, 55.4289316], [86.25003039999999, 55.428864299999994], [86.24960069999999, 55.42886399999999], [86.2493166, 55.4287586], [86.2487143, 55.4287482], [86.2485203, 55.42869079999999], [86.2483857, 55.4285618], [86.2480402, 55.428461], [86.2475484, 55.42841200000001], [86.24721139999998, 55.4284366], [86.24706789999999, 55.4284068], [86.24655140000002, 55.428256299999994], [86.24592799999999, 55.4279066], [86.2441384, 55.42710879999999], [86.2422895, 55.4264702], [86.24218609999998, 55.42640219999999], [86.24186439999998, 55.42609579999999], [86.24479199999999, 55.4248035], [86.24517289999999, 55.42502269999999], [86.24554869999999, 55.4253029], [86.2458202, 55.4254386], [86.2463029, 55.4255837], [86.24695029999998, 55.425823599999994], [86.24825, 55.426403900000004], [86.24870639999999, 55.4266723], [86.2490409, 55.4268337], [86.24940879999998, 55.42698689999999], [86.2495402, 55.4271713], [86.2496907, 55.4272838], [86.2503215, 55.4274506], [86.25049079999998, 55.4276032], [86.25080409999998, 55.42772709999999], [86.2509928, 55.427893899999994], [86.25113619999999, 55.42795079999999], [86.2512843, 55.4279671], [86.2514707, 55.4280945], [86.25169729999999, 55.4281708], [86.2518458, 55.42817039999999], [86.252197, 55.428110800000006], [86.2526022, 55.42812489999999], [86.25274649999999, 55.4280783], [86.2528683, 55.42793999999999], [86.2533876, 55.4278834], [86.25350859999999, 55.42782469999999], [86.2536324, 55.4275385], [86.25372610000001, 55.427511599999995], [86.25431909999999, 55.42747369999999], [86.2545981, 55.4273285], [86.25481649999999, 55.427116600000005], [86.2550306, 55.427016699999996], [86.25542479999999, 55.42690280000001], [86.25564549999999, 55.4267572], [86.2558067, 55.42642240000001], [86.2558067, 55.4259667], [86.2564364, 55.4254436], [86.2568744, 55.4254436], [86.2572895, 55.4253224], [86.25769579999998, 55.42497230000001], [86.25790569999998, 55.42468229999999], [86.2578144, 55.4246046], [86.2569292, 55.4243405], [86.25679229999999, 55.4241333], [86.2569474, 55.42385879999999], [86.2573307, 55.42368269999999], [86.2573216, 55.4232995], [86.2578053, 55.42275049999999], [86.2576748, 55.4222378], [86.2580335, 55.42186999999999], [86.2580335, 55.4214194], [86.25900999999999, 55.4211397], [86.2594845, 55.4208548], [86.2597401, 55.420818499999996], [86.26057059999998, 55.4208807], [86.26134629999999, 55.4206114], [86.2613919, 55.4204404], [86.2612303, 55.419791999999994], [86.26151329999999, 55.41948289999999], [86.26157609999998, 55.4189878], [86.26390099999999, 55.41918259999999], [86.2661984, 55.41921920000001], [86.2669986, 55.4197759], [86.2674503, 55.419761300000005], [86.267792, 55.4196376], [86.26810309999999, 55.4196249], [86.2683043, 55.4197193], [86.26845989999998, 55.41985329999999], [86.268833, 55.4199418], [86.26934229999999, 55.41983799999999], [86.2696476, 55.4198631], [86.27035859999998, 55.4202365], [86.27103609999999, 55.4202207], [86.2748644, 55.4210133], [86.2751761, 55.4210543], [86.2753853, 55.42101169999999], [86.275852, 55.4207987], [86.27628919999998, 55.4207697], [86.27685959999998, 55.4206469], [86.2770483, 55.4206311], [86.2777917, 55.4207614], [86.27799239999999, 55.4207438], [86.27826599999999, 55.42056109999999], [86.2788338, 55.4203326], [86.2787047, 55.41992969999999], [86.27879709999999, 55.419742099999986], [86.2789629, 55.419600100000004], [86.27928549999999, 55.4195049], [86.27953879999998, 55.41930490000001], [86.2795669, 55.4191591], [86.2800969, 55.418668], [86.28044929999999, 55.4184877], [86.28060309999998, 55.4184647], [86.28136930000001, 55.4187313], [86.28172019999998, 55.41881289999999], [86.281895, 55.4188242], [86.28200359999998, 55.418764599999996], [86.28201039999999, 55.4186613], [86.2817636, 55.41805449999999], [86.2819572, 55.417783400000005], [86.282467, 55.4176285], [86.2835365, 55.4176428], [86.28473819999999, 55.4175575], [86.2850805, 55.4174831], [86.2855697, 55.41694549999999], [86.28587669999999, 55.4168189], [86.2866551, 55.4168384], [86.2872101, 55.416640599999994], [86.2877047, 55.41613859999999], [86.2878227, 55.415805199999994], [86.2881295, 55.4156213], [86.28816519999998, 55.4146406], [86.2891317, 55.4141974], [86.2889492, 55.413861000000004], [86.28887679999998, 55.41364170000001], [86.28896969999998, 55.413450700000006], [86.28925979999998, 55.413028800000006], [86.2883492, 55.41314539999999], [86.28933709999998, 55.412218599999996], [86.2904559, 55.411169], [86.2903851, 55.41012009999999], [86.29078320000002, 55.4087727], [86.2897719, 55.40820430000001], [86.29204009999998, 55.4052127], [86.29073609999999, 55.4046748], [86.28968159999998, 55.4043766], [86.2897183, 55.4043203], [86.28928599999999, 55.404177999999995], [86.2901831, 55.4032292], [86.29117, 55.400928300000004], [86.29024309999998, 55.4008431], [86.28899279999999, 55.400486400000005], [86.2868369, 55.399420299999996], [86.2863454, 55.398908299999995], [86.28528219999998, 55.39835429999999], [86.28163069999998, 55.3976025], [86.2793863, 55.3967635], [86.2784982, 55.39673880000001], [86.27797999999999, 55.3967892], [86.2775996, 55.396907799999994], [86.2772919, 55.3972566], [86.27696020000002, 55.3973051], [86.2752486, 55.3971613], [86.2746892, 55.39722609999999], [86.27389209999998, 55.3975163], [86.273543, 55.39753160000001], [86.2728407, 55.3974319], [86.27229899999999, 55.3974604], [86.27160669999999, 55.3975658], [86.2712806, 55.39755439999999], [86.2706248, 55.3974998], [86.26850809999999, 55.3978668], [86.26782649999998, 55.39772839999999], [86.26566240000001, 55.3964365], [86.25856649999999, 55.400411199999986], [86.25602919999999, 55.3993512], [86.25275689999998, 55.398046099999995], [86.2526722, 55.39741610000001], [86.24755389999999, 55.398605899999986], [86.2473847, 55.39856489999999], [86.2468197, 55.3977033], [86.246278, 55.39671649999999], [86.24596009999999, 55.395975199999995], [86.24561229999999, 55.39481570000001], [86.245535, 55.3944042], [86.2456737, 55.3929108], [86.24577849999999, 55.3914417], [86.24594629999999, 55.39074209999998], [86.2463616, 55.39037220000001], [86.24702099999999, 55.38995899999999], [86.24784419999999, 55.3895358], [86.24894589999998, 55.3887823], [86.24955869999998, 55.38819339999999], [86.2502531, 55.38763469999999], [86.25474609999999, 55.3857444], [86.2553011, 55.3854829], [86.25548079999999, 55.385352899999994], [86.2556014, 55.3852586], [86.25561, 55.38518959999999], [86.25495340000002, 55.3847962], [86.2523961, 55.38531830000001], [86.25079869999999, 55.385588600000005], [86.2467134, 55.385668599999995], [86.2433484, 55.38534899999999], [86.2388827, 55.3850408], [86.24395, 55.3907337], [86.2434746, 55.39096719999999], [86.2404892, 55.389275500000004], [86.2382355, 55.3884062], [86.23376329999999, 55.387107500000006], [86.2313565, 55.386848900000004], [86.2295568, 55.387106900000006], [86.2281232, 55.3871625], [86.22683219999999, 55.3872215], [86.226378, 55.387661], [86.2253689, 55.3877279], [86.2246457, 55.387622799999995], [86.2248475, 55.3879858], [86.2252714, 55.388253299999995], [86.22614869999998, 55.3898109], [86.22604169999998, 55.3906989], [86.2253689, 55.3919217], [86.2268815, 55.3946934], [86.2283571, 55.39612090000001], [86.228088, 55.397114300000005], [86.2295207, 55.399779699999996], [86.23063649999999, 55.4006703], [86.2305003, 55.4011571], [86.2288946, 55.4021067], [86.2285218, 55.402536199999986], [86.2256849, 55.40402269999999], [86.22528429999998, 55.40415049999999], [86.22466409999998, 55.4042708], [86.22329579999999, 55.405555899999996], [86.22211119999999, 55.40765309999999], [86.22104569999999, 55.409917699999994], [86.2208006, 55.41069099999999], [86.220333, 55.4113548], [86.21971069999998, 55.4116197], [86.2190509, 55.4122592], [86.2174606, 55.4133859], [86.21734659999998, 55.417991199999996], [86.21574479999998, 55.41855730000001], [86.2129365, 55.419021300000004], [86.21210099999999, 55.4189637], [86.2111913, 55.418381100000005], [86.2105264, 55.4181183], [86.2097921, 55.41704330000001], [86.2094754, 55.41690289999999], [86.2091374, 55.4168298], [86.20814639999999, 55.41631219999999], [86.2040213, 55.4179138], [86.20148869999998, 55.4163445], [86.1965956, 55.4167689], [86.1744949, 55.4178473], [86.17362499999999, 55.418102600000005], [86.17317439999998, 55.41877540000001], [86.172536, 55.4187663], [86.17214149999998, 55.4189759], [86.17214439999998, 55.41932349999998], [86.1713075, 55.4196949], [86.17057269999998, 55.419560999999995], [86.1697411, 55.419716199999996], [86.1685824, 55.4197132], [86.168561, 55.420075499999996], [86.1689118, 55.42025309999999], [86.1673057, 55.420933999999995], [86.1642992, 55.420380900000005], [86.1532942, 55.420218], [86.1442059, 55.417639300000005], [86.1384045, 55.4203664], [86.13602129999998, 55.4171765], [86.13574659999999, 55.41681599999999], [86.1365998, 55.4148689], [86.1363208, 55.4143695], [86.1365636, 55.4137191], [86.138067, 55.4118388], [86.14103539999999, 55.4079753], [86.1410804, 55.40654789999999], [86.14179949999999, 55.405878099999995], [86.1418432, 55.4058375], [86.14382179999998, 55.4039946], [86.1453619, 55.4028682], [86.1464634, 55.40206249999999], [86.147064, 55.4025037], [86.1470595, 55.40270219999999], [86.1472305, 55.4027961], [86.1473861, 55.403061099999995], [86.14772389999999, 55.4031335], [86.1483234, 55.403519599999996], [86.1489817, 55.4038136], [86.1492712, 55.404004399999984], [86.158055, 55.4090478], [86.1628305, 55.41180229999999], [86.1643338, 55.4122877], [86.1730613, 55.413003], [86.1752309, 55.412374799999995], [86.17742509999998, 55.4110721], [86.1791445, 55.409735299999994], [86.1796741, 55.40952], [86.18071999999998, 55.4090949], [86.18497199999999, 55.410609099999995], [86.18503479999998, 55.4106173], [86.1850674, 55.4105825], [86.1850857, 55.41054069999999], [86.18506499999998, 55.4103621], [86.1852124, 55.4102746], [86.1857554, 55.41030510000001], [86.18625809999999, 55.41015279999999], [86.1870099, 55.41026870000001], [86.18718949999999, 55.41022850000001], [86.1873205, 55.4099853], [86.187601, 55.4098588], [86.18819779999998, 55.40952200000001], [86.18857569999999, 55.40947349999999], [86.1889755, 55.40921190000001], [86.18898, 55.40902700000001], [86.1888865, 55.40879229999999], [86.1891078, 55.408248], [86.18919119999998, 55.408176899999994], [86.1893387, 55.40811909999999], [86.1894487, 55.4080962], [86.1895157, 55.40806419999999], [86.189516, 55.40799680000001], [86.18941109999999, 55.407956899999995], [86.189222, 55.40795159999999], [86.1891295, 55.40790539999999], [86.18901549999998, 55.4077094], [86.1890008, 55.407455099999986], [86.1889672, 55.40740720000001], [86.1888747, 55.407372099999996], [86.18871779999999, 55.407343199999985], [86.1886602, 55.4072731], [86.1886454, 55.4072221], [86.1886802, 55.4071993], [86.1887594, 55.407197], [86.1888345, 55.407149], [86.1888318, 55.407044], [86.188851, 55.407010699999994], [86.1889203, 55.4069983], [86.18907049999999, 55.4070166], [86.1891763, 55.4069982], [86.18918929999998, 55.4069293], [86.18932929999998, 55.4068696], [86.1894021, 55.40680549999998], [86.1893722, 55.4067128], [86.18929849999999, 55.4066412], [86.1891813, 55.406611], [86.1890504, 55.406658699999994], [86.18897929999999, 55.406655699999995], [86.1889435, 55.406622299999995], [86.18897389999998, 55.406565099999995], [86.1889981, 55.4065178], [86.18897119999998, 55.4064927], [86.1889203, 55.406471399999994], [86.1889072, 55.4064106], [86.18897659999999, 55.4063404], [86.18909459999999, 55.40633429999999], [86.1891694, 55.4063003], [86.1891158, 55.40613619999999], [86.1889446, 55.4060268], [86.18927639999998, 55.4059143], [86.1895494, 55.4059842], [86.18980089999998, 55.40611789999999], [86.1902612, 55.405963], [86.190399, 55.405860200000006], [86.1903201, 55.4055983], [86.1902125, 55.405322899999994], [86.19025590000001, 55.405169799999996], [86.1903837, 55.404810499999996], [86.19022839999998, 55.40422219999999], [86.19008070000001, 55.4038251], [86.19051849999998, 55.4034079], [86.1912959, 55.40276020000001], [86.19150419999998, 55.40259449999999], [86.19178059999999, 55.402502399999996], [86.191521, 55.40209639999999], [86.19185119999999, 55.4016876], [86.1915853, 55.4015346], [86.19154769999999, 55.4013718], [86.1918513, 55.4011006], [86.1918548, 55.400915700000006], [86.1916991, 55.40080849999999], [86.19129299999999, 55.40063980000001], [86.1909618, 55.4003458], [86.19113969999998, 55.400106599999994], [86.19104809999999, 55.3997383], [86.1910791, 55.3996119], [86.1907758, 55.39946119999999], [86.1911374, 55.3992201], [86.1911645, 55.39897129999999], [86.19146779999998, 55.3987614], [86.1918863, 55.39873299999999], [86.19209809999998, 55.3986398], [86.19191899999998, 55.398232199999995], [86.19247859999999, 55.3980315], [86.1927001, 55.3979324], [86.192751, 55.397799899999995], [86.19251999999999, 55.3975125], [86.19181849999998, 55.3974425], [86.19140749999998, 55.3971783], [86.1911265, 55.397194899999995], [86.190781, 55.3969861], [86.1906336, 55.3965866], [86.19008399999998, 55.3965463], [86.1898945, 55.396510199999994], [86.18990699999999, 55.3963783], [86.19012239999999, 55.39630840000001], [86.19047199999999, 55.39629750000001], [86.1905207, 55.396205], [86.1903459, 55.395970899999995], [86.19033689999999, 55.3958707], [86.1906971, 55.395758099999995], [86.19083959999999, 55.3955014], [86.1907643, 55.395324], [86.1906184, 55.39528060000001], [86.19036369999999, 55.3953454], [86.19021619999998, 55.3953282], [86.1902028, 55.395246400000005], [86.19034699999999, 55.3951379], [86.1903942, 55.3949831], [86.1903242, 55.3948372], [86.19020619999999, 55.394759099999995], [86.1898865, 55.3947567], [86.18942099999998, 55.3948313], [86.18914899999999, 55.3948163], [86.18902359999998, 55.39472259999999], [86.1889644, 55.3945841], [86.18881930000002, 55.3945341], [86.1885676, 55.39448490000001], [86.18850319999999, 55.39443159999998], [86.1885783, 55.39434169999999], [86.188699, 55.394337199999995], [86.1888992, 55.3942866], [86.18906739999998, 55.394143500000006], [86.1890377, 55.394002], [86.1888997, 55.393862199999994], [86.1886936, 55.39379489999999], [86.1885247, 55.3936837], [86.18843159999999, 55.3935313], [86.1882768, 55.3933668], [86.1880875, 55.3933485], [86.18789329999998, 55.39330319999999], [86.1878246, 55.3932313], [86.1878316, 55.39306009999999], [86.1881378, 55.392935699999995], [86.18829129999999, 55.39281079999999], [86.18830559999999, 55.39267689999999], [86.1881492, 55.3925884], [86.18790239999998, 55.39255490000001], [86.18770819999999, 55.3924462], [86.187802, 55.3923343], [86.18776789999998, 55.392056999999994], [86.18795959999999, 55.391768000000006], [86.1881572, 55.391718499999996], [86.18831789999999, 55.3917836], [86.1884411, 55.39172969999999], [86.18837, 55.39163009999999], [86.1884506, 55.391535899999994], [86.1887057, 55.391455699999995], [86.18877729999998, 55.39131859999999], [86.1885918, 55.3910763], [86.1885595, 55.390741999999996], [86.18862909999999, 55.390660100000005], [86.18887409999999, 55.39063380000001], [86.1889994, 55.39059729999999], [86.18903429999999, 55.3905318], [86.18884399999999, 55.3904412], [86.1887231, 55.39034900000001], [86.18865149999999, 55.3902372], [86.1884642, 55.3897704], [86.18836139999999, 55.38964429999999], [86.1884764, 55.3895111], [86.1884817, 55.3894288], [86.18842809999998, 55.389328299999995], [86.1884925, 55.3892826], [86.1887231, 55.389328299999995], [86.1887661, 55.38930239999999], [86.1887925, 55.389209], [86.1886588, 55.38915], [86.1885756, 55.3890662], [86.1886147, 55.38902339999999], [86.18868829999998, 55.3890342], [86.18874189999998, 55.389022], [86.18873009999999, 55.388916099999996], [86.18867249999998, 55.388720299999996], [86.1885532, 55.3886257], [86.1884269, 55.388572200000006], [86.18832079999999, 55.388525900000005], [86.18821349999999, 55.388330799999984], [86.1878005, 55.3876189], [86.1872977, 55.3865304], [86.18582719999999, 55.3851101], [86.18513359999999, 55.38457700000001], [86.1846874, 55.38376970000001], [86.1846607, 55.38337489999999], [86.18443879999998, 55.3832581], [86.18408329999998, 55.3828684], [86.1836429, 55.3825888], [86.1835778, 55.382158999999994], [86.1839142, 55.3815803], [86.1845891, 55.3808277], [86.1847581, 55.3804296], [86.18489129999999, 55.38011569999998], [86.1850203, 55.379945299999996], [86.1855937, 55.37982530000001], [86.1861884, 55.379401099999995], [86.1861796, 55.3792525], [86.1855583, 55.3790941], [86.1854457, 55.378921999999996], [86.18533189999998, 55.3786179], [86.1877065, 55.37865270000001], [86.18922949999998, 55.378626399999995], [86.19349829999999, 55.3783983], [86.1979169, 55.3778894], [86.2021671, 55.377153299999996], [86.2036135, 55.3767445], [86.20279829999998, 55.3744894], [86.202025, 55.3723821], [86.2059672, 55.364686400000004], [86.2036604, 55.3626339], [86.20268939999998, 55.36174659999999], [86.20224419999998, 55.36144780000001], [86.20169599999998, 55.36065320000001], [86.19935969999999, 55.355839799999984], [86.1990973, 55.35528080000001], [86.20052869999999, 55.3551234], [86.2002482, 55.354368099999995], [86.2000591, 55.353852200000006], [86.1996473, 55.3526806], [86.1989455, 55.350765900000006], [86.19997499999998, 55.3507005], [86.1999502, 55.3506177], [86.2002084, 55.3505861], [86.20015739999998, 55.35042790000001], [86.19951639999998, 55.35047549999999], [86.1990103, 55.350325999999995], [86.2003147, 55.349175], [86.20617329999999, 55.34228349999999], [86.2048903, 55.341688299999994], [86.2067878, 55.33975339999999], [86.203671, 55.334648300000005], [86.2034922, 55.3344942], [86.200659, 55.32993009999999], [86.19629119999999, 55.3302135], [86.1962593, 55.33021709999999], [86.19577469999999, 55.330272], [86.1953348, 55.33029030000001], [86.1944424, 55.3302786], [86.19066389999999, 55.3282342], [86.18985239999999, 55.3275545], [86.1894643, 55.32747750000001], [86.1885313, 55.327201899999984], [86.187983, 55.3269815], [86.18740819999998, 55.32699689999999], [86.18706319999998, 55.3268168], [86.18673879999999, 55.32666710000001], [86.18641109999999, 55.32639939999999], [86.1858023, 55.326172099999994], [86.18538919999999, 55.32596759999999], [86.18502159999998, 55.325876699999995], [86.18470839999999, 55.325792500000006], [86.1842681, 55.326266499999996], [86.18260519999998, 55.3257963], [86.1778814, 55.3243541], [86.1792591, 55.3228515], [86.1793738, 55.322886], [86.18003639999999, 55.3230715], [86.18041919999999, 55.322628699999996], [86.1804393, 55.3226054], [86.1799037, 55.3224556], [86.1796754, 55.3223931], [86.1811194, 55.32084269999999], [86.18118559999999, 55.32077159999999], [86.1731899, 55.3183884], [86.17788800000001, 55.3131313], [86.1783915, 55.3125561], [86.17851179999998, 55.312418699999995], [86.1743201, 55.31160189999999], [86.16970089999998, 55.310655], [86.1680835, 55.310477899999995], [86.1666688, 55.31030909999999], [86.16824649999998, 55.308546], [86.1684062, 55.3083426], [86.1687649, 55.307323299999986], [86.16872189999998, 55.3073286], [86.16848489999998, 55.3073132], [86.16853269999999, 55.3071444], [86.1687293, 55.3071564], [86.16882959999998, 55.30714660000001], [86.16907839999999, 55.30644959999999], [86.1690921, 55.3061561], [86.16917849999999, 55.3056303], [86.1690418, 55.305220599999984], [86.16898339999999, 55.30497209999999], [86.16883169999998, 55.3050876], [86.16881339999999, 55.3050148], [86.16893449999999, 55.30489349999999], [86.1688997, 55.30475], [86.1687391, 55.30469799999999], [86.1687261, 55.304642799999996], [86.16892269999998, 55.304704400000006], [86.16890349999998, 55.3045735], [86.1685698, 55.30359529999999], [86.1684945, 55.303600899999985], [86.1681166, 55.3028398], [86.1673504, 55.301630599999996], [86.1668113, 55.3012658], [86.166918, 55.30121640000001], [86.16647479999999, 55.300909600000004], [86.165923, 55.3004481], [86.1649721, 55.29980590000001], [86.16345620000001, 55.298994099999994], [86.1616867, 55.2983168], [86.15915399999999, 55.2975358], [86.1577792, 55.29713279999999], [86.1546185, 55.2960204], [86.1539218, 55.2958263], [86.1534332, 55.2957922], [86.1523281, 55.295507799999996], [86.151142, 55.2952839], [86.14907879999998, 55.29489339999999], [86.14687899999998, 55.29464449999999], [86.14638709999998, 55.2947804], [86.14521669999999, 55.29471819999999], [86.14416889999998, 55.2944646], [86.1425324, 55.2943588], [86.1415416, 55.2940015], [86.14040809999999, 55.29293679999999], [86.13941249999999, 55.2912596], [86.1394019, 55.29114250000001], [86.139892, 55.29111720000001], [86.1405892, 55.2911293], [86.14073589999998, 55.291108], [86.1450654, 55.2912015], [86.14620829999998, 55.2910216], [86.1479146, 55.2908376], [86.1506733, 55.290569600000005], [86.1508784, 55.290216300000004], [86.1511695, 55.29003709999999], [86.1516294, 55.2895096], [86.1431014, 55.28609199999999], [86.1403808, 55.285176799999995], [86.1424425, 55.28319880000001], [86.1394579, 55.282122099999995], [86.139837, 55.2818091], [86.13917199999999, 55.28152450000001], [86.13891519999999, 55.2813622], [86.13888789999999, 55.2813167], [86.1388253, 55.28128569999999], [86.1311692, 55.2782557], [86.130707, 55.27763720000001], [86.1302382, 55.27733919999999], [86.13020799999998, 55.27730939999999], [86.1300753, 55.2772694], [86.12972659999998, 55.277115499999994], [86.1296783, 55.2771192], [86.1286242, 55.276679300000005], [86.1254901, 55.275271700000005], [86.1258843, 55.274963], [86.1261498, 55.2742316], [86.1254134, 55.273919400000004], [86.12433539999999, 55.2746892], [86.1204308, 55.272355999999995], [86.1148417, 55.270144999999985], [86.110973, 55.268481799999996], [86.1079324, 55.26768320000001], [86.10356439999998, 55.2658642], [86.096648, 55.262959800000004], [86.08838619999999, 55.259468399999996], [86.0809305, 55.257346], [86.07964979999998, 55.2582234], [86.0794312, 55.2584749], [86.07838379999998, 55.2593232], [86.08335600000001, 55.261413000000005], [86.0845061, 55.26183809999999], [86.08555199999999, 55.262322], [86.0843504, 55.263341399999995], [86.0839963, 55.26371279999999], [86.0838246, 55.2639183], [86.08369579999999, 55.2640972], [86.0836449, 55.2642217], [86.08363959999998, 55.264313400000006], [86.0836825, 55.26442800000001], [86.0837522, 55.26452890000001], [86.0838528, 55.264657199999995], [86.0840271, 55.2647834], [86.08416259999998, 55.2648628], [86.08606099999999, 55.265657499999996], [86.0864492, 55.26580379999999], [86.0868267, 55.26595629999999], [86.0905869, 55.2675714], [86.0911015, 55.2678356], [86.09139249999998, 55.26795820000001], [86.09174649999999, 55.268076699999995], [86.0924515, 55.2683346], [86.09345889999999, 55.2687466], [86.0935436, 55.2688067], [86.093555, 55.26884760000001], [86.09365109999999, 55.268915099999994], [86.09382009999999, 55.268966199999994], [86.0967763, 55.27024], [86.0960518, 55.2709725], [86.09814099999998, 55.2721547], [86.0997349, 55.2740684], [86.100039, 55.27551679999999], [86.09997219999998, 55.276731299999994], [86.0994747, 55.27822929999999], [86.0991862, 55.279097799999995], [86.10089309999998, 55.2797943], [86.10094929999998, 55.280735400000005], [86.10388649999999, 55.28235159999999], [86.10252079999998, 55.282934600000004], [86.10058720000002, 55.283907], [86.1052194, 55.28848549999999], [86.1025473, 55.2893879], [86.10454, 55.29186969999999], [86.0958128, 55.2945705], [86.09227529999998, 55.2904883], [86.08656109999998, 55.2937264], [86.0823445, 55.291597100000004], [86.07332629999999, 55.2964071], [86.07202579999999, 55.2993085], [86.0688673, 55.30232159999999], [86.0642074, 55.300646799999996], [86.0633932, 55.301472499999996], [86.063064, 55.301394800000004], [86.06292170000002, 55.3015674], [86.0624796, 55.3023366], [86.0623691, 55.30231810000001], [86.06220339999999, 55.3024968], [86.06235630000002, 55.302528899999984], [86.0621559, 55.30284230000001], [86.0622012, 55.3028503], [86.06184519999998, 55.30332709999999], [86.06166019999999, 55.3034602], [86.0610987, 55.304439], [86.0607352, 55.304714], [86.0601348, 55.305771099999994], [86.0601034, 55.3059876], [86.0599117, 55.3063091], [86.05952459999999, 55.3067622], [86.0592249, 55.3071374], [86.0589422, 55.3070459], [86.05893079999998, 55.307078], [86.05882079999999, 55.3071339], [86.0587532, 55.307176299999995], [86.05873959999998, 55.3072119], [86.05873119999998, 55.3072677], [86.05860769999998, 55.307286], [86.0585925, 55.3070405], [86.05828209999999, 55.30704879999999], [86.0575842, 55.30710400000001], [86.0575232, 55.30711929999999], [86.0576316, 55.30727009999999], [86.05737719999999, 55.307390799999986], [86.0570952, 55.3072922], [86.0569328, 55.3074598], [86.0566937, 55.3076375], [86.0565202, 55.307597400000006], [86.0565834, 55.3073697], [86.05668259999999, 55.30711999999999], [86.0567166, 55.306948799999994], [86.0554365, 55.305643800000006], [86.05523740000001, 55.305636199999995], [86.05496519999998, 55.3055683], [86.05470969999999, 55.305476899999995], [86.0538845, 55.3049617], [86.05351519999999, 55.3051246], [86.05241989999999, 55.30436889999999], [86.0515568, 55.3047476], [86.0496354, 55.30357790000001], [86.04432949999999, 55.2997467], [86.0512409, 55.296662199999986], [86.0513377, 55.29695819999999], [86.05205649999999, 55.29747739999999], [86.0525608, 55.2979874], [86.05303289999999, 55.2983661], [86.0531563, 55.29836], [86.05317229999999, 55.297737], [86.05361219999999, 55.29760259999999], [86.0539985, 55.297792], [86.05421299999999, 55.29837529999999], [86.0547656, 55.2977202], [86.05491579999999, 55.2974057], [86.05564269999999, 55.29694450000001], [86.05756039999999, 55.29630159999999], [86.0609704, 55.29665159999999], [86.0617018, 55.29707429999999], [86.0651376, 55.2982762], [86.06651279999998, 55.2974535], [86.068521, 55.295509499999994], [86.0703707, 55.2937238], [86.0708964, 55.2938888], [86.0730046, 55.29180569999999], [86.0756092, 55.29258420000001], [86.08142649999999, 55.2895633], [86.0720724, 55.284514300000005], [86.07192899999998, 55.2845918], [86.0713084, 55.28471529999999], [86.0708052, 55.28491720000001], [86.0698235, 55.2850699], [86.068241, 55.2850608], [86.06700719999999, 55.2854152], [86.06499019999998, 55.28607499999999], [86.062257, 55.2874344], [86.0615703, 55.287659], [86.06102849999999, 55.2877124], [86.059953, 55.28765289999999], [86.05860109999999, 55.287356499999994], [86.05788229999999, 55.28696250000001], [86.05669139999999, 55.28631939999999], [86.05610129999998, 55.28609949999999], [86.05553809999999, 55.2860903], [86.05501769999998, 55.28628580000001], [86.0545564, 55.2864019], [86.0542721, 55.286359100000006], [86.0539234, 55.286151399999994], [86.05361219999999, 55.286108600000006], [86.0532421, 55.2859009], [86.0528827, 55.2858306], [86.05223889999999, 55.2859437], [86.0518581, 55.2859039], [86.0516757, 55.28580309999999], [86.0514473, 55.2854468], [86.05130549999998, 55.2852914], [86.0511312, 55.285268499999994], [86.0507276, 55.2853205], [86.0504284, 55.28576339999999], [86.0504016, 55.2859024], [86.05014679999998, 55.2861239], [86.04993589999998, 55.2861948], [86.04967749999999, 55.286247900000006], [86.0496004, 55.286317399999994], [86.04944559999998, 55.28636859999999], [86.0492724, 55.286351499999995], [86.0488674, 55.2862308], [86.0487714, 55.2862346], [86.04855829999998, 55.2864134], [86.04822889999998, 55.2866785], [86.0482529, 55.2869465], [86.0483256, 55.2870281], [86.0484467, 55.2870474], [86.0484283, 55.2871342], [86.0482266, 55.287251199999986], [86.0479618, 55.287309699999994], [86.0476207, 55.2872872], [86.0471059, 55.28727000000001], [86.04669640000002, 55.2873554], [86.0463735, 55.28752260000001], [86.045142, 55.287734699999994], [86.0448754, 55.2877432], [86.0445926, 55.2877275], [86.0441923, 55.2875047], [86.043956, 55.28744139999999], [86.0435039, 55.2874185], [86.0430178, 55.2874668], [86.0417513, 55.28742839999999], [86.04133839999999, 55.2873627], [86.0411076, 55.2873596], [86.04094239999999, 55.2874803], [86.041219, 55.28823], [86.03796250000002, 55.28850409999999], [86.03591199999998, 55.28886090000001], [86.0353947, 55.28853720000001], [86.0351425, 55.288439499999996], [86.03496009999999, 55.28843340000001], [86.0347883, 55.28846879999999], [86.0342467, 55.28894350000001], [86.0338909, 55.2891503], [86.03046479999999, 55.28806370000001], [86.0296309, 55.2876622], [86.02910119999999, 55.2878577], [86.0278831, 55.288602999999995], [86.02743249999999, 55.2891702], [86.02707309999998, 55.2899873], [86.02659559999998, 55.2903357], [86.02575999999999, 55.29077910000001], [86.0251053, 55.29128630000001], [86.0247946, 55.2918652], [86.0245639, 55.2921264], [86.02446649999999, 55.2921928], [86.0240237, 55.29224829999998], [86.0227113, 55.2932577], [86.0219859, 55.2942268], [86.0203933, 55.2945092], [86.01906000000001, 55.29356409999999], [86.01746529999998, 55.292811300000004], [86.01714, 55.29237799999999], [86.0157771, 55.2906684], [86.01462979999998, 55.29097079999998], [86.01323639999998, 55.2916673], [86.012086, 55.2920871], [86.01117080000002, 55.292796599999996], [86.0097418, 55.292458], [86.0082731, 55.28988350000001], [86.00625479999998, 55.286239], [86.0042409, 55.2825399], [86.00113389999999, 55.27726919999999], [86.0008313, 55.2767346], [86.0086784, 55.2745091], [86.00865809999999, 55.27440539999999], [86.0077735, 55.2698824], [86.0077929, 55.268214699999994], [86.00796099999998, 55.26775039999999], [86.00822589999999, 55.2673163], [86.0079389, 55.26712409999999], [86.0027958, 55.2686726], [86.00263709999999, 55.26878670000001], [85.987949, 55.273342199999995], [85.9813918, 55.2703054], [85.97932639999999, 55.2698285], [85.9771881, 55.269922900000005], [85.9758206, 55.2705037], [85.9748129, 55.2710642], [85.97364419999998, 55.2704192], [85.9724271, 55.270064], [85.96986149999998, 55.2689691], [85.96719139999999, 55.2680652], [85.9656926, 55.267392], [85.9644446, 55.2667533], [85.9612205, 55.2676811], [85.958507, 55.26784999999999], [85.95683279999999, 55.2681853], [85.95530059999999, 55.268672], [85.9538574, 55.2690447], [85.95287939999999, 55.26974820000001], [85.9534679, 55.26989929999999], [85.9520175, 55.2707398], [85.9500282, 55.2712169], [85.94277539999999, 55.26399789999999], [85.93845, 55.25925509999999], [85.9366453, 55.2565763], [85.9299073, 55.25844489999999], [85.93209739999999, 55.26157309999999], [85.93368809999998, 55.2641841], [85.9321994, 55.2642813], [85.9310698, 55.26446919999999], [85.93073279999999, 55.2650518], [85.9303701, 55.26528999999999], [85.92951309999998, 55.266237499999995], [85.92926499999999, 55.266858000000006], [85.929177, 55.2674282], [85.9292968, 55.26828700000001], [85.92936009999998, 55.269752999999994], [85.9290271, 55.27034630000001], [85.9291685, 55.27099299999999], [85.92917379999999, 55.2716043], [85.9290876, 55.27194579999999], [85.92892609999998, 55.2721892], [85.9292003, 55.27263289999999], [85.92940989999998, 55.27278390000001], [85.9296753, 55.2728249], [85.9302628, 55.2727533], [85.93038419999999, 55.2727582], [85.9313372, 55.27315699999999], [85.93159389999998, 55.2733409], [85.9318078, 55.27367009999999], [85.93184509999999, 55.2738659], [85.93198059999999, 55.27486189999999], [85.9322101, 55.27493830000001], [85.9325422, 55.2749316], [85.93302769999998, 55.274643999999995], [85.9333367, 55.27523459999999], [85.933342, 55.27544549999999], [85.93355579999998, 55.27565340000001], [85.9338953, 55.2763987], [85.9347904, 55.2762492], [85.936279, 55.2758657], [85.9374012, 55.275644199999995], [85.9379632, 55.27560150000001], [85.93997319999998, 55.2751547], [85.9406372, 55.27498799999999], [85.94105059999998, 55.2753954], [85.9400153, 55.27565029999999], [85.93998849999998, 55.275885499999994], [85.9390638, 55.27629449999999], [85.9402833, 55.2777275], [85.942464, 55.2772106], [85.9465101, 55.28255200000001], [85.94962619999998, 55.281267599999985], [85.9511468, 55.2835893], [85.9515059, 55.2858062], [85.951699, 55.2865058], [85.95195239999998, 55.2870104], [85.953598, 55.28803010000001], [85.9545353, 55.2881908], [85.9542042, 55.288582999999996], [85.95352289999998, 55.2891634], [85.95291669999999, 55.2895514], [85.95251349999998, 55.290057399999995], [85.9522998, 55.290257000000004], [85.9521211, 55.291389099999996], [85.95104689999998, 55.2925543], [85.95038149999999, 55.2920587], [85.9481307, 55.2914538], [85.9466357, 55.2913562], [85.9434037, 55.29058989999999], [85.94018139999999, 55.2880242], [85.93713159999999, 55.2875043], [85.93653109999998, 55.2867177], [85.93157679999999, 55.2856918], [85.92983530000001, 55.285897], [85.92893, 55.285690399999986], [85.92878439999998, 55.2849052], [85.92944499999999, 55.284152799999994], [85.930586, 55.28439219999999], [85.93055589999999, 55.2834688], [85.92950099999999, 55.2828368], [85.9268627, 55.282665099999996], [85.9242805, 55.2828532], [85.9208773, 55.2835702], [85.92226879999998, 55.28572599999999], [85.9250308, 55.2884093], [85.9273978, 55.2879262], [85.9288401, 55.28705980000001], [85.93053019999999, 55.2887036], [85.9318835, 55.28841419999999], [85.9418412, 55.29184039999999], [85.9452942, 55.29179879999999], [85.9458438, 55.2919859], [85.9462402, 55.2920831], [85.946973, 55.29222719999999], [85.94755230000001, 55.292415], [85.9481505, 55.2925112], [85.94825929999999, 55.2925529], [85.9491121, 55.2928257], [85.9502912, 55.29337300000001], [85.95424720000001, 55.29520889999999], [85.9549525, 55.29497909999999], [85.9552234, 55.29497909999999], [85.9582842, 55.2972807], [85.95993669999999, 55.2985549], [85.9608936, 55.29963959999999], [85.9621435, 55.3008734], [85.9623735, 55.3015681], [85.96223209999998, 55.3017071], [85.9616178, 55.30208569999999], [85.9604055, 55.30284119999999], [85.95944939999998, 55.30290329999998], [85.955286, 55.30186729999999], [85.94880739999999, 55.2987719], [85.9491839, 55.29832319999999], [85.94912949999998, 55.2982165], [85.94700829999998, 55.297386200000005], [85.94431639999999, 55.297584300000004], [85.9432018, 55.29769120000001], [85.9417802, 55.297935499999994], [85.9415753, 55.2977962], [85.9402567, 55.298008800000005], [85.93819879999998, 55.29836920000001], [85.935011, 55.29888449999999], [85.9297642, 55.2998443], [85.92330599999998, 55.3033002], [85.93003409999999, 55.308695099999994], [85.9286933, 55.3090619], [85.92937240000002, 55.3118324], [85.928922, 55.3116928], [85.9286331, 55.31166369999998], [85.92848189999998, 55.31175979999999], [85.92832299999999, 55.3122501], [85.9281099, 55.3122894], [85.92791319999999, 55.3123096], [85.9277018, 55.3122021], [85.92739849999998, 55.31202270000001], [85.927027, 55.312017299999994], [85.92655889999999, 55.31189839999999], [85.9263747, 55.31154730000001], [85.9261313, 55.3114547], [85.925914, 55.31146739999999], [85.92569649999999, 55.3115519], [85.92558049999998, 55.31166749999999], [85.92591349999998, 55.31204389999999], [85.92585199999999, 55.3122075], [85.92584759999998, 55.3123878], [85.92568989999998, 55.31243169999999], [85.9254839, 55.3123781], [85.9253721, 55.31224449999999], [85.9252055, 55.31215799999999], [85.92508900000001, 55.3122093], [85.92488889999998, 55.3123759], [85.92460949999999, 55.3124246], [85.92424519999999, 55.31233890000001], [85.92384569999999, 55.3123151], [85.9235343, 55.31241339999999], [85.9234346, 55.312668499999994], [85.9233137, 55.312750699999995], [85.9230084, 55.312732399999994], [85.9227633, 55.3126491], [85.92258649999998, 55.312499900000006], [85.92221199999999, 55.31231199999999], [85.92191479999998, 55.31202059999999], [85.9216949, 55.31202570000001], [85.9215543, 55.3120813], [85.92140579999999, 55.3123359], [85.92114259999998, 55.3126333], [85.9208306, 55.31270129999999], [85.92065219999999, 55.312635199999995], [85.9204008, 55.312438699999994], [85.9201089, 55.3122015], [85.91952759999998, 55.31212719999999], [85.91924699999998, 55.31219059999999], [85.91903659999998, 55.31229369999999], [85.9189257, 55.3124738], [85.9188416, 55.312850399999995], [85.9188948, 55.313224399999996], [85.9186991, 55.31341559999999], [85.91838179999999, 55.313555799999996], [85.9182247, 55.3134792], [85.918236, 55.3133611], [85.91817149999999, 55.3132361], [85.9176401, 55.3129621], [85.9174714, 55.313010999999996], [85.9170969, 55.3132183], [85.916843, 55.3132069], [85.91661390000002, 55.3131056], [85.91649219999998, 55.3128473], [85.91651919999998, 55.31276299999999], [85.9166183, 55.31268059999999], [85.9166843, 55.31234419999999], [85.916613, 55.31214790000001], [85.91639850000001, 55.3120731], [85.91623999999999, 55.3120508], [85.9160882, 55.31213369999999], [85.91596810000001, 55.3122968], [85.91571799999998, 55.31256750000001], [85.91536839999999, 55.31265150000001], [85.9150425, 55.31287969999999], [85.91508419999998, 55.3129325], [85.91523969999999, 55.3129462], [85.9153222, 55.313035400000004], [85.9152639, 55.3132622], [85.91516329999999, 55.31351389999999], [85.91496619999998, 55.31373249999999], [85.91478109999998, 55.3137751], [85.91460069999998, 55.31375289999999], [85.91445179999998, 55.3136689], [85.91438699999999, 55.313412099999994], [85.9140408, 55.3131462], [85.9138165, 55.313035799999994], [85.9136316, 55.3130542], [85.91317409999999, 55.31324819999999], [85.9128452, 55.3134324], [85.91262409999999, 55.313438299999994], [85.91252839999999, 55.3133984], [85.91233829999999, 55.3133291], [85.91215250000002, 55.31333699999998], [85.9120124, 55.31341429999999], [85.9119558, 55.31357539999999], [85.9120549, 55.3139184], [85.91201219999999, 55.314045199999995], [85.91188259999998, 55.31409459999999], [85.91154409999999, 55.31407479999999], [85.9111484, 55.3140554], [85.91022229999999, 55.31443569999999], [85.91013929999998, 55.31472159999999], [85.9101442, 55.31525349999999], [85.9101355, 55.3154022], [85.91018649999998, 55.315547200000005], [85.91028839999998, 55.3157654], [85.9103013, 55.315872299999995], [85.91020259999999, 55.3160798], [85.9101405, 55.3161969], [85.91015699999998, 55.316263], [85.9102187, 55.31631339999999], [85.91044249999999, 55.3164372], [85.9106371, 55.3165194], [85.9107708, 55.316597200000004], [85.910971, 55.3168633], [85.9111703, 55.31719249999999], [85.9111628, 55.31726419999998], [85.91112339999998, 55.31732579999999], [85.9110475, 55.3173802], [85.9109005, 55.317419099999995], [85.91053249999999, 55.31747489999999], [85.91037959999998, 55.317542], [85.9103367, 55.31762439999999], [85.9101886, 55.317715299999996], [85.90995849999999, 55.317783199999994], [85.9097451, 55.317860599999996], [85.9095861, 55.3179694], [85.909499, 55.318075], [85.90951459999998, 55.3181998], [85.909587, 55.3182761], [85.90991459999998, 55.3183593], [85.9101959, 55.31842339999999], [85.9104129, 55.31845059999999], [85.91055529999998, 55.3184394], [85.9106398, 55.31839370000001], [85.9108517, 55.318280699999995], [85.9109613, 55.3182637], [85.911092, 55.31828169999999], [85.9112901, 55.318373599999994], [85.911593, 55.31844600000001], [85.91180570000002, 55.3184374], [85.9119441, 55.3183193], [85.9120504, 55.3182428], [85.9122318, 55.31824590000001], [85.91245999999998, 55.3183046], [85.9127982, 55.3184149], [85.9130546, 55.3185262], [85.91311319999998, 55.31866960000001], [85.91307939999999, 55.3188184], [85.9129502, 55.31892620000001], [85.91271779999998, 55.318979000000006], [85.9124577, 55.318993], [85.91190159999998, 55.319159099999986], [85.9116035, 55.3192745], [85.9114411, 55.319376899999995], [85.9113894, 55.3194821], [85.91141249999998, 55.3197213], [85.91135689999999, 55.32005569999999], [85.91130269999998, 55.320186199999995], [85.9112347, 55.3202831], [85.91109889999998, 55.3203459], [85.9108653, 55.32032149999999], [85.91072470000002, 55.3204017], [85.9104453, 55.32063689999999], [85.91024619999999, 55.3210748], [85.91025919999998, 55.3211563], [85.9103239, 55.321205500000005], [85.91060019999999, 55.32126459999999], [85.910877, 55.3212582], [85.91127539999998, 55.3212032], [85.9115401, 55.32122849999999], [85.91180519999999, 55.3213118], [85.9121881, 55.3214772], [85.9126805, 55.321694], [85.9128767, 55.32181679999999], [85.91303259999998, 55.32197649999999], [85.9130438, 55.3221098], [85.9129795, 55.3222709], [85.91280830000001, 55.3224733], [85.91268629999999, 55.3225402], [85.9125387, 55.32257709999999], [85.912402, 55.322586], [85.91219459999999, 55.32261079999999], [85.91197299999999, 55.3226681], [85.9118199, 55.32265919999999], [85.91168679999998, 55.3226217], [85.9115557, 55.3226172], [85.9114277, 55.3226363], [85.9113117, 55.3226798], [85.9112288, 55.3227102], [85.9111494, 55.32275310000001], [85.91110219999999, 55.3228058], [85.9111011, 55.322883499999996], [85.9111311, 55.3229586], [85.9111534, 55.32306899999999], [85.91121749999999, 55.32316879999999], [85.9113371, 55.3236641], [85.91153709999999, 55.323929500000006], [85.9138274, 55.3284146], [85.91640469999999, 55.32993150000001], [85.9182991, 55.33159789999999], [85.9213631, 55.33338410000001], [85.92443419999998, 55.33476780000001], [85.92960559999999, 55.336062299999995], [85.9321049, 55.3366727], [85.9330562, 55.3362542], [85.9337952, 55.3357394], [85.93437259999999, 55.33518000000001], [85.93478620000002, 55.33452729999999], [85.93526169999998, 55.33279700000001], [85.9357265, 55.3317641], [85.93586379999999, 55.33158600000001], [85.93726939999999, 55.3318849], [85.93785519999999, 55.3311542], [85.9386899, 55.330384899999984], [85.94022179999999, 55.3292878], [85.9417051, 55.3282509], [85.94308189999998, 55.32768780000001], [85.9443416, 55.32711700000001], [85.9457335, 55.3266882], [85.9486401, 55.3259406], [85.9513669, 55.324949899999986], [85.95227169999998, 55.3245641], [85.9524521, 55.32465200000001], [85.952738, 55.32479000000001], [85.95280179999999, 55.32482079999999], [85.9527072, 55.32484689999998], [85.95247929999998, 55.3249801], [85.9522359, 55.32516449999999], [85.9519733, 55.3254708], [85.9516561, 55.325945399999995], [85.95150509999999, 55.32621340000001], [85.95125179999998, 55.32673140000001], [85.9510508, 55.327401300000005], [85.950999, 55.3277368], [85.9509731, 55.3280962], [85.9509904, 55.328471099999994], [85.95103549999999, 55.3287456], [85.95108109999998, 55.3289677], [85.9513384, 55.3289492], [85.951503, 55.32967539999999], [85.95146680000002, 55.32968689999999], [85.95100289999999, 55.33001099999999], [85.95123599999998, 55.331719], [85.94688809999998, 55.332034499999985], [85.9479447, 55.33795959999999], [85.9484136, 55.3382505], [85.9501077, 55.338990900000006], [85.95099649999999, 55.3395674], [85.95103749999998, 55.33961189999999], [85.95118239999998, 55.3396455], [85.9512338, 55.339671499999994], [85.9542914, 55.34115270000001], [85.95463439999999, 55.341795899999994], [85.9547947, 55.342163199999995], [85.95236170000001, 55.34291799999999], [85.9532668, 55.3437813], [85.9563002, 55.343309000000005], [85.95595169999999, 55.343071], [85.95715189999999, 55.34273389999999], [85.95733599999998, 55.3426955], [85.957562, 55.34290200000001], [85.95892449999998, 55.34470889999999], [85.95974199999999, 55.3454274], [85.96012619999999, 55.3459691], [85.9599294, 55.3460298], [85.9599978, 55.3463312], [85.96008439999999, 55.3464271], [85.96022709999998, 55.3463876], [85.9604762, 55.34630200000001], [85.96164339999999, 55.34740029999998], [85.96215159999998, 55.348110999999996], [85.96237849999999, 55.3485705], [85.96326849999998, 55.349547], [85.9634525, 55.34990969999999], [85.963647, 55.350741899999996], [85.9650101, 55.3530948], [85.965198, 55.354544499999996], [85.96393259999999, 55.3563152], [85.96127989999998, 55.359474999999996], [85.9585117, 55.362526800000005], [85.9578627, 55.3634586], [85.95859149999998, 55.3636775], [85.9565944, 55.365355], [85.9521706, 55.368996300000006], [85.9524479, 55.3690821], [85.95266350000001, 55.369169799999995], [85.9529476, 55.3686913], [85.95310279999998, 55.36873730000001], [85.95338619999998, 55.3684794], [85.9551862, 55.369131599999996], [85.96085090000001, 55.3649615], [85.9608573, 55.3649683], [85.9608634, 55.3649713], [85.9608219, 55.365015], [85.96118149999998, 55.36518740000001], [85.9611384, 55.365236], [85.96113319999999, 55.3653432], [85.9618437, 55.3660655], [85.9623976, 55.3666155], [85.963274, 55.367621799999995], [85.96332569999998, 55.367658899999995], [85.96847049999998, 55.372879600000005], [85.97072259999999, 55.375008], [85.9732092, 55.377328299999995], [85.98196899999999, 55.375266], [85.97979489999999, 55.3814448], [85.97809459999999, 55.3812814], [85.97516299999998, 55.3821337], [85.97312419999999, 55.3831146], [85.9692518, 55.3856598], [85.9689617, 55.3856245], [85.96853789999999, 55.3858744], [85.9683403, 55.3860957], [85.9658785, 55.3869585], [85.95924879999998, 55.38911089999999], [85.95833869999998, 55.38948359999999], [85.95490559999999, 55.390460299999994], [85.95187189999999, 55.3915418], [85.95222809999999, 55.393935500000005], [85.95052109999999, 55.393720900000005], [85.95057989999998, 55.39345060000001], [85.9489702, 55.3930712], [85.9486628, 55.392765099999984], [85.9461522, 55.3922197], [85.9431037, 55.3916611], [85.94306769999999, 55.391250899999996], [85.94155489999999, 55.3904191], [85.941751, 55.3899914], [85.9375077, 55.3882752], [85.9362844, 55.390344], [85.93413469999999, 55.3903161], [85.9332444, 55.3913833], [85.9330282, 55.391476299999994], [85.93093929999999, 55.3914642], [85.92900579999998, 55.3901393], [85.92793949999998, 55.393167500000004], [85.9278999, 55.3934748], [85.92809419999999, 55.39371160000001], [85.9280603, 55.39396820000001], [85.9276085, 55.39470589999999], [85.9276311, 55.3948406], [85.92786129999999, 55.3951723], [85.9285234, 55.3955563], [85.92891369999998, 55.395344099999996], [85.9289807, 55.3954461], [85.9288117, 55.395961], [85.92952359999998, 55.3965438], [85.92970939999998, 55.39694459999999], [85.92948349999999, 55.3974641], [85.9286019, 55.3985617], [85.9293407, 55.3999493], [85.9292237, 55.401421499999984], [85.9286364, 55.40338399999999], [85.92868269999998, 55.40369359999999], [85.9289187, 55.40401889999999], [85.928514, 55.404277], [85.9291407, 55.4080793], [85.9297156, 55.4109407], [85.9307241, 55.4120309], [85.93085389999999, 55.4124066], [85.93911419999999, 55.41599109999999], [85.9422489, 55.41657270000001], [85.9402637, 55.41902249999999], [85.9354126, 55.42230409999999], [85.93382829999999, 55.4230855], [85.9313887, 55.4242714], [85.92639229999999, 55.42669999999999], [85.9209547, 55.4299639], [85.9197316, 55.4306778], [85.9222265, 55.431931299999995], [85.92833609999998, 55.4349672], [85.93076640000001, 55.435035299999996], [85.9311974, 55.4348101], [85.9327525, 55.4345833], [85.93486429999999, 55.4344957], [85.934958, 55.4344414], [85.9349654, 55.434281000000006], [85.9428733, 55.42940629999998], [85.9481639, 55.42994169999999], [85.94842729999999, 55.4304523], [85.95333449999998, 55.4311299], [85.95360159999998, 55.43126529999999], [85.95479959999999, 55.432519899999996], [85.95548629999999, 55.4348756], [85.9559262, 55.4366712], [85.95612999999999, 55.4369116], [85.9563982, 55.436799], [85.9565592, 55.43692080000001], [85.9562588, 55.4370638], [85.956463, 55.4375626], [85.95692499999998, 55.43788], [85.95789489999999, 55.4384606], [85.95955789999998, 55.4392975], [85.96205769999999, 55.440478199999994], [85.9639547, 55.44173319999999], [85.9649102, 55.44207619999999], [85.9659228, 55.4422523], [85.96714779999999, 55.44256639999999], [85.96734619999998, 55.44268399999999], [85.9740266, 55.4381235], [85.96863859999999, 55.435689100000005], [85.9678781, 55.4362592], [85.9624956, 55.4337846], [85.96819539999998, 55.43042819999999], [85.98698569999999, 55.435572099999995], [85.98779059999998, 55.4357924], [85.9882758, 55.4358811], [85.99179279999998, 55.4364368], [85.99409019999999, 55.4367503], [85.99800729999998, 55.437189], [85.9988043, 55.4373864], [86.00616879999998, 55.43999720000001], [86.0065313, 55.4400874], [86.0068817, 55.4401294], [86.0078014, 55.4401861], [86.00850779999999, 55.4400686], [86.00901619999999, 55.4401214], [86.01178899999998, 55.4408217], [86.01225789999998, 55.440905799999996], [86.01267370000001, 55.4409529], [86.0133496, 55.4410047], [86.0163108, 55.4414786], [86.0189635, 55.4420058], [86.02246989999999, 55.44258509999999], [86.0235714, 55.442662999999996], [86.0256227, 55.443014899999994], [86.0278678, 55.443336], [86.02834789999999, 55.443404699999995], [86.02993249999999, 55.44174760000001], [86.03191829999999, 55.4396113], [86.033099, 55.4384376], [86.0331631, 55.43819279999999], [86.0325187, 55.4378982], [86.0312319, 55.437765], [86.0284638, 55.437328599999994], [86.0251298, 55.4366464], [86.0209386, 55.4356959], [86.0194811, 55.43531170000001], [86.0188305, 55.4350783], [86.01716769999999, 55.434183299999994], [86.0127411, 55.4321587], [86.0115688, 55.4315176], [86.010708, 55.43079489999999], [86.01074579999998, 55.4305978], [86.01166899999998, 55.4295877], [86.01433949999999, 55.4305243], [86.01606, 55.43107930000001], [86.01684539999998, 55.4312759], [86.0183009, 55.4314927], [86.01966, 55.4315841], [86.0205545, 55.431595899999984], [86.024251, 55.43110120000001], [86.0250103, 55.4310451], [86.02666249999999, 55.4310632], [86.02733729999999, 55.43109239999999], [86.0318896, 55.43159920000001], [86.0342068, 55.4319171], [86.0351008, 55.432097299999995], [86.0376503, 55.432869200000006], [86.03829269999999, 55.432980199999996], [86.03940049999999, 55.43317159999999], [86.0399985, 55.4333225], [86.04673439999999, 55.4350256], [86.049753, 55.43042810000001], [86.05191970000001, 55.4303391], [86.05192509999999, 55.430393800000004], [86.0534088, 55.43035389999999], [86.0533941, 55.428924699999996], [86.05541469999999, 55.428725], [86.0537706, 55.42530659999999], [86.05387619999999, 55.42514919999999], [86.05389729999999, 55.424664799999995], [86.0561331, 55.421664899999996], [86.05975999999998, 55.4211021], [86.0611208, 55.420976700000004], [86.0626995, 55.4214212], [86.0640293, 55.4219642], [86.06634470000002, 55.4221629], [86.0681176, 55.42288860000001], [86.0709178, 55.4238567], [86.07247959999998, 55.424093299999996], [86.07335329999998, 55.4242403], [86.07410429999999, 55.424054599999984], [86.07488879999998, 55.42414479999999], [86.07554729999998, 55.42406679999999], [86.07651269999998, 55.42410819999999], [86.0767704, 55.4241855], [86.0773873, 55.4241886], [86.07819729999999, 55.4243408], [86.08087579999999, 55.4244947], [86.0838236, 55.4274244], [86.084779, 55.427854499999995], [86.0873857, 55.42809760000001], [86.09210379999999, 55.4289712], [86.09609889999999, 55.430148], [86.0955734, 55.4307589], [86.094178, 55.432416399999994], [86.09362589999999, 55.4336335], [86.0934377, 55.4347691], [86.0933443, 55.4360214], [86.09236179999999, 55.4359479], [86.0877875, 55.4357204], [86.08790300000001, 55.43367279999999], [86.08619559999998, 55.4333907], [86.08597429999999, 55.4337046], [86.0848307, 55.433467199999996], [86.08515699999998, 55.432414099999995], [86.08385009999999, 55.432097600000006], [86.08343159999998, 55.4320181], [86.08399669999999, 55.43120799999999], [86.08286439999999, 55.43083669999999], [86.0814374, 55.430323900000005], [86.08118, 55.430368], [86.08002049999999, 55.4307346], [86.07899419999998, 55.433778999999994], [86.077532, 55.4337711], [86.0774678, 55.4339245], [86.07664479999998, 55.434531], [86.07223289999999, 55.4362279], [86.06915939999999, 55.4378534], [86.06853480000001, 55.4380154], [86.06249699999998, 55.4395114], [86.0608509, 55.43991930000001], [86.05946079999998, 55.4402612], [86.05862289999999, 55.44037120000001], [86.0522625, 55.44084740000001], [86.0498586, 55.4408641], [86.04264979999999, 55.444992], [86.04320109999999, 55.44519019999999], [86.04804989999998, 55.4490694], [86.0499923, 55.4488775], [86.0493811, 55.44806], [86.05302609999998, 55.44716929999999], [86.05364179999998, 55.44798779999999], [86.05013779999999, 55.448848899999994], [86.05307409999999, 55.451673899999996], [86.05448769999998, 55.45462069999999], [86.05880619999999, 55.4530753], [86.0617328, 55.451648799999994], [86.06221819999999, 55.451212399999996], [86.062438, 55.45130499999999], [86.06212309999998, 55.451769799999994], [86.0644685, 55.4532586], [86.0677224, 55.4556151], [86.0685401, 55.4559302], [86.06844509999999, 55.45601719999999], [86.0675248, 55.456714000000005], [86.0678279, 55.456998399999996], [86.0680667, 55.457304099999995], [86.06817699999999, 55.45756139999999], [86.0680871, 55.4577727], [86.0678676, 55.4580499], [86.067608, 55.45839300000001], [86.0674873, 55.4586379], [86.0675616, 55.4589454], [86.06792449999999, 55.4592508], [86.06832589999999, 55.4597249], [86.0687345, 55.45987889999999], [86.06939969999999, 55.4599397], [86.07014289999998, 55.459959000000005], [86.0709248, 55.460076400000005], [86.0723747, 55.46056229999999], [86.07341419999999, 55.4611089], [86.0745281, 55.461904499999996], [86.0754432, 55.462631699999996], [86.078882, 55.460595000000005], [86.07852789999998, 55.46033459999999], [86.0796841, 55.459654], [86.08002949999998, 55.45996029999999], [86.0833407, 55.4589608], [86.08480359999999, 55.4587968], [86.0865869, 55.46131609999998], [86.08732379999998, 55.4611439], [86.08781059999998, 55.460849], [86.08882289999998, 55.460849], [86.08985739999999, 55.4605636], [86.09048879999999, 55.4604212], [86.0907875, 55.46047380000001], [86.0911235, 55.4606414], [86.0916554, 55.461346299999995], [86.0932817, 55.46075489999998], [86.09836149999998, 55.4593509], [86.1019044, 55.45845800000001], [86.10013579999999, 55.45663969999999], [86.0998248, 55.4555979], [86.10088419999998, 55.4553546], [86.1047321, 55.454470900000004], [86.1057423, 55.45423889999999], [86.10603499999999, 55.45271499999999], [86.1065149, 55.450013], [86.1079021, 55.450367799999995], [86.11226990000002, 55.45148819999999], [86.11516979999999, 55.4503211], [86.11682559999998, 55.4507804], [86.1195588, 55.4492542], [86.12202459999999, 55.4479177], [86.1242533, 55.4468406], [86.12627319999999, 55.4462983], [86.1279221, 55.44534759999999], [86.133585, 55.4416589], [86.13541439999999, 55.4405532], [86.13769409999999, 55.43942229999999], [86.1376673, 55.441877999999996], [86.1373239, 55.443137799999995], [86.136203, 55.444790299999994], [86.13733209999998, 55.4454984], [86.1376331, 55.44568720000001], [86.1381018, 55.44719209999999], [86.13851449999999, 55.44840349999999], [86.13861479999998, 55.4486257], [86.1392522, 55.4492688], [86.14553229999999, 55.45475629999999], [86.1455798, 55.454958899999994], [86.1456683, 55.4550182], [86.14590179999999, 55.4550739], [86.14675729999999, 55.45579159999998], [86.14738349999999, 55.45655519999998], [86.14749759999998, 55.456850900000006], [86.14753750000001, 55.457306499999994], [86.1474413, 55.4576524], [86.1473863, 55.4577968], [86.1472106, 55.4580721], [86.14692630000002, 55.458425000000005], [86.1464649, 55.4588082], [86.14600489999998, 55.45913519999999], [86.1456053, 55.45928189999999], [86.14633369999999, 55.4593069], [86.14702049999998, 55.4591676], [86.1578724, 55.45656819999999], [86.161828, 55.4650332], [86.1568889, 55.46666309999999], [86.1541059, 55.4678177], [86.1529151, 55.4684803], [86.14983839999998, 55.470452499999986], [86.14855169999998, 55.4713894], [86.148269, 55.471661], [86.1452284, 55.4696847], [86.14084689999999, 55.467224], [86.14021559999999, 55.4667308], [86.1397967, 55.46621580000001], [86.1378909, 55.4634814], [86.1376658, 55.46292210000001], [86.137274, 55.462708199999994], [86.13593659999998, 55.463205099999996], [86.13903899999998, 55.469325299999994], [86.13826099999999, 55.4694061], [86.1389691, 55.47112449999999], [86.13972149999998, 55.472002499999995], [86.1406508, 55.47185199999999], [86.1413143, 55.4731402], [86.1410141, 55.47319009999998], [86.1423259, 55.47577450000001], [86.1418772, 55.47585339999999], [86.14218409999998, 55.47628299999999], [86.1423543, 55.476627699999995], [86.1419765, 55.4766947], [86.14331729999999, 55.47937939999999], [86.14474649999998, 55.4805485], [86.1458425, 55.4826757], [86.1450822, 55.48281539999999], [86.1458458, 55.48403739999999], [86.14650419999998, 55.48466719999999], [86.14713, 55.484387099999985], [86.15038229999999, 55.48648599999999], [86.1513304, 55.48742549999999], [86.15199559999999, 55.48839809999999], [86.15235799999999, 55.4894963], [86.1524117, 55.490513699999994], [86.1520624, 55.49370909999999], [86.1515264, 55.49861259999999], [86.15022759999998, 55.4994141], [86.1497063, 55.5010695], [86.14572999999999, 55.4992197], [86.14454699999999, 55.498521399999994], [86.13797809999998, 55.491012299999994], [86.13712809999998, 55.4911992], [86.1333865, 55.4917792], [86.1251823, 55.493159199999994], [86.12468539999999, 55.49335800000001], [86.1242535, 55.49361669999999], [86.1220486, 55.4953453], [86.12124949999999, 55.4961431], [86.11977429999999, 55.4975181], [86.11811939999998, 55.498891599999986], [86.11751339999999, 55.4994636], [86.1172695, 55.4996938], [86.1164886, 55.5005809], [86.1154421, 55.5015477], [86.11363919999998, 55.5016679], [86.1098488, 55.5028255], [86.1087103, 55.502088300000004], [86.105964, 55.50158729999998], [86.10196399999998, 55.49891319999999], [86.0998212, 55.49706449999999], [86.0980689, 55.497937699999994], [86.09753089999998, 55.49900650000001], [86.0964106, 55.4994645], [86.09538049999999, 55.4998531], [86.0927093, 55.5007722], [86.0915214, 55.5011115], [86.0897031, 55.5017856], [86.0875406, 55.5025137], [86.0806867, 55.5050847], [86.08406239999998, 55.5075201], [86.0869259, 55.50649729999999], [86.0887549, 55.5074581], [86.0885578, 55.5087011], [86.0889569, 55.5097177], [86.08172229999998, 55.5101281], [86.0815085, 55.5098517], [86.08127709999998, 55.5094544], [86.0808819, 55.5093889], [86.08061679999999, 55.5094435], [86.0805541, 55.5095882], [86.0803565, 55.5096892], [86.0799034, 55.5095145], [86.0797588, 55.50933429999999], [86.07985999999998, 55.5090941], [86.0795949, 55.5087393], [86.07989849999998, 55.5084199], [86.0799034, 55.5083407], [86.0796865, 55.50826699999999], [86.0792719, 55.50845540000001], [86.07878119999998, 55.5083678], [86.07847030000002, 55.5080631], [86.0784066, 55.50797570000001], [86.07857879999999, 55.507826900000005], [86.0784949, 55.5077514], [86.0777126, 55.507423], [86.0773321, 55.50717569999999], [86.0762568, 55.506561399999995], [86.0753004, 55.50612679999999], [86.07436719999998, 55.50564200000001], [86.0734803, 55.5053777], [86.07328949999999, 55.50523009999999], [86.0724515, 55.50504289999999]]]]}}, {"type": "Feature", "properties": {"id": "mo-32710000", "name": "ГО Березовский", "region": "Кемеровская область", "isCity": false, "sourceOktmo": "32-710-000-000", "sourceAgg": "Кемерово", "excelNames": ["ГО Березовский"], "oktmo": "32710000", "vgp": [{"year": 2019, "value": 15771612.729965577}, {"year": 2020, "value": 14694715.545776553}, {"year": 2021, "value": 13010086.87846689}, {"year": 2022, "value": 26281075.430682246}, {"year": 2023, "value": 24751756.599265296}, {"year": 2024, "value": 18856148.18867456}], "population": [{"year": 2019, "value": 47837.0}, {"year": 2020, "value": 47617.0}, {"year": 2021, "value": 46929.0}, {"year": 2022, "value": 46088.0}, {"year": 2023, "value": 45941.0}, {"year": 2024, "value": 45757.0}, {"year": 2025, "value": 45333.0}], "shipments": [{"year": 2019, "value": 11996828.1}, {"year": 2020, "value": 12721080.8}, {"year": 2021, "value": 21100086.1}, {"year": 2022, "value": 21621512.9}, {"year": 2023, "value": 13764217.6}, {"year": 2024, "value": 12956555.5}], "employees": [{"year": 2019, "value": 8484.0}, {"year": 2020, "value": 8293.0}, {"year": 2021, "value": 7685.0}, {"year": 2022, "value": 7345.0}, {"year": 2023, "value": 7402.0}, {"year": 2024, "value": 6356.0}], "investments": [{"year": 2019, "value": 1099836.0}, {"year": 2020, "value": 838466.0}, {"year": 2021, "value": 535233.0}, {"year": 2022, "value": 850906.0}, {"year": 2023, "value": 1314315.0}, {"year": 2024, "value": 1902227.0}], "vgp2024": 18856148.18867456, "pop2024": 45757.0, "ship2024": 12956555.5, "emp2024": 6356.0, "inv2024": 1902227.0}, "geometry": {"type": "MultiPolygon", "coordinates": [[[[86.357763, 55.630730299999996], [86.3451636, 55.6252729], [86.3413772, 55.62172039999999], [86.3364902, 55.618975], [86.33552789999999, 55.6173164], [86.3314214, 55.615954699999996], [86.32320649999998, 55.6158193], [86.3218006, 55.6145934], [86.31947179999999, 55.6138715], [86.3150254, 55.61091559999999], [86.29973659999999, 55.5980309], [86.2964363, 55.5961673], [86.2938562, 55.595567100000004], [86.29406489999998, 55.593937700000005], [86.28734899999999, 55.591707899999996], [86.28355329999998, 55.5914957], [86.27403829999999, 55.588040199999995], [86.27234259999999, 55.58500699999998], [86.2697647, 55.58383839999998], [86.26830479999998, 55.583210699999995], [86.25639379999998, 55.5780889], [86.25619079999998, 55.5776041], [86.2559298, 55.5772466], [86.2450684, 55.5676316], [86.24498219999998, 55.56717979999999], [86.2454384, 55.5664952], [86.2453682, 55.5657511], [86.24469160000001, 55.56515559999999], [86.24194559999998, 55.56487429999999], [86.22911229999998, 55.55309019999999], [86.2254544, 55.55652069999999], [86.21754799999998, 55.5539908], [86.20952369999999, 55.5518992], [86.20865459999999, 55.55175369999999], [86.20727059999999, 55.551601999999995], [86.20628399999998, 55.551569], [86.2054118, 55.5516035], [86.2045769, 55.551677], [86.2028423, 55.5519009], [86.20268939999998, 55.5517416], [86.2022629, 55.5517886], [86.2019947, 55.55202229999998], [86.20024539999999, 55.552280700000004], [86.20020029999999, 55.551498800000005], [86.2000095, 55.5501989], [86.19945729999999, 55.55028200000001], [86.1989263, 55.5504003], [86.19872239999998, 55.550274], [86.19835089999998, 55.5503154], [86.19831739999998, 55.55034650000001], [86.19703529999998, 55.55058239999999], [86.19529189999999, 55.550524799999984], [86.1946245, 55.5504224], [86.19493249999998, 55.5511559], [86.1949021, 55.5525834], [86.19327199999998, 55.5525619], [86.189509, 55.5520147], [86.18851119999998, 55.5518326], [86.18671419999998, 55.55164449999999], [86.1860972, 55.55160879999998], [86.1837745, 55.551292499999995], [86.18328899999999, 55.5512022], [86.18329439999998, 55.5510201], [86.1823475, 55.5508343], [86.18186469999999, 55.5509337], [86.1801652, 55.55057359999999], [86.1796734, 55.550549000000004], [86.17938099999999, 55.5503609], [86.17870639999998, 55.55046629999999], [86.1780037, 55.5503647], [86.17796609999999, 55.5504497], [86.17781459999999, 55.550427699999986], [86.17491189999998, 55.549714499999986], [86.1750071, 55.5500789], [86.1749412, 55.5503667], [86.17480289999999, 55.55035879999999], [86.17374299999999, 55.550636999999995], [86.1731636, 55.55091319999999], [86.17291689999999, 55.55202379999999], [86.1724985, 55.553379199999995], [86.1713827, 55.5557347], [86.16649599999998, 55.5621172], [86.166383, 55.5630251], [86.16599679999999, 55.5630402], [86.1657056, 55.5631929], [86.16526189999999, 55.5637804], [86.1649036, 55.56482280000001], [86.1648687, 55.5654948], [86.16515459999998, 55.5669079], [86.16578989999998, 55.56761670000001], [86.16649409999998, 55.5679415], [86.16993429999998, 55.5715758], [86.1700607, 55.57765959999999], [86.16220560000001, 55.58498199999999], [86.16822519999998, 55.59205120000001], [86.16985859999998, 55.594088600000006], [86.1684527, 55.5961465], [86.16930560000002, 55.596377000000004], [86.16952399999998, 55.5980083], [86.1706101, 55.60080440000001], [86.172869, 55.60257310000001], [86.17076569999999, 55.6025626], [86.17076939999998, 55.6030431], [86.17169229999999, 55.603033700000005], [86.17268419999999, 55.6031936], [86.1733729, 55.603069099999985], [86.1752558, 55.6030054], [86.1758242, 55.6031305], [86.1758158, 55.6033652], [86.17516649999999, 55.6032429], [86.1743794, 55.60327449999999], [86.17408289999999, 55.603452499999996], [86.17729869999998, 55.6056665], [86.1805539, 55.6112647], [86.1837617, 55.6160652], [86.1849013, 55.61145729999999], [86.18534899999999, 55.6110485], [86.1967243, 55.607029499999996], [86.2045895, 55.60671730000001], [86.2046242, 55.608256600000004], [86.20333630000002, 55.608307499999995], [86.2033951, 55.60895610000001], [86.2036989, 55.6108852], [86.207448, 55.61074210000001], [86.2128176, 55.61682159999999], [86.2202335, 55.6171116], [86.2202774, 55.6173362], [86.2201567, 55.61803299999999], [86.219765, 55.618709], [86.2183815, 55.6202537], [86.21907739999999, 55.6204557], [86.2183997, 55.6213237], [86.21787869999999, 55.6222905], [86.21794279999999, 55.6232761], [86.21712159999998, 55.623305800000004], [86.2176291, 55.6260183], [86.21822639999999, 55.6259908], [86.2188882, 55.62795440000001], [86.21955059999999, 55.6287915], [86.2217004, 55.6302196], [86.2213496, 55.63041129999999], [86.22361699999999, 55.6317392], [86.2260512, 55.63303], [86.2263304, 55.632802], [86.22767089999999, 55.63334710000001], [86.24160189999999, 55.6366824], [86.23510499999999, 55.64097819999999], [86.2327588, 55.64125200000001], [86.2320432, 55.6420725], [86.23622250000001, 55.6469512], [86.2352958, 55.64819769999999], [86.2396041, 55.64812619999999], [86.2395136, 55.6484326], [86.237468, 55.6484531], [86.2407326, 55.6522155], [86.24091229999999, 55.659186999999996], [86.24112969999999, 55.66142539999999], [86.239375, 55.6608275], [86.23511369999999, 55.65837799999999], [86.2181708, 55.661803], [86.2172776, 55.6615804], [86.21337639999999, 55.661061399999994], [86.21198009999999, 55.6611208], [86.21136269999998, 55.661336000000006], [86.21099339999999, 55.66170329999999], [86.20850199999998, 55.6651874], [86.20822439999999, 55.6658941], [86.20814890000001, 55.66671099999999], [86.20827359999998, 55.667384599999984], [86.2084067, 55.6673817], [86.2087147, 55.6688496], [86.208613, 55.66920009999999], [86.20820629999999, 55.66958410000001], [86.20733519999999, 55.67012059999999], [86.20578369999998, 55.67094029999999], [86.20535929999998, 55.67100020000001], [86.2047587, 55.6709982], [86.2037749, 55.67071369999999], [86.2032816, 55.6706511], [86.2020553, 55.67088460000001], [86.20114749999999, 55.6712955], [86.20042579999999, 55.67154860000001], [86.20044349999999, 55.672196799999995], [86.19993420000002, 55.6723706], [86.1765313, 55.67887329999999], [86.17586019999999, 55.6792295], [86.1753284, 55.6797423], [86.17503979999998, 55.6800834], [86.1748091, 55.6804256], [86.17194599999999, 55.6873745], [86.1744255, 55.69042929999999], [86.17730389999998, 55.6890287], [86.17806529999999, 55.68873380000001], [86.179923, 55.687518999999995], [86.1899664, 55.67858319999999], [86.1883349, 55.67586849999999], [86.20081679999998, 55.67241229999999], [86.2008019, 55.67185260000001], [86.20143679999998, 55.6717123], [86.20170279999999, 55.6714994], [86.20181730000002, 55.6712933], [86.2023034, 55.6710833], [86.2034588, 55.6708977], [86.2038908, 55.6710542], [86.2046373, 55.6712429], [86.20516919999999, 55.6712817], [86.2058087, 55.6712192], [86.20644999999999, 55.67100620000001], [86.20863619999999, 55.6696874], [86.20892739999998, 55.6694429], [86.2091306, 55.6691341], [86.2091643, 55.66863819999999], [86.2087729, 55.6670475], [86.20887589999998, 55.66677649999999], [86.20886729999998, 55.666573299999996], [86.2086604, 55.66622949999999], [86.20857469999999, 55.66583529999999], [86.2088485, 55.66532459999999], [86.21111529999999, 55.66211599999999], [86.2117183, 55.6614709], [86.212299, 55.6613073], [86.2132048, 55.66131699999998], [86.21707219999999, 55.6618091], [86.217885, 55.66201079999999], [86.21738759999998, 55.66535120000001], [86.21876889999999, 55.66550380000001], [86.21979849999998, 55.6659974], [86.21920349999999, 55.6665519], [86.2213372, 55.667555099999994], [86.22543479999999, 55.668288399999994], [86.229365, 55.66992259999999], [86.2303829, 55.673453599999995], [86.22819929999999, 55.67304059999999], [86.2242888, 55.67355789999999], [86.22283679999998, 55.6740549], [86.2237361, 55.6755386], [86.22603939999999, 55.675941], [86.2285656, 55.676665400000005], [86.2317467, 55.6778804], [86.2345953, 55.688234699999995], [86.2332785, 55.68864030000001], [86.23098110000001, 55.689199599999995], [86.2306096, 55.68946429999999], [86.2303816, 55.6897289], [86.2299323, 55.690545400000005], [86.22973229999998, 55.6907154], [86.2294938, 55.6909182], [86.22878549999999, 55.69115399999999], [86.22686759999999, 55.6915017], [86.22606400000001, 55.691871899999995], [86.22578779999999, 55.69271380000001], [86.2266665, 55.69446869999999], [86.2271527, 55.6953232], [86.2276531, 55.6962028], [86.2293824, 55.69604850000001], [86.2338244, 55.6954035], [86.2337447, 55.6967212], [86.2296224, 55.69901029999999], [86.2291027, 55.7003637], [86.2262691, 55.700599199999985], [86.22559829999999, 55.7033396], [86.22824869999998, 55.70367310000001], [86.231166, 55.7051875], [86.23982609999999, 55.7114503], [86.2557218, 55.71905950000001], [86.26548669999998, 55.7210463], [86.2651255, 55.72449240000001], [86.26849870000001, 55.7251016], [86.27482579999999, 55.727045600000004], [86.2756023, 55.728709900000005], [86.27377869999998, 55.73152029999999], [86.2746571, 55.733220399999986], [86.275715, 55.7354148], [86.27430889999998, 55.73746659999999], [86.2733635, 55.7370299], [86.2718282, 55.736711400000004], [86.27173929999998, 55.73712090000001], [86.2718282, 55.7375121], [86.2715801, 55.73796230000001], [86.27213119999999, 55.7383173], [86.27319779999999, 55.738540199999996], [86.27335489999999, 55.7389122], [86.27272949999998, 55.73980519999999], [86.2721514, 55.739823099999995], [86.27168269999999, 55.739729800000006], [86.2712216, 55.73982199999999], [86.2711898, 55.7406738], [86.270915, 55.7408125], [86.2708867, 55.7410104], [86.2713957, 55.74123049999999], [86.2708076, 55.74312429999999], [86.27034089999998, 55.743431199999996], [86.27050049999998, 55.74378399999999], [86.27115259999998, 55.7436187], [86.2715133, 55.744254299999994], [86.27159179999998, 55.74453679999999], [86.2737449, 55.7445323], [86.2761337, 55.74724439999999], [86.2774981, 55.7472911], [86.2939477, 55.745894], [86.3013865, 55.745557299999994], [86.305436, 55.746288], [86.3131695, 55.7453116], [86.3217728, 55.7448164], [86.32913769999999, 55.739222], [86.33689829999999, 55.733227899999996], [86.33748309999999, 55.7325723], [86.33653669999998, 55.7294135], [86.3354953, 55.7287547], [86.33470419999999, 55.728254299999996], [86.3302386, 55.7253423], [86.32095189999998, 55.719554], [86.3216443, 55.7192558], [86.3209384, 55.71882], [86.3203003, 55.719187], [86.316404, 55.7166766], [86.305567, 55.70981889999999], [86.3043542, 55.7090849], [86.30530129999998, 55.7085932], [86.3067523, 55.707847799999996], [86.3076599, 55.7072476], [86.3078753, 55.706625599999995], [86.30744139999999, 55.70605439999999], [86.30468869999999, 55.706013], [86.3032949, 55.70545979999999], [86.30334879999998, 55.70464199999999], [86.30550849999999, 55.70326029999999], [86.3054931, 55.70244889999999], [86.3045905, 55.7022109], [86.3036528, 55.70178059999999], [86.3036528, 55.70100179999999], [86.30474259999998, 55.70001009999999], [86.30496749999999, 55.6993889], [86.3045636, 55.6987819], [86.3044187, 55.6976093], [86.30518539999998, 55.696703599999985], [86.30577520000001, 55.696338999999995], [86.30677529999998, 55.6961397], [86.307633, 55.6955651], [86.3078375, 55.6949768], [86.3064901, 55.694946300000005], [86.3039419, 55.6952502], [86.3000034, 55.6947489], [86.2981631, 55.69472509999999], [86.2975007, 55.6939546], [86.29785909999998, 55.69295639999999], [86.3009506, 55.69078429999999], [86.3025018, 55.6890265], [86.3036213, 55.6880835], [86.3043751, 55.687704], [86.3060748, 55.68722739999999], [86.3067983, 55.68648979999999], [86.3066211, 55.68579100000001], [86.30563899999999, 55.68557590000001], [86.30515799999999, 55.6849596], [86.30380699999999, 55.6846167], [86.3014315, 55.6845084], [86.30107759999999, 55.684052300000005], [86.30277159999999, 55.6832644], [86.30297509999998, 55.682588900000006], [86.30248269999998, 55.6820882], [86.3027256, 55.681523899999995], [86.30364819999998, 55.681602299999994], [86.305593, 55.6824116], [86.3070137, 55.6820425], [86.30752579999998, 55.6813026], [86.30841149999999, 55.67836109999999], [86.30906, 55.6768659], [86.3102868, 55.6750259], [86.31138749999998, 55.6731417], [86.31279029999999, 55.67256879999999], [86.3144412, 55.671870299999995], [86.3155919, 55.6717903], [86.31675799999998, 55.6718244], [86.31748639999999, 55.671915399999996], [86.31862859999998, 55.6724268], [86.3193407, 55.672873900000006], [86.32020069999999, 55.67320730000001], [86.3212298, 55.673317], [86.3218937, 55.673230000000004], [86.32284529999998, 55.6729185], [86.32342519999999, 55.6726499], [86.32434450000001, 55.6718222], [86.32525559999999, 55.67079300000001], [86.3260812, 55.66967280000001], [86.3262008, 55.668734099999995], [86.32520099999999, 55.668144099999985], [86.3256201, 55.6679052], [86.3260264, 55.6673183], [86.32834349999999, 55.666684], [86.329097, 55.6668946], [86.33022369999999, 55.66705919999999], [86.33122149999998, 55.666990299999995], [86.3310246, 55.66747260000001], [86.3356147, 55.668272], [86.33797100000001, 55.665882], [86.33515909999998, 55.66363019999999], [86.3347243, 55.663860500000006], [86.3339359, 55.66348509999999], [86.33352549999998, 55.66364500000001], [86.3311805, 55.665138600000006], [86.3309566, 55.6648488], [86.33104879999999, 55.664455], [86.33137809999998, 55.6644921], [86.33164159999998, 55.6640686], [86.33093549999998, 55.66396279999999], [86.32982999999999, 55.6649728], [86.3284128, 55.6654319], [86.32573039999998, 55.66663810000001], [86.32397369999998, 55.6667382], [86.323952, 55.66536709999998], [86.32369929999999, 55.66461910000001], [86.3230367, 55.662936], [86.3232546, 55.66141079999999], [86.32417050000001, 55.65932709999999], [86.32577859999999, 55.656329799999995], [86.3276629, 55.6540214], [86.3288841, 55.6529265], [86.329166, 55.652439199999996], [86.3296279, 55.65147339999999], [86.33025009999999, 55.65149600000001], [86.33156749999999, 55.6521323], [86.3323437, 55.65202339999999], [86.33304469999999, 55.651724699999995], [86.3335117, 55.6512654], [86.3337342, 55.65075329999999], [86.33583569999999, 55.64785119999999], [86.3374115, 55.6449051], [86.3378172, 55.64428100000001], [86.3382718, 55.644174299999996], [86.33972529999998, 55.6443074], [86.3410029, 55.64421949999999], [86.34173189999998, 55.6443625], [86.34263629999998, 55.6448863], [86.3434485, 55.64491430000001], [86.34423, 55.6445699], [86.34409490000002, 55.64404600000001], [86.34416659999998, 55.643535699999994], [86.3449365, 55.64302039999999], [86.34554129999998, 55.6430322], [86.3461734, 55.6431378], [86.34602879999998, 55.6435206], [86.34636479999999, 55.643711200000006], [86.3469576, 55.6436687], [86.34755970000002, 55.64343969999999], [86.3479268, 55.643262899999996], [86.34814160000002, 55.6427779], [86.3484032, 55.642759100000006], [86.3495671, 55.6426853], [86.35003959999999, 55.64300020000001], [86.3503252, 55.6434284], [86.3508464, 55.6434841], [86.35136029999998, 55.64327319999999], [86.35144360000001, 55.64294400000001], [86.3507201, 55.64225239999999], [86.35054099999999, 55.6415551], [86.3513582, 55.64112730000001], [86.3520144, 55.6409271], [86.3535149, 55.64070849999999], [86.3540898, 55.6403393], [86.3543563, 55.6401682], [86.35416779999998, 55.6396918], [86.35401439999998, 55.6395465], [86.35348229999998, 55.63949980000001], [86.35110399999999, 55.640161], [86.35015659999999, 55.64008789999999], [86.34964629999999, 55.639753699999986], [86.34958300000001, 55.639232099999994], [86.3506453, 55.6385891], [86.3520266, 55.6380172], [86.3538153, 55.63704160000001], [86.3562207, 55.6367933], [86.35769879999998, 55.63688810000001], [86.358799, 55.6370688], [86.3608062, 55.63711449999999], [86.36248509999999, 55.6372838], [86.3630402, 55.6370119], [86.36350419999998, 55.63641239999999], [86.3627, 55.6360591], [86.36097239999998, 55.6357796], [86.3601551, 55.63548019999999], [86.35951359999999, 55.6348973], [86.3591296, 55.6342295], [86.3592435, 55.633572], [86.35918079999999, 55.632854], [86.3586334, 55.632304999999995], [86.3584219, 55.631765900000005], [86.35844129999998, 55.6314462], [86.357763, 55.630730299999996]]]]}}, {"type": "Feature", "properties": {"id": "mo-32704000", "name": "ГО Анжеро-Судженский", "region": "Кемеровская область", "isCity": false, "sourceOktmo": "32-704-000-000", "sourceAgg": "Кемерово", "excelNames": ["ГО Анжеро-Судженский"], "oktmo": "32704000", "vgp": [{"year": 2019, "value": 27584273.007427003}, {"year": 2020, "value": 22931932.985784132}, {"year": 2021, "value": 20801658.255549487}, {"year": 2022, "value": 41686788.64992323}, {"year": 2023, "value": 38744135.48550141}, {"year": 2024, "value": 36329777.64448968}], "population": [{"year": 2019, "value": 74949.0}, {"year": 2020, "value": 73750.0}, {"year": 2021, "value": 72472.0}, {"year": 2022, "value": 71089.0}, {"year": 2023, "value": 70178.0}, {"year": 2024, "value": 69293.0}, {"year": 2025, "value": 68622.0}], "shipments": [{"year": 2019, "value": 123023739.3}, {"year": 2020, "value": 93106391.3}, {"year": 2021, "value": 128393006.3}, {"year": 2022, "value": 130207452.5}, {"year": 2023, "value": 125503949.8}, {"year": 2024, "value": 162351222.5}], "employees": [{"year": 2019, "value": 15495.0}, {"year": 2020, "value": 14322.0}, {"year": 2021, "value": 13867.0}, {"year": 2022, "value": 13852.0}, {"year": 2023, "value": 13794.0}, {"year": 2024, "value": 13693.0}], "investments": [{"year": 2019, "value": 11202335.0}, {"year": 2020, "value": 21692799.0}, {"year": 2021, "value": 2569699.0}, {"year": 2022, "value": 2475125.0}, {"year": 2023, "value": 4861445.0}, {"year": 2024, "value": 8502710.0}], "vgp2024": 36329777.64448968, "pop2024": 69293.0, "ship2024": 162351222.5, "emp2024": 13693.0, "inv2024": 8502710.0}, "geometry": {"type": "MultiPolygon", "coordinates": [[[[85.9110512, 56.1215466], [85.9118407, 56.1222567], [85.91283489999998, 56.1223182], [85.9135815, 56.1221535], [85.9142075, 56.1223588], [85.9138025, 56.1227898], [85.9142812, 56.12293350000001], [85.91498079999998, 56.1227693], [85.91564369999999, 56.1225435], [85.91649059999999, 56.122379300000006], [85.9166379, 56.12293350000001], [85.9163433, 56.123303], [85.9165359, 56.123732], [85.91682879999999, 56.123888699999995], [85.91727829999999, 56.12394789999999], [85.9176077, 56.1238653], [85.9181035, 56.12388179999999], [85.9184865, 56.12350409999999], [85.91886950000001, 56.12371759999999], [85.91854539999999, 56.1242759], [85.9181035, 56.1248835], [85.91820080000001, 56.1252367], [85.9241317, 56.12666509999999], [85.9233967, 56.1305929], [85.92728119999998, 56.1315703], [85.9401476, 56.140960899999996], [85.94483299999999, 56.139823500000006], [85.9476445, 56.139416], [85.9493482, 56.140596], [85.9623373, 56.1439963], [85.963948, 56.144363600000005], [85.96562929999999, 56.14368700000001], [85.9646474, 56.142711999999996], [85.96748550000001, 56.1411342], [85.9621617, 56.1354101], [85.99466259999998, 56.13075740000001], [85.99598430000002, 56.1333403], [85.9942493, 56.142369399999986], [85.9786218, 56.1550595], [85.993063, 56.1555355], [86.00473039999999, 56.1563609], [86.0046729, 56.160193], [86.0255885, 56.1603945], [86.0255927, 56.1598196], [86.03453629999998, 56.157549200000005], [86.0403138, 56.1636104], [86.0415798, 56.16363429999999], [86.04170319999999, 56.166558499999994], [86.0552322, 56.1666421], [86.05200290000002, 56.1712654], [86.05427740000002, 56.171504299999995], [86.0579252, 56.1666779], [86.0766363, 56.1667496], [86.07659339999998, 56.1650531], [86.07214089999998, 56.162310999999995], [86.07324599999998, 56.1618211], [86.0764217, 56.162794899999994], [86.0763466, 56.15985549999999], [86.06360499999998, 56.1518669], [86.0637402, 56.1509164], [86.0661404, 56.14950520000001], [86.1063766, 56.138328800000004], [86.13872789999999, 56.13434289999999], [86.14889179999999, 56.1352136], [86.15057929999999, 56.119026999999996], [86.1483049, 56.1170891], [86.1454197, 56.11516779999999], [86.13126749999999, 56.111537999999996], [86.1201546, 56.1076521], [86.1206385, 56.1010266], [86.12194709999999, 56.0999476], [86.124097, 56.1004195], [86.1259619, 56.09845190000001], [86.1325061, 56.1000489], [86.13838789999998, 56.0939777], [86.136107, 56.0933357], [86.13821979999999, 56.0899483], [86.1353445, 56.084010199999994], [86.1355789, 56.08106540000001], [86.16302829999998, 56.077458400000005], [86.2076622, 56.07657749999999], [86.2260492, 56.0742888], [86.23245039999999, 56.0771254], [86.2321595, 56.07785609999999], [86.23303229999999, 56.0841068], [86.230632, 56.0852027], [86.230632, 56.0862578], [86.2248129, 56.091087], [86.2263404, 56.098349899999995], [86.2288135, 56.098431], [86.2277256, 56.10344150000001], [86.22801340000001, 56.1057736], [86.2347053, 56.1066255], [86.2379058, 56.10812620000001], [86.2440157, 56.1075989], [86.24990749999999, 56.109748599999996], [86.25361709999999, 56.1096269], [86.2617638, 56.1070716], [86.2644578, 56.105437800000004], [86.2686739, 56.10398880000001], [86.27020749999998, 56.10569089999999], [86.2745656, 56.10784230000001], [86.2763114, 56.1064632], [86.2829305, 56.1063821], [86.28904049999998, 56.10841020000001], [86.2912954, 56.10557080000001], [86.29100439999999, 56.1045162], [86.3139896, 56.096848699999995], [86.3192895, 56.0984076], [86.33576609999999, 56.09834240000001], [86.3369299, 56.09757159999999], [86.33638009999999, 56.09297990000001], [86.34065349999999, 56.06852469999999], [86.34619969999999, 56.0658347], [86.34783629999998, 56.064312], [86.35174599999999, 56.0647688], [86.35210969999999, 56.06324600000001], [86.35038219999998, 56.0621801], [86.34901829999998, 56.0590835], [86.3498366, 56.05806819999999], [86.3457451, 56.0574082], [86.3436539, 56.05187420000001], [86.3475636, 56.0504524], [86.3494729, 56.050807899999995], [86.3504731, 56.04989390000001], [86.34601789999999, 56.04750730000001], [86.3409262, 56.04964], [86.3360164, 56.0439525], [86.33710749999999, 56.042479699999994], [86.34710899999999, 56.042835199999985], [86.35083680000001, 56.0409052], [86.35238249999999, 56.040956], [86.3447792, 56.03573140000001], [86.3455005, 56.0339181], [86.3427356, 56.0326756], [86.2871991, 56.0554708], [86.2767409, 56.0554037], [86.2741082, 56.0530842], [86.27146379999999, 56.051456], [86.2699043, 56.051531700000005], [86.26827699999998, 56.05323560000001], [86.2649248, 56.054192099999995], [86.25625589999999, 56.0519874], [86.2498186, 56.0521072], [86.2474613, 56.053955], [86.2435292, 56.0557524], [86.2390472, 56.056931], [86.23020479999998, 56.057892900000006], [86.22848279999998, 56.05891739999999], [86.2261525, 56.057618100000006], [86.22010839999999, 56.0596948], [86.2143217, 56.06080789999999], [86.20344600000001, 56.0586763], [86.2007471, 56.0563858], [86.1959838, 56.053563100000005], [86.189821, 56.053596], [86.18533629999999, 56.054936699999985], [86.1864559, 56.05086769999998], [86.17618969999998, 56.0343181], [86.19122499999999, 56.03127039999999], [86.18797119999999, 56.026127699999996], [86.1927658, 56.0223504], [86.20097019999999, 56.0193936], [86.20362009999998, 56.0192881], [86.2047753, 55.98888199999999], [86.2203725, 55.995055699999995], [86.2239382, 55.9956761], [86.227025, 55.9948978], [86.23060559999999, 55.9878149], [86.23401989999999, 55.987145700000006], [86.2381247, 55.98639390000001], [86.23782729999999, 55.9769887], [86.2043356, 55.9774033], [86.20235869999999, 55.938921799999996], [86.1882352, 55.939392299999994], [86.1878728, 55.9283607], [86.1852377, 55.912634499999996], [86.1608227, 55.9080002], [86.1549856, 55.89698630000001], [86.1464745, 55.8947722], [86.14200169999998, 55.8966352], [86.13644279999998, 55.8986772], [86.1386791, 55.89985939999999], [86.13919029999998, 55.901614699999996], [86.13708169999998, 55.90344150000001], [86.13567599999999, 55.9046952], [86.1319061, 55.90498169999999], [86.1264111, 55.9040504], [86.12257729999999, 55.9029759], [86.11708219999998, 55.9026535], [86.1154209, 55.903549], [86.1135679, 55.903943000000005], [86.1124178, 55.904731], [86.1154848, 55.906056299999996], [86.11561259999999, 55.90662929999999], [86.1115232, 55.9077038], [86.10973409999998, 55.9083843], [86.10954239999998, 55.90963779999999], [86.1117149, 55.9111778], [86.111651, 55.9127893], [86.1093508, 55.913577100000005], [86.10858399999998, 55.916048], [86.10594109999998, 55.918363500000005], [86.10635860000001, 55.919692199999986], [86.1078222, 55.92052559999999], [86.1088099, 55.9215742], [86.1089658, 55.922477099999995], [86.1079262, 55.92314700000001], [86.10641869999999, 55.923438299999994], [86.10579489999999, 55.924224599999995], [86.10579489999999, 55.925302200000004], [86.10548309999999, 55.92617589999999], [86.1045474, 55.9266419], [86.1030919, 55.9265836], [86.1012206, 55.9263507], [86.09986909999999, 55.925651699999996], [86.09898540000002, 55.9249236], [86.09784179999998, 55.9243411], [86.0964903, 55.9246615], [86.09581459999998, 55.925302200000004], [86.09571059999999, 55.926117700000006], [86.097426, 55.927224300000006], [86.0991414, 55.928098000000006], [86.10018099999999, 55.9287387], [86.10090869999999, 55.9292046], [86.102936, 55.930136399999995], [86.1048593, 55.930660599999996], [86.10673059999999, 55.9308353], [86.108394, 55.93098089999999], [86.1104213, 55.931446799999996], [86.1119807, 55.9318836], [86.11218859999998, 55.9324369], [86.111253, 55.9328445], [86.1103173, 55.9331357], [86.10933339999998, 55.93414959999999], [86.10903849999998, 55.9350417], [86.1087307, 55.9356553], [86.10815179999999, 55.9360081], [86.1070602, 55.93607709999999], [86.1064447, 55.93649009999999], [86.1061852, 55.937135999999995], [86.10654779999999, 55.9378645], [86.10756229999998, 55.93875499999999], [86.10922569999998, 55.939715799999995], [86.11047699999999, 55.9407153], [86.1112825, 55.94182790000001], [86.1128934, 55.942459400000004], [86.114825, 55.9430711], [86.11680129999999, 55.94332200000001], [86.1182812, 55.94378879999999], [86.11940019999999, 55.9436366], [86.1207937, 55.9434416], [86.1214764, 55.94354200000001], [86.121916, 55.9442716], [86.1216388, 55.94499059999998], [86.1204826, 55.945347299999995], [86.11882199999998, 55.94594589999999], [86.11702429999998, 55.9467851], [86.11637959999999, 55.9471538], [86.1158757, 55.9475119], [86.1150559, 55.9479877], [86.11462889999999, 55.9484987], [86.11452699999998, 55.94917289999999], [86.1145549, 55.95048349999999], [86.11432469999998, 55.950769999999984], [86.11369899999998, 55.95095609999999], [86.11310599999999, 55.9507963], [86.1129471, 55.950608], [86.1120192, 55.950000700000004], [86.1103159, 55.949736099999996], [86.1089735, 55.94997659999999], [86.10741629999998, 55.9507583], [86.1059665, 55.95154], [86.104463, 55.9523818], [86.1023688, 55.95367449999999], [86.10177809999999, 55.9547568], [86.10193919999999, 55.95526780000001], [86.10091539999999, 55.955821900000004], [86.101841, 55.9934765], [86.0992069, 55.9936352], [86.09803149999999, 55.9939165], [86.09713099999999, 55.99450010000001], [86.09699259999998, 55.996071500000006], [86.0971211, 55.998433600000006], [85.93327969999999, 55.9999563], [85.9308976, 56.03333859999999], [85.92898149999999, 56.046632800000005], [85.9284711, 56.0537668], [85.9283747, 56.058876999999995], [85.9272855, 56.0584756], [85.92309059999998, 56.0567144], [85.9223854, 56.0567635], [85.91717299999999, 56.0549172], [85.91574129999998, 56.0544708], [85.91363819999998, 56.054130199999996], [85.91074289999999, 56.0539113], [85.90281429999999, 56.0534984], [85.9024858, 56.053335499999996], [85.8920411, 56.0529128], [85.89151219999998, 56.0545107], [85.8908256, 56.09344670000001], [85.91073689999999, 56.09402699999999], [85.9110512, 56.1215466]]]]}}, {"type": "Feature", "properties": {"id": "mo-32707000", "name": "ГО Беловский", "region": "Кемеровская область", "isCity": false, "sourceOktmo": "32-707-000-000", "sourceAgg": "Кемерово", "excelNames": ["ГО Беловский"], "oktmo": "32707000", "vgp": [{"year": 2019, "value": 64429178.016291834}, {"year": 2020, "value": 58992683.98109516}, {"year": 2021, "value": 58126103.84644178}, {"year": 2022, "value": 118563866.15926473}, {"year": 2023, "value": 107008369.03394239}, {"year": 2024, "value": 100690486.22360414}], "population": [{"year": 2019, "value": 126477.0}, {"year": 2020, "value": 126018.0}, {"year": 2021, "value": 125053.0}, {"year": 2022, "value": 121044.0}, {"year": 2023, "value": 120094.0}, {"year": 2024, "value": 119175.0}, {"year": 2025, "value": 117941.0}], "shipments": [{"year": 2019, "value": 83138347.2}, {"year": 2020, "value": 74577994.2}, {"year": 2021, "value": 125636050.6}, {"year": 2022, "value": 148921105.3}, {"year": 2023, "value": 130956262.9}, {"year": 2024, "value": 128417757.0}], "employees": [{"year": 2019, "value": 31929.0}, {"year": 2020, "value": 31409.0}, {"year": 2021, "value": 30546.0}, {"year": 2022, "value": 29386.0}, {"year": 2023, "value": 28803.0}, {"year": 2024, "value": 28855.0}], "investments": [{"year": 2019, "value": 11918791.0}, {"year": 2020, "value": 8908777.0}, {"year": 2021, "value": 13041692.0}, {"year": 2022, "value": 16676015.0}, {"year": 2023, "value": 14866932.0}, {"year": 2024, "value": 15971396.0}], "vgp2024": 100690486.22360414, "pop2024": 119175.0, "ship2024": 128417757.0, "emp2024": 28855.0, "inv2024": 15971396.0}, "geometry": {"type": "MultiPolygon", "coordinates": [[[[86.3319692, 54.44372070000001], [86.33217969999998, 54.44328979999999], [86.3322522, 54.4427534], [86.33237, 54.442323], [86.3327217, 54.44193359999999], [86.33302289999999, 54.44170830000001], [86.3331288, 54.4413926], [86.33304119999998, 54.44118329999999], [86.33217429999999, 54.44174449999999], [86.33189329999999, 54.441846899999994], [86.33148079999998, 54.44180499999999], [86.33107619999998, 54.4412337], [86.3310511, 54.440864], [86.33131399999999, 54.4403321], [86.33093170000001, 54.43987249999999], [86.330948, 54.43954279999999], [86.3313653, 54.43934240000001], [86.3316963, 54.43920709999999], [86.33153, 54.43901149999999], [86.33062809999998, 54.4387046], [86.3303076, 54.4384296], [86.329548, 54.43834689999999], [86.3273521, 54.4370641], [86.3270789, 54.436512], [86.3271538, 54.436274499999996], [86.32744729999999, 54.43603070000001], [86.32803379999999, 54.4358653], [86.32805869999999, 54.43537969999999], [86.328643, 54.4347077], [86.3290083, 54.434463], [86.3335298, 54.4356601], [86.340513, 54.43841449999999], [86.34162070000002, 54.4390213], [86.3771059, 54.42729870000001], [86.3796032, 54.42797229999999], [86.3853698, 54.4297684], [86.3866185, 54.429319299999996], [86.3885482, 54.43133989999999], [86.40689229999998, 54.4371765], [86.4100491, 54.43907209999998], [86.4106517, 54.439199699999996], [86.4063724, 54.44444], [86.405078, 54.44791459999999], [86.40399649999999, 54.452939], [86.4020065, 54.46287379999999], [86.4027645, 54.46377910000001], [86.4169961, 54.470680699999996], [86.4265769, 54.463374099999996], [86.4273512, 54.4624304], [86.42834189999999, 54.4618558], [86.4283705, 54.461120799999996], [86.42714539999999, 54.46003590000001], [86.4282846, 54.4592437], [86.4284401, 54.45849359999999], [86.4351543, 54.45611619999998], [86.43497529999999, 54.4559072], [86.43491909999999, 54.45589689999999], [86.43485789999998, 54.4559075], [86.43477419999999, 54.4558296], [86.434689, 54.4557504], [86.4347604, 54.455717799999995], [86.4347727, 54.455671599999995], [86.4345987, 54.4554808], [86.4346578, 54.4554475], [86.43467629999999, 54.45541349999999], [86.4346439, 54.4553779], [86.4345664, 54.4553613], [86.4336949, 54.45531929999999], [86.43262929999999, 54.45495549999999], [86.4308345, 54.4534768], [86.4297686, 54.452619600000006], [86.42875029999999, 54.4518281], [86.4308913, 54.450958500000006], [86.4325927, 54.4505619], [86.4335085, 54.45030210000001], [86.4340276, 54.4500444], [86.43456819999999, 54.4495625], [86.4351028, 54.44898649999999], [86.4357233, 54.448378500000004], [86.4362587, 54.44794830000001], [86.4373817, 54.4471524], [86.43797409999999, 54.446564099999996], [86.4382948, 54.4462678], [86.43858379999999, 54.4459277], [86.4386673, 54.4455159], [86.4385447, 54.445092], [86.4380823, 54.44464270000001], [86.43732999999999, 54.4440042], [86.43688929999999, 54.44368769999999], [86.43661789999999, 54.44345719999999], [86.4365206, 54.4433961], [86.4363507, 54.443378100000004], [86.43603819999998, 54.44345329999999], [86.43548369999999, 54.4434622], [86.43415949999999, 54.44348180000001], [86.4327764, 54.4435729], [86.43202119999998, 54.4436426], [86.43137199999998, 54.4438992], [86.43071219999999, 54.4442681], [86.43048279999998, 54.4444618], [86.43037200000002, 54.444523100000005], [86.43026519999998, 54.44454859999998], [86.43012469999998, 54.44451349999999], [86.430017, 54.444473200000004], [86.4299021, 54.444421600000005], [86.42978049999999, 54.44432870000001], [86.4297377, 54.44421630000001], [86.42982159999998, 54.4440957], [86.4302498, 54.443845399999994], [86.4309065, 54.44360189999999], [86.4315521, 54.443332700000006], [86.4320001, 54.443211199999986], [86.4329914, 54.4431564], [86.4339685, 54.4431037], [86.4353988, 54.4430577], [86.4356507, 54.44301599999999], [86.4358602, 54.4429564], [86.4359179, 54.44289940000001], [86.43589509999998, 54.44282460000001], [86.4356125, 54.44263310000001], [86.4352623, 54.4424436], [86.43498719999998, 54.4422547], [86.43452129999999, 54.44189999999999], [86.4340865, 54.441532], [86.4340436, 54.4413356], [86.43399019999998, 54.441246799999995], [86.4338058, 54.4412304], [86.43358489999999, 54.441161599999994], [86.4332045, 54.4408969], [86.4329404, 54.440660699999995], [86.43277739999999, 54.440450299999995], [86.43273949999998, 54.4403016], [86.433074, 54.4400624], [86.43348549999999, 54.4398234], [86.43382999999999, 54.43958979999999], [86.43505369999998, 54.4391834], [86.4359234, 54.4389118], [86.4362634, 54.438705999999996], [86.4364468, 54.438464800000006], [86.43667079999999, 54.43841179999999], [86.4371089, 54.438605], [86.43767589999999, 54.4386952], [86.4387758, 54.4391128], [86.43925689999999, 54.4392793], [86.4397024, 54.43943170000001], [86.4401391, 54.439382599999995], [86.4404538, 54.43931349999999], [86.4407002, 54.4392992], [86.4409245, 54.4391479], [86.4412536, 54.4389538], [86.4415758, 54.4387574], [86.44186020000001, 54.4385776], [86.4421866, 54.4383085], [86.4425133, 54.438129800000006], [86.4426672, 54.4380267], [86.4427674, 54.437954100000006], [86.4428154, 54.43791180000001], [86.4428659, 54.437858899999995], [86.44324460000001, 54.4377736], [86.44353769999998, 54.43768190000001], [86.4442387, 54.4374905], [86.4446522, 54.4374644], [86.44513019999998, 54.43748679999999], [86.4457746, 54.43761969999999], [86.4459707, 54.437639999999995], [86.4461609, 54.4376181], [86.4464997, 54.4375373], [86.4466867, 54.437505099999996], [86.4468257, 54.4374399], [86.44692889999999, 54.437368099999986], [86.4470658, 54.4373048], [86.4472791, 54.43728769999999], [86.4475005, 54.437224900000004], [86.4476368, 54.4371896], [86.4478266, 54.43711239999999], [86.4480781, 54.4370318], [86.4483008, 54.4369544], [86.4489299, 54.43678100000001], [86.44914229999999, 54.4367338], [86.449852, 54.436623499999996], [86.45014299999998, 54.43658440000001], [86.45042559999999, 54.43654050000001], [86.4509621, 54.4364273], [86.45164769999998, 54.436250699999995], [86.4523673, 54.43602760000001], [86.4530972, 54.43605110000001], [86.4532126, 54.43609159999998], [86.4533833, 54.4361123], [86.4538719, 54.4360974], [86.45434969999998, 54.4360817], [86.4547305, 54.4361176], [86.4551284, 54.4361264], [86.4555256, 54.43609880000001], [86.4563863, 54.43610989999999], [86.45676340000001, 54.43618699999999], [86.4570844, 54.436303699999996], [86.45740469999998, 54.4364375], [86.4575895, 54.4364898], [86.4576976, 54.4366072], [86.45812639999998, 54.43674670000001], [86.45851169999999, 54.4368492], [86.4586512, 54.4368776], [86.4593688, 54.436865899999994], [86.45955499999998, 54.4369204], [86.4596785, 54.43697740000001], [86.45988460000001, 54.437086099999995], [86.4600115, 54.437162699999995], [86.4602435, 54.43720749999999], [86.46034929999999, 54.43719790000001], [86.4604429, 54.43715920000001], [86.4605279, 54.4370658], [86.46056439999998, 54.436996699999995], [86.4604394, 54.436955399999995], [86.46057309999999, 54.43680229999999], [86.46060689999999, 54.43656689999999], [86.4607723, 54.43590240000001], [86.4608736, 54.4354479], [86.4609613, 54.4351888], [86.4610058, 54.4350769], [86.4610323, 54.4349541], [86.4611138, 54.434648], [86.4610231, 54.4343209], [86.4605784, 54.43369340000001], [86.46033459999998, 54.43343079999999], [86.46014559999999, 54.43324239999998], [86.4598671, 54.43308269999999], [86.4585254, 54.4327036], [86.457558, 54.432411599999995], [86.4566153, 54.432156299999995], [86.4560506, 54.4318973], [86.4558546, 54.43169489999999], [86.4559955, 54.431611600000004], [86.4560068, 54.4314669], [86.4559825, 54.431331799999995], [86.4558606, 54.4312826], [86.45567729999999, 54.43122120000001], [86.4555083, 54.4312341], [86.4554255, 54.43129090000001], [86.45536919999999, 54.4313546], [86.4552929, 54.43130349999999], [86.4552612, 54.4312344], [86.4551784, 54.4311836], [86.4550295, 54.4311814], [86.45490609999999, 54.431231099999984], [86.45473149999998, 54.431332600000005], [86.45451549999999, 54.43148980000001], [86.4543195, 54.4315539], [86.45415249999999, 54.4315675], [86.4540815, 54.4315332], [86.4540846, 54.43136329999999], [86.45415509999998, 54.4312294], [86.4541437, 54.4310921], [86.45402459999998, 54.431054700000004], [86.45380629999998, 54.43107779999999], [86.4535599, 54.4310426], [86.45208609999999, 54.4304273], [86.4515403, 54.42998550000001], [86.4508714, 54.429249999999996], [86.45047749999999, 54.428872899999995], [86.44987539999998, 54.42831029999999], [86.4497291, 54.42779969999999], [86.4496096, 54.4272022], [86.44963589999999, 54.42647370000001], [86.44980549999998, 54.425712], [86.45004789999999, 54.4242377], [86.4502741, 54.4233636], [86.4505068, 54.4227283], [86.45067099999999, 54.422434700000004], [86.45081779999998, 54.4221784], [86.45086029999999, 54.421921999999995], [86.4507832, 54.42168960000001], [86.45067489999998, 54.4216091], [86.4505072, 54.4215892], [86.45086189999999, 54.421422299999996], [86.45095639999998, 54.421251], [86.451118, 54.4211532], [86.4514831, 54.42107550000001], [86.4517503, 54.42109769999999], [86.45185339999999, 54.421264300000004], [86.45205949999999, 54.42126869999999], [86.4523153, 54.42123319999999], [86.4525863, 54.4213709], [86.45305059999998, 54.4214034], [86.45417429999999, 54.4217329], [86.4553226, 54.42201159999999], [86.4569497, 54.42175], [86.4647765, 54.4197703], [86.46475, 54.4185], [86.46434640000001, 54.4178702], [86.464, 54.416999999999994], [86.46425, 54.416000000000004], [86.46436289999998, 54.4155957], [86.4637532, 54.414630299999985], [86.4636984, 54.41418889999999], [86.46349999999998, 54.41399999999999], [86.46324999999999, 54.413250000000005], [86.46374999999999, 54.412749999999996], [86.46520539999999, 54.411978399999995], [86.46624359999998, 54.41180969999999], [86.46636679999999, 54.411919999999995], [86.466595, 54.411923900000005], [86.46685680000002, 54.411931700000004], [86.4670581, 54.411927799999994], [86.4672125, 54.411838], [86.46749439999999, 54.4117638], [86.46789720000001, 54.411673900000004], [86.467971, 54.411689499999994], [86.4681791, 54.411767700000006], [86.46834019999999, 54.411838], [86.468461, 54.41185360000001], [86.4684409, 54.4117872], [86.46827309999999, 54.4116583], [86.46873739999998, 54.4112759], [86.4690403, 54.4109553], [86.4692627, 54.410410299999995], [86.46950959999998, 54.41038280000001], [86.4697984, 54.410098600000005], [86.4700294, 54.4098113], [86.4702132, 54.409805199999994], [86.47029729999998, 54.40987849999999], [86.47030779999999, 54.409954899999995], [86.4702815, 54.41006799999999], [86.4701555, 54.41015049999999], [86.47008719999998, 54.410352200000005], [86.46987719999998, 54.4105081], [86.46965129999998, 54.410593699999986], [86.46961979999999, 54.41072809999999], [86.4697196, 54.410905400000004], [86.4694833, 54.4112538], [86.46857479999998, 54.412137], [86.4683805, 54.4123418], [86.47044429999998, 54.4134633], [86.47104819999998, 54.41363140000001], [86.471983, 54.413588600000004], [86.47238729999998, 54.41350919999999], [86.4730123, 54.41349699999999], [86.47356889999999, 54.413533599999994], [86.473947, 54.4135672], [86.47424999999998, 54.41349999999999], [86.47449999999999, 54.41224999999999], [86.47444069999999, 54.41201780000001], [86.47412559999998, 54.41186810000001], [86.47376319999998, 54.4115533], [86.4733107, 54.411267499999994], [86.4728328, 54.4112166], [86.4722624, 54.41128539999998], [86.47195919999999, 54.4112974], [86.4716919, 54.4112226], [86.47143499999999, 54.41106409999999], [86.4711729, 54.41071720000001], [86.47060250000001, 54.4098977], [86.47075149999999, 54.409802], [86.4710033, 54.40944009999999], [86.4710753, 54.40914699999999], [86.47097759999998, 54.409042299999996], [86.4710187, 54.408829999999995], [86.4711575, 54.4087463], [86.4714247, 54.408507000000014], [86.47171249999998, 54.40826169999999], [86.47207739999999, 54.4081959], [86.47252959999999, 54.408181], [86.4729407, 54.4080942], [86.4735214, 54.4079178], [86.4745772, 54.40788930000001], [86.47547169999999, 54.4080273], [86.47642489999998, 54.4082412], [86.47692379999998, 54.40828179999999], [86.47736899999998, 54.40822719999999], [86.4786407, 54.407828900000005], [86.4795401, 54.40778850000001], [86.4803084, 54.407858899999994], [86.4806335, 54.4077819], [86.48096779999999, 54.4075947], [86.48116819999998, 54.4073345], [86.48142, 54.407146100000006], [86.48170269999999, 54.407056399999995], [86.48202129999999, 54.406966600000004], [86.4842648, 54.4071217], [86.48441089999999, 54.4065472], [86.4845211, 54.4063713], [86.4847096, 54.40625119999999], [86.48505809999999, 54.406124999999996], [86.48550309999999, 54.40606319999999], [86.4857563, 54.40610409999999], [86.4858046, 54.4060088], [86.48553909999998, 54.40594949999999], [86.48544609999999, 54.405733600000005], [86.4853417, 54.4053876], [86.48609159999998, 54.4052095], [86.4866127, 54.404981299999996], [86.487, 54.40425], [86.487, 54.401999999999994], [86.48849999999999, 54.40075], [86.48924999999998, 54.40025], [86.4900044, 54.399569199999995], [86.4904296, 54.39864689999999], [86.49075639999998, 54.3984182], [86.4913111, 54.3981486], [86.4916873, 54.398016599999984], [86.49239079999998, 54.3976739], [86.4926954, 54.3974943], [86.49275, 54.39724999999999], [86.49281599999999, 54.3970366], [86.492839, 54.3969271], [86.4928729, 54.3967445], [86.49300099999999, 54.39653779999999], [86.4932233, 54.396282799999994], [86.49363280000001, 54.39600209999999], [86.49382399999999, 54.39587029999999], [86.49374139999999, 54.3957071], [86.49342659999999, 54.395528399999996], [86.4931598, 54.395669700000006], [86.4928974, 54.39545109999999], [86.49138689999998, 54.3959539], [86.48611919999999, 54.397062999999996], [86.4791441, 54.398379899999995], [86.4765105, 54.403084799999995], [86.47206069999999, 54.4043005], [86.4715159, 54.406362], [86.4686099, 54.408000400000006], [86.4631788, 54.4094698], [86.4451646, 54.4183668], [86.4303493, 54.4111481], [86.42143999999999, 54.4097726], [86.4206198, 54.4125104], [86.41780209999999, 54.41221519999999], [86.41438309999998, 54.4141853], [86.4080144, 54.4148485], [86.4072099, 54.415531099999995], [86.4076098, 54.4166302], [86.40226679999999, 54.4203634], [86.3951416, 54.4167781], [86.3918731, 54.419210699999994], [86.3918731, 54.4199968], [86.38964519999999, 54.420534599999996], [86.3843342, 54.4249664], [86.3825588, 54.4258465], [86.3781361, 54.4225359], [86.3722539, 54.4219575], [86.36546079999998, 54.4187238], [86.3627915, 54.4261942], [86.35492079999999, 54.425184599999994], [86.35167129999999, 54.4244079], [86.3508653, 54.407207], [86.3730499, 54.39428629999998], [86.37815210000001, 54.3717419], [86.37865589999998, 54.3698801], [86.3793327, 54.356363899999984], [86.36915479999999, 54.349283799999995], [86.3748153, 54.342457100000004], [86.37808879999999, 54.33406870000001], [86.36872499999998, 54.3278096], [86.364538, 54.3289638], [86.36225409999999, 54.32816469999999], [86.35555479999998, 54.3310058], [86.35761029999999, 54.327232499999994], [86.3806011, 54.3125352], [86.3776633, 54.31107739999999], [86.37324919999999, 54.31084229999999], [86.37269379999998, 54.3114123], [86.364495, 54.3118655], [86.3550234, 54.3101315], [86.3588852, 54.306276600000004], [86.3662934, 54.306102], [86.3733743, 54.3064961], [86.37633789999998, 54.29530019999999], [86.3700953, 54.29614440000001], [86.3593277, 54.291204199999996], [86.35296599999998, 54.2928504], [86.35033349999999, 54.29303329999999], [86.35052159999998, 54.29162489999999], [86.35487079999999, 54.2885677], [86.3480942, 54.28712449999999], [86.33734, 54.292172], [86.32335039999998, 54.3037996], [86.3230233, 54.30344879999999], [86.31987349999999, 54.29719450000001], [86.318479, 54.2960958], [86.31559979999999, 54.2950738], [86.3101003, 54.293182800000004], [86.30191459999999, 54.29092119999999], [86.2976613, 54.28969119999999], [86.27868339999999, 54.277801499999995], [86.2738725, 54.27828789999999], [86.27868829999998, 54.28642049999999], [86.2745625, 54.286647499999994], [86.27292539999999, 54.2865565], [86.27160020000001, 54.28564639999999], [86.2729072, 54.28350399999999], [86.27029569999999, 54.2807962], [86.2685551, 54.27979189999999], [86.2669634, 54.2798185], [86.2659367, 54.278444699999994], [86.26182439999998, 54.2803893], [86.26166529999999, 54.28084069999999], [86.25883619999999, 54.282939], [86.2546233, 54.281623], [86.23803419999999, 54.28276989999999], [86.2215962, 54.2811972], [86.2191771, 54.280101599999995], [86.2221339, 54.276106399999996], [86.22534419999998, 54.273516599999994], [86.2232744, 54.2733933], [86.22373909999999, 54.27215999999999], [86.2252597, 54.2713707], [86.225133, 54.2700634], [86.2195995, 54.2668072], [86.2177409, 54.2666838], [86.2197685, 54.26540099999999], [86.2209512, 54.2652777], [86.2197685, 54.26162630000001], [86.2190926, 54.26182370000001], [86.2171495, 54.2609108], [86.2158823, 54.25984989999999], [86.2157556, 54.259257700000006], [86.205829, 54.25725909999999], [86.2027877, 54.2522992], [86.2036748, 54.2513383], [86.2105102, 54.248502499999994], [86.2120807, 54.2466723], [86.20840570000001, 54.24358709999999], [86.20004209999999, 54.2426985], [86.1776763, 54.25482639999999], [86.1658693, 54.2545695], [86.16183699999999, 54.24828269999999], [86.16202539999999, 54.24637609999999], [86.15907669999999, 54.2427606], [86.1565907, 54.24246010000001], [86.1502147, 54.2347726], [86.1482017, 54.2315505], [86.1472535, 54.23167480000001], [86.14245859999998, 54.23339459999999], [86.15387299999999, 54.2456357], [86.15632290000002, 54.2486467], [86.1580548, 54.2488935], [86.1635521, 54.25569479999999], [86.15739719999999, 54.25608820000001], [86.15526509999998, 54.25404280000001], [86.15062229999998, 54.2513614], [86.1446645, 54.250621100000004], [86.1375258, 54.2529408], [86.12835959999998, 54.2527681], [86.12278379999998, 54.2511887], [86.12447349999998, 54.25424869999999], [86.12392429999998, 54.25466819999999], [86.11594079999999, 54.2508185], [86.1092246, 54.2512134], [86.105972, 54.249782], [86.1066479, 54.2469685], [86.1005652, 54.2496586], [86.09853770000001, 54.25328629999999], [86.09904459999998, 54.25518639999999], [86.10162119999998, 54.2597512], [86.1078306, 54.2638714], [86.10064969999999, 54.2680899], [86.09352379999999, 54.271542100000005], [86.07772529999998, 54.25999319999999], [86.06934969999999, 54.2632033], [86.06812979999998, 54.2641021], [86.0597556, 54.258920899999985], [86.06043140000001, 54.2576502], [86.0663451, 54.2540969], [86.06951319999999, 54.253825400000004], [86.07006229999999, 54.2532332], [86.0706959, 54.249284700000004], [86.0844664, 54.24034970000001], [86.0842974, 54.23946099999999], [86.0812561, 54.238967299999985], [86.077032, 54.2400041], [86.069937, 54.2393665], [86.0484408, 54.262004600000004], [86.03702419999999, 54.27341659999999], [86.0328724, 54.2764861], [86.06647469999999, 54.284368], [86.08457509999998, 54.2870008], [86.08542199999998, 54.2870703], [86.08776429999999, 54.287262399999996], [86.0843254, 54.2897941], [86.0890901, 54.29121059999999], [86.09286339999998, 54.2917491], [86.0938537, 54.2903946], [86.09631169999999, 54.291000199999985], [86.09761409999999, 54.291349600000004], [86.09846819999999, 54.29093569999999], [86.0982418, 54.2897071], [86.09784919999998, 54.288911], [86.099222, 54.288917100000006], [86.09936459999999, 54.288424], [86.0993857, 54.288174399999996], [86.09993479999999, 54.28817739999999], [86.10078489999998, 54.28831000000001], [86.10061819999999, 54.2885239], [86.1030893, 54.2887428], [86.10556039999999, 54.289539399999995], [86.1060805, 54.2896581], [86.10605409999998, 54.28972129999999], [86.1062917, 54.289775199999994], [86.106429, 54.289618], [86.1077317, 54.28969369999999], [86.1077131, 54.2897743], [86.1085083, 54.289865799999994], [86.1083104, 54.2904433], [86.1083762, 54.29045649999999], [86.10994639999998, 54.290771199999995], [86.11005469999999, 54.2907929], [86.1100472, 54.290999799999994], [86.1105198, 54.29125950000001], [86.1115549, 54.291647899999994], [86.1126862, 54.2917656], [86.11269369999998, 54.292164400000004], [86.11394129999998, 54.29241160000001], [86.1155442, 54.2936214], [86.118088, 54.293563799999994], [86.11871879999998, 54.292165499999996], [86.1225471, 54.29243459999999], [86.1408678, 54.29429590000001], [86.15059029999999, 54.30688179999999], [86.1593673, 54.29744], [86.1610547, 54.2966585], [86.1658223, 54.29504849999999], [86.1731575, 54.2936407], [86.1793446, 54.29928339999999], [86.2129048, 54.29643869999999], [86.21411009999998, 54.2981268], [86.2161724, 54.2997054], [86.2157974, 54.29990860000001], [86.21681519999998, 54.300752599999996], [86.21761869999999, 54.3021436], [86.2200025, 54.31064469999998], [86.22115419999999, 54.31195720000001], [86.22418079999998, 54.3139572], [86.2289215, 54.3188004], [86.238403, 54.326845099999986], [86.2410814, 54.32297130000001], [86.2576607, 54.3257517], [86.2609015, 54.32754800000001], [86.27150789999999, 54.328735], [86.2773016, 54.33254610000001], [86.2824326, 54.333605699999985], [86.29637740000001, 54.323114800000006], [86.29656509999998, 54.3234386], [86.29758919999999, 54.3252052], [86.299341, 54.3251837], [86.3000417, 54.3255924], [86.3006133, 54.3265817], [86.3021623, 54.3270334], [86.3032318, 54.329259199999996], [86.30811840000001, 54.3326677], [86.3020535, 54.335304900000004], [86.29941479999998, 54.3364522], [86.2979808, 54.3366778], [86.2984696, 54.337535700000004], [86.31288229999998, 54.3447077], [86.283365, 54.3574682], [86.29087169999998, 54.36241879999999], [86.28609679999998, 54.367593299999996], [86.2861471, 54.3699402], [86.28899069999999, 54.370683], [86.2790253, 54.381491], [86.26898849999999, 54.3897757], [86.25059689999999, 54.4006468], [86.2303968, 54.4159968], [86.21204730000001, 54.431722], [86.23045729999998, 54.43796630000001], [86.23620649999998, 54.4325255], [86.24190709999999, 54.4309667], [86.2547713, 54.4347634], [86.257969, 54.431449], [86.26021769999998, 54.4292705], [86.2616532, 54.42838880000001], [86.2668355, 54.4289657], [86.274878, 54.4323772], [86.2745782, 54.432725899999994], [86.27771189999999, 54.4337086], [86.27989189999998, 54.4343426], [86.27565, 54.43736719999999], [86.2806397, 54.4481081], [86.28120879999999, 54.449936], [86.2819981, 54.4504624], [86.2825189, 54.4512683], [86.30077879999999, 54.4468019], [86.32072540000001, 54.472580699999995], [86.321876, 54.4739155], [86.3233351, 54.474439200000006], [86.3249445, 54.47467609999999], [86.33618289999998, 54.4721636], [86.3362584, 54.4723293], [86.3446465, 54.4706071], [86.34492159999999, 54.4751374], [86.34411019999999, 54.4851536], [86.34753009999999, 54.484654], [86.3582327, 54.48331240000001], [86.3587081, 54.484091600000006], [86.36055799999998, 54.487979], [86.36109969999998, 54.48889590000001], [86.36194749999999, 54.4887794], [86.36300549999999, 54.4909942], [86.36301909999999, 54.4912019], [86.36289269999999, 54.49134699999999], [86.36273139999999, 54.491487400000004], [86.3626586, 54.4916201], [86.3626218, 54.4917805], [86.3626517, 54.491926199999995], [86.3627185, 54.4920652], [86.3631623, 54.49235670000001], [86.3632677, 54.4925026], [86.3641547, 54.49446], [86.3641762, 54.4949377], [86.36410469999998, 54.49499120000001], [86.3639453, 54.4952266], [86.3634075, 54.49570099999999], [86.36200759999998, 54.4962394], [86.3590967, 54.4981759], [86.35692559999998, 54.4999142], [86.3550132, 54.501971499999996], [86.3540567, 54.50323709999999], [86.35299939999999, 54.5050271], [86.3515746, 54.5083081], [86.34739359999999, 54.5204839], [86.346958, 54.523313099999996], [86.34700299999999, 54.52500789999999], [86.34719489999999, 54.5262135], [86.34740249999999, 54.527412500000004], [86.34776020000001, 54.528690299999994], [86.3489421, 54.5312176], [86.3495113, 54.532721099999996], [86.34994939999999, 54.534443700000004], [86.3502022, 54.5358075], [86.3502605, 54.5371142], [86.3503259, 54.5372024], [86.35002389999998, 54.53880049999999], [86.34879149999999, 54.5420774], [86.35043909999999, 54.54221880000001], [86.3518291, 54.5421564], [86.35302189999999, 54.541949599999995], [86.35461109999999, 54.54038829999999], [86.35581509999999, 54.539541099999994], [86.3567875, 54.53902759999998], [86.3579906, 54.5385587], [86.3591317, 54.5381554], [86.3609105, 54.5390102], [86.3622293, 54.53996380000001], [86.3626051, 54.539801999999995], [86.36287189999999, 54.5400225], [86.3625061, 54.54017939999999], [86.3633033, 54.5409374], [86.3636647, 54.54110270000001], [86.3639781, 54.5408954], [86.3665519, 54.54011260000001], [86.3671388, 54.539879400000004], [86.3678341, 54.5398703], [86.36848689999998, 54.5412491], [86.36928449999999, 54.5419249], [86.3730863, 54.54318099999999], [86.3723675, 54.5442495], [86.3748215, 54.5447497], [86.37544859999998, 54.5442687], [86.3824859, 54.5475759], [86.3873775, 54.5452046], [86.3906715, 54.5469045], [86.3914234, 54.546411199999994], [86.3954973, 54.543007599999996], [86.3935584, 54.542114600000005], [86.3947182, 54.54147540000001], [86.39715809999998, 54.54209449999999], [86.4026036, 54.5399112], [86.40266569999999, 54.5393451], [86.400092, 54.539597199999996], [86.39998199999998, 54.5394279], [86.4003325, 54.53831859999999], [86.4016137, 54.53794990000001], [86.4096062, 54.53353099999999], [86.4042397, 54.530863200000006], [86.4077647, 54.52913410000001], [86.4082965, 54.5294033], [86.41224799999999, 54.5310212], [86.4154039, 54.52741529999999], [86.411472, 54.5265763], [86.4096585, 54.5265846], [86.4090619, 54.5261719], [86.414458, 54.5222724], [86.4157534, 54.5215797], [86.41398310000001, 54.52094449999999], [86.41579749999998, 54.5188438], [86.396121, 54.50767019999999], [86.39134109999999, 54.5048584], [86.3907716, 54.50522490000001], [86.3901225, 54.5053952], [86.38930480000002, 54.50531960000001], [86.3884561, 54.505023], [86.3879774, 54.50479649999998], [86.38851839999998, 54.50435889999999], [86.38853369999998, 54.5040797], [86.3890813, 54.5033126], [86.38931549999998, 54.502788699999996], [86.3892656, 54.50233159999999], [86.3889105, 54.501863900000004], [86.38896059999999, 54.50135280000001], [86.3892767, 54.50100830000001], [86.3895963, 54.5005747], [86.38942639999999, 54.500193800000005], [86.3891532, 54.4999706], [86.3888386, 54.4998589], [86.38846719999998, 54.499871799999994], [86.3878573, 54.500007], [86.38702799999999, 54.4999865], [86.38585309999999, 54.50025310000001], [86.3820839, 54.5002408], [86.380098, 54.500344999999996], [86.3783763, 54.50058030000001], [86.3781554, 54.49973419999999], [86.37806679999998, 54.49899619999999], [86.378612, 54.497018999999995], [86.3804289, 54.49635339999999], [86.380401, 54.493983199999995], [86.38470569999998, 54.49399950000001], [86.3843996, 54.49369660000001], [86.3807514, 54.490028], [86.3813896, 54.4897862], [86.38088969999998, 54.48941], [86.3846055, 54.48733969999999], [86.3767156, 54.4823157], [86.37654939999999, 54.4814177], [86.3761006, 54.48076139999999], [86.37549649999998, 54.480321], [86.3741763, 54.48032859999999], [86.3584467, 54.48151049999999], [86.34993619999999, 54.463005900000006], [86.34972899999998, 54.4630134], [86.34953, 54.4630481], [86.3491199, 54.4629805], [86.3493226, 54.46267929999999], [86.34113459999999, 54.4567305], [86.3398147, 54.4562501], [86.33816239999999, 54.45589460000001], [86.33550169999998, 54.4558447], [86.33498819999998, 54.455124999999995], [86.3354003, 54.455034100000006], [86.33553379999998, 54.4553395], [86.33750799999999, 54.4554954], [86.3392273, 54.4550181], [86.3406137, 54.4560375], [86.3438171, 54.4546945], [86.3379974, 54.450481799999984], [86.3379487, 54.4486404], [86.33380729999999, 54.445580799999995], [86.33231439999999, 54.445546699999994], [86.33048929999998, 54.4464375], [86.32913, 54.444730899999996], [86.330007, 54.443880899999996], [86.3319692, 54.44372070000001]]]]}}, {"type": "Feature", "properties": {"id": "mo-32719000", "name": "ГО Ленинск-Кузнецкий", "region": "Кемеровская область", "isCity": false, "sourceOktmo": "32-719-000-000", "sourceAgg": "Кемерово", "excelNames": ["ГО Ленинск-Кузнецкий"], "oktmo": "32719000", "vgp": [{"year": 2019, "value": 56912319.377689734}, {"year": 2020, "value": 49535904.265819065}, {"year": 2021, "value": 45682863.28129869}, {"year": 2022, "value": 95756924.40133943}, {"year": 2023, "value": 85348942.61658062}, {"year": 2024, "value": 78846275.07570435}], "population": [{"year": 2019, "value": 97401.0}, {"year": 2020, "value": 96515.0}, {"year": 2021, "value": 95391.0}, {"year": 2022, "value": 93003.0}, {"year": 2023, "value": 91711.0}, {"year": 2024, "value": 90570.0}, {"year": 2025, "value": 88171.0}], "shipments": [{"year": 2019, "value": 3945022.6}, {"year": 2020, "value": 57062200.0}, {"year": 2021, "value": 81953400.0}, {"year": 2022, "value": 135488100.0}, {"year": 2023, "value": 101735200.0}, {"year": 2024, "value": 85663813.0}], "employees": [{"year": 2019, "value": 26881.0}, {"year": 2020, "value": 25968.0}, {"year": 2021, "value": 25117.0}, {"year": 2022, "value": 24743.0}, {"year": 2023, "value": 23812.0}, {"year": 2024, "value": 23941.0}], "investments": [{"year": 2019, "value": 15664826.0}, {"year": 2020, "value": 14500929.0}, {"year": 2021, "value": 8036430.0}, {"year": 2022, "value": 8477167.0}, {"year": 2023, "value": 13293633.0}, {"year": 2024, "value": 11346183.0}], "vgp2024": 78846275.07570435, "pop2024": 90570.0, "ship2024": 85663813.0, "emp2024": 23941.0, "inv2024": 11346183.0}, "geometry": {"type": "MultiPolygon", "coordinates": [[[[86.0638179, 54.61942160000001], [86.06524229999998, 54.6203133], [86.06801779999999, 54.622264799999996], [86.0688525, 54.6229269], [86.06948819999998, 54.62352779999999], [86.0715174, 54.6256779], [86.07321589999998, 54.62737959999999], [86.0738844, 54.627928399999995], [86.0744691, 54.6283476], [86.07540789999999, 54.6289407], [86.07614279999999, 54.6293227], [86.07693669999999, 54.6296806], [86.0778428, 54.63003869999999], [86.09137029999998, 54.6340371], [86.09144409999999, 54.634025], [86.09142, 54.6339372], [86.09173579999998, 54.6340265], [86.09173579999998, 54.6340824], [86.0917632, 54.6341505], [86.09426379999998, 54.63487669999999], [86.094768, 54.635104299999995], [86.0951167, 54.63534030000001], [86.0953152, 54.635607300000004], [86.0954031, 54.63595300000001], [86.0954949, 54.636774700000004], [86.0955915, 54.6370168], [86.0957471, 54.63726830000001], [86.0960956, 54.6376403], [86.0991727, 54.640121300000004], [86.09947, 54.64038839999999], [86.0997087, 54.64065279999999], [86.09988839999998, 54.64088819999999], [86.10003049999999, 54.641173800000004], [86.1000815, 54.6414252], [86.1000895, 54.6416767], [86.100052, 54.6418986], [86.09999009999999, 54.6421314], [86.09955939999999, 54.64325749999999], [86.09929960000001, 54.64367349999999], [86.0988838, 54.6441161], [86.09843729999999, 54.6444379], [86.0973607, 54.6450275], [86.09735910000002, 54.6451208], [86.09743420000001, 54.6451968], [86.0978445, 54.645823799999995], [86.09790889999998, 54.646391900000005], [86.09783339999998, 54.64679660000001], [86.09793039999998, 54.6469273], [86.0983112, 54.6470561], [86.0987484, 54.64705769999999], [86.09928489999999, 54.64700179999999], [86.10042629999998, 54.646731], [86.1015453, 54.64658260000001], [86.1016707, 54.64680860000001], [86.10221449999999, 54.64689509999999], [86.10851979999998, 54.646424499999995], [86.1085689, 54.6467366], [86.1088201, 54.6470747], [86.1090475, 54.6472949], [86.109783, 54.6476645], [86.1108601, 54.64804229999999], [86.1115825, 54.64850200000001], [86.11221149999999, 54.648977], [86.11292699999998, 54.64902579999999], [86.11362709999999, 54.648842200000004], [86.11459469999998, 54.6485934], [86.11547269999998, 54.6487697], [86.1158669, 54.6493088], [86.11669119999999, 54.64958870000001], [86.117838, 54.649796], [86.1184831, 54.6497753], [86.1194207, 54.6494007], [86.1205044, 54.64925439999998], [86.1218047, 54.64925439999998], [86.1225633, 54.64933799999999], [86.12342860000001, 54.6496509], [86.12353619999999, 54.650241799999996], [86.1231778, 54.6508742], [86.1223465, 54.65149050000001], [86.12144349999998, 54.65213829999999], [86.12090169999999, 54.652828], [86.1207933, 54.653434000000004], [86.1209558, 54.6539427], [86.1216009, 54.6543056], [86.1225327, 54.6542537], [86.12292689999998, 54.65374580000001], [86.1235003, 54.65355919999998], [86.123787, 54.6532689], [86.1243313, 54.65293140000001], [86.1251488, 54.65320669999999], [86.1257581, 54.6534659], [86.12642109999999, 54.6534659], [86.1268511, 54.6534141], [86.12747829999999, 54.653351900000004], [86.1283563, 54.653072], [86.128858, 54.6531549], [86.12966439999998, 54.6534037], [86.13018319999999, 54.6534298], [86.13048859999999, 54.65344520000001], [86.1310979, 54.65393239999999], [86.1310584, 54.6544107], [86.13081190000001, 54.65532639999999], [86.1308471, 54.6567704], [86.13078769999998, 54.65887450000001], [86.13019, 54.65928709999999], [86.129876, 54.66006050000001], [86.1296757, 54.660823799999996], [86.1300375, 54.6618259], [86.1303892, 54.6622296], [86.13119930000002, 54.66342710000001], [86.13083419999998, 54.664940400000006], [86.13027099999998, 54.66561649999999], [86.12961439999998, 54.6661391], [86.129228, 54.6664117], [86.1290503, 54.6669992], [86.1290735, 54.67054169999999], [86.12924559999999, 54.6720624], [86.1289621, 54.673339999999996], [86.1287314, 54.67404419999999], [86.1287787, 54.6749637], [86.1296491, 54.6757049], [86.13049489999999, 54.6758578], [86.131657, 54.676151199999985], [86.13227910000002, 54.6765953], [86.13313639999998, 54.6777267], [86.13339279999998, 54.6781496], [86.1339929, 54.6785372], [86.1347989, 54.678723399999996], [86.13587339999998, 54.67879370000001], [86.1364355, 54.67886200000001], [86.13720199999999, 54.6792764], [86.1375542, 54.679752799999996], [86.1373885, 54.6803744], [86.13672549999998, 54.6809959], [86.13593829999999, 54.68116160000001], [86.13368019999999, 54.680250099999995], [86.1326858, 54.6795042], [86.1321057, 54.6793799], [86.1311735, 54.679462799999996], [86.13048979999999, 54.680146500000006], [86.13015829999999, 54.6807265], [86.13015829999999, 54.6814931], [86.1295783, 54.68228029999999], [86.1287289, 54.6831711], [86.1289982, 54.684206999999994], [86.1281074, 54.685595000000006], [86.1276309, 54.68603], [86.12700939999999, 54.6862165], [86.12497909999999, 54.6859057], [86.1239226, 54.68592640000001], [86.1234254, 54.6861543], [86.12332179999999, 54.6866101], [86.1245648, 54.6872316], [86.12549709999999, 54.6885575], [86.1264915, 54.6889097], [86.1272436, 54.68928539999999], [86.12742659999999, 54.68947380000001], [86.12747530000001, 54.68967880000001], [86.12726599999999, 54.6898998], [86.12690579999999, 54.6900698], [86.1257664, 54.6903806], [86.12520039999998, 54.69058069999999], [86.1250424, 54.690768000000006], [86.1250609, 54.6910024], [86.1252808, 54.6912391], [86.1256456, 54.69142720000001], [86.12608930000002, 54.6914962], [86.12719059999999, 54.6913527], [86.1276554, 54.69139359999999], [86.128065, 54.691529499999994], [86.1283721, 54.6917556], [86.12837849999998, 54.6919701], [86.128211, 54.6922036], [86.127548, 54.692452200000005], [86.1261393, 54.692452200000005], [86.12444050000002, 54.69276299999999], [86.1238003, 54.69301459999999], [86.12365009999999, 54.6932161], [86.12369929999998, 54.693410099999994], [86.1239558, 54.69358199999999], [86.12449139999998, 54.6937716], [86.12471939999999, 54.694216899999994], [86.12477659999999, 54.6945834], [86.12499549999998, 54.6951155], [86.1253613, 54.695789399999995], [86.1255057, 54.696302700000004], [86.12542569999998, 54.696614], [86.1251155, 54.6971152], [86.12488389999999, 54.69738900000001], [86.1243268, 54.697680999999996], [86.1239183, 54.6977982], [86.12349499999999, 54.6978086], [86.12304389999998, 54.697674199999994], [86.1228166, 54.6974843], [86.12273809999999, 54.69722779999999], [86.1227794, 54.69696569999999], [86.12303849999999, 54.6966543], [86.1231518, 54.6963887], [86.1230117, 54.69553510000001], [86.12292049999999, 54.695067], [86.12278829999998, 54.694697700000006], [86.12206699999999, 54.69413240000001], [86.12175109999998, 54.6939757], [86.12137779999999, 54.693866199999995], [86.12095089999998, 54.6938062], [86.1204743, 54.6938579], [86.1201739, 54.6940067], [86.12001299999999, 54.69421439999999], [86.11996260000001, 54.694454999999984], [86.12000229999998, 54.694763200000004], [86.12010959999999, 54.69499570000001], [86.1203724, 54.6951972], [86.12065999999999, 54.6953758], [86.1207747, 54.6956034], [86.1206782, 54.69583900000001], [86.1204883, 54.6960889], [86.1198714, 54.6965229], [86.11930789999998, 54.69687899999999], [86.1188892, 54.697124], [86.1186143, 54.6973808], [86.1184627, 54.69763549999999], [86.118331, 54.69796069999999], [86.11815149999998, 54.69852359999999], [86.11812189999999, 54.6989115], [86.1220509, 54.705184], [86.1416776, 54.7136915], [86.15261229999999, 54.7183534], [86.1576349, 54.72091399999999], [86.1584178, 54.72120489999999], [86.1583614, 54.72127309999999], [86.15690999999998, 54.7235536], [86.15659889999999, 54.72354240000001], [86.1562559, 54.7241366], [86.1566183, 54.7244071], [86.1564627, 54.7247665], [86.1574156, 54.72494619999999], [86.1582129, 54.7249574], [86.15996989999998, 54.72530389999999], [86.1604171, 54.7246349], [86.1661792, 54.7260174], [86.16777899999998, 54.72661409999999], [86.1682391, 54.726977700000006], [86.168282, 54.72724409999999], [86.16770039999999, 54.728592299999995], [86.16450169999999, 54.7300699], [86.16145269999998, 54.730653999999994], [86.15784239999999, 54.73372149999999], [86.1564797, 54.733899300000004], [86.15401580000001, 54.7349432], [86.15312159999999, 54.73573480000001], [86.15582399999998, 54.7368591], [86.1595668, 54.738282500000004], [86.1639522, 54.7400279], [86.1635196, 54.74212549999999], [86.16366629999999, 54.7438151], [86.16530479999999, 54.7444742], [86.16777189999999, 54.74441709999999], [86.1689668, 54.7451086], [86.17370569999999, 54.7463642], [86.174815, 54.74803969999999], [86.1767177, 54.7477599], [86.1774556, 54.74755830000001], [86.1784029, 54.74725279999999], [86.17886119999999, 54.7471943], [86.17946789999999, 54.7471492], [86.1801306, 54.7469227], [86.1806995, 54.7467945], [86.18151219999999, 54.7468222], [86.18198599999998, 54.7467278], [86.1824914, 54.74650499999999], [86.1821068, 54.74612640000001], [86.1818465, 54.74596580000001], [86.1816904, 54.7458341], [86.1810159, 54.7452061], [86.18092349999999, 54.7450158], [86.18086749999999, 54.7447662], [86.18087749999998, 54.7445743], [86.18096159999999, 54.7443039], [86.181021, 54.7438819], [86.1810957, 54.7437225], [86.18118129999999, 54.7436175], [86.181397, 54.74347749999999], [86.1815462, 54.7434035], [86.18205369999998, 54.7432432], [86.1822789, 54.743113099999995], [86.1826393, 54.74282710000001], [86.18276269999998, 54.742759199999995], [86.18296249999999, 54.7426936], [86.1831776, 54.74265290000001], [86.18361869999998, 54.742604299999996], [86.18401439999998, 54.742533699999996], [86.18454219999998, 54.7423235], [86.1846677, 54.74231460000001], [86.18517850000002, 54.7424698], [86.18659519999999, 54.74235959999999], [86.1855066, 54.7351842], [86.18819079999999, 54.72964389999999], [86.1915315, 54.7301379], [86.1929324, 54.728093300000005], [86.1944924, 54.72840540000001], [86.1958104, 54.7263295], [86.1996691, 54.727269], [86.2067286, 54.7293698], [86.20734099999999, 54.72974750000001], [86.208535, 54.729966100000006], [86.2105272, 54.7298056], [86.2085741, 54.72471910000001], [86.20896979999999, 54.7222824], [86.20906489999999, 54.7204811], [86.20912999999999, 54.71972769999999], [86.2092541, 54.71865729999999], [86.20924259999998, 54.7180883], [86.207907, 54.7167976], [86.20871919999999, 54.71631510000001], [86.2148914, 54.71667699999999], [86.21878969999999, 54.715819200000006], [86.2248327, 54.7158545], [86.22856679999998, 54.71777], [86.24492169999999, 54.7186555], [86.246539, 54.71608829999999], [86.2467742, 54.7161711], [86.24703169999998, 54.716208299999984], [86.2474704, 54.71630879999999], [86.2486571, 54.71467440000001], [86.2494738, 54.7137347], [86.24948769999999, 54.713614], [86.2496549, 54.713486], [86.24981049999998, 54.71329239999999], [86.25006259999999, 54.7128229], [86.250312, 54.7125285], [86.2506714, 54.7120683], [86.250363, 54.7117909], [86.24964149999998, 54.7125424], [86.2494081, 54.7124092], [86.2521484, 54.7095737], [86.252921, 54.709877], [86.25312059999999, 54.7097787], [86.2608347, 54.702585], [86.2606025, 54.7023918], [86.26060049999998, 54.7023724], [86.2604079, 54.70234260000001], [86.26027369999998, 54.70248289999999], [86.26002989999999, 54.70240259999999], [86.2615476, 54.7008132], [86.26274179999999, 54.699412], [86.26529209999998, 54.6957615], [86.26726469999998, 54.6918696], [86.26804679999998, 54.6888661], [86.2689229, 54.6889433], [86.26922429999999, 54.6871343], [86.2692076, 54.68685630000001], [86.26931009999998, 54.68655129999999], [86.26941739999998, 54.6857947], [86.2688005, 54.6857063], [86.2685121, 54.68575510000001], [86.2685619, 54.6853064], [86.26842699999999, 54.684249], [86.2683499, 54.6820113], [86.26812159999999, 54.6807879], [86.2681676, 54.6805826], [86.26770889999999, 54.6805306], [86.26643529999998, 54.6802917], [86.26650569999998, 54.68012669999999], [86.26585009999998, 54.68007300000001], [86.2623214, 54.679965], [86.2622747, 54.6799319], [86.2621915, 54.6799257], [86.2621405, 54.6799588], [86.26047759999999, 54.6799024], [86.2596005, 54.67995049999998], [86.2588843, 54.68009579999999], [86.2581445, 54.680351800000004], [86.25114199999999, 54.68360719999999], [86.2510885, 54.68358789999999], [86.2510677, 54.68351770000001], [86.2509209, 54.683554199999996], [86.25091009999998, 54.6836898], [86.25025839999999, 54.6839976], [86.249516, 54.6843076], [86.2452924, 54.685590299999994], [86.2443817, 54.6859358], [86.2440079, 54.6860342], [86.2438133, 54.6855594], [86.2435642, 54.68347250000001], [86.2402937, 54.682724900000004], [86.2343023, 54.6814136], [86.2317708, 54.6801438], [86.2358279, 54.6780555], [86.23511420000001, 54.6775007], [86.2362787, 54.67638039999999], [86.2375697, 54.677138600000006], [86.2543436, 54.6683926], [86.25917229999999, 54.6650644], [86.25909629999998, 54.66491520000001], [86.26030789999999, 54.664169199999996], [86.25859279999999, 54.6623141], [86.2567627, 54.6598702], [86.255824, 54.658377599999994], [86.25544309999998, 54.6576577], [86.2549323, 54.6564173], [86.2547839, 54.65636539999999], [86.25441309999998, 54.655339600000005], [86.2540537, 54.6541883], [86.25381229999999, 54.653238599999995], [86.25359239999999, 54.6511531], [86.2535816, 54.64979679999999], [86.25371569999999, 54.6484249], [86.25391959999999, 54.6471337], [86.2543165, 54.645574200000006], [86.25503539999998, 54.64357030000001], [86.25617269999998, 54.64159440000001], [86.25631209999999, 54.6413119], [86.25652359999998, 54.64110250000001], [86.25749609999998, 54.63945719999999], [86.2577015, 54.63930179999999], [86.2580038, 54.63914919999999], [86.2586483, 54.6387275], [86.2591372, 54.6388136], [86.26002449999999, 54.637325], [86.2600216, 54.637063399999995], [86.25993849999999, 54.636888000000006], [86.259611, 54.636538499999986], [86.2594959, 54.63582929999999], [86.25957339999998, 54.635414], [86.26112759999998, 54.6332591], [86.26466409999999, 54.62646459999999], [86.26968379999998, 54.6217491], [86.26580689999999, 54.6208867], [86.2469525, 54.61540269999999], [86.2335462, 54.6124303], [86.231091, 54.6131348], [86.2307747, 54.6120091], [86.2309201, 54.611476200000006], [86.22943639999998, 54.6103544], [86.2286857, 54.6094145], [86.2244248, 54.608943999999994], [86.2211296, 54.60795309999999], [86.21902939999998, 54.6082542], [86.21684069999999, 54.6080802], [86.21556569999998, 54.60753119999999], [86.2122263, 54.6046865], [86.20693490000001, 54.6031082], [86.2036081, 54.601786800000006], [86.2016058, 54.6003868], [86.1995039, 54.60054749999999], [86.19174960000001, 54.6045966], [86.1884938, 54.6053103], [86.13084869999999, 54.61140399999999], [86.12400389999999, 54.6122111], [86.1203335, 54.6133843], [86.1153137, 54.61680929999999], [86.1128199, 54.61572209999999], [86.1031268, 54.6216133], [86.09539949999998, 54.62685379999999], [86.0801198, 54.622643], [86.07793759999998, 54.6249584], [86.07276809999999, 54.6234361], [86.0655661, 54.6188864], [86.0653603, 54.6188535], [86.06415869999998, 54.618928], [86.06391579999999, 54.6190091], [86.06331239999999, 54.6186275], [86.0623622, 54.61794600000001], [86.0616298, 54.61717910000001], [86.0593983, 54.613902599999996], [86.055839, 54.60840300000001], [86.0553273, 54.6078398], [86.0547514, 54.60695369999999], [86.05469509999999, 54.6067979], [86.054256, 54.606531399999994], [86.0534191, 54.605953500000005], [86.0522894, 54.605393899999996], [86.0471617, 54.6035146], [86.0471489, 54.6034822], [86.0469391, 54.603393200000006], [86.04683029999998, 54.603219200000005], [86.04672779999999, 54.6031388], [86.04603749999998, 54.6018767], [86.0458311, 54.6016345], [86.0455752, 54.601372699999985], [86.04564339999999, 54.601286399999985], [86.0454489, 54.6011536], [86.0453353, 54.6011667], [86.04504979999999, 54.601011500000006], [86.0446188, 54.6008219], [86.04370409999999, 54.600596599999996], [86.04195, 54.600173599999984], [86.0230288, 54.590737600000004], [86.0206629, 54.5894752], [86.02063329999999, 54.5894257], [86.021998, 54.5885703], [86.02215849999999, 54.58843399999999], [86.0219622, 54.5875043], [86.0208335, 54.58426979999999], [86.02397150000002, 54.58252209999999], [86.02573699999999, 54.5811555], [86.0258126, 54.5783755], [86.0123712, 54.578397499999994], [86.004443, 54.57841040000001], [86.0044633, 54.5819844], [86.000188, 54.582000099999995], [85.99744119999998, 54.58220480000001], [85.99747249999999, 54.58225100000001], [85.99748269999999, 54.5823551], [85.9975991, 54.5824102], [85.9977271, 54.582591099999995], [85.9980458, 54.582621399999994], [85.9983584, 54.5826318], [85.99869509999999, 54.5826095], [85.99888719999998, 54.5825343], [85.9994352, 54.5828177], [85.9998695, 54.5832431], [86.00013979999999, 54.583348799999996], [86.0006361, 54.58375349999999], [86.0008103, 54.58418279999999], [86.00087729999998, 54.5844781], [86.0011384, 54.5848877], [86.0019046, 54.58530029999999], [86.00223989999999, 54.5853718], [86.00239389999999, 54.5859761], [86.0026325, 54.586121699999985], [86.0030029, 54.5865616], [86.002763, 54.587068299999984], [86.0026092, 54.587308], [86.0027393, 54.5874453], [86.00267749999999, 54.58765820000001], [86.0025072, 54.587846400000004], [86.0027146, 54.5884026], [86.0017276, 54.58938489999999], [86.0015296, 54.59015370000001], [86.00069489999998, 54.59002209999999], [85.9997857, 54.59008419999999], [85.9992921, 54.5902319], [85.9990596, 54.5902371], [85.99537069999998, 54.589380199999994], [85.994277, 54.58902019999999], [85.9935072, 54.5885841], [85.99228779999999, 54.58826479999998], [85.9911543, 54.5883653], [85.99024589999999, 54.5883278], [85.9894466, 54.5881603], [85.98899489999998, 54.587905500000005], [85.98910889999999, 54.5875279], [85.9893264, 54.5871965], [85.9891112, 54.586963000000004], [85.9864028, 54.58663119999999], [85.98539759999998, 54.586217000000005], [85.9843951, 54.58623289999999], [85.98248929999998, 54.585769299999995], [85.9819221, 54.5860278], [85.981491, 54.586126599999986], [85.9809083, 54.5863324], [85.98016959999998, 54.58707950000001], [85.9832234, 54.5880323], [85.9982045, 54.5929832], [86.0018663, 54.5939156], [85.99938319999998, 54.5973526], [85.999859, 54.5977488], [86.0033978, 54.59540580000001], [86.00252339999999, 54.5949974], [86.00416989999998, 54.59203250000001], [86.00774009999999, 54.59288840000001], [86.00862079999999, 54.5930979], [86.01254209999999, 54.5943118], [86.0130351, 54.5949232], [86.01366879999999, 54.5952467], [86.01371699999999, 54.5957316], [86.0139531, 54.59592430000001], [86.0137653, 54.5962785], [86.01396309999998, 54.59649569999999], [86.01485429999998, 54.5966328], [86.0155732, 54.59685040000001], [86.0177941, 54.5985109], [86.0225921, 54.5965356], [86.0380273, 54.6005477], [86.03874459999999, 54.60077650000001], [86.0520566, 54.6056117], [86.05312139999998, 54.606153899999995], [86.0540861, 54.6068232], [86.05500699999999, 54.60786269999999], [86.05539269999998, 54.608503], [86.0578993, 54.61226169999999], [86.0582859, 54.6131401], [86.05877279999999, 54.6138524], [86.0590587, 54.61393189999999], [86.06131199999999, 54.6172946], [86.06208639999998, 54.61805609999999], [86.06308179999999, 54.61876500000001], [86.0635364, 54.61904599999999], [86.06390319999998, 54.61930679999999], [86.06382479999999, 54.6193656], [86.0638179, 54.61942160000001]]]]}}, {"type": "Feature", "properties": {"id": "mo-32740000", "name": "ГО Тайгинский", "region": "Кемеровская область", "isCity": false, "sourceOktmo": "32-740-000-000", "sourceAgg": "Кемерово", "excelNames": ["ГО Тайгинский"], "oktmo": "32740000", "vgp": [{"year": 2019, "value": 13501335.48032297}, {"year": 2020, "value": 12720271.811522981}, {"year": 2021, "value": 11406189.500169085}, {"year": 2022, "value": 21809285.88499308}, {"year": 2023, "value": 18436248.532404754}, {"year": 2024, "value": 17054567.192867547}], "population": [{"year": 2019, "value": 24948.0}, {"year": 2020, "value": 24880.0}, {"year": 2021, "value": 24362.0}, {"year": 2022, "value": 23474.0}, {"year": 2023, "value": 23240.0}, {"year": 2024, "value": 23065.0}, {"year": 2025, "value": 22823.0}], "shipments": [{"year": 2019, "value": 2361486.4}, {"year": 2020, "value": 2029601.2}, {"year": 2021, "value": 2105103.5}, {"year": 2022, "value": 2082560.4}, {"year": 2023, "value": 1769768.0}, {"year": 2024, "value": 1753997.9}], "employees": [{"year": 2019, "value": 6618.0}, {"year": 2020, "value": 6608.0}, {"year": 2021, "value": 6260.0}, {"year": 2022, "value": 5922.0}, {"year": 2023, "value": 5540.0}, {"year": 2024, "value": 5439.0}], "investments": [{"year": 2019, "value": 1868305.0}, {"year": 2020, "value": 1035083.0}, {"year": 2021, "value": 281930.0}, {"year": 2022, "value": 323458.0}, {"year": 2023, "value": 182401.0}, {"year": 2024, "value": 391948.0}], "vgp2024": 17054567.192867547, "pop2024": 23065.0, "ship2024": 1753997.9, "emp2024": 5439.0, "inv2024": 391948.0}, "geometry": {"type": "MultiPolygon", "coordinates": [[[[85.4291417, 56.196259299999994], [85.44974589999998, 56.1962921], [85.4521512, 56.21167809999999], [85.5269626, 56.2118681], [85.54536149999998, 56.212538499999994], [85.6699068, 56.2129046], [85.69396, 56.2114538], [85.86773159999998, 56.210475], [85.86739409999998, 56.194870099999996], [85.8679029, 56.18911229999999], [85.9190255, 56.1887736], [85.91820080000001, 56.1252367], [85.9181035, 56.1248835], [85.91854539999999, 56.1242759], [85.91886950000001, 56.12371759999999], [85.9184865, 56.12350409999999], [85.9181035, 56.12388179999999], [85.9176077, 56.1238653], [85.91727829999999, 56.12394789999999], [85.91682879999999, 56.123888699999995], [85.9165359, 56.123732], [85.9163433, 56.123303], [85.9166379, 56.12293350000001], [85.91649059999999, 56.122379300000006], [85.91564369999999, 56.1225435], [85.91498079999998, 56.1227693], [85.9142812, 56.12293350000001], [85.9138025, 56.1227898], [85.9142075, 56.1223588], [85.9135815, 56.1221535], [85.91283489999998, 56.1223182], [85.9118407, 56.1222567], [85.9110512, 56.1215466], [85.91073689999999, 56.09402699999999], [85.8908256, 56.09344670000001], [85.89151219999998, 56.0545107], [85.8920411, 56.0529128], [85.89204049999998, 56.05239009999999], [85.88480469999999, 56.0523289], [85.8793087, 56.0519513], [85.87525599999998, 56.051058700000006], [85.8702505, 56.0502007], [85.8681106, 56.04971660000001], [85.86236899999999, 56.04777790000001], [85.8593789, 56.0472197], [85.8531117, 56.04670859999999], [85.84506639999998, 56.046337699999995], [85.8404536, 56.0465669], [85.8374476, 56.0469363], [85.8318311, 56.0482865], [85.82572470000001, 56.0480678], [85.81402230000002, 56.04689270000001], [85.8073568, 56.047027099999994], [85.8066915, 56.040021499999995], [85.8082186, 56.036803799999994], [85.79551139999998, 56.0304419], [85.79364939999999, 56.03108389999999], [85.7905937, 56.03116150000001], [85.78559349999999, 56.02960939999999], [85.7828156, 56.020528000000006], [85.78003769999998, 56.018199], [85.7778153, 56.0151713], [85.7768431, 56.0092703], [85.77656529999999, 56.006863], [85.7737874, 56.0037567], [85.7764264, 56.0010384], [85.7704539, 56.00018409999999], [85.7630925, 55.99832], [85.75910119999999, 55.9964824], [85.73086880000001, 55.983481700000006], [85.72809089999998, 55.98456949999999], [85.72461849999999, 55.9844141], [85.7208683, 55.98068430000001], [85.7147569, 55.9804512], [85.713368, 55.97982950000001], [85.7125346, 55.9766433], [85.7103123, 55.97547749999999], [85.70822889999998, 55.9727573], [85.71295130000001, 55.9715137], [85.71420129999998, 55.969881400000006], [85.71059009999999, 55.966150199999994], [85.7110068, 55.9629628], [85.7089233, 55.96086369999998], [85.70558979999998, 55.9607082], [85.70031179999998, 55.9646731], [85.6975339, 55.9654505], [85.69558939999999, 55.9651396], [85.6910058, 55.9666166], [85.68933910000001, 55.966150199999994], [85.68558889999998, 55.9687931], [85.6879502, 55.969492699999996], [85.6876724, 55.97501119999999], [85.68558889999998, 55.9776536], [85.681561, 55.978741500000005], [85.6805887, 55.98029569999999], [85.6836444, 55.9822384], [85.68308879999998, 55.98565729999999], [85.6711438, 55.9906296], [85.66808809999999, 55.9949799], [85.6657269, 55.9990967], [85.66294899999998, 55.99894140000001], [85.6596155, 56.00041709999999], [85.65822659999999, 56.003679], [85.6454482, 56.006863], [85.63074279999998, 56.0087442], [85.6271284, 56.0127552], [85.5973876, 56.0062814], [85.59414109999999, 56.0058045], [85.5921135, 56.00578969999999], [85.5905554, 56.0060046], [85.5877018, 56.0068517], [85.5861139, 56.00707359999999], [85.5845904, 56.006953599999996], [85.58252469999998, 56.006605199999996], [85.56476429999998, 56.00291699999999], [85.56141609999999, 56.0018487], [85.5593262, 56.001336200000004], [85.5553262, 56.00083119999999], [85.5538469, 56.00033080000001], [85.5511036, 55.9996584], [85.55098769999998, 56.00018079999999], [85.5507428, 56.0007435], [85.54974889999998, 56.001371], [85.5477127, 56.002060099999994], [85.54656480000001, 56.0020661], [85.54507599999998, 56.001942899999996], [85.54379939999998, 56.0019146], [85.5428338, 56.00219659999999], [85.54183639999998, 56.0023929], [85.53141809999998, 56.00751339999999], [85.5729609, 56.0297911], [85.57635999999998, 56.0385886], [85.57804579999998, 56.040212499999996], [85.58211699999998, 56.0426562], [85.5666611, 56.049783899999994], [85.5674059, 56.05224840000001], [85.56805419999999, 56.05656569999999], [85.5686334, 56.06022990000001], [85.569554, 56.066630499999995], [85.56272500000001, 56.0669571], [85.5604076, 56.0744308], [85.56993479999998, 56.07462239999999], [85.57067039999998, 56.0839617], [85.56135169999999, 56.0851118], [85.5412673, 56.09382680000001], [85.530796, 56.0959813], [85.5210971, 56.0995], [85.51159929999999, 56.100644299999985], [85.5128932, 56.0990855], [85.50849539999999, 56.09640389999999], [85.5070213, 56.096798299999996], [85.50422429999999, 56.0957456], [85.50429299999999, 56.09406169999999], [85.50693559999999, 56.09463499999999], [85.50703339999998, 56.089803], [85.5061526, 56.08936619999999], [85.5020909, 56.0902671], [85.50316749999999, 56.0913318], [85.5027201, 56.0951603], [85.4999456, 56.0961903], [85.49421219999999, 56.0939253], [85.4914718, 56.09559039999999], [85.49628599999998, 56.0987498], [85.4962474, 56.0997886], [85.49500499999999, 56.1002165], [85.48652619999999, 56.1061997], [85.4835797, 56.109172900000004], [85.47912769999999, 56.1110835], [85.4704262, 56.1113756], [85.46385079999999, 56.1130112], [85.4560242, 56.1117545], [85.45145459999999, 56.1121934], [85.43893719999998, 56.118530299999996], [85.43098569999998, 56.1263817], [85.4231739, 56.132011399999996], [85.4231309, 56.1350303], [85.42363349999998, 56.13912799999999], [85.4243506, 56.1496552], [85.42905209999999, 56.1614964], [85.4223267, 56.161785900000005], [85.41636309999998, 56.1663179], [85.4105411, 56.17375579999999], [85.42448789999999, 56.180531599999995], [85.4326071, 56.183301300000004], [85.4273463, 56.19200240000001], [85.4279954, 56.1943563], [85.4291417, 56.196259299999994]]]]}}, {"type": "Feature", "properties": {"id": "mo-32749000", "name": "ГО Юргинский", "region": "Кемеровская область", "isCity": false, "sourceOktmo": "32-749-000-000", "sourceAgg": "Кемерово", "excelNames": ["ГО Юргинский"], "oktmo": "32749000", "vgp": [{"year": 2019, "value": 22116208.032691974}, {"year": 2020, "value": 20369148.57116314}, {"year": 2021, "value": 17976529.571877062}, {"year": 2022, "value": 36362705.68630088}, {"year": 2023, "value": 32278461.93581337}, {"year": 2024, "value": 31657407.651829556}], "population": [{"year": 2019, "value": 81073.0}, {"year": 2020, "value": 80840.0}, {"year": 2021, "value": 80367.0}, {"year": 2022, "value": 79411.0}, {"year": 2023, "value": 78494.0}, {"year": 2024, "value": 78009.0}, {"year": 2025, "value": 77092.0}], "shipments": [{"year": 2019, "value": 16451520.3}, {"year": 2020, "value": 15296036.5}, {"year": 2021, "value": 20565662.1}, {"year": 2022, "value": 21220335.9}, {"year": 2023, "value": 21512514.1}, {"year": 2024, "value": 23365014.9}], "employees": [{"year": 2019, "value": 2826.0}, {"year": 2020, "value": 2850.0}, {"year": 2021, "value": 2492.0}, {"year": 2022, "value": 2320.0}, {"year": 2023, "value": 2274.0}, {"year": 2024, "value": 2254.0}], "investments": [{"year": 2019, "value": 365733.0}, {"year": 2020, "value": 789144.0}, {"year": 2021, "value": 868062.0}, {"year": 2022, "value": 1014112.0}, {"year": 2023, "value": 1520226.0}, {"year": 2024, "value": 2920601.0}], "vgp2024": 31657407.651829556, "pop2024": 78009.0, "ship2024": 23365014.9, "emp2024": 2254.0, "inv2024": 2920601.0}, "geometry": {"type": "MultiPolygon", "coordinates": [[[[84.9217927, 55.76603319999999], [84.9244109, 55.76340309999999], [84.930791, 55.754484100000006], [84.9370404, 55.7482144], [84.94023549999999, 55.7451987], [84.9469754, 55.7388366], [84.9516071, 55.732227900000005], [84.95491639999999, 55.73003569999999], [84.9616125, 55.7255996], [84.97311379999998, 55.7177684], [84.97731859999999, 55.7121413], [84.98346559999999, 55.70723300000001], [84.9928427, 55.7037702], [84.9983163, 55.70307199999999], [85.0081238, 55.7031291], [85.00793310000002, 55.69838570000001], [85.0113525, 55.698278300000005], [85.0120119, 55.6899882], [85.01127619999998, 55.68949059999999], [85.00970669999998, 55.68382259999999], [84.9996111, 55.683936999999986], [84.9939256, 55.6842621], [84.98905499999998, 55.686513999999995], [84.9796915, 55.67914], [84.97172529999999, 55.68274919999999], [84.9722557, 55.683587800000005], [84.9711774, 55.6843546], [84.9627821, 55.68805119999999], [84.96011539999999, 55.68749460000001], [84.9519398, 55.6872365], [84.95163189999998, 55.6875555], [84.93735559999999, 55.691344799999996], [84.9287337, 55.6886506], [84.9211038, 55.68642189999999], [84.91708069999999, 55.68896339999999], [84.91697669999999, 55.6900973], [84.9110114, 55.695727000000005], [84.90752659999998, 55.69561370000001], [84.90465489999998, 55.6957884], [84.8956952, 55.693317], [84.88990079999999, 55.69218], [84.8871517, 55.6911086], [84.88663379999998, 55.6904663], [84.903481, 55.682339000000006], [84.91462839999998, 55.676324099999995], [84.90140779999999, 55.6743708], [84.8892301, 55.67887789999999], [84.8865577, 55.679475399999994], [84.8822244, 55.6770262], [84.8610898, 55.684271599999995], [84.86489439999998, 55.6869655], [84.85878159999999, 55.689623], [84.86946589999998, 55.69743499999999], [84.8791915, 55.693540399999996], [84.8927512, 55.702877400000006], [84.8897588, 55.7043924], [84.88360529999999, 55.7060762], [84.88235729999998, 55.70674699999999], [84.87812079999999, 55.70811209999999], [84.8775923, 55.708043599999996], [84.87568049999999, 55.7084009], [84.8709941, 55.7083519], [84.8631986, 55.70791990000001], [84.85205449999998, 55.7054397], [84.8522399, 55.707986600000005], [84.8501452, 55.7079511], [84.84063239999999, 55.7041145], [84.8386672, 55.70461869999999], [84.8360725, 55.703004], [84.83338149999999, 55.704186400000005], [84.8329901, 55.7038678], [84.83250509999999, 55.7038864], [84.8323244, 55.7037477], [84.83157929999999, 55.704271500000004], [84.83176769999999, 55.7044584], [84.83127799999998, 55.704687], [84.8292803, 55.70434360000001], [84.8275892, 55.7074211], [84.82554079999998, 55.7088433], [84.82408029999999, 55.70983799999998], [84.8218997, 55.70954199999999], [84.82159119999999, 55.7104067], [84.80959879999999, 55.709484700000004], [84.80643610000001, 55.726928099999995], [84.8058453, 55.729240999999995], [84.80640649999998, 55.7303483], [84.8000945, 55.731553899999994], [84.8017774, 55.7340394], [84.80103869999999, 55.7343916], [84.8036689, 55.7393827], [84.8086994, 55.7380624], [84.81293239999998, 55.7359807], [84.8263743, 55.74140169999999], [84.8370297, 55.744756800000005], [84.8399962, 55.74125780000001], [84.8397946, 55.74048429999999], [84.84076909999999, 55.739388], [84.8460363, 55.7403828], [84.8545532, 55.7410887], [84.85775529999998, 55.740606500000005], [84.85952969999998, 55.741031299999996], [84.86083499999998, 55.7408935], [84.8617712, 55.74127589999999], [84.86381679999998, 55.7419264], [84.8662602, 55.74203020000001], [84.87139989999999, 55.7434882], [84.8755431, 55.7469808], [84.8761789, 55.7473947], [84.87697839999998, 55.7481143], [84.88156739999998, 55.7497285], [84.88509899999998, 55.75048509999999], [84.8866532, 55.75138389999999], [84.8906957, 55.75248689999999], [84.89279639999998, 55.75340519999999], [84.8986958, 55.7538993], [84.90269269999999, 55.755395799999995], [84.9025312, 55.7557527], [84.9035626, 55.75688949999999], [84.9038379, 55.7585809], [84.90322, 55.7606588], [84.9085205, 55.76403299999999], [84.90872209999999, 55.76509949999999], [84.91445709999999, 55.7649487], [84.91431, 55.7655557], [84.9217927, 55.76603319999999]]]]}}, {"type": "Feature", "properties": {"id": "mo-32501000", "name": "Беловский муниципальный округ", "region": "Кемеровская область", "isCity": false, "sourceOktmo": "32-501-000-000", "sourceAgg": "Кемерово", "excelNames": ["Беловский муниципальный округ"], "oktmo": "32501000", "vgp": [{"year": 2019, "value": 27650420.4614132}, {"year": 2020, "value": 22459875.44158267}, {"year": 2021, "value": 25329415.634045422}, {"year": 2022, "value": 58664519.475637965}, {"year": 2023, "value": 54146612.05760611}, {"year": 2024, "value": 42330862.62687249}], "population": [{"year": 2019, "value": 564937.0}, {"year": 2020, "value": 25955.0}, {"year": 2021, "value": 25385.0}, {"year": 2022, "value": 14174.0}, {"year": 2023, "value": 14245.0}, {"year": 2024, "value": 13942.0}, {"year": 2025, "value": 13620.0}], "shipments": [{"year": 2019, "value": 77294247.9}, {"year": 2020, "value": 52188375.7}, {"year": 2021, "value": 96689419.1}, {"year": 2022, "value": 129082071.5}, {"year": 2023, "value": 89346049.8}, {"year": 2024, "value": 56119230.6}], "employees": [{"year": 2019, "value": 12133.0}, {"year": 2020, "value": 11493.0}, {"year": 2021, "value": 11807.0}, {"year": 2022, "value": 12139.0}, {"year": 2023, "value": 12413.0}, {"year": 2024, "value": 11165.0}], "investments": [{"year": 2019, "value": 10870113.0}, {"year": 2020, "value": 4770236.0}, {"year": 2021, "value": 5078316.0}, {"year": 2022, "value": 7719058.0}, {"year": 2023, "value": 12367702.0}, {"year": 2024, "value": 4451613.0}], "vgp2024": 42330862.62687249, "pop2024": 13942.0, "ship2024": 56119230.6, "emp2024": 11165.0, "inv2024": 4451613.0}, "geometry": {"type": "MultiPolygon", "coordinates": [[[[86.33055049999999, 54.563974899999984], [86.328721, 54.5665137], [86.3263316, 54.569032699999994], [86.3234609, 54.572150500000006], [86.3220924, 54.573116999999996], [86.3069697, 54.582608199999996], [86.3075432, 54.5830192], [86.31256619999999, 54.585223500000005], [86.31851509999998, 54.5885291], [86.3184214, 54.5887321], [86.31917239999999, 54.589136200000006], [86.3159326, 54.5917014], [86.3086391, 54.5975943], [86.31552460000002, 54.6001382], [86.32687469999999, 54.603442599999994], [86.32725519999998, 54.604319799999985], [86.31691929999998, 54.6049484], [86.3108682, 54.60478679999999], [86.306477, 54.60498479999999], [86.29551229999998, 54.61707679999999], [86.2942491, 54.618494], [86.29850959999999, 54.6208441], [86.3024521, 54.621516299999996], [86.3123236, 54.621085900000004], [86.3404823, 54.6253814], [86.3573197, 54.6356338], [86.36850899999999, 54.639058999999996], [86.3837732, 54.643712], [86.4124682, 54.6319294], [86.43474219999999, 54.641780000000004], [86.47970179999999, 54.64255279999999], [86.4923884, 54.646287799999996], [86.5244388, 54.635726000000005], [86.5282225, 54.65118129999999], [86.5595624, 54.6547759], [86.5833212, 54.654401500000006], [86.6006436, 54.659755800000006], [86.60402099999999, 54.65924499999999], [86.61008419999999, 54.65863040000001], [86.6163577, 54.65864439999999], [86.62306359999998, 54.657615199999995], [86.67641969999998, 54.647524000000004], [86.6826606, 54.6431141], [86.69952679999999, 54.6410237], [86.70514229999999, 54.6387299], [86.70835129999999, 54.6312592], [86.7188197, 54.63555329999999], [86.7135007, 54.6170003], [86.7291538, 54.6144483], [86.75288649999999, 54.63583609999999], [86.76653879999999, 54.638290100000006], [86.8101736, 54.660524699999996], [86.8156351, 54.6676663], [86.8358188, 54.66450770000001], [86.8607517, 54.66382099999999], [86.87097939999998, 54.6595567], [86.87049309999999, 54.652734699999996], [86.8803408, 54.64696669999999], [86.89031009999998, 54.6507652], [86.90820839999999, 54.6530839], [86.9221787, 54.654082800000005], [86.9439977, 54.64263919999999], [87.0265642, 54.6189244], [87.1428795, 54.596650800000006], [87.23943719999998, 54.61262430000001], [87.2515973, 54.6129177], [87.30527819999999, 54.5845319], [87.3998639, 54.54072049999999], [87.4019353, 54.5462394], [87.40692829999999, 54.5469031], [87.4089047, 54.5485924], [87.41452179999999, 54.548351100000005], [87.4213872, 54.54364480000001], [87.4215953, 54.5416535], [87.42690030000001, 54.5398432], [87.42721239999999, 54.5366447], [87.42939679999999, 54.5362826], [87.42918879999999, 54.5339288], [87.4378225, 54.52873799999999], [87.4473924, 54.52656480000001], [87.455402, 54.5258404], [87.45550599999999, 54.524331200000006], [87.45765719999999, 54.5244916], [87.4574441, 54.51453769999999], [87.4512314, 54.50729], [87.44793079999998, 54.50684280000001], [87.4440251, 54.508344], [87.4304375, 54.516679], [87.4292823, 54.516263899999984], [87.43478329999999, 54.511473800000005], [87.4350033, 54.51032409999999], [87.44529029999998, 54.50575690000001], [87.4440695, 54.5029693], [87.4408032, 54.5029693], [87.44071730000002, 54.5009229], [87.4342707, 54.4968299], [87.4260192, 54.49678], [87.41965859999999, 54.4982275], [87.4210338, 54.49692970000001], [87.42962919999998, 54.49473329999999], [87.4253016, 54.48976819999999], [87.4235259, 54.4854878], [87.41811029999998, 54.48368269999999], [87.4156244, 54.479556399999986], [87.41065259999999, 54.4790922], [87.408078, 54.4752233], [87.4023072, 54.4720764], [87.40406409999999, 54.470217100000006], [87.40919940000002, 54.4728815], [87.40965799999998, 54.4741604], [87.41167539999998, 54.474426799999996], [87.4140596, 54.4768778], [87.41947, 54.477943399999994], [87.4278149, 54.4841767], [87.4303826, 54.4885981], [87.439461, 54.4948298], [87.44221209999999, 54.494563500000005], [87.442854, 54.496534], [87.4513823, 54.50185929999999], [87.4564259, 54.5021255], [87.4617446, 54.4987174], [87.4696309, 54.49115479999999], [87.4696428, 54.48775139999999], [87.4738862, 54.4835696], [87.4814637, 54.47872710000001], [87.49351179999998, 54.4749408], [87.5044234, 54.4742363], [87.51200089999999, 54.4682918], [87.49751279999998, 54.468251699999996], [87.4930269, 54.4668778], [87.49351189999999, 54.4645525], [87.48884419999999, 54.4648344], [87.48266090000001, 54.4623328], [87.4821654, 54.45725720000001], [87.4873506, 54.456688400000004], [87.4880354, 54.45805339999999], [87.5093632, 54.465047899999995], [87.51308089999999, 54.4639675], [87.5133744, 54.45975940000001], [87.5105372, 54.45583529999999], [87.51141769999998, 54.4544703], [87.51474399999998, 54.45702970000001], [87.5173856, 54.45230899999999], [87.51846169999999, 54.4358678], [87.51828029999999, 54.4298172], [87.5162592, 54.42822999999999], [87.5123182, 54.4291118], [87.5116108, 54.4315218], [87.5011014, 54.4329913], [87.50049509999998, 54.4319333], [87.50564869999998, 54.4302286], [87.5086803, 54.4299935], [87.50989289999998, 54.4272895], [87.5124192, 54.425525799999996], [87.50463819999999, 54.4229979], [87.50089929999999, 54.4226451], [87.5033245, 54.42099890000001], [87.5093877, 54.42340939999999], [87.513834, 54.42329180000001], [87.51393499999999, 54.414531000000004], [87.51463779999999, 54.41150429999999], [87.5102122, 54.408539899999994], [87.5108802, 54.40494350000001], [87.5047012, 54.4011038], [87.50311459999999, 54.3964859], [87.5064547, 54.39590260000001], [87.5082082, 54.39356909999999], [87.50344859999998, 54.3905548], [87.5001921, 54.3902631], [87.4971861, 54.3885614], [87.492677, 54.3785442], [87.4884185, 54.37961409999999], [87.48933699999999, 54.37684200000001], [87.48441039999999, 54.3720268], [87.48474439999998, 54.3690596], [87.4767283, 54.368232600000006], [87.4701317, 54.365313799999996], [87.4666247, 54.36769749999999], [87.4668752, 54.37475059999999], [87.46261669999998, 54.377133799999996], [87.45610359999999, 54.37426419999999], [87.4642032, 54.3668705], [87.26977969999999, 54.36656679999999], [87.1974846, 54.3664539], [87.0695121, 54.364855799999994], [87.07745299999999, 54.358083300000004], [87.0796281, 54.3511524], [87.0720237, 54.329258100000004], [87.0612922, 54.3143433], [87.040971, 54.3202033], [87.00970299999999, 54.32048400000001], [87.0052819, 54.3146817], [86.93120829999998, 54.36437690000001], [86.88666, 54.3900599], [86.8694977, 54.38126320000001], [86.8682145, 54.3790813], [86.85303409999999, 54.3641722], [86.844103, 54.3582047], [86.8428311, 54.3509535], [86.8477244, 54.3480677], [86.8437159, 54.3433463], [86.8406743, 54.3413798], [86.83608429999998, 54.3404771], [86.8363608, 54.33918759999999], [86.81495179999999, 54.32448070000001], [86.80920429999999, 54.3279614], [86.7828985, 54.32125759999999], [86.78247929999999, 54.319497299999995], [86.78068789999999, 54.3119737], [86.7392489, 54.30164769999999], [86.6836044, 54.270727599999994], [86.6592955, 54.270431499999994], [86.61431639999999, 54.269634], [86.61485139999999, 54.2736956], [86.6183292, 54.2779131], [86.60816339999998, 54.27978739999999], [86.588464, 54.271728499999995], [86.55526130000001, 54.27552949999999], [86.5276358, 54.2619898], [86.5265319, 54.252219], [86.5066246, 54.24220309999999], [86.5162211, 54.231467699999996], [86.4933562, 54.230871199999996], [86.48067580000001, 54.227214100000005], [86.4770248, 54.2236344], [86.46704629999999, 54.228618700000006], [86.4643884, 54.22872060000001], [86.4609027, 54.228695099999996], [86.45703569999999, 54.22789279999999], [86.4561534, 54.229153499999995], [86.4547635, 54.228521199999996], [86.4547635, 54.22756669999999], [86.4506042, 54.22661209999999], [86.4444422, 54.2237483], [86.4372944, 54.22128049999999], [86.43630839999999, 54.22128049999999], [86.430547, 54.2231539], [86.4264185, 54.2236042], [86.4223824, 54.22463090000001], [86.4151113, 54.2240545], [86.4046976, 54.2246849], [86.39958309999999, 54.22475690000001], [86.3913569, 54.223369999999996], [86.3892927, 54.22174890000001], [86.38707439999999, 54.2181822], [86.3880295, 54.216578799999986], [86.3920039, 54.215605999999994], [86.39508489999999, 54.2135702], [86.39520819999998, 54.210705499999996], [86.3961016, 54.208813600000006], [86.3977654, 54.207011699999995], [86.4042662, 54.20564219999999], [86.4068851, 54.2044528], [86.40506729999998, 54.20108289999999], [86.39642249999999, 54.19876539999999], [86.3965149, 54.198062500000006], [86.4013829, 54.198062500000006], [86.40371239999999, 54.1967707], [86.404976, 54.196159], [86.4059999, 54.1949737], [86.4065228, 54.1929598], [86.39913740000001, 54.1872875], [86.39745989999999, 54.1845339], [86.395107, 54.17534119999999], [86.3938217, 54.174639799999994], [86.38885449999998, 54.1734157], [86.3873948, 54.1714263], [86.3819266, 54.1715538], [86.3816216, 54.168531399999985], [86.38841879999998, 54.16830179999999], [86.3932552, 54.170457099999986], [86.3980045, 54.1710948], [86.4005753, 54.1710948], [86.4000524, 54.16988319999999], [86.39353839999998, 54.166529], [86.3849984, 54.163952599999995], [86.3812948, 54.16237099999999], [86.378223, 54.160674500000006], [86.3742798, 54.160075], [86.3729726, 54.159564700000004], [86.37319049999999, 54.1581743], [86.3717308, 54.15670719999999], [86.36846300000002, 54.1550105], [86.3615351, 54.151501999999994], [86.3604022, 54.1515658], [86.3541061, 54.1547553], [86.3521454, 54.15559729999998], [86.34985790000002, 54.156375499999996], [86.3479189, 54.1575237], [86.3474396, 54.15758739999999], [86.34554429999999, 54.1573961], [86.3443896, 54.157230199999994], [86.3428864, 54.1574344], [86.342211, 54.1575492], [86.3413832, 54.1573578], [86.33674279999998, 54.1552911], [86.33042489999998, 54.15314779999999], [86.32720059999998, 54.1510299], [86.32456449999998, 54.1499964], [86.3211441, 54.147151], [86.3124298, 54.142378499999985], [86.30632979999999, 54.14193180000001], [86.30301829999999, 54.140719399999995], [86.2953933, 54.1388051], [86.29249579999998, 54.13750329999999], [86.28857429999998, 54.13496329999999], [86.28604719999998, 54.133227399999996], [86.28284469999998, 54.13100639999998], [86.28073139999998, 54.1310191], [86.2807968, 54.132550899999984], [86.27898859999999, 54.132359400000006], [86.27829139999999, 54.13464419999999], [86.27866179999998, 54.13708210000001], [86.27868359999998, 54.1401324], [86.2784221, 54.141625499999996], [86.277725, 54.142289099999985], [86.27563359999999, 54.1435398], [86.2738317, 54.1439736], [86.27361599999999, 54.14689709999999], [86.2733542, 54.1470144], [86.2730461, 54.15010910000001], [86.2733542, 54.153519300000006], [86.27377399999999, 54.15417339999999], [86.2747994, 54.154748500000004], [86.278873, 54.15703310000001], [86.2798127, 54.15902659999999], [86.2803056, 54.159657999999986], [86.2809526, 54.160722299999996], [86.2810886, 54.1615444], [86.27864859999998, 54.1664677], [86.2737867, 54.1693836], [86.2726102, 54.1696386], [86.27078019999999, 54.169817200000004], [86.2692116, 54.1697917], [86.26746879999999, 54.169485599999994], [86.2655516, 54.1688734], [86.2646366, 54.168286800000004], [86.26298089999999, 54.166705300000004], [86.2621095, 54.16601659999999], [86.2606716, 54.165276799999994], [86.25919019999999, 54.16497069999999], [86.2577959, 54.164817699999986], [86.25661939999999, 54.1648687], [86.2548766, 54.16522579999999], [86.25356940000002, 54.16601659999999], [86.25265439999998, 54.1666288], [86.2522187, 54.167878699999996], [86.2441579, 54.167878699999996], [86.24289439999998, 54.1682613], [86.24254579999999, 54.1687204], [86.2422844, 54.1695366], [86.2415872, 54.17058240000001], [86.23953929999999, 54.17142399999999], [86.2375786, 54.1721637], [86.2357486, 54.1725208], [86.23361359999998, 54.1725973], [86.23134789999999, 54.17224019999999], [86.22925639999998, 54.1715516], [86.2281236, 54.1706334], [86.22738290000001, 54.1696641], [86.22699070000002, 54.168414299999995], [86.2276007, 54.1666798], [86.2202807, 54.1565774], [86.2172742, 54.1565008], [86.21239419999999, 54.156015999999994], [86.2092135, 54.1554547], [86.20671439999998, 54.155942200000005], [86.2070052, 54.1549007], [86.20557549999998, 54.1474547], [86.2154481, 54.144374899999995], [86.21417459999999, 54.143030899999985], [86.21390109999999, 54.14243569999999], [86.2159463, 54.1408256], [86.2180957, 54.1398641], [86.21874709999999, 54.13875749999999], [86.2193594, 54.136513799999996], [86.2220429, 54.13425470000001], [86.22272060000002, 54.1338338], [86.2246483, 54.132636600000005], [86.22556019999999, 54.131049], [86.2251172, 54.1296598], [86.2250651, 54.1281103], [86.22541689999998, 54.126514799999995], [86.2254853, 54.12574449999999], [86.22632049999999, 54.125101599999994], [86.22657439999999, 54.1249029], [86.2037137, 54.128857899999986], [86.15425759999998, 54.1296576], [86.1355421, 54.122932399999996], [86.1260952, 54.120216799999994], [86.11935029999998, 54.11771360000001], [86.1108899, 54.1180448], [86.0925237, 54.120696], [86.08863440000002, 54.115205], [86.0963836, 54.1067473], [86.09285699999998, 54.1048908], [86.08211889999998, 54.096699099999995], [86.0775148, 54.0965571], [86.0741237, 54.095589800000006], [86.07712629999999, 54.091022], [86.079209, 54.09084390000001], [86.08499759999998, 54.089160099999994], [86.0897723, 54.0894261], [86.09563979999999, 54.0861615], [86.08986849999998, 54.07931849999999], [86.0884214, 54.0796498], [86.08442749999999, 54.0773858], [86.08228710000002, 54.0712844], [86.071136, 54.064892], [86.0634299, 54.06416970000001], [86.057141, 54.056998899999996], [86.0577435, 54.0554631], [86.0550775, 54.05245669999999], [86.0563647, 54.0511991], [86.05951409999999, 54.050225299999994], [86.01985559999999, 54.0380856], [86.0465339, 54.0101874], [86.018085, 54.0124536], [85.99960049999999, 54.0138438], [85.91394059999999, 54.02541419999999], [85.9098397, 54.0417932], [85.87125339999999, 54.03755650000001], [85.8163432, 54.0959556], [85.9857315, 54.155052199999986], [85.986883, 54.1590981], [85.95809399999999, 54.16381779999998], [85.9506089, 54.171907399999995], [85.93103239999999, 54.1678628], [85.90627389999999, 54.1695481], [85.8907278, 54.1661774], [85.8717271, 54.1661774], [85.8717271, 54.19785099999999], [85.8831931, 54.209042399999994], [85.90051609999999, 54.18976640000001], [85.9160621, 54.1823542], [85.9218199, 54.18437579999999], [85.94485109999998, 54.1789846], [85.96092639999999, 54.1961066], [86.0076111, 54.1904402], [86.0046024, 54.1784138], [86.0078753, 54.17926739999999], [86.024941, 54.16750420000001], [86.04503679999999, 54.1772996], [86.04906719999998, 54.184038900000004], [86.0804705, 54.200306100000006], [86.0775543, 54.2062042], [86.0756138, 54.22502889999999], [86.0772804, 54.2328659], [86.069937, 54.2393665], [86.077032, 54.2400041], [86.0812561, 54.238967299999985], [86.0842974, 54.23946099999999], [86.0844664, 54.24034970000001], [86.0706959, 54.249284700000004], [86.07006229999999, 54.2532332], [86.06951319999999, 54.253825400000004], [86.0663451, 54.2540969], [86.06043140000001, 54.2576502], [86.0597556, 54.258920899999985], [86.06812979999998, 54.2641021], [86.06934969999999, 54.2632033], [86.07772529999998, 54.25999319999999], [86.09352379999999, 54.271542100000005], [86.10064969999999, 54.2680899], [86.1078306, 54.2638714], [86.10162119999998, 54.2597512], [86.09904459999998, 54.25518639999999], [86.09853770000001, 54.25328629999999], [86.1005652, 54.2496586], [86.1066479, 54.2469685], [86.105972, 54.249782], [86.1092246, 54.2512134], [86.11594079999999, 54.2508185], [86.12392429999998, 54.25466819999999], [86.12447349999998, 54.25424869999999], [86.12278379999998, 54.2511887], [86.12835959999998, 54.2527681], [86.1375258, 54.2529408], [86.1446645, 54.250621100000004], [86.15062229999998, 54.2513614], [86.15526509999998, 54.25404280000001], [86.15739719999999, 54.25608820000001], [86.1635521, 54.25569479999999], [86.1580548, 54.2488935], [86.15632290000002, 54.2486467], [86.15387299999999, 54.2456357], [86.14245859999998, 54.23339459999999], [86.1472535, 54.23167480000001], [86.1482017, 54.2315505], [86.1502147, 54.2347726], [86.1565907, 54.24246010000001], [86.15907669999999, 54.2427606], [86.16202539999999, 54.24637609999999], [86.16183699999999, 54.24828269999999], [86.1658693, 54.2545695], [86.1776763, 54.25482639999999], [86.20004209999999, 54.2426985], [86.20840570000001, 54.24358709999999], [86.2120807, 54.2466723], [86.2105102, 54.248502499999994], [86.2036748, 54.2513383], [86.2027877, 54.2522992], [86.205829, 54.25725909999999], [86.2157556, 54.259257700000006], [86.2158823, 54.25984989999999], [86.2171495, 54.2609108], [86.2190926, 54.26182370000001], [86.2197685, 54.26162630000001], [86.2209512, 54.2652777], [86.2197685, 54.26540099999999], [86.2177409, 54.2666838], [86.2195995, 54.2668072], [86.225133, 54.2700634], [86.2252597, 54.2713707], [86.22373909999999, 54.27215999999999], [86.2232744, 54.2733933], [86.22534419999998, 54.273516599999994], [86.2221339, 54.276106399999996], [86.2191771, 54.280101599999995], [86.2215962, 54.2811972], [86.23803419999999, 54.28276989999999], [86.2546233, 54.281623], [86.25883619999999, 54.282939], [86.26166529999999, 54.28084069999999], [86.26182439999998, 54.2803893], [86.2659367, 54.278444699999994], [86.2669634, 54.2798185], [86.2685551, 54.27979189999999], [86.27029569999999, 54.2807962], [86.2729072, 54.28350399999999], [86.27160020000001, 54.28564639999999], [86.27292539999999, 54.2865565], [86.2745625, 54.286647499999994], [86.27868829999998, 54.28642049999999], [86.2738725, 54.27828789999999], [86.27868339999999, 54.277801499999995], [86.2976613, 54.28969119999999], [86.30191459999999, 54.29092119999999], [86.3101003, 54.293182800000004], [86.31559979999999, 54.2950738], [86.318479, 54.2960958], [86.31987349999999, 54.29719450000001], [86.3230233, 54.30344879999999], [86.32335039999998, 54.3037996], [86.33734, 54.292172], [86.3480942, 54.28712449999999], [86.35487079999999, 54.2885677], [86.35052159999998, 54.29162489999999], [86.35033349999999, 54.29303329999999], [86.35296599999998, 54.2928504], [86.3593277, 54.291204199999996], [86.3700953, 54.29614440000001], [86.37633789999998, 54.29530019999999], [86.3733743, 54.3064961], [86.3662934, 54.306102], [86.3588852, 54.306276600000004], [86.3550234, 54.3101315], [86.364495, 54.3118655], [86.37269379999998, 54.3114123], [86.37324919999999, 54.31084229999999], [86.3776633, 54.31107739999999], [86.3806011, 54.3125352], [86.35761029999999, 54.327232499999994], [86.35555479999998, 54.3310058], [86.36225409999999, 54.32816469999999], [86.364538, 54.3289638], [86.36872499999998, 54.3278096], [86.37808879999999, 54.33406870000001], [86.3748153, 54.342457100000004], [86.36915479999999, 54.349283799999995], [86.3793327, 54.356363899999984], [86.37865589999998, 54.3698801], [86.37815210000001, 54.3717419], [86.3730499, 54.39428629999998], [86.3508653, 54.407207], [86.35167129999999, 54.4244079], [86.35492079999999, 54.425184599999994], [86.3627915, 54.4261942], [86.36546079999998, 54.4187238], [86.3722539, 54.4219575], [86.3781361, 54.4225359], [86.3825588, 54.4258465], [86.3843342, 54.4249664], [86.38964519999999, 54.420534599999996], [86.3918731, 54.4199968], [86.3918731, 54.419210699999994], [86.3951416, 54.4167781], [86.40226679999999, 54.4203634], [86.4076098, 54.4166302], [86.4072099, 54.415531099999995], [86.4080144, 54.4148485], [86.41438309999998, 54.4141853], [86.41780209999999, 54.41221519999999], [86.4206198, 54.4125104], [86.42143999999999, 54.4097726], [86.4303493, 54.4111481], [86.4451646, 54.4183668], [86.4631788, 54.4094698], [86.4686099, 54.408000400000006], [86.4715159, 54.406362], [86.47206069999999, 54.4043005], [86.4765105, 54.403084799999995], [86.4791441, 54.398379899999995], [86.48611919999999, 54.397062999999996], [86.49138689999998, 54.3959539], [86.4928974, 54.39545109999999], [86.4931598, 54.395669700000006], [86.49342659999999, 54.395528399999996], [86.49374139999999, 54.3957071], [86.49382399999999, 54.39587029999999], [86.49363280000001, 54.39600209999999], [86.4932233, 54.396282799999994], [86.49300099999999, 54.39653779999999], [86.4928729, 54.3967445], [86.492839, 54.3969271], [86.49281599999999, 54.3970366], [86.49275, 54.39724999999999], [86.4926954, 54.3974943], [86.49239079999998, 54.3976739], [86.4916873, 54.398016599999984], [86.4913111, 54.3981486], [86.49075639999998, 54.3984182], [86.4904296, 54.39864689999999], [86.4900044, 54.399569199999995], [86.48924999999998, 54.40025], [86.48849999999999, 54.40075], [86.487, 54.401999999999994], [86.487, 54.40425], [86.4866127, 54.404981299999996], [86.48609159999998, 54.4052095], [86.4853417, 54.4053876], [86.48544609999999, 54.405733600000005], [86.48553909999998, 54.40594949999999], [86.4858046, 54.4060088], [86.4857563, 54.40610409999999], [86.48550309999999, 54.40606319999999], [86.48505809999999, 54.406124999999996], [86.4847096, 54.40625119999999], [86.4845211, 54.4063713], [86.48441089999999, 54.4065472], [86.4842648, 54.4071217], [86.48202129999999, 54.406966600000004], [86.48170269999999, 54.407056399999995], [86.48142, 54.407146100000006], [86.48116819999998, 54.4073345], [86.48096779999999, 54.4075947], [86.4806335, 54.4077819], [86.4803084, 54.407858899999994], [86.4795401, 54.40778850000001], [86.4786407, 54.407828900000005], [86.47736899999998, 54.40822719999999], [86.47692379999998, 54.40828179999999], [86.47642489999998, 54.4082412], [86.47547169999999, 54.4080273], [86.4745772, 54.40788930000001], [86.4735214, 54.4079178], [86.4729407, 54.4080942], [86.47252959999999, 54.408181], [86.47207739999999, 54.4081959], [86.47171249999998, 54.40826169999999], [86.4714247, 54.408507000000014], [86.4711575, 54.4087463], [86.4710187, 54.408829999999995], [86.47097759999998, 54.409042299999996], [86.4710753, 54.40914699999999], [86.4710033, 54.40944009999999], [86.47075149999999, 54.409802], [86.47060250000001, 54.4098977], [86.4711729, 54.41071720000001], [86.47143499999999, 54.41106409999999], [86.4716919, 54.4112226], [86.47195919999999, 54.4112974], [86.4722624, 54.41128539999998], [86.4728328, 54.4112166], [86.4733107, 54.411267499999994], [86.47376319999998, 54.4115533], [86.47412559999998, 54.41186810000001], [86.47444069999999, 54.41201780000001], [86.47449999999999, 54.41224999999999], [86.47424999999998, 54.41349999999999], [86.473947, 54.4135672], [86.47356889999999, 54.413533599999994], [86.4730123, 54.41349699999999], [86.47238729999998, 54.41350919999999], [86.471983, 54.413588600000004], [86.47104819999998, 54.41363140000001], [86.47044429999998, 54.4134633], [86.4683805, 54.4123418], [86.46857479999998, 54.412137], [86.4694833, 54.4112538], [86.4697196, 54.410905400000004], [86.46961979999999, 54.41072809999999], [86.46965129999998, 54.410593699999986], [86.46987719999998, 54.4105081], [86.47008719999998, 54.410352200000005], [86.4701555, 54.41015049999999], [86.4702815, 54.41006799999999], [86.47030779999999, 54.409954899999995], [86.47029729999998, 54.40987849999999], [86.4702132, 54.409805199999994], [86.4700294, 54.4098113], [86.4697984, 54.410098600000005], [86.46950959999998, 54.41038280000001], [86.4692627, 54.410410299999995], [86.4690403, 54.4109553], [86.46873739999998, 54.4112759], [86.46827309999999, 54.4116583], [86.4684409, 54.4117872], [86.468461, 54.41185360000001], [86.46834019999999, 54.411838], [86.4681791, 54.411767700000006], [86.467971, 54.411689499999994], [86.46789720000001, 54.411673900000004], [86.46749439999999, 54.4117638], [86.4672125, 54.411838], [86.4670581, 54.411927799999994], [86.46685680000002, 54.411931700000004], [86.466595, 54.411923900000005], [86.46636679999999, 54.411919999999995], [86.46624359999998, 54.41180969999999], [86.46520539999999, 54.411978399999995], [86.46374999999999, 54.412749999999996], [86.46324999999999, 54.413250000000005], [86.46349999999998, 54.41399999999999], [86.4636984, 54.41418889999999], [86.4637532, 54.414630299999985], [86.46436289999998, 54.4155957], [86.46425, 54.416000000000004], [86.464, 54.416999999999994], [86.46434640000001, 54.4178702], [86.46475, 54.4185], [86.4647765, 54.4197703], [86.4569497, 54.42175], [86.4553226, 54.42201159999999], [86.45417429999999, 54.4217329], [86.45305059999998, 54.4214034], [86.4525863, 54.4213709], [86.4523153, 54.42123319999999], [86.45205949999999, 54.42126869999999], [86.45185339999999, 54.421264300000004], [86.4517503, 54.42109769999999], [86.4514831, 54.42107550000001], [86.451118, 54.4211532], [86.45095639999998, 54.421251], [86.45086189999999, 54.421422299999996], [86.4505072, 54.4215892], [86.45067489999998, 54.4216091], [86.4507832, 54.42168960000001], [86.45086029999999, 54.421921999999995], [86.45081779999998, 54.4221784], [86.45067099999999, 54.422434700000004], [86.4505068, 54.4227283], [86.4502741, 54.4233636], [86.45004789999999, 54.4242377], [86.44980549999998, 54.425712], [86.44963589999999, 54.42647370000001], [86.4496096, 54.4272022], [86.4497291, 54.42779969999999], [86.44987539999998, 54.42831029999999], [86.45047749999999, 54.428872899999995], [86.4508714, 54.429249999999996], [86.4515403, 54.42998550000001], [86.45208609999999, 54.4304273], [86.4535599, 54.4310426], [86.45380629999998, 54.43107779999999], [86.45402459999998, 54.431054700000004], [86.4541437, 54.4310921], [86.45415509999998, 54.4312294], [86.4540846, 54.43136329999999], [86.4540815, 54.4315332], [86.45415249999999, 54.4315675], [86.4543195, 54.4315539], [86.45451549999999, 54.43148980000001], [86.45473149999998, 54.431332600000005], [86.45490609999999, 54.431231099999984], [86.4550295, 54.4311814], [86.4551784, 54.4311836], [86.4552612, 54.4312344], [86.4552929, 54.43130349999999], [86.45536919999999, 54.4313546], [86.4554255, 54.43129090000001], [86.4555083, 54.4312341], [86.45567729999999, 54.43122120000001], [86.4558606, 54.4312826], [86.4559825, 54.431331799999995], [86.4560068, 54.4314669], [86.4559955, 54.431611600000004], [86.4558546, 54.43169489999999], [86.4560506, 54.4318973], [86.4566153, 54.432156299999995], [86.457558, 54.432411599999995], [86.4585254, 54.4327036], [86.4598671, 54.43308269999999], [86.46014559999999, 54.43324239999998], [86.46033459999998, 54.43343079999999], [86.4605784, 54.43369340000001], [86.4610231, 54.4343209], [86.4611138, 54.434648], [86.4610323, 54.4349541], [86.4610058, 54.4350769], [86.4609613, 54.4351888], [86.4608736, 54.4354479], [86.4607723, 54.43590240000001], [86.46060689999999, 54.43656689999999], [86.46057309999999, 54.43680229999999], [86.4604394, 54.436955399999995], [86.46056439999998, 54.436996699999995], [86.4605279, 54.4370658], [86.4604429, 54.43715920000001], [86.46034929999999, 54.43719790000001], [86.4602435, 54.43720749999999], [86.4600115, 54.437162699999995], [86.45988460000001, 54.437086099999995], [86.4596785, 54.43697740000001], [86.45955499999998, 54.4369204], [86.4593688, 54.436865899999994], [86.4586512, 54.4368776], [86.45851169999999, 54.4368492], [86.45812639999998, 54.43674670000001], [86.4576976, 54.4366072], [86.4575895, 54.4364898], [86.45740469999998, 54.4364375], [86.4570844, 54.436303699999996], [86.45676340000001, 54.43618699999999], [86.4563863, 54.43610989999999], [86.4555256, 54.43609880000001], [86.4551284, 54.4361264], [86.4547305, 54.4361176], [86.45434969999998, 54.4360817], [86.4538719, 54.4360974], [86.4533833, 54.4361123], [86.4532126, 54.43609159999998], [86.4530972, 54.43605110000001], [86.4523673, 54.43602760000001], [86.45164769999998, 54.436250699999995], [86.4509621, 54.4364273], [86.45042559999999, 54.43654050000001], [86.45014299999998, 54.43658440000001], [86.449852, 54.436623499999996], [86.44914229999999, 54.4367338], [86.4489299, 54.43678100000001], [86.4483008, 54.4369544], [86.4480781, 54.4370318], [86.4478266, 54.43711239999999], [86.4476368, 54.4371896], [86.4475005, 54.437224900000004], [86.4472791, 54.43728769999999], [86.4470658, 54.4373048], [86.44692889999999, 54.437368099999986], [86.4468257, 54.4374399], [86.4466867, 54.437505099999996], [86.4464997, 54.4375373], [86.4461609, 54.4376181], [86.4459707, 54.437639999999995], [86.4457746, 54.43761969999999], [86.44513019999998, 54.43748679999999], [86.4446522, 54.4374644], [86.4442387, 54.4374905], [86.44353769999998, 54.43768190000001], [86.44324460000001, 54.4377736], [86.4428659, 54.437858899999995], [86.4428154, 54.43791180000001], [86.4427674, 54.437954100000006], [86.4426672, 54.4380267], [86.4425133, 54.438129800000006], [86.4421866, 54.4383085], [86.44186020000001, 54.4385776], [86.4415758, 54.4387574], [86.4412536, 54.4389538], [86.4409245, 54.4391479], [86.4407002, 54.4392992], [86.4404538, 54.43931349999999], [86.4401391, 54.439382599999995], [86.4397024, 54.43943170000001], [86.43925689999999, 54.4392793], [86.4387758, 54.4391128], [86.43767589999999, 54.4386952], [86.4371089, 54.438605], [86.43667079999999, 54.43841179999999], [86.4364468, 54.438464800000006], [86.4362634, 54.438705999999996], [86.4359234, 54.4389118], [86.43505369999998, 54.4391834], [86.43382999999999, 54.43958979999999], [86.43348549999999, 54.4398234], [86.433074, 54.4400624], [86.43273949999998, 54.4403016], [86.43277739999999, 54.440450299999995], [86.4329404, 54.440660699999995], [86.4332045, 54.4408969], [86.43358489999999, 54.441161599999994], [86.4338058, 54.4412304], [86.43399019999998, 54.441246799999995], [86.4340436, 54.4413356], [86.4340865, 54.441532], [86.43452129999999, 54.44189999999999], [86.43498719999998, 54.4422547], [86.4352623, 54.4424436], [86.4356125, 54.44263310000001], [86.43589509999998, 54.44282460000001], [86.4359179, 54.44289940000001], [86.4358602, 54.4429564], [86.4356507, 54.44301599999999], [86.4353988, 54.4430577], [86.4339685, 54.4431037], [86.4329914, 54.4431564], [86.4320001, 54.443211199999986], [86.4315521, 54.443332700000006], [86.4309065, 54.44360189999999], [86.4302498, 54.443845399999994], [86.42982159999998, 54.4440957], [86.4297377, 54.44421630000001], [86.42978049999999, 54.44432870000001], [86.4299021, 54.444421600000005], [86.430017, 54.444473200000004], [86.43012469999998, 54.44451349999999], [86.43026519999998, 54.44454859999998], [86.43037200000002, 54.444523100000005], [86.43048279999998, 54.4444618], [86.43071219999999, 54.4442681], [86.43137199999998, 54.4438992], [86.43202119999998, 54.4436426], [86.4327764, 54.4435729], [86.43415949999999, 54.44348180000001], [86.43548369999999, 54.4434622], [86.43603819999998, 54.44345329999999], [86.4363507, 54.443378100000004], [86.4365206, 54.4433961], [86.43661789999999, 54.44345719999999], [86.43688929999999, 54.44368769999999], [86.43732999999999, 54.4440042], [86.4380823, 54.44464270000001], [86.4385447, 54.445092], [86.4386673, 54.4455159], [86.43858379999999, 54.4459277], [86.4382948, 54.4462678], [86.43797409999999, 54.446564099999996], [86.4373817, 54.4471524], [86.4362587, 54.44794830000001], [86.4357233, 54.448378500000004], [86.4351028, 54.44898649999999], [86.43456819999999, 54.4495625], [86.4340276, 54.4500444], [86.4335085, 54.45030210000001], [86.4325927, 54.4505619], [86.4308913, 54.450958500000006], [86.42875029999999, 54.4518281], [86.4297686, 54.452619600000006], [86.4308345, 54.4534768], [86.43262929999999, 54.45495549999999], [86.4336949, 54.45531929999999], [86.4345664, 54.4553613], [86.4346439, 54.4553779], [86.43467629999999, 54.45541349999999], [86.4346578, 54.4554475], [86.4345987, 54.4554808], [86.4347727, 54.455671599999995], [86.4347604, 54.455717799999995], [86.434689, 54.4557504], [86.43477419999999, 54.4558296], [86.43485789999998, 54.4559075], [86.43491909999999, 54.45589689999999], [86.43497529999999, 54.4559072], [86.4351543, 54.45611619999998], [86.4284401, 54.45849359999999], [86.4282846, 54.4592437], [86.42714539999999, 54.46003590000001], [86.4283705, 54.461120799999996], [86.42834189999999, 54.4618558], [86.4273512, 54.4624304], [86.4265769, 54.463374099999996], [86.4169961, 54.470680699999996], [86.4027645, 54.46377910000001], [86.4020065, 54.46287379999999], [86.40399649999999, 54.452939], [86.405078, 54.44791459999999], [86.4063724, 54.44444], [86.4106517, 54.439199699999996], [86.4100491, 54.43907209999998], [86.40689229999998, 54.4371765], [86.3885482, 54.43133989999999], [86.3866185, 54.429319299999996], [86.3853698, 54.4297684], [86.3796032, 54.42797229999999], [86.3771059, 54.42729870000001], [86.34162070000002, 54.4390213], [86.340513, 54.43841449999999], [86.3335298, 54.4356601], [86.3290083, 54.434463], [86.328643, 54.4347077], [86.32805869999999, 54.43537969999999], [86.32803379999999, 54.4358653], [86.32744729999999, 54.43603070000001], [86.3271538, 54.436274499999996], [86.3270789, 54.436512], [86.3273521, 54.4370641], [86.329548, 54.43834689999999], [86.3303076, 54.4384296], [86.33062809999998, 54.4387046], [86.33153, 54.43901149999999], [86.3316963, 54.43920709999999], [86.3313653, 54.43934240000001], [86.330948, 54.43954279999999], [86.33093170000001, 54.43987249999999], [86.33131399999999, 54.4403321], [86.3310511, 54.440864], [86.33107619999998, 54.4412337], [86.33148079999998, 54.44180499999999], [86.33189329999999, 54.441846899999994], [86.33217429999999, 54.44174449999999], [86.33304119999998, 54.44118329999999], [86.3331288, 54.4413926], [86.33302289999999, 54.44170830000001], [86.3327217, 54.44193359999999], [86.33237, 54.442323], [86.3322522, 54.4427534], [86.33217969999998, 54.44328979999999], [86.3319692, 54.44372070000001], [86.330007, 54.443880899999996], [86.32913, 54.444730899999996], [86.33048929999998, 54.4464375], [86.33231439999999, 54.445546699999994], [86.33380729999999, 54.445580799999995], [86.3379487, 54.4486404], [86.3379974, 54.450481799999984], [86.3438171, 54.4546945], [86.3406137, 54.4560375], [86.3392273, 54.4550181], [86.33750799999999, 54.4554954], [86.33553379999998, 54.4553395], [86.3354003, 54.455034100000006], [86.33498819999998, 54.455124999999995], [86.33550169999998, 54.4558447], [86.33816239999999, 54.45589460000001], [86.3398147, 54.4562501], [86.34113459999999, 54.4567305], [86.3493226, 54.46267929999999], [86.3491199, 54.4629805], [86.34953, 54.4630481], [86.34972899999998, 54.4630134], [86.34993619999999, 54.463005900000006], [86.3584467, 54.48151049999999], [86.3741763, 54.48032859999999], [86.37549649999998, 54.480321], [86.3761006, 54.48076139999999], [86.37654939999999, 54.4814177], [86.3767156, 54.4823157], [86.3846055, 54.48733969999999], [86.38088969999998, 54.48941], [86.3813896, 54.4897862], [86.3807514, 54.490028], [86.3843996, 54.49369660000001], [86.38470569999998, 54.49399950000001], [86.380401, 54.493983199999995], [86.3804289, 54.49635339999999], [86.378612, 54.497018999999995], [86.37806679999998, 54.49899619999999], [86.3781554, 54.49973419999999], [86.3783763, 54.50058030000001], [86.380098, 54.500344999999996], [86.3820839, 54.5002408], [86.38585309999999, 54.50025310000001], [86.38702799999999, 54.4999865], [86.3878573, 54.500007], [86.38846719999998, 54.499871799999994], [86.3888386, 54.4998589], [86.3891532, 54.4999706], [86.38942639999999, 54.500193800000005], [86.3895963, 54.5005747], [86.3892767, 54.50100830000001], [86.38896059999999, 54.50135280000001], [86.3889105, 54.501863900000004], [86.3892656, 54.50233159999999], [86.38931549999998, 54.502788699999996], [86.3890813, 54.5033126], [86.38853369999998, 54.5040797], [86.38851839999998, 54.50435889999999], [86.3879774, 54.50479649999998], [86.3884561, 54.505023], [86.38930480000002, 54.50531960000001], [86.3901225, 54.5053952], [86.3907716, 54.50522490000001], [86.39134109999999, 54.5048584], [86.396121, 54.50767019999999], [86.41579749999998, 54.5188438], [86.41398310000001, 54.52094449999999], [86.4157534, 54.5215797], [86.414458, 54.5222724], [86.4090619, 54.5261719], [86.4096585, 54.5265846], [86.411472, 54.5265763], [86.4154039, 54.52741529999999], [86.41224799999999, 54.5310212], [86.4082965, 54.5294033], [86.4077647, 54.52913410000001], [86.4042397, 54.530863200000006], [86.4096062, 54.53353099999999], [86.4016137, 54.53794990000001], [86.4003325, 54.53831859999999], [86.39998199999998, 54.5394279], [86.400092, 54.539597199999996], [86.40266569999999, 54.5393451], [86.4026036, 54.5399112], [86.39715809999998, 54.54209449999999], [86.3947182, 54.54147540000001], [86.3935584, 54.542114600000005], [86.3954973, 54.543007599999996], [86.3914234, 54.546411199999994], [86.3906715, 54.5469045], [86.3873775, 54.5452046], [86.3824859, 54.5475759], [86.37544859999998, 54.5442687], [86.3748215, 54.5447497], [86.3723675, 54.5442495], [86.3730863, 54.54318099999999], [86.36928449999999, 54.5419249], [86.36848689999998, 54.5412491], [86.3678341, 54.5398703], [86.3671388, 54.539879400000004], [86.3665519, 54.54011260000001], [86.3639781, 54.5408954], [86.3636647, 54.54110270000001], [86.3633033, 54.5409374], [86.3625061, 54.54017939999999], [86.36287189999999, 54.5400225], [86.3626051, 54.539801999999995], [86.3622293, 54.53996380000001], [86.3609105, 54.5390102], [86.3591317, 54.5381554], [86.3579906, 54.5385587], [86.3567875, 54.53902759999998], [86.35581509999999, 54.539541099999994], [86.35461109999999, 54.54038829999999], [86.35302189999999, 54.541949599999995], [86.3518291, 54.5421564], [86.35043909999999, 54.54221880000001], [86.34879149999999, 54.5420774], [86.35002389999998, 54.53880049999999], [86.3503259, 54.5372024], [86.3502605, 54.5371142], [86.3502022, 54.5358075], [86.34994939999999, 54.534443700000004], [86.3495113, 54.532721099999996], [86.3489421, 54.5312176], [86.34776020000001, 54.528690299999994], [86.34740249999999, 54.527412500000004], [86.34719489999999, 54.5262135], [86.34700299999999, 54.52500789999999], [86.346958, 54.523313099999996], [86.34739359999999, 54.5204839], [86.3515746, 54.5083081], [86.35299939999999, 54.5050271], [86.3540567, 54.50323709999999], [86.3550132, 54.501971499999996], [86.35692559999998, 54.4999142], [86.3590967, 54.4981759], [86.36200759999998, 54.4962394], [86.3634075, 54.49570099999999], [86.3639453, 54.4952266], [86.36410469999998, 54.49499120000001], [86.3641762, 54.4949377], [86.3641547, 54.49446], [86.3632677, 54.4925026], [86.3631623, 54.49235670000001], [86.3627185, 54.4920652], [86.3626517, 54.491926199999995], [86.3626218, 54.4917805], [86.3626586, 54.4916201], [86.36273139999999, 54.491487400000004], [86.36289269999999, 54.49134699999999], [86.36301909999999, 54.4912019], [86.36300549999999, 54.4909942], [86.36194749999999, 54.4887794], [86.36109969999998, 54.48889590000001], [86.36055799999998, 54.487979], [86.3587081, 54.484091600000006], [86.3582327, 54.48331240000001], [86.34753009999999, 54.484654], [86.34411019999999, 54.4851536], [86.34492159999999, 54.4751374], [86.3446465, 54.4706071], [86.3362584, 54.4723293], [86.33618289999998, 54.4721636], [86.3249445, 54.47467609999999], [86.3233351, 54.474439200000006], [86.321876, 54.4739155], [86.32072540000001, 54.472580699999995], [86.30077879999999, 54.4468019], [86.2825189, 54.4512683], [86.2819981, 54.4504624], [86.28120879999999, 54.449936], [86.2806397, 54.4481081], [86.27565, 54.43736719999999], [86.27989189999998, 54.4343426], [86.27771189999999, 54.4337086], [86.2745782, 54.432725899999994], [86.274878, 54.4323772], [86.2668355, 54.4289657], [86.2616532, 54.42838880000001], [86.26021769999998, 54.4292705], [86.257969, 54.431449], [86.2547713, 54.4347634], [86.24190709999999, 54.4309667], [86.23620649999998, 54.4325255], [86.23045729999998, 54.43796630000001], [86.21204730000001, 54.431722], [86.2303968, 54.4159968], [86.25059689999999, 54.4006468], [86.26898849999999, 54.3897757], [86.2790253, 54.381491], [86.28899069999999, 54.370683], [86.2861471, 54.3699402], [86.28609679999998, 54.367593299999996], [86.29087169999998, 54.36241879999999], [86.283365, 54.3574682], [86.31288229999998, 54.3447077], [86.2984696, 54.337535700000004], [86.2979808, 54.3366778], [86.29941479999998, 54.3364522], [86.3020535, 54.335304900000004], [86.30811840000001, 54.3326677], [86.3032318, 54.329259199999996], [86.3021623, 54.3270334], [86.3006133, 54.3265817], [86.3000417, 54.3255924], [86.299341, 54.3251837], [86.29758919999999, 54.3252052], [86.29656509999998, 54.3234386], [86.29637740000001, 54.323114800000006], [86.2824326, 54.333605699999985], [86.2773016, 54.33254610000001], [86.27150789999999, 54.328735], [86.2609015, 54.32754800000001], [86.2576607, 54.3257517], [86.2410814, 54.32297130000001], [86.238403, 54.326845099999986], [86.2289215, 54.3188004], [86.22418079999998, 54.3139572], [86.22115419999999, 54.31195720000001], [86.2200025, 54.31064469999998], [86.21761869999999, 54.3021436], [86.21681519999998, 54.300752599999996], [86.2157974, 54.29990860000001], [86.2161724, 54.2997054], [86.21411009999998, 54.2981268], [86.2129048, 54.29643869999999], [86.1793446, 54.29928339999999], [86.1731575, 54.2936407], [86.1658223, 54.29504849999999], [86.1610547, 54.2966585], [86.1593673, 54.29744], [86.15059029999999, 54.30688179999999], [86.1490376, 54.31073680000001], [86.1538422, 54.3163455], [86.15177489999999, 54.31847909999999], [86.15134839999999, 54.3207335], [86.13785440000001, 54.329585800000004], [86.1402085, 54.3306083], [86.1375985, 54.3328354], [86.13409739999999, 54.3358788], [86.1362107, 54.341585900000005], [86.1379805, 54.3425588], [86.1469561, 54.34129709999999], [86.14924780000001, 54.3389963], [86.1551042, 54.3386438], [86.1504573, 54.3424104], [86.1503299, 54.346566299999985], [86.1471785, 54.34802739999999], [86.1405917, 54.346956999999996], [86.1345802, 54.351936], [86.09960959999998, 54.359065900000004], [86.07760129999998, 54.38161540000001], [86.1715616, 54.416063], [86.154894, 54.4313308], [86.15480369999999, 54.4598912], [86.1600547, 54.46568659999999], [86.167634, 54.496242099999996], [86.13787039999998, 54.5067619], [86.1395217, 54.5100583], [86.1488222, 54.5145954], [86.16290619999998, 54.515087799999996], [86.1641338, 54.517724099999995], [86.17647159999999, 54.520729800000005], [86.17626259999999, 54.52119299999999], [86.16589699999999, 54.5441575], [86.22234939999998, 54.56200139999999], [86.2232566, 54.5604439], [86.2227448, 54.560250999999994], [86.2268904, 54.556125800000004], [86.226481, 54.5559032], [86.22997709999999, 54.5521991], [86.23331310000002, 54.5529021], [86.2376087, 54.54800650000001], [86.238754, 54.5476522], [86.2417888, 54.543456], [86.2434303, 54.5419059], [86.2586811, 54.52940289999999], [86.259311, 54.52967979999999], [86.2625274, 54.527133400000004], [86.26306480000001, 54.5267898], [86.2635611, 54.526647700000005], [86.26431769999999, 54.52683949999999], [86.2652855, 54.52655190000001], [86.2671971, 54.5264637], [86.2679061, 54.526254300000005], [86.26818459999998, 54.5263498], [86.2681783, 54.52650779999999], [86.26782379999999, 54.5268237], [86.2676845, 54.52721669999999], [86.2678871, 54.52756939999998], [86.26822889999998, 54.527811799999995], [86.2685834, 54.52785589999999], [86.26991899999999, 54.5273563], [86.27029239999999, 54.5274959], [86.2703241, 54.5278485], [86.27088739999999, 54.5278816], [86.2711824, 54.528061599999994], [86.27255389999999, 54.527424800000006], [86.2743035, 54.526999], [86.2788186, 54.5252631], [86.2813019, 54.52523039999999], [86.2832773, 54.5250338], [86.28421859999999, 54.5253081], [86.2853384, 54.52524519999999], [86.28934779999999, 54.5252871], [86.28985349999999, 54.525056599999985], [86.2901786, 54.5246373], [86.2899619, 54.5240294], [86.2899619, 54.5233166], [86.2909371, 54.522897300000004], [86.29158730000002, 54.5223104], [86.29223750000001, 54.5221636], [86.2934656, 54.52187010000001], [86.2978001, 54.521429899999994], [86.301954, 54.520926700000004], [86.3062524, 54.52059129999999], [86.3081307, 54.52044450000001], [86.3086725, 54.520213899999995], [86.3107314, 54.520046199999996], [86.3122124, 54.519941300000006], [86.3128264, 54.5195849], [86.3137294, 54.51968980000001], [86.31430740000002, 54.520213899999995], [86.31484919999998, 54.5209057], [86.31553549999998, 54.5210106], [86.3167275, 54.5208638], [86.31900309999999, 54.5205284], [86.3214232, 54.520172], [86.32326539999998, 54.5197527], [86.32449349999999, 54.519249499999994], [86.3275999, 54.51927049999999], [86.3285029, 54.5191027], [86.33002, 54.518956], [86.3321302, 54.5189636], [86.33378709999998, 54.5317092], [86.3326023, 54.5363985], [86.33099440000001, 54.53907430000001], [86.3270593, 54.5422408], [86.3225318, 54.5479842], [86.32031689999998, 54.551865299999996], [86.3202343, 54.5524338], [86.3352852, 54.5554195], [86.33182289999999, 54.5607022], [86.33055049999999, 54.563974899999984]]]]}}, {"type": "Feature", "properties": {"id": "mo-32504000", "name": "Ижморский муниципальный округ", "region": "Кемеровская область", "isCity": false, "sourceOktmo": "32-504-000-000", "sourceAgg": "Кемерово", "excelNames": ["Ижморский муниципальный округ"], "oktmo": "32504000", "vgp": [{"year": 2019, "value": 2531901.249089874}, {"year": 2020, "value": 2332722.929355882}, {"year": 2021, "value": 2169595.6890672394}, {"year": 2022, "value": 4353568.188194496}, {"year": 2023, "value": 3899707.1764114928}, {"year": 2024, "value": 3594933.406850781}], "population": [{"year": 2019, "value": 10922.0}, {"year": 2020, "value": 10723.0}, {"year": 2021, "value": 10585.0}, {"year": 2022, "value": 10364.0}, {"year": 2023, "value": 9939.0}, {"year": 2024, "value": 9689.0}, {"year": 2025, "value": 9488.0}], "shipments": [{"year": 2019, "value": 577414.2}, {"year": 2020, "value": 508045.8}, {"year": 2021, "value": 1023865.7}, {"year": 2022, "value": 348543.0}, {"year": 2023, "value": 455732.7}, {"year": 2024, "value": 368384.3}], "employees": [{"year": 2019, "value": 1717.0}, {"year": 2020, "value": 1640.0}, {"year": 2021, "value": 1647.0}, {"year": 2022, "value": 1624.0}, {"year": 2023, "value": 1590.0}, {"year": 2024, "value": 1546.0}], "investments": [{"year": 2019, "value": 32523.0}, {"year": 2020, "value": 75110.0}, {"year": 2021, "value": 97126.0}, {"year": 2022, "value": 83073.0}, {"year": 2023, "value": 472112.0}, {"year": 2024, "value": 121948.0}], "vgp2024": 3594933.406850781, "pop2024": 9689.0, "ship2024": 368384.3, "emp2024": 1546.0, "inv2024": 121948.0}, "geometry": {"type": "MultiPolygon", "coordinates": [[[[86.53115089999999, 56.10193199999999], [86.5322685, 56.105132999999995], [86.5507083, 56.1233192], [86.54346899999999, 56.1577207], [86.54248699999998, 56.1856607], [86.55126929999999, 56.199266], [86.54785009999999, 56.1996393], [86.5471635, 56.19975869999999], [86.54651979999998, 56.199925799999995], [86.5459189, 56.20014069999999], [86.5453181, 56.2003794], [86.54458859999998, 56.20071360000001], [86.54407359999999, 56.20109560000001], [86.53896669999999, 56.20541639999999], [86.53840879999998, 56.20577439999999], [86.5379983, 56.2059812], [86.53707839999998, 56.20632340000001], [86.5361342, 56.2066337], [86.5351901, 56.206872399999995], [86.5340314, 56.2070634], [86.5261779, 56.207994299999996], [86.5141288, 56.2092919], [86.5254895, 56.2240122], [86.54116949999998, 56.2272085], [86.54331359999999, 56.2279457], [86.58883919999998, 56.228276699999995], [86.58607509999999, 56.23946149999999], [86.5592844, 56.2528113], [86.57353019999998, 56.2824478], [86.58118469999998, 56.2870506], [86.60308509999999, 56.2871686], [86.60526819999998, 56.3134367], [86.5926665, 56.312533], [86.59032759999998, 56.338587799999985], [86.5777827, 56.338352], [86.5741681, 56.3700419], [86.5310053, 56.37051299999999], [86.5310053, 56.3855827], [86.4974106, 56.39135], [86.4906066, 56.3900554], [86.43702519999998, 56.400881899999995], [86.4417029, 56.41511630000001], [86.4050464, 56.47881180000001], [86.3323099, 56.49903689999999], [86.33384269999999, 56.4998476], [86.3378398, 56.501225000000005], [86.3430851, 56.5050784], [86.33751399999998, 56.55386130000001], [86.30507399999999, 56.54999389999999], [86.29902189999999, 56.55837699999999], [86.31650289999999, 56.56539819999999], [86.31373809999998, 56.56706549999999], [86.3093882, 56.56866960000001], [86.3027958, 56.573099899999995], [86.29719439999998, 56.574710700000004], [86.29344739999999, 56.575815000000006], [86.28851219999999, 56.5759448], [86.28236129999999, 56.5784835], [86.2781897, 56.579831799999994], [86.2769853, 56.5813196], [86.2777373, 56.59279320000001], [86.28106089999999, 56.593007699999994], [86.28545980000001, 56.5925175], [86.2873583, 56.60323149999999], [86.3073291, 56.6056016], [86.30827139999998, 56.609078499999995], [86.333732, 56.6064874], [86.3344385, 56.59201139999999], [86.3390734, 56.592484000000006], [86.34267829999999, 56.592862], [86.3483431, 56.5934291], [86.3538363, 56.5940907], [86.35829949999999, 56.5944687], [86.36121769999998, 56.5945632], [86.36413589999998, 56.5945632], [86.3646509, 56.592862], [86.3648226, 56.59031], [86.3658526, 56.58813599999999], [86.36756919999999, 56.5859619], [86.3689425, 56.58397659999999], [86.3694574, 56.5827477], [86.37031569999999, 56.58114040000001], [86.37168899999999, 56.5803841], [86.3730623, 56.5797223], [86.374264, 56.5784931], [86.3751223, 56.57612929999999], [86.37529389999999, 56.57452179999999], [86.3751223, 56.57234689999999], [86.37580889999998, 56.57073919999999], [86.3759806, 56.5687532], [86.37735389999999, 56.5664834], [86.3782122, 56.564308], [86.3788988, 56.5627], [86.3795855, 56.56071349999999], [86.3782122, 56.559673000000004], [86.3766565, 56.5585496], [86.37561579999999, 56.5573612], [86.37561579999999, 56.55649789999999], [86.37767670000001, 56.5555979], [86.3802936, 56.55502559999999], [86.38319039999999, 56.55450530000001], [86.3854434, 56.5537247], [86.386688, 56.552955999999995], [86.38769649999999, 56.55199799999999], [86.3886406, 56.55112869999999], [86.3902295, 56.55069569999999], [86.39227770000001, 56.55062010000001], [86.3976099, 56.550708900000004], [86.40977639999998, 56.5515132], [86.4129521, 56.5513594], [86.4144327, 56.5509691], [86.4180376, 56.5498336], [86.42026919999999, 56.549360499999985], [86.42318749999998, 56.5490766], [86.42662069999999, 56.5490766], [86.43262880000002, 56.5494551], [86.434704, 56.549736], [86.4401318, 56.548268699999994], [86.440552, 56.5498617], [86.44481679999998, 56.552482899999994], [86.45376329999999, 56.5582211], [86.47696069999999, 56.5666334], [86.4886213, 56.56946450000001], [86.5086296, 56.5709507], [86.5229298, 56.5769028], [86.5263596, 56.576258], [86.52902549999999, 56.5773558], [86.53245889999998, 56.5772486], [86.53929489999999, 56.58128490000001], [86.5406038, 56.581518599999995], [86.54232039999998, 56.5821804], [86.544552, 56.583409399999994], [86.5474703, 56.5853001], [86.54935859999999, 56.5873798], [86.5515902, 56.58983739999999], [86.5543367, 56.591822300000004], [86.5589716, 56.5940907], [86.5622332, 56.5959809], [86.5648081, 56.5981544], [86.5675547, 56.6005169], [86.5718462, 56.602879200000004], [86.57596610000002, 56.605146899999994], [86.58111589999999, 56.60741440000001], [86.5855791, 56.6095873], [86.59125830000002, 56.613592100000005], [86.5912353, 56.6127098], [86.5940085, 56.6112294], [86.5947549, 56.6095592], [86.59711379999999, 56.6071198], [86.59550289999999, 56.6052072], [86.5960906, 56.60347559999999], [86.5974734, 56.603399399999994], [86.59868349999999, 56.60220060000001], [86.598718, 56.5975951], [86.5974666, 56.5937986], [86.62220009999999, 56.5881228], [86.6336855, 56.61822509999999], [86.64711069999998, 56.62510139999999], [86.67819019999999, 56.643264599999995], [86.6910114, 56.6362355], [86.6939039, 56.6344184], [86.70417279999998, 56.6279668], [86.7462448, 56.6031764], [86.747516, 56.603975600000005], [86.7877099, 56.61555950000001], [86.78960299999999, 56.61756950000001], [86.804658, 56.6262119], [86.82167579999998, 56.6174417], [86.84848029999999, 56.592890999999995], [86.8521391, 56.58953859999999], [86.85160559999998, 56.58904009999999], [86.8496094, 56.5886005], [86.84669119999998, 56.588884099999994], [86.8439446, 56.588695], [86.84188469999998, 56.588127799999995], [86.83879479999999, 56.58689899999999], [86.84879699999999, 56.555900799999996], [86.85930249999998, 56.55312619999999], [86.89086609999998, 56.54619679999999], [86.9034298, 56.5472536], [86.90946569999998, 56.5409031], [86.9108553, 56.54153650000001], [86.9120791, 56.54207379999999], [86.91259399999998, 56.54273630000001], [86.91190739999999, 56.5434934], [86.91190739999999, 56.5445344], [86.9134523, 56.544912999999994], [86.9155123, 56.54472369999999], [86.91688559999999, 56.544912999999994], [86.91774389999999, 56.545291500000005], [86.92014709999998, 56.5459539], [86.92237869999998, 56.547089500000006], [86.92340869999998, 56.5484143], [86.923752, 56.5494551], [86.925297, 56.5506852], [86.92598359999998, 56.5515368], [86.92787189999999, 56.55200979999999], [86.9302752, 56.55200979999999], [86.93079009999998, 56.55323980000001], [86.9321634, 56.55418599999999], [86.93353669999999, 56.5550374], [86.93679829999999, 56.5553213], [86.9386866, 56.5557943], [86.94194809999999, 56.5572134], [86.9462397, 56.55825399999999], [86.9493296, 56.5595784], [86.9541361, 56.5604298], [86.95568099999998, 56.5611865], [86.9570543, 56.5613757], [86.9585993, 56.56061899999999], [86.9603159, 56.56090269999999], [86.9591143, 56.5618487], [86.9587709, 56.56251079999999], [86.9608309, 56.5631729], [86.9632341, 56.5641188], [86.9632341, 56.5649701], [86.96237579999999, 56.5661996], [86.96203249999999, 56.56809119999999], [86.96203249999999, 56.5698881], [86.96220419999999, 56.57234689999999], [86.9625475, 56.574048999999995], [86.96340579999999, 56.575656499999994], [86.96563739999999, 56.5770749], [86.9696348, 56.5788977], [86.99182759999998, 56.5530503], [87.0004942, 56.5419096], [86.9757452, 56.51251009999999], [86.9600729, 56.513009], [86.9598604, 56.4935842], [86.95736039999998, 56.45526199999999], [86.9718271, 56.45925880000001], [86.9736355, 56.4630888], [87.00558279999998, 56.4740768], [87.0061856, 56.438603900000004], [86.9567576, 56.4277722], [86.9977467, 56.3630512], [87.0715262, 56.35193159999999], [87.07098439999999, 56.34919190000001], [87.06284690000001, 56.347855800000005], [87.0535038, 56.33883600000001], [87.03632459999999, 56.331150699999995], [87.02517319999998, 56.32212690000001], [87.0104051, 56.3196199], [87.00919949999998, 56.315441199999995], [86.99492539999999, 56.31181550000001], [87.02517319999998, 56.2928683], [87.03813289999998, 56.293537300000004], [87.04536629999998, 56.2538778], [87.0718886, 56.25086399999999], [87.0742997, 56.23093360000001], [87.19275580000001, 56.23164440000001], [87.1905335, 56.2151521], [87.16297959999999, 56.21586599999999], [87.1678188, 56.20378239999999], [87.15089999999998, 56.197436999999994], [87.14673359999999, 56.188336], [87.1680286, 56.186360900000004], [87.16870869999998, 56.16937670000001], [87.162398, 56.1692405], [87.1608531, 56.169097099999995], [87.15943689999999, 56.168906], [87.15810649999999, 56.16866709999999], [87.1568191, 56.1684042], [87.13995329999999, 56.164222699999996], [87.1384513, 56.1639598], [87.1372067, 56.1637448], [87.13600509999999, 56.16360139999999], [87.13476059999999, 56.16350580000001], [87.1334731, 56.1634102], [87.1320998, 56.1633146], [87.0691001, 56.15829610000001], [87.0657972, 56.1579659], [87.0645946, 56.1237935], [87.1169129, 56.1230792], [87.1381308, 56.104231899999995], [87.11328659999998, 56.0945923], [87.22178609999999, 56.0628413], [87.2310825, 56.0601635], [87.23193399999998, 56.0608235], [87.235138, 56.0610757], [87.23592119999999, 56.0613975], [87.2370508, 56.06169560000001], [87.23694809999999, 56.061993799999996], [87.23634220000001, 56.0621428], [87.2361574, 56.0623664], [87.23672219999999, 56.0630429], [87.2369789, 56.063209199999996], [87.237554, 56.062762], [87.23822149999998, 56.0626932], [87.2389608, 56.06323209999999], [87.2388787, 56.0636449], [87.239043, 56.0640405], [87.2408093, 56.06398309999999], [87.2415897, 56.06412649999999], [87.242134, 56.06416660000001], [87.24204159999998, 56.0637767], [87.2422367, 56.06353599999999], [87.24399269999999, 56.0637939], [87.24437259999999, 56.06361050000001], [87.2448039, 56.0633066], [87.24518389999999, 56.063341], [87.2447526, 56.06398309999999], [87.2446396, 56.06453919999999], [87.2449888, 56.0646825], [87.24570759999999, 56.06445320000001], [87.24643669999999, 56.063920100000004], [87.2469194, 56.0638627], [87.2469502, 56.064361500000004], [87.2464573, 56.0649348], [87.2465599, 56.0651182], [87.24771009999999, 56.0650437], [87.2475971, 56.06551379999999], [87.24736089999999, 56.06577169999999], [87.2476074, 56.06584049999999], [87.24820299999999, 56.0655596], [87.2482851, 56.0653303], [87.24868560000002, 56.06535329999999], [87.2487062, 56.0655711], [87.2480695, 56.06589790000001], [87.2478436, 56.0664195], [87.2479257, 56.0666488], [87.24851109999999, 56.06658000000001], [87.24880889999999, 56.0661673], [87.24881909999999, 56.06593800000001], [87.24931209999998, 56.0660354], [87.2490451, 56.06661439999999], [87.2490451, 56.0670272], [87.24970229999998, 56.0673654], [87.25033899999998, 56.0677609], [87.25073949999998, 56.06762330000001], [87.25118099999999, 56.0676463], [87.2509448, 56.0681049], [87.2504827, 56.0684144], [87.25040059999999, 56.068597800000006], [87.2511502, 56.0689188], [87.2513967, 56.0691882], [87.2510064, 56.06922260000001], [87.2501952, 56.0693831], [87.2503595, 56.069641100000005], [87.2512734, 56.0695895], [87.2516123, 56.0693201], [87.2520025, 56.069274199999995], [87.25205389999999, 56.06957799999999], [87.25164509999999, 56.06980420000001], [87.25147259999999, 56.0700518], [87.25172729999998, 56.07028570000001], [87.25221199999999, 56.0701711], [87.25279519999998, 56.070006], [87.25297599999999, 56.0701711], [87.25279519999998, 56.07045999999999], [87.25323309999999, 56.0705831], [87.2539555, 56.0708784], [87.2808811, 56.05456099999999], [87.2341247, 56.020164599999994], [87.26066629999998, 56.00946879999999], [87.2446179, 55.9950592], [87.2014106, 55.97693170000001], [87.2064547, 55.973626900000006], [87.2002822, 55.9685838], [87.19275179999998, 55.9660965], [87.19314529999998, 55.960996699999995], [87.1943566, 55.9452941], [87.18719659999998, 55.941353500000005], [87.1831511, 55.935668400000004], [87.1721213, 55.93909440000001], [87.16049779999999, 55.931081199999994], [87.11825149999999, 55.9026078], [87.16005979999998, 55.861446199999996], [87.15220919999999, 55.85946570000001], [87.074333, 55.8035529], [87.06256669999999, 55.80344449999999], [87.0444152, 55.781614700000006], [87.0445695, 55.77684169999999], [87.0595378, 55.766339], [87.07249989999998, 55.7619113], [87.07265429999998, 55.755746599999995], [87.09148030000001, 55.749667699999996], [87.08145000000002, 55.731338400000006], [87.0035226, 55.7289055], [87.0157133, 55.69256669999999], [87.03839709999998, 55.69561070000001], [87.0374326, 55.68299009999999], [87.02693939999999, 55.66367209999999], [87.02196299999999, 55.6382405], [87.02080969999999, 55.6383993], [87.0195609, 55.638033799999995], [87.0186197, 55.6375405], [87.017723, 55.63724740000001], [87.01698920000001, 55.6369727], [87.0166157, 55.636653100000004], [87.01641609999999, 55.63628440000001], [87.01563579999998, 55.63535339999999], [87.0150843, 55.63489189999999], [87.0136404, 55.63471809999999], [87.01202159999998, 55.63390879999999], [87.01026389999998, 55.6317416], [87.0086913, 55.6307494], [87.0057773, 55.6305144], [87.0048985, 55.6309844], [87.00503729999998, 55.632185499999984], [87.0047135, 55.6329166], [87.0033259, 55.63283830000001], [87.002447, 55.6316894], [87.0026783, 55.6308539], [87.0016607, 55.63007050000001], [86.99957929999998, 55.63007050000001], [86.99833049999998, 55.63046219999999], [86.99772919999998, 55.631428299999996], [86.99782169999999, 55.6324205], [86.9971279, 55.6330471], [86.9958328, 55.63364769999999], [86.9943989, 55.633543199999984], [86.99231749999998, 55.633334299999994], [86.9906061, 55.63343879999999], [86.9890335, 55.6338826], [86.9882934, 55.63471809999999], [86.98795829999999, 55.63549429999999], [86.9873344, 55.635911099999994], [86.9859587, 55.636537499999996], [86.9841696, 55.6368088], [86.9826895, 55.636860999999996], [86.98153989999999, 55.6372057], [86.9806348, 55.6376146], [86.9798218, 55.6379836], [86.97838789999999, 55.6378531], [86.97704249999998, 55.63815949999999], [86.9754277, 55.63868850000001], [86.9747325, 55.639142099999994], [86.9745455, 55.6395386], [86.9737363, 55.639807999999995], [86.97306499999999, 55.6401027], [86.9721363, 55.6401855], [86.9711835, 55.64023929999999], [86.9705711, 55.6401504], [86.97038649999999, 55.6397751], [86.9707206, 55.63945309999998], [86.97033979999999, 55.639053999999994], [86.96917749999999, 55.6385837], [86.9684845, 55.6383602], [86.9677074, 55.6378579], [86.96751209999998, 55.637374], [86.96782629999998, 55.637158], [86.96770199999999, 55.6368894], [86.9671667, 55.63671539999999], [86.9667816, 55.636777499999994], [86.96590799999998, 55.6372307], [86.96504869999998, 55.6376975], [86.9644243, 55.63773], [86.9638643, 55.63743540000001], [86.9636276, 55.6368325], [86.96468279999999, 55.63579060000001], [86.96414179999998, 55.6352685], [86.963037, 55.635294299999984], [86.9621996, 55.6354319], [86.9610394, 55.6355001], [86.9596979, 55.63577899999999], [86.9585882, 55.636070600000004], [86.9578771, 55.635879199999984], [86.9575418, 55.6353815], [86.9577205, 55.635080200000004], [86.95781489999999, 55.63448079999999], [86.957573, 55.63411339999998], [86.9568894, 55.633751999999994], [86.95593489999999, 55.63363309999999], [86.95481679999999, 55.63413589999999], [86.95281359999998, 55.63487589999999], [86.95068199999999, 55.6360256], [86.9494981, 55.63662990000001], [86.9487527, 55.63761689999999], [86.9478491, 55.6378739], [86.9471362, 55.63779619999999], [86.9463804, 55.637539800000006], [86.9459014, 55.6370584], [86.9457443, 55.6366254], [86.94470959999998, 55.636220300000005], [86.9436514, 55.636047100000006], [86.9414313, 55.63631279999999], [86.9394424, 55.6360778], [86.93726839999998, 55.6360778], [86.9368522, 55.6368349], [86.9368522, 55.6376181], [86.9360196, 55.638244699999994], [86.93467819999998, 55.6382186], [86.9339844, 55.63764419999999], [86.93389189999999, 55.63706989999999], [86.934817, 55.63612999999999], [86.93518699999998, 55.6352423], [86.9344007, 55.6343808], [86.9321805, 55.6338064], [86.93014539999999, 55.6340413], [86.92815649999999, 55.63513789999999], [86.9281102, 55.635973400000005], [86.9273702, 55.6368349], [86.9256588, 55.6367566], [86.9246875, 55.6359212], [86.9244562, 55.6352423], [86.9235774, 55.634302399999996], [86.9241787, 55.633519199999995], [86.9256125, 55.6333364], [86.92755519999999, 55.6333103], [86.92792519999999, 55.63260530000001], [86.92579749999999, 55.63190029999999], [86.9232998, 55.6320309], [86.92177349999999, 55.63137809999999], [86.9199696, 55.63101259999999], [86.9170093, 55.6310648], [86.91534419999999, 55.63192639999999], [86.91465039999999, 55.6328925], [86.91440969999998, 55.6343595], [86.9133257, 55.6344105], [86.9112479, 55.6344615], [86.9071826, 55.63573639999999], [86.90627919999999, 55.63670520000001], [86.9065502, 55.6385918], [86.907273, 55.6403254], [86.9065502, 55.6413961], [86.9047435, 55.64195689999999], [86.90221399999999, 55.6420079], [86.9006501, 55.6415582], [86.8992513, 55.641065699999984], [86.89771299999998, 55.639171700000006], [86.89468609999999, 55.6359237], [86.8938399, 55.6352863], [86.8928733, 55.6347212], [86.8915443, 55.634500499999994], [86.8893007, 55.6347538], [86.88811059999999, 55.6353872], [86.88488269999999, 55.638897699999994], [86.8817602, 55.6418657], [86.8786911, 55.645158], [86.8782498, 55.6461354], [86.87777899999999, 55.6465952], [86.8746344, 55.646974599999986], [86.87231229999999, 55.6464725], [86.86917069999998, 55.64643439999999], [86.8672527, 55.6461883], [86.8648372, 55.64528429999999], [86.8622738, 55.6435621], [86.8616011, 55.64342729999999], [86.8607537, 55.643740699999995], [86.86011469999998, 55.6442951], [86.85939259999999, 55.64504819999999], [86.8586446, 55.646623999999996], [86.8582584, 55.647304399999996], [86.8589197, 55.6482388], [86.8585461, 55.6494757], [86.8590898, 55.6499916], [86.8603267, 55.6512042], [86.86010149999998, 55.65187439999999], [86.85949979999998, 55.6523971], [86.8573403, 55.653320499999985], [86.8568484, 55.65386279999999], [86.8565534, 55.65464860000001], [86.858282, 55.6572018], [86.85955009999999, 55.6583817], [86.86061899999999, 55.659668399999994], [86.8608158, 55.6603888], [86.86051, 55.6611563], [86.8602602, 55.6614844], [86.8585439, 55.66191130000001], [86.85749029999998, 55.6621118], [86.8560088, 55.66239939999999], [86.851483, 55.6639758], [86.85007790000002, 55.664501499999986], [86.848857, 55.66469279999999], [86.84360229999999, 55.6644787], [86.83905879999999, 55.664310599999986], [86.8355291, 55.664128], [86.8320096, 55.66362229999999], [86.82864109999998, 55.66234190000001], [86.82751819999999, 55.66192379999999], [86.8267501, 55.6618902], [86.82575109999999, 55.6623439], [86.8248871, 55.6632065], [86.8242657, 55.66380099999999], [86.8239959, 55.6644137], [86.82436009999999, 55.66515069999999], [86.8252821, 55.66583920000001], [86.8286698, 55.66813199999999], [86.8300725, 55.6685909], [86.832548, 55.6690619], [86.83508229999998, 55.6693838], [86.83770369999999, 55.6696605], [86.8425594, 55.6697932], [86.84487869999998, 55.669856599999996], [86.84686069999998, 55.66981779999999], [86.84873499999999, 55.6696345], [86.8509608, 55.670169], [86.8514056, 55.670685299999995], [86.8517919, 55.67131390000001], [86.85148039999999, 55.6716984], [86.8509547, 55.67243249999999], [86.85075439999999, 55.673102199999995], [86.850192, 55.6740668], [86.84839029999999, 55.6757176], [86.8471273, 55.6770094], [86.84634879999999, 55.677622199999995], [86.84450489999999, 55.67832750000001], [86.84389059999998, 55.678255], [86.84199340000002, 55.67850499999999], [86.8398634, 55.6790506], [86.8383977, 55.679836], [86.83818279999998, 55.68084619999999], [86.8386878, 55.682607899999994], [86.83871999999998, 55.68347769999999], [86.837586, 55.6860879], [86.83820049999999, 55.686594299999996], [86.8382684, 55.6869655], [86.83764679999999, 55.68726060000001], [86.8372155, 55.6876175], [86.83583699999998, 55.6884254], [86.83496309999998, 55.68903279999999], [86.8340519, 55.6894716], [86.8289622, 55.6912557], [86.8222318, 55.693200299999994], [86.82016989999998, 55.693662399999994], [86.8172463, 55.69411780000001], [86.81357629999998, 55.69441460000001], [86.81184929999999, 55.6943031], [86.8101763, 55.6940385], [86.8077231, 55.6940967], [86.80659199999998, 55.694322500000006], [86.8057183, 55.694802300000006], [86.8041634, 55.6951582], [86.80323080000001, 55.6956471], [86.80187879999998, 55.6964447], [86.8013316, 55.6970188], [86.8010847, 55.69759299999999], [86.80092479999999, 55.69874320000001], [86.80168089999998, 55.6998992], [86.8028128, 55.700719299999996], [86.8051172, 55.7014086], [86.8076061, 55.7022434], [86.8122958, 55.70351039999999], [86.8138767, 55.7042898], [86.8138888, 55.70497610000001], [86.81424369999999, 55.7053848], [86.8138906, 55.70595049999999], [86.81403179999998, 55.70738699999999], [86.8138237, 55.707913899999994], [86.81310400000001, 55.7085761], [86.81182699999998, 55.70930429999999], [86.81044269999998, 55.709561], [86.7902756, 55.710843], [86.7867028, 55.7107015], [86.78584609999999, 55.710634199999994], [86.7850315, 55.7110012], [86.7837876, 55.711613099999994], [86.78344749999998, 55.712172599999995], [86.78333509999999, 55.713049999999996], [86.7839937, 55.7138821], [86.7848375, 55.7147867], [86.7299388, 55.72209719999999], [86.665132, 55.7286954], [86.66686029999998, 55.743429899999995], [86.6354476, 55.75226210000001], [86.6408695, 55.7651689], [86.5874978, 55.775273600000006], [86.58811499999999, 55.7814353], [86.5832518, 55.7833457], [86.58386900000002, 55.7850811], [86.5891071, 55.78680270000001], [86.5880188, 55.79035489999999], [86.5888605, 55.7910724], [86.58891479999998, 55.794476299999985], [86.5903267, 55.79536149999999], [86.58911120000002, 55.79799740000001], [86.57954829999998, 55.80034949999999], [86.56180249999998, 55.79922189999999], [86.56458009999999, 55.80381870000001], [86.56581459999998, 55.8082416], [86.56025939999999, 55.81465819999999], [86.54961189999999, 55.808935299999995], [86.5386557, 55.808935299999995], [86.5326376, 55.81344429999999], [86.5324833, 55.818126199999995], [86.5236875, 55.81985999999999], [86.56411719999998, 55.85460789999999], [86.4716861, 55.8799416], [86.47336709999999, 55.885012], [86.4881859, 55.9539426], [86.49330839999999, 55.96095449999999], [86.49497199999999, 55.964347999999994], [86.49456150000002, 55.9660576], [86.4951057, 55.967130000000004], [86.4955272, 55.96766089999999], [86.4962102, 55.968129100000006], [86.4977687, 55.9688882], [86.49880399999999, 55.96948], [86.4999297, 55.97024939999999], [86.5018959, 55.97088289999999], [86.5032801, 55.9710237], [86.5045523, 55.9712899], [86.50562969999999, 55.97160499999999], [86.5079617, 55.9718356], [86.5099762, 55.9720559], [86.51356609999999, 55.97219879999999], [86.515395, 55.9715165], [86.5174852, 55.9704443], [86.52070749999999, 55.96956699999999], [86.5217526, 55.96995689999999], [86.52140429999999, 55.971370300000004], [86.5206205, 55.9730273], [86.5189657, 55.973855799999995], [86.5171368, 55.9738071], [86.51286929999999, 55.9744893], [86.5095599, 55.97565889999999], [86.5061446, 55.97617399999999], [86.50514289999998, 55.9767378], [86.5046828, 55.977510699999996], [86.5046828, 55.9793136], [86.504975, 55.9800201], [86.5057716, 55.9804653], [86.50670769999999, 55.9804046], [86.50710220000002, 55.9801348], [86.5082936, 55.979393400000006], [86.5098025, 55.9787461], [86.5109128, 55.9784659], [86.5122473, 55.978217], [86.5130125, 55.97834069999998], [86.5135909, 55.9785688], [86.513365, 55.97949849999999], [86.5129149, 55.9804282], [86.51267239999999, 55.98185169999999], [86.51213109999999, 55.983128799999996], [86.5116988, 55.98377589999999], [86.5114159, 55.984485600000006], [86.51177359999998, 55.9854846], [86.5120192, 55.9864209], [86.51103009999999, 55.98789279999999], [86.5101903, 55.9893961], [86.50822759999998, 55.991564], [86.5074891, 55.9923972], [86.50630229999999, 55.99318860000001], [86.50568949999999, 55.9937365], [86.50509539999999, 55.9944098], [86.50497409999998, 55.99553269999999], [86.50515629999998, 55.9968045], [86.5052287, 55.997383], [86.50511429999999, 55.997961399999994], [86.50447209999999, 55.9985546], [86.50303889999999, 55.99928619999999], [86.50175510000001, 55.9999968], [86.50041119999999, 56.0008386], [86.4998232, 56.0012752], [86.49938469999998, 56.0017118], [86.4986602, 56.0024927], [86.4975995, 56.0031378], [86.49656699999998, 56.003619699999994], [86.4949741, 56.0041119], [86.4940287, 56.00466660000001], [86.49308329999998, 56.0053675], [86.4924361, 56.00600059999999], [86.4922745, 56.006644], [86.49230529999998, 56.0073622], [86.49282179999999, 56.0082267], [86.4923803, 56.00878310000001], [86.4918267, 56.0091099], [86.4912731, 56.00935690000001], [86.4903459, 56.0094055], [86.48950589999998, 56.0090908], [86.48883399999998, 56.00866119999999], [86.48866329999998, 56.0080856], [86.4880068, 56.007562199999995], [86.4872543, 56.00702459999999], [86.48653909999999, 56.006873500000005], [86.48535079999999, 56.0070038], [86.48446130000002, 56.0073639], [86.48315499999998, 56.0085325], [86.48266009999999, 56.00952019999999], [86.4826135, 56.01048709999999], [86.4826324, 56.0122328], [86.4828066, 56.01578659999999], [86.4842001, 56.0165655], [86.48493069999999, 56.01713399999999], [86.48610969999999, 56.0175771], [86.4871018, 56.0178451], [86.4881686, 56.018008699999996], [86.48934449999999, 56.018336999999995], [86.49035219999999, 56.019062], [86.4907784, 56.02022199999999], [86.4907937, 56.0206511], [86.490371, 56.020969199999996], [86.48957469999999, 56.02127689999999], [86.4886914, 56.0215185], [86.4880884, 56.021728799999984], [86.48749719999999, 56.02218419999999], [86.4867939, 56.02247249999999], [86.485976, 56.02295420000001], [86.48515810000002, 56.0233314], [86.48400709999999, 56.02348279999999], [86.48281879999999, 56.02338369999999], [86.4820847, 56.02302739999999], [86.4814626, 56.0224936], [86.48093380000002, 56.02191129999999], [86.4801247, 56.0212141], [86.47921359999998, 56.02103489999999], [86.47839599999999, 56.021252399999995], [86.47792619999998, 56.021878199999996], [86.4779234, 56.022504], [86.4780818, 56.0235261], [86.47844569999998, 56.024558600000006], [86.4787768, 56.024949], [86.4791453, 56.0253603], [86.4801438, 56.025514699999995], [86.4817541, 56.0255007], [86.48330639999999, 56.0253893], [86.48568059999998, 56.0255702], [86.4886043, 56.02547630000001], [86.49033389999998, 56.0254692], [86.4916899, 56.0257649], [86.4924737, 56.02712760000001], [86.49264789999998, 56.0296582], [86.49232509999999, 56.0310477], [86.4917135, 56.0319469], [86.4910354, 56.0325881], [86.49164789999999, 56.0328377], [86.49355889999998, 56.032180700000005], [86.50675529999998, 56.0261613], [86.5078799, 56.026459799999984], [86.5094483, 56.027222900000005], [86.51081119999999, 56.0281244], [86.5140724, 56.029645], [86.5185638, 56.032086400000004], [86.51925719999998, 56.03558000000001], [86.5292506, 56.042587899999994], [86.5209582, 56.0491195], [86.4911908, 56.05743089999999], [86.48672570000001, 56.050307], [86.47460599999998, 56.05054439999999], [86.49254269999999, 56.0848202], [86.5048226, 56.082973599999995], [86.51370590000002, 56.0985698], [86.5156858, 56.1004027], [86.5155161, 56.1001206], [86.5159068, 56.0995828], [86.5164047, 56.0992314], [86.51676809999998, 56.09890959999999], [86.5168899, 56.0987217], [86.51673229999999, 56.0985144], [86.5170474, 56.09827539999999], [86.51790019999999, 56.09793139999999], [86.51900719999999, 56.0975794], [86.5199965, 56.0974916], [86.5211594, 56.09751889999999], [86.5218995, 56.097639199999996], [86.5231976, 56.0977763], [86.52421219999998, 56.09800820000001], [86.52529139999999, 56.0981639], [86.52629169999999, 56.098328099999996], [86.52660679999998, 56.0985144], [86.5268147, 56.098760399999996], [86.52670759999998, 56.098936099999996], [86.5262539, 56.099023999999986], [86.52541579999999, 56.098953699999996], [86.5250314, 56.0992173], [86.52503769999998, 56.0995301], [86.52557329999999, 56.099973], [86.5259721, 56.1001386], [86.52614039999999, 56.1002084], [86.52709829999999, 56.100092499999995], [86.5276087, 56.10001510000001], [86.52820549999998, 56.1001169], [86.5298484, 56.100861899999984], [86.5305375, 56.101452699999996], [86.5309111, 56.1016503], [86.53115089999999, 56.10193199999999]]]]}}, {"type": "Feature", "properties": {"id": "city-32507000", "name": "Кемеровский муниципальный округ", "region": "Кемеровская область", "isCity": true, "sourceOktmo": "32-507-000-000", "sourceAgg": "Кемерово", "excelNames": ["Кемеровский муниципальный округ"], "oktmo": "32507000", "vgp": [{"year": 2019, "value": 34920332.79120172}, {"year": 2020, "value": 31682286.131205413}, {"year": 2021, "value": 31417510.398582943}, {"year": 2022, "value": 68900747.06038572}, {"year": 2023, "value": 63654591.16040843}, {"year": 2024, "value": 57544773.127400994}], "population": [{"year": 2019, "value": 46556.0}, {"year": 2020, "value": 47123.0}, {"year": 2021, "value": 46776.0}, {"year": 2022, "value": 46045.0}, {"year": 2023, "value": 45809.0}, {"year": 2024, "value": 45263.0}, {"year": 2025, "value": 44910.0}], "shipments": [{"year": 2019, "value": 55869300.4}, {"year": 2020, "value": 46784471.4}, {"year": 2021, "value": 93821375.6}, {"year": 2022, "value": 118966713.8}, {"year": 2023, "value": 92376519.8}, {"year": 2024, "value": 72194309.0}], "employees": [{"year": 2019, "value": 16177.0}, {"year": 2020, "value": 16231.0}, {"year": 2021, "value": 15423.0}, {"year": 2022, "value": 15483.0}, {"year": 2023, "value": 15602.0}, {"year": 2024, "value": 15593.0}], "investments": [{"year": 2019, "value": 9987527.0}, {"year": 2020, "value": 6504800.0}, {"year": 2021, "value": 11205444.0}, {"year": 2022, "value": 23206627.0}, {"year": 2023, "value": 34483351.0}, {"year": 2024, "value": 31034808.0}], "vgp2024": 57544773.127400994, "pop2024": 45263.0, "ship2024": 72194309.0, "emp2024": 15593.0, "inv2024": 31034808.0}, "geometry": {"type": "MultiPolygon", "coordinates": [[[[85.75009809999999, 55.26682849999999], [85.78044309999999, 55.3042982], [85.8172978, 55.3264553], [85.8189849, 55.3275855], [85.83150299999998, 55.3351737], [85.83311609999998, 55.336151400000006], [85.8334124, 55.335996400000006], [85.8338726, 55.33595770000001], [85.834695, 55.336504999999995], [85.8342066, 55.336800899999986], [85.8367585, 55.338386699999994], [85.83704419999998, 55.33832499999999], [85.83720619999998, 55.33842709999999], [85.8374784, 55.338824], [85.8473264, 55.3448679], [85.8477398, 55.3451556], [85.85017219999999, 55.34653949999999], [85.85591799999999, 55.3499874], [85.86048169999998, 55.352752100000004], [85.8620334, 55.3564994], [85.8625318, 55.35777840000001], [85.8625808, 55.35790419999999], [85.85881089999998, 55.35687899999999], [85.8572711, 55.35653469999999], [85.856666, 55.356434300000004], [85.8560915, 55.35635669999999], [85.85543229999999, 55.35629509999999], [85.85501319999999, 55.3562576], [85.8545348, 55.35622709999999], [85.8533699, 55.3562041], [85.85278129999999, 55.3562175], [85.8522452, 55.35623979999999], [85.85142579999999, 55.35629839999999], [85.8488478, 55.3565905], [85.84702449999999, 55.3568174], [85.846211, 55.35695050000001], [85.8448254, 55.357237000000005], [85.8436233, 55.35760470000001], [85.8410269, 55.3584811], [85.8402076, 55.35870349999999], [85.83939249999999, 55.3588746], [85.83846149999998, 55.359023799999996], [85.8376971, 55.3591014], [85.8369395, 55.3591377], [85.83602999999998, 55.35914290000001], [85.8352908, 55.359102799999995], [85.83455699999999, 55.35903689999999], [85.8331177, 55.35880559999999], [85.8318303, 55.35846389999999], [85.8307695, 55.35810999999999], [85.8295802, 55.357724999999995], [85.82888330000002, 55.35753400000001], [85.8281382, 55.35736899999999], [85.82741619999999, 55.357248899999995], [85.82668729999999, 55.35716519999998], [85.8259088, 55.3571111], [85.8251109, 55.357087899999996], [85.8242975, 55.357104499999984], [85.8236023, 55.3571542], [85.82288829999999, 55.35722909999999], [85.8220169, 55.3573739], [85.82124139999999, 55.3575412], [85.8204532, 55.3577475], [85.81988829999999, 55.35793269999999], [85.8193135, 55.3581578], [85.8183821, 55.3585755], [85.814018, 55.360633], [85.81278199999998, 55.361216], [85.8121353, 55.361492], [85.8114651, 55.36173740000001], [85.81084529999998, 55.3619196], [85.81002140000001, 55.3621139], [85.809025, 55.362289200000006], [85.808342, 55.3623843], [85.807587, 55.36245610000001], [85.8069326, 55.362497199999986], [85.8061446, 55.36251789999999], [85.80529239999998, 55.3625013], [85.80455339999999, 55.362446899999995], [85.80375959999999, 55.362355699999995], [85.8034989, 55.3628229], [85.8033975, 55.3631322], [85.8029051, 55.3646338], [85.80167199999998, 55.368265599999994], [85.7946786, 55.374197699999996], [85.794123, 55.37474830000001], [85.77719829999998, 55.39469810000001], [85.76702250000001, 55.40454249999999], [85.73860389999999, 55.4083929], [85.7249228, 55.41376180000001], [85.6899429, 55.425857400000005], [85.6898209, 55.4262074], [85.6834497, 55.4391146], [85.6794209, 55.4456264], [85.6798571, 55.4458123], [85.68634359999999, 55.44813899999999], [85.68792309999999, 55.4486653], [85.6915663, 55.4486869], [85.6954401, 55.451494799999985], [85.7114594, 55.45921520000001], [85.71808279999999, 55.4621975], [85.7158199, 55.46429979999999], [85.71602139999999, 55.464298], [85.71631369999999, 55.464214299999995], [85.7166678, 55.4640166], [85.71684319999999, 55.4639553], [85.7171264, 55.46391320000001], [85.7177621, 55.4638828], [85.7184863, 55.46393], [85.7200197, 55.4642165], [85.72096469999998, 55.464757199999994], [85.7231748, 55.465237699999996], [85.72434870000001, 55.465193], [85.72644709999999, 55.4663264], [85.727359, 55.46644799999999], [85.7279596, 55.466749400000005], [85.729186, 55.4669148], [85.7316465, 55.467513100000005], [85.732187, 55.4677252], [85.73299169999999, 55.46776169999999], [85.73368909999999, 55.4673786], [85.7346332, 55.4678986], [85.73541099999998, 55.468163100000005], [85.73612449999999, 55.4688504], [85.7358777, 55.4690936], [85.73757289999999, 55.47020659999999], [85.7384553, 55.47110949999999], [85.73933239999998, 55.4715992], [85.7391822, 55.472097899999994], [85.7400082, 55.4732638], [85.7406813, 55.474211499999996], [85.7414739, 55.474677], [85.7428426, 55.475362399999995], [85.74599939999999, 55.4770527], [85.74967989999999, 55.4801283], [85.7497385, 55.4811995], [85.7503044, 55.4813025], [85.7503057, 55.48158359999999], [85.75009379999999, 55.4819437], [85.75057359999998, 55.482262799999994], [85.7513251, 55.4823424], [85.75660939999999, 55.48547159999999], [85.7599927, 55.4869701], [85.7708677, 55.492638], [85.7739373, 55.49393549999999], [85.7766662, 55.4948301], [85.7726681, 55.4993878], [85.77134389999999, 55.5014229], [85.7723252, 55.5076688], [85.7761462, 55.5213266], [85.79453619999998, 55.5380308], [85.80460099999999, 55.53995170000001], [85.8130708, 55.542010099999985], [85.82369159999999, 55.544711299999996], [85.8259469, 55.5464932], [85.8271836, 55.546709499999984], [85.8284734, 55.547383], [85.8302287, 55.5478746], [85.8312352, 55.5487865], [85.8320129, 55.5499028], [85.83327469999999, 55.550994700000004], [85.8350255, 55.552949299999995], [85.8271717, 55.5588721], [85.8267858, 55.559163099999985], [85.81768769999998, 55.567317299999985], [85.8141007, 55.5701614], [85.80275319999998, 55.57915729999999], [85.79860489999999, 55.5817579], [85.796364, 55.58347349999999], [85.79331179999998, 55.58507600000001], [85.79069029999998, 55.5864], [85.78226399999998, 55.58943439999999], [85.7754318, 55.591100600000004], [85.7720119, 55.5915392], [85.7657952, 55.5923366], [85.7573887, 55.5938302], [85.74061179999998, 55.5988504], [85.7322004, 55.601662899999994], [85.723789, 55.603020599999994], [85.71915409999998, 55.604572099999984], [85.7157369, 55.6063755], [85.71885099999999, 55.6088993], [85.72260590000002, 55.6176565], [85.7112458, 55.6268244], [85.71324909999998, 55.6297283], [85.7141616, 55.630716500000005], [85.7153186, 55.6314869], [85.71583769999998, 55.63208139999999], [85.71693539999998, 55.6330862], [85.7176496, 55.6333187], [85.73148659999998, 55.63132780000001], [85.73233680000001, 55.63125109999999], [85.7341873, 55.63032039999999], [85.7367024, 55.63304600000001], [85.7394483, 55.631806799999985], [85.7433897, 55.6336529], [85.74423759999999, 55.632389700000004], [85.7443151, 55.6302986], [85.7454866, 55.6294537], [85.74772559999998, 55.6308107], [85.7519461, 55.6322612], [85.75669339999999, 55.633712700000004], [85.7607037, 55.63398829999999], [85.76922109999998, 55.6360963], [85.77302109999998, 55.63480189999999], [85.7782625, 55.6360223], [85.7768866, 55.639461499999996], [85.77990049999998, 55.63975729999999], [85.7794445, 55.645510999999985], [85.78053539999999, 55.6455671], [85.78053650000001, 55.64576499999999], [85.7807645, 55.646044999999994], [85.7809683, 55.646418199999985], [85.78116149999998, 55.646452200000006], [85.7813412, 55.6463916], [85.78169769999998, 55.645865199999996], [85.7817864, 55.645613600000004], [85.78205729999999, 55.64562579999999], [85.78235239999998, 55.64581499999999], [85.7827467, 55.646095], [85.7825026, 55.6463356], [85.7826072, 55.6464507], [85.782803, 55.64643550000001], [85.7830954, 55.64617520000001], [85.78329919999999, 55.6461797], [85.78341919999998, 55.646271999999996], [85.78334750000002, 55.6464416], [85.78340379999999, 55.64659290000001], [85.7839, 55.64693049999999], [85.78452499999999, 55.6471666], [85.7848484, 55.647666199999996], [85.7847798, 55.6479566], [85.7846323, 55.648052], [85.78436940000002, 55.6480565], [85.78433449999999, 55.6479415], [85.78423259999998, 55.647858199999995], [85.7839563, 55.64785669999999], [85.7835327, 55.648016999999996], [85.7831973, 55.6480444], [85.78288079999999, 55.6483062], [85.782854, 55.6486468], [85.7830706, 55.6489849], [85.78327239999999, 55.6493142], [85.7833663, 55.649402], [85.78348959999998, 55.64939290000001], [85.7837686, 55.64929300000001], [85.7840288, 55.6492764], [85.7842299, 55.6493294], [85.7842675, 55.6495306], [85.7839993, 55.64978039999999], [85.78400459999999, 55.6499484], [85.7848097, 55.650330399999994], [85.78476099999999, 55.65048859999999], [85.7841709, 55.650718699999985], [85.78373999999998, 55.6514708], [85.7838008, 55.651773500000004], [85.78412529999999, 55.65183399999999], [85.7843426, 55.65174019999999], [85.78440960000002, 55.65150409999999], [85.7846779, 55.6514088], [85.78486559999999, 55.651498100000005], [85.78526529999999, 55.65157219999998], [85.78569249999998, 55.6515796], [85.7854385, 55.65219929999999], [85.78574539999998, 55.652713299999995], [85.78643199999999, 55.6527496], [85.7867646, 55.653137], [85.7862389, 55.65340340000001], [85.785858, 55.65345479999999], [85.7859897, 55.6541626], [85.786306, 55.654220499999994], [85.78663049999999, 55.6540132], [85.7869792, 55.6540586], [85.7871637, 55.654265], [85.7870731, 55.6547365], [85.7873467, 55.6550695], [85.7868665, 55.65540239999999], [85.78704189999999, 55.65598719999999], [85.7873735, 55.65650999999999], [85.7876511, 55.656745900000004], [85.78759339999999, 55.6568429], [85.7871658, 55.65703500000001], [85.7873768, 55.65793339999999], [85.7872823, 55.6582335], [85.787285, 55.65839989999999], [85.78719379999998, 55.658466499999996], [85.78708110000001, 55.65842109999999], [85.7868934, 55.65820169999999], [85.7865581, 55.657952099999996], [85.78629259999998, 55.6579611], [85.7860377, 55.6582199], [85.7860029, 55.6585104], [85.78565149999999, 55.6586889], [85.7857427, 55.6588372], [85.78652279999999, 55.65878049999999], [85.78679949999999, 55.6592155], [85.78724739999998, 55.6591232], [85.78763899999998, 55.6591232], [85.78767899999998, 55.65931189999999], [85.7874674, 55.659698199999994], [85.78772159999998, 55.6598815], [85.7876873, 55.6601143], [85.787521, 55.6602277], [85.78701139999998, 55.6602065], [85.78671629999998, 55.6598691], [85.7858258, 55.6598888], [85.7856974, 55.660057999999985], [85.78782809999998, 55.662676899999994], [85.78764709999999, 55.6628111], [85.78703819999998, 55.6626591], [85.78687999999998, 55.663087299999994], [85.7863837, 55.66324459999999], [85.7860297, 55.6632264], [85.7853022, 55.66349300000001], [85.7850453, 55.663775599999994], [85.7852519, 55.66398439999999], [85.78494339999999, 55.6646667], [85.7851687, 55.66484829999999], [85.785453, 55.66486640000001], [85.78570629999999, 55.664960699999995], [85.7851747, 55.6654428], [85.7825804, 55.668342800000005], [85.7804029, 55.670277999999996], [85.77892179999999, 55.669610399999996], [85.77531669999999, 55.6677192], [85.77392219999999, 55.6670872], [85.7699456, 55.66620279999999], [85.76723259999999, 55.66727290000001], [85.7605755, 55.666911699999986], [85.75733689999998, 55.66713369999999], [85.7443351, 55.673811400000005], [85.74015589999999, 55.68048799999999], [85.7443351, 55.685265599999994], [85.74236159999998, 55.688930199999994], [85.7379503, 55.69017349999999], [85.7350481, 55.690304399999995], [85.72750239999999, 55.69364139999999], [85.72471629999998, 55.6967164], [85.72021209999998, 55.698587499999995], [85.7201193, 55.7029835], [85.72367149999998, 55.7133959], [85.7252271, 55.7241193], [85.70906779999999, 55.7368267], [85.7330649, 55.7482006], [85.7382566, 55.7531336], [85.73985019999999, 55.7549514], [85.74807269999998, 55.7502913], [85.7449522, 55.7445624], [85.7483698, 55.742764099999995], [85.7480634, 55.738404], [85.76179329999998, 55.731089999999995], [85.7757862, 55.7331426], [85.77764279999998, 55.73181489999999], [85.7776185, 55.7305611], [85.7772916, 55.7289864], [85.787866, 55.7311123], [85.7981114, 55.7144243], [85.81168179999999, 55.718502799999996], [85.8218629, 55.7213051], [85.8336539, 55.7351352], [85.8517497, 55.73611840000001], [85.85551649999998, 55.7596875], [85.8748912, 55.7716489], [85.89694959999999, 55.7863413], [85.8632536, 55.805311399999994], [85.85838979999998, 55.8135103], [85.8836029, 55.8506138], [85.8976084, 55.863167600000004], [85.92882599999999, 55.86518109999999], [85.928428, 55.90088109999999], [85.9841443, 55.8995528], [86.0095238, 55.888021300000005], [86.0334768, 55.88375449999999], [86.0386477, 55.892121], [86.0432838, 55.896187000000005], [86.0482765, 55.8975533], [86.0493891, 55.8991649], [86.0607171, 55.9050207], [86.060466, 55.904310599999995], [86.06243129999999, 55.8991381], [86.0625443, 55.8963337], [86.0666224, 55.88372609999999], [86.07062019999998, 55.8661425], [86.08265960000001, 55.85100919999999], [86.0832139, 55.850989999999996], [86.0834443, 55.8511517], [86.08334059999999, 55.85131979999999], [86.0833982, 55.8516335], [86.0837266, 55.85179200000001], [86.08417020000002, 55.85177259999998], [86.08448, 55.85166379999999], [86.08491339999999, 55.8516723], [86.0856393, 55.8515721], [86.0863076, 55.8514427], [86.0864977, 55.8512357], [86.0863133, 55.85110319999999], [86.086129, 55.85058250000001], [86.0863018, 55.85042719999999], [86.0869931, 55.8504628], [86.08721209999999, 55.8506633], [86.08745559999998, 55.850837000000006], [86.0875958, 55.85089529999999], [86.08779599999998, 55.850813200000005], [86.0878748, 55.85061219999999], [86.0878027, 55.850438700000005], [86.08781869999999, 55.850321], [86.08809929999998, 55.8502494], [86.0884565, 55.8504596], [86.08881360000001, 55.8504596], [86.0891824, 55.85053070000001], [86.0891166, 55.8506423], [86.0889208, 55.850726699999996], [86.0890194, 55.8507773], [86.0892573, 55.85076359999999], [86.0896605, 55.8505663], [86.0899774, 55.8503335], [86.08989099999998, 55.85014910000001], [86.0894877, 55.85012329999999], [86.08936669999999, 55.8498063], [86.08955679999998, 55.8496381], [86.09070329999999, 55.8494797], [86.09108349999998, 55.8495929], [86.0917864, 55.849547599999994], [86.0926851, 55.84965429999999], [86.09337069999998, 55.8495735], [86.09348589999999, 55.8493632], [86.0933188, 55.8490916], [86.0935838, 55.84895899999999], [86.09399859999999, 55.8490754], [86.0944077, 55.84935029999999], [86.0948743, 55.849418199999995], [86.09536979999999, 55.8496317], [86.0958537, 55.8496317], [86.09614749999999, 55.84935029999999], [86.0964471, 55.84935999999999], [86.09630879999999, 55.8495896], [86.09633759999998, 55.8497319], [86.09671210000002, 55.84971579999999], [86.0970693, 55.84926620000001], [86.097559, 55.849098], [86.0979853, 55.84914659999999], [86.09872849999999, 55.84930829999998], [86.099633, 55.8492889], [86.0997079, 55.8491304], [86.099391, 55.84885229999999], [86.0991951, 55.8483574], [86.0994198, 55.84799199999999], [86.1000823, 55.8478173], [86.1003819, 55.8478497], [86.1005493, 55.84808509999999], [86.1008831, 55.84815369999999], [86.1015111, 55.8477785], [86.1020123, 55.84782379999999], [86.1030292, 55.847945499999994], [86.106803, 55.8515072], [86.1059535, 55.8534296], [86.10553979999999, 55.855323199999994], [86.1088137, 55.85643329999999], [86.11051799999998, 55.85638899999999], [86.11434429999998, 55.8566289], [86.12004319999998, 55.86229569999999], [86.12274879999998, 55.863211099999994], [86.14780759999998, 55.86288909999999], [86.14988889999998, 55.862907699999994], [86.14934199999999, 55.8623654], [86.14817529999999, 55.860690600000005], [86.148209, 55.8601527], [86.1493102, 55.859321200000004], [86.1497263, 55.858445999999994], [86.1507172, 55.85781839999999], [86.15188749999999, 55.8573133], [86.15197789999999, 55.8570096], [86.1508938, 55.8557311], [86.1510872, 55.85523920000001], [86.1519034, 55.8545918], [86.1522904, 55.8535415], [86.1530762, 55.85197590000001], [86.15416819999999, 55.850515099999996], [86.15466, 55.848509400000005], [86.1551357, 55.8475891], [86.15534129999999, 55.84642079999999], [86.15494639999999, 55.8447299], [86.1543119, 55.843743700000005], [86.1542206, 55.843238], [86.15486499999999, 55.842792200000005], [86.1558552, 55.84250010000001], [86.1574101, 55.84232469999999], [86.15788959999999, 55.841953], [86.1578704, 55.8414465], [86.15687129999999, 55.8404487], [86.1569315, 55.83987520000001], [86.158506, 55.8384572], [86.15942, 55.8375305], [86.1601844, 55.836943999999995], [86.1613266, 55.836415099999996], [86.1627494, 55.8361837], [86.1632443, 55.8356817], [86.16317579999999, 55.8351799], [86.16230999999999, 55.83435730000001], [86.1621851, 55.833811299999994], [86.16256499999999, 55.83339529999999], [86.1634326, 55.8331966], [86.16430290000001, 55.833340199999995], [86.1653059, 55.83449829999999], [86.1659193, 55.8347957], [86.1672257, 55.835099099999994], [86.1680812, 55.83522570000001], [86.1687766, 55.8350829], [86.16931539999999, 55.8345623], [86.16923459999998, 55.8338972], [86.168655, 55.83333509999999], [86.1684578, 55.83286619999999], [86.16870080000001, 55.832146], [86.1690816, 55.8317227], [86.1697234, 55.8314234], [86.17095279999998, 55.8312006], [86.17205069999999, 55.83124140000001], [86.17433619999998, 55.83182899999999], [86.1756989, 55.832047100000004], [86.1764298, 55.832685], [86.1770666, 55.8339774], [86.1782174, 55.83459830000001], [86.1792857, 55.8348769], [86.18060939999998, 55.8349988], [86.18187089999999, 55.8348088], [86.1829984, 55.833567099999996], [86.1835839, 55.8331971], [86.18431679999999, 55.8332061], [86.1847608, 55.833415200000005], [86.18523759999998, 55.8337255], [86.18674429999999, 55.8352708], [86.18720199999998, 55.836220299999994], [86.1872956, 55.8384239], [86.18688639999999, 55.8412802], [86.1864463, 55.84364229999999], [86.18577649999999, 55.845062], [86.1857579, 55.8462608], [86.18631739999998, 55.84736529999999], [86.1864872, 55.8481747], [86.18692429999999, 55.84989650000001], [86.1879235, 55.8505513], [86.1895217, 55.8510204], [86.19125219999998, 55.85133139999999], [86.19293879999998, 55.85142919999999], [86.19461499999998, 55.85121550000001], [86.19694699999998, 55.8505662], [86.19833429999998, 55.850383400000005], [86.1996121, 55.85047370000001], [86.20180209999998, 55.8511808], [86.20248449999998, 55.8505254], [86.2026145, 55.84938879999999], [86.2033054, 55.848262500000004], [86.2034958, 55.84631029999999], [86.2037558, 55.8443322], [86.20338519999999, 55.842334499999986], [86.20189989999999, 55.8399303], [86.2014177, 55.8390781], [86.2014883, 55.83834459999999], [86.20199250000002, 55.83808609999999], [86.20310059999998, 55.8382256], [86.2041951, 55.83831149999999], [86.20514839999998, 55.8381199], [86.20685119999999, 55.837383700000004], [86.2082622, 55.83680019999999], [86.21044519999998, 55.83634930000001], [86.21170349999998, 55.8364083], [86.2127392, 55.83693699999999], [86.2134453, 55.837729999999986], [86.21543599999998, 55.838824499999994], [86.21750970000001, 55.8397432], [86.2211667, 55.8407298], [86.2246743, 55.84191740000001], [86.227637, 55.8425276], [86.2289212, 55.8433138], [86.23128819999998, 55.8441381], [86.23327009999998, 55.84443710000001], [86.23615860000001, 55.8456857], [86.23910889999999, 55.84648859999999], [86.2405283, 55.8473138], [86.24161549999998, 55.8481442], [86.2436608, 55.8492147], [86.2465407, 55.85062930000001], [86.24828199999999, 55.8515511], [86.2492443, 55.8519685], [86.250685, 55.8533659], [86.25086530000002, 55.8542359], [86.2496982, 55.8551222], [86.2472931, 55.8563089], [86.2468072, 55.8573316], [86.2470211, 55.857966399999995], [86.24853859999999, 55.8589392], [86.2498491, 55.859348], [86.251649, 55.86054769999999], [86.2517619, 55.8614465], [86.2507428, 55.86289620000001], [86.2492426, 55.8634899], [86.24697399999998, 55.86575620000001], [86.24692689999999, 55.8665867], [86.24796399999998, 55.8680772], [86.2492434, 55.8688693], [86.25036689999999, 55.869132199999996], [86.2522326, 55.86869099999999], [86.26036409999999, 55.8682869], [86.2649372, 55.8680049], [86.26619299999999, 55.868230999999994], [86.26756379999999, 55.8688525], [86.27070949999998, 55.870951500000004], [86.27352769999999, 55.8730019], [86.27549519999998, 55.8745146], [86.27713449999999, 55.8763509], [86.2782311, 55.87686969999999], [86.27948029999999, 55.87720840000001], [86.2812593, 55.8775136], [86.2834346, 55.8773151], [86.2843466, 55.877212699999994], [86.28458799999999, 55.87685760000001], [86.2859023, 55.87637010000001], [86.28662109999999, 55.8757502], [86.28658889999998, 55.87541319999999], [86.2861758, 55.87510319999999], [86.28569839999999, 55.87493169999999], [86.28519409999998, 55.87493169999999], [86.2838638, 55.875274700000006], [86.2828767, 55.8755636], [86.2820935, 55.8755516], [86.2814498, 55.875347000000005], [86.28159999999998, 55.8748955], [86.2821579, 55.8745103], [86.285634, 55.87413109999999], [86.2868678, 55.8737941], [86.28722189999999, 55.8733547], [86.2873292, 55.8728852], [86.2874633, 55.8724382], [86.28726479999999, 55.8722351], [86.2869778, 55.87216139999999], [86.286664, 55.87216130000001], [86.2865728, 55.8718559], [86.34059119999999, 55.8729906], [86.34886709999999, 55.88894839999999], [86.37468330000002, 55.8842177], [86.41459459999999, 55.8845066], [86.437168, 55.8833512], [86.4716861, 55.8799416], [86.56411719999998, 55.85460789999999], [86.5236875, 55.81985999999999], [86.5324833, 55.818126199999995], [86.5326376, 55.81344429999999], [86.5386557, 55.808935299999995], [86.54961189999999, 55.808935299999995], [86.56025939999999, 55.81465819999999], [86.56581459999998, 55.8082416], [86.56458009999999, 55.80381870000001], [86.56180249999998, 55.79922189999999], [86.57954829999998, 55.80034949999999], [86.58911120000002, 55.79799740000001], [86.5903267, 55.79536149999999], [86.58891479999998, 55.794476299999985], [86.5888605, 55.7910724], [86.5880188, 55.79035489999999], [86.5891071, 55.78680270000001], [86.58386900000002, 55.7850811], [86.5832518, 55.7833457], [86.58811499999999, 55.7814353], [86.5874978, 55.775273600000006], [86.6408695, 55.7651689], [86.6354476, 55.75226210000001], [86.66686029999998, 55.743429899999995], [86.665132, 55.7286954], [86.7299388, 55.72209719999999], [86.7848375, 55.7147867], [86.7839937, 55.7138821], [86.78333509999999, 55.713049999999996], [86.78344749999998, 55.712172599999995], [86.7837876, 55.711613099999994], [86.7850315, 55.7110012], [86.78584609999999, 55.710634199999994], [86.7867028, 55.7107015], [86.7902756, 55.710843], [86.81044269999998, 55.709561], [86.81182699999998, 55.70930429999999], [86.81310400000001, 55.7085761], [86.8138237, 55.707913899999994], [86.81403179999998, 55.70738699999999], [86.8138906, 55.70595049999999], [86.81424369999999, 55.7053848], [86.8138888, 55.70497610000001], [86.8138767, 55.7042898], [86.8122958, 55.70351039999999], [86.8076061, 55.7022434], [86.8051172, 55.7014086], [86.8028128, 55.700719299999996], [86.80168089999998, 55.6998992], [86.80092479999999, 55.69874320000001], [86.8010847, 55.69759299999999], [86.8013316, 55.6970188], [86.80187879999998, 55.6964447], [86.80323080000001, 55.6956471], [86.8041634, 55.6951582], [86.8057183, 55.694802300000006], [86.80659199999998, 55.694322500000006], [86.8077231, 55.6940967], [86.8101763, 55.6940385], [86.81184929999999, 55.6943031], [86.81357629999998, 55.69441460000001], [86.8172463, 55.69411780000001], [86.82016989999998, 55.693662399999994], [86.8222318, 55.693200299999994], [86.8289622, 55.6912557], [86.8340519, 55.6894716], [86.83496309999998, 55.68903279999999], [86.83583699999998, 55.6884254], [86.8372155, 55.6876175], [86.83764679999999, 55.68726060000001], [86.8382684, 55.6869655], [86.83820049999999, 55.686594299999996], [86.837586, 55.6860879], [86.83871999999998, 55.68347769999999], [86.8386878, 55.682607899999994], [86.83818279999998, 55.68084619999999], [86.8383977, 55.679836], [86.8398634, 55.6790506], [86.84199340000002, 55.67850499999999], [86.84389059999998, 55.678255], [86.84450489999999, 55.67832750000001], [86.84634879999999, 55.677622199999995], [86.8471273, 55.6770094], [86.84839029999999, 55.6757176], [86.850192, 55.6740668], [86.85075439999999, 55.673102199999995], [86.8509547, 55.67243249999999], [86.85148039999999, 55.6716984], [86.8517919, 55.67131390000001], [86.8514056, 55.670685299999995], [86.8509608, 55.670169], [86.84873499999999, 55.6696345], [86.84686069999998, 55.66981779999999], [86.84487869999998, 55.669856599999996], [86.8425594, 55.6697932], [86.83770369999999, 55.6696605], [86.83508229999998, 55.6693838], [86.832548, 55.6690619], [86.8300725, 55.6685909], [86.8286698, 55.66813199999999], [86.8252821, 55.66583920000001], [86.82436009999999, 55.66515069999999], [86.8239959, 55.6644137], [86.8242657, 55.66380099999999], [86.8248871, 55.6632065], [86.82575109999999, 55.6623439], [86.8267501, 55.6618902], [86.82751819999999, 55.66192379999999], [86.82864109999998, 55.66234190000001], [86.8320096, 55.66362229999999], [86.8355291, 55.664128], [86.83905879999999, 55.664310599999986], [86.84360229999999, 55.6644787], [86.848857, 55.66469279999999], [86.85007790000002, 55.664501499999986], [86.851483, 55.6639758], [86.8560088, 55.66239939999999], [86.85749029999998, 55.6621118], [86.8585439, 55.66191130000001], [86.8602602, 55.6614844], [86.86051, 55.6611563], [86.8608158, 55.6603888], [86.86061899999999, 55.659668399999994], [86.85955009999999, 55.6583817], [86.858282, 55.6572018], [86.8565534, 55.65464860000001], [86.8568484, 55.65386279999999], [86.8573403, 55.653320499999985], [86.85949979999998, 55.6523971], [86.86010149999998, 55.65187439999999], [86.8603267, 55.6512042], [86.8590898, 55.6499916], [86.8585461, 55.6494757], [86.8589197, 55.6482388], [86.8582584, 55.647304399999996], [86.8586446, 55.646623999999996], [86.85939259999999, 55.64504819999999], [86.86011469999998, 55.6442951], [86.8607537, 55.643740699999995], [86.8616011, 55.64342729999999], [86.8622738, 55.6435621], [86.8648372, 55.64528429999999], [86.8672527, 55.6461883], [86.86917069999998, 55.64643439999999], [86.87231229999999, 55.6464725], [86.8746344, 55.646974599999986], [86.87777899999999, 55.6465952], [86.8782498, 55.6461354], [86.8786911, 55.645158], [86.8817602, 55.6418657], [86.88488269999999, 55.638897699999994], [86.88811059999999, 55.6353872], [86.8893007, 55.6347538], [86.8915443, 55.634500499999994], [86.8928733, 55.6347212], [86.8938399, 55.6352863], [86.89468609999999, 55.6359237], [86.89771299999998, 55.639171700000006], [86.8992513, 55.641065699999984], [86.9006501, 55.6415582], [86.86578189999999, 55.538476800000005], [86.8315591, 55.4370402], [86.81115249999999, 55.3781564], [86.5840207, 55.3607146], [86.5877317, 55.357311599999996], [86.58239039999998, 55.35254309999999], [86.57001479999998, 55.3508347], [86.5395818, 55.33601819999999], [86.5554542, 55.324459600000004], [86.55217429999999, 55.31038299999999], [86.5128851, 55.29190769999999], [86.5119364, 55.2897715], [86.51204479999998, 55.28676499999999], [86.4982988, 55.27460769999998], [86.5029543, 55.27235689999999], [86.52500389999999, 55.254383], [86.5273848, 55.24705879999999], [86.53560199999998, 55.220286800000004], [86.5317832, 55.1963719], [86.5242895, 55.190447299999995], [86.52574609999999, 55.18649159999999], [86.5208551, 55.177429399999994], [86.52720119999998, 55.1628063], [86.52832979999998, 55.156978599999995], [86.537955, 55.153364899999985], [86.5401979, 55.1525104], [86.51821059999999, 55.1418705], [86.4978617, 55.1350519], [86.4869102, 55.13314099999999], [86.46723029999998, 55.13151969999999], [86.4613423, 55.13002379999999], [86.4478723, 55.124897600000004], [86.4397395, 55.12366999999999], [86.4232438, 55.1196036], [86.40373049999998, 55.1063326], [86.3924454, 55.0974988], [86.3781621, 55.08960509999999], [86.37078069999998, 55.0872472], [86.3580778, 55.08449619999999], [86.3385084, 55.0825311], [86.33078359999999, 55.08233460000001], [86.327007, 55.08272759999999], [86.3240888, 55.08371019999999], [86.3208272, 55.0862648], [86.31597129999999, 55.093064700000006], [86.3134526, 55.09898090000001], [86.31151919999999, 55.098792399999994], [86.31036129999998, 55.1003293], [86.3061368, 55.0997963], [86.3037443, 55.0993728], [86.3016417, 55.09914], [86.297071, 55.097702999999996], [86.29211819999999, 55.095988000000006], [86.2849147, 55.09247980000001], [86.2489905, 55.07272420000001], [86.24691969999999, 55.0716308], [86.20874369999999, 55.088132], [86.1938475, 55.08401270000001], [86.1907787, 55.08292449999999], [86.19036199999998, 55.082657600000005], [86.1836168, 55.0855488], [86.1739072, 55.0916717], [86.1715865, 55.0930007], [86.16894789999999, 55.09478779999999], [86.1659485, 55.0930342], [86.1589087, 55.0892734], [86.1362376, 55.1020707], [86.1354518, 55.10240350000001], [86.13488110000002, 55.1021828], [86.13184, 55.0997275], [86.1249648, 55.1017835], [86.12443669999999, 55.1014185], [86.1208713, 55.09985769999999], [86.1169231, 55.0987036], [86.11561419999998, 55.098642299999995], [86.11467, 55.0983108], [86.1138439, 55.0970216], [86.11010209999999, 55.0954292], [86.1095872, 55.0953748], [86.10919169999998, 55.0955225], [86.1088127, 55.0955718], [86.1086074, 55.095708300000005], [86.10833629999999, 55.0958834], [86.10813229999998, 55.0960548], [86.1078712, 55.0963217], [86.1077473, 55.096481399999995], [86.1078649, 55.0965739], [86.10844649999999, 55.0965119], [86.1087826, 55.096610299999995], [86.1090287, 55.096797900000006], [86.1088522, 55.0971841], [86.10901539999999, 55.0974011], [86.10878609999999, 55.0977746], [86.10861079999998, 55.0979323], [86.10834519999999, 55.09810860000001], [86.1082868, 55.0983639], [86.10880399999999, 55.09847690000001], [86.10905949999999, 55.0985845], [86.1092535, 55.0987258], [86.10914839999998, 55.0994202], [86.10902659999999, 55.0996655], [86.10892689999999, 55.099949699999996], [86.10905889999998, 55.10012929999999], [86.1094961, 55.1005114], [86.10942749999998, 55.1006603], [86.10905129999999, 55.1008214], [86.1087124, 55.10099439999999], [86.10841, 55.1010278], [86.10813349999998, 55.1010516], [86.10791009999998, 55.10117509999999], [86.10780629999998, 55.101438300000005], [86.1078422, 55.1015829], [86.1082197, 55.10181330000001], [86.1085193, 55.102214499999995], [86.08915279999998, 55.0910765], [86.0636344, 55.09666980000001], [86.0605156, 55.09201899999999], [86.0557076, 55.0763253], [86.0363755, 55.066293300000005], [86.03053399999999, 55.062806099999996], [86.03042809999998, 55.06309019999999], [86.0300624, 55.0630928], [86.0289081, 55.0626642], [86.0285457, 55.0623381], [86.02749709999999, 55.062301], [86.0261896, 55.0626346], [86.0257236, 55.063064600000004], [86.0255191, 55.063812999999996], [86.0258245, 55.0639791], [86.0265491, 55.06409339999999], [86.02701009999998, 55.0640466], [86.0277665, 55.0636473], [86.02809199999999, 55.06366880000001], [86.0282657, 55.0638238], [86.0281528, 55.0647141], [86.0278389, 55.0648638], [86.02743059999999, 55.06492480000001], [86.02711469999998, 55.0648392], [86.0267528, 55.0647896], [86.0261454, 55.0650218], [86.0260177, 55.0652416], [86.02599619999998, 55.06556880000001], [86.0258401, 55.0656221], [86.0255563, 55.0656272], [86.0253587, 55.0654918], [86.02512179999998, 55.0650373], [86.02453269999998, 55.06468060000001], [86.0231993, 55.064221], [86.0224226, 55.06418399999999], [86.02194359999999, 55.06451009999999], [86.02235789999999, 55.065229200000005], [86.02099859999998, 55.0657333], [86.02130929999998, 55.06611879999999], [86.0208562, 55.0670083], [86.0195488, 55.06711210000001], [86.0189145, 55.06741599999999], [86.01928989999999, 55.0681869], [86.01922509999999, 55.0684834], [86.0198736, 55.068919199999996], [86.02029379999999, 55.0689661], [86.0210282, 55.0686319], [86.02099119999998, 55.06842249999999], [86.02097509999999, 55.06824739999999], [86.0212043, 55.0680886], [86.0215384, 55.06807839999999], [86.02181419999998, 55.0681943], [86.02256279999999, 55.0688537], [86.0243624, 55.06991750000001], [86.0262207, 55.0704748], [86.0281675, 55.07229869999999], [86.0302027, 55.0736666], [86.0336538, 55.076807599999995], [86.0352466, 55.0803029], [86.0391802, 55.083105499999995], [86.04480349999999, 55.0850134], [86.04532810000002, 55.08477469999999], [86.0491501, 55.0858872], [86.0485819, 55.0883108], [86.04832950000001, 55.08886780000001], [86.0478991, 55.08950690000001], [86.0463988, 55.0911921], [86.04553879999999, 55.0919091], [86.0453907, 55.092157199999995], [86.0453393, 55.092517699999995], [86.04489759999998, 55.0943067], [86.0447019, 55.0949251], [86.04449829999999, 55.0952683], [86.04229029999999, 55.0969198], [86.0413553, 55.097493199999995], [86.0383703, 55.0988487], [86.03547239999999, 55.10026130000001], [86.03472409999999, 55.1007017], [86.03369679999999, 55.10143909999999], [86.03338829999998, 55.1017743], [86.0296718, 55.1065329], [86.0291408, 55.1107848], [86.03027799999998, 55.113255200000005], [86.0304939, 55.1154996], [86.02953589999998, 55.119799400000005], [86.0296118, 55.1215513], [86.0293797, 55.122220299999995], [86.02885219999999, 55.1231482], [86.02860730000002, 55.12336119999999], [86.02867569999998, 55.1234869], [86.0287428, 55.123530599999995], [86.02876689999998, 55.12357360000001], [86.02874329999999, 55.1236733], [86.0288579, 55.1242212], [86.0288667, 55.12458380000001], [86.0287178, 55.12514480000001], [86.0282605, 55.1262238], [86.0275837, 55.127602199999984], [86.02745159999999, 55.128032600000004], [86.02555699999999, 55.1303595], [86.02408349999999, 55.13270649999999], [86.0217352, 55.1364063], [86.0211225, 55.1370252], [86.0173921, 55.1403258], [86.0168429, 55.1408519], [86.01599359999999, 55.14161159999999], [86.0154954, 55.142104899999985], [86.01419929999999, 55.143365300000006], [86.0135887, 55.1439592], [86.0122707, 55.14563979999999], [86.01227399999999, 55.145712700000004], [86.01232229999998, 55.14576159999999], [86.01216, 55.14593669999999], [86.0121293, 55.14593399999998], [86.0116979, 55.146621999999994], [86.0112387, 55.14759269999999], [86.0110289, 55.1482832], [86.0094442, 55.1515134], [86.0056415, 55.160040800000004], [86.00460709999999, 55.16235220000001], [86.0038247, 55.163577499999995], [86.0022902, 55.16562559999999], [86.00217149999999, 55.1657582], [86.0020468, 55.1658792], [86.001635, 55.1657368], [86.00169689999998, 55.16563070000001], [85.9996244, 55.165157900000004], [85.9992063, 55.1648297], [85.99879859999999, 55.16437009999999], [85.9985197, 55.1643119], [85.99779009999999, 55.164345600000004], [85.99732339999998, 55.1641495], [85.9968674, 55.1638614], [85.99592859999998, 55.1636102], [85.9951508, 55.1632332], [85.9945423, 55.16285359999999], [85.9944105, 55.162589700000005], [85.9943783, 55.1618481], [85.9941691, 55.161722499999996], [85.9924096, 55.16129649999999], [85.99158880000002, 55.160977800000005], [85.99108459999998, 55.1605886], [85.99066079999999, 55.1599573], [85.99022819999999, 55.1594417], [85.98621899999999, 55.157468699999995], [85.98609029999999, 55.1574442], [85.985873, 55.15727570000001], [85.9847707, 55.156921700000005], [85.9827958, 55.1564198], [85.9809619, 55.1561907], [85.97954569999999, 55.1562734], [85.97828509999998, 55.15646350000001], [85.97719289999999, 55.1567312], [85.97680989999999, 55.157005999999996], [85.97659529999999, 55.1574718], [85.9765148, 55.15885709999999], [85.97597879999998, 55.159265799999986], [85.9753078, 55.1595497], [85.97447629999999, 55.15978259999999], [85.9730387, 55.16000019999999], [85.9722018, 55.15993580000001], [85.9711924, 55.15999119999999], [85.9645951, 55.1592187], [85.95940079999998, 55.15897199999999], [85.95817389999999, 55.159375000000004], [85.95692399999999, 55.1601075], [85.95573139999999, 55.1605902], [85.95377500000001, 55.1608123], [85.9512879, 55.1616726], [85.95051349999999, 55.161783799999995], [85.9496219, 55.1618267], [85.947606, 55.1628134], [85.94467119999999, 55.1639928], [85.94352669999999, 55.1648636], [85.9430971, 55.1650215], [85.9425741, 55.16549010000001], [85.9420333, 55.165901899999994], [85.9409275, 55.1667438], [85.9370112, 55.1687457], [85.935842, 55.169513], [85.9325705, 55.17165990000001], [85.9317381, 55.17220609999999], [85.9310675, 55.17234259999999], [85.93102120000002, 55.1724897], [85.92863249999999, 55.17425550000001], [85.9232935, 55.1757863], [85.9223342, 55.18118340000001], [85.92209809999999, 55.1838971], [85.9210386, 55.187625800000006], [85.91835379999999, 55.18724759999999], [85.91343869999999, 55.1869897], [85.90962969999998, 55.1868994], [85.9056288, 55.1871125], [85.9033368, 55.1898057], [85.88655729999999, 55.1875399], [85.881093, 55.1921694], [85.87565649999999, 55.197260299999996], [85.8746646, 55.1968773], [85.8688939, 55.19515429999999], [85.86245809999998, 55.19330999999998], [85.86083689999998, 55.19320509999999], [85.85855459999999, 55.19368430000001], [85.8561841, 55.1946469], [85.85514829999998, 55.195501799999995], [85.8551262, 55.196863099999995], [85.8509689, 55.20026699999998], [85.8508292, 55.2002995], [85.85034099999999, 55.2003179], [85.850046, 55.2002995], [85.84971069999999, 55.20015409999999], [85.848848, 55.19999969999999], [85.8474469, 55.20006990000001], [85.84719229999999, 55.20015679999999], [85.8463955, 55.1996367], [85.84466809999999, 55.1988468], [85.8421683, 55.1979344], [85.841943, 55.19756700000001], [85.84104039999998, 55.1971144], [85.8378183, 55.19653269999999], [85.8357452, 55.1956823], [85.83328040000002, 55.19522059999999], [85.8326357, 55.1959596], [85.832668, 55.1974941], [85.8335839, 55.1997642], [85.8321798, 55.20040209999999], [85.82897539999999, 55.20230049999999], [85.82521249999999, 55.2034206], [85.82589409999999, 55.2045191], [85.82736799999999, 55.205560199999994], [85.8280037, 55.2069399], [85.8278753, 55.2083095], [85.8257676, 55.21348210000001], [85.82680519999998, 55.21460960000001], [85.82674039999999, 55.2154781], [85.8259517, 55.21608929999999], [85.8244083, 55.2184716], [85.8225911, 55.2204791], [85.8168762, 55.22571969999999], [85.8164037, 55.22580549999999], [85.8146092, 55.2254488], [85.8109029, 55.225255499999996], [85.8109025, 55.225425699999995], [85.81240139999998, 55.2268755], [85.8127984, 55.22779969999999], [85.812371, 55.2317214], [85.81204559999999, 55.23360419999999], [85.81020369999999, 55.2342972], [85.8057037, 55.23565119999999], [85.8053839, 55.235466599999995], [85.8044242, 55.2352789], [85.79948949999999, 55.235224], [85.7983451, 55.235472399999985], [85.79811209999998, 55.23583039999999], [85.7981176, 55.23604439999998], [85.7986692, 55.2366678], [85.79873629999999, 55.237156199999994], [85.7978095, 55.2385667], [85.7977171, 55.2389545], [85.79776779999999, 55.2397744], [85.79740319999999, 55.2403865], [85.79714159999999, 55.24154740000001], [85.7961221, 55.2426176], [85.79630439999998, 55.243103999999995], [85.79766399999998, 55.24430439999998], [85.7979094, 55.24488809999999], [85.7977616, 55.2454301], [85.79060149999998, 55.24800339999999], [85.79040349999998, 55.2482517], [85.7900049, 55.2481807], [85.78802790000002, 55.248634], [85.78720639999999, 55.2488373], [85.78196729999999, 55.25079780000001], [85.7813991, 55.2510104], [85.7653216, 55.25439409999999], [85.7695303, 55.257237299999986], [85.7728719, 55.261345199999994], [85.7694444, 55.2644853], [85.7684888, 55.2644483], [85.76825599999998, 55.2643929], [85.76792750000001, 55.2641881], [85.7677396, 55.2641326], [85.7669279, 55.2641402], [85.76660849999999, 55.264055799999994], [85.765999, 55.2640353], [85.7658043, 55.2639915], [85.76558859999999, 55.26386409999999], [85.76524139999998, 55.2637336], [85.76407099999999, 55.2629865], [85.7636701, 55.26277329999999], [85.76334159999999, 55.2626668], [85.7633181, 55.2626231], [85.76296149999999, 55.2623621], [85.7625817, 55.262193], [85.76235660000002, 55.26238419999999], [85.7621124, 55.26242739999999], [85.76139819999999, 55.2624588], [85.7603019, 55.262817199999986], [85.75969959999999, 55.26294540000001], [85.75915489999998, 55.26293729999998], [85.75857259999998, 55.26303409999999], [85.75833800000001, 55.26332899999999], [85.757882, 55.2633655], [85.75773949999999, 55.2636056], [85.7576613, 55.26406399999999], [85.7571924, 55.264363], [85.7563321, 55.2646932], [85.75582000000001, 55.26470539999999], [85.75558039999999, 55.264735400000006], [85.75538809999999, 55.26481239999999], [85.7551149, 55.2648476], [85.754794, 55.2648086], [85.75472299999998, 55.264817], [85.7546582, 55.2648535], [85.7544638, 55.26502510000001], [85.7541315, 55.26516920000001], [85.7538806, 55.265184], [85.75337919999998, 55.2651547], [85.7530914, 55.2651686], [85.7527467, 55.2652569], [85.75213460000002, 55.265331999999994], [85.75167729999998, 55.26541069999999], [85.75092629999999, 55.265511999999994], [85.7503805, 55.26562079999999], [85.7496026, 55.2658035], [85.74942059999998, 55.2658232], [85.75009809999999, 55.26682849999999]], [[86.28355329999998, 55.5914957], [86.28734899999999, 55.591707899999996], [86.29406489999998, 55.593937700000005], [86.2938562, 55.595567100000004], [86.2964363, 55.5961673], [86.29973659999999, 55.5980309], [86.3150254, 55.61091559999999], [86.31947179999999, 55.6138715], [86.3218006, 55.6145934], [86.32320649999998, 55.6158193], [86.3314214, 55.615954699999996], [86.33552789999999, 55.6173164], [86.3364902, 55.618975], [86.3413772, 55.62172039999999], [86.3451636, 55.6252729], [86.357763, 55.630730299999996], [86.35844129999998, 55.6314462], [86.3584219, 55.631765900000005], [86.3586334, 55.632304999999995], [86.35918079999999, 55.632854], [86.3592435, 55.633572], [86.3591296, 55.6342295], [86.35951359999999, 55.6348973], [86.3601551, 55.63548019999999], [86.36097239999998, 55.6357796], [86.3627, 55.6360591], [86.36350419999998, 55.63641239999999], [86.3630402, 55.6370119], [86.36248509999999, 55.6372838], [86.3608062, 55.63711449999999], [86.358799, 55.6370688], [86.35769879999998, 55.63688810000001], [86.3562207, 55.6367933], [86.3538153, 55.63704160000001], [86.3520266, 55.6380172], [86.3506453, 55.6385891], [86.34958300000001, 55.639232099999994], [86.34964629999999, 55.639753699999986], [86.35015659999999, 55.64008789999999], [86.35110399999999, 55.640161], [86.35348229999998, 55.63949980000001], [86.35401439999998, 55.6395465], [86.35416779999998, 55.6396918], [86.3543563, 55.6401682], [86.3540898, 55.6403393], [86.3535149, 55.64070849999999], [86.3520144, 55.6409271], [86.3513582, 55.64112730000001], [86.35054099999999, 55.6415551], [86.3507201, 55.64225239999999], [86.35144360000001, 55.64294400000001], [86.35136029999998, 55.64327319999999], [86.3508464, 55.6434841], [86.3503252, 55.6434284], [86.35003959999999, 55.64300020000001], [86.3495671, 55.6426853], [86.3484032, 55.642759100000006], [86.34814160000002, 55.6427779], [86.3479268, 55.643262899999996], [86.34755970000002, 55.64343969999999], [86.3469576, 55.6436687], [86.34636479999999, 55.643711200000006], [86.34602879999998, 55.6435206], [86.3461734, 55.6431378], [86.34554129999998, 55.6430322], [86.3449365, 55.64302039999999], [86.34416659999998, 55.643535699999994], [86.34409490000002, 55.64404600000001], [86.34423, 55.6445699], [86.3434485, 55.64491430000001], [86.34263629999998, 55.6448863], [86.34173189999998, 55.6443625], [86.3410029, 55.64421949999999], [86.33972529999998, 55.6443074], [86.3382718, 55.644174299999996], [86.3378172, 55.64428100000001], [86.3374115, 55.6449051], [86.33583569999999, 55.64785119999999], [86.3337342, 55.65075329999999], [86.3335117, 55.6512654], [86.33304469999999, 55.651724699999995], [86.3323437, 55.65202339999999], [86.33156749999999, 55.6521323], [86.33025009999999, 55.65149600000001], [86.3296279, 55.65147339999999], [86.329166, 55.652439199999996], [86.3288841, 55.6529265], [86.3276629, 55.6540214], [86.32577859999999, 55.656329799999995], [86.32417050000001, 55.65932709999999], [86.3232546, 55.66141079999999], [86.3230367, 55.662936], [86.32369929999999, 55.66461910000001], [86.323952, 55.66536709999998], [86.32397369999998, 55.6667382], [86.32573039999998, 55.66663810000001], [86.3284128, 55.6654319], [86.32982999999999, 55.6649728], [86.33093549999998, 55.66396279999999], [86.33164159999998, 55.6640686], [86.33137809999998, 55.6644921], [86.33104879999999, 55.664455], [86.3309566, 55.6648488], [86.3311805, 55.665138600000006], [86.33352549999998, 55.66364500000001], [86.3339359, 55.66348509999999], [86.3347243, 55.663860500000006], [86.33515909999998, 55.66363019999999], [86.33797100000001, 55.665882], [86.3356147, 55.668272], [86.3310246, 55.66747260000001], [86.33122149999998, 55.666990299999995], [86.33022369999999, 55.66705919999999], [86.329097, 55.6668946], [86.32834349999999, 55.666684], [86.3260264, 55.6673183], [86.3256201, 55.6679052], [86.32520099999999, 55.668144099999985], [86.3262008, 55.668734099999995], [86.3260812, 55.66967280000001], [86.32525559999999, 55.67079300000001], [86.32434450000001, 55.6718222], [86.32342519999999, 55.6726499], [86.32284529999998, 55.6729185], [86.3218937, 55.673230000000004], [86.3212298, 55.673317], [86.32020069999999, 55.67320730000001], [86.3193407, 55.672873900000006], [86.31862859999998, 55.6724268], [86.31748639999999, 55.671915399999996], [86.31675799999998, 55.6718244], [86.3155919, 55.6717903], [86.3144412, 55.671870299999995], [86.31279029999999, 55.67256879999999], [86.31138749999998, 55.6731417], [86.3102868, 55.6750259], [86.30906, 55.6768659], [86.30841149999999, 55.67836109999999], [86.30752579999998, 55.6813026], [86.3070137, 55.6820425], [86.305593, 55.6824116], [86.30364819999998, 55.681602299999994], [86.3027256, 55.681523899999995], [86.30248269999998, 55.6820882], [86.30297509999998, 55.682588900000006], [86.30277159999999, 55.6832644], [86.30107759999999, 55.684052300000005], [86.3014315, 55.6845084], [86.30380699999999, 55.6846167], [86.30515799999999, 55.6849596], [86.30563899999999, 55.68557590000001], [86.3066211, 55.68579100000001], [86.3067983, 55.68648979999999], [86.3060748, 55.68722739999999], [86.3043751, 55.687704], [86.3036213, 55.6880835], [86.3025018, 55.6890265], [86.3009506, 55.69078429999999], [86.29785909999998, 55.69295639999999], [86.2975007, 55.6939546], [86.2981631, 55.69472509999999], [86.3000034, 55.6947489], [86.3039419, 55.6952502], [86.3064901, 55.694946300000005], [86.3078375, 55.6949768], [86.307633, 55.6955651], [86.30677529999998, 55.6961397], [86.30577520000001, 55.696338999999995], [86.30518539999998, 55.696703599999985], [86.3044187, 55.6976093], [86.3045636, 55.6987819], [86.30496749999999, 55.6993889], [86.30474259999998, 55.70001009999999], [86.3036528, 55.70100179999999], [86.3036528, 55.70178059999999], [86.3045905, 55.7022109], [86.3054931, 55.70244889999999], [86.30550849999999, 55.70326029999999], [86.30334879999998, 55.70464199999999], [86.3032949, 55.70545979999999], [86.30468869999999, 55.706013], [86.30744139999999, 55.70605439999999], [86.3078753, 55.706625599999995], [86.3076599, 55.7072476], [86.3067523, 55.707847799999996], [86.30530129999998, 55.7085932], [86.3043542, 55.7090849], [86.305567, 55.70981889999999], [86.316404, 55.7166766], [86.3203003, 55.719187], [86.3209384, 55.71882], [86.3216443, 55.7192558], [86.32095189999998, 55.719554], [86.3302386, 55.7253423], [86.33470419999999, 55.728254299999996], [86.3354953, 55.7287547], [86.33653669999998, 55.7294135], [86.33748309999999, 55.7325723], [86.33689829999999, 55.733227899999996], [86.32913769999999, 55.739222], [86.3217728, 55.7448164], [86.3131695, 55.7453116], [86.305436, 55.746288], [86.3013865, 55.745557299999994], [86.2939477, 55.745894], [86.2774981, 55.7472911], [86.2761337, 55.74724439999999], [86.2737449, 55.7445323], [86.27159179999998, 55.74453679999999], [86.2715133, 55.744254299999994], [86.27115259999998, 55.7436187], [86.27050049999998, 55.74378399999999], [86.27034089999998, 55.743431199999996], [86.2708076, 55.74312429999999], [86.2713957, 55.74123049999999], [86.2708867, 55.7410104], [86.270915, 55.7408125], [86.2711898, 55.7406738], [86.2712216, 55.73982199999999], [86.27168269999999, 55.739729800000006], [86.2721514, 55.739823099999995], [86.27272949999998, 55.73980519999999], [86.27335489999999, 55.7389122], [86.27319779999999, 55.738540199999996], [86.27213119999999, 55.7383173], [86.2715801, 55.73796230000001], [86.2718282, 55.7375121], [86.27173929999998, 55.73712090000001], [86.2718282, 55.736711400000004], [86.2733635, 55.7370299], [86.27430889999998, 55.73746659999999], [86.275715, 55.7354148], [86.2746571, 55.733220399999986], [86.27377869999998, 55.73152029999999], [86.2756023, 55.728709900000005], [86.27482579999999, 55.727045600000004], [86.26849870000001, 55.7251016], [86.2651255, 55.72449240000001], [86.26548669999998, 55.7210463], [86.2557218, 55.71905950000001], [86.23982609999999, 55.7114503], [86.231166, 55.7051875], [86.22824869999998, 55.70367310000001], [86.22559829999999, 55.7033396], [86.2262691, 55.700599199999985], [86.2291027, 55.7003637], [86.2296224, 55.69901029999999], [86.2337447, 55.6967212], [86.2338244, 55.6954035], [86.2293824, 55.69604850000001], [86.2276531, 55.6962028], [86.2271527, 55.6953232], [86.2266665, 55.69446869999999], [86.22578779999999, 55.69271380000001], [86.22606400000001, 55.691871899999995], [86.22686759999999, 55.6915017], [86.22878549999999, 55.69115399999999], [86.2294938, 55.6909182], [86.22973229999998, 55.6907154], [86.2299323, 55.690545400000005], [86.2303816, 55.6897289], [86.2306096, 55.68946429999999], [86.23098110000001, 55.689199599999995], [86.2332785, 55.68864030000001], [86.2345953, 55.688234699999995], [86.2317467, 55.6778804], [86.2285656, 55.676665400000005], [86.22603939999999, 55.675941], [86.2237361, 55.6755386], [86.22283679999998, 55.6740549], [86.2242888, 55.67355789999999], [86.22819929999999, 55.67304059999999], [86.2303829, 55.673453599999995], [86.229365, 55.66992259999999], [86.22543479999999, 55.668288399999994], [86.2213372, 55.667555099999994], [86.21920349999999, 55.6665519], [86.21979849999998, 55.6659974], [86.21876889999999, 55.66550380000001], [86.21738759999998, 55.66535120000001], [86.217885, 55.66201079999999], [86.21707219999999, 55.6618091], [86.2132048, 55.66131699999998], [86.212299, 55.6613073], [86.2117183, 55.6614709], [86.21111529999999, 55.66211599999999], [86.2088485, 55.66532459999999], [86.20857469999999, 55.66583529999999], [86.2086604, 55.66622949999999], [86.20886729999998, 55.666573299999996], [86.20887589999998, 55.66677649999999], [86.2087729, 55.6670475], [86.2091643, 55.66863819999999], [86.2091306, 55.6691341], [86.20892739999998, 55.6694429], [86.20863619999999, 55.6696874], [86.20644999999999, 55.67100620000001], [86.2058087, 55.6712192], [86.20516919999999, 55.6712817], [86.2046373, 55.6712429], [86.2038908, 55.6710542], [86.2034588, 55.6708977], [86.2023034, 55.6710833], [86.20181730000002, 55.6712933], [86.20170279999999, 55.6714994], [86.20143679999998, 55.6717123], [86.2008019, 55.67185260000001], [86.20081679999998, 55.67241229999999], [86.1883349, 55.67586849999999], [86.1899664, 55.67858319999999], [86.179923, 55.687518999999995], [86.17806529999999, 55.68873380000001], [86.17730389999998, 55.6890287], [86.1744255, 55.69042929999999], [86.17194599999999, 55.6873745], [86.1748091, 55.6804256], [86.17503979999998, 55.6800834], [86.1753284, 55.6797423], [86.17586019999999, 55.6792295], [86.1765313, 55.67887329999999], [86.19993420000002, 55.6723706], [86.20044349999999, 55.672196799999995], [86.20042579999999, 55.67154860000001], [86.20114749999999, 55.6712955], [86.2020553, 55.67088460000001], [86.2032816, 55.6706511], [86.2037749, 55.67071369999999], [86.2047587, 55.6709982], [86.20535929999998, 55.67100020000001], [86.20578369999998, 55.67094029999999], [86.20733519999999, 55.67012059999999], [86.20820629999999, 55.66958410000001], [86.208613, 55.66920009999999], [86.2087147, 55.6688496], [86.2084067, 55.6673817], [86.20827359999998, 55.667384599999984], [86.20814890000001, 55.66671099999999], [86.20822439999999, 55.6658941], [86.20850199999998, 55.6651874], [86.21099339999999, 55.66170329999999], [86.21136269999998, 55.661336000000006], [86.21198009999999, 55.6611208], [86.21337639999999, 55.661061399999994], [86.2172776, 55.6615804], [86.2181708, 55.661803], [86.23511369999999, 55.65837799999999], [86.239375, 55.6608275], [86.24112969999999, 55.66142539999999], [86.24091229999999, 55.659186999999996], [86.2407326, 55.6522155], [86.237468, 55.6484531], [86.2395136, 55.6484326], [86.2396041, 55.64812619999999], [86.2352958, 55.64819769999999], [86.23622250000001, 55.6469512], [86.2320432, 55.6420725], [86.2327588, 55.64125200000001], [86.23510499999999, 55.64097819999999], [86.24160189999999, 55.6366824], [86.22767089999999, 55.63334710000001], [86.2263304, 55.632802], [86.2260512, 55.63303], [86.22361699999999, 55.6317392], [86.2213496, 55.63041129999999], [86.2217004, 55.6302196], [86.21955059999999, 55.6287915], [86.2188882, 55.62795440000001], [86.21822639999999, 55.6259908], [86.2176291, 55.6260183], [86.21712159999998, 55.623305800000004], [86.21794279999999, 55.6232761], [86.21787869999999, 55.6222905], [86.2183997, 55.6213237], [86.21907739999999, 55.6204557], [86.2183815, 55.6202537], [86.219765, 55.618709], [86.2201567, 55.61803299999999], [86.2202774, 55.6173362], [86.2202335, 55.6171116], [86.2128176, 55.61682159999999], [86.207448, 55.61074210000001], [86.2036989, 55.6108852], [86.2033951, 55.60895610000001], [86.20333630000002, 55.608307499999995], [86.2046242, 55.608256600000004], [86.2045895, 55.60671730000001], [86.1967243, 55.607029499999996], [86.18534899999999, 55.6110485], [86.1849013, 55.61145729999999], [86.1837617, 55.6160652], [86.1805539, 55.6112647], [86.17729869999998, 55.6056665], [86.17408289999999, 55.603452499999996], [86.1743794, 55.60327449999999], [86.17516649999999, 55.6032429], [86.1758158, 55.6033652], [86.1758242, 55.6031305], [86.1752558, 55.6030054], [86.1733729, 55.603069099999985], [86.17268419999999, 55.6031936], [86.17169229999999, 55.603033700000005], [86.17076939999998, 55.6030431], [86.17076569999999, 55.6025626], [86.172869, 55.60257310000001], [86.1706101, 55.60080440000001], [86.16952399999998, 55.5980083], [86.16930560000002, 55.596377000000004], [86.1684527, 55.5961465], [86.16985859999998, 55.594088600000006], [86.16822519999998, 55.59205120000001], [86.16220560000001, 55.58498199999999], [86.1700607, 55.57765959999999], [86.16993429999998, 55.5715758], [86.16649409999998, 55.5679415], [86.16578989999998, 55.56761670000001], [86.16515459999998, 55.5669079], [86.1648687, 55.5654948], [86.1649036, 55.56482280000001], [86.16526189999999, 55.5637804], [86.1657056, 55.5631929], [86.16599679999999, 55.5630402], [86.166383, 55.5630251], [86.16649599999998, 55.5621172], [86.1713827, 55.5557347], [86.1724985, 55.553379199999995], [86.17291689999999, 55.55202379999999], [86.1731636, 55.55091319999999], [86.17374299999999, 55.550636999999995], [86.17480289999999, 55.55035879999999], [86.1749412, 55.5503667], [86.1750071, 55.5500789], [86.17491189999998, 55.549714499999986], [86.17781459999999, 55.550427699999986], [86.17796609999999, 55.5504497], [86.1780037, 55.5503647], [86.17870639999998, 55.55046629999999], [86.17938099999999, 55.5503609], [86.1796734, 55.550549000000004], [86.1801652, 55.55057359999999], [86.18186469999999, 55.5509337], [86.1823475, 55.5508343], [86.18329439999998, 55.5510201], [86.18328899999999, 55.5512022], [86.1837745, 55.551292499999995], [86.1860972, 55.55160879999998], [86.18671419999998, 55.55164449999999], [86.18851119999998, 55.5518326], [86.189509, 55.5520147], [86.19327199999998, 55.5525619], [86.1949021, 55.5525834], [86.19493249999998, 55.5511559], [86.1946245, 55.5504224], [86.19529189999999, 55.550524799999984], [86.19703529999998, 55.55058239999999], [86.19831739999998, 55.55034650000001], [86.19835089999998, 55.5503154], [86.19872239999998, 55.550274], [86.1989263, 55.5504003], [86.19945729999999, 55.55028200000001], [86.2000095, 55.5501989], [86.20020029999999, 55.551498800000005], [86.20024539999999, 55.552280700000004], [86.2019947, 55.55202229999998], [86.2022629, 55.5517886], [86.20268939999998, 55.5517416], [86.2028423, 55.5519009], [86.2045769, 55.551677], [86.2054118, 55.5516035], [86.20628399999998, 55.551569], [86.20727059999999, 55.551601999999995], [86.20865459999999, 55.55175369999999], [86.20952369999999, 55.5518992], [86.21754799999998, 55.5539908], [86.2254544, 55.55652069999999], [86.22911229999998, 55.55309019999999], [86.24194559999998, 55.56487429999999], [86.24469160000001, 55.56515559999999], [86.2453682, 55.5657511], [86.2454384, 55.5664952], [86.24498219999998, 55.56717979999999], [86.2450684, 55.5676316], [86.2559298, 55.5772466], [86.25619079999998, 55.5776041], [86.25639379999998, 55.5780889], [86.26830479999998, 55.583210699999995], [86.2697647, 55.58383839999998], [86.27234259999999, 55.58500699999998], [86.27403829999999, 55.588040199999995], [86.28355329999998, 55.5914957]], [[86.20568279999999, 55.4892491], [86.2047252, 55.48954160000001], [86.2041215, 55.4896858], [86.2034524, 55.4898945], [86.2026633, 55.490131999999996], [86.2021477, 55.49029999999998], [86.20179899999998, 55.49056259999999], [86.2016994, 55.490784399999995], [86.201502, 55.49097640000001], [86.20142239999998, 55.4911319], [86.201328, 55.49123209999998], [86.2011426, 55.49131289999999], [86.2011437, 55.49153849999998], [86.201072, 55.4915787], [86.20097380000001, 55.4915736], [86.2008896, 55.4915832], [86.20083959999998, 55.49161720000001], [86.2008599, 55.4917297], [86.20094999999999, 55.49176409999999], [86.20105519999998, 55.491781100000004], [86.2010613, 55.491854399999994], [86.2008643, 55.4919242], [86.2006426, 55.49213000000001], [86.20060530000002, 55.4922002], [86.200661, 55.4922381], [86.2008212, 55.49228], [86.2011167, 55.49264279999999], [86.2009997, 55.4927998], [86.20087239999998, 55.4928576], [86.20084669999999, 55.4929705], [86.20093369999998, 55.493368999999994], [86.20095039999998, 55.4934786], [86.2008968, 55.493954599999995], [86.20070729999999, 55.4940433], [86.2006054, 55.49410629999999], [86.20064959999999, 55.494495], [86.2006804, 55.4945493], [86.20075769999998, 55.4945722], [86.20094219999999, 55.49453619999999], [86.20105029999999, 55.494608299999996], [86.20102099999998, 55.4946708], [86.2008756, 55.494691499999995], [86.2007959, 55.49481730000001], [86.20082129999999, 55.4948677], [86.20094859999999, 55.4948965], [86.200967, 55.4949685], [86.2008786, 55.495015499999994], [86.20064069999998, 55.495032200000004], [86.2005597, 55.4950598], [86.2005446, 55.495107700000005], [86.20062419999998, 55.495174000000006], [86.2006831, 55.4952816], [86.20062409999998, 55.4953698], [86.2004622, 55.4954015], [86.20001259999998, 55.495381900000005], [86.1999378, 55.495432199999996], [86.1999626, 55.49555599999999], [86.2000008, 55.4956569], [86.1999549, 55.495796199999994], [86.20007689999998, 55.4958575], [86.20025049999998, 55.495897], [86.20027269999999, 55.4959532], [86.2001725, 55.49601719999999], [86.19998339999998, 55.4960539], [86.1999831, 55.4961781], [86.20005799999998, 55.496273], [86.20035199999998, 55.49653], [86.2000326, 55.49656849999999], [86.19991170000002, 55.4965649], [86.19974, 55.49674869999998], [86.1998545, 55.4969144], [86.1998799, 55.4970513], [86.19983539999998, 55.49726749999999], [86.19996899999998, 55.49733959999998], [86.20019159999998, 55.49736479999999], [86.2003824, 55.497591799999995], [86.2007005, 55.4974729], [86.2009104, 55.4975162], [86.20094859999999, 55.4976927], [86.2008142, 55.4979279], [86.2009964, 55.498177899999995], [86.20097159999999, 55.4982917], [86.2009352, 55.4986363], [86.20079039999999, 55.499020699999996], [86.20059539999998, 55.49967909999999], [86.20079039999999, 55.4998548], [86.201477, 55.50007349999999], [86.20158399999998, 55.5004073], [86.20135899999998, 55.5007238], [86.2014019, 55.50116739999999], [86.2010479, 55.5019026], [86.201151, 55.502376899999994], [86.20061869999999, 55.5030572], [86.2014931, 55.50379240000001], [86.20155749999999, 55.5041813], [86.20145019999998, 55.5043939], [86.20161919999998, 55.504682599999995], [86.2020054, 55.504770699999995], [86.2022039, 55.5047714], [86.2025338, 55.505156500000005], [86.20269479999999, 55.5052355], [86.20301389999999, 55.50531839999999], [86.2030381, 55.5055742], [86.2028503, 55.5058461], [86.2029308, 55.5059616], [86.2032473, 55.505981299999995], [86.2033546, 55.50604359999999], [86.2033626, 55.5061271], [86.20329409999998, 55.5061986], [86.2028745, 55.506207599999996], [86.2026887, 55.5062494], [86.2025338, 55.5062684], [86.2024373, 55.506362599999996], [86.2025285, 55.50655090000001], [86.202507, 55.50667249999999], [86.2022388, 55.50673629999999], [86.20208829999999, 55.50686039999999], [86.20194909999998, 55.5077539], [86.20210929999999, 55.50817889999999], [86.20228169999999, 55.5085134], [86.2020725, 55.50864099999999], [86.2018955, 55.5088475], [86.20204569999999, 55.5091787], [86.20193300000001, 55.5095462], [86.20205099999998, 55.510004900000006], [86.20227279999999, 55.510299499999995], [86.20342429999998, 55.5110256], [86.2038428, 55.51152069999999], [86.20408419999998, 55.5118336], [86.2038642, 55.51198239999999], [86.20357989999998, 55.51204310000001], [86.20370329999999, 55.5121707], [86.20384679999998, 55.512257299999995], [86.20393679999998, 55.5123899], [86.20026739999999, 55.5124532], [86.1954924, 55.5124569], [86.1952222, 55.5074046], [86.1943262, 55.507006600000004], [86.19403119999998, 55.5067879], [86.19395609999998, 55.5065995], [86.1939239, 55.5063748], [86.19387409999999, 55.5063675], [86.1931599, 55.5062586], [86.19289399999998, 55.50549370000001], [86.1905781, 55.5042682], [86.18886939999999, 55.50473079999999], [86.1877958, 55.50495479999999], [86.1879208, 55.5051003], [86.1880613, 55.50517979999999], [86.1883362, 55.5052336], [86.18823039999998, 55.50531729999999], [86.18820589999999, 55.5053776], [86.18823449999998, 55.5054664], [86.1881963, 55.50552280000001], [86.18805579999999, 55.5055846], [86.1879721, 55.50555980000001], [86.18777099999998, 55.50559779999999], [86.1876342, 55.5058188], [86.18755769999999, 55.5058636], [86.1874424, 55.50589469999999], [86.1872852, 55.5059125], [86.1871715, 55.505901599999994], [86.1870575, 55.505820299999996], [86.18695289999998, 55.50577929999999], [86.186778, 55.505762299999994], [86.1860128, 55.505919000000006], [86.18586929999998, 55.5059942], [86.1854669, 55.50623949999999], [86.18524029999999, 55.5063451], [86.1850231, 55.50652929999999], [86.1847033, 55.5066267], [86.1845724, 55.506747600000004], [86.18443159999998, 55.506812199999985], [86.1842386, 55.50679490000001], [86.18382269999998, 55.50693830000001], [86.1835986, 55.506978], [86.1828196, 55.5069352], [86.18256219999999, 55.506953], [86.18236359999999, 55.50699599999999], [86.182082, 55.50707729999999], [86.18198779999999, 55.5070763], [86.1815919, 55.50697009999999], [86.18102379999999, 55.5070241], [86.1804432, 55.5068646], [86.1792548, 55.5068194], [86.1780788, 55.50692229999999], [86.1772245, 55.5070522], [86.176197, 55.50708529999999], [86.17631589999999, 55.5073212], [86.1731315, 55.5073438], [86.173115, 55.5073678], [86.173106, 55.507396400000005], [86.1731097, 55.5074183], [86.17313219999998, 55.5074306], [86.1732166, 55.50745449999999], [86.17283879999998, 55.507526099999986], [86.17280319999999, 55.5075022], [86.17277069999999, 55.5074934], [86.1727579, 55.507483], [86.17274919999998, 55.50730649999999], [86.1725125, 55.5072933], [86.17220679999998, 55.50725349999999], [86.17202569999999, 55.50722040000001], [86.1718789, 55.507181], [86.1714992, 55.50711629999999], [86.17128329999998, 55.5071204], [86.1701441, 55.5069284], [86.1696795, 55.5067499], [86.16897399999999, 55.50656920000001], [86.1687353, 55.5064492], [86.1684502, 55.506248], [86.16820159999999, 55.5060618], [86.16823579999999, 55.505972], [86.1669873, 55.50570419999998], [86.1660816, 55.50678859999999], [86.16406449999998, 55.50849799999999], [86.16132599999999, 55.5102867], [86.161237, 55.512255399999994], [86.1629465, 55.514501], [86.1665653, 55.5216422], [86.1658223, 55.523000499999995], [86.1672145, 55.52444330000001], [86.16801109999999, 55.5254414], [86.1695653, 55.5255898], [86.16869349999999, 55.527830999999985], [86.16923089999999, 55.5286563], [86.1681992, 55.528805500000004], [86.16659999999999, 55.52618979999999], [86.1658006, 55.526315000000004], [86.1658862, 55.528191], [86.16576769999999, 55.52899279999999], [86.1644036, 55.53282329999999], [86.1624647, 55.5377797], [86.161885, 55.5397338], [86.16201479999998, 55.540791699999986], [86.16257989999998, 55.5418157], [86.1638616, 55.5428426], [86.1635601, 55.5430276], [86.1631287, 55.5431498], [86.1595208, 55.5449212], [86.1587065, 55.5437617], [86.15793689999998, 55.5428625], [86.1573878, 55.541370199999996], [86.1587689, 55.5387252], [86.1584489, 55.5377515], [86.15433879999999, 55.53471030000001], [86.1522515, 55.5329742], [86.15228309999999, 55.5315268], [86.15567489999998, 55.5307485], [86.1570674, 55.5303025], [86.1576605, 55.5302055], [86.15925109999999, 55.5299171], [86.1595219, 55.529799499999996], [86.15965829999999, 55.52984409999999], [86.15986059999999, 55.529465399999985], [86.1595722, 55.5294029], [86.1577785, 55.529911], [86.15749009999999, 55.5297797], [86.15854089999999, 55.52848949999999], [86.1586668, 55.52779490000001], [86.1586314, 55.527034199999996], [86.1586968, 55.5266244], [86.1590533, 55.5261301], [86.1598277, 55.525598800000004], [86.16113389999998, 55.525215], [86.1624009, 55.5251239], [86.16367289999998, 55.525278699999994], [86.1637014, 55.52509559999999], [86.16367859999998, 55.5248922], [86.16134809999998, 55.52463960000001], [86.1604315, 55.5249138], [86.15906659999999, 55.525538399999995], [86.1584678, 55.52591290000001], [86.15756519999998, 55.52681909999999], [86.15619199999999, 55.52785009999999], [86.15191719999999, 55.5277597], [86.1500057, 55.527520599999995], [86.14891669999999, 55.5272543], [86.1481494, 55.526356299999996], [86.1470661, 55.525261], [86.1468809, 55.524580199999996], [86.1462443, 55.52337459999998], [86.14622109999999, 55.5214975], [86.14519649999998, 55.5207339], [86.1399685, 55.519532], [86.1387015, 55.520385999999995], [86.1415471, 55.52184359999999], [86.142145, 55.522911499999985], [86.1429571, 55.5240127], [86.139764, 55.5231155], [86.1363533, 55.52168569999999], [86.1364227, 55.52057409999998], [86.1355515, 55.52026020000001], [86.13318829999999, 55.520481600000004], [86.1272217, 55.518139299999994], [86.1246223, 55.5165658], [86.121904, 55.5159784], [86.1217432, 55.5154171], [86.1273061, 55.515435800000006], [86.130308, 55.515596800000004], [86.1302573, 55.514351100000006], [86.1268742, 55.51407929999999], [86.12387859999998, 55.5136557], [86.1240785, 55.51268160000001], [86.12023599999999, 55.512845199999994], [86.11681019999999, 55.5129918], [86.1135072, 55.514630600000004], [86.1147557, 55.5151057], [86.1168333, 55.51554000000001], [86.11674069999998, 55.515732], [86.1178145, 55.5166288], [86.1213184, 55.51849059999999], [86.12095179999999, 55.5210726], [86.12084629999998, 55.5223786], [86.1215602, 55.5233447], [86.12230359999998, 55.52359309999999], [86.1233664, 55.523815], [86.1240501, 55.528480099999996], [86.1231856, 55.528739400000006], [86.12335309999999, 55.5289927], [86.1242356, 55.5287787], [86.13456909999998, 55.5257328], [86.13938919999998, 55.527207999999995], [86.1410284, 55.5278269], [86.14136349999998, 55.52847190000001], [86.13955789999999, 55.5301535], [86.1391102, 55.5304279], [86.1378966, 55.53088329999999], [86.13623499999999, 55.531417700000006], [86.1346485, 55.5318515], [86.1315538, 55.53232359999999], [86.13067650000002, 55.53254299999999], [86.1300103, 55.5328515], [86.1297226, 55.53310569999999], [86.1286268, 55.533905299999994], [86.1278395, 55.5341716], [86.1264136, 55.53418080000001], [86.1230334, 55.5337469], [86.12084779999999, 55.53351180000001], [86.11521469999998, 55.5333417], [86.1124331, 55.5337857], [86.1116632, 55.5338708], [86.11012059999999, 55.533985400000006], [86.10812689999999, 55.5340394], [86.1076346, 55.5343283], [86.1074965, 55.53468529999999], [86.1052823, 55.5347572], [86.1033104, 55.534901999999995], [86.10104879999999, 55.535154199999994], [86.09977969999998, 55.5350307], [86.09870339999999, 55.534706], [86.098051, 55.5344222], [86.0976579, 55.53403209999999], [86.0979218, 55.5338123], [86.0967355, 55.533177099999996], [86.0956133, 55.532049400000005], [86.09474069999999, 55.5314553], [86.0942253, 55.5306633], [86.09387689999998, 55.52994209999999], [86.09315559999999, 55.52937090000001], [86.0922655, 55.52902480000001], [86.0922874, 55.52879380000001], [86.092161, 55.5286538], [86.0917641, 55.5285015], [86.091242, 55.5279195], [86.09106429999999, 55.5274936], [86.0906888, 55.52725959999999], [86.09058599999999, 55.527086999999995], [86.09057609999999, 55.526805800000005], [86.0900468, 55.52563529999999], [86.08934759999998, 55.52453130000001], [86.08823709999999, 55.52364039999999], [86.0879822, 55.5229295], [86.0871566, 55.52225550000001], [86.0852842, 55.521853099999994], [86.0836863, 55.5209594], [86.08320879999998, 55.5201404], [86.08312629999999, 55.5198012], [86.0828708, 55.5197525], [86.0822975, 55.519806599999995], [86.08335600000001, 55.5220953], [86.0836842, 55.5224943], [86.0841693, 55.522649], [86.0841599, 55.523404500000005], [86.08499869999999, 55.52449669999999], [86.08504869999999, 55.52460800000001], [86.0850115, 55.5246975], [86.0851866, 55.5249224], [86.08573949999999, 55.52492219999999], [86.0857456, 55.5249346], [86.08592979999999, 55.5249159], [86.08610459999998, 55.524989999999995], [86.0863556, 55.52520129999999], [86.0870501, 55.5259772], [86.086301, 55.52625809999999], [86.08634719999999, 55.52704979999999], [86.0868023, 55.527574699999995], [86.0867212, 55.5279761], [86.0870466, 55.52834639999999], [86.08549019999998, 55.52836349999999], [86.0840255, 55.5284903], [86.08287869999998, 55.5284809], [86.0814786, 55.5283308], [86.08033890000002, 55.5280767], [86.07790139999999, 55.52721149999999], [86.0756877, 55.526266], [86.07466439999999, 55.5259559], [86.0738641, 55.5257969], [86.0730157, 55.5257299], [86.0714837, 55.5259022], [86.07082399999999, 55.526034900000006], [86.0704235, 55.52618759999999], [86.0708929, 55.5257162], [86.07137879999999, 55.5249839], [86.0715924, 55.5242765], [86.071869, 55.522033], [86.07270469999999, 55.5220863], [86.0727682, 55.519878399999996], [86.0731096, 55.518815599999996], [86.07318909999998, 55.51634399999999], [86.0737716, 55.5155607], [86.0744476, 55.51518529999999], [86.07495019999999, 55.5149827], [86.0781402, 55.5144137], [86.07851290000002, 55.5142546], [86.07975069999999, 55.513334499999985], [86.0791289, 55.5129893], [86.07934029999998, 55.5124986], [86.0785646, 55.51018539999999], [86.0775906, 55.510309500000005], [86.0769327, 55.5092847], [86.0724498, 55.506404], [86.07164760000002, 55.5064343], [86.0711958, 55.5061064], [86.0724515, 55.50504289999999], [86.07328949999999, 55.50523009999999], [86.0734803, 55.5053777], [86.07436719999998, 55.50564200000001], [86.0753004, 55.50612679999999], [86.0762568, 55.506561399999995], [86.0773321, 55.50717569999999], [86.0777126, 55.507423], [86.0784949, 55.5077514], [86.07857879999999, 55.507826900000005], [86.0784066, 55.50797570000001], [86.07847030000002, 55.5080631], [86.07878119999998, 55.5083678], [86.0792719, 55.50845540000001], [86.0796865, 55.50826699999999], [86.0799034, 55.5083407], [86.07989849999998, 55.5084199], [86.0795949, 55.5087393], [86.07985999999998, 55.5090941], [86.0797588, 55.50933429999999], [86.0799034, 55.5095145], [86.0803565, 55.5096892], [86.0805541, 55.5095882], [86.08061679999999, 55.5094435], [86.0808819, 55.5093889], [86.08127709999998, 55.5094544], [86.0815085, 55.5098517], [86.08172229999998, 55.5101281], [86.0889569, 55.5097177], [86.0885578, 55.5087011], [86.0887549, 55.5074581], [86.0869259, 55.50649729999999], [86.08406239999998, 55.5075201], [86.0806867, 55.5050847], [86.0875406, 55.5025137], [86.0897031, 55.5017856], [86.0915214, 55.5011115], [86.0927093, 55.5007722], [86.09538049999999, 55.4998531], [86.0964106, 55.4994645], [86.09753089999998, 55.49900650000001], [86.0980689, 55.497937699999994], [86.0998212, 55.49706449999999], [86.10196399999998, 55.49891319999999], [86.105964, 55.50158729999998], [86.1087103, 55.502088300000004], [86.1098488, 55.5028255], [86.11363919999998, 55.5016679], [86.1154421, 55.5015477], [86.1164886, 55.5005809], [86.1172695, 55.4996938], [86.11751339999999, 55.4994636], [86.11811939999998, 55.498891599999986], [86.11977429999999, 55.4975181], [86.12124949999999, 55.4961431], [86.1220486, 55.4953453], [86.1242535, 55.49361669999999], [86.12468539999999, 55.49335800000001], [86.1251823, 55.493159199999994], [86.1333865, 55.4917792], [86.13712809999998, 55.4911992], [86.13797809999998, 55.491012299999994], [86.14454699999999, 55.498521399999994], [86.14572999999999, 55.4992197], [86.1497063, 55.5010695], [86.15022759999998, 55.4994141], [86.1515264, 55.49861259999999], [86.1520624, 55.49370909999999], [86.1524117, 55.490513699999994], [86.15235799999999, 55.4894963], [86.15199559999999, 55.48839809999999], [86.1513304, 55.48742549999999], [86.15038229999999, 55.48648599999999], [86.14713, 55.484387099999985], [86.14650419999998, 55.48466719999999], [86.1458458, 55.48403739999999], [86.1450822, 55.48281539999999], [86.1458425, 55.4826757], [86.14474649999998, 55.4805485], [86.14331729999999, 55.47937939999999], [86.1419765, 55.4766947], [86.1423543, 55.476627699999995], [86.14218409999998, 55.47628299999999], [86.1418772, 55.47585339999999], [86.1423259, 55.47577450000001], [86.1410141, 55.47319009999998], [86.1413143, 55.4731402], [86.1406508, 55.47185199999999], [86.13972149999998, 55.472002499999995], [86.1389691, 55.47112449999999], [86.13826099999999, 55.4694061], [86.13903899999998, 55.469325299999994], [86.13593659999998, 55.463205099999996], [86.137274, 55.462708199999994], [86.1376658, 55.46292210000001], [86.1378909, 55.4634814], [86.1397967, 55.46621580000001], [86.14021559999999, 55.4667308], [86.14084689999999, 55.467224], [86.1452284, 55.4696847], [86.148269, 55.471661], [86.14855169999998, 55.4713894], [86.14983839999998, 55.470452499999986], [86.1529151, 55.4684803], [86.1541059, 55.4678177], [86.1568889, 55.46666309999999], [86.161828, 55.4650332], [86.1578724, 55.45656819999999], [86.14702049999998, 55.4591676], [86.14633369999999, 55.4593069], [86.1456053, 55.45928189999999], [86.14600489999998, 55.45913519999999], [86.1464649, 55.4588082], [86.14692630000002, 55.458425000000005], [86.1472106, 55.4580721], [86.1473863, 55.4577968], [86.1474413, 55.4576524], [86.14753750000001, 55.457306499999994], [86.14749759999998, 55.456850900000006], [86.14738349999999, 55.45655519999998], [86.14675729999999, 55.45579159999998], [86.14590179999999, 55.4550739], [86.1456683, 55.4550182], [86.1455798, 55.454958899999994], [86.14553229999999, 55.45475629999999], [86.1392522, 55.4492688], [86.13861479999998, 55.4486257], [86.13851449999999, 55.44840349999999], [86.1381018, 55.44719209999999], [86.1376331, 55.44568720000001], [86.13733209999998, 55.4454984], [86.136203, 55.444790299999994], [86.1373239, 55.443137799999995], [86.1376673, 55.441877999999996], [86.13769409999999, 55.43942229999999], [86.13541439999999, 55.4405532], [86.133585, 55.4416589], [86.1279221, 55.44534759999999], [86.12627319999999, 55.4462983], [86.1242533, 55.4468406], [86.12202459999999, 55.4479177], [86.1195588, 55.4492542], [86.11682559999998, 55.4507804], [86.11516979999999, 55.4503211], [86.11226990000002, 55.45148819999999], [86.1079021, 55.450367799999995], [86.1065149, 55.450013], [86.10603499999999, 55.45271499999999], [86.1057423, 55.45423889999999], [86.1047321, 55.454470900000004], [86.10088419999998, 55.4553546], [86.0998248, 55.4555979], [86.10013579999999, 55.45663969999999], [86.1019044, 55.45845800000001], [86.09836149999998, 55.4593509], [86.0932817, 55.46075489999998], [86.0916554, 55.461346299999995], [86.0911235, 55.4606414], [86.0907875, 55.46047380000001], [86.09048879999999, 55.4604212], [86.08985739999999, 55.4605636], [86.08882289999998, 55.460849], [86.08781059999998, 55.460849], [86.08732379999998, 55.4611439], [86.0865869, 55.46131609999998], [86.08480359999999, 55.4587968], [86.0833407, 55.4589608], [86.08002949999998, 55.45996029999999], [86.0796841, 55.459654], [86.07852789999998, 55.46033459999999], [86.078882, 55.460595000000005], [86.0754432, 55.462631699999996], [86.0745281, 55.461904499999996], [86.07341419999999, 55.4611089], [86.0723747, 55.46056229999999], [86.0709248, 55.460076400000005], [86.07014289999998, 55.459959000000005], [86.06939969999999, 55.4599397], [86.0687345, 55.45987889999999], [86.06832589999999, 55.4597249], [86.06792449999999, 55.4592508], [86.0675616, 55.4589454], [86.0674873, 55.4586379], [86.067608, 55.45839300000001], [86.0678676, 55.4580499], [86.0680871, 55.4577727], [86.06817699999999, 55.45756139999999], [86.0680667, 55.457304099999995], [86.0678279, 55.456998399999996], [86.0675248, 55.456714000000005], [86.06844509999999, 55.45601719999999], [86.0685401, 55.4559302], [86.0677224, 55.4556151], [86.0644685, 55.4532586], [86.06212309999998, 55.451769799999994], [86.062438, 55.45130499999999], [86.06221819999999, 55.451212399999996], [86.0617328, 55.451648799999994], [86.05880619999999, 55.4530753], [86.05448769999998, 55.45462069999999], [86.05307409999999, 55.451673899999996], [86.05013779999999, 55.448848899999994], [86.05364179999998, 55.44798779999999], [86.05302609999998, 55.44716929999999], [86.0493811, 55.44806], [86.0499923, 55.4488775], [86.04804989999998, 55.4490694], [86.04320109999999, 55.44519019999999], [86.04264979999999, 55.444992], [86.0498586, 55.4408641], [86.0522625, 55.44084740000001], [86.05862289999999, 55.44037120000001], [86.05946079999998, 55.4402612], [86.0608509, 55.43991930000001], [86.06249699999998, 55.4395114], [86.06853480000001, 55.4380154], [86.06915939999999, 55.4378534], [86.07223289999999, 55.4362279], [86.07664479999998, 55.434531], [86.0774678, 55.4339245], [86.077532, 55.4337711], [86.07899419999998, 55.433778999999994], [86.08002049999999, 55.4307346], [86.08118, 55.430368], [86.0814374, 55.430323900000005], [86.08286439999999, 55.43083669999999], [86.08399669999999, 55.43120799999999], [86.08343159999998, 55.4320181], [86.08385009999999, 55.432097600000006], [86.08515699999998, 55.432414099999995], [86.0848307, 55.433467199999996], [86.08597429999999, 55.4337046], [86.08619559999998, 55.4333907], [86.08790300000001, 55.43367279999999], [86.0877875, 55.4357204], [86.09236179999999, 55.4359479], [86.0933443, 55.4360214], [86.0934377, 55.4347691], [86.09362589999999, 55.4336335], [86.094178, 55.432416399999994], [86.0955734, 55.4307589], [86.09609889999999, 55.430148], [86.09210379999999, 55.4289712], [86.0873857, 55.42809760000001], [86.084779, 55.427854499999995], [86.0838236, 55.4274244], [86.08087579999999, 55.4244947], [86.07819729999999, 55.4243408], [86.0773873, 55.4241886], [86.0767704, 55.4241855], [86.07651269999998, 55.42410819999999], [86.07554729999998, 55.42406679999999], [86.07488879999998, 55.42414479999999], [86.07410429999999, 55.424054599999984], [86.07335329999998, 55.4242403], [86.07247959999998, 55.424093299999996], [86.0709178, 55.4238567], [86.0681176, 55.42288860000001], [86.06634470000002, 55.4221629], [86.0640293, 55.4219642], [86.0626995, 55.4214212], [86.0611208, 55.420976700000004], [86.05975999999998, 55.4211021], [86.0561331, 55.421664899999996], [86.05389729999999, 55.424664799999995], [86.05387619999999, 55.42514919999999], [86.0537706, 55.42530659999999], [86.05541469999999, 55.428725], [86.0533941, 55.428924699999996], [86.0534088, 55.43035389999999], [86.05192509999999, 55.430393800000004], [86.05191970000001, 55.4303391], [86.049753, 55.43042810000001], [86.04673439999999, 55.4350256], [86.0399985, 55.4333225], [86.03940049999999, 55.43317159999999], [86.03829269999999, 55.432980199999996], [86.0376503, 55.432869200000006], [86.0351008, 55.432097299999995], [86.0342068, 55.4319171], [86.0318896, 55.43159920000001], [86.02733729999999, 55.43109239999999], [86.02666249999999, 55.4310632], [86.0250103, 55.4310451], [86.024251, 55.43110120000001], [86.0205545, 55.431595899999984], [86.01966, 55.4315841], [86.0183009, 55.4314927], [86.01684539999998, 55.4312759], [86.01606, 55.43107930000001], [86.01433949999999, 55.4305243], [86.01166899999998, 55.4295877], [86.01074579999998, 55.4305978], [86.010708, 55.43079489999999], [86.0115688, 55.4315176], [86.0127411, 55.4321587], [86.01716769999999, 55.434183299999994], [86.0188305, 55.4350783], [86.0194811, 55.43531170000001], [86.0209386, 55.4356959], [86.0251298, 55.4366464], [86.0284638, 55.437328599999994], [86.0312319, 55.437765], [86.0325187, 55.4378982], [86.0331631, 55.43819279999999], [86.033099, 55.4384376], [86.03191829999999, 55.4396113], [86.02993249999999, 55.44174760000001], [86.02834789999999, 55.443404699999995], [86.0278678, 55.443336], [86.0256227, 55.443014899999994], [86.0235714, 55.442662999999996], [86.02246989999999, 55.44258509999999], [86.0189635, 55.4420058], [86.0163108, 55.4414786], [86.0133496, 55.4410047], [86.01267370000001, 55.4409529], [86.01225789999998, 55.440905799999996], [86.01178899999998, 55.4408217], [86.00901619999999, 55.4401214], [86.00850779999999, 55.4400686], [86.0078014, 55.4401861], [86.0068817, 55.4401294], [86.0065313, 55.4400874], [86.00616879999998, 55.43999720000001], [85.9988043, 55.4373864], [85.99800729999998, 55.437189], [85.99409019999999, 55.4367503], [85.99179279999998, 55.4364368], [85.9882758, 55.4358811], [85.98779059999998, 55.4357924], [85.98698569999999, 55.435572099999995], [85.96819539999998, 55.43042819999999], [85.9624956, 55.4337846], [85.9678781, 55.4362592], [85.96863859999999, 55.435689100000005], [85.9740266, 55.4381235], [85.96734619999998, 55.44268399999999], [85.96714779999999, 55.44256639999999], [85.9659228, 55.4422523], [85.9649102, 55.44207619999999], [85.9639547, 55.44173319999999], [85.96205769999999, 55.440478199999994], [85.95955789999998, 55.4392975], [85.95789489999999, 55.4384606], [85.95692499999998, 55.43788], [85.956463, 55.4375626], [85.9562588, 55.4370638], [85.9565592, 55.43692080000001], [85.9563982, 55.436799], [85.95612999999999, 55.4369116], [85.9559262, 55.4366712], [85.95548629999999, 55.4348756], [85.95479959999999, 55.432519899999996], [85.95360159999998, 55.43126529999999], [85.95333449999998, 55.4311299], [85.94842729999999, 55.4304523], [85.9481639, 55.42994169999999], [85.9428733, 55.42940629999998], [85.9349654, 55.434281000000006], [85.934958, 55.4344414], [85.93486429999999, 55.4344957], [85.9327525, 55.4345833], [85.9311974, 55.4348101], [85.93076640000001, 55.435035299999996], [85.92833609999998, 55.4349672], [85.9222265, 55.431931299999995], [85.9197316, 55.4306778], [85.9209547, 55.4299639], [85.92639229999999, 55.42669999999999], [85.9313887, 55.4242714], [85.93382829999999, 55.4230855], [85.9354126, 55.42230409999999], [85.9402637, 55.41902249999999], [85.9422489, 55.41657270000001], [85.93911419999999, 55.41599109999999], [85.93085389999999, 55.4124066], [85.9307241, 55.4120309], [85.9297156, 55.4109407], [85.9291407, 55.4080793], [85.928514, 55.404277], [85.9289187, 55.40401889999999], [85.92868269999998, 55.40369359999999], [85.9286364, 55.40338399999999], [85.9292237, 55.401421499999984], [85.9293407, 55.3999493], [85.9286019, 55.3985617], [85.92948349999999, 55.3974641], [85.92970939999998, 55.39694459999999], [85.92952359999998, 55.3965438], [85.9288117, 55.395961], [85.9289807, 55.3954461], [85.92891369999998, 55.395344099999996], [85.9285234, 55.3955563], [85.92786129999999, 55.3951723], [85.9276311, 55.3948406], [85.9276085, 55.39470589999999], [85.9280603, 55.39396820000001], [85.92809419999999, 55.39371160000001], [85.9278999, 55.3934748], [85.92793949999998, 55.393167500000004], [85.92900579999998, 55.3901393], [85.93093929999999, 55.3914642], [85.9330282, 55.391476299999994], [85.9332444, 55.3913833], [85.93413469999999, 55.3903161], [85.9362844, 55.390344], [85.9375077, 55.3882752], [85.941751, 55.3899914], [85.94155489999999, 55.3904191], [85.94306769999999, 55.391250899999996], [85.9431037, 55.3916611], [85.9461522, 55.3922197], [85.9486628, 55.392765099999984], [85.9489702, 55.3930712], [85.95057989999998, 55.39345060000001], [85.95052109999999, 55.393720900000005], [85.95222809999999, 55.393935500000005], [85.95187189999999, 55.3915418], [85.95490559999999, 55.390460299999994], [85.95833869999998, 55.38948359999999], [85.95924879999998, 55.38911089999999], [85.9658785, 55.3869585], [85.9683403, 55.3860957], [85.96853789999999, 55.3858744], [85.9689617, 55.3856245], [85.9692518, 55.3856598], [85.97312419999999, 55.3831146], [85.97516299999998, 55.3821337], [85.97809459999999, 55.3812814], [85.97979489999999, 55.3814448], [85.98196899999999, 55.375266], [85.9732092, 55.377328299999995], [85.97072259999999, 55.375008], [85.96847049999998, 55.372879600000005], [85.96332569999998, 55.367658899999995], [85.963274, 55.367621799999995], [85.9623976, 55.3666155], [85.9618437, 55.3660655], [85.96113319999999, 55.3653432], [85.9611384, 55.365236], [85.96118149999998, 55.36518740000001], [85.9608219, 55.365015], [85.9608634, 55.3649713], [85.9608573, 55.3649683], [85.96085090000001, 55.3649615], [85.9551862, 55.369131599999996], [85.95338619999998, 55.3684794], [85.95310279999998, 55.36873730000001], [85.9529476, 55.3686913], [85.95266350000001, 55.369169799999995], [85.9524479, 55.3690821], [85.9521706, 55.368996300000006], [85.9565944, 55.365355], [85.95859149999998, 55.3636775], [85.9578627, 55.3634586], [85.9585117, 55.362526800000005], [85.96127989999998, 55.359474999999996], [85.96393259999999, 55.3563152], [85.965198, 55.354544499999996], [85.9650101, 55.3530948], [85.963647, 55.350741899999996], [85.9634525, 55.34990969999999], [85.96326849999998, 55.349547], [85.96237849999999, 55.3485705], [85.96215159999998, 55.348110999999996], [85.96164339999999, 55.34740029999998], [85.9604762, 55.34630200000001], [85.96022709999998, 55.3463876], [85.96008439999999, 55.3464271], [85.9599978, 55.3463312], [85.9599294, 55.3460298], [85.96012619999999, 55.3459691], [85.95974199999999, 55.3454274], [85.95892449999998, 55.34470889999999], [85.957562, 55.34290200000001], [85.95733599999998, 55.3426955], [85.95715189999999, 55.34273389999999], [85.95595169999999, 55.343071], [85.9563002, 55.343309000000005], [85.9532668, 55.3437813], [85.95236170000001, 55.34291799999999], [85.9547947, 55.342163199999995], [85.95463439999999, 55.341795899999994], [85.9542914, 55.34115270000001], [85.9512338, 55.339671499999994], [85.95118239999998, 55.3396455], [85.95103749999998, 55.33961189999999], [85.95099649999999, 55.3395674], [85.9501077, 55.338990900000006], [85.9484136, 55.3382505], [85.9479447, 55.33795959999999], [85.94688809999998, 55.332034499999985], [85.95123599999998, 55.331719], [85.95100289999999, 55.33001099999999], [85.95146680000002, 55.32968689999999], [85.951503, 55.32967539999999], [85.9513384, 55.3289492], [85.95108109999998, 55.3289677], [85.95103549999999, 55.3287456], [85.9509904, 55.328471099999994], [85.9509731, 55.3280962], [85.950999, 55.3277368], [85.9510508, 55.327401300000005], [85.95125179999998, 55.32673140000001], [85.95150509999999, 55.32621340000001], [85.9516561, 55.325945399999995], [85.9519733, 55.3254708], [85.9522359, 55.32516449999999], [85.95247929999998, 55.3249801], [85.9527072, 55.32484689999998], [85.95280179999999, 55.32482079999999], [85.952738, 55.32479000000001], [85.9524521, 55.32465200000001], [85.95227169999998, 55.3245641], [85.9513669, 55.324949899999986], [85.9486401, 55.3259406], [85.9457335, 55.3266882], [85.9443416, 55.32711700000001], [85.94308189999998, 55.32768780000001], [85.9417051, 55.3282509], [85.94022179999999, 55.3292878], [85.9386899, 55.330384899999984], [85.93785519999999, 55.3311542], [85.93726939999999, 55.3318849], [85.93586379999999, 55.33158600000001], [85.9357265, 55.3317641], [85.93526169999998, 55.33279700000001], [85.93478620000002, 55.33452729999999], [85.93437259999999, 55.33518000000001], [85.9337952, 55.3357394], [85.9330562, 55.3362542], [85.9321049, 55.3366727], [85.92960559999999, 55.336062299999995], [85.92443419999998, 55.33476780000001], [85.9213631, 55.33338410000001], [85.9182991, 55.33159789999999], [85.91640469999999, 55.32993150000001], [85.9138274, 55.3284146], [85.91153709999999, 55.323929500000006], [85.9113371, 55.3236641], [85.91121749999999, 55.32316879999999], [85.9111534, 55.32306899999999], [85.9111311, 55.3229586], [85.9111011, 55.322883499999996], [85.91110219999999, 55.3228058], [85.9111494, 55.32275310000001], [85.9112288, 55.3227102], [85.9113117, 55.3226798], [85.9114277, 55.3226363], [85.9115557, 55.3226172], [85.91168679999998, 55.3226217], [85.9118199, 55.32265919999999], [85.91197299999999, 55.3226681], [85.91219459999999, 55.32261079999999], [85.912402, 55.322586], [85.9125387, 55.32257709999999], [85.91268629999999, 55.3225402], [85.91280830000001, 55.3224733], [85.9129795, 55.3222709], [85.9130438, 55.3221098], [85.91303259999998, 55.32197649999999], [85.9128767, 55.32181679999999], [85.9126805, 55.321694], [85.9121881, 55.3214772], [85.91180519999999, 55.3213118], [85.9115401, 55.32122849999999], [85.91127539999998, 55.3212032], [85.910877, 55.3212582], [85.91060019999999, 55.32126459999999], [85.9103239, 55.321205500000005], [85.91025919999998, 55.3211563], [85.91024619999999, 55.3210748], [85.9104453, 55.32063689999999], [85.91072470000002, 55.3204017], [85.9108653, 55.32032149999999], [85.91109889999998, 55.3203459], [85.9112347, 55.3202831], [85.91130269999998, 55.320186199999995], [85.91135689999999, 55.32005569999999], [85.91141249999998, 55.3197213], [85.9113894, 55.3194821], [85.9114411, 55.319376899999995], [85.9116035, 55.3192745], [85.91190159999998, 55.319159099999986], [85.9124577, 55.318993], [85.91271779999998, 55.318979000000006], [85.9129502, 55.31892620000001], [85.91307939999999, 55.3188184], [85.91311319999998, 55.31866960000001], [85.9130546, 55.3185262], [85.9127982, 55.3184149], [85.91245999999998, 55.3183046], [85.9122318, 55.31824590000001], [85.9120504, 55.3182428], [85.9119441, 55.3183193], [85.91180570000002, 55.3184374], [85.911593, 55.31844600000001], [85.9112901, 55.318373599999994], [85.911092, 55.31828169999999], [85.9109613, 55.3182637], [85.9108517, 55.318280699999995], [85.9106398, 55.31839370000001], [85.91055529999998, 55.3184394], [85.9104129, 55.31845059999999], [85.9101959, 55.31842339999999], [85.90991459999998, 55.3183593], [85.909587, 55.3182761], [85.90951459999998, 55.3181998], [85.909499, 55.318075], [85.9095861, 55.3179694], [85.9097451, 55.317860599999996], [85.90995849999999, 55.317783199999994], [85.9101886, 55.317715299999996], [85.9103367, 55.31762439999999], [85.91037959999998, 55.317542], [85.91053249999999, 55.31747489999999], [85.9109005, 55.317419099999995], [85.9110475, 55.3173802], [85.91112339999998, 55.31732579999999], [85.9111628, 55.31726419999998], [85.9111703, 55.31719249999999], [85.910971, 55.3168633], [85.9107708, 55.316597200000004], [85.9106371, 55.3165194], [85.91044249999999, 55.3164372], [85.9102187, 55.31631339999999], [85.91015699999998, 55.316263], [85.9101405, 55.3161969], [85.91020259999999, 55.3160798], [85.9103013, 55.315872299999995], [85.91028839999998, 55.3157654], [85.91018649999998, 55.315547200000005], [85.9101355, 55.3154022], [85.9101442, 55.31525349999999], [85.91013929999998, 55.31472159999999], [85.91022229999999, 55.31443569999999], [85.9111484, 55.3140554], [85.91154409999999, 55.31407479999999], [85.91188259999998, 55.31409459999999], [85.91201219999999, 55.314045199999995], [85.9120549, 55.3139184], [85.9119558, 55.31357539999999], [85.9120124, 55.31341429999999], [85.91215250000002, 55.31333699999998], [85.91233829999999, 55.3133291], [85.91252839999999, 55.3133984], [85.91262409999999, 55.313438299999994], [85.9128452, 55.3134324], [85.91317409999999, 55.31324819999999], [85.9136316, 55.3130542], [85.9138165, 55.313035799999994], [85.9140408, 55.3131462], [85.91438699999999, 55.313412099999994], [85.91445179999998, 55.3136689], [85.91460069999998, 55.31375289999999], [85.91478109999998, 55.3137751], [85.91496619999998, 55.31373249999999], [85.91516329999999, 55.31351389999999], [85.9152639, 55.3132622], [85.9153222, 55.313035400000004], [85.91523969999999, 55.3129462], [85.91508419999998, 55.3129325], [85.9150425, 55.31287969999999], [85.91536839999999, 55.31265150000001], [85.91571799999998, 55.31256750000001], [85.91596810000001, 55.3122968], [85.9160882, 55.31213369999999], [85.91623999999999, 55.3120508], [85.91639850000001, 55.3120731], [85.916613, 55.31214790000001], [85.9166843, 55.31234419999999], [85.9166183, 55.31268059999999], [85.91651919999998, 55.31276299999999], [85.91649219999998, 55.3128473], [85.91661390000002, 55.3131056], [85.916843, 55.3132069], [85.9170969, 55.3132183], [85.9174714, 55.313010999999996], [85.9176401, 55.3129621], [85.91817149999999, 55.3132361], [85.918236, 55.3133611], [85.9182247, 55.3134792], [85.91838179999999, 55.313555799999996], [85.9186991, 55.31341559999999], [85.9188948, 55.313224399999996], [85.9188416, 55.312850399999995], [85.9189257, 55.3124738], [85.91903659999998, 55.31229369999999], [85.91924699999998, 55.31219059999999], [85.91952759999998, 55.31212719999999], [85.9201089, 55.3122015], [85.9204008, 55.312438699999994], [85.92065219999999, 55.312635199999995], [85.9208306, 55.31270129999999], [85.92114259999998, 55.3126333], [85.92140579999999, 55.3123359], [85.9215543, 55.3120813], [85.9216949, 55.31202570000001], [85.92191479999998, 55.31202059999999], [85.92221199999999, 55.31231199999999], [85.92258649999998, 55.312499900000006], [85.9227633, 55.3126491], [85.9230084, 55.312732399999994], [85.9233137, 55.312750699999995], [85.9234346, 55.312668499999994], [85.9235343, 55.31241339999999], [85.92384569999999, 55.3123151], [85.92424519999999, 55.31233890000001], [85.92460949999999, 55.3124246], [85.92488889999998, 55.3123759], [85.92508900000001, 55.3122093], [85.9252055, 55.31215799999999], [85.9253721, 55.31224449999999], [85.9254839, 55.3123781], [85.92568989999998, 55.31243169999999], [85.92584759999998, 55.3123878], [85.92585199999999, 55.3122075], [85.92591349999998, 55.31204389999999], [85.92558049999998, 55.31166749999999], [85.92569649999999, 55.3115519], [85.925914, 55.31146739999999], [85.9261313, 55.3114547], [85.9263747, 55.31154730000001], [85.92655889999999, 55.31189839999999], [85.927027, 55.312017299999994], [85.92739849999998, 55.31202270000001], [85.9277018, 55.3122021], [85.92791319999999, 55.3123096], [85.9281099, 55.3122894], [85.92832299999999, 55.3122501], [85.92848189999998, 55.31175979999999], [85.9286331, 55.31166369999998], [85.928922, 55.3116928], [85.92937240000002, 55.3118324], [85.9286933, 55.3090619], [85.93003409999999, 55.308695099999994], [85.92330599999998, 55.3033002], [85.9297642, 55.2998443], [85.935011, 55.29888449999999], [85.93819879999998, 55.29836920000001], [85.9402567, 55.298008800000005], [85.9415753, 55.2977962], [85.9417802, 55.297935499999994], [85.9432018, 55.29769120000001], [85.94431639999999, 55.297584300000004], [85.94700829999998, 55.297386200000005], [85.94912949999998, 55.2982165], [85.9491839, 55.29832319999999], [85.94880739999999, 55.2987719], [85.955286, 55.30186729999999], [85.95944939999998, 55.30290329999998], [85.9604055, 55.30284119999999], [85.9616178, 55.30208569999999], [85.96223209999998, 55.3017071], [85.9623735, 55.3015681], [85.9621435, 55.3008734], [85.9608936, 55.29963959999999], [85.95993669999999, 55.2985549], [85.9582842, 55.2972807], [85.9552234, 55.29497909999999], [85.9549525, 55.29497909999999], [85.95424720000001, 55.29520889999999], [85.9502912, 55.29337300000001], [85.9491121, 55.2928257], [85.94825929999999, 55.2925529], [85.9481505, 55.2925112], [85.94755230000001, 55.292415], [85.946973, 55.29222719999999], [85.9462402, 55.2920831], [85.9458438, 55.2919859], [85.9452942, 55.29179879999999], [85.9418412, 55.29184039999999], [85.9318835, 55.28841419999999], [85.93053019999999, 55.2887036], [85.9288401, 55.28705980000001], [85.9273978, 55.2879262], [85.9250308, 55.2884093], [85.92226879999998, 55.28572599999999], [85.9208773, 55.2835702], [85.9242805, 55.2828532], [85.9268627, 55.282665099999996], [85.92950099999999, 55.2828368], [85.93055589999999, 55.2834688], [85.930586, 55.28439219999999], [85.92944499999999, 55.284152799999994], [85.92878439999998, 55.2849052], [85.92893, 55.285690399999986], [85.92983530000001, 55.285897], [85.93157679999999, 55.2856918], [85.93653109999998, 55.2867177], [85.93713159999999, 55.2875043], [85.94018139999999, 55.2880242], [85.9434037, 55.29058989999999], [85.9466357, 55.2913562], [85.9481307, 55.2914538], [85.95038149999999, 55.2920587], [85.95104689999998, 55.2925543], [85.9521211, 55.291389099999996], [85.9522998, 55.290257000000004], [85.95251349999998, 55.290057399999995], [85.95291669999999, 55.2895514], [85.95352289999998, 55.2891634], [85.9542042, 55.288582999999996], [85.9545353, 55.2881908], [85.953598, 55.28803010000001], [85.95195239999998, 55.2870104], [85.951699, 55.2865058], [85.9515059, 55.2858062], [85.9511468, 55.2835893], [85.94962619999998, 55.281267599999985], [85.9465101, 55.28255200000001], [85.942464, 55.2772106], [85.9402833, 55.2777275], [85.9390638, 55.27629449999999], [85.93998849999998, 55.275885499999994], [85.9400153, 55.27565029999999], [85.94105059999998, 55.2753954], [85.9406372, 55.27498799999999], [85.93997319999998, 55.2751547], [85.9379632, 55.27560150000001], [85.9374012, 55.275644199999995], [85.936279, 55.2758657], [85.9347904, 55.2762492], [85.9338953, 55.2763987], [85.93355579999998, 55.27565340000001], [85.933342, 55.27544549999999], [85.9333367, 55.27523459999999], [85.93302769999998, 55.274643999999995], [85.9325422, 55.2749316], [85.9322101, 55.27493830000001], [85.93198059999999, 55.27486189999999], [85.93184509999999, 55.2738659], [85.9318078, 55.27367009999999], [85.93159389999998, 55.2733409], [85.9313372, 55.27315699999999], [85.93038419999999, 55.2727582], [85.9302628, 55.2727533], [85.9296753, 55.2728249], [85.92940989999998, 55.27278390000001], [85.9292003, 55.27263289999999], [85.92892609999998, 55.2721892], [85.9290876, 55.27194579999999], [85.92917379999999, 55.2716043], [85.9291685, 55.27099299999999], [85.9290271, 55.27034630000001], [85.92936009999998, 55.269752999999994], [85.9292968, 55.26828700000001], [85.929177, 55.2674282], [85.92926499999999, 55.266858000000006], [85.92951309999998, 55.266237499999995], [85.9303701, 55.26528999999999], [85.93073279999999, 55.2650518], [85.9310698, 55.26446919999999], [85.9321994, 55.2642813], [85.93368809999998, 55.2641841], [85.93209739999999, 55.26157309999999], [85.9299073, 55.25844489999999], [85.9366453, 55.2565763], [85.93845, 55.25925509999999], [85.94277539999999, 55.26399789999999], [85.9500282, 55.2712169], [85.9520175, 55.2707398], [85.9534679, 55.26989929999999], [85.95287939999999, 55.26974820000001], [85.9538574, 55.2690447], [85.95530059999999, 55.268672], [85.95683279999999, 55.2681853], [85.958507, 55.26784999999999], [85.9612205, 55.2676811], [85.9644446, 55.2667533], [85.9656926, 55.267392], [85.96719139999999, 55.2680652], [85.96986149999998, 55.2689691], [85.9724271, 55.270064], [85.97364419999998, 55.2704192], [85.9748129, 55.2710642], [85.9758206, 55.2705037], [85.9771881, 55.269922900000005], [85.97932639999999, 55.2698285], [85.9813918, 55.2703054], [85.987949, 55.273342199999995], [86.00263709999999, 55.26878670000001], [86.0027958, 55.2686726], [86.0079389, 55.26712409999999], [86.00822589999999, 55.2673163], [86.00796099999998, 55.26775039999999], [86.0077929, 55.268214699999994], [86.0077735, 55.2698824], [86.00865809999999, 55.27440539999999], [86.0086784, 55.2745091], [86.0008313, 55.2767346], [86.00113389999999, 55.27726919999999], [86.0042409, 55.2825399], [86.00625479999998, 55.286239], [86.0082731, 55.28988350000001], [86.0097418, 55.292458], [86.01117080000002, 55.292796599999996], [86.012086, 55.2920871], [86.01323639999998, 55.2916673], [86.01462979999998, 55.29097079999998], [86.0157771, 55.2906684], [86.01714, 55.29237799999999], [86.01746529999998, 55.292811300000004], [86.01906000000001, 55.29356409999999], [86.0203933, 55.2945092], [86.0219859, 55.2942268], [86.0227113, 55.2932577], [86.0240237, 55.29224829999998], [86.02446649999999, 55.2921928], [86.0245639, 55.2921264], [86.0247946, 55.2918652], [86.0251053, 55.29128630000001], [86.02575999999999, 55.29077910000001], [86.02659559999998, 55.2903357], [86.02707309999998, 55.2899873], [86.02743249999999, 55.2891702], [86.0278831, 55.288602999999995], [86.02910119999999, 55.2878577], [86.0296309, 55.2876622], [86.03046479999999, 55.28806370000001], [86.0338909, 55.2891503], [86.0342467, 55.28894350000001], [86.0347883, 55.28846879999999], [86.03496009999999, 55.28843340000001], [86.0351425, 55.288439499999996], [86.0353947, 55.28853720000001], [86.03591199999998, 55.28886090000001], [86.03796250000002, 55.28850409999999], [86.041219, 55.28823], [86.04094239999999, 55.2874803], [86.0411076, 55.2873596], [86.04133839999999, 55.2873627], [86.0417513, 55.28742839999999], [86.0430178, 55.2874668], [86.0435039, 55.2874185], [86.043956, 55.28744139999999], [86.0441923, 55.2875047], [86.0445926, 55.2877275], [86.0448754, 55.2877432], [86.045142, 55.287734699999994], [86.0463735, 55.28752260000001], [86.04669640000002, 55.2873554], [86.0471059, 55.28727000000001], [86.0476207, 55.2872872], [86.0479618, 55.287309699999994], [86.0482266, 55.287251199999986], [86.0484283, 55.2871342], [86.0484467, 55.2870474], [86.0483256, 55.2870281], [86.0482529, 55.2869465], [86.04822889999998, 55.2866785], [86.04855829999998, 55.2864134], [86.0487714, 55.2862346], [86.0488674, 55.2862308], [86.0492724, 55.286351499999995], [86.04944559999998, 55.28636859999999], [86.0496004, 55.286317399999994], [86.04967749999999, 55.286247900000006], [86.04993589999998, 55.2861948], [86.05014679999998, 55.2861239], [86.0504016, 55.2859024], [86.0504284, 55.28576339999999], [86.0507276, 55.2853205], [86.0511312, 55.285268499999994], [86.05130549999998, 55.2852914], [86.0514473, 55.2854468], [86.0516757, 55.28580309999999], [86.0518581, 55.2859039], [86.05223889999999, 55.2859437], [86.0528827, 55.2858306], [86.0532421, 55.2859009], [86.05361219999999, 55.286108600000006], [86.0539234, 55.286151399999994], [86.0542721, 55.286359100000006], [86.0545564, 55.2864019], [86.05501769999998, 55.28628580000001], [86.05553809999999, 55.2860903], [86.05610129999998, 55.28609949999999], [86.05669139999999, 55.28631939999999], [86.05788229999999, 55.28696250000001], [86.05860109999999, 55.287356499999994], [86.059953, 55.28765289999999], [86.06102849999999, 55.2877124], [86.0615703, 55.287659], [86.062257, 55.2874344], [86.06499019999998, 55.28607499999999], [86.06700719999999, 55.2854152], [86.068241, 55.2850608], [86.0698235, 55.2850699], [86.0708052, 55.28491720000001], [86.0713084, 55.28471529999999], [86.07192899999998, 55.2845918], [86.0720724, 55.284514300000005], [86.08142649999999, 55.2895633], [86.0756092, 55.29258420000001], [86.0730046, 55.29180569999999], [86.0708964, 55.2938888], [86.0703707, 55.2937238], [86.068521, 55.295509499999994], [86.06651279999998, 55.2974535], [86.0651376, 55.2982762], [86.0617018, 55.29707429999999], [86.0609704, 55.29665159999999], [86.05756039999999, 55.29630159999999], [86.05564269999999, 55.29694450000001], [86.05491579999999, 55.2974057], [86.0547656, 55.2977202], [86.05421299999999, 55.29837529999999], [86.0539985, 55.297792], [86.05361219999999, 55.29760259999999], [86.05317229999999, 55.297737], [86.0531563, 55.29836], [86.05303289999999, 55.2983661], [86.0525608, 55.2979874], [86.05205649999999, 55.29747739999999], [86.0513377, 55.29695819999999], [86.0512409, 55.296662199999986], [86.04432949999999, 55.2997467], [86.0496354, 55.30357790000001], [86.0515568, 55.3047476], [86.05241989999999, 55.30436889999999], [86.05351519999999, 55.3051246], [86.0538845, 55.3049617], [86.05470969999999, 55.305476899999995], [86.05496519999998, 55.3055683], [86.05523740000001, 55.305636199999995], [86.0554365, 55.305643800000006], [86.0567166, 55.306948799999994], [86.05668259999999, 55.30711999999999], [86.0565834, 55.3073697], [86.0565202, 55.307597400000006], [86.0566937, 55.3076375], [86.0569328, 55.3074598], [86.0570952, 55.3072922], [86.05737719999999, 55.307390799999986], [86.0576316, 55.30727009999999], [86.0575232, 55.30711929999999], [86.0575842, 55.30710400000001], [86.05828209999999, 55.30704879999999], [86.0585925, 55.3070405], [86.05860769999998, 55.307286], [86.05873119999998, 55.3072677], [86.05873959999998, 55.3072119], [86.0587532, 55.307176299999995], [86.05882079999999, 55.3071339], [86.05893079999998, 55.307078], [86.0589422, 55.3070459], [86.0592249, 55.3071374], [86.05952459999999, 55.3067622], [86.0599117, 55.3063091], [86.0601034, 55.3059876], [86.0601348, 55.305771099999994], [86.0607352, 55.304714], [86.0610987, 55.304439], [86.06166019999999, 55.3034602], [86.06184519999998, 55.30332709999999], [86.0622012, 55.3028503], [86.0621559, 55.30284230000001], [86.06235630000002, 55.302528899999984], [86.06220339999999, 55.3024968], [86.0623691, 55.30231810000001], [86.0624796, 55.3023366], [86.06292170000002, 55.3015674], [86.063064, 55.301394800000004], [86.0633932, 55.301472499999996], [86.0642074, 55.300646799999996], [86.0688673, 55.30232159999999], [86.07202579999999, 55.2993085], [86.07332629999999, 55.2964071], [86.0823445, 55.291597100000004], [86.08656109999998, 55.2937264], [86.09227529999998, 55.2904883], [86.0958128, 55.2945705], [86.10454, 55.29186969999999], [86.1025473, 55.2893879], [86.1052194, 55.28848549999999], [86.10058720000002, 55.283907], [86.10252079999998, 55.282934600000004], [86.10388649999999, 55.28235159999999], [86.10094929999998, 55.280735400000005], [86.10089309999998, 55.2797943], [86.0991862, 55.279097799999995], [86.0994747, 55.27822929999999], [86.09997219999998, 55.276731299999994], [86.100039, 55.27551679999999], [86.0997349, 55.2740684], [86.09814099999998, 55.2721547], [86.0960518, 55.2709725], [86.0967763, 55.27024], [86.09382009999999, 55.268966199999994], [86.09365109999999, 55.268915099999994], [86.093555, 55.26884760000001], [86.0935436, 55.2688067], [86.09345889999999, 55.2687466], [86.0924515, 55.2683346], [86.09174649999999, 55.268076699999995], [86.09139249999998, 55.26795820000001], [86.0911015, 55.2678356], [86.0905869, 55.2675714], [86.0868267, 55.26595629999999], [86.0864492, 55.26580379999999], [86.08606099999999, 55.265657499999996], [86.08416259999998, 55.2648628], [86.0840271, 55.2647834], [86.0838528, 55.264657199999995], [86.0837522, 55.26452890000001], [86.0836825, 55.26442800000001], [86.08363959999998, 55.264313400000006], [86.0836449, 55.2642217], [86.08369579999999, 55.2640972], [86.0838246, 55.2639183], [86.0839963, 55.26371279999999], [86.0843504, 55.263341399999995], [86.08555199999999, 55.262322], [86.0845061, 55.26183809999999], [86.08335600000001, 55.261413000000005], [86.07838379999998, 55.2593232], [86.0794312, 55.2584749], [86.07964979999998, 55.2582234], [86.0809305, 55.257346], [86.08838619999999, 55.259468399999996], [86.096648, 55.262959800000004], [86.10356439999998, 55.2658642], [86.1079324, 55.26768320000001], [86.110973, 55.268481799999996], [86.1148417, 55.270144999999985], [86.1204308, 55.272355999999995], [86.12433539999999, 55.2746892], [86.1254134, 55.273919400000004], [86.1261498, 55.2742316], [86.1258843, 55.274963], [86.1254901, 55.275271700000005], [86.1286242, 55.276679300000005], [86.1296783, 55.2771192], [86.12972659999998, 55.277115499999994], [86.1300753, 55.2772694], [86.13020799999998, 55.27730939999999], [86.1302382, 55.27733919999999], [86.130707, 55.27763720000001], [86.1311692, 55.2782557], [86.1388253, 55.28128569999999], [86.13888789999999, 55.2813167], [86.13891519999999, 55.2813622], [86.13917199999999, 55.28152450000001], [86.139837, 55.2818091], [86.1394579, 55.282122099999995], [86.1424425, 55.28319880000001], [86.1403808, 55.285176799999995], [86.1431014, 55.28609199999999], [86.1516294, 55.2895096], [86.1511695, 55.29003709999999], [86.1508784, 55.290216300000004], [86.1506733, 55.290569600000005], [86.1479146, 55.2908376], [86.14620829999998, 55.2910216], [86.1450654, 55.2912015], [86.14073589999998, 55.291108], [86.1405892, 55.2911293], [86.139892, 55.29111720000001], [86.1394019, 55.29114250000001], [86.13941249999999, 55.2912596], [86.14040809999999, 55.29293679999999], [86.1415416, 55.2940015], [86.1425324, 55.2943588], [86.14416889999998, 55.2944646], [86.14521669999999, 55.29471819999999], [86.14638709999998, 55.2947804], [86.14687899999998, 55.29464449999999], [86.14907879999998, 55.29489339999999], [86.151142, 55.2952839], [86.1523281, 55.295507799999996], [86.1534332, 55.2957922], [86.1539218, 55.2958263], [86.1546185, 55.2960204], [86.1577792, 55.29713279999999], [86.15915399999999, 55.2975358], [86.1616867, 55.2983168], [86.16345620000001, 55.298994099999994], [86.1649721, 55.29980590000001], [86.165923, 55.3004481], [86.16647479999999, 55.300909600000004], [86.166918, 55.30121640000001], [86.1668113, 55.3012658], [86.1673504, 55.301630599999996], [86.1681166, 55.3028398], [86.1684945, 55.303600899999985], [86.1685698, 55.30359529999999], [86.16890349999998, 55.3045735], [86.16892269999998, 55.304704400000006], [86.1687261, 55.304642799999996], [86.1687391, 55.30469799999999], [86.1688997, 55.30475], [86.16893449999999, 55.30489349999999], [86.16881339999999, 55.3050148], [86.16883169999998, 55.3050876], [86.16898339999999, 55.30497209999999], [86.1690418, 55.305220599999984], [86.16917849999999, 55.3056303], [86.1690921, 55.3061561], [86.16907839999999, 55.30644959999999], [86.16882959999998, 55.30714660000001], [86.1687293, 55.3071564], [86.16853269999999, 55.3071444], [86.16848489999998, 55.3073132], [86.16872189999998, 55.3073286], [86.1687649, 55.307323299999986], [86.1684062, 55.3083426], [86.16824649999998, 55.308546], [86.1666688, 55.31030909999999], [86.1680835, 55.310477899999995], [86.16970089999998, 55.310655], [86.1743201, 55.31160189999999], [86.17851179999998, 55.312418699999995], [86.1783915, 55.3125561], [86.17788800000001, 55.3131313], [86.1731899, 55.3183884], [86.18118559999999, 55.32077159999999], [86.1811194, 55.32084269999999], [86.1796754, 55.3223931], [86.1799037, 55.3224556], [86.1804393, 55.3226054], [86.18041919999999, 55.322628699999996], [86.18003639999999, 55.3230715], [86.1793738, 55.322886], [86.1792591, 55.3228515], [86.1778814, 55.3243541], [86.18260519999998, 55.3257963], [86.1842681, 55.326266499999996], [86.18470839999999, 55.325792500000006], [86.18502159999998, 55.325876699999995], [86.18538919999999, 55.32596759999999], [86.1858023, 55.326172099999994], [86.18641109999999, 55.32639939999999], [86.18673879999999, 55.32666710000001], [86.18706319999998, 55.3268168], [86.18740819999998, 55.32699689999999], [86.187983, 55.3269815], [86.1885313, 55.327201899999984], [86.1894643, 55.32747750000001], [86.18985239999999, 55.3275545], [86.19066389999999, 55.3282342], [86.1944424, 55.3302786], [86.1953348, 55.33029030000001], [86.19577469999999, 55.330272], [86.1962593, 55.33021709999999], [86.19629119999999, 55.3302135], [86.200659, 55.32993009999999], [86.2034922, 55.3344942], [86.203671, 55.334648300000005], [86.2067878, 55.33975339999999], [86.2048903, 55.341688299999994], [86.20617329999999, 55.34228349999999], [86.2003147, 55.349175], [86.1990103, 55.350325999999995], [86.19951639999998, 55.35047549999999], [86.20015739999998, 55.35042790000001], [86.2002084, 55.3505861], [86.1999502, 55.3506177], [86.19997499999998, 55.3507005], [86.1989455, 55.350765900000006], [86.1996473, 55.3526806], [86.2000591, 55.353852200000006], [86.2002482, 55.354368099999995], [86.20052869999999, 55.3551234], [86.1990973, 55.35528080000001], [86.19935969999999, 55.355839799999984], [86.20169599999998, 55.36065320000001], [86.20224419999998, 55.36144780000001], [86.20268939999998, 55.36174659999999], [86.2036604, 55.3626339], [86.2059672, 55.364686400000004], [86.202025, 55.3723821], [86.20279829999998, 55.3744894], [86.2036135, 55.3767445], [86.2021671, 55.377153299999996], [86.1979169, 55.3778894], [86.19349829999999, 55.3783983], [86.18922949999998, 55.378626399999995], [86.1877065, 55.37865270000001], [86.18533189999998, 55.3786179], [86.1854457, 55.378921999999996], [86.1855583, 55.3790941], [86.1861796, 55.3792525], [86.1861884, 55.379401099999995], [86.1855937, 55.37982530000001], [86.1850203, 55.379945299999996], [86.18489129999999, 55.38011569999998], [86.1847581, 55.3804296], [86.1845891, 55.3808277], [86.1839142, 55.3815803], [86.1835778, 55.382158999999994], [86.1836429, 55.3825888], [86.18408329999998, 55.3828684], [86.18443879999998, 55.3832581], [86.1846607, 55.38337489999999], [86.1846874, 55.38376970000001], [86.18513359999999, 55.38457700000001], [86.18582719999999, 55.3851101], [86.1872977, 55.3865304], [86.1878005, 55.3876189], [86.18821349999999, 55.388330799999984], [86.18832079999999, 55.388525900000005], [86.1884269, 55.388572200000006], [86.1885532, 55.3886257], [86.18867249999998, 55.388720299999996], [86.18873009999999, 55.388916099999996], [86.18874189999998, 55.389022], [86.18868829999998, 55.3890342], [86.1886147, 55.38902339999999], [86.1885756, 55.3890662], [86.1886588, 55.38915], [86.1887925, 55.389209], [86.1887661, 55.38930239999999], [86.1887231, 55.389328299999995], [86.1884925, 55.3892826], [86.18842809999998, 55.389328299999995], [86.1884817, 55.3894288], [86.1884764, 55.3895111], [86.18836139999999, 55.38964429999999], [86.1884642, 55.3897704], [86.18865149999999, 55.3902372], [86.1887231, 55.39034900000001], [86.18884399999999, 55.3904412], [86.18903429999999, 55.3905318], [86.1889994, 55.39059729999999], [86.18887409999999, 55.39063380000001], [86.18862909999999, 55.390660100000005], [86.1885595, 55.390741999999996], [86.1885918, 55.3910763], [86.18877729999998, 55.39131859999999], [86.1887057, 55.391455699999995], [86.1884506, 55.391535899999994], [86.18837, 55.39163009999999], [86.1884411, 55.39172969999999], [86.18831789999999, 55.3917836], [86.1881572, 55.391718499999996], [86.18795959999999, 55.391768000000006], [86.18776789999998, 55.392056999999994], [86.187802, 55.3923343], [86.18770819999999, 55.3924462], [86.18790239999998, 55.39255490000001], [86.1881492, 55.3925884], [86.18830559999999, 55.39267689999999], [86.18829129999999, 55.39281079999999], [86.1881378, 55.392935699999995], [86.1878316, 55.39306009999999], [86.1878246, 55.3932313], [86.18789329999998, 55.39330319999999], [86.1880875, 55.3933485], [86.1882768, 55.3933668], [86.18843159999999, 55.3935313], [86.1885247, 55.3936837], [86.1886936, 55.39379489999999], [86.1888997, 55.393862199999994], [86.1890377, 55.394002], [86.18906739999998, 55.394143500000006], [86.1888992, 55.3942866], [86.188699, 55.394337199999995], [86.1885783, 55.39434169999999], [86.18850319999999, 55.39443159999998], [86.1885676, 55.39448490000001], [86.18881930000002, 55.3945341], [86.1889644, 55.3945841], [86.18902359999998, 55.39472259999999], [86.18914899999999, 55.3948163], [86.18942099999998, 55.3948313], [86.1898865, 55.3947567], [86.19020619999999, 55.394759099999995], [86.1903242, 55.3948372], [86.1903942, 55.3949831], [86.19034699999999, 55.3951379], [86.1902028, 55.395246400000005], [86.19021619999998, 55.3953282], [86.19036369999999, 55.3953454], [86.1906184, 55.39528060000001], [86.1907643, 55.395324], [86.19083959999999, 55.3955014], [86.1906971, 55.395758099999995], [86.19033689999999, 55.3958707], [86.1903459, 55.395970899999995], [86.1905207, 55.396205], [86.19047199999999, 55.39629750000001], [86.19012239999999, 55.39630840000001], [86.18990699999999, 55.3963783], [86.1898945, 55.396510199999994], [86.19008399999998, 55.3965463], [86.1906336, 55.3965866], [86.190781, 55.3969861], [86.1911265, 55.397194899999995], [86.19140749999998, 55.3971783], [86.19181849999998, 55.3974425], [86.19251999999999, 55.3975125], [86.192751, 55.397799899999995], [86.1927001, 55.3979324], [86.19247859999999, 55.3980315], [86.19191899999998, 55.398232199999995], [86.19209809999998, 55.3986398], [86.1918863, 55.39873299999999], [86.19146779999998, 55.3987614], [86.1911645, 55.39897129999999], [86.1911374, 55.3992201], [86.1907758, 55.39946119999999], [86.1910791, 55.3996119], [86.19104809999999, 55.3997383], [86.19113969999998, 55.400106599999994], [86.1909618, 55.4003458], [86.19129299999999, 55.40063980000001], [86.1916991, 55.40080849999999], [86.1918548, 55.400915700000006], [86.1918513, 55.4011006], [86.19154769999999, 55.4013718], [86.1915853, 55.4015346], [86.19185119999999, 55.4016876], [86.191521, 55.40209639999999], [86.19178059999999, 55.402502399999996], [86.19150419999998, 55.40259449999999], [86.1912959, 55.40276020000001], [86.19051849999998, 55.4034079], [86.19008070000001, 55.4038251], [86.19022839999998, 55.40422219999999], [86.1903837, 55.404810499999996], [86.19025590000001, 55.405169799999996], [86.1902125, 55.405322899999994], [86.1903201, 55.4055983], [86.190399, 55.405860200000006], [86.1902612, 55.405963], [86.18980089999998, 55.40611789999999], [86.1895494, 55.4059842], [86.18927639999998, 55.4059143], [86.1889446, 55.4060268], [86.1891158, 55.40613619999999], [86.1891694, 55.4063003], [86.18909459999999, 55.40633429999999], [86.18897659999999, 55.4063404], [86.1889072, 55.4064106], [86.1889203, 55.406471399999994], [86.18897119999998, 55.4064927], [86.1889981, 55.4065178], [86.18897389999998, 55.406565099999995], [86.1889435, 55.406622299999995], [86.18897929999999, 55.406655699999995], [86.1890504, 55.406658699999994], [86.1891813, 55.406611], [86.18929849999999, 55.4066412], [86.1893722, 55.4067128], [86.1894021, 55.40680549999998], [86.18932929999998, 55.4068696], [86.18918929999998, 55.4069293], [86.1891763, 55.4069982], [86.18907049999999, 55.4070166], [86.1889203, 55.4069983], [86.188851, 55.407010699999994], [86.1888318, 55.407044], [86.1888345, 55.407149], [86.1887594, 55.407197], [86.1886802, 55.4071993], [86.1886454, 55.4072221], [86.1886602, 55.4072731], [86.18871779999999, 55.407343199999985], [86.1888747, 55.407372099999996], [86.1889672, 55.40740720000001], [86.1890008, 55.407455099999986], [86.18901549999998, 55.4077094], [86.1891295, 55.40790539999999], [86.189222, 55.40795159999999], [86.18941109999999, 55.407956899999995], [86.189516, 55.40799680000001], [86.1895157, 55.40806419999999], [86.1894487, 55.4080962], [86.1893387, 55.40811909999999], [86.18919119999998, 55.408176899999994], [86.1891078, 55.408248], [86.1888865, 55.40879229999999], [86.18898, 55.40902700000001], [86.1889755, 55.40921190000001], [86.18857569999999, 55.40947349999999], [86.18819779999998, 55.40952200000001], [86.187601, 55.4098588], [86.1873205, 55.4099853], [86.18718949999999, 55.41022850000001], [86.1870099, 55.41026870000001], [86.18625809999999, 55.41015279999999], [86.1857554, 55.41030510000001], [86.1852124, 55.4102746], [86.18506499999998, 55.4103621], [86.1850857, 55.41054069999999], [86.1850674, 55.4105825], [86.18503479999998, 55.4106173], [86.18497199999999, 55.410609099999995], [86.18071999999998, 55.4090949], [86.1796741, 55.40952], [86.1791445, 55.409735299999994], [86.17742509999998, 55.4110721], [86.1752309, 55.412374799999995], [86.1730613, 55.413003], [86.1643338, 55.4122877], [86.1628305, 55.41180229999999], [86.158055, 55.4090478], [86.1492712, 55.404004399999984], [86.1489817, 55.4038136], [86.1483234, 55.403519599999996], [86.14772389999999, 55.4031335], [86.1473861, 55.403061099999995], [86.1472305, 55.4027961], [86.1470595, 55.40270219999999], [86.147064, 55.4025037], [86.1464634, 55.40206249999999], [86.1453619, 55.4028682], [86.14382179999998, 55.4039946], [86.1418432, 55.4058375], [86.14179949999999, 55.405878099999995], [86.1410804, 55.40654789999999], [86.14103539999999, 55.4079753], [86.138067, 55.4118388], [86.1365636, 55.4137191], [86.1363208, 55.4143695], [86.1365998, 55.4148689], [86.13574659999999, 55.41681599999999], [86.13602129999998, 55.4171765], [86.1384045, 55.4203664], [86.1442059, 55.417639300000005], [86.1532942, 55.420218], [86.1642992, 55.420380900000005], [86.1673057, 55.420933999999995], [86.1689118, 55.42025309999999], [86.168561, 55.420075499999996], [86.1685824, 55.4197132], [86.1697411, 55.419716199999996], [86.17057269999998, 55.419560999999995], [86.1713075, 55.4196949], [86.17214439999998, 55.41932349999998], [86.17214149999998, 55.4189759], [86.172536, 55.4187663], [86.17317439999998, 55.41877540000001], [86.17362499999999, 55.418102600000005], [86.1744949, 55.4178473], [86.1965956, 55.4167689], [86.20148869999998, 55.4163445], [86.2040213, 55.4179138], [86.20814639999999, 55.41631219999999], [86.2091374, 55.4168298], [86.2094754, 55.41690289999999], [86.2097921, 55.41704330000001], [86.2105264, 55.4181183], [86.2111913, 55.418381100000005], [86.21210099999999, 55.4189637], [86.2129365, 55.419021300000004], [86.21574479999998, 55.41855730000001], [86.21734659999998, 55.417991199999996], [86.2174606, 55.4133859], [86.2190509, 55.4122592], [86.21971069999998, 55.4116197], [86.220333, 55.4113548], [86.2208006, 55.41069099999999], [86.22104569999999, 55.409917699999994], [86.22211119999999, 55.40765309999999], [86.22329579999999, 55.405555899999996], [86.22466409999998, 55.4042708], [86.22528429999998, 55.40415049999999], [86.2256849, 55.40402269999999], [86.2285218, 55.402536199999986], [86.2288946, 55.4021067], [86.2305003, 55.4011571], [86.23063649999999, 55.4006703], [86.2295207, 55.399779699999996], [86.228088, 55.397114300000005], [86.2283571, 55.39612090000001], [86.2268815, 55.3946934], [86.2253689, 55.3919217], [86.22604169999998, 55.3906989], [86.22614869999998, 55.3898109], [86.2252714, 55.388253299999995], [86.2248475, 55.3879858], [86.2246457, 55.387622799999995], [86.2253689, 55.3877279], [86.226378, 55.387661], [86.22683219999999, 55.3872215], [86.2281232, 55.3871625], [86.2295568, 55.387106900000006], [86.2313565, 55.386848900000004], [86.23376329999999, 55.387107500000006], [86.2382355, 55.3884062], [86.2404892, 55.389275500000004], [86.2434746, 55.39096719999999], [86.24395, 55.3907337], [86.2388827, 55.3850408], [86.2433484, 55.38534899999999], [86.2467134, 55.385668599999995], [86.25079869999999, 55.385588600000005], [86.2523961, 55.38531830000001], [86.25495340000002, 55.3847962], [86.25561, 55.38518959999999], [86.2556014, 55.3852586], [86.25548079999999, 55.385352899999994], [86.2553011, 55.3854829], [86.25474609999999, 55.3857444], [86.2502531, 55.38763469999999], [86.24955869999998, 55.38819339999999], [86.24894589999998, 55.3887823], [86.24784419999999, 55.3895358], [86.24702099999999, 55.38995899999999], [86.2463616, 55.39037220000001], [86.24594629999999, 55.39074209999998], [86.24577849999999, 55.3914417], [86.2456737, 55.3929108], [86.245535, 55.3944042], [86.24561229999999, 55.39481570000001], [86.24596009999999, 55.395975199999995], [86.246278, 55.39671649999999], [86.2468197, 55.3977033], [86.2473847, 55.39856489999999], [86.24755389999999, 55.398605899999986], [86.2526722, 55.39741610000001], [86.25275689999998, 55.398046099999995], [86.25602919999999, 55.3993512], [86.25856649999999, 55.400411199999986], [86.26566240000001, 55.3964365], [86.26782649999998, 55.39772839999999], [86.26850809999999, 55.3978668], [86.2706248, 55.3974998], [86.2712806, 55.39755439999999], [86.27160669999999, 55.3975658], [86.27229899999999, 55.3974604], [86.2728407, 55.3974319], [86.273543, 55.39753160000001], [86.27389209999998, 55.3975163], [86.2746892, 55.39722609999999], [86.2752486, 55.3971613], [86.27696020000002, 55.3973051], [86.2772919, 55.3972566], [86.2775996, 55.396907799999994], [86.27797999999999, 55.3967892], [86.2784982, 55.39673880000001], [86.2793863, 55.3967635], [86.28163069999998, 55.3976025], [86.28528219999998, 55.39835429999999], [86.2863454, 55.398908299999995], [86.2868369, 55.399420299999996], [86.28899279999999, 55.400486400000005], [86.29024309999998, 55.4008431], [86.29117, 55.400928300000004], [86.2901831, 55.4032292], [86.28928599999999, 55.404177999999995], [86.2897183, 55.4043203], [86.28968159999998, 55.4043766], [86.29073609999999, 55.4046748], [86.29204009999998, 55.4052127], [86.2897719, 55.40820430000001], [86.29078320000002, 55.4087727], [86.2903851, 55.41012009999999], [86.2904559, 55.411169], [86.28933709999998, 55.412218599999996], [86.2883492, 55.41314539999999], [86.28925979999998, 55.413028800000006], [86.28896969999998, 55.413450700000006], [86.28887679999998, 55.41364170000001], [86.2889492, 55.413861000000004], [86.2891317, 55.4141974], [86.28816519999998, 55.4146406], [86.2881295, 55.4156213], [86.2878227, 55.415805199999994], [86.2877047, 55.41613859999999], [86.2872101, 55.416640599999994], [86.2866551, 55.4168384], [86.28587669999999, 55.4168189], [86.2855697, 55.41694549999999], [86.2850805, 55.4174831], [86.28473819999999, 55.4175575], [86.2835365, 55.4176428], [86.282467, 55.4176285], [86.2819572, 55.417783400000005], [86.2817636, 55.41805449999999], [86.28201039999999, 55.4186613], [86.28200359999998, 55.418764599999996], [86.281895, 55.4188242], [86.28172019999998, 55.41881289999999], [86.28136930000001, 55.4187313], [86.28060309999998, 55.4184647], [86.28044929999999, 55.4184877], [86.2800969, 55.418668], [86.2795669, 55.4191591], [86.27953879999998, 55.41930490000001], [86.27928549999999, 55.4195049], [86.2789629, 55.419600100000004], [86.27879709999999, 55.419742099999986], [86.2787047, 55.41992969999999], [86.2788338, 55.4203326], [86.27826599999999, 55.42056109999999], [86.27799239999999, 55.4207438], [86.2777917, 55.4207614], [86.2770483, 55.4206311], [86.27685959999998, 55.4206469], [86.27628919999998, 55.4207697], [86.275852, 55.4207987], [86.2753853, 55.42101169999999], [86.2751761, 55.4210543], [86.2748644, 55.4210133], [86.27103609999999, 55.4202207], [86.27035859999998, 55.4202365], [86.2696476, 55.4198631], [86.26934229999999, 55.41983799999999], [86.268833, 55.4199418], [86.26845989999998, 55.41985329999999], [86.2683043, 55.4197193], [86.26810309999999, 55.4196249], [86.267792, 55.4196376], [86.2674503, 55.419761300000005], [86.2669986, 55.4197759], [86.2661984, 55.41921920000001], [86.26390099999999, 55.41918259999999], [86.26157609999998, 55.4189878], [86.26151329999999, 55.41948289999999], [86.2612303, 55.419791999999994], [86.2613919, 55.4204404], [86.26134629999999, 55.4206114], [86.26057059999998, 55.4208807], [86.2597401, 55.420818499999996], [86.2594845, 55.4208548], [86.25900999999999, 55.4211397], [86.2580335, 55.4214194], [86.2580335, 55.42186999999999], [86.2576748, 55.4222378], [86.2578053, 55.42275049999999], [86.2573216, 55.4232995], [86.2573307, 55.42368269999999], [86.2569474, 55.42385879999999], [86.25679229999999, 55.4241333], [86.2569292, 55.4243405], [86.2578144, 55.4246046], [86.25790569999998, 55.42468229999999], [86.25769579999998, 55.42497230000001], [86.2572895, 55.4253224], [86.2568744, 55.4254436], [86.2564364, 55.4254436], [86.2558067, 55.4259667], [86.2558067, 55.42642240000001], [86.25564549999999, 55.4267572], [86.25542479999999, 55.42690280000001], [86.2550306, 55.427016699999996], [86.25481649999999, 55.427116600000005], [86.2545981, 55.4273285], [86.25431909999999, 55.42747369999999], [86.25372610000001, 55.427511599999995], [86.2536324, 55.4275385], [86.25350859999999, 55.42782469999999], [86.2533876, 55.4278834], [86.2528683, 55.42793999999999], [86.25274649999999, 55.4280783], [86.2526022, 55.42812489999999], [86.252197, 55.428110800000006], [86.2518458, 55.42817039999999], [86.25169729999999, 55.4281708], [86.2514707, 55.4280945], [86.2512843, 55.4279671], [86.25113619999999, 55.42795079999999], [86.2509928, 55.427893899999994], [86.25080409999998, 55.42772709999999], [86.25049079999998, 55.4276032], [86.2503215, 55.4274506], [86.2496907, 55.4272838], [86.2495402, 55.4271713], [86.24940879999998, 55.42698689999999], [86.2490409, 55.4268337], [86.24870639999999, 55.4266723], [86.24825, 55.426403900000004], [86.24695029999998, 55.425823599999994], [86.2463029, 55.4255837], [86.2458202, 55.4254386], [86.24554869999999, 55.4253029], [86.24517289999999, 55.42502269999999], [86.24479199999999, 55.4248035], [86.24186439999998, 55.42609579999999], [86.24218609999998, 55.42640219999999], [86.2422895, 55.4264702], [86.2441384, 55.42710879999999], [86.24592799999999, 55.4279066], [86.24655140000002, 55.428256299999994], [86.24706789999999, 55.4284068], [86.24721139999998, 55.4284366], [86.2475484, 55.42841200000001], [86.2480402, 55.428461], [86.2483857, 55.4285618], [86.2485203, 55.42869079999999], [86.2487143, 55.4287482], [86.2493166, 55.4287586], [86.24960069999999, 55.42886399999999], [86.25003039999999, 55.428864299999994], [86.2503178, 55.4289316], [86.2505937, 55.42906629999999], [86.2494993, 55.42921439999999], [86.2491751, 55.429267], [86.2485369, 55.4297643], [86.24859169999999, 55.430043999999995], [86.2488016, 55.4302304], [86.24874679999999, 55.4304168], [86.2485187, 55.4305152], [86.24828139999998, 55.4305307], [86.24811709999999, 55.43040129999999], [86.24776119999999, 55.430365], [86.2473322, 55.4304686], [86.2469033, 55.4304789], [86.24663859999998, 55.43069129999999], [86.2465017, 55.43090359999999], [86.24672079999999, 55.430924299999994], [86.2468029, 55.4311003], [86.24662949999998, 55.4312453], [86.2462371, 55.4312143], [86.2453245, 55.43216699999999], [86.24503239999999, 55.43217739999999], [86.24474949999998, 55.4319703], [86.2442749, 55.43191329999999], [86.2436698, 55.4321122], [86.2434353, 55.4319754], [86.24330760000001, 55.4316906], [86.2435814, 55.431483499999985], [86.24360869999998, 55.4312816], [86.2433714, 55.43119349999999], [86.24272349999998, 55.4312143], [86.24220539999999, 55.4314165], [86.2421125, 55.431412], [86.2419531, 55.43136679999999], [86.24179869999999, 55.431390699999994], [86.2410324, 55.431648599999995], [86.2411442, 55.43180009999999], [86.2412462, 55.4320162], [86.24139369999999, 55.43208919999999], [86.24167329999999, 55.432366], [86.2416541, 55.43249809999999], [86.2413776, 55.43266289999999], [86.2410477, 55.43291249999999], [86.24067219999999, 55.4330738], [86.2403389, 55.43331309999999], [86.23976559999998, 55.433551699999995], [86.2394218, 55.43358009999999], [86.2384416, 55.4334289], [86.23785849999999, 55.4334238], [86.2373006, 55.4335608], [86.23697280000002, 55.43355], [86.2367615, 55.4335973], [86.2366247, 55.433658199999996], [86.236563, 55.433709900000004], [86.2361673, 55.4337896], [86.2330679, 55.4325761], [86.2293166, 55.43332], [86.2239048, 55.43269999999998], [86.21952789999999, 55.4345828], [86.21693809999998, 55.43318000000001], [86.2160575, 55.432923200000005], [86.2155452, 55.43284709999999], [86.21531549999999, 55.4328504], [86.2139601, 55.4331378], [86.20041689999998, 55.4371612], [86.1984891, 55.43805580000001], [86.19743999999999, 55.4399188], [86.19989649999998, 55.44567599999999], [86.1980251, 55.4464299], [86.2018119, 55.44675929999999], [86.2009394, 55.4473845], [86.1955528, 55.4473442], [86.18692959999998, 55.449038400000006], [86.1873311, 55.449429800000004], [86.1873257, 55.44961539999999], [86.1871272, 55.44977360000001], [86.1868107, 55.4498922], [86.1865076, 55.44997439999999], [86.1863252, 55.4500367], [86.1862689, 55.4500961], [86.18624209999999, 55.450185799999986], [86.186277, 55.4502269], [86.18639770000001, 55.4502543], [86.18695559999999, 55.4500961], [86.18727739999999, 55.4499227], [86.18750269999998, 55.4497401], [86.1877066, 55.4497553], [86.1889148, 55.4506363], [86.1893509, 55.4511564], [86.1873472, 55.451760199999995], [86.1843216, 55.45282190000001], [86.18328659999999, 55.4532621], [86.1829591, 55.4535732], [86.1826908, 55.453964199999994], [86.18268279999998, 55.4541482], [86.1827177, 55.45429270000001], [86.182782, 55.45428510000001], [86.1834168, 55.4547006], [86.1843753, 55.45434899999999], [86.184665, 55.45431849999999], [86.18587349999999, 55.4543645], [86.18625279999999, 55.4543246], [86.18700069999998, 55.453995500000005], [86.18768509999998, 55.4544159], [86.18809279999999, 55.4546288], [86.1889887, 55.45523420000001], [86.1893642, 55.4556144], [86.19086489999998, 55.4568405], [86.1914241, 55.4569467], [86.1917482, 55.4569338], [86.1957526, 55.4552603], [86.1966292, 55.45544739999999], [86.1984569, 55.4562775], [86.19851049999998, 55.45661820000001], [86.19868779999999, 55.4567972], [86.1999804, 55.4580645], [86.2001252, 55.4582896], [86.2003103, 55.4584752], [86.2005141, 55.4586196], [86.2007958, 55.4587641], [86.2008414, 55.458847799999994], [86.20070819999998, 55.458976799999995], [86.20050069999999, 55.45900590000001], [86.20003939999998, 55.4587078], [86.199165, 55.458035599999995], [86.1985896, 55.45745279999999], [86.19792039999999, 55.4570471], [86.1976742, 55.45699470000001], [86.197443, 55.456995400000004], [86.1971104, 55.4570471], [86.19622870000002, 55.4573604], [86.1953976, 55.45779120000001], [86.19476879999999, 55.457904799999994], [86.1935897, 55.45801989999999], [86.19314069999999, 55.4580934], [86.1927491, 55.458282], [86.1925971, 55.45843669999999], [86.1930458, 55.45908729999999], [86.19362349999999, 55.459542799999994], [86.19379589999998, 55.459732699999996], [86.1934948, 55.4606818], [86.1934805, 55.461488499999994], [86.1933745, 55.46168300000001], [86.19321579999999, 55.46189839999999], [86.1927854, 55.4621129], [86.1919606, 55.4622998], [86.19191729999999, 55.4624297], [86.1920947, 55.4627469], [86.1923361, 55.4630085], [86.19245409999999, 55.46321529999999], [86.19245409999999, 55.4633704], [86.1922918, 55.4634527], [86.1916065, 55.463641100000004], [86.1908173, 55.4637743], [86.1906091, 55.46506209999998], [86.1902627, 55.46531979999999], [86.19009449999999, 55.4653238], [86.18912819999998, 55.4644226], [86.18895109999998, 55.46408809999999], [86.188978, 55.4636289], [86.18870979999998, 55.4630163], [86.1885649, 55.46287769999999], [86.1882484, 55.462679999999985], [86.1876529, 55.4625127], [86.18725949999998, 55.462238500000005], [86.1869341, 55.4617828], [86.1865801, 55.4614148], [86.1863993, 55.4613022], [86.1854838, 55.46124499999999], [86.18544819999998, 55.4611046], [86.1855861, 55.460690699999994], [86.18517989999998, 55.46012520000001], [86.18481520000002, 55.45944999999999], [86.18452569999998, 55.459108799999996], [86.18345539999999, 55.4594005], [86.18045929999998, 55.4602499], [86.1800252, 55.460288999999996], [86.179101, 55.4602561], [86.1783933, 55.4600454], [86.1762252, 55.4604162], [86.1725771, 55.4615781], [86.1718956, 55.4621626], [86.1712768, 55.4628797], [86.1698163, 55.463610599999996], [86.16971239999998, 55.4637458], [86.1696395, 55.464429700000004], [86.16911399999998, 55.46503849999999], [86.1678061, 55.465838399999996], [86.16697789999999, 55.4666967], [86.16623279999999, 55.467028899999995], [86.16497219999998, 55.4676781], [86.16383449999998, 55.468163100000005], [86.16367400000001, 55.4683273], [86.1635828, 55.4685706], [86.1637555, 55.4689882], [86.16552669999999, 55.4716619], [86.1653449, 55.4718942], [86.1636265, 55.4723781], [86.16071579999999, 55.47264429999999], [86.15970899999999, 55.472843], [86.15977989999999, 55.47299209999999], [86.1584615, 55.4732185], [86.1584075, 55.4733475], [86.15837399999998, 55.4739746], [86.1583446, 55.474064399999996], [86.15629329999999, 55.4738427], [86.15557109999999, 55.47606419999999], [86.15946399999999, 55.47905180000001], [86.1623659, 55.4787235], [86.1626712, 55.47984739999999], [86.1674388, 55.4809819], [86.16859699999999, 55.4803179], [86.1701108, 55.4811566], [86.1707971, 55.48384589999999], [86.1765691, 55.48351079999998], [86.1775136, 55.48219169999999], [86.181119, 55.4839544], [86.1847423, 55.4851573], [86.1870973, 55.4844207], [86.19099669999999, 55.48549570000001], [86.19146839999999, 55.48423240000001], [86.19665, 55.48282189999999], [86.1978982, 55.483402299999995], [86.20274069999999, 55.48266], [86.20569369999998, 55.4848389], [86.20344939999998, 55.4881938], [86.2057115, 55.4891523], [86.20568279999999, 55.4892491]]]]}}, {"type": "Feature", "properties": {"id": "mo-32510000", "name": "Крапивинский муниципальный округ", "region": "Кемеровская область", "isCity": false, "sourceOktmo": "32-510-000-000", "sourceAgg": "Кемерово", "excelNames": ["Крапивинский муниципальный округ"], "oktmo": "32510000", "vgp": [{"year": 2019, "value": 4554445.183410977}, {"year": 2020, "value": 4299354.848111006}, {"year": 2021, "value": 4265499.957625869}, {"year": 2022, "value": 8546885.63793158}, {"year": 2023, "value": 7649295.964401679}, {"year": 2024, "value": 7011313.934373627}], "population": [{"year": 2019, "value": 22740.0}, {"year": 2020, "value": 22557.0}, {"year": 2021, "value": 22392.0}, {"year": 2022, "value": 22085.0}, {"year": 2023, "value": 21743.0}, {"year": 2024, "value": 21713.0}, {"year": 2025, "value": 21510.0}], "shipments": [{"year": 2019, "value": 618290.9}, {"year": 2020, "value": 540723.5}, {"year": 2021, "value": 1447087.0}, {"year": 2022, "value": 1462221.3}, {"year": 2023, "value": 1912311.7}, {"year": 2024, "value": 1534957.4}], "employees": [{"year": 2019, "value": 3298.0}, {"year": 2020, "value": 3233.0}, {"year": 2021, "value": 3273.0}, {"year": 2022, "value": 3190.0}, {"year": 2023, "value": 3125.0}, {"year": 2024, "value": 3091.0}], "investments": [{"year": 2019, "value": 99483.0}, {"year": 2020, "value": 209230.0}, {"year": 2021, "value": 349418.0}, {"year": 2022, "value": 430386.0}, {"year": 2023, "value": 331465.0}, {"year": 2024, "value": 707330.0}], "vgp2024": 7011313.934373627, "pop2024": 21713.0, "ship2024": 1534957.4, "emp2024": 3091.0, "inv2024": 707330.0}, "geometry": {"type": "MultiPolygon", "coordinates": [[[[86.5595624, 54.6547759], [86.55784069999999, 54.661679], [86.56591919999998, 54.669881800000006], [86.56492499999999, 54.6731772], [86.56583869999999, 54.6763919], [86.57133289999999, 54.67964099999999], [86.5688137, 54.68754319999999], [86.5604641, 54.6919024], [86.5524374, 54.69389300000001], [86.52678329999999, 54.7002545], [86.52946609999998, 54.704839299999996], [86.51329109999999, 54.71036349999999], [86.5040017, 54.712111799999995], [86.48029589999999, 54.7188669], [86.4848365, 54.7254853], [86.43575440000001, 54.73434979999999], [86.43698629999999, 54.74553929999999], [86.421104, 54.7468729], [86.42619439999999, 54.7504965], [86.4432396, 54.7699354], [86.4485996, 54.7797255], [86.4506096, 54.7946636], [86.4654703, 54.814898], [86.4717143, 54.82284670000001], [86.47138979999998, 54.8229309], [86.42051549999998, 54.836683099999995], [86.4063189, 54.8418829], [86.3852756, 54.84958919999998], [86.3884162, 54.852336099999995], [86.39125489999999, 54.8554653], [86.394478, 54.858179], [86.3978119, 54.860543], [86.3991648, 54.8627955], [86.4030785, 54.864603], [86.4064124, 54.8669388], [86.4105194, 54.8669666], [86.41506119999998, 54.8674949], [86.41883, 54.8688851], [86.4226471, 54.8707201], [86.42371, 54.8722771], [86.42332349999998, 54.8736671], [86.42410399999999, 54.87572790000001], [86.4239124, 54.8763618], [86.42459199999999, 54.8768725], [86.42575209999998, 54.876700199999995], [86.42657539999999, 54.877324599999994], [86.4267251, 54.877949], [86.42627599999999, 54.8786035], [86.4250785, 54.8785002], [86.4237612, 54.87965419999999], [86.4237911, 54.88067029999999], [86.423314, 54.88119669999999], [86.4233607, 54.88197709999999], [86.4241092, 54.881600399999996], [86.424998, 54.8821924], [86.4259804, 54.8820309], [86.426682, 54.8827037], [86.4263078, 54.8839415], [86.4260271, 54.885233099999994], [86.4270899, 54.8859508], [86.4269028, 54.8865427], [86.42610750000001, 54.886623500000006], [86.4248913, 54.88702709999999], [86.4249848, 54.8880226], [86.4262011, 54.8883993], [86.4271835, 54.889044999999996], [86.4268092, 54.890175], [86.42737059999999, 54.89063240000001], [86.4274173, 54.8913857], [86.42907809999998, 54.89437739999999], [86.43009159999998, 54.89904], [86.4286277, 54.901791900000006], [86.4285714, 54.90444660000001], [86.42851509999998, 54.90710109999999], [86.4303169, 54.91189159999999], [86.42888759999998, 54.9149682], [86.42928069999999, 54.9185818], [86.42251719999999, 54.9181971], [86.4224588, 54.9191934], [86.420729, 54.9193757], [86.4172308, 54.9178932], [86.4161741, 54.9183484], [86.4164624, 54.9195248], [86.41545110000001, 54.920083600000005], [86.4149633, 54.92065149999999], [86.41530699999998, 54.9218281], [86.4139703, 54.9222848], [86.42182239999998, 54.923333299999996], [86.4201925, 54.9271141], [86.4184227, 54.92848750000001], [86.4110206, 54.9290531], [86.4100819, 54.9304974], [86.4105525, 54.93194939999999], [86.4205849, 54.9346823], [86.41891279999999, 54.935841700000005], [86.42931999999999, 54.93936920000001], [86.4335867, 54.9429461], [86.43952359999999, 54.94572010000001], [86.4414416, 54.9460493], [86.44322429999998, 54.945849], [86.4449332, 54.94536939999999], [86.4468362, 54.94503480000001], [86.4481348, 54.945083200000006], [86.4503493, 54.94556440000001], [86.4484468, 54.947824100000005], [86.4426309, 54.95360099999999], [86.43141069999999, 54.95828050000001], [86.42975719999998, 54.9670417], [86.3994034, 54.966553], [86.38236509999999, 54.9708318], [86.38133729999998, 54.969535199999996], [86.37951949999999, 54.9691779], [86.3795212, 54.968725], [86.3789173, 54.96854499999999], [86.378318, 54.96862230000001], [86.3780496, 54.9693471], [86.37673679999999, 54.9698218], [86.376211, 54.96941710000001], [86.3773948, 54.9686081], [86.3764261, 54.9681117], [86.37492139999999, 54.96806939999999], [86.37370509999998, 54.9683111], [86.3716001, 54.9682305], [86.36986929999999, 54.9683648], [86.36915249999998, 54.9681338], [86.3690218, 54.967015], [86.36833369999998, 54.96592760000001], [86.36888689999999, 54.965572], [86.3702749, 54.9651834], [86.3705187, 54.9647187], [86.37078439999999, 54.964269800000004], [86.3718801, 54.9642482], [86.3731354, 54.9649189], [86.373788, 54.9656891], [86.37482689999999, 54.9659455], [86.37574469999998, 54.965996800000006], [86.3759466, 54.96577069999999], [86.3758386, 54.96509399999999], [86.376371, 54.96473199999999], [86.3768454, 54.964338399999995], [86.37691139999998, 54.96338279999999], [86.3779172, 54.9628898], [86.37764629999998, 54.962303999999996], [86.3770264, 54.961812299999984], [86.37675729999998, 54.9617982], [86.3764651, 54.9619554], [86.37615469999999, 54.9619659], [86.37594169999998, 54.9616724], [86.37518089999999, 54.9617947], [86.3745235, 54.9622909], [86.37390949999998, 54.963125699999985], [86.37344689999999, 54.96314889999999], [86.3731035, 54.9629704], [86.37273089999998, 54.9626858], [86.37268599999999, 54.9622677], [86.3726069, 54.96206509999999], [86.37243579999999, 54.96194849999999], [86.37190019999998, 54.9612915], [86.372168, 54.9611482], [86.3724419, 54.961235599999995], [86.37271580000001, 54.9611832], [86.3728984, 54.96086169999999], [86.373294, 54.9607778], [86.37336099999999, 54.9605122], [86.37230190000001, 54.959855299999994], [86.372112, 54.9596491], [86.37161969999998, 54.959482599999994], [86.3708323, 54.959610000000005], [86.3695247, 54.95941210000001], [86.3682799, 54.958783], [86.3676984, 54.9586025], [86.3668724, 54.95834620000001], [86.3653984, 54.9578493], [86.36334419999999, 54.95759809999999], [86.36135649999999, 54.95614559999999], [86.35971969999999, 54.9549725], [86.3571329, 54.95402880000001], [86.35536329999998, 54.9538245], [86.3535483, 54.9536143], [86.35282560000002, 54.95351449999998], [86.351896, 54.95303229999999], [86.35193, 54.9527081], [86.3514963, 54.95243330000001], [86.3506973, 54.9522886], [86.3493897, 54.952519], [86.3485278, 54.952510399999994], [86.3475174, 54.952595800000005], [86.3412858, 54.9517428], [86.3367301, 54.95115959999999], [86.3345843, 54.950817699999995], [86.3323283, 54.95049389999999], [86.3284673, 54.94970289999999], [86.3225224, 54.9484539], [86.31803739999998, 54.9500854], [86.3153271, 54.9502994], [86.3141381, 54.9500149], [86.311998, 54.950276599999995], [86.30494119999999, 54.949552499999996], [86.30248249999998, 54.94999640000001], [86.2899541, 54.93161739999999], [86.28142819999998, 54.9257916], [86.2637745, 54.9043394], [86.21158079999998, 54.9033446], [86.2095648, 54.8963809], [86.17408949999998, 54.898735800000004], [86.11561789999999, 54.9178327], [86.1148313, 54.92034499999999], [86.11216059999998, 54.9231044], [86.1171321, 54.9260564], [86.0598081, 54.9349303], [86.0409676, 54.94834840000001], [86.04765089999998, 54.9505416], [86.0468234, 54.9619081], [86.06961029999998, 54.96965449999999], [86.0701195, 54.9711159], [86.08287069999999, 54.97163749999999], [86.0848509, 54.9730824], [86.09024269999999, 54.97358299999999], [86.09500019999999, 54.9752213], [86.0985684, 54.976222500000006], [86.1015022, 54.9774056], [86.10610109999999, 54.9775421], [86.1076077, 54.9785888], [86.11418889999999, 54.97936229999999], [86.1163976, 54.979639199999994], [86.1179949, 54.9807274], [86.1225939, 54.98318439999999], [86.1248933, 54.98509529999999], [86.1313953, 54.9870517], [86.1366898, 54.9886242], [86.13844779999998, 54.989484999999995], [86.1375836, 54.99008859999999], [86.13670199999999, 54.9901519], [86.1348217, 54.991339700000005], [86.1332691, 54.992327599999996], [86.133088, 54.9928505], [86.13343200000001, 54.993152699999996], [86.13422759999999, 54.9935413], [86.134442, 54.993867200000004], [86.13548549999999, 54.9948735], [86.13508189999999, 54.9952965], [86.13442109999998, 54.9951757], [86.1343566, 54.9954101], [86.13493259999998, 54.99602639999999], [86.13537899999999, 54.99725860000001], [86.13423019999999, 54.9973411], [86.13359699999998, 54.996941799999995], [86.1327146, 54.99668369999999], [86.1320723, 54.99668960000001], [86.13044919999999, 54.9970626], [86.12985579999999, 54.997638200000004], [86.15144599999999, 55.0152387], [86.14514709999999, 55.01942619999999], [86.1350894, 55.025934], [86.1165539, 55.0401163], [86.13047739999999, 55.0466693], [86.14104439999998, 55.0468829], [86.1480061, 55.05037269999999], [86.1516113, 55.0516545], [86.1554652, 55.05186820000001], [86.1555895, 55.053506], [86.15335179999998, 55.05514380000001], [86.15372469999998, 55.0582768], [86.16070639999998, 55.06162319999999], [86.1647641, 55.06258009999999], [86.17073129999999, 55.0666806], [86.1771759, 55.066270599999996], [86.1796424, 55.067637399999995], [86.1837001, 55.067637399999995], [86.19141769999999, 55.0727851], [86.191736, 55.0742428], [86.1958006, 55.07684989999999], [86.198275, 55.0807105], [86.1907787, 55.08292449999999], [86.1938475, 55.08401270000001], [86.20874369999999, 55.088132], [86.24691969999999, 55.0716308], [86.2489905, 55.07272420000001], [86.2849147, 55.09247980000001], [86.29211819999999, 55.095988000000006], [86.297071, 55.097702999999996], [86.3016417, 55.09914], [86.3037443, 55.0993728], [86.3061368, 55.0997963], [86.31036129999998, 55.1003293], [86.31151919999999, 55.098792399999994], [86.3134526, 55.09898090000001], [86.31597129999999, 55.093064700000006], [86.3208272, 55.0862648], [86.3240888, 55.08371019999999], [86.327007, 55.08272759999999], [86.33078359999999, 55.08233460000001], [86.3385084, 55.0825311], [86.3580778, 55.08449619999999], [86.37078069999998, 55.0872472], [86.3781621, 55.08960509999999], [86.3924454, 55.0974988], [86.40373049999998, 55.1063326], [86.4232438, 55.1196036], [86.4397395, 55.12366999999999], [86.4478723, 55.124897600000004], [86.4613423, 55.13002379999999], [86.46723029999998, 55.13151969999999], [86.4869102, 55.13314099999999], [86.4978617, 55.1350519], [86.51821059999999, 55.1418705], [86.5401979, 55.1525104], [86.537955, 55.153364899999985], [86.52832979999998, 55.156978599999995], [86.52720119999998, 55.1628063], [86.5208551, 55.177429399999994], [86.52574609999999, 55.18649159999999], [86.5242895, 55.190447299999995], [86.5317832, 55.1963719], [86.53560199999998, 55.220286800000004], [86.5273848, 55.24705879999999], [86.52500389999999, 55.254383], [86.5029543, 55.27235689999999], [86.4982988, 55.27460769999998], [86.51204479999998, 55.28676499999999], [86.5119364, 55.2897715], [86.5128851, 55.29190769999999], [86.55217429999999, 55.31038299999999], [86.5554542, 55.324459600000004], [86.5395818, 55.33601819999999], [86.57001479999998, 55.3508347], [86.58239039999998, 55.35254309999999], [86.5877317, 55.357311599999996], [86.5840207, 55.3607146], [86.81115249999999, 55.3781564], [86.8315591, 55.4370402], [86.851331, 55.433222699999995], [86.8744154, 55.425293100000005], [86.8800054, 55.4280539], [86.8862165, 55.4265267], [86.90495320000001, 55.436041800000005], [86.9458068, 55.3911612], [86.94728169999999, 55.385736], [86.9364944, 55.3798632], [86.9423375, 55.37066929999999], [86.93065129999998, 55.36760410000001], [86.92466469999998, 55.3603911], [86.89866349999998, 55.356874299999994], [86.8762656, 55.33847360000001], [86.88255809999998, 55.3256902], [86.89154749999999, 55.31520479999999], [86.89784009999998, 55.313925899999994], [86.899638, 55.2962729], [86.91222309999999, 55.29601699999999], [86.9337976, 55.31213540000001], [86.95537209999999, 55.3088099], [86.99708839999998, 55.34156800000001], [86.997496, 55.341555099999994], [86.99783089999998, 55.341657700000006], [86.9980499, 55.3419214], [86.9980112, 55.3423755], [86.9973969, 55.34282530000001], [86.9974381, 55.343094799999996], [86.99796359999999, 55.3431475], [86.9986952, 55.3429542], [86.9997463, 55.34240919999999], [86.99991109999999, 55.3417588], [87.00088999999998, 55.34123720000001], [87.00281139999998, 55.34157499999999], [87.0046695, 55.3416601], [87.00561719999999, 55.341035999999995], [87.007413, 55.340787799999994], [87.00837319999998, 55.340050199999986], [87.0090216, 55.33996510000001], [87.00998179999999, 55.3404545], [87.01064569999998, 55.3406025], [87.01161989999999, 55.34046399999998], [87.011352, 55.3396606], [87.01198519999998, 55.339535999999995], [87.01227749999998, 55.339646800000004], [87.01300819999999, 55.339965299999996], [87.0163937, 55.340006900000006], [87.01731919999999, 55.33961910000001], [87.01880489999999, 55.33961910000001], [87.01958429999999, 55.3384694], [87.0226531, 55.338206199999995], [87.02197119999998, 55.3375274], [87.0219225, 55.337208799999985], [87.0225801, 55.3371534], [87.0243581, 55.338233900000006], [87.0251375, 55.3384971], [87.02562459999999, 55.3382477], [87.0253803, 55.337812099999994], [87.0249314, 55.33699649999999], [87.0248939, 55.336762500000006], [87.0253179, 55.3365993], [87.0268019, 55.3368192], [87.02746279999998, 55.33667030000001], [87.0280739, 55.336499999999994], [87.0284729, 55.3365922], [87.0293084, 55.337975199999995], [87.02993189999998, 55.33849300000001], [87.03267539999999, 55.33848590000001], [87.03278759999999, 55.3389823], [87.03293729999999, 55.33901779999999], [87.0336231, 55.3390249], [87.03398479999998, 55.338649000000004], [87.03455839999998, 55.33838660000001], [87.03454589999998, 55.33814550000001], [87.03357319999999, 55.337727], [87.03374779999999, 55.33720929999999], [87.0347579, 55.336620599999996], [87.034945, 55.33637950000001], [87.03454589999998, 55.3362305], [87.03341109999998, 55.33628019999999], [87.03304949999999, 55.3361951], [87.03286239999998, 55.3357128], [87.03341109999998, 55.335152400000005], [87.03428399999999, 55.33524459999999], [87.03489509999999, 55.3354007], [87.0350946, 55.3352517], [87.0349076, 55.3349326], [87.03508209999998, 55.33483329999999], [87.0363915, 55.3350319], [87.03671569999999, 55.3348758], [87.03661599999998, 55.334663000000006], [87.03556849999998, 55.334180700000005], [87.03540639999999, 55.3339679], [87.0356433, 55.333762199999995], [87.03682800000001, 55.33380480000001], [87.0383501, 55.3343638], [87.03955820000002, 55.33408669999999], [87.0423445, 55.333898299999994], [87.0447411, 55.332967399999994], [87.04546209999998, 55.3322469], [87.04826789999998, 55.33219149999999], [87.04906669999998, 55.33251289999999], [87.04969019999999, 55.33315580000001], [87.0505281, 55.3334107], [87.0514634, 55.3332888], [87.05175559999999, 55.33287869999999], [87.051879, 55.33038539999999], [87.05237779999999, 55.3298392], [87.0525025, 55.3293355], [87.0500209, 55.326732], [87.04982139999998, 55.326356000000004], [87.0494597, 55.32568199999999], [87.05040750000002, 55.3247384], [87.0509188, 55.3246391], [87.05189139999999, 55.32483069999999], [87.0546224, 55.32519250000001], [87.05515860000001, 55.3249513], [87.0552335, 55.32471009999999], [87.0545345, 55.3243982], [87.0545828, 55.3232992], [87.0549933, 55.32214520000001], [87.0548122, 55.3219185], [87.05337549999999, 55.32180170000001], [87.0530374, 55.3216437], [87.052965, 55.3212453], [87.0539188, 55.3194043], [87.0545466, 55.3190333], [87.05618849999999, 55.3182502], [87.056756, 55.31735019999999], [87.05717849999999, 55.31735019999999], [87.0577218, 55.3174258], [87.05761319999999, 55.317927299999994], [87.05812019999999, 55.318367], [87.05790290000002, 55.3188753], [87.0583375, 55.31901269999999], [87.0590378, 55.3190745], [87.06036949999998, 55.318623499999994], [87.06045129999998, 55.318164599999996], [87.06109419999999, 55.3178653], [87.06268389999998, 55.31775879999999], [87.06268389999998, 55.3173731], [87.06159679999999, 55.31652839999999], [87.061667, 55.316095999999995], [87.0624033, 55.3153311], [87.0627423, 55.31538429999999], [87.06273059999998, 55.315929700000005], [87.063806, 55.31645519999999], [87.065045, 55.3164219], [87.06550079999998, 55.3168077], [87.0662606, 55.3166614], [87.0664008, 55.31630219999999], [87.06696189999998, 55.3159896], [87.0668099, 55.3152779], [87.0678152, 55.31517149999999], [87.06787359999998, 55.315510700000004], [87.0683528, 55.3156969], [87.068797, 55.31573689999999], [87.0691827, 55.3151316], [87.0699892, 55.3149653], [87.0718244, 55.315544], [87.0723387, 55.316095999999995], [87.0739867, 55.316215799999995], [87.07460619999999, 55.31645519999999], [87.0747356, 55.316985200000005], [87.0747721, 55.31818040000001], [87.0776394, 55.3193339], [87.0805799, 55.3198431], [87.0816574, 55.3195833], [87.0820539, 55.3193103], [87.08201740000001, 55.31831259999999], [87.079844, 55.31629649999999], [87.0796066, 55.315433899999995], [87.0816886, 55.313137], [87.08263829999999, 55.3129291], [87.0829505, 55.3136154], [87.08409599999999, 55.3141941], [87.08452849999999, 55.314739599999996], [87.0863519, 55.3152118], [87.0867844, 55.315936799999996], [87.0871467, 55.31629600000001], [87.08915719999999, 55.3163891], [87.09290919999998, 55.315903600000006], [87.0941123, 55.3151318], [87.09487239999999, 55.3152953], [87.09556059999998, 55.3150943], [87.09762529999999, 55.3158188], [87.1017981, 55.31653709999999], [87.1030371, 55.3166369], [87.1042644, 55.31657700000001], [87.1060995, 55.315605899999994], [87.1086944, 55.315027199999996], [87.11163989999999, 55.3139962], [87.1122127, 55.31327779999999], [87.1131628, 55.3127259], [87.11514319999999, 55.31150470000001], [87.1163705, 55.31161109999999], [87.11990329999999, 55.313438299999994], [87.1217588, 55.313704300000005], [87.1232638, 55.31336339999999], [87.1253166, 55.313296900000005], [87.13030249999998, 55.311010299999985], [87.1313252, 55.31090629999999], [87.1335169, 55.3111662], [87.1349962, 55.310844], [87.1360007, 55.3100644], [87.13737259999999, 55.30988060000001], [87.1439812, 55.3108869], [87.14623559999998, 55.3109875], [87.1477828, 55.3107485], [87.1482469, 55.309968600000005], [87.1479596, 55.3083459], [87.14612509999999, 55.307264], [87.1438265, 55.3054147], [87.14364969999998, 55.3050876], [87.144158, 55.3043328], [87.1456831, 55.304106299999994], [87.14773859999998, 55.304081100000005], [87.15131909999998, 55.3053644], [87.1521369, 55.3053267], [87.1524463, 55.3044837], [87.1526895, 55.3017913], [87.15253479999998, 55.30059599999999], [87.1514738, 55.299929199999994], [87.15138539999998, 55.299212], [87.1526453, 55.29872129999999], [87.15569539999998, 55.298444399999994], [87.15814869999998, 55.2979411], [87.1588781, 55.2981047], [87.1604032, 55.2988597], [87.1642489, 55.29952649999999], [87.1677411, 55.3004199], [87.169023, 55.30098610000001], [87.1708354, 55.3041944], [87.1729371, 55.306753199999996], [87.17357809999999, 55.307898], [87.1793247, 55.3092566], [87.181999, 55.3094956], [87.18476179999999, 55.309168500000006], [87.1869941, 55.30835089999999], [87.1874141, 55.3077596], [87.1852481, 55.3037338], [87.18615419999999, 55.3028028], [87.19187869999999, 55.30053809999999], [87.1943853, 55.29986579999999], [87.1976343, 55.2980287], [87.2003087, 55.295964999999995], [87.2012436, 55.2932983], [87.2012259, 55.29230160000001], [87.20168569999998, 55.29191900000001], [87.20462079999999, 55.29153639999999], [87.20538119999999, 55.2912646], [87.2055757, 55.29043899999999], [87.2069372, 55.2891503], [87.2082987, 55.2869955], [87.21528300000001, 55.2835618], [87.216114, 55.2830583], [87.21606099999998, 55.28261519999999], [87.214947, 55.28161819999998], [87.2145757, 55.2802889], [87.2148409, 55.279573799999994], [87.2193868, 55.2773475], [87.22255540000002, 55.27546530000001], [87.2272331, 55.271901299999996], [87.22858129999999, 55.27158649999999], [87.2314988, 55.26832519999999], [87.2311231, 55.266726], [87.2312311, 55.2652263], [87.2307062, 55.263337299999996], [87.23117589999998, 55.2621251], [87.231093, 55.2609286], [87.23197709999998, 55.2591023], [87.2341321, 55.2579215], [87.23534769999999, 55.258110499999994], [87.2399806, 55.2579918], [87.2423879, 55.257626], [87.24516969999999, 55.2572754], [87.2456244, 55.2575193], [87.24549069999999, 55.26076599999999], [87.2459912, 55.2631466], [87.246355, 55.2636465], [87.2478957, 55.2641708], [87.25221819999999, 55.26425609999999], [87.2537351, 55.263851100000004], [87.25558659999999, 55.263701299999994], [87.2585119, 55.2627024], [87.26091689999998, 55.2612317], [87.26508959999998, 55.2601952], [87.2659455, 55.2596465], [87.2655176, 55.258107], [87.2672294, 55.25635400000001], [87.26725619999999, 55.255729], [87.26878079999999, 55.2535642], [87.26863029999998, 55.2526516], [87.26969300000002, 55.2509344], [87.26984709999999, 55.25029980000001], [87.2708528, 55.2495436], [87.27123799999998, 55.2486654], [87.2732494, 55.24637220000001], [87.2742123, 55.245567199999996], [87.2763736, 55.2453842], [87.27744349999999, 55.2456403], [87.2786204, 55.2453598], [87.28174460000001, 55.2445547], [87.2830713, 55.2442009], [87.28653779999999, 55.245067000000006], [87.28880600000001, 55.2466406], [87.2887204, 55.2493393], [87.28981709999998, 55.25101639999999], [87.28995079999999, 55.2517482], [87.2889077, 55.2537453], [87.28703529999999, 55.254720999999996], [87.28478849999999, 55.254690499999995], [87.27812819999998, 55.2557576], [87.27424979999999, 55.255696599999986], [87.2740358, 55.25612339999999], [87.2743835, 55.256641699999996], [87.2751033, 55.2580735], [87.2750391, 55.2592198], [87.27621599999999, 55.25981730000001], [87.2772795, 55.260242], [87.27756869999999, 55.260816399999996], [87.2772357, 55.2612809], [87.27670980000002, 55.26156559999999], [87.2758859, 55.261720399999994], [87.27410659999998, 55.261425700000004], [87.2723099, 55.2612759], [87.2707147, 55.2614907], [87.27002229999998, 55.26187019999998], [87.27002559999998, 55.262371599999994], [87.27035419999999, 55.2630271], [87.2736547, 55.26482180000001], [87.27517489999998, 55.26539149999999], [87.27669499999999, 55.2655475], [87.278448, 55.2654305], [87.282488, 55.26472819999999], [87.2841861, 55.264213199999986], [87.2856104, 55.2633626], [87.2864184, 55.2629568], [87.28771940000001, 55.2627695], [87.29181539999999, 55.261526499999995], [87.29594149999998, 55.259695], [87.2993358, 55.25860099999999], [87.3011072, 55.257597499999996], [87.30280429999999, 55.25689030000001], [87.3032922, 55.256316], [87.30310059999998, 55.2552997], [87.30308409999999, 55.25469519999999], [87.303399, 55.252900399999994], [87.3033161, 55.2515685], [87.3037436, 55.2508291], [87.30543009999998, 55.2497106], [87.30891979999998, 55.2488279], [87.3098427, 55.248833899999994], [87.31089280000002, 55.2490758], [87.31182149999998, 55.249349], [87.31394289999999, 55.2501898], [87.314523, 55.2501898], [87.31505599999998, 55.2497915], [87.31495559999999, 55.2490018], [87.3153047, 55.2482137], [87.31458429999999, 55.24707089999999], [87.31542999999999, 55.2460174], [87.3175601, 55.2464281], [87.3203799, 55.2462656], [87.32146249999998, 55.24680270000001], [87.3227055, 55.246677], [87.3227055, 55.2463456], [87.32212409999998, 55.2459913], [87.32212409999998, 55.245579799999994], [87.32344729999998, 55.244608400000004], [87.3233069, 55.24223109999999], [87.3223246, 55.240379499999996], [87.3226253, 55.2388364], [87.32333580000001, 55.238759900000005], [87.32389289999999, 55.2382918], [87.32399549999998, 55.238057699999985], [87.3248458, 55.237731700000005], [87.3256962, 55.2366116], [87.3255935, 55.2362437], [87.3251244, 55.23607650000001], [87.3249191, 55.235834100000005], [87.3257255, 55.2352071], [87.32581349999998, 55.2349062], [87.3265905, 55.2347557], [87.3266198, 55.2343294], [87.32612129999998, 55.2338194], [87.3263706, 55.2324734], [87.32760209999998, 55.2320052], [87.3302997, 55.231511999999995], [87.3304463, 55.2310187], [87.33179509999998, 55.2298231], [87.33139919999999, 55.2290957], [87.331238, 55.22805889999999], [87.33160449999998, 55.22734820000001], [87.33285069999998, 55.2271893], [87.3328213, 55.22657889999999], [87.3335544, 55.2263114], [87.33361299999999, 55.22560059999999], [87.33450729999998, 55.225408299999984], [87.33455129999999, 55.2246725], [87.3347419, 55.22439649999999], [87.334478, 55.2240119], [87.33482989999999, 55.2236021], [87.33469789999998, 55.22307529999999], [87.3358122, 55.222657199999986], [87.3365745, 55.2223812], [87.3380846, 55.22252339999999], [87.3388506, 55.2222002], [87.3390851, 55.22225039999999], [87.3392611, 55.2225682], [87.3396129, 55.22244280000001], [87.33964229999998, 55.2220079], [87.34056589999999, 55.2219326], [87.3406978, 55.221414200000005], [87.3414309, 55.22112979999999], [87.3414749, 55.220879], [87.3421493, 55.220510999999995], [87.342076, 55.2199423], [87.34260369999998, 55.2195743], [87.34248649999999, 55.2193151], [87.3424425, 55.2189806], [87.3426917, 55.2187464], [87.3435274, 55.21856240000001], [87.34374729999999, 55.2182362], [87.34452429999999, 55.21780969999999], [87.34481749999999, 55.2171657], [87.3460197, 55.2167141], [87.3469727, 55.21679770000001], [87.3483801, 55.217425000000006], [87.349641, 55.2176926], [87.35039079999999, 55.21807410000001], [87.35111889999999, 55.2181768], [87.35362979999998, 55.2189096], [87.35689499999998, 55.21884529999999], [87.3578063, 55.218586], [87.35842479999998, 55.21862519999999], [87.35985709999999, 55.21814], [87.3649257, 55.2181561], [87.3659461, 55.2182163], [87.36683749999999, 55.21810260000001], [87.3681628, 55.2178216], [87.3695937, 55.2179286], [87.3705437, 55.218142699999994], [87.372221, 55.21936709999999], [87.373429, 55.21966809999999], [87.3745784, 55.21950760000001], [87.3775357, 55.21960899999999], [87.4102347, 55.199425700000006], [87.47022979999998, 55.19043620000001], [87.46936679999999, 55.1758187], [87.5260359, 55.1634965], [87.5240223, 55.15281409999999], [87.56281669999998, 55.14113989999999], [87.57839, 55.13653860000001], [87.58849569999998, 55.13372340000001], [87.6267502, 55.1394555], [87.75302740000001, 55.131812499999995], [87.77716859999998, 55.124804999999995], [87.8395217, 55.071672199999995], [87.8554307, 55.06306180000001], [87.87633329999998, 55.05381210000001], [87.9455787, 54.993326800000006], [87.9799093, 54.9857025], [87.9836339, 54.9848752], [88.1131442, 54.96391440000001], [88.12773029999998, 54.96592149999999], [88.13745669999999, 54.9648484], [88.1464308, 54.9569463], [88.148617, 54.9537333], [88.1311867, 54.94255909999999], [88.1384755, 54.93572759999999], [88.1185272, 54.93572759999999], [88.1169927, 54.93065839999999], [88.1235143, 54.92580890000001], [88.09934619999999, 54.9172108], [88.08860789999999, 54.90521609999999], [88.09607159999999, 54.900473], [88.1009819, 54.87889609999999], [88.087233, 54.8670296], [88.0795728, 54.85368969999999], [88.08157059999999, 54.840282399999985], [88.08155529999999, 54.8378728], [88.0812978, 54.8357226], [88.077135, 54.83144649999999], [88.0746758, 54.82533269999999], [88.0731131, 54.81426809999999], [88.05463699999999, 54.818136599999995], [88.0366085, 54.81768650000001], [88.0252074, 54.8172061], [88.0150949, 54.8075031], [88.0048656, 54.803405899999994], [87.99972809999998, 54.7917801], [87.992813, 54.76984629999999], [87.9743728, 54.75521710000001], [87.9494018, 54.7596508], [87.93989229999998, 54.7630249], [87.9376344, 54.7633681], [87.9221256, 54.7607591], [87.9221256, 54.7474571], [87.90560629999999, 54.7428004], [87.90099629999999, 54.73836489999999], [87.88486109999998, 54.743022199999984], [87.8744885, 54.739473800000006], [87.8656526, 54.7439092], [87.86526839999999, 54.7330417], [87.85489579999998, 54.725942999999994], [87.8502857, 54.7197306], [87.8318455, 54.71817740000001], [87.8172471, 54.720618200000004], [87.80456939999999, 54.720618200000004], [87.7949652, 54.71595829999999], [87.7615423, 54.717289799999996], [87.7546272, 54.721727599999994], [87.7434863, 54.720618200000004], [87.74079709999998, 54.7179555], [87.7358029, 54.7179555], [87.73157699999999, 54.7197306], [87.68970239999999, 54.71684599999999], [87.67087799999999, 54.72549930000001], [87.6424494, 54.72705229999999], [87.61632579999998, 54.7323763], [87.5940439, 54.7370342], [87.5805979, 54.7330417], [87.5729145, 54.7261649], [87.55293759999999, 54.728161500000006], [87.5429492, 54.719952500000005], [87.5444859, 54.70863469999999], [87.5333449, 54.6946495], [87.5383392, 54.6728852], [87.5321924, 54.65955439999999], [87.5344975, 54.6535541], [87.5241248, 54.647108300000006], [87.5053005, 54.64355160000001], [87.4847562, 54.644231], [87.4769061, 54.646603], [87.47546299999999, 54.646514999999994], [87.47527189999998, 54.6434139], [87.4764877, 54.6404392], [87.4857078, 54.6386606], [87.4857078, 54.63310189999999], [87.49185449999999, 54.6246513], [87.4910862, 54.6041846], [87.4980012, 54.599288900000005], [87.4922387, 54.59060860000001], [87.4871215, 54.5798693], [87.48493879999998, 54.5783636], [87.4777885, 54.578421899999995], [87.4667106, 54.5819823], [87.43988609999998, 54.5765541], [87.4394349, 54.569268599999994], [87.44611089999998, 54.56034369999999], [87.45010529999999, 54.55482320000001], [87.4504381, 54.5488386], [87.4559221, 54.5411708], [87.4549859, 54.532963099999996], [87.45113709999998, 54.530488399999996], [87.4421914, 54.530488399999996], [87.4399029, 54.53260100000001], [87.43366169999999, 54.5348945], [87.4325174, 54.53972250000001], [87.4238837, 54.5447309], [87.4234676, 54.546963399999996], [87.4177465, 54.551971], [87.4106731, 54.554203], [87.40973689999998, 54.550885], [87.4019353, 54.5462394], [87.3998639, 54.54072049999999], [87.30527819999999, 54.5845319], [87.2515973, 54.6129177], [87.23943719999998, 54.61262430000001], [87.1428795, 54.596650800000006], [87.0265642, 54.6189244], [86.9439977, 54.64263919999999], [86.9221787, 54.654082800000005], [86.90820839999999, 54.6530839], [86.89031009999998, 54.6507652], [86.8803408, 54.64696669999999], [86.87049309999999, 54.652734699999996], [86.87097939999998, 54.6595567], [86.8607517, 54.66382099999999], [86.8358188, 54.66450770000001], [86.8156351, 54.6676663], [86.8101736, 54.660524699999996], [86.76653879999999, 54.638290100000006], [86.75288649999999, 54.63583609999999], [86.7291538, 54.6144483], [86.7135007, 54.6170003], [86.7188197, 54.63555329999999], [86.70835129999999, 54.6312592], [86.70514229999999, 54.6387299], [86.69952679999999, 54.6410237], [86.6826606, 54.6431141], [86.67641969999998, 54.647524000000004], [86.62306359999998, 54.657615199999995], [86.6163577, 54.65864439999999], [86.61008419999999, 54.65863040000001], [86.60402099999999, 54.65924499999999], [86.6006436, 54.659755800000006], [86.5833212, 54.654401500000006], [86.5595624, 54.6547759]]]]}}, {"type": "Feature", "properties": {"id": "mo-32513000", "name": "Ленинск-Кузнецкий муниципальный округ", "region": "Кемеровская область", "isCity": false, "sourceOktmo": "32-513-000-000", "sourceAgg": "Кемерово", "excelNames": ["Ленинск-Кузнецкий муниципальный округ"], "oktmo": "32513000", "vgp": [{"year": 2019, "value": 11474697.417188294}, {"year": 2020, "value": 10608488.78230907}, {"year": 2021, "value": 10318773.113526376}, {"year": 2022, "value": 20812702.030105393}, {"year": 2023, "value": 17533017.138939798}, {"year": 2024, "value": 15800765.583482191}], "population": [{"year": 2019, "value": 20851.0}, {"year": 2020, "value": 20687.0}, {"year": 2021, "value": 20578.0}, {"year": 2022, "value": 20384.0}, {"year": 2023, "value": 21547.0}, {"year": 2024, "value": 21399.0}, {"year": 2025, "value": 138130.0}], "shipments": [{"year": 2019, "value": 3945022.6}, {"year": 2020, "value": 3084375.6}, {"year": 2021, "value": 7180181.2}, {"year": 2022, "value": 10329152.9}, {"year": 2023, "value": 6595226.7}, {"year": 2024, "value": 601303.1}], "employees": [{"year": 2019, "value": 5189.0}, {"year": 2020, "value": 4931.0}, {"year": 2021, "value": 4947.0}, {"year": 2022, "value": 4882.0}, {"year": 2023, "value": 4704.0}, {"year": 2024, "value": 4351.0}], "investments": [{"year": 2019, "value": 6763525.0}, {"year": 2020, "value": 5112375.0}, {"year": 2021, "value": 6945834.0}, {"year": 2022, "value": 9739178.0}, {"year": 2023, "value": 10079759.0}, {"year": 2024, "value": 11465438.0}], "vgp2024": 15800765.583482191, "pop2024": 21399.0, "ship2024": 601303.1, "emp2024": 4351.0, "inv2024": 11465438.0}, "geometry": {"type": "MultiPolygon", "coordinates": [[[[86.42410399999999, 54.87572790000001], [86.42332349999998, 54.8736671], [86.42371, 54.8722771], [86.4226471, 54.8707201], [86.41883, 54.8688851], [86.41506119999998, 54.8674949], [86.4105194, 54.8669666], [86.4064124, 54.8669388], [86.4030785, 54.864603], [86.3991648, 54.8627955], [86.3978119, 54.860543], [86.394478, 54.858179], [86.39125489999999, 54.8554653], [86.3884162, 54.852336099999995], [86.3852756, 54.84958919999998], [86.4063189, 54.8418829], [86.42051549999998, 54.836683099999995], [86.47138979999998, 54.8229309], [86.4717143, 54.82284670000001], [86.4654703, 54.814898], [86.4506096, 54.7946636], [86.4485996, 54.7797255], [86.4432396, 54.7699354], [86.42619439999999, 54.7504965], [86.421104, 54.7468729], [86.43698629999999, 54.74553929999999], [86.43575440000001, 54.73434979999999], [86.4848365, 54.7254853], [86.48029589999999, 54.7188669], [86.5040017, 54.712111799999995], [86.51329109999999, 54.71036349999999], [86.52946609999998, 54.704839299999996], [86.52678329999999, 54.7002545], [86.5524374, 54.69389300000001], [86.5604641, 54.6919024], [86.5688137, 54.68754319999999], [86.57133289999999, 54.67964099999999], [86.56583869999999, 54.6763919], [86.56492499999999, 54.6731772], [86.56591919999998, 54.669881800000006], [86.55784069999999, 54.661679], [86.5595624, 54.6547759], [86.5282225, 54.65118129999999], [86.5244388, 54.635726000000005], [86.4923884, 54.646287799999996], [86.47970179999999, 54.64255279999999], [86.43474219999999, 54.641780000000004], [86.4124682, 54.6319294], [86.3837732, 54.643712], [86.36850899999999, 54.639058999999996], [86.3573197, 54.6356338], [86.3404823, 54.6253814], [86.3123236, 54.621085900000004], [86.3024521, 54.621516299999996], [86.29850959999999, 54.6208441], [86.2942491, 54.618494], [86.29551229999998, 54.61707679999999], [86.2937517, 54.615736299999995], [86.29024209999999, 54.61404029999999], [86.28834969999998, 54.6130287], [86.288113, 54.6130483], [86.2836546, 54.6151882], [86.28253339999999, 54.6157908], [86.28104749999999, 54.61647729999999], [86.2789446, 54.6172103], [86.27825259999999, 54.61753650000001], [86.2772602, 54.6178689], [86.275129, 54.6188027], [86.2754279, 54.6191029], [86.2745732, 54.6194379], [86.2736761, 54.6192775], [86.2722814, 54.619989800000006], [86.26968379999998, 54.6217491], [86.26466409999999, 54.62646459999999], [86.26112759999998, 54.6332591], [86.25957339999998, 54.635414], [86.2594959, 54.63582929999999], [86.259611, 54.636538499999986], [86.25993849999999, 54.636888000000006], [86.2600216, 54.637063399999995], [86.26002449999999, 54.637325], [86.2591372, 54.6388136], [86.2586483, 54.6387275], [86.2580038, 54.63914919999999], [86.2577015, 54.63930179999999], [86.25749609999998, 54.63945719999999], [86.25652359999998, 54.64110250000001], [86.25631209999999, 54.6413119], [86.25617269999998, 54.64159440000001], [86.25503539999998, 54.64357030000001], [86.2543165, 54.645574200000006], [86.25391959999999, 54.6471337], [86.25371569999999, 54.6484249], [86.2535816, 54.64979679999999], [86.25359239999999, 54.6511531], [86.25381229999999, 54.653238599999995], [86.2540537, 54.6541883], [86.25441309999998, 54.655339600000005], [86.2547839, 54.65636539999999], [86.2549323, 54.6564173], [86.25544309999998, 54.6576577], [86.255824, 54.658377599999994], [86.2567627, 54.6598702], [86.25859279999999, 54.6623141], [86.26030789999999, 54.664169199999996], [86.25909629999998, 54.66491520000001], [86.25917229999999, 54.6650644], [86.2543436, 54.6683926], [86.2375697, 54.677138600000006], [86.2362787, 54.67638039999999], [86.23511420000001, 54.6775007], [86.2358279, 54.6780555], [86.2317708, 54.6801438], [86.2343023, 54.6814136], [86.2402937, 54.682724900000004], [86.2435642, 54.68347250000001], [86.2438133, 54.6855594], [86.2440079, 54.6860342], [86.2443817, 54.6859358], [86.2452924, 54.685590299999994], [86.249516, 54.6843076], [86.25025839999999, 54.6839976], [86.25091009999998, 54.6836898], [86.2509209, 54.683554199999996], [86.2510677, 54.68351770000001], [86.2510885, 54.68358789999999], [86.25114199999999, 54.68360719999999], [86.2581445, 54.680351800000004], [86.2588843, 54.68009579999999], [86.2596005, 54.67995049999998], [86.26047759999999, 54.6799024], [86.2621405, 54.6799588], [86.2621915, 54.6799257], [86.2622747, 54.6799319], [86.2623214, 54.679965], [86.26585009999998, 54.68007300000001], [86.26650569999998, 54.68012669999999], [86.26643529999998, 54.6802917], [86.26770889999999, 54.6805306], [86.2681676, 54.6805826], [86.26812159999999, 54.6807879], [86.2683499, 54.6820113], [86.26842699999999, 54.684249], [86.2685619, 54.6853064], [86.2685121, 54.68575510000001], [86.2688005, 54.6857063], [86.26941739999998, 54.6857947], [86.26931009999998, 54.68655129999999], [86.2692076, 54.68685630000001], [86.26922429999999, 54.6871343], [86.2689229, 54.6889433], [86.26804679999998, 54.6888661], [86.26726469999998, 54.6918696], [86.26529209999998, 54.6957615], [86.26274179999999, 54.699412], [86.2615476, 54.7008132], [86.26002989999999, 54.70240259999999], [86.26027369999998, 54.70248289999999], [86.2604079, 54.70234260000001], [86.26060049999998, 54.7023724], [86.2606025, 54.7023918], [86.2608347, 54.702585], [86.25312059999999, 54.7097787], [86.252921, 54.709877], [86.2521484, 54.7095737], [86.2494081, 54.7124092], [86.24964149999998, 54.7125424], [86.250363, 54.7117909], [86.2506714, 54.7120683], [86.250312, 54.7125285], [86.25006259999999, 54.7128229], [86.24981049999998, 54.71329239999999], [86.2496549, 54.713486], [86.24948769999999, 54.713614], [86.2494738, 54.7137347], [86.2486571, 54.71467440000001], [86.2474704, 54.71630879999999], [86.24703169999998, 54.716208299999984], [86.2467742, 54.7161711], [86.246539, 54.71608829999999], [86.24492169999999, 54.7186555], [86.22856679999998, 54.71777], [86.2248327, 54.7158545], [86.21878969999999, 54.715819200000006], [86.2148914, 54.71667699999999], [86.20871919999999, 54.71631510000001], [86.207907, 54.7167976], [86.20924259999998, 54.7180883], [86.2092541, 54.71865729999999], [86.20912999999999, 54.71972769999999], [86.20906489999999, 54.7204811], [86.20896979999999, 54.7222824], [86.2085741, 54.72471910000001], [86.2105272, 54.7298056], [86.208535, 54.729966100000006], [86.20734099999999, 54.72974750000001], [86.2067286, 54.7293698], [86.1996691, 54.727269], [86.1958104, 54.7263295], [86.1944924, 54.72840540000001], [86.1929324, 54.728093300000005], [86.1915315, 54.7301379], [86.18819079999999, 54.72964389999999], [86.1855066, 54.7351842], [86.18659519999999, 54.74235959999999], [86.18517850000002, 54.7424698], [86.1846677, 54.74231460000001], [86.18454219999998, 54.7423235], [86.18401439999998, 54.742533699999996], [86.18361869999998, 54.742604299999996], [86.1831776, 54.74265290000001], [86.18296249999999, 54.7426936], [86.18276269999998, 54.742759199999995], [86.1826393, 54.74282710000001], [86.1822789, 54.743113099999995], [86.18205369999998, 54.7432432], [86.1815462, 54.7434035], [86.181397, 54.74347749999999], [86.18118129999999, 54.7436175], [86.1810957, 54.7437225], [86.181021, 54.7438819], [86.18096159999999, 54.7443039], [86.18087749999998, 54.7445743], [86.18086749999999, 54.7447662], [86.18092349999999, 54.7450158], [86.1810159, 54.7452061], [86.1816904, 54.7458341], [86.1818465, 54.74596580000001], [86.1821068, 54.74612640000001], [86.1824914, 54.74650499999999], [86.18198599999998, 54.7467278], [86.18151219999999, 54.7468222], [86.1806995, 54.7467945], [86.1801306, 54.7469227], [86.17946789999999, 54.7471492], [86.17886119999999, 54.7471943], [86.1784029, 54.74725279999999], [86.1774556, 54.74755830000001], [86.1767177, 54.7477599], [86.174815, 54.74803969999999], [86.17370569999999, 54.7463642], [86.1689668, 54.7451086], [86.16777189999999, 54.74441709999999], [86.16530479999999, 54.7444742], [86.16366629999999, 54.7438151], [86.1635196, 54.74212549999999], [86.1639522, 54.7400279], [86.1595668, 54.738282500000004], [86.15582399999998, 54.7368591], [86.15312159999999, 54.73573480000001], [86.15401580000001, 54.7349432], [86.1564797, 54.733899300000004], [86.15784239999999, 54.73372149999999], [86.16145269999998, 54.730653999999994], [86.16450169999999, 54.7300699], [86.16770039999999, 54.728592299999995], [86.168282, 54.72724409999999], [86.1682391, 54.726977700000006], [86.16777899999998, 54.72661409999999], [86.1661792, 54.7260174], [86.1604171, 54.7246349], [86.15996989999998, 54.72530389999999], [86.1582129, 54.7249574], [86.1574156, 54.72494619999999], [86.1564627, 54.7247665], [86.1566183, 54.7244071], [86.1562559, 54.7241366], [86.15659889999999, 54.72354240000001], [86.15690999999998, 54.7235536], [86.1583614, 54.72127309999999], [86.1584178, 54.72120489999999], [86.1576349, 54.72091399999999], [86.15261229999999, 54.7183534], [86.1416776, 54.7136915], [86.1220509, 54.705184], [86.11812189999999, 54.6989115], [86.11815149999998, 54.69852359999999], [86.118331, 54.69796069999999], [86.1184627, 54.69763549999999], [86.1186143, 54.6973808], [86.1188892, 54.697124], [86.11930789999998, 54.69687899999999], [86.1198714, 54.6965229], [86.1204883, 54.6960889], [86.1206782, 54.69583900000001], [86.1207747, 54.6956034], [86.12065999999999, 54.6953758], [86.1203724, 54.6951972], [86.12010959999999, 54.69499570000001], [86.12000229999998, 54.694763200000004], [86.11996260000001, 54.694454999999984], [86.12001299999999, 54.69421439999999], [86.1201739, 54.6940067], [86.1204743, 54.6938579], [86.12095089999998, 54.6938062], [86.12137779999999, 54.693866199999995], [86.12175109999998, 54.6939757], [86.12206699999999, 54.69413240000001], [86.12278829999998, 54.694697700000006], [86.12292049999999, 54.695067], [86.1230117, 54.69553510000001], [86.1231518, 54.6963887], [86.12303849999999, 54.6966543], [86.1227794, 54.69696569999999], [86.12273809999999, 54.69722779999999], [86.1228166, 54.6974843], [86.12304389999998, 54.697674199999994], [86.12349499999999, 54.6978086], [86.1239183, 54.6977982], [86.1243268, 54.697680999999996], [86.12488389999999, 54.69738900000001], [86.1251155, 54.6971152], [86.12542569999998, 54.696614], [86.1255057, 54.696302700000004], [86.1253613, 54.695789399999995], [86.12499549999998, 54.6951155], [86.12477659999999, 54.6945834], [86.12471939999999, 54.694216899999994], [86.12449139999998, 54.6937716], [86.1239558, 54.69358199999999], [86.12369929999998, 54.693410099999994], [86.12365009999999, 54.6932161], [86.1238003, 54.69301459999999], [86.12444050000002, 54.69276299999999], [86.1261393, 54.692452200000005], [86.127548, 54.692452200000005], [86.128211, 54.6922036], [86.12837849999998, 54.6919701], [86.1283721, 54.6917556], [86.128065, 54.691529499999994], [86.1276554, 54.69139359999999], [86.12719059999999, 54.6913527], [86.12608930000002, 54.6914962], [86.1256456, 54.69142720000001], [86.1252808, 54.6912391], [86.1250609, 54.6910024], [86.1250424, 54.690768000000006], [86.12520039999998, 54.69058069999999], [86.1257664, 54.6903806], [86.12690579999999, 54.6900698], [86.12726599999999, 54.6898998], [86.12747530000001, 54.68967880000001], [86.12742659999999, 54.68947380000001], [86.1272436, 54.68928539999999], [86.1264915, 54.6889097], [86.12549709999999, 54.6885575], [86.1245648, 54.6872316], [86.12332179999999, 54.6866101], [86.1234254, 54.6861543], [86.1239226, 54.68592640000001], [86.12497909999999, 54.6859057], [86.12700939999999, 54.6862165], [86.1276309, 54.68603], [86.1281074, 54.685595000000006], [86.1289982, 54.684206999999994], [86.1287289, 54.6831711], [86.1295783, 54.68228029999999], [86.13015829999999, 54.6814931], [86.13015829999999, 54.6807265], [86.13048979999999, 54.680146500000006], [86.1311735, 54.679462799999996], [86.1321057, 54.6793799], [86.1326858, 54.6795042], [86.13368019999999, 54.680250099999995], [86.13593829999999, 54.68116160000001], [86.13672549999998, 54.6809959], [86.1373885, 54.6803744], [86.1375542, 54.679752799999996], [86.13720199999999, 54.6792764], [86.1364355, 54.67886200000001], [86.13587339999998, 54.67879370000001], [86.1347989, 54.678723399999996], [86.1339929, 54.6785372], [86.13339279999998, 54.6781496], [86.13313639999998, 54.6777267], [86.13227910000002, 54.6765953], [86.131657, 54.676151199999985], [86.13049489999999, 54.6758578], [86.1296491, 54.6757049], [86.1287787, 54.6749637], [86.1287314, 54.67404419999999], [86.1289621, 54.673339999999996], [86.12924559999999, 54.6720624], [86.1290735, 54.67054169999999], [86.1290503, 54.6669992], [86.129228, 54.6664117], [86.12961439999998, 54.6661391], [86.13027099999998, 54.66561649999999], [86.13083419999998, 54.664940400000006], [86.13119930000002, 54.66342710000001], [86.1303892, 54.6622296], [86.1300375, 54.6618259], [86.1296757, 54.660823799999996], [86.129876, 54.66006050000001], [86.13019, 54.65928709999999], [86.13078769999998, 54.65887450000001], [86.1308471, 54.6567704], [86.13081190000001, 54.65532639999999], [86.1310584, 54.6544107], [86.1310979, 54.65393239999999], [86.13048859999999, 54.65344520000001], [86.13018319999999, 54.6534298], [86.12966439999998, 54.6534037], [86.128858, 54.6531549], [86.1283563, 54.653072], [86.12747829999999, 54.653351900000004], [86.1268511, 54.6534141], [86.12642109999999, 54.6534659], [86.1257581, 54.6534659], [86.1251488, 54.65320669999999], [86.1243313, 54.65293140000001], [86.123787, 54.6532689], [86.1235003, 54.65355919999998], [86.12292689999998, 54.65374580000001], [86.1225327, 54.6542537], [86.1216009, 54.6543056], [86.1209558, 54.6539427], [86.1207933, 54.653434000000004], [86.12090169999999, 54.652828], [86.12144349999998, 54.65213829999999], [86.1223465, 54.65149050000001], [86.1231778, 54.6508742], [86.12353619999999, 54.650241799999996], [86.12342860000001, 54.6496509], [86.1225633, 54.64933799999999], [86.1218047, 54.64925439999998], [86.1205044, 54.64925439999998], [86.1194207, 54.6494007], [86.1184831, 54.6497753], [86.117838, 54.649796], [86.11669119999999, 54.64958870000001], [86.1158669, 54.6493088], [86.11547269999998, 54.6487697], [86.11459469999998, 54.6485934], [86.11362709999999, 54.648842200000004], [86.11292699999998, 54.64902579999999], [86.11221149999999, 54.648977], [86.1115825, 54.64850200000001], [86.1108601, 54.64804229999999], [86.109783, 54.6476645], [86.1090475, 54.6472949], [86.1088201, 54.6470747], [86.1085689, 54.6467366], [86.10851979999998, 54.646424499999995], [86.10221449999999, 54.64689509999999], [86.1016707, 54.64680860000001], [86.1015453, 54.64658260000001], [86.10042629999998, 54.646731], [86.09928489999999, 54.64700179999999], [86.0987484, 54.64705769999999], [86.0983112, 54.6470561], [86.09793039999998, 54.6469273], [86.09783339999998, 54.64679660000001], [86.09790889999998, 54.646391900000005], [86.0978445, 54.645823799999995], [86.09743420000001, 54.6451968], [86.09735910000002, 54.6451208], [86.0973607, 54.6450275], [86.09843729999999, 54.6444379], [86.0988838, 54.6441161], [86.09929960000001, 54.64367349999999], [86.09955939999999, 54.64325749999999], [86.09999009999999, 54.6421314], [86.100052, 54.6418986], [86.1000895, 54.6416767], [86.1000815, 54.6414252], [86.10003049999999, 54.641173800000004], [86.09988839999998, 54.64088819999999], [86.0997087, 54.64065279999999], [86.09947, 54.64038839999999], [86.0991727, 54.640121300000004], [86.0960956, 54.6376403], [86.0957471, 54.63726830000001], [86.0955915, 54.6370168], [86.0954949, 54.636774700000004], [86.0954031, 54.63595300000001], [86.0953152, 54.635607300000004], [86.0951167, 54.63534030000001], [86.094768, 54.635104299999995], [86.09426379999998, 54.63487669999999], [86.0917632, 54.6341505], [86.09173579999998, 54.6340824], [86.09173579999998, 54.6340265], [86.09142, 54.6339372], [86.09144409999999, 54.634025], [86.09137029999998, 54.6340371], [86.0778428, 54.63003869999999], [86.07693669999999, 54.6296806], [86.07614279999999, 54.6293227], [86.07540789999999, 54.6289407], [86.0744691, 54.6283476], [86.0738844, 54.627928399999995], [86.07321589999998, 54.62737959999999], [86.0715174, 54.6256779], [86.06948819999998, 54.62352779999999], [86.0688525, 54.6229269], [86.06801779999999, 54.622264799999996], [86.06524229999998, 54.6203133], [86.0638179, 54.61942160000001], [86.06382479999999, 54.6193656], [86.06390319999998, 54.61930679999999], [86.0635364, 54.61904599999999], [86.06308179999999, 54.61876500000001], [86.06208639999998, 54.61805609999999], [86.06131199999999, 54.6172946], [86.0590587, 54.61393189999999], [86.05877279999999, 54.6138524], [86.0582859, 54.6131401], [86.0578993, 54.61226169999999], [86.05539269999998, 54.608503], [86.05500699999999, 54.60786269999999], [86.0540861, 54.6068232], [86.05312139999998, 54.606153899999995], [86.0520566, 54.6056117], [86.03874459999999, 54.60077650000001], [86.0380273, 54.6005477], [86.0225921, 54.5965356], [86.0177941, 54.5985109], [86.0155732, 54.59685040000001], [86.01485429999998, 54.5966328], [86.01396309999998, 54.59649569999999], [86.0137653, 54.5962785], [86.0139531, 54.59592430000001], [86.01371699999999, 54.5957316], [86.01366879999999, 54.5952467], [86.0130351, 54.5949232], [86.01254209999999, 54.5943118], [86.00862079999999, 54.5930979], [86.00774009999999, 54.59288840000001], [86.00416989999998, 54.59203250000001], [86.00252339999999, 54.5949974], [86.0033978, 54.59540580000001], [85.999859, 54.5977488], [85.99938319999998, 54.5973526], [86.0018663, 54.5939156], [85.9982045, 54.5929832], [85.9832234, 54.5880323], [85.98016959999998, 54.58707950000001], [85.9809083, 54.5863324], [85.981491, 54.586126599999986], [85.9819221, 54.5860278], [85.98248929999998, 54.585769299999995], [85.9843951, 54.58623289999999], [85.98539759999998, 54.586217000000005], [85.9864028, 54.58663119999999], [85.9891112, 54.586963000000004], [85.9893264, 54.5871965], [85.98910889999999, 54.5875279], [85.98899489999998, 54.587905500000005], [85.9894466, 54.5881603], [85.99024589999999, 54.5883278], [85.9911543, 54.5883653], [85.99228779999999, 54.58826479999998], [85.9935072, 54.5885841], [85.994277, 54.58902019999999], [85.99537069999998, 54.589380199999994], [85.9990596, 54.5902371], [85.9992921, 54.5902319], [85.9997857, 54.59008419999999], [86.00069489999998, 54.59002209999999], [86.0015296, 54.59015370000001], [86.0017276, 54.58938489999999], [86.0027146, 54.5884026], [86.0025072, 54.587846400000004], [86.00267749999999, 54.58765820000001], [86.0027393, 54.5874453], [86.0026092, 54.587308], [86.002763, 54.587068299999984], [86.0030029, 54.5865616], [86.0026325, 54.586121699999985], [86.00239389999999, 54.5859761], [86.00223989999999, 54.5853718], [86.0019046, 54.58530029999999], [86.0011384, 54.5848877], [86.00087729999998, 54.5844781], [86.0008103, 54.58418279999999], [86.0006361, 54.58375349999999], [86.00013979999999, 54.583348799999996], [85.9998695, 54.5832431], [85.9994352, 54.5828177], [85.99888719999998, 54.5825343], [85.99869509999999, 54.5826095], [85.9983584, 54.5826318], [85.9980458, 54.582621399999994], [85.9977271, 54.582591099999995], [85.9975991, 54.5824102], [85.99748269999999, 54.5823551], [85.99747249999999, 54.58225100000001], [85.99744119999998, 54.58220480000001], [86.000188, 54.582000099999995], [86.0044633, 54.5819844], [86.004443, 54.57841040000001], [86.0123712, 54.578397499999994], [86.0258126, 54.5783755], [86.02573699999999, 54.5811555], [86.02397150000002, 54.58252209999999], [86.0208335, 54.58426979999999], [86.0219622, 54.5875043], [86.02215849999999, 54.58843399999999], [86.021998, 54.5885703], [86.02063329999999, 54.5894257], [86.0206629, 54.5894752], [86.0230288, 54.590737600000004], [86.04195, 54.600173599999984], [86.04370409999999, 54.600596599999996], [86.0446188, 54.6008219], [86.04504979999999, 54.601011500000006], [86.0453353, 54.6011667], [86.0454489, 54.6011536], [86.04564339999999, 54.601286399999985], [86.0455752, 54.601372699999985], [86.0458311, 54.6016345], [86.04603749999998, 54.6018767], [86.04672779999999, 54.6031388], [86.04683029999998, 54.603219200000005], [86.0469391, 54.603393200000006], [86.0471489, 54.6034822], [86.0471617, 54.6035146], [86.0522894, 54.605393899999996], [86.0534191, 54.605953500000005], [86.054256, 54.606531399999994], [86.05469509999999, 54.6067979], [86.0547514, 54.60695369999999], [86.0553273, 54.6078398], [86.055839, 54.60840300000001], [86.0593983, 54.613902599999996], [86.0616298, 54.61717910000001], [86.0623622, 54.61794600000001], [86.06331239999999, 54.6186275], [86.06391579999999, 54.6190091], [86.06415869999998, 54.618928], [86.0653603, 54.6188535], [86.0655661, 54.6188864], [86.07276809999999, 54.6234361], [86.07793759999998, 54.6249584], [86.0801198, 54.622643], [86.09539949999998, 54.62685379999999], [86.1031268, 54.6216133], [86.1128199, 54.61572209999999], [86.1153137, 54.61680929999999], [86.1203335, 54.6133843], [86.12400389999999, 54.6122111], [86.13084869999999, 54.61140399999999], [86.1884938, 54.6053103], [86.19174960000001, 54.6045966], [86.1995039, 54.60054749999999], [86.20017019999999, 54.5989298], [86.1994069, 54.598811999999995], [86.1997505, 54.590649799999994], [86.2001234, 54.587603400000006], [86.2004817, 54.5866099], [86.202708, 54.584326299999994], [86.20449929999998, 54.5830509], [86.20416659999998, 54.582902600000004], [86.2111015, 54.578661], [86.21194589999999, 54.57886870000001], [86.21337839999998, 54.577797700000005], [86.2126369, 54.577563500000004], [86.2143258, 54.5758874], [86.2189575, 54.5679958], [86.22090239999999, 54.5657259], [86.2226169, 54.56456870000001], [86.2236149, 54.562580499999996], [86.22234939999998, 54.56200139999999], [86.16589699999999, 54.5441575], [86.17626259999999, 54.52119299999999], [86.17647159999999, 54.520729800000005], [86.1641338, 54.517724099999995], [86.16290619999998, 54.515087799999996], [86.1488222, 54.5145954], [86.1395217, 54.5100583], [86.13787039999998, 54.5067619], [86.167634, 54.496242099999996], [86.1600547, 54.46568659999999], [86.15480369999999, 54.4598912], [86.154894, 54.4313308], [86.1715616, 54.416063], [86.07760129999998, 54.38161540000001], [85.9954744, 54.350697], [85.99044219999999, 54.3830633], [86.00171439999998, 54.3832977], [86.0088695, 54.39713899999999], [86.036068, 54.4497108], [85.98205369999998, 54.4603727], [85.976294, 54.4695005], [85.9229184, 54.493399499999995], [85.91085130000002, 54.494994], [85.88849639999998, 54.4979478], [85.86724399999999, 54.5020205], [85.8527485, 54.5163584], [85.819499, 54.5234544], [85.8121102, 54.5452415], [85.81099479999999, 54.561705100000005], [85.75503789999999, 54.55576159999999], [85.75780799999998, 54.547446699999995], [85.74119909999999, 54.5460977], [85.70352209999999, 54.5430372], [85.7118928, 54.531209200000006], [85.711465, 54.5280197], [85.6830971, 54.51339769999999], [85.6789144, 54.5172918], [85.67131630000002, 54.52025369999999], [85.6184473, 54.5196877], [85.6163263, 54.521741600000006], [85.61448099999998, 54.5239894], [85.61420199999999, 54.5250044], [85.6135476, 54.526710400000006], [85.6073184, 54.5340419], [85.6002451, 54.53372139999999], [85.5975455, 54.53350569999999], [85.59357929999999, 54.5330998], [85.56122029999999, 54.53710449999999], [85.5506229, 54.5345951], [85.517265, 54.5183362], [85.50234899999998, 54.518088099999986], [85.4653603, 54.5046606], [85.45572969999999, 54.50128759999999], [85.4483205, 54.4896022], [85.440265, 54.4820973], [85.3978102, 54.51482759999999], [85.40655859999998, 54.5190587], [85.39856659999998, 54.523799499999996], [85.4042467, 54.5251927], [85.3899246, 54.535294199999996], [85.37525489999999, 54.5292711], [85.33583259999999, 54.525658899999996], [85.32536749999998, 54.53175039999999], [85.3369206, 54.54987909999999], [85.3535353, 54.55559339999999], [85.3290402, 54.56959169999999], [85.3278065, 54.5701398], [85.3259182, 54.5691447], [85.3256178, 54.56928469999999], [85.325591, 54.5695614], [85.3250438, 54.5698071], [85.3248453, 54.5697729], [85.32340759999998, 54.57003420000001], [85.322485, 54.56982889999999], [85.3219592, 54.5695117], [85.3216588, 54.569182099999985], [85.3211546, 54.569151], [85.3203177, 54.569318900000006], [85.321914, 54.5717645], [85.31723159999999, 54.5746392], [85.3161228, 54.57467369999999], [85.31558629999999, 54.5742694], [85.31403059999998, 54.573871399999994], [85.3121209, 54.573293099999994], [85.3111231, 54.57280169999999], [85.31014679999998, 54.5726649], [85.3099322, 54.573206], [85.31014679999998, 54.5734548], [85.31169179999999, 54.5748789], [85.3126681, 54.575643799999995], [85.3128934, 54.57643359999999], [85.3163266, 54.5775343], [85.317189, 54.5801517], [85.31308649999998, 54.5822724], [85.3111982, 54.58243409999999], [85.3006841, 54.5853154], [85.2950063, 54.5920117], [85.280096, 54.5920117], [85.2731084, 54.5887042], [85.24395949999999, 54.605787], [85.2433087, 54.6054843], [85.20592519999998, 54.62751130000001], [85.20603579999998, 54.628345799999984], [85.1971263, 54.63266840000001], [85.20878430000002, 54.6395065], [85.24414150000001, 54.65943390000001], [85.2922789, 54.680605699999994], [85.30346569999999, 54.6881504], [85.3310939, 54.67198150000001], [85.3444842, 54.68285949999999], [85.35121689999998, 54.6844298], [85.3559992, 54.6838852], [85.3867277, 54.69961429999999], [85.39709699999999, 54.69253049999999], [85.4185365, 54.7030141], [85.4224532, 54.6957917], [85.4263516, 54.677371900000004], [85.469271, 54.654366599999996], [85.46893209999999, 54.6380988], [85.47162509999998, 54.63763829999999], [85.4734612, 54.63831129999999], [85.4754198, 54.63774459999999], [85.47517489999998, 54.6392677], [85.47607100000002, 54.63982450000001], [85.47716779999999, 54.6394165], [85.47857789999999, 54.6394391], [85.47924379999999, 54.64030060000001], [85.48037979999998, 54.6404366], [85.4817116, 54.6402779], [85.4828867, 54.641366], [85.48292589999998, 54.64234069999999], [85.4845098, 54.6430816], [85.48499949999999, 54.6442149], [85.48567269999998, 54.644391999999996], [85.4852443, 54.64499409999999], [85.4857951, 54.6453128], [85.4865296, 54.6447816], [85.48739679999998, 54.6449824], [85.4884497, 54.6446633], [85.4886503, 54.644953400000006], [85.4880486, 54.645533699999994], [85.48887589999998, 54.646346], [85.48970319999998, 54.6457368], [85.49043019999999, 54.6461284], [85.49032989999999, 54.64676669999999], [85.4909817, 54.6471438], [85.49170869999999, 54.6466071], [85.4920096, 54.647608], [85.4915084, 54.6485617], [85.49346699999998, 54.6491283], [85.4952786, 54.648476699999996], [85.4958662, 54.64878830000001], [85.49562129999998, 54.6495249], [85.49753089999999, 54.64935489999999], [85.4990488, 54.64975150000001], [85.5002533, 54.6501748], [85.50219289999998, 54.64924490000001], [85.50273359999998, 54.64923859999999], [85.502767, 54.6497875], [85.502264, 54.6503368], [85.5034161, 54.650442299999995], [85.50442189999998, 54.6508056], [85.50460699999998, 54.6506193], [85.50497169999998, 54.6504672], [85.50572419999999, 54.6506218], [85.5066991, 54.65063790000001], [85.5067903, 54.6508396], [85.50621629999999, 54.65096069999999], [85.5059051, 54.6510972], [85.5057549, 54.651246199999996], [85.506227, 54.65144170000001], [85.5069029, 54.651398300000004], [85.5071819, 54.651541], [85.50718369999998, 54.651671099999994], [85.5068707, 54.6517024], [85.5062967, 54.65165280000001], [85.5059373, 54.65173660000001], [85.50579789999999, 54.651922799999994], [85.50585689999998, 54.65211519999999], [85.5061928, 54.652242900000005], [85.5065918, 54.6522424], [85.50700489999998, 54.65216790000001], [85.50763769999999, 54.6523728], [85.50794429999999, 54.6526101], [85.5078256, 54.652866200000005], [85.50767, 54.6530276], [85.5079383, 54.6532355], [85.5097534, 54.6536947], [85.50975139999998, 54.65384070000001], [85.50944029999998, 54.6538686], [85.5090594, 54.65399279999999], [85.508983, 54.65431499999998], [85.5090594, 54.65467550000001], [85.50879659999998, 54.6548741], [85.50880189999998, 54.6550758], [85.5089299, 54.65522970000001], [85.5092458, 54.655283], [85.50946769999999, 54.6552728], [85.5104822, 54.6549294], [85.5106228, 54.655002], [85.5107212, 54.655250800000005], [85.5110062, 54.65541259999999], [85.5115587, 54.655328700000005], [85.51239619999998, 54.65500169999999], [85.5125874, 54.65467640000001], [85.5127896, 54.654609699999995], [85.5129375, 54.654665399999985], [85.5129395, 54.6548005], [85.51279330000001, 54.655002200000006], [85.51287949999998, 54.655219], [85.51324749999999, 54.6555766], [85.51324309999998, 54.6557958], [85.5129119, 54.656013400000006], [85.5128383, 54.6562186], [85.512887, 54.6564397], [85.513493, 54.6568144], [85.51381280000001, 54.65682780000001], [85.5142364, 54.656758399999994], [85.51478789999999, 54.656546000000006], [85.5154238, 54.6560606], [85.51603169999998, 54.656123199999996], [85.5163541, 54.6561557], [85.51659689999998, 54.6562778], [85.51690619999998, 54.65658019999999], [85.5172238, 54.65666350000001], [85.517983, 54.65667679999999], [85.5184436, 54.65672689999999], [85.5184354, 54.6571692], [85.51887229999998, 54.6577322], [85.5192253, 54.6579189], [85.51963659999998, 54.65800130000001], [85.52009180000002, 54.6578524], [85.52037559999998, 54.65750189999999], [85.5203602, 54.657045], [85.5209614, 54.656917299999996], [85.52201659999999, 54.6567345], [85.52313489999999, 54.6566872], [85.52387849999998, 54.657006599999995], [85.52475679999999, 54.6572804], [85.5254082, 54.657333300000005], [85.5260893, 54.6572732], [85.52624759999999, 54.657333300000005], [85.52636529999998, 54.65767820000001], [85.5265192, 54.6578569], [85.52685169999998, 54.65790960000001], [85.52734589999999, 54.6578189], [85.52817079999998, 54.6579688], [85.5290411, 54.65836740000001], [85.5295071, 54.658413200000005], [85.529907, 54.65838550000001], [85.5301651, 54.6579536], [85.5300849, 54.65763329999999], [85.5302053, 54.6573733], [85.5305391, 54.657397100000004], [85.5311521, 54.65766469999999], [85.53147329999999, 54.6577308], [85.5319118, 54.657549200000005], [85.5323721, 54.657229400000006], [85.532661, 54.657243400000006], [85.53294119999998, 54.657357600000005], [85.53396109999998, 54.657108699999995], [85.53441049999999, 54.65699730000001], [85.5348625, 54.6570042], [85.5349883, 54.65709939999999], [85.5350124, 54.657452299999996], [85.5352066, 54.6576322], [85.53231029999999, 54.6698312], [85.52542480000001, 54.66667880000001], [85.4893716, 54.69272], [85.4958745, 54.6994626], [85.49124049999999, 54.708007599999995], [85.5455071, 54.72206010000001], [85.57018009999999, 54.7218391], [85.5791695, 54.7358656], [85.56296829999998, 54.7395174], [85.60011739999999, 54.778232100000004], [85.66170529999998, 54.7787538], [85.6766238, 54.776547599999994], [85.6886352, 54.7770771], [85.70172069999998, 54.79089649999999], [85.7160153, 54.794841600000005], [85.7206057, 54.795503200000006], [85.72940379999999, 54.80079549999999], [85.73077769999999, 54.8031175], [85.7332116, 54.806309], [85.7410709, 54.81661299999999], [85.7758048, 54.804080199999994], [85.7745677, 54.79906830000001], [85.81369459999999, 54.788017100000005], [85.81868909999999, 54.78454930000001], [85.8325555, 54.77479280000001], [85.8646996, 54.769555100000005], [85.86587899999999, 54.77053119999999], [85.8672309, 54.7705064], [85.8690333, 54.771707000000006], [85.8697307, 54.77246819999999], [85.87087869999999, 54.77274049999999], [85.8726168, 54.77358219999999], [85.87303519999999, 54.7742753], [85.87448359999999, 54.7746404], [85.8749664, 54.775500599999994], [85.8755565, 54.775927599999996], [85.87673660000002, 54.7766577], [85.87716579999999, 54.7774498], [85.87827090000002, 54.77787060000001], [85.88063119999998, 54.779244299999995], [85.88207879999999, 54.780093599999994], [85.88345149999999, 54.7805349], [85.8851244, 54.78199959999999], [85.8880628, 54.7830352], [85.8901034, 54.78444720000001], [85.8917409, 54.7858026], [85.89344059999999, 54.7861741], [85.89490299999999, 54.78718969999999], [85.8984287, 54.7896713], [85.9016936, 54.79145960000001], [85.90455039999999, 54.79376549999999], [85.9074887, 54.7953654], [85.90969249999999, 54.796541700000006], [85.91195239999999, 54.7985238], [85.91331389999999, 54.799607], [85.91608249999999, 54.80026949999999], [85.9169705, 54.80162439999999], [85.9197913, 54.8024073], [85.92182859999998, 54.8037321], [85.92334349999999, 54.80514719999999], [85.9262745, 54.8057752], [85.92823339999998, 54.806565500000005], [85.9284946, 54.80844710000001], [85.92940879999999, 54.8102158], [85.9294741, 54.812172499999996], [85.92725399999999, 54.81326369999999], [85.9288211, 54.8149945], [85.9323472, 54.8164995], [85.93554669999999, 54.8175153], [85.93744029999999, 54.819246], [85.939334, 54.819847900000006], [85.9409664, 54.822105099999995], [85.9429906, 54.823045499999985], [85.94599430000001, 54.8248512], [85.9478226, 54.8273714], [85.9510222, 54.8289135], [85.95552769999999, 54.82940249999999], [85.958009, 54.8310574], [85.9606861, 54.8318472], [85.9617309, 54.83308830000001], [85.96486519999999, 54.8339157], [85.96545279999998, 54.83545759999999], [85.96910949999999, 54.83703700000001], [85.9711337, 54.83745059999999], [85.97165609999999, 54.839105200000006], [85.9738762, 54.8398573], [85.97537799999999, 54.84098529999999], [85.9768798, 54.8410981], [85.9767493, 54.8418877], [85.9779246, 54.842451700000005], [85.9801447, 54.8431661], [85.9804059, 54.84436929999999], [85.98177710000002, 54.8455724], [85.9842584, 54.8466251], [85.98510729999998, 54.8478282], [85.98852549999998, 54.850665700000015], [85.9888287, 54.8534435], [85.9894598, 54.853896], [85.99229, 54.855684700000005], [85.99264509999999, 54.856645300000004], [85.9937572, 54.858720399999996], [85.996213, 54.8587512], [85.9986194, 54.85921309999999], [86.0004648, 54.86006530000001], [86.0058507, 54.8621525], [86.00780329999999, 54.863177599999986], [86.00931289999998, 54.8642161], [86.01172099999998, 54.8664164], [86.01334699999998, 54.867704599999996], [86.0137225, 54.868105899999996], [86.01377609999999, 54.8686986], [86.01391159999999, 54.8689468], [86.01414090000002, 54.86914310000002], [86.01447349999998, 54.8692295], [86.0150207, 54.86926040000001], [86.01556779999999, 54.8691493], [86.01605059999999, 54.8691061], [86.0166407, 54.869180099999994], [86.01779940000002, 54.8694641], [86.01856119999998, 54.8695753], [86.0192081, 54.869543199999995], [86.01969839999998, 54.8694148], [86.0201169, 54.869180099999994], [86.02043869999999, 54.86890850000001], [86.0206318, 54.8685689], [86.0203668, 54.867197100000006], [86.02066399999998, 54.8658029], [86.02111459999999, 54.8640308], [86.0217079, 54.86268350000001], [86.0222626, 54.8617029], [86.02372489999999, 54.8599048], [86.0256315, 54.85912789999999], [86.02677949999999, 54.8585721], [86.0275873, 54.8578298], [86.0285262, 54.8541332], [86.02920809999999, 54.8536004], [86.03027299999998, 54.85357659999999], [86.0313896, 54.853558699999994], [86.0319789, 54.8531004], [86.0322986, 54.8527271], [86.0327956, 54.8518182], [86.0327956, 54.850962599999995], [86.03450829999998, 54.84965569999999], [86.035251, 54.849483899999996], [86.0357165, 54.84953629999999], [86.03600949999999, 54.8496402], [86.0366649, 54.850413799999984], [86.03704689999999, 54.850555500000006], [86.03745359999999, 54.8504809], [86.038275, 54.85112290000001], [86.04043369999998, 54.85253130000001], [86.0413691, 54.853856799999996], [86.04295209999998, 54.854063899999986], [86.04324, 54.8547267], [86.044533, 54.854939], [86.045395, 54.85597009999999], [86.0464779, 54.856507799999996], [86.0467658, 54.8573361], [86.0485646, 54.857419], [86.05129889999999, 54.85919990000001], [86.0533856, 54.860111100000005], [86.0557602, 54.86127069999999], [86.05899809999998, 54.8616434], [86.0587103, 54.86321710000001], [86.0603653, 54.86474939999999], [86.0590701, 54.8654119], [86.0599336, 54.86615729999999], [86.06288369999999, 54.86698549999999], [86.0623081, 54.8677308], [86.0611568, 54.86868319999999], [86.0630276, 54.8685176], [86.0666974, 54.869884], [86.0717859, 54.8718772], [86.0761032, 54.873169], [86.07758339999998, 54.87446289999999], [86.0802817, 54.8757567], [86.0830731, 54.8772891], [86.0849578, 54.878110899999996], [86.0902428, 54.87878030000001], [86.09617179999998, 54.8801449], [86.12874979999998, 54.8880237], [86.12609429999999, 54.890175599999985], [86.1149931, 54.9021957], [86.0920153, 54.9141588], [86.11216059999998, 54.9231044], [86.1148313, 54.92034499999999], [86.11561789999999, 54.9178327], [86.17408949999998, 54.898735800000004], [86.2095648, 54.8963809], [86.21158079999998, 54.9033446], [86.2637745, 54.9043394], [86.28142819999998, 54.9257916], [86.2899541, 54.93161739999999], [86.30248249999998, 54.94999640000001], [86.30494119999999, 54.949552499999996], [86.311998, 54.950276599999995], [86.3141381, 54.9500149], [86.3153271, 54.9502994], [86.31803739999998, 54.9500854], [86.3225224, 54.9484539], [86.3284673, 54.94970289999999], [86.3323283, 54.95049389999999], [86.3345843, 54.950817699999995], [86.3367301, 54.95115959999999], [86.3412858, 54.9517428], [86.3475174, 54.952595800000005], [86.3485278, 54.952510399999994], [86.3493897, 54.952519], [86.3506973, 54.9522886], [86.3514963, 54.95243330000001], [86.35193, 54.9527081], [86.351896, 54.95303229999999], [86.35282560000002, 54.95351449999998], [86.3535483, 54.9536143], [86.35536329999998, 54.9538245], [86.3571329, 54.95402880000001], [86.35971969999999, 54.9549725], [86.36135649999999, 54.95614559999999], [86.36334419999999, 54.95759809999999], [86.3653984, 54.9578493], [86.3668724, 54.95834620000001], [86.3676984, 54.9586025], [86.3682799, 54.958783], [86.3695247, 54.95941210000001], [86.3708323, 54.959610000000005], [86.37161969999998, 54.959482599999994], [86.372112, 54.9596491], [86.37230190000001, 54.959855299999994], [86.37336099999999, 54.9605122], [86.373294, 54.9607778], [86.3728984, 54.96086169999999], [86.37271580000001, 54.9611832], [86.3724419, 54.961235599999995], [86.372168, 54.9611482], [86.37190019999998, 54.9612915], [86.37243579999999, 54.96194849999999], [86.3726069, 54.96206509999999], [86.37268599999999, 54.9622677], [86.37273089999998, 54.9626858], [86.3731035, 54.9629704], [86.37344689999999, 54.96314889999999], [86.37390949999998, 54.963125699999985], [86.3745235, 54.9622909], [86.37518089999999, 54.9617947], [86.37594169999998, 54.9616724], [86.37615469999999, 54.9619659], [86.3764651, 54.9619554], [86.37675729999998, 54.9617982], [86.3770264, 54.961812299999984], [86.37764629999998, 54.962303999999996], [86.3779172, 54.9628898], [86.37691139999998, 54.96338279999999], [86.3768454, 54.964338399999995], [86.376371, 54.96473199999999], [86.3758386, 54.96509399999999], [86.3759466, 54.96577069999999], [86.37574469999998, 54.965996800000006], [86.37482689999999, 54.9659455], [86.373788, 54.9656891], [86.3731354, 54.9649189], [86.3718801, 54.9642482], [86.37078439999999, 54.964269800000004], [86.3705187, 54.9647187], [86.3702749, 54.9651834], [86.36888689999999, 54.965572], [86.36833369999998, 54.96592760000001], [86.3690218, 54.967015], [86.36915249999998, 54.9681338], [86.36986929999999, 54.9683648], [86.3716001, 54.9682305], [86.37370509999998, 54.9683111], [86.37492139999999, 54.96806939999999], [86.3764261, 54.9681117], [86.3773948, 54.9686081], [86.376211, 54.96941710000001], [86.37673679999999, 54.9698218], [86.3780496, 54.9693471], [86.378318, 54.96862230000001], [86.3789173, 54.96854499999999], [86.3795212, 54.968725], [86.37951949999999, 54.9691779], [86.38133729999998, 54.969535199999996], [86.38236509999999, 54.9708318], [86.3994034, 54.966553], [86.42975719999998, 54.9670417], [86.43141069999999, 54.95828050000001], [86.4426309, 54.95360099999999], [86.4484468, 54.947824100000005], [86.4503493, 54.94556440000001], [86.4481348, 54.945083200000006], [86.4468362, 54.94503480000001], [86.4449332, 54.94536939999999], [86.44322429999998, 54.945849], [86.4414416, 54.9460493], [86.43952359999999, 54.94572010000001], [86.4335867, 54.9429461], [86.42931999999999, 54.93936920000001], [86.41891279999999, 54.935841700000005], [86.4205849, 54.9346823], [86.4105525, 54.93194939999999], [86.4100819, 54.9304974], [86.4110206, 54.9290531], [86.4184227, 54.92848750000001], [86.4201925, 54.9271141], [86.42182239999998, 54.923333299999996], [86.4139703, 54.9222848], [86.41530699999998, 54.9218281], [86.4149633, 54.92065149999999], [86.41545110000001, 54.920083600000005], [86.4164624, 54.9195248], [86.4161741, 54.9183484], [86.4172308, 54.9178932], [86.420729, 54.9193757], [86.4224588, 54.9191934], [86.42251719999999, 54.9181971], [86.42928069999999, 54.9185818], [86.42888759999998, 54.9149682], [86.4303169, 54.91189159999999], [86.42851509999998, 54.90710109999999], [86.4285714, 54.90444660000001], [86.4286277, 54.901791900000006], [86.43009159999998, 54.89904], [86.42907809999998, 54.89437739999999], [86.4274173, 54.8913857], [86.42737059999999, 54.89063240000001], [86.4268092, 54.890175], [86.4271835, 54.889044999999996], [86.4262011, 54.8883993], [86.4249848, 54.8880226], [86.4248913, 54.88702709999999], [86.42610750000001, 54.886623500000006], [86.4269028, 54.8865427], [86.4270899, 54.8859508], [86.4260271, 54.885233099999994], [86.4263078, 54.8839415], [86.426682, 54.8827037], [86.4259804, 54.8820309], [86.424998, 54.8821924], [86.4241092, 54.881600399999996], [86.4233607, 54.88197709999999], [86.423314, 54.88119669999999], [86.4237911, 54.88067029999999], [86.4237612, 54.87965419999999], [86.4250785, 54.8785002], [86.42627599999999, 54.8786035], [86.4267251, 54.877949], [86.42657539999999, 54.877324599999994], [86.42575209999998, 54.876700199999995], [86.42459199999999, 54.8768725], [86.4239124, 54.8763618], [86.42410399999999, 54.87572790000001]]]]}}, {"type": "Feature", "properties": {"id": "mo-32516000", "name": "Мариинский муниципальный округ", "region": "Кемеровская область", "isCity": false, "sourceOktmo": "32-516-000-000", "sourceAgg": "Кемерово", "excelNames": ["Мариинский муниципальный округ"], "oktmo": "32516000", "vgp": [{"year": 2019, "value": 15200100.776900547}, {"year": 2020, "value": 14093395.734861452}, {"year": 2021, "value": 13301678.288534187}, {"year": 2022, "value": 26076542.862670563}, {"year": 2023, "value": 22870050.34505829}, {"year": 2024, "value": 20685074.968811207}], "population": [{"year": 2019, "value": 53718.0}, {"year": 2020, "value": 53319.0}, {"year": 2021, "value": 53032.0}, {"year": 2022, "value": 52360.0}, {"year": 2023, "value": 50952.0}, {"year": 2024, "value": 50597.0}, {"year": 2025, "value": 50001.0}], "shipments": [{"year": 2019, "value": 6688767.3}, {"year": 2020, "value": 4696545.4}, {"year": 2021, "value": 7154425.2}, {"year": 2022, "value": 8116183.6}, {"year": 2023, "value": 8037891.7}, {"year": 2024, "value": 8536099.0}], "employees": [{"year": 2019, "value": 10148.0}, {"year": 2020, "value": 9949.0}, {"year": 2021, "value": 10248.0}, {"year": 2022, "value": 10177.0}, {"year": 2023, "value": 9634.0}, {"year": 2024, "value": 9352.0}], "investments": [{"year": 2019, "value": 1355393.0}, {"year": 2020, "value": 2830287.0}, {"year": 2021, "value": 1164252.0}, {"year": 2022, "value": 706827.0}, {"year": 2023, "value": 729554.0}, {"year": 2024, "value": 1086631.0}], "vgp2024": 20685074.968811207, "pop2024": 50597.0, "ship2024": 8536099.0, "emp2024": 9352.0, "inv2024": 1086631.0}, "geometry": {"type": "MultiPolygon", "coordinates": [[[[88.1745473, 56.01548090000001], [88.15350619999998, 56.02044089999999], [88.1456022, 56.023385700000006], [88.14510820000001, 56.0286307], [88.1409916, 56.031299], [88.1306177, 56.034427], [88.13115159999998, 56.03666559999999], [88.1144805, 56.0490519], [88.11036389999998, 56.04647680000001], [88.1034479, 56.04684470000001], [88.08978069999999, 56.0542014], [88.08747539999999, 56.0522704], [88.07957149999999, 56.05135090000001], [88.06623359999999, 56.0470286], [88.0612936, 56.0491438], [88.0543777, 56.0499715], [88.0446625, 56.04712059999999], [88.0209836, 56.074664199999994], [88.00896959999999, 56.0780754], [88.0036065, 56.0770517], [87.99907819999999, 56.076936800000006], [87.99043329999999, 56.07613270000001], [87.97824799999998, 56.07613270000001], [87.9633623, 56.0828223], [87.96164979999999, 56.089290299999995], [87.95875169999998, 56.091936], [87.95822470000002, 56.0951693], [87.9523063, 56.1017193], [87.95121419999998, 56.104187200000005], [87.94806099999998, 56.107134], [87.94471959999998, 56.10916079999999], [87.9434434, 56.1092043], [87.936145, 56.10780599999999], [87.935373, 56.1076131], [87.93512249999999, 56.107421599999995], [87.93456549999999, 56.1065903], [87.93305199999999, 56.105977799999984], [87.9271057, 56.1061578], [87.92217669999998, 56.1071372], [87.91877729999999, 56.106347400000004], [87.9136835, 56.1063546], [87.91511669999998, 56.1099276], [87.9087093, 56.1125601], [87.9013744, 56.112372099999995], [87.8937588, 56.10909530000001], [87.89051949999998, 56.1092419], [87.88775449999999, 56.10855359999999], [87.8856171, 56.10744], [87.8840697, 56.105834800000004], [87.88273089999998, 56.1044323], [87.8811996, 56.1038562], [87.87888849999999, 56.10358819999999], [87.87655669999998, 56.103760199999996], [87.87270670000001, 56.105292999999996], [87.8718484, 56.1075905], [87.8718039, 56.109336899999995], [87.87253499999998, 56.11094070000001], [87.87270670000001, 56.113429200000006], [87.87081840000002, 56.1160133], [87.8660119, 56.1181187], [87.86309359999998, 56.1198412], [87.8598321, 56.120893900000006], [87.85708549999998, 56.12443429999999], [87.85602819999998, 56.127006599999994], [87.8562499, 56.12816569999999], [87.85605549999998, 56.13294909999999], [87.85451059999998, 56.1352449], [87.85262229999998, 56.13620139999999], [87.84982759999998, 56.136505099999994], [87.84532099999998, 56.1360321], [87.8421576, 56.1349121], [87.8393195, 56.1331572], [87.8363145, 56.130461799999985], [87.83113249999998, 56.1291274], [87.82018959999999, 56.12796960000001], [87.8152001, 56.127783], [87.81083769999998, 56.128385400000006], [87.806617, 56.1292181], [87.7988923, 56.13266209999999], [87.78910759999998, 56.13629709999999], [87.78206470000002, 56.1377728], [87.7765886, 56.1392548], [87.7700532, 56.1409838], [87.76490329999999, 56.1428966], [87.7611268, 56.14566990000001], [87.7595194, 56.146429700000006], [87.7554619, 56.14834750000001], [87.7525757, 56.14945850000001], [87.7293304, 56.1360866], [87.7270349, 56.1383106], [87.71338579999998, 56.1319853], [87.6949279, 56.11860179999999], [87.68835939999998, 56.1109498], [87.6738171, 56.107965799999995], [87.6625352, 56.1021264], [87.6229976, 56.1160352], [87.6184456, 56.1172422], [87.59912159999999, 56.123093299999994], [87.57727509999998, 56.1293784], [87.54529579999999, 56.097396499999995], [87.4724097, 56.070246], [87.3955258, 56.01664749999998], [87.3923343, 56.0106107], [87.3906172, 56.0073623], [87.3659174, 56.004370200000004], [87.3523325, 55.9965435], [87.34800999999999, 55.98721849999999], [87.33323329999999, 55.9749184], [87.30692899999998, 55.98166389999999], [87.25559149999998, 55.93874089999999], [87.24953179999999, 55.9412493], [87.24953179999999, 55.948257399999996], [87.24557989999998, 55.9509127], [87.23609519999998, 55.94951129999999], [87.2266105, 55.9523141], [87.2185748, 55.956886600000004], [87.21449109999999, 55.9575503], [87.2109343, 55.958435200000004], [87.205665, 55.95895139999998], [87.20474289999999, 55.9607949], [87.2003957, 55.96035249999999], [87.19314529999998, 55.960996699999995], [87.19275179999998, 55.9660965], [87.2002822, 55.9685838], [87.2064547, 55.973626900000006], [87.2014106, 55.97693170000001], [87.2446179, 55.9950592], [87.26066629999998, 56.00946879999999], [87.2341247, 56.020164599999994], [87.2808811, 56.05456099999999], [87.2539555, 56.0708784], [87.25323309999999, 56.0705831], [87.25279519999998, 56.07045999999999], [87.25297599999999, 56.0701711], [87.25279519999998, 56.070006], [87.25221199999999, 56.0701711], [87.25172729999998, 56.07028570000001], [87.25147259999999, 56.0700518], [87.25164509999999, 56.06980420000001], [87.25205389999999, 56.06957799999999], [87.2520025, 56.069274199999995], [87.2516123, 56.0693201], [87.2512734, 56.0695895], [87.2503595, 56.069641100000005], [87.2501952, 56.0693831], [87.2510064, 56.06922260000001], [87.2513967, 56.0691882], [87.2511502, 56.0689188], [87.25040059999999, 56.068597800000006], [87.2504827, 56.0684144], [87.2509448, 56.0681049], [87.25118099999999, 56.0676463], [87.25073949999998, 56.06762330000001], [87.25033899999998, 56.0677609], [87.24970229999998, 56.0673654], [87.2490451, 56.0670272], [87.2490451, 56.06661439999999], [87.24931209999998, 56.0660354], [87.24881909999999, 56.06593800000001], [87.24880889999999, 56.0661673], [87.24851109999999, 56.06658000000001], [87.2479257, 56.0666488], [87.2478436, 56.0664195], [87.2480695, 56.06589790000001], [87.2487062, 56.0655711], [87.24868560000002, 56.06535329999999], [87.2482851, 56.0653303], [87.24820299999999, 56.0655596], [87.2476074, 56.06584049999999], [87.24736089999999, 56.06577169999999], [87.2475971, 56.06551379999999], [87.24771009999999, 56.0650437], [87.2465599, 56.0651182], [87.2464573, 56.0649348], [87.2469502, 56.064361500000004], [87.2469194, 56.0638627], [87.24643669999999, 56.063920100000004], [87.24570759999999, 56.06445320000001], [87.2449888, 56.0646825], [87.2446396, 56.06453919999999], [87.2447526, 56.06398309999999], [87.24518389999999, 56.063341], [87.2448039, 56.0633066], [87.24437259999999, 56.06361050000001], [87.24399269999999, 56.0637939], [87.2422367, 56.06353599999999], [87.24204159999998, 56.0637767], [87.242134, 56.06416660000001], [87.2415897, 56.06412649999999], [87.2408093, 56.06398309999999], [87.239043, 56.0640405], [87.2388787, 56.0636449], [87.2389608, 56.06323209999999], [87.23822149999998, 56.0626932], [87.237554, 56.062762], [87.2369789, 56.063209199999996], [87.23672219999999, 56.0630429], [87.2361574, 56.0623664], [87.23634220000001, 56.0621428], [87.23694809999999, 56.061993799999996], [87.2370508, 56.06169560000001], [87.23592119999999, 56.0613975], [87.235138, 56.0610757], [87.23193399999998, 56.0608235], [87.2310825, 56.0601635], [87.22178609999999, 56.0628413], [87.11328659999998, 56.0945923], [87.1381308, 56.104231899999995], [87.1169129, 56.1230792], [87.0645946, 56.1237935], [87.0657972, 56.1579659], [87.0691001, 56.15829610000001], [87.1320998, 56.1633146], [87.1334731, 56.1634102], [87.13476059999999, 56.16350580000001], [87.13600509999999, 56.16360139999999], [87.1372067, 56.1637448], [87.1384513, 56.1639598], [87.13995329999999, 56.164222699999996], [87.1568191, 56.1684042], [87.15810649999999, 56.16866709999999], [87.15943689999999, 56.168906], [87.1608531, 56.169097099999995], [87.162398, 56.1692405], [87.16870869999998, 56.16937670000001], [87.1680286, 56.186360900000004], [87.14673359999999, 56.188336], [87.15089999999998, 56.197436999999994], [87.1678188, 56.20378239999999], [87.16297959999999, 56.21586599999999], [87.1905335, 56.2151521], [87.19275580000001, 56.23164440000001], [87.0742997, 56.23093360000001], [87.0718886, 56.25086399999999], [87.04536629999998, 56.2538778], [87.03813289999998, 56.293537300000004], [87.02517319999998, 56.2928683], [86.99492539999999, 56.31181550000001], [87.00919949999998, 56.315441199999995], [87.0104051, 56.3196199], [87.02517319999998, 56.32212690000001], [87.03632459999999, 56.331150699999995], [87.0535038, 56.33883600000001], [87.06284690000001, 56.347855800000005], [87.07098439999999, 56.34919190000001], [87.0715262, 56.35193159999999], [86.9977467, 56.3630512], [86.9567576, 56.4277722], [87.0061856, 56.438603900000004], [87.00558279999998, 56.4740768], [86.9736355, 56.4630888], [86.9718271, 56.45925880000001], [86.95736039999998, 56.45526199999999], [86.9598604, 56.4935842], [86.9600729, 56.513009], [86.9757452, 56.51251009999999], [87.0004942, 56.5419096], [87.08747509999999, 56.535905899999996], [87.08999609999998, 56.536095399999994], [87.0920826, 56.5343196], [87.10225179999999, 56.53625989999999], [87.10643149999999, 56.53530279999999], [87.11429619999998, 56.53601629999999], [87.11801239999998, 56.535604], [87.1308643, 56.5421443], [87.1282864, 56.5449331], [87.1396258, 56.5495735], [87.1503424, 56.54727809999999], [87.15068569999998, 56.5477575], [87.1495965, 56.548037099999995], [87.15007400000002, 56.548398999999996], [87.1506409, 56.5493037], [87.1518383, 56.5491138], [87.1526702, 56.5502166], [87.1543605, 56.55054929999999], [87.15628579999999, 56.550475299999995], [87.15772650000001, 56.54992819999998], [87.1585937, 56.54976429999999], [87.1596403, 56.5498335], [87.1597335, 56.5492475], [87.1603117, 56.5492783], [87.16047309999999, 56.5498336], [87.1609831, 56.550183], [87.1620276, 56.55032690000001], [87.1630161, 56.5500596], [87.1639474, 56.550207699999994], [87.16480659999999, 56.55071759999999], [87.1661192, 56.5512319], [87.16689429999998, 56.55139189999999], [87.1768595, 56.5562036], [87.17667159999999, 56.5580201], [87.1778137, 56.560020900000005], [87.1809236, 56.5613704], [87.183651, 56.562500199999995], [87.18663279999998, 56.5627351], [87.18865799999999, 56.5627456], [87.1927239, 56.56289439999998], [87.19617859999998, 56.5624162], [87.19823859999998, 56.5620378], [87.1998183, 56.56172429999999], [87.21213049999999, 56.5685198], [87.2094834, 56.5695144], [87.20659730000001, 56.5701528], [87.20349339999999, 56.570329399999984], [87.1967557, 56.5697029], [87.1951067, 56.56990449999999], [87.19377309999999, 56.5704653], [87.193183, 56.5712751], [87.1931648, 56.572014599999996], [87.1938085, 56.572647], [87.19434499999998, 56.572948399999994], [87.1950069, 56.573325999999994], [87.1962622, 56.573627300000005], [87.2002458, 56.57352759999999], [87.2039795, 56.5729957], [87.2060254, 56.573391], [87.20860029999999, 56.57462030000001], [87.2117686, 56.575206099999996], [87.2151663, 56.57514040000001], [87.217133, 56.574686], [87.21889999999999, 56.573958399999995], [87.2203088, 56.57238099999999], [87.2215393, 56.5709205], [87.22290509999999, 56.5701351], [87.2249081, 56.5701757], [87.2266248, 56.57102679999999], [87.2271397, 56.57244540000001], [87.2264671, 56.5736104], [87.2252515, 56.57471480000001], [87.22408529999998, 56.57532429999999], [87.22273349999999, 56.5756552], [87.21992999999999, 56.576795100000005], [87.2163251, 56.579726199999996], [87.2112322, 56.582249999999995], [87.2057893, 56.58460680000001], [87.2001171, 56.5861969], [87.19383739999999, 56.58710010000001], [87.1920275, 56.5872249], [87.1902325, 56.58710010000001], [87.1871427, 56.58655660000001], [87.18559019999998, 56.585913299999994], [87.1844819, 56.5849613], [87.18418149999998, 56.58307070000001], [87.1853757, 56.58155279999999], [87.187486, 56.5805771], [87.1909192, 56.5790643], [87.1921778, 56.5782082], [87.19246409999998, 56.5768897], [87.1921992, 56.5763171], [87.1912196, 56.57582589999999], [87.18954589999998, 56.5751168], [87.18810079999999, 56.57467419999998], [87.18658479999999, 56.57466759999999], [87.18447439999998, 56.57519430000001], [87.1830014, 56.5761687], [87.18093389999999, 56.57816089999999], [87.1782303, 56.579945499999994], [87.1722081, 56.58350790000001], [87.1677449, 56.5854931], [87.16537709999999, 56.5860551], [87.1627882, 56.586296699999984], [87.16029909999999, 56.5863321], [87.1590256, 56.58678769999999], [87.15859839999999, 56.5873311], [87.15886449999999, 56.5883867], [87.159369, 56.5890209], [87.16100819999998, 56.5895216], [87.1640327, 56.59003040000001], [87.16584920000001, 56.590320599999984], [87.1670583, 56.5909756], [87.1680593, 56.59166750000001], [87.168453, 56.59254700000001], [87.1682599, 56.59437810000001], [87.16878889999998, 56.5954007], [87.17016959999998, 56.596327300000006], [87.17213629999999, 56.596818299999995], [87.1739462, 56.59679990000001], [87.1761703, 56.5960622], [87.1781304, 56.5955949], [87.17966789999998, 56.5954361], [87.1812847, 56.595843], [87.18256469999999, 56.5963694], [87.183409, 56.5970834], [87.184439, 56.59881980000001], [87.1838522, 56.59983050000001], [87.18315149999998, 56.6005562], [87.17883849999998, 56.6028241], [87.1777367, 56.6036692], [87.1771144, 56.6051928], [87.1776723, 56.60703519999999], [87.17990389999999, 56.6090428], [87.18080519999998, 56.610247300000005], [87.1811056, 56.611664399999995], [87.18056919999998, 56.61263259999999], [87.17973229999998, 56.61343560000001], [87.1771144, 56.6141913], [87.17417469999998, 56.6143802], [87.17230789999999, 56.614439199999985], [87.1707201, 56.6146872], [87.168746, 56.615183099999996], [87.16728679999999, 56.6155137], [87.16602079999998, 56.61546649999999], [87.1651411, 56.61520670000001], [87.16402529999999, 56.61442739999999], [87.1627378, 56.613152199999995], [87.1622228, 56.611664399999995], [87.1628666, 56.61050709999999], [87.1641969, 56.6098222], [87.1652698, 56.609066399999996], [87.16559169999998, 56.60842869999999], [87.16568499999998, 56.607796199999996], [87.16537709999999, 56.6070824], [87.1645263, 56.6064853], [87.1632957, 56.605960499999995], [87.161608, 56.605717600000006], [87.16003419999998, 56.60564159999999], [87.158561, 56.605812199999995], [87.1570945, 56.60626750000001], [87.15600759999998, 56.6069341], [87.1553778, 56.607968099999994], [87.1558145, 56.608941699999995], [87.1575022, 56.6102119], [87.1586039, 56.6117167], [87.15997719999999, 56.614243699999996], [87.16007709999998, 56.61533659999999], [87.15969819999998, 56.616404399999986], [87.1589613, 56.61761529999998], [87.15778849999998, 56.6186595], [87.1552491, 56.619929299999995], [87.1523597, 56.6209734], [87.1505713, 56.6218654], [87.14954879999999, 56.622909499999984], [87.14894049999998, 56.62465129999999], [87.14935569999999, 56.6262855], [87.1488836, 56.62799699999999], [87.1478677, 56.628640999999995], [87.1462872, 56.62904749999999], [87.1443915, 56.6291721], [87.1424248, 56.62904739999999], [87.13987139999999, 56.629330700000004], [87.13913439999999, 56.6299865], [87.1389058, 56.6306527], [87.1394348, 56.6314146], [87.1411803, 56.631927299999994], [87.1423101, 56.6318277], [87.14341189999999, 56.631585], [87.1478322, 56.629897299999996], [87.14997049999998, 56.629597], [87.1522954, 56.629802899999994], [87.1566513, 56.6313077], [87.1580708, 56.63211090000001], [87.159194, 56.6330661], [87.1597767, 56.633786799999996], [87.16019179999999, 56.63461809999999], [87.15967679999999, 56.636128600000006], [87.15715879999999, 56.63730940000001], [87.1536365, 56.63820549999999], [87.1501067, 56.6397453], [87.1493053, 56.6407962], [87.149184, 56.641822000000005], [87.14961649999998, 56.64277839999999], [87.15043139999999, 56.643575000000006], [87.151598, 56.6440933], [87.1541837, 56.6459455], [87.15452699999999, 56.64764439999999], [87.15384029999998, 56.6491544], [87.1522128, 56.64995720000001], [87.1502173, 56.6506414], [87.1460727, 56.652015], [87.143369, 56.652551599999995], [87.14156979999998, 56.65228690000001], [87.13964609999998, 56.65163160000001], [87.1385625, 56.650540500000005], [87.13651329999999, 56.647396699999994], [87.1344426, 56.6461343], [87.1327829, 56.6459639], [87.131181, 56.6460399], [87.1294892, 56.6463886], [87.12843439999999, 56.6471725], [87.12760089999999, 56.6482939], [87.1277478, 56.6496262], [87.1278155, 56.65078299999998], [87.12843439999999, 56.6519855], [87.131696, 56.65425019999999], [87.1362236, 56.6561551], [87.1382513, 56.6580657], [87.17266289999999, 56.6642941], [87.19566429999999, 56.638863799999996], [87.2427865, 56.63027089999999], [87.2627012, 56.6385799], [87.3494743, 56.63518139999999], [87.3680704, 56.64080289999999], [87.3839772, 56.64561069999999], [87.4033726, 56.6270604], [87.347585, 56.610959599999994], [87.3645797, 56.592957399999996], [87.4446556, 56.6127522], [87.5966646, 56.66365600000001], [87.65399949999998, 56.6006114], [87.63621659999998, 56.594185200000005], [87.63381339999998, 56.5932401], [87.6331267, 56.591916899999994], [87.63261169999998, 56.58898669999999], [87.64260309999999, 56.561621], [87.6543095, 56.54360719999999], [87.6685894, 56.55009830000001], [87.69894309999998, 56.560436499999994], [87.70237259999999, 56.5631542], [87.7023395, 56.5518361], [87.93117549999998, 56.6315668], [87.99937809999999, 56.6557222], [88.0436856, 56.66725159999999], [88.0468366, 56.66659289999999], [88.0508806, 56.6682091], [88.05259719999998, 56.66981259999999], [88.05259719999998, 56.670944399999996], [88.05259719999998, 56.6720762], [88.0529406, 56.672925], [88.0534555, 56.673679500000006], [88.05465719999998, 56.67490560000001], [88.0548288, 56.6761316], [88.05706039999998, 56.6769803], [88.05963539999999, 56.6782062], [88.0601503, 56.678960599999996], [88.0601503, 56.6792435], [88.0591204, 56.68028079999999], [88.06152359999999, 56.6809409], [88.06255359999999, 56.68207239999999], [88.0616953, 56.6828267], [88.05877709999999, 56.6828267], [88.05894869999999, 56.683581], [88.0594637, 56.684901], [88.059807, 56.685843799999994], [88.05809039999998, 56.687258], [88.05757539999999, 56.6881065], [88.0594637, 56.68904929999999], [88.060837, 56.689332099999994], [88.06255359999999, 56.6898034], [88.06306859999998, 56.6903691], [88.06444189999999, 56.69065189999999], [88.06718850000001, 56.691406], [88.0692484, 56.6922544], [88.071995, 56.69376259999999], [88.0731966, 56.694705199999994], [88.07474159999998, 56.69527080000001], [88.0761899, 56.6954151], [88.0798914, 56.69593059999999], [88.082123, 56.69659039999999], [88.0857279, 56.6971559], [88.08795949999998, 56.697721400000006], [88.0907061, 56.6982869], [88.09465429999999, 56.69885240000001], [88.09877419999998, 56.6994179], [88.1042673, 56.699323699999994], [88.10735719999998, 56.7002661], [88.1104471, 56.7002661], [88.113537, 56.7005489], [88.115597, 56.701491299999994], [88.1197168, 56.7025279], [88.12246339999999, 56.703753000000006], [88.12263509999998, 56.7049781], [88.1289866, 56.7067685], [88.1329348, 56.707710799999994], [88.13739799999999, 56.7085588], [88.1420328, 56.70940679999998], [88.3035662, 56.7826405], [88.3056261, 56.7834868], [88.30871599999999, 56.78517949999999], [88.31489579999999, 56.7875302], [88.3183291, 56.7886585], [88.32347889999998, 56.78988079999999], [88.3275988, 56.79185519999999], [88.3312037, 56.7962737], [88.3318903, 56.7992817], [88.3358385, 56.8012556], [88.34236160000002, 56.80482709999999], [88.3500864, 56.809431999999994], [88.35472129999998, 56.8135666], [88.3560946, 56.81582159999999], [88.3575698, 56.81717109999999], [88.360626, 56.8175486], [88.3610343, 56.817654000000005], [88.36139419999999, 56.817814], [88.3611243, 56.8183433], [88.3611468, 56.81861409999999], [88.3619789, 56.8188849], [88.36314839999999, 56.8188356], [88.3635307, 56.8193772], [88.36436279999998, 56.819734099999984], [88.36472259999998, 56.82011570000001], [88.36535229999998, 56.8203003], [88.36694910000001, 56.8218018], [88.3676013, 56.82167880000001], [88.36789369999998, 56.82170339999999], [88.36802859999999, 56.8218018], [88.3680511, 56.8220726], [88.3677138, 56.822454099999995], [88.3683435, 56.8228849], [88.3686133, 56.8235987], [88.36843339999999, 56.82417709999999], [88.36811859999999, 56.8245217], [88.3677812, 56.82474320000001], [88.3662969, 56.825186200000005], [88.3658021, 56.8255554], [88.36508250000001, 56.8259], [88.3645652, 56.82591229999999], [88.3644752, 56.825653800000005], [88.3646552, 56.825432299999996], [88.36436279999998, 56.8252231], [88.36355319999998, 56.825210799999994], [88.36335079999999, 56.82514929999999], [88.36312589999999, 56.825210799999994], [88.3629459, 56.825309299999994], [88.3629459, 56.82545689999999], [88.36321579999999, 56.82599840000001], [88.36314839999999, 56.8265522], [88.3626311, 56.826613699999996], [88.36161909999998, 56.8265276], [88.3612592, 56.8267614], [88.3613042, 56.8271798], [88.3618664, 56.8274259], [88.3635082, 56.82701979999999], [88.36476439999998, 56.827278199999995], [88.36500579999999, 56.82721359999999], [88.3649844, 56.82700809999999], [88.36512389999999, 56.8266001], [88.3657998, 56.82635059999999], [88.36631479999998, 56.8263653], [88.3666313, 56.8263947], [88.3669531, 56.8263624], [88.3674091, 56.8262773], [88.3678973, 56.82598959999999], [88.36824599999998, 56.8257284], [88.36851949999999, 56.8254495], [88.36869659999999, 56.825244], [88.36876630000002, 56.824941700000004], [88.3689702, 56.82483009999999], [88.3692598, 56.82477730000001], [88.36957629999999, 56.8248683], [88.3699089, 56.825156], [88.37015569999998, 56.8252851], [88.37058479999999, 56.825473], [88.37087449999999, 56.82570189999999], [88.3709121, 56.8258663], [88.3709657, 56.8260395], [88.37112659999998, 56.8261951], [88.37155039999999, 56.8263947], [88.3719528, 56.82635059999999], [88.37233899999998, 56.8261246], [88.37244089999999, 56.82586340000001], [88.37280029999998, 56.8255669], [88.3733207, 56.8255493], [88.3736372, 56.825655], [88.3740932, 56.8256462], [88.3744955, 56.8253761], [88.37466179999998, 56.82520000000001], [88.3747798, 56.82511190000001], [88.3750963, 56.825067899999986], [88.37541820000001, 56.82510020000001], [88.3758205, 56.82511190000001], [88.3761531, 56.8251266], [88.3764911, 56.8249886], [88.37680220000001, 56.8247949], [88.37705429999998, 56.824398599999995], [88.3771992, 56.824366299999994], [88.3773762, 56.8242313], [88.377639, 56.8240816], [88.37829349999998, 56.824152], [88.3784866, 56.8242137], [88.37879239999998, 56.82435459999999], [88.3789372, 56.824501399999995], [88.3789587, 56.8246012], [88.378846, 56.8247245], [88.378669, 56.824827199999994], [88.3784705, 56.82490349999999], [88.3784008, 56.825026799999996], [88.3784008, 56.8251472], [88.37853489999999, 56.8252558], [88.3789962, 56.82538199999999], [88.37934489999999, 56.82543780000001], [88.3797526, 56.8254671], [88.37992429999998, 56.8254348], [88.3801281, 56.8253761], [88.3804715, 56.8251736], [88.3806109, 56.825067899999986], [88.38071819999999, 56.8249652], [88.3808523, 56.8248565], [88.3816677, 56.8244603], [88.3821452, 56.82434580000001], [88.3824563, 56.824381], [88.38271919999998, 56.8243751], [88.3831054, 56.82411979999999], [88.38333609999998, 56.82394359999999], [88.3841461, 56.82379099999999], [88.3844948, 56.8237558], [88.38474689999998, 56.8235679], [88.3850205, 56.82353849999999], [88.3852404, 56.8235738], [88.3854496, 56.823697], [88.3854818, 56.8240728], [88.3852297, 56.82449549999998], [88.3850849, 56.8247274], [88.3850366, 56.824888800000004], [88.38506339999999, 56.82496810000001], [88.3851278, 56.8250297], [88.385396, 56.825020899999984], [88.3860397, 56.82465400000001], [88.38659229999999, 56.82457769999999], [88.3869517, 56.824571799999994], [88.38728959999999, 56.824551299999996], [88.38764269999999, 56.82442339999999], [88.3885224, 56.824041799999996], [88.3911135, 56.8244645], [88.39300179999998, 56.8246524], [88.39454669999999, 56.8244645], [88.39557669999999, 56.8227736], [88.39695000000002, 56.8220221], [88.4007265, 56.8215524], [88.4046747, 56.82296149999999], [88.4091379, 56.8248402], [88.41325779999998, 56.82756419999998], [88.4158327, 56.829348800000005], [88.41960929999999, 56.831508899999996], [88.42441579999999, 56.834420200000004], [88.5248109, 56.7691847], [88.59696679999999, 56.8022101], [88.64829469999998, 56.82037640000001], [88.6373531, 56.77576919999999], [88.6266777, 56.7291937], [88.6244128, 56.7192977], [88.73607639999999, 56.71470109999999], [88.72448000000001, 56.69275209999999], [88.71848729999999, 56.6821364], [88.6740133, 56.6800677], [88.6719338, 56.6672576], [88.66695669999999, 56.6401029], [88.66314929999999, 56.6197674], [88.6038937, 56.6206644], [88.5008785, 56.6218904], [88.5137408, 56.58500430000001], [88.5194919, 56.56728209999999], [88.52183339999999, 56.5612506], [88.5232416, 56.55879650000001], [88.5262298, 56.5528164], [88.53381669999999, 56.5435105], [88.5374712, 56.53811619999999], [88.54275649999998, 56.533176999999995], [88.54638829999999, 56.52992239999999], [88.605597, 56.53125150000001], [88.6078686, 56.4934803], [88.60838419999999, 56.4802787], [88.6093003, 56.4714703], [88.609168, 56.4632698], [88.58296199999998, 56.46045670000001], [88.5871335, 56.4485712], [88.5338271, 56.453587500000005], [88.4154591, 56.45520729999999], [88.410277, 56.4362511], [88.3426623, 56.44192400000001], [88.3376017, 56.425602399999995], [88.3241069, 56.423037], [88.32242009999999, 56.4211711], [88.31735949999998, 56.4205491], [88.3132829, 56.41767229999999], [88.29964749999999, 56.4141731], [88.2832007, 56.4094294], [88.277859, 56.406785], [88.2772967, 56.40476280000001], [88.2722362, 56.40546280000001], [88.2716739, 56.4011847], [88.2604282, 56.3908374], [88.2616934, 56.3867911], [88.2597254, 56.3849234], [88.2597254, 56.3802538], [88.2563631, 56.3795893], [88.25584919999999, 56.3794855], [88.2556541, 56.3792203], [88.25510419999999, 56.3787145], [88.254306, 56.3785083], [88.25356989999999, 56.3781989], [88.2532152, 56.3778601], [88.25312649999998, 56.37755069999999], [88.25331269999998, 56.3771824], [88.25304669999998, 56.37661769999998], [88.25269189999999, 56.3762739], [88.25209770000001, 56.376097099999996], [88.2514503, 56.3761462], [88.25092710000001, 56.37605289999999], [88.250661, 56.3757877], [88.2507142, 56.3753555], [88.251131, 56.3752033], [88.25158330000001, 56.375301500000006], [88.25192919999999, 56.3756306], [88.2525855, 56.3757975], [88.25295799999999, 56.3758024], [88.25311760000001, 56.3755471], [88.2525944, 56.3751542], [88.25226619999998, 56.3748153], [88.25197359999999, 56.3743979], [88.25158330000001, 56.3741425], [88.2509359, 56.37398530000001], [88.2500845, 56.3740394], [88.24974749999998, 56.3742898], [88.2495524, 56.374618899999994], [88.249038, 56.3747122], [88.2486921, 56.374658200000006], [88.2483817, 56.3745452], [88.24819549999998, 56.3742505], [88.24787620000001, 56.374088500000006], [88.247282, 56.374005], [88.2467499, 56.3741425], [88.24671439999999, 56.374387999999996], [88.2471933, 56.374751499999995], [88.2475658, 56.3751149], [88.24747709999998, 56.3754636], [88.24677649999998, 56.375841699999995], [88.2461025, 56.3757631], [88.2454905, 56.37566], [88.24514469999998, 56.3757042], [88.2443642, 56.37588099999999], [88.24298959999999, 56.3760283], [88.24212039999999, 56.3759252], [88.2413666, 56.37568460000001], [88.2409231, 56.375404599999996], [88.24081669999998, 56.37511], [88.24108279999999, 56.3747711], [88.2418721, 56.37470239999999], [88.2426703, 56.374756399999995], [88.24325559999998, 56.37466309999999], [88.24390299999999, 56.3748792], [88.2443287, 56.374977400000006], [88.2455792, 56.374687599999994], [88.2456413, 56.374304599999995], [88.2458009, 56.3740197], [88.2459517, 56.3737103], [88.2456324, 56.373008], [88.24502939999999, 56.3728213], [88.2438321, 56.37275749999999], [88.24337979999999, 56.3725414], [88.2428743, 56.3718734], [88.2422535, 56.37151], [88.2416592, 56.3713676], [88.24119809999999, 56.371387199999994], [88.2409054, 56.37160819999999], [88.2408965, 56.37183910000001], [88.2411183, 56.37235969999999], [88.2415972, 56.37263960000001], [88.2415528, 56.373042399999996], [88.2410739, 56.37333699999999], [88.24026689999998, 56.37339109999999], [88.2393977, 56.37326339999999], [88.2385907, 56.373042399999996], [88.237961, 56.3730325], [88.2372692, 56.37327320000001], [88.2370298, 56.37352369999999], [88.2367992, 56.3738773], [88.2370386, 56.374191599999996], [88.2378546, 56.374505899999996], [88.2385729, 56.3748644], [88.2392026, 56.3750216], [88.23938, 56.37535059999999], [88.2388213, 56.3760431], [88.23836899999999, 56.376475199999994], [88.2375796, 56.37675519999999], [88.2367992, 56.3766668], [88.2363203, 56.376357399999996], [88.2361518, 56.3760431], [88.2363203, 56.37575330000001], [88.23634689999999, 56.3753359], [88.235797, 56.374957699999996], [88.2356108, 56.374594300000005], [88.235664, 56.3738527], [88.23499, 56.37321920000001], [88.2339346, 56.3730669], [88.2332074, 56.373042399999996], [88.2322584, 56.37278699999999], [88.23129169999999, 56.3726495], [88.2305201, 56.37286559999999], [88.2302984, 56.37322900000001], [88.2305734, 56.3739362], [88.2309547, 56.3740541], [88.2315046, 56.373995099999995], [88.2318416, 56.374024600000006], [88.2321342, 56.3741228], [88.2326752, 56.374442099999996], [88.23386359999999, 56.374751499999995], [88.2346796, 56.375164], [88.2346884, 56.375483200000005], [88.2345199, 56.3756895], [88.2339523, 56.3757386], [88.2334113, 56.375713999999995], [88.2327994, 56.37589570000001], [88.23168189999998, 56.375807300000005], [88.23026290000001, 56.37543900000001], [88.2287819, 56.3751345], [88.22811669999999, 56.37489389999999], [88.22672429999999, 56.3749086], [88.22618330000002, 56.3751836], [88.22609459999998, 56.3755323], [88.2262454, 56.3758614], [88.2270436, 56.3760627], [88.2281965, 56.3761855], [88.2289504, 56.3766373], [88.2289326, 56.3770253], [88.2284094, 56.37727569999999], [88.2276555, 56.3773346], [88.2267953, 56.377339500000005], [88.22618330000002, 56.3772364], [88.2253674, 56.3769467], [88.22491509999999, 56.37666190000001], [88.2244805, 56.3763132], [88.22400160000001, 56.37636719999999], [88.22300829999999, 56.376656899999986], [88.2225117, 56.376656899999986], [88.22208599999999, 56.3768681], [88.22158930000002, 56.37721680000001], [88.2206581, 56.3774623], [88.2200196, 56.37736410000001], [88.21985989999999, 56.37699580000001], [88.2199664, 56.376769900000006], [88.2206315, 56.3765489], [88.22131440000001, 56.37638679999999], [88.22175779999999, 56.37615110000001], [88.22253489999999, 56.375405799999996], [88.2225881, 56.375086599999996], [88.22202049999999, 56.3744531], [88.2215859, 56.37382929999998], [88.2214972, 56.3734856], [88.22088309999998, 56.372850699999994], [88.2216996, 56.340508], [88.26905539999998, 56.34065880000001], [88.2807583, 56.345259299999995], [88.3292027, 56.323156700000006], [88.341341, 56.302113399999996], [88.3552755, 56.2973416], [88.3429129, 56.29191939999999], [88.35678599999999, 56.2736407], [88.35020169999999, 56.263257599999996], [88.336505, 56.2500989], [88.33149729999998, 56.2491312], [88.32431229999999, 56.24253800000001], [88.32409459999998, 56.2410861], [88.33171499999999, 56.23751670000001], [88.34575850000002, 56.2347941], [88.35125389999999, 56.2318752], [88.31871669999998, 56.20657839999999], [88.3228971, 56.198904799999994], [88.26611369999999, 56.19894349999999], [88.2660252, 56.16941059999999], [88.27249089999998, 56.1664118], [88.2759421, 56.1655891], [88.27507469999999, 56.1644011], [88.26591149999999, 56.168428000000006], [88.2662334, 56.14294939999999], [88.266253, 56.1413962], [88.28020119999998, 56.1411119], [88.27764969999998, 56.133055500000005], [88.2788404, 56.12537669999999], [88.28622629999998, 56.1208079], [88.30038749999999, 56.11915559999999], [88.30252819999998, 56.100884], [88.31882999999999, 56.08232799999999], [88.3092795, 56.07957139999999], [88.2618559, 56.0496956], [88.19615449999999, 56.014274300000004], [88.18462789999998, 56.0186002], [88.1745473, 56.01548090000001]]]]}}, {"type": "Feature", "properties": {"id": "mo-32732000", "name": "ГО Полысаевский", "region": "Кемеровская область", "isCity": false, "sourceOktmo": "32-732-000-000", "sourceAgg": "Кемерово", "excelNames": ["Полысаевский муниципальный округ"], "oktmo": "32732000", "vgp": [{"year": 2019, "value": 14494162.488056807}, {"year": 2020, "value": 12374871.902169012}, {"year": 2021, "value": 11906221.259647915}, {"year": 2022, "value": 21367903.91752855}, {"year": 2023, "value": 18745072.477349374}, {"year": 2024, "value": 23275952.499344233}], "population": [{"year": 2019, "value": 28899.0}, {"year": 2020, "value": 28733.0}, {"year": 2021, "value": 28466.0}, {"year": 2022, "value": 28132.0}, {"year": 2023, "value": 28061.0}, {"year": 2024, "value": 27901.0}, {"year": 2025, "value": 25177.0}], "shipments": [{"year": 2019, "value": 21868633.0}, {"year": 2020, "value": 6686063.9}, {"year": 2021, "value": 6594659.7}, {"year": 2022, "value": 14762113.6}, {"year": 2023, "value": 12688439.3}, {"year": 2024, "value": 19685994.7}], "employees": [{"year": 2019, "value": 7067.0}, {"year": 2020, "value": 6485.0}, {"year": 2021, "value": 5981.0}, {"year": 2022, "value": 4978.0}, {"year": 2023, "value": 5006.0}, {"year": 2024, "value": 6643.0}], "investments": [{"year": 2019, "value": 7551251.0}, {"year": 2020, "value": 6631908.0}, {"year": 2021, "value": 14420009.0}, {"year": 2022, "value": 6813724.0}, {"year": 2023, "value": 5559313.0}, {"year": 2024, "value": 3706689.0}], "vgp2024": 23275952.499344233, "pop2024": 27901.0, "ship2024": 19685994.7, "emp2024": 6643.0, "inv2024": 3706689.0}, "geometry": {"type": "MultiPolygon", "coordinates": [[[[86.22234939999998, 54.56200139999999], [86.2236149, 54.562580499999996], [86.2226169, 54.56456870000001], [86.22090239999999, 54.5657259], [86.2189575, 54.5679958], [86.2143258, 54.5758874], [86.2126369, 54.577563500000004], [86.21337839999998, 54.577797700000005], [86.21194589999999, 54.57886870000001], [86.2111015, 54.578661], [86.20416659999998, 54.582902600000004], [86.20449929999998, 54.5830509], [86.202708, 54.584326299999994], [86.2004817, 54.5866099], [86.2001234, 54.587603400000006], [86.1997505, 54.590649799999994], [86.1994069, 54.598811999999995], [86.20017019999999, 54.5989298], [86.1995039, 54.60054749999999], [86.2016058, 54.6003868], [86.2036081, 54.601786800000006], [86.20693490000001, 54.6031082], [86.2122263, 54.6046865], [86.21556569999998, 54.60753119999999], [86.21684069999999, 54.6080802], [86.21902939999998, 54.6082542], [86.2211296, 54.60795309999999], [86.2244248, 54.608943999999994], [86.2286857, 54.6094145], [86.22943639999998, 54.6103544], [86.2309201, 54.611476200000006], [86.2307747, 54.6120091], [86.231091, 54.6131348], [86.2335462, 54.6124303], [86.2469525, 54.61540269999999], [86.26580689999999, 54.6208867], [86.26968379999998, 54.6217491], [86.2722814, 54.619989800000006], [86.2736761, 54.6192775], [86.2745732, 54.6194379], [86.2754279, 54.6191029], [86.275129, 54.6188027], [86.2772602, 54.6178689], [86.27825259999999, 54.61753650000001], [86.2789446, 54.6172103], [86.28104749999999, 54.61647729999999], [86.28253339999999, 54.6157908], [86.2836546, 54.6151882], [86.288113, 54.6130483], [86.28834969999998, 54.6130287], [86.29024209999999, 54.61404029999999], [86.2937517, 54.615736299999995], [86.29551229999998, 54.61707679999999], [86.306477, 54.60498479999999], [86.3108682, 54.60478679999999], [86.31691929999998, 54.6049484], [86.32725519999998, 54.604319799999985], [86.32687469999999, 54.603442599999994], [86.31552460000002, 54.6001382], [86.3086391, 54.5975943], [86.3159326, 54.5917014], [86.31917239999999, 54.589136200000006], [86.3184214, 54.5887321], [86.31851509999998, 54.5885291], [86.31256619999999, 54.585223500000005], [86.3075432, 54.5830192], [86.3069697, 54.582608199999996], [86.3220924, 54.573116999999996], [86.3234609, 54.572150500000006], [86.3263316, 54.569032699999994], [86.328721, 54.5665137], [86.33055049999999, 54.563974899999984], [86.33182289999999, 54.5607022], [86.3352852, 54.5554195], [86.3202343, 54.5524338], [86.32031689999998, 54.551865299999996], [86.3225318, 54.5479842], [86.3270593, 54.5422408], [86.33099440000001, 54.53907430000001], [86.3326023, 54.5363985], [86.33378709999998, 54.5317092], [86.3321302, 54.5189636], [86.33002, 54.518956], [86.3285029, 54.5191027], [86.3275999, 54.51927049999999], [86.32449349999999, 54.519249499999994], [86.32326539999998, 54.5197527], [86.3214232, 54.520172], [86.31900309999999, 54.5205284], [86.3167275, 54.5208638], [86.31553549999998, 54.5210106], [86.31484919999998, 54.5209057], [86.31430740000002, 54.520213899999995], [86.3137294, 54.51968980000001], [86.3128264, 54.5195849], [86.3122124, 54.519941300000006], [86.3107314, 54.520046199999996], [86.3086725, 54.520213899999995], [86.3081307, 54.52044450000001], [86.3062524, 54.52059129999999], [86.301954, 54.520926700000004], [86.2978001, 54.521429899999994], [86.2934656, 54.52187010000001], [86.29223750000001, 54.5221636], [86.29158730000002, 54.5223104], [86.2909371, 54.522897300000004], [86.2899619, 54.5233166], [86.2899619, 54.5240294], [86.2901786, 54.5246373], [86.28985349999999, 54.525056599999985], [86.28934779999999, 54.5252871], [86.2853384, 54.52524519999999], [86.28421859999999, 54.5253081], [86.2832773, 54.5250338], [86.2813019, 54.52523039999999], [86.2788186, 54.5252631], [86.2743035, 54.526999], [86.27255389999999, 54.527424800000006], [86.2711824, 54.528061599999994], [86.27088739999999, 54.5278816], [86.2703241, 54.5278485], [86.27029239999999, 54.5274959], [86.26991899999999, 54.5273563], [86.2685834, 54.52785589999999], [86.26822889999998, 54.527811799999995], [86.2678871, 54.52756939999998], [86.2676845, 54.52721669999999], [86.26782379999999, 54.5268237], [86.2681783, 54.52650779999999], [86.26818459999998, 54.5263498], [86.2679061, 54.526254300000005], [86.2671971, 54.5264637], [86.2652855, 54.52655190000001], [86.26431769999999, 54.52683949999999], [86.2635611, 54.526647700000005], [86.26306480000001, 54.5267898], [86.2625274, 54.527133400000004], [86.259311, 54.52967979999999], [86.2586811, 54.52940289999999], [86.2434303, 54.5419059], [86.2417888, 54.543456], [86.238754, 54.5476522], [86.2376087, 54.54800650000001], [86.23331310000002, 54.5529021], [86.22997709999999, 54.5521991], [86.226481, 54.5559032], [86.2268904, 54.556125800000004], [86.2227448, 54.560250999999994], [86.2232566, 54.5604439], [86.22234939999998, 54.56200139999999]]]]}}, {"type": "Feature", "properties": {"id": "mo-32525000", "name": "Промышленновский муниципальный округ", "region": "Кемеровская область", "isCity": false, "sourceOktmo": "32-525-000-000", "sourceAgg": "Кемерово", "excelNames": ["Промышленновский муниципальный округ"], "oktmo": "32525000", "vgp": [{"year": 2019, "value": 9344940.699582472}, {"year": 2020, "value": 9041755.392548265}, {"year": 2021, "value": 9406530.396394484}, {"year": 2022, "value": 19176994.00455235}, {"year": 2023, "value": 16903272.035481356}, {"year": 2024, "value": 15544896.74939244}], "population": [{"year": 2019, "value": 46617.0}, {"year": 2020, "value": 46259.0}, {"year": 2021, "value": 46078.0}, {"year": 2022, "value": 45771.0}, {"year": 2023, "value": 45666.0}, {"year": 2024, "value": 45477.0}, {"year": 2025, "value": 45088.0}], "shipments": [{"year": 2019, "value": 4468811.4}, {"year": 2020, "value": 5230046.2}, {"year": 2021, "value": 6343858.6}, {"year": 2022, "value": 6586261.8}, {"year": 2023, "value": 7941753.6}, {"year": 2024, "value": 8192279.7}], "employees": [{"year": 2019, "value": 6197.0}, {"year": 2020, "value": 6076.0}, {"year": 2021, "value": 6366.0}, {"year": 2022, "value": 6363.0}, {"year": 2023, "value": 6280.0}, {"year": 2024, "value": 6268.0}], "investments": [{"year": 2019, "value": 1054087.0}, {"year": 2020, "value": 857802.0}, {"year": 2021, "value": 1595821.0}, {"year": 2022, "value": 2627005.0}, {"year": 2023, "value": 3303282.0}, {"year": 2024, "value": 3192017.0}], "vgp2024": 15544896.74939244, "pop2024": 45477.0, "ship2024": 8192279.7, "emp2024": 6268.0, "inv2024": 3192017.0}, "geometry": {"type": "MultiPolygon", "coordinates": [[[[85.0471536, 54.8442813], [85.0472796, 54.844569899999996], [85.0474995, 54.84477059999998], [85.0477034, 54.844875699999996], [85.0479501, 54.8449405], [85.04818079999998, 54.8449652], [85.0485402, 54.84494670000001], [85.04871729999999, 54.8449343], [85.0489265, 54.8449745], [85.0490981, 54.84501160000001], [85.0492698, 54.8449961], [85.0494254, 54.8449282], [85.0495863, 54.84485089999999], [85.04981160000001, 54.84463159999999], [85.0499994, 54.844526599999995], [85.05016029999999, 54.84451429999999], [85.0503641, 54.84461309999999], [85.05046009999998, 54.844763099999994], [85.0505168, 54.8448191], [85.0507357, 54.8448961], [85.05110439999999, 54.8449475], [85.0514347, 54.84497429999999], [85.05166980000001, 54.84501860000001], [85.0518744, 54.8451237], [85.0519393, 54.84526480000001], [85.05197169999998, 54.8454118], [85.0520223, 54.845478299999996], [85.05214389999999, 54.8455297], [85.05226349999998, 54.8455378], [85.0523729, 54.8454853], [85.05254109999998, 54.8453897], [85.05269099999998, 54.8453465], [85.0528207, 54.8453348], [85.05297269999998, 54.8453512], [85.0531317, 54.8453762], [85.0532675, 54.845359900000005], [85.0534006, 54.845284500000005], [85.0536052, 54.845219099999994], [85.0537917, 54.8452378], [85.0539072, 54.8453113], [85.0539801, 54.84542450000001], [85.0539943, 54.84551199999999], [85.0539943, 54.845657800000005], [85.05389499999998, 54.84578150000001], [85.0536701, 54.84584910000001], [85.05353029999999, 54.8459203], [85.05337629999998, 54.8461233], [85.0532425, 54.8463718], [85.0532385, 54.846481499999996], [85.0533175, 54.846552700000004], [85.05350799999998, 54.846609799999996], [85.053662, 54.8466296], [85.05384429999998, 54.846626099999995], [85.0541321, 54.846654099999995], [85.05451499999998, 54.84676730000001], [85.05461029999998, 54.8468466], [85.05460619999998, 54.8469481], [85.0545211, 54.847049600000005], [85.05435699999998, 54.8471453], [85.05411179999999, 54.8472281], [85.0539902, 54.8472141], [85.05383419999998, 54.8471476], [85.05368630000001, 54.847095100000004], [85.0535911, 54.8471033], [85.0531878, 54.84715229999998], [85.0525962, 54.84725029999999], [85.0523307, 54.8473285], [85.05226389999999, 54.8473915], [85.0522831, 54.84746750000001], [85.05233229999999, 54.8475172], [85.052577, 54.84759950000001], [85.05301859999999, 54.8477147], [85.0532971, 54.84777410000001], [85.05358629999999, 54.84782279999999], [85.05392949999998, 54.8478547], [85.0542157, 54.8478689], [85.05430800000002, 54.8478547], [85.0543895, 54.84782279999999], [85.0544603, 54.8477714], [85.05447569999998, 54.8477245], [85.0544526, 54.8475614], [85.05444949999999, 54.847443600000005], [85.05449259999999, 54.8473302], [85.054568, 54.8472487], [85.05463109999998, 54.8472177], [85.0547465, 54.847199999999994], [85.05485269999998, 54.847208], [85.0550173, 54.8472487], [85.05526199999998, 54.8473639], [85.0553835, 54.84748880000001], [85.0555158, 54.8476784], [85.05562509999999, 54.8477882], [85.0557543, 54.84786709999999], [85.05587589999999, 54.8478821], [85.0559882, 54.84786270000001], [85.0560728, 54.84782539999999], [85.05621749999999, 54.84773860000001], [85.0563344, 54.8476864], [85.0565037, 54.8476421], [85.05672529999998, 54.8476288], [85.05695139999999, 54.847652700000005], [85.05726069999999, 54.8476846], [85.0574961, 54.8476864], [85.0577854, 54.847646499999996], [85.0581285, 54.84759950000001], [85.05844399999998, 54.8475641], [85.0585978, 54.8475659], [85.0587178, 54.84759160000001], [85.0588471, 54.8476748], [85.0589056, 54.84775009999999], [85.05889939999999, 54.847871500000004], [85.0587932, 54.84804780000001], [85.05876709999998, 54.8481196], [85.05878399999999, 54.84818599999999], [85.0588871, 54.848267500000006], [85.05900559999999, 54.8483233], [85.0591348, 54.848351699999995], [85.0592548, 54.8483464], [85.059518, 54.8483118], [85.059698, 54.84829319999999], [85.0598549, 54.84829319999999], [85.0599842, 54.848318899999995], [85.06009799999998, 54.8483765], [85.06016879999999, 54.848455300000005], [85.0601981, 54.8485404], [85.0601704, 54.84862450000001], [85.0601134, 54.848718399999996], [85.0600334, 54.8487902], [85.05988719999999, 54.8488416], [85.05971949999999, 54.84887169999999], [85.0596057, 54.848873399999995], [85.0594672, 54.8488522], [85.0594087, 54.848855699999994], [85.0592229, 54.84888730000001], [85.05894709999998, 54.8489557], [85.0586686, 54.84898849999999], [85.05828999999999, 54.849013299999996], [85.0579131, 54.8490212], [85.05761919999999, 54.8490779], [85.0572437, 54.84917360000001], [85.05721139999999, 54.8492294], [85.05716059999999, 54.8494119], [85.05713449999999, 54.8496139], [85.05714369999998, 54.8497273], [85.0571714, 54.84977070000001], [85.05732369999998, 54.8498415], [85.0575592, 54.849946100000004], [85.0577315, 54.8499957], [85.0580177, 54.85005590000001], [85.0581808, 54.8501286], [85.05827929999998, 54.850245499999986], [85.05833469999999, 54.850412899999995], [85.05837019999998, 54.85055369999999], [85.0584763, 54.8506724], [85.0585871, 54.8507388], [85.0586948, 54.85076539999999], [85.05879329999999, 54.85076010000001], [85.05889789999999, 54.85071219999999], [85.05898869999999, 54.8506033], [85.0590718, 54.85043939999999], [85.05917339999999, 54.850306499999995], [85.05929799999998, 54.8502507], [85.05959039999999, 54.8502046], [85.060072, 54.8501825], [85.0602935, 54.8501887], [85.0605274, 54.8501754], [85.060749, 54.8501515], [85.0609352, 54.8501515], [85.0611475, 54.850184299999995], [85.0613629, 54.8502507], [85.061426, 54.8502994], [85.06145059999999, 54.850390700000005], [85.0614137, 54.8504571], [85.06135059999998, 54.8505165], [85.06111359999998, 54.85069719999999], [85.0607428, 54.8509284], [85.06063969999998, 54.8510116], [85.06063049999999, 54.851122399999994], [85.0606736, 54.8511817], [85.0607397, 54.85120740000001], [85.06085509999998, 54.85120740000001], [85.0609659, 54.8511667], [85.06121829999998, 54.85102849999999], [85.0614075, 54.8509062], [85.0615599, 54.8507574], [85.06171829999998, 54.850575799999994], [85.0619199, 54.85039329999999], [85.0621169, 54.850225], [85.0623584, 54.8500177], [85.0625431, 54.849914999999996], [85.0627416, 54.8498512], [85.0629554, 54.84983259999999], [85.06315849999999, 54.8498521], [85.0635124, 54.84993889999999], [85.06379559999999, 54.85007800000001], [85.0640233, 54.85022150000001], [85.06417409999999, 54.850367600000006], [85.06424639999999, 54.85048990000001], [85.0642141, 54.8505988], [85.0640725, 54.85072199999999], [85.0639002, 54.8508114], [85.0637125, 54.8508823], [85.0635278, 54.8510125], [85.0632878, 54.85111259999999], [85.0629062, 54.851203000000005], [85.06252919999999, 54.8513022], [85.062183, 54.85134910000001], [85.06187069999999, 54.85136060000001], [85.0614783, 54.8514421], [85.0612798, 54.8514997], [85.0611798, 54.851566199999986], [85.06111519999999, 54.85167599999999], [85.06109209999998, 54.8518886], [85.06109829999998, 54.85198510000001], [85.06115829999999, 54.85205779999999], [85.06132439999999, 54.8520764], [85.06151059999999, 54.8520835], [85.06185219999999, 54.8521375], [85.0622153, 54.852164099999996], [85.0626585, 54.85218359999999], [85.06278929999999, 54.852175599999995], [85.06286, 54.85214280000001], [85.06300010000001, 54.85206310000001], [85.0631109, 54.85196479999999], [85.0632401, 54.85191429999999], [85.06344779999999, 54.851880599999994], [85.0636232, 54.85187179999999], [85.0637525, 54.851882399999994], [85.0638956, 54.85192759999999], [85.06408019999999, 54.851956799999996], [85.06418639999998, 54.851952399999995], [85.0643218, 54.85191960000001], [85.0643772, 54.851869999999984], [85.06439259999999, 54.85183899999999], [85.0644264, 54.85174510000001], [85.0645249, 54.8516574], [85.06467409999999, 54.85159269999999], [85.0647634, 54.8515104], [85.06497569999999, 54.8512039], [85.06513879999999, 54.85092219999999], [85.0652204, 54.8508114], [85.0652927, 54.850768], [85.0654004, 54.8507432], [85.0656712, 54.85073349999999], [85.0659282, 54.8507521], [85.0661759, 54.8508141], [85.06641589999998, 54.8509036], [85.066556, 54.8509806], [85.0666406, 54.8510887], [85.06668209999998, 54.851179099999996], [85.0667175, 54.8512783], [85.0667144, 54.8514165], [85.06667289999999, 54.851585599999986], [85.0665575, 54.8516857], [85.06641439999999, 54.851782299999996], [85.0662221, 54.8518381], [85.0659328, 54.851861099999994], [85.0657558, 54.8518673], [85.06567889999998, 54.85188419999999], [85.0656127, 54.85192759999999], [85.0655697, 54.85207280000001], [85.065582, 54.85223489999999], [85.0654758, 54.852358100000004], [85.0653866, 54.85247139999999], [85.0653712, 54.85259549999999], [85.06536349999999, 54.8528771], [85.06530499999998, 54.8531579], [85.0652989, 54.85327040000001], [85.0653527, 54.8533484], [85.0654727, 54.85339179999999], [85.0656327, 54.8534068], [85.06575280000001, 54.8533803], [85.06592049999999, 54.8533165], [85.0661928, 54.85325449999999], [85.06644819999998, 54.85318719999999], [85.06668209999998, 54.8530578], [85.06702679999998, 54.8529135], [85.06744689999998, 54.85269019999999], [85.06775, 54.8525715], [85.0679546, 54.8525184], [85.06817459999999, 54.852487399999994], [85.06843779999998, 54.85249979999999], [85.06855779999998, 54.8525361], [85.0687855, 54.8526468], [85.06893939999999, 54.8527673], [85.06902089999998, 54.8528727], [85.06911319999999, 54.85293289999999], [85.0691994, 54.8529498], [85.06930400000002, 54.8529152], [85.06951179999999, 54.8528692], [85.06968869999999, 54.8528798], [85.0698949, 54.8529365], [85.0700749, 54.8530764], [85.07022879999998, 54.8532146], [85.0703457, 54.853243000000006], [85.0704811, 54.8532164], [85.0706273, 54.8531136], [85.07075349999998, 54.8530304], [85.0708535, 54.852920499999996], [85.07099809999998, 54.8528568], [85.07119049999999, 54.8528311], [85.07139659999999, 54.85283989999999], [85.0715736, 54.8528621], [85.07181049999998, 54.8529595], [85.07198899999999, 54.8530474], [85.0720645, 54.8530683], [85.0721322, 54.85306249999999], [85.07224149999999, 54.8530298], [85.07241769999999, 54.8530222], [85.0726359, 54.853032], [85.07291439999999, 54.85304610000001], [85.0731498, 54.8530541], [85.0733222, 54.85303729999999], [85.07343289999999, 54.853033700000005], [85.0735283, 54.85299739999999], [85.0736607, 54.8529461], [85.0738345, 54.852909700000005], [85.07406379999999, 54.852881399999994], [85.0742377, 54.852881399999994], [85.0743777, 54.8529018], [85.0745085, 54.85295930000001], [85.0746716, 54.85309579999999], [85.0748931, 54.853237499999985], [85.0750947, 54.853404], [85.075204, 54.8535617], [85.075304, 54.853692800000005], [85.075364, 54.853720200000005], [85.0755317, 54.85371310000001], [85.0756548, 54.8537193], [85.0756917, 54.853757400000006], [85.0758671, 54.8538309], [85.07606099999998, 54.853984200000006], [85.0762472, 54.85415869999999], [85.07657799999998, 54.854417299999994], [85.0767226, 54.85455189999999], [85.076775, 54.854689199999996], [85.0768703, 54.8547539], [85.0770227, 54.85481239999999], [85.0771596, 54.85485220000001], [85.0773596, 54.8549603], [85.0775966, 54.85499299999999], [85.07765969999998, 54.855031100000005], [85.0776335, 54.8550834], [85.0776428, 54.8551667], [85.07778429999999, 54.8552641], [85.077952, 54.855339400000005], [85.0781167, 54.8553518], [85.07832749999999, 54.8553385], [85.07859829999998, 54.8553075], [85.07877679999999, 54.85530930000001], [85.07890449999998, 54.85533759999999], [85.07902139999999, 54.8553925], [85.07905989999999, 54.8554855], [85.0790921, 54.855581], [85.0778755, 54.8564761], [85.07581859999999, 54.8581947], [85.062102, 54.864534], [85.0381718, 54.87377529999999], [85.01535719999998, 54.89480900000001], [85.0026332, 54.907104], [84.99745929999999, 54.915581], [84.98888879999998, 54.92652900000001], [84.9812383, 54.93581079999999], [84.9748387, 54.9412594], [84.9724924, 54.94252269999999], [84.97151299999999, 54.9448037], [84.92419589999999, 54.9452625], [84.909997, 54.945465899999995], [84.91082779999999, 54.953048499999994], [84.88765489999999, 54.952248000000004], [84.8801308, 54.959372599999995], [84.8862175, 54.9628056], [84.8877641, 54.96970819999999], [84.88053739999998, 54.97270710000001], [84.87366639999999, 54.97643289999999], [84.87360109999999, 54.9764829], [84.85806709999999, 54.988367399999994], [84.84546829999998, 54.9902221], [84.8370133, 54.99691], [84.836142, 55.0085989], [84.8773277, 55.0211016], [84.89168649999999, 55.034248], [84.8904186, 55.0349489], [84.89288619999999, 55.036695], [84.894704, 55.03977739999999], [84.89668099999999, 55.0477513], [84.90084009999998, 55.0525463], [84.9055964, 55.0586782], [84.91126809999999, 55.072762], [84.9110985, 55.076794899999996], [84.9142019, 55.0822372], [84.9179864, 55.0980511], [84.9195958, 55.104792700000004], [84.92285749999999, 55.1282795], [84.92385, 55.13696499999999], [84.92700889999999, 55.1636832], [84.92701199999999, 55.1637281], [84.92743590000002, 55.163673599999996], [84.94729239999998, 55.16322679999998], [84.9665665, 55.1704439], [84.9884742, 55.17652189999999], [84.9972967, 55.17999489999999], [85.00014889999999, 55.17973080000001], [85.0036358, 55.1791488], [85.0096225, 55.177678500000006], [85.0155447, 55.176735], [85.0189885, 55.1768678], [85.0202618, 55.17765099999999], [85.0222518, 55.17878129999999], [85.0240226, 55.1799195], [85.0255378, 55.18139589999999], [85.0270146, 55.182766], [85.02899049999999, 55.18488829999999], [85.03039179999999, 55.1853083], [85.03160560000002, 55.18548320000001], [85.03727219999999, 55.185463199999994], [85.0402247, 55.185887400000006], [85.0407003, 55.1863854], [85.0397459, 55.186909799999995], [85.0386005, 55.186853], [85.0371776, 55.1870632], [85.03662519999999, 55.1874082], [85.03739119999999, 55.18823129999999], [85.0389857, 55.18873829999999], [85.0405674, 55.190041599999994], [85.042787, 55.1898853], [85.0439965, 55.1897393], [85.0457561, 55.1904448], [85.0469911, 55.19072249999999], [85.0479984, 55.190818400000005], [85.0487355, 55.190703799999994], [85.0505446, 55.189910999999995], [85.05109909999999, 55.19000380000001], [85.0518715, 55.19051210000001], [85.0526762, 55.190554999999996], [85.0536579, 55.19068059999999], [85.054146, 55.19059480000001], [85.05422649999998, 55.1904478], [85.05412459999998, 55.1903437], [85.0537705, 55.1901784], [85.0538242, 55.18999149999999], [85.05413529999998, 55.190000700000006], [85.0548005, 55.190221199999996], [85.0558627, 55.190818400000005], [85.05609869999999, 55.1908643], [85.0566512, 55.1906928], [85.0570911, 55.19052129999999], [85.0576973, 55.190928599999985], [85.0581533, 55.1911185], [85.0584108, 55.1911123], [85.0588828, 55.19088570000001], [85.05911349999998, 55.190701999999995], [85.0593978, 55.1906438], [85.05964989999998, 55.19081529999999], [85.0596714, 55.19107249999999], [85.05946749999998, 55.19130529999999], [85.0595158, 55.1913971], [85.05986449999999, 55.1914124], [85.06028289999999, 55.1915043], [85.06082469999998, 55.191838100000005], [85.06066919999999, 55.192046299999994], [85.06039019999999, 55.1921504], [85.0603312, 55.192276], [85.06053510000001, 55.19234329999999], [85.0609267, 55.192340300000005], [85.0610715, 55.1923831], [85.0612378, 55.19257299999999], [85.0611627, 55.1928272], [85.06138799999998, 55.19301699999999], [85.0616455, 55.193145599999994], [85.06203169999999, 55.1931824], [85.0624072, 55.1930293], [85.06282570000002, 55.19302309999999], [85.0631261, 55.1929098], [85.0632441, 55.1927996], [85.0632173, 55.19244749999999], [85.0633782, 55.192138199999995], [85.0636411, 55.19201259999999], [85.06505729999999, 55.19196670000001], [85.0656688, 55.191978899999995], [85.06610869999999, 55.191920800000005], [85.0664574, 55.191997300000004], [85.0664306, 55.1921259], [85.0659907, 55.1922331], [85.0657976, 55.1924444], [85.0664735, 55.19283630000001], [85.06668809999998, 55.1928455], [85.0669831, 55.19263419999999], [85.06729419999999, 55.1925271], [85.06743909999999, 55.1926955], [85.06746049999998, 55.19309049999999], [85.0676564, 55.1932206], [85.06828399999999, 55.19325589999999], [85.0685039, 55.19322669999999], [85.06888749999999, 55.19309049999999], [85.0692753, 55.1930364], [85.06774360000001, 55.170298100000004], [85.0699765, 55.17053030000001], [85.0851762, 55.172505], [85.0838408, 55.1675001], [85.0849218, 55.1584471], [85.0543891, 55.154182500000005], [85.05442499999998, 55.1538735], [85.05412459999998, 55.1536008], [85.0535817, 55.1535607], [85.0527595, 55.15393019999999], [85.051657, 55.1540421], [85.05100519999999, 55.1539586], [85.0505761, 55.153574500000005], [85.05098100000001, 55.15303060000001], [85.0519156, 55.15265600000001], [85.0525474, 55.152577], [85.05327699999998, 55.1527732], [85.0539529, 55.1527425], [85.054233, 55.1525089], [85.0540066, 55.15212329999999], [85.05293789999999, 55.1516197], [85.0515116, 55.151327999999985], [85.0501402, 55.15020470000001], [85.0491808, 55.1497667], [85.0477195, 55.149284800000004], [85.0471938, 55.14889859999999], [85.0471521, 55.14836880000001], [85.048213, 55.146991799999995], [85.04845879999999, 55.14619960000001], [85.0472796, 55.1451892], [85.0454446, 55.144234000000004], [85.04544559999998, 55.142830200000006], [85.0445159, 55.1420791], [85.04298309999999, 55.1412913], [85.041294, 55.140093], [85.0405215, 55.1398967], [85.03886929999999, 55.140190999999994], [85.03748409999999, 55.14027759999999], [85.03638019999998, 55.140105299999995], [85.0358534, 55.13963979999999], [85.0357675, 55.13900199999999], [85.036466, 55.137958899999994], [85.03762469999998, 55.13659729999999], [85.0421738, 55.1346839], [85.0438785, 55.13447599999999], [85.04443639999998, 55.134243000000005], [85.04467859999998, 55.1339201], [85.0443721, 55.1332248], [85.04267009999998, 55.132277800000004], [85.04209749999998, 55.131360199999996], [85.04223809999999, 55.13008380000001], [85.04129579999999, 55.12953420000001], [85.03960319999999, 55.12894659999999], [85.0378007, 55.12879939999999], [85.036406, 55.128971099999994], [85.0358652, 55.128857], [85.0355262, 55.1285418], [85.0358867, 55.1280228], [85.03657330000001, 55.1278264], [85.0382513, 55.1277934], [85.0392985, 55.1277774], [85.0401611, 55.1275358], [85.0401948, 55.12688659999999], [85.03730289999999, 55.1253973], [85.0366635, 55.124848899999996], [85.036642, 55.1241986], [85.03702389999998, 55.1234709], [85.0367021, 55.12247709999999], [85.03619139999999, 55.12199], [85.0355863, 55.121937200000005], [85.03451769999998, 55.12203910000001], [85.0334448, 55.1225054], [85.03275379999998, 55.12322559999999], [85.03187409999998, 55.1246488], [85.0297498, 55.12601069999999], [85.02908889999999, 55.1266156], [85.0286812, 55.12708179999999], [85.0282091, 55.12721680000001], [85.0277693, 55.127186099999996], [85.0274967, 55.12706579999999], [85.00298729999999, 55.131743], [85.00523709999999, 55.1143504], [85.01408899999998, 55.1029328], [85.0131404, 55.1027365], [85.0124431, 55.1023314], [85.0122358, 55.10176469999999], [85.0121356, 55.1003395], [85.0175516, 55.10018749999999], [85.0535404, 55.09816289999999], [85.0728893, 55.1009626], [85.0998616, 55.1057293], [85.1323549, 55.10981929999999], [85.15833540000001, 55.1123298], [85.1804252, 55.10728979999999], [85.18299139999999, 55.1077454], [85.1841417, 55.1076948], [85.185646, 55.107340499999985], [85.1880353, 55.1080491], [85.1898935, 55.108099700000004], [85.1920173, 55.10779600000001], [85.19307919999999, 55.108859], [85.19706119999998, 55.11037749999999], [85.2001583, 55.11103549999999], [85.2018396, 55.111794700000004], [85.2033439, 55.11225030000001], [85.20343239999998, 55.1132119], [85.2072375, 55.112351499999995], [85.2126353, 55.113718], [85.22343110000001, 55.09341760000001], [85.2267725, 55.093694299999996], [85.27900249999999, 55.0985317], [85.3354103, 55.1102512], [85.3547582, 55.11530479999999], [85.37607469999999, 55.097760400000006], [85.3879334, 55.0889844], [85.4038437, 55.08869589999999], [85.4143022, 55.09083329999999], [85.4296376, 55.09094660000001], [85.43845439999998, 55.084659900000005], [85.4428312, 55.0837836], [85.4527549, 55.08373689999999], [85.4562911, 55.0820277], [85.4594301, 55.081891899999995], [85.46558940000001, 55.0816556], [85.46678869999998, 55.0814137], [85.4724929, 55.0825274], [85.4785037, 55.0825741], [85.4808284, 55.08233229999999], [85.4842275, 55.083185199999996], [85.48582399999998, 55.083274800000005], [85.4877198, 55.0829702], [85.4906917, 55.083133000000004], [85.4930289, 55.083159699999996], [85.49411419999998, 55.0834523], [85.49481750000001, 55.0834636], [85.4957962, 55.083084499999984], [85.49712359999998, 55.0830163], [85.4981669, 55.0827207], [85.4993734, 55.082018399999995], [85.51433099999998, 55.0917093], [85.52106919999999, 55.09681290000001], [85.5219255, 55.096885500000006], [85.5437924, 55.0977581], [85.54932159999998, 55.098462299999994], [85.5583906, 55.0989738], [85.59763499999998, 55.100865999999996], [85.6185499, 55.091466999999994], [85.6242549, 55.0915914], [85.62522049999998, 55.0916558], [85.6291902, 55.09173859999999], [85.6290962, 55.091619], [85.6290239, 55.09145319999999], [85.6291312, 55.09139179999998], [85.6293565, 55.0913796], [85.6297427, 55.091476300000004], [85.6304669, 55.09155299999999], [85.6308928, 55.0915468], [85.6311965, 55.0914655], [85.6313413, 55.091355], [85.63141639999999, 55.09091289999999], [85.63159279999999, 55.090669000000005], [85.63218889999999, 55.0910787], [85.63262509999998, 55.09122300000001], [85.6338465, 55.0911063], [85.6345019, 55.09119989999999], [85.63582419999999, 55.0916726], [85.63660379999999, 55.0918001], [85.6379666, 55.0921422], [85.63927529999998, 55.09277629999999], [85.6402998, 55.0928664], [85.64215239999999, 55.0927222], [85.6522483, 55.0942583], [85.65320670000001, 55.094559800000006], [85.6540221, 55.0949527], [85.65506819999999, 55.0953242], [85.6565219, 55.0962665], [85.65762790000001, 55.0965913], [85.65772619999998, 55.0966932], [85.6580883, 55.0968497], [85.65851509999999, 55.0969204], [85.65954479999999, 55.09693870000001], [85.6599228, 55.09704159999999], [85.6608027, 55.09750510000001], [85.66175759999999, 55.0977736], [85.6623396, 55.098012999999995], [85.6627098, 55.0980959], [85.66331099999998, 55.098286699999996], [85.6634568, 55.0981255], [85.66391809999999, 55.098277], [85.66433119999999, 55.098480300000006], [85.6648555, 55.098653799999994], [85.66502049999998, 55.0987681], [85.6650902, 55.0988886], [85.6650793, 55.098986999999994], [85.6653201, 55.099111300000004], [85.6670389, 55.099759500000005], [85.66810639999999, 55.099928299999995], [85.6691363, 55.10026130000001], [85.6698038, 55.1004215], [85.67089319999998, 55.1008306], [85.6714269, 55.100931899999985], [85.67195, 55.100997899999996], [85.6728512, 55.101243399999994], [85.6742634, 55.1018422], [85.6747448, 55.101950900000006], [85.67533759999999, 55.1019647], [85.6758526, 55.10209360000001], [85.6767645, 55.1023867], [85.6772768, 55.102443400000006], [85.67789430000002, 55.1024574], [85.67808960000002, 55.10250020000001], [85.67863139999999, 55.10277339999999], [85.6788889, 55.102845499999994], [85.6797633, 55.10289610000001], [85.6801522, 55.1030741], [85.680348, 55.10310789999999], [85.68153619999998, 55.10306489999999], [85.68220339999999, 55.10314009999999], [85.68302079999998, 55.1034416], [85.6831589, 55.103473099999995], [85.68379059999998, 55.1035398], [85.6858902, 55.1040313], [85.69305539999999, 55.10429369999999], [85.70654799999998, 55.07614600000001], [85.74965039999998, 55.0744355], [85.77265499999999, 55.0734281], [85.7811702, 55.07510740000001], [85.81785179999999, 55.105314199999995], [85.8192301, 55.10641], [85.8194527, 55.1062105], [85.8196763, 55.10604450000001], [85.8199784, 55.1058177], [85.82033249999999, 55.1055891], [85.820751, 55.10534500000001], [85.82123909999999, 55.105099599999996], [85.8217487, 55.1048771], [85.8223575, 55.1046393], [85.8228779, 55.104468999999995], [85.82372549999998, 55.10420659999999], [85.82705539999999, 55.10328820000001], [85.83223209999998, 55.1018365], [85.83290799999999, 55.10162710000001], [85.83354769999998, 55.10139379999998], [85.83419409999999, 55.1011145], [85.83488309999998, 55.100765100000004], [85.83529650000001, 55.1005206], [85.8357552, 55.100226], [85.8362782, 55.0998654], [85.84161449999999, 55.096077], [85.8420664, 55.09574009999999], [85.84251169999999, 55.095371699999994], [85.8428174, 55.095080100000004], [85.84316609999999, 55.09468420000001], [85.84357649999998, 55.0941991], [85.84702659999999, 55.08980499999999], [85.849983, 55.08617269999999], [85.8663478, 55.091891000000004], [85.8805358, 55.0993326], [85.8841319, 55.10109880000001], [85.88446679999998, 55.100978000000005], [85.8849496, 55.101159], [85.8855236, 55.1011388], [85.88572699999999, 55.1012006], [85.8856698, 55.1014005], [85.88595799999999, 55.101625899999995], [85.88673739999999, 55.1016187], [85.88741099999999, 55.1015023], [85.8881608, 55.101855], [85.88849759999998, 55.101913200000006], [85.88865019999999, 55.1020295], [85.8893492, 55.1019713], [85.88995919999999, 55.10205860000001], [85.8907282, 55.1017605], [85.8910078, 55.1018623], [85.89126429999999, 55.10191699999999], [85.89139910000002, 55.1017653], [85.8912553, 55.10154169999999], [85.8909497, 55.101479999999995], [85.89096319999999, 55.10133600000001], [85.8913272, 55.101264], [85.89142609999999, 55.10112], [85.8910711, 55.10095040000001], [85.89101269999999, 55.100775500000005], [85.89129129999999, 55.100783299999996], [85.8916822, 55.1004825], [85.8916687, 55.1002125], [85.89213049999998, 55.099988100000004], [85.8925404, 55.0995209], [85.892998, 55.09940809999999], [85.8933443, 55.0992518], [85.8936938, 55.0996772], [85.8942244, 55.09980079999999], [85.8949902, 55.10017710000001], [85.8956002, 55.10045159999999], [85.8959434, 55.10045890000001], [85.8963342, 55.100019], [85.89666149999998, 55.09979349999998], [85.89697289999998, 55.099666299999996], [85.89714760000001, 55.0992773], [85.89675999999999, 55.098769999999995], [85.8965153, 55.098355500000004], [85.896331, 55.0977974], [85.89621349999999, 55.0975792], [85.8963851, 55.0972211], [85.89654069999999, 55.09718289999999], [85.89662339999998, 55.096375699999996], [85.898143, 55.0958887], [85.8985968, 55.095852699999995], [85.89896079999998, 55.09561870000001], [85.8994596, 55.0958141], [85.899855, 55.09573439999999], [85.8998235, 55.09540270000001], [85.9000931, 55.0953024], [85.90045259999998, 55.0953539], [85.9010503, 55.0951276], [85.90138729999998, 55.09529729999999], [85.9018321, 55.0952999], [85.9024028, 55.095585299999996], [85.9025826, 55.095510699999984], [85.902295, 55.0951533], [85.90307229999999, 55.09489359999999], [85.90334639999999, 55.09525869999999], [85.9037688, 55.095209899999986], [85.9039441, 55.0950633], [85.90423619999999, 55.0950607], [85.90438889999999, 55.09487299999999], [85.90433049999999, 55.094713599999984], [85.90453269999999, 55.09455929999999], [85.90445629999999, 55.094420499999984], [85.90492819999999, 55.0943794], [85.9050585, 55.0945156], [85.90524269999999, 55.0944668], [85.9055393, 55.0941479], [85.9063919, 55.09341679999999], [85.9067334, 55.0932676], [85.90670199999998, 55.09292309999999], [85.90686850000002, 55.092807900000004], [85.9072848, 55.09289150000001], [85.90803779999999, 55.0927897], [85.9082062, 55.09284610000001], [85.90819029999999, 55.092893399999994], [85.9088576, 55.09289520000001], [85.9091817, 55.0929243], [85.909385, 55.093084299999994], [85.9097536, 55.0930279], [85.909903, 55.092884299999994], [85.9102493, 55.09284430000001], [85.91073859999999, 55.0926552], [85.9110278, 55.092422400000004], [85.91148209999999, 55.0923715], [85.9119238, 55.09270240000001], [85.91210169999998, 55.092687899999994], [85.9123972, 55.092826099999996], [85.91189519999999, 55.0931334], [85.9120445, 55.0932697], [85.91236859999998, 55.0933116], [85.9126164, 55.0934279], [85.91285479999999, 55.09336609999998], [85.9131248, 55.09322790000001], [85.9137667, 55.0931352], [85.9145038, 55.093173400000005], [85.9145928, 55.09310059999999], [85.9159368, 55.0928624], [85.91620369999998, 55.09278429999999], [85.9169599, 55.093056999999995], [85.9175562, 55.0933824], [85.91798639999999, 55.0936103], [85.9183159, 55.093628599999995], [85.9183296, 55.0937648], [85.91798639999999, 55.0937963], [85.91774379999998, 55.093953400000004], [85.918055, 55.09413669999999], [85.91830219999999, 55.0940555], [85.9185264, 55.094087], [85.91859509999999, 55.0946972], [85.9187187, 55.09477569999999], [85.9197942, 55.094621199999985], [85.9197713, 55.094508600000005], [85.91917179999999, 55.0943017], [85.9193274, 55.094058199999985], [85.9207004, 55.0938617], [85.92070959999998, 55.0941865], [85.92147849999999, 55.0940241], [85.92161579999998, 55.0943803], [85.92220619999999, 55.09445619999999], [85.92271419999999, 55.0941681], [85.92307579999999, 55.0942284], [85.9228378, 55.094440500000005], [85.92300260000002, 55.094529599999994], [85.92350599999999, 55.09434100000001], [85.92432529999999, 55.0945636], [85.9254511, 55.094508600000005], [85.92557929999998, 55.09422579999999], [85.92606899999998, 55.094126200000005], [85.9263299, 55.094343599999995], [85.92739629999998, 55.094671], [85.9282155, 55.09478359999999], [85.9284169, 55.0945767], [85.928872, 55.09336570000001], [85.9306341, 55.0933107], [85.9310506, 55.092663800000004], [85.9320209, 55.092724], [85.9321856, 55.092373], [85.9336182, 55.09246209999999], [85.93430929999998, 55.092380899999995], [85.9355999, 55.091951400000006], [85.93593399999999, 55.09143279999999], [85.9358196, 55.0910661], [85.93688139999999, 55.090688899999996], [85.93709659999999, 55.09101369999999], [85.93780599999998, 55.09112369999999], [85.9380073, 55.090762299999994], [85.9384055, 55.090563199999984], [85.9386435, 55.090285599999994], [85.9392339, 55.089981699999996], [85.9404513, 55.0898874], [85.9411287, 55.0903877], [85.9414537, 55.09048729999999], [85.9416596, 55.0902489], [85.9415315, 55.090023599999995], [85.94171, 55.0897905], [85.9416413, 55.0896229], [85.9419571, 55.0895103], [85.94257499999999, 55.0896779], [85.94350859999999, 55.089709299999996], [85.94398919999999, 55.0895888], [85.94499610000001, 55.0900105], [85.945106, 55.0905684], [85.9457192, 55.09057109999999], [85.9468818, 55.0906339], [85.94725789999998, 55.0906738], [85.94739939999998, 55.090771700000005], [85.94742639999998, 55.090872299999994], [85.9475389, 55.0909037], [85.9476552, 55.0908828], [85.9477267, 55.090745600000005], [85.94782329999998, 55.090632199999995], [85.9479761, 55.090653499999995], [85.9480727, 55.0907702], [85.9482577, 55.09082699999998], [85.948447, 55.090796299999994], [85.94873539999999, 55.0904506], [85.94956829999998, 55.090285599999994], [85.95026859999999, 55.0900551], [85.95047849999999, 55.0897656], [85.95068989999999, 55.081559299999995], [85.9589693, 55.0744156], [85.9610492, 55.07297749999999], [85.9636795, 55.07140239999999], [85.97319259999999, 55.0704334], [85.98361849999999, 55.070613899999984], [85.9960598, 55.0716284], [86.0023179, 55.0715639], [86.00212989999999, 55.070898099999994], [86.00231729999999, 55.0705445], [86.0029131, 55.0703529], [86.00362049999998, 55.070363300000004], [86.00430259999999, 55.071174299999996], [86.0055773, 55.071741199999984], [86.0058655, 55.0720954], [86.007278, 55.0723974], [86.00802, 55.072397], [86.00858969999999, 55.0721399], [86.0088353, 55.0714351], [86.00902089999998, 55.070918], [86.0087733, 55.0706262], [86.00870959999999, 55.07035429999999], [86.00892659999998, 55.07014559999999], [86.0095953, 55.07015549999999], [86.0104277, 55.0704971], [86.01208449999999, 55.07064379999999], [86.01307309999999, 55.0703398], [86.01387490000002, 55.07031119999999], [86.0145669, 55.0701507], [86.0154229, 55.0701395], [86.01569379999998, 55.07017789999999], [86.0158594, 55.0702549], [86.01582799999998, 55.0703591], [86.01557310000001, 55.07063399999999], [86.01550989999998, 55.070803399999996], [86.01629009999999, 55.0714388], [86.0161598, 55.07199069999999], [86.0163349, 55.072076], [86.01662720000002, 55.0720975], [86.01712469999998, 55.0720293], [86.0176492, 55.0717888], [86.01780689999998, 55.071579199999995], [86.0176438, 55.0714802], [86.0173944, 55.071524700000005], [86.01720569999999, 55.07150750000001], [86.01708859999998, 55.07142180000001], [86.0171493, 55.0712217], [86.01785569999998, 55.071096199999985], [86.01839609999999, 55.0708146], [86.01850209999999, 55.07033450000001], [86.01867589999999, 55.07015789999999], [86.0190332, 55.070075], [86.0203052, 55.0701997], [86.022319, 55.0692468], [86.02256279999999, 55.0688537], [86.02181419999998, 55.0681943], [86.0215384, 55.06807839999999], [86.0212043, 55.0680886], [86.02097509999999, 55.06824739999999], [86.02099119999998, 55.06842249999999], [86.0210282, 55.0686319], [86.02029379999999, 55.0689661], [86.0198736, 55.068919199999996], [86.01922509999999, 55.0684834], [86.01928989999999, 55.0681869], [86.0189145, 55.06741599999999], [86.0195488, 55.06711210000001], [86.0208562, 55.0670083], [86.02130929999998, 55.06611879999999], [86.02099859999998, 55.0657333], [86.02235789999999, 55.065229200000005], [86.02194359999999, 55.06451009999999], [86.0224226, 55.06418399999999], [86.0231993, 55.064221], [86.02453269999998, 55.06468060000001], [86.02512179999998, 55.0650373], [86.0253587, 55.0654918], [86.0255563, 55.0656272], [86.0258401, 55.0656221], [86.02599619999998, 55.06556880000001], [86.0260177, 55.0652416], [86.0261454, 55.0650218], [86.0267528, 55.0647896], [86.02711469999998, 55.0648392], [86.02743059999999, 55.06492480000001], [86.0278389, 55.0648638], [86.0281528, 55.0647141], [86.0282657, 55.0638238], [86.02809199999999, 55.06366880000001], [86.0277665, 55.0636473], [86.02701009999998, 55.0640466], [86.0265491, 55.06409339999999], [86.0258245, 55.0639791], [86.0255191, 55.063812999999996], [86.0257236, 55.063064600000004], [86.0261896, 55.0626346], [86.02749709999999, 55.062301], [86.0285457, 55.0623381], [86.0289081, 55.0626642], [86.0300624, 55.0630928], [86.03042809999998, 55.06309019999999], [86.03053399999999, 55.062806099999996], [86.0363755, 55.066293300000005], [86.0557076, 55.0763253], [86.0605156, 55.09201899999999], [86.0636344, 55.09666980000001], [86.08915279999998, 55.0910765], [86.1085193, 55.102214499999995], [86.1082197, 55.10181330000001], [86.1078422, 55.1015829], [86.10780629999998, 55.101438300000005], [86.10791009999998, 55.10117509999999], [86.10813349999998, 55.1010516], [86.10841, 55.1010278], [86.1087124, 55.10099439999999], [86.10905129999999, 55.1008214], [86.10942749999998, 55.1006603], [86.1094961, 55.1005114], [86.10905889999998, 55.10012929999999], [86.10892689999999, 55.099949699999996], [86.10902659999999, 55.0996655], [86.10914839999998, 55.0994202], [86.1092535, 55.0987258], [86.10905949999999, 55.0985845], [86.10880399999999, 55.09847690000001], [86.1082868, 55.0983639], [86.10834519999999, 55.09810860000001], [86.10861079999998, 55.0979323], [86.10878609999999, 55.0977746], [86.10901539999999, 55.0974011], [86.1088522, 55.0971841], [86.1090287, 55.096797900000006], [86.1087826, 55.096610299999995], [86.10844649999999, 55.0965119], [86.1078649, 55.0965739], [86.1077473, 55.096481399999995], [86.1078712, 55.0963217], [86.10813229999998, 55.0960548], [86.10833629999999, 55.0958834], [86.1086074, 55.095708300000005], [86.1088127, 55.0955718], [86.10919169999998, 55.0955225], [86.1095872, 55.0953748], [86.11010209999999, 55.0954292], [86.1138439, 55.0970216], [86.11467, 55.0983108], [86.11561419999998, 55.098642299999995], [86.1169231, 55.0987036], [86.1208713, 55.09985769999999], [86.12443669999999, 55.1014185], [86.1249648, 55.1017835], [86.13184, 55.0997275], [86.13488110000002, 55.1021828], [86.1354518, 55.10240350000001], [86.1362376, 55.1020707], [86.1589087, 55.0892734], [86.1659485, 55.0930342], [86.16894789999999, 55.09478779999999], [86.1715865, 55.0930007], [86.1739072, 55.0916717], [86.1836168, 55.0855488], [86.19036199999998, 55.082657600000005], [86.1907787, 55.08292449999999], [86.198275, 55.0807105], [86.1958006, 55.07684989999999], [86.191736, 55.0742428], [86.19141769999999, 55.0727851], [86.1837001, 55.067637399999995], [86.1796424, 55.067637399999995], [86.1771759, 55.066270599999996], [86.17073129999999, 55.0666806], [86.1647641, 55.06258009999999], [86.16070639999998, 55.06162319999999], [86.15372469999998, 55.0582768], [86.15335179999998, 55.05514380000001], [86.1555895, 55.053506], [86.1554652, 55.05186820000001], [86.1516113, 55.0516545], [86.1480061, 55.05037269999999], [86.14104439999998, 55.0468829], [86.13047739999999, 55.0466693], [86.1165539, 55.0401163], [86.1350894, 55.025934], [86.14514709999999, 55.01942619999999], [86.15144599999999, 55.0152387], [86.12985579999999, 54.997638200000004], [86.13044919999999, 54.9970626], [86.1320723, 54.99668960000001], [86.1327146, 54.99668369999999], [86.13359699999998, 54.996941799999995], [86.13423019999999, 54.9973411], [86.13537899999999, 54.99725860000001], [86.13493259999998, 54.99602639999999], [86.1343566, 54.9954101], [86.13442109999998, 54.9951757], [86.13508189999999, 54.9952965], [86.13548549999999, 54.9948735], [86.134442, 54.993867200000004], [86.13422759999999, 54.9935413], [86.13343200000001, 54.993152699999996], [86.133088, 54.9928505], [86.1332691, 54.992327599999996], [86.1348217, 54.991339700000005], [86.13670199999999, 54.9901519], [86.1375836, 54.99008859999999], [86.13844779999998, 54.989484999999995], [86.1366898, 54.9886242], [86.1313953, 54.9870517], [86.1248933, 54.98509529999999], [86.1225939, 54.98318439999999], [86.1179949, 54.9807274], [86.1163976, 54.979639199999994], [86.11418889999999, 54.97936229999999], [86.1076077, 54.9785888], [86.10610109999999, 54.9775421], [86.1015022, 54.9774056], [86.0985684, 54.976222500000006], [86.09500019999999, 54.9752213], [86.09024269999999, 54.97358299999999], [86.0848509, 54.9730824], [86.08287069999999, 54.97163749999999], [86.0701195, 54.9711159], [86.06961029999998, 54.96965449999999], [86.0468234, 54.9619081], [86.04765089999998, 54.9505416], [86.0409676, 54.94834840000001], [86.0598081, 54.9349303], [86.1171321, 54.9260564], [86.11216059999998, 54.9231044], [86.0920153, 54.9141588], [86.1149931, 54.9021957], [86.12609429999999, 54.890175599999985], [86.12874979999998, 54.8880237], [86.09617179999998, 54.8801449], [86.0902428, 54.87878030000001], [86.0849578, 54.878110899999996], [86.0830731, 54.8772891], [86.0802817, 54.8757567], [86.07758339999998, 54.87446289999999], [86.0761032, 54.873169], [86.0717859, 54.8718772], [86.0666974, 54.869884], [86.0630276, 54.8685176], [86.0611568, 54.86868319999999], [86.0623081, 54.8677308], [86.06288369999999, 54.86698549999999], [86.0599336, 54.86615729999999], [86.0590701, 54.8654119], [86.0603653, 54.86474939999999], [86.0587103, 54.86321710000001], [86.05899809999998, 54.8616434], [86.0557602, 54.86127069999999], [86.0533856, 54.860111100000005], [86.05129889999999, 54.85919990000001], [86.0485646, 54.857419], [86.0467658, 54.8573361], [86.0464779, 54.856507799999996], [86.045395, 54.85597009999999], [86.044533, 54.854939], [86.04324, 54.8547267], [86.04295209999998, 54.854063899999986], [86.0413691, 54.853856799999996], [86.04043369999998, 54.85253130000001], [86.038275, 54.85112290000001], [86.03745359999999, 54.8504809], [86.03704689999999, 54.850555500000006], [86.0366649, 54.850413799999984], [86.03600949999999, 54.8496402], [86.0357165, 54.84953629999999], [86.035251, 54.849483899999996], [86.03450829999998, 54.84965569999999], [86.0327956, 54.850962599999995], [86.0327956, 54.8518182], [86.0322986, 54.8527271], [86.0319789, 54.8531004], [86.0313896, 54.853558699999994], [86.03027299999998, 54.85357659999999], [86.02920809999999, 54.8536004], [86.0285262, 54.8541332], [86.0275873, 54.8578298], [86.02677949999999, 54.8585721], [86.0256315, 54.85912789999999], [86.02372489999999, 54.8599048], [86.0222626, 54.8617029], [86.0217079, 54.86268350000001], [86.02111459999999, 54.8640308], [86.02066399999998, 54.8658029], [86.0203668, 54.867197100000006], [86.0206318, 54.8685689], [86.02043869999999, 54.86890850000001], [86.0201169, 54.869180099999994], [86.01969839999998, 54.8694148], [86.0192081, 54.869543199999995], [86.01856119999998, 54.8695753], [86.01779940000002, 54.8694641], [86.0166407, 54.869180099999994], [86.01605059999999, 54.8691061], [86.01556779999999, 54.8691493], [86.0150207, 54.86926040000001], [86.01447349999998, 54.8692295], [86.01414090000002, 54.86914310000002], [86.01391159999999, 54.8689468], [86.01377609999999, 54.8686986], [86.0137225, 54.868105899999996], [86.01334699999998, 54.867704599999996], [86.01172099999998, 54.8664164], [86.00931289999998, 54.8642161], [86.00780329999999, 54.863177599999986], [86.0058507, 54.8621525], [86.0004648, 54.86006530000001], [85.9986194, 54.85921309999999], [85.996213, 54.8587512], [85.9937572, 54.858720399999996], [85.99264509999999, 54.856645300000004], [85.99229, 54.855684700000005], [85.9894598, 54.853896], [85.9888287, 54.8534435], [85.98852549999998, 54.850665700000015], [85.98510729999998, 54.8478282], [85.9842584, 54.8466251], [85.98177710000002, 54.8455724], [85.9804059, 54.84436929999999], [85.9801447, 54.8431661], [85.9779246, 54.842451700000005], [85.9767493, 54.8418877], [85.9768798, 54.8410981], [85.97537799999999, 54.84098529999999], [85.9738762, 54.8398573], [85.97165609999999, 54.839105200000006], [85.9711337, 54.83745059999999], [85.96910949999999, 54.83703700000001], [85.96545279999998, 54.83545759999999], [85.96486519999999, 54.8339157], [85.9617309, 54.83308830000001], [85.9606861, 54.8318472], [85.958009, 54.8310574], [85.95552769999999, 54.82940249999999], [85.9510222, 54.8289135], [85.9478226, 54.8273714], [85.94599430000001, 54.8248512], [85.9429906, 54.823045499999985], [85.9409664, 54.822105099999995], [85.939334, 54.819847900000006], [85.93744029999999, 54.819246], [85.93554669999999, 54.8175153], [85.9323472, 54.8164995], [85.9288211, 54.8149945], [85.92725399999999, 54.81326369999999], [85.9294741, 54.812172499999996], [85.92940879999999, 54.8102158], [85.9284946, 54.80844710000001], [85.92823339999998, 54.806565500000005], [85.9262745, 54.8057752], [85.92334349999999, 54.80514719999999], [85.92182859999998, 54.8037321], [85.9197913, 54.8024073], [85.9169705, 54.80162439999999], [85.91608249999999, 54.80026949999999], [85.91331389999999, 54.799607], [85.91195239999999, 54.7985238], [85.90969249999999, 54.796541700000006], [85.9074887, 54.7953654], [85.90455039999999, 54.79376549999999], [85.9016936, 54.79145960000001], [85.8984287, 54.7896713], [85.89490299999999, 54.78718969999999], [85.89344059999999, 54.7861741], [85.8917409, 54.7858026], [85.8901034, 54.78444720000001], [85.8880628, 54.7830352], [85.8851244, 54.78199959999999], [85.88345149999999, 54.7805349], [85.88207879999999, 54.780093599999994], [85.88063119999998, 54.779244299999995], [85.87827090000002, 54.77787060000001], [85.87716579999999, 54.7774498], [85.87673660000002, 54.7766577], [85.8755565, 54.775927599999996], [85.8749664, 54.775500599999994], [85.87448359999999, 54.7746404], [85.87303519999999, 54.7742753], [85.8726168, 54.77358219999999], [85.87087869999999, 54.77274049999999], [85.8697307, 54.77246819999999], [85.8690333, 54.771707000000006], [85.8672309, 54.7705064], [85.86587899999999, 54.77053119999999], [85.8646996, 54.769555100000005], [85.8325555, 54.77479280000001], [85.81868909999999, 54.78454930000001], [85.81369459999999, 54.788017100000005], [85.7745677, 54.79906830000001], [85.7758048, 54.804080199999994], [85.7410709, 54.81661299999999], [85.7332116, 54.806309], [85.73077769999999, 54.8031175], [85.72940379999999, 54.80079549999999], [85.7206057, 54.795503200000006], [85.7160153, 54.794841600000005], [85.70172069999998, 54.79089649999999], [85.6886352, 54.7770771], [85.6766238, 54.776547599999994], [85.66170529999998, 54.7787538], [85.60011739999999, 54.778232100000004], [85.56296829999998, 54.7395174], [85.5791695, 54.7358656], [85.57018009999999, 54.7218391], [85.5455071, 54.72206010000001], [85.49124049999999, 54.708007599999995], [85.4958745, 54.6994626], [85.4893716, 54.69272], [85.52542480000001, 54.66667880000001], [85.53231029999999, 54.6698312], [85.5352066, 54.6576322], [85.5350124, 54.657452299999996], [85.5349883, 54.65709939999999], [85.5348625, 54.6570042], [85.53441049999999, 54.65699730000001], [85.53396109999998, 54.657108699999995], [85.53294119999998, 54.657357600000005], [85.532661, 54.657243400000006], [85.5323721, 54.657229400000006], [85.5319118, 54.657549200000005], [85.53147329999999, 54.6577308], [85.5311521, 54.65766469999999], [85.5305391, 54.657397100000004], [85.5302053, 54.6573733], [85.5300849, 54.65763329999999], [85.5301651, 54.6579536], [85.529907, 54.65838550000001], [85.5295071, 54.658413200000005], [85.5290411, 54.65836740000001], [85.52817079999998, 54.6579688], [85.52734589999999, 54.6578189], [85.52685169999998, 54.65790960000001], [85.5265192, 54.6578569], [85.52636529999998, 54.65767820000001], [85.52624759999999, 54.657333300000005], [85.5260893, 54.6572732], [85.5254082, 54.657333300000005], [85.52475679999999, 54.6572804], [85.52387849999998, 54.657006599999995], [85.52313489999999, 54.6566872], [85.52201659999999, 54.6567345], [85.5209614, 54.656917299999996], [85.5203602, 54.657045], [85.52037559999998, 54.65750189999999], [85.52009180000002, 54.6578524], [85.51963659999998, 54.65800130000001], [85.5192253, 54.6579189], [85.51887229999998, 54.6577322], [85.5184354, 54.6571692], [85.5184436, 54.65672689999999], [85.517983, 54.65667679999999], [85.5172238, 54.65666350000001], [85.51690619999998, 54.65658019999999], [85.51659689999998, 54.6562778], [85.5163541, 54.6561557], [85.51603169999998, 54.656123199999996], [85.5154238, 54.6560606], [85.51478789999999, 54.656546000000006], [85.5142364, 54.656758399999994], [85.51381280000001, 54.65682780000001], [85.513493, 54.6568144], [85.512887, 54.6564397], [85.5128383, 54.6562186], [85.5129119, 54.656013400000006], [85.51324309999998, 54.6557958], [85.51324749999999, 54.6555766], [85.51287949999998, 54.655219], [85.51279330000001, 54.655002200000006], [85.5129395, 54.6548005], [85.5129375, 54.654665399999985], [85.5127896, 54.654609699999995], [85.5125874, 54.65467640000001], [85.51239619999998, 54.65500169999999], [85.5115587, 54.655328700000005], [85.5110062, 54.65541259999999], [85.5107212, 54.655250800000005], [85.5106228, 54.655002], [85.5104822, 54.6549294], [85.50946769999999, 54.6552728], [85.5092458, 54.655283], [85.5089299, 54.65522970000001], [85.50880189999998, 54.6550758], [85.50879659999998, 54.6548741], [85.5090594, 54.65467550000001], [85.508983, 54.65431499999998], [85.5090594, 54.65399279999999], [85.50944029999998, 54.6538686], [85.50975139999998, 54.65384070000001], [85.5097534, 54.6536947], [85.5079383, 54.6532355], [85.50767, 54.6530276], [85.5078256, 54.652866200000005], [85.50794429999999, 54.6526101], [85.50763769999999, 54.6523728], [85.50700489999998, 54.65216790000001], [85.5065918, 54.6522424], [85.5061928, 54.652242900000005], [85.50585689999998, 54.65211519999999], [85.50579789999999, 54.651922799999994], [85.5059373, 54.65173660000001], [85.5062967, 54.65165280000001], [85.5068707, 54.6517024], [85.50718369999998, 54.651671099999994], [85.5071819, 54.651541], [85.5069029, 54.651398300000004], [85.506227, 54.65144170000001], [85.5057549, 54.651246199999996], [85.5059051, 54.6510972], [85.50621629999999, 54.65096069999999], [85.5067903, 54.6508396], [85.5066991, 54.65063790000001], [85.50572419999999, 54.6506218], [85.50497169999998, 54.6504672], [85.50460699999998, 54.6506193], [85.50442189999998, 54.6508056], [85.5034161, 54.650442299999995], [85.502264, 54.6503368], [85.502767, 54.6497875], [85.50273359999998, 54.64923859999999], [85.50219289999998, 54.64924490000001], [85.5002533, 54.6501748], [85.4990488, 54.64975150000001], [85.49753089999999, 54.64935489999999], [85.49562129999998, 54.6495249], [85.4958662, 54.64878830000001], [85.4952786, 54.648476699999996], [85.49346699999998, 54.6491283], [85.4915084, 54.6485617], [85.4920096, 54.647608], [85.49170869999999, 54.6466071], [85.4909817, 54.6471438], [85.49032989999999, 54.64676669999999], [85.49043019999999, 54.6461284], [85.48970319999998, 54.6457368], [85.48887589999998, 54.646346], [85.4880486, 54.645533699999994], [85.4886503, 54.644953400000006], [85.4884497, 54.6446633], [85.48739679999998, 54.6449824], [85.4865296, 54.6447816], [85.4857951, 54.6453128], [85.4852443, 54.64499409999999], [85.48567269999998, 54.644391999999996], [85.48499949999999, 54.6442149], [85.4845098, 54.6430816], [85.48292589999998, 54.64234069999999], [85.4828867, 54.641366], [85.4817116, 54.6402779], [85.48037979999998, 54.6404366], [85.47924379999999, 54.64030060000001], [85.47857789999999, 54.6394391], [85.47716779999999, 54.6394165], [85.47607100000002, 54.63982450000001], [85.47517489999998, 54.6392677], [85.4754198, 54.63774459999999], [85.4734612, 54.63831129999999], [85.47162509999998, 54.63763829999999], [85.46893209999999, 54.6380988], [85.469271, 54.654366599999996], [85.4263516, 54.677371900000004], [85.4224532, 54.6957917], [85.4185365, 54.7030141], [85.39709699999999, 54.69253049999999], [85.3867277, 54.69961429999999], [85.3559992, 54.6838852], [85.35121689999998, 54.6844298], [85.3444842, 54.68285949999999], [85.3310939, 54.67198150000001], [85.30346569999999, 54.6881504], [85.2922789, 54.680605699999994], [85.24414150000001, 54.65943390000001], [85.20878430000002, 54.6395065], [85.1846478, 54.6528448], [85.15007019999999, 54.632835799999995], [85.1502058, 54.6249864], [85.1454599, 54.6166644], [85.15140289999998, 54.6065933], [85.1261816, 54.57823159999999], [85.1180457, 54.58216099999999], [85.1098696, 54.5968511], [85.06241019999999, 54.6221774], [85.04173150000001, 54.6196259], [85.01556649999999, 54.633199100000006], [85.01115779999999, 54.6375015], [84.9866098, 54.66710259999999], [85.0015436, 54.6747855], [85.00405139999998, 54.6798591], [84.97871989999999, 54.69392249999999], [84.98001629999999, 54.704860700000005], [84.94630749999999, 54.70433539999999], [84.9460056, 54.7091807], [84.94255509999999, 54.710390499999995], [84.92356539999999, 54.716247399999986], [84.91801239999998, 54.71815050000001], [84.9125187, 54.7202285], [84.90179199999999, 54.727083], [84.8951244, 54.7285333], [84.90757949999998, 54.7356619], [84.9028556, 54.74553889999999], [84.9034862, 54.7460383], [84.9035296, 54.7460725], [84.91063270000001, 54.751693899999985], [84.9166915, 54.754101], [84.9314465, 54.7621602], [84.9370611, 54.7624189], [84.9425299, 54.762643], [84.94730269999998, 54.763207200000004], [84.9512158, 54.76511469999999], [84.9544147, 54.76608610000001], [84.9639504, 54.77080190000001], [84.9649293, 54.7723285], [84.9642727, 54.78123610000001], [84.978541, 54.77760700000001], [84.98250909999999, 54.77950249999999], [85.0132172, 54.77961940000001], [85.0027148, 54.7998947], [85.00265719999999, 54.8000059], [85.01008559999998, 54.8014304], [85.0101423, 54.8013453], [85.03431299999998, 54.805982], [85.03425929999999, 54.80606749999999], [85.088096, 54.816370000000006], [85.0794828, 54.82551999999999], [85.0794026, 54.825572], [85.0784639, 54.826602099999995], [85.0734728, 54.830598200000004], [85.0689523, 54.834276800000005], [85.0606432, 54.8380954], [85.0558576, 54.840249299999996], [85.0471536, 54.8442813]]]]}}, {"type": "Feature", "properties": {"id": "mo-32528000", "name": "Тисульский муниципальный округ", "region": "Кемеровская область", "isCity": false, "sourceOktmo": "32-528-000-000", "sourceAgg": "Кемерово", "excelNames": ["Тисульский муниципальный округ"], "oktmo": "32528000", "vgp": [{"year": 2019, "value": 5839932.6763139535}, {"year": 2020, "value": 5908825.625506446}, {"year": 2021, "value": 6820794.465506462}, {"year": 2022, "value": 13383451.335965311}, {"year": 2023, "value": 12103916.529004648}, {"year": 2024, "value": 10550042.402274236}], "population": [{"year": 2019, "value": 20413.0}, {"year": 2020, "value": 20099.0}, {"year": 2021, "value": 19768.0}, {"year": 2022, "value": 19305.0}, {"year": 2023, "value": 18309.0}, {"year": 2024, "value": 17957.0}, {"year": 2025, "value": 17727.0}], "shipments": [{"year": 2019, "value": 902036.3}, {"year": 2020, "value": 1005132.8}, {"year": 2021, "value": 0.0}, {"year": 2022, "value": 1606608.4}, {"year": 2023, "value": 2214511.2}, {"year": 2024, "value": 1886910.7}], "employees": [{"year": 2019, "value": 3593.0}, {"year": 2020, "value": 3576.0}, {"year": 2021, "value": 0.0}, {"year": 2022, "value": 3458.0}, {"year": 2023, "value": 3473.0}, {"year": 2024, "value": 3484.0}], "investments": [{"year": 2019, "value": 669227.0}, {"year": 2020, "value": 1191407.0}, {"year": 2021, "value": 97748.0}, {"year": 2022, "value": 765002.0}, {"year": 2023, "value": 832311.0}, {"year": 2024, "value": 1660611.0}], "vgp2024": 10550042.402274236, "pop2024": 17957.0, "ship2024": 1886910.7, "emp2024": 3484.0, "inv2024": 1660611.0}, "geometry": {"type": "MultiPolygon", "coordinates": [[[[87.58849569999998, 55.13372340000001], [87.57839, 55.13653860000001], [87.56281669999998, 55.14113989999999], [87.5240223, 55.15281409999999], [87.5260359, 55.1634965], [87.46936679999999, 55.1758187], [87.47022979999998, 55.19043620000001], [87.4102347, 55.199425700000006], [87.3775357, 55.21960899999999], [87.3745784, 55.21950760000001], [87.373429, 55.21966809999999], [87.372221, 55.21936709999999], [87.3705437, 55.218142699999994], [87.3695937, 55.2179286], [87.3681628, 55.2178216], [87.36683749999999, 55.21810260000001], [87.3659461, 55.2182163], [87.3649257, 55.2181561], [87.35985709999999, 55.21814], [87.35842479999998, 55.21862519999999], [87.3578063, 55.218586], [87.35689499999998, 55.21884529999999], [87.35362979999998, 55.2189096], [87.35111889999999, 55.2181768], [87.35039079999999, 55.21807410000001], [87.349641, 55.2176926], [87.3483801, 55.217425000000006], [87.3469727, 55.21679770000001], [87.3460197, 55.2167141], [87.34481749999999, 55.2171657], [87.34452429999999, 55.21780969999999], [87.34374729999999, 55.2182362], [87.3435274, 55.21856240000001], [87.3426917, 55.2187464], [87.3424425, 55.2189806], [87.34248649999999, 55.2193151], [87.34260369999998, 55.2195743], [87.342076, 55.2199423], [87.3421493, 55.220510999999995], [87.3414749, 55.220879], [87.3414309, 55.22112979999999], [87.3406978, 55.221414200000005], [87.34056589999999, 55.2219326], [87.33964229999998, 55.2220079], [87.3396129, 55.22244280000001], [87.3392611, 55.2225682], [87.3390851, 55.22225039999999], [87.3388506, 55.2222002], [87.3380846, 55.22252339999999], [87.3365745, 55.2223812], [87.3358122, 55.222657199999986], [87.33469789999998, 55.22307529999999], [87.33482989999999, 55.2236021], [87.334478, 55.2240119], [87.3347419, 55.22439649999999], [87.33455129999999, 55.2246725], [87.33450729999998, 55.225408299999984], [87.33361299999999, 55.22560059999999], [87.3335544, 55.2263114], [87.3328213, 55.22657889999999], [87.33285069999998, 55.2271893], [87.33160449999998, 55.22734820000001], [87.331238, 55.22805889999999], [87.33139919999999, 55.2290957], [87.33179509999998, 55.2298231], [87.3304463, 55.2310187], [87.3302997, 55.231511999999995], [87.32760209999998, 55.2320052], [87.3263706, 55.2324734], [87.32612129999998, 55.2338194], [87.3266198, 55.2343294], [87.3265905, 55.2347557], [87.32581349999998, 55.2349062], [87.3257255, 55.2352071], [87.3249191, 55.235834100000005], [87.3251244, 55.23607650000001], [87.3255935, 55.2362437], [87.3256962, 55.2366116], [87.3248458, 55.237731700000005], [87.32399549999998, 55.238057699999985], [87.32389289999999, 55.2382918], [87.32333580000001, 55.238759900000005], [87.3226253, 55.2388364], [87.3223246, 55.240379499999996], [87.3233069, 55.24223109999999], [87.32344729999998, 55.244608400000004], [87.32212409999998, 55.245579799999994], [87.32212409999998, 55.2459913], [87.3227055, 55.2463456], [87.3227055, 55.246677], [87.32146249999998, 55.24680270000001], [87.3203799, 55.2462656], [87.3175601, 55.2464281], [87.31542999999999, 55.2460174], [87.31458429999999, 55.24707089999999], [87.3153047, 55.2482137], [87.31495559999999, 55.2490018], [87.31505599999998, 55.2497915], [87.314523, 55.2501898], [87.31394289999999, 55.2501898], [87.31182149999998, 55.249349], [87.31089280000002, 55.2490758], [87.3098427, 55.248833899999994], [87.30891979999998, 55.2488279], [87.30543009999998, 55.2497106], [87.3037436, 55.2508291], [87.3033161, 55.2515685], [87.303399, 55.252900399999994], [87.30308409999999, 55.25469519999999], [87.30310059999998, 55.2552997], [87.3032922, 55.256316], [87.30280429999999, 55.25689030000001], [87.3011072, 55.257597499999996], [87.2993358, 55.25860099999999], [87.29594149999998, 55.259695], [87.29181539999999, 55.261526499999995], [87.28771940000001, 55.2627695], [87.2864184, 55.2629568], [87.2856104, 55.2633626], [87.2841861, 55.264213199999986], [87.282488, 55.26472819999999], [87.278448, 55.2654305], [87.27669499999999, 55.2655475], [87.27517489999998, 55.26539149999999], [87.2736547, 55.26482180000001], [87.27035419999999, 55.2630271], [87.27002559999998, 55.262371599999994], [87.27002229999998, 55.26187019999998], [87.2707147, 55.2614907], [87.2723099, 55.2612759], [87.27410659999998, 55.261425700000004], [87.2758859, 55.261720399999994], [87.27670980000002, 55.26156559999999], [87.2772357, 55.2612809], [87.27756869999999, 55.260816399999996], [87.2772795, 55.260242], [87.27621599999999, 55.25981730000001], [87.2750391, 55.2592198], [87.2751033, 55.2580735], [87.2743835, 55.256641699999996], [87.2740358, 55.25612339999999], [87.27424979999999, 55.255696599999986], [87.27812819999998, 55.2557576], [87.28478849999999, 55.254690499999995], [87.28703529999999, 55.254720999999996], [87.2889077, 55.2537453], [87.28995079999999, 55.2517482], [87.28981709999998, 55.25101639999999], [87.2887204, 55.2493393], [87.28880600000001, 55.2466406], [87.28653779999999, 55.245067000000006], [87.2830713, 55.2442009], [87.28174460000001, 55.2445547], [87.2786204, 55.2453598], [87.27744349999999, 55.2456403], [87.2763736, 55.2453842], [87.2742123, 55.245567199999996], [87.2732494, 55.24637220000001], [87.27123799999998, 55.2486654], [87.2708528, 55.2495436], [87.26984709999999, 55.25029980000001], [87.26969300000002, 55.2509344], [87.26863029999998, 55.2526516], [87.26878079999999, 55.2535642], [87.26725619999999, 55.255729], [87.2672294, 55.25635400000001], [87.2655176, 55.258107], [87.2659455, 55.2596465], [87.26508959999998, 55.2601952], [87.26091689999998, 55.2612317], [87.2585119, 55.2627024], [87.25558659999999, 55.263701299999994], [87.2537351, 55.263851100000004], [87.25221819999999, 55.26425609999999], [87.2478957, 55.2641708], [87.246355, 55.2636465], [87.2459912, 55.2631466], [87.24549069999999, 55.26076599999999], [87.2456244, 55.2575193], [87.24516969999999, 55.2572754], [87.2423879, 55.257626], [87.2399806, 55.2579918], [87.23534769999999, 55.258110499999994], [87.2341321, 55.2579215], [87.23197709999998, 55.2591023], [87.231093, 55.2609286], [87.23117589999998, 55.2621251], [87.2307062, 55.263337299999996], [87.2312311, 55.2652263], [87.2311231, 55.266726], [87.2314988, 55.26832519999999], [87.22858129999999, 55.27158649999999], [87.2272331, 55.271901299999996], [87.22255540000002, 55.27546530000001], [87.2193868, 55.2773475], [87.2148409, 55.279573799999994], [87.2145757, 55.2802889], [87.214947, 55.28161819999998], [87.21606099999998, 55.28261519999999], [87.216114, 55.2830583], [87.21528300000001, 55.2835618], [87.2082987, 55.2869955], [87.2069372, 55.2891503], [87.2055757, 55.29043899999999], [87.20538119999999, 55.2912646], [87.20462079999999, 55.29153639999999], [87.20168569999998, 55.29191900000001], [87.2012259, 55.29230160000001], [87.2012436, 55.2932983], [87.2003087, 55.295964999999995], [87.1976343, 55.2980287], [87.1943853, 55.29986579999999], [87.19187869999999, 55.30053809999999], [87.18615419999999, 55.3028028], [87.1852481, 55.3037338], [87.1874141, 55.3077596], [87.1869941, 55.30835089999999], [87.18476179999999, 55.309168500000006], [87.181999, 55.3094956], [87.1793247, 55.3092566], [87.17357809999999, 55.307898], [87.1729371, 55.306753199999996], [87.1708354, 55.3041944], [87.169023, 55.30098610000001], [87.1677411, 55.3004199], [87.1642489, 55.29952649999999], [87.1604032, 55.2988597], [87.1588781, 55.2981047], [87.15814869999998, 55.2979411], [87.15569539999998, 55.298444399999994], [87.1526453, 55.29872129999999], [87.15138539999998, 55.299212], [87.1514738, 55.299929199999994], [87.15253479999998, 55.30059599999999], [87.1526895, 55.3017913], [87.1524463, 55.3044837], [87.1521369, 55.3053267], [87.15131909999998, 55.3053644], [87.14773859999998, 55.304081100000005], [87.1456831, 55.304106299999994], [87.144158, 55.3043328], [87.14364969999998, 55.3050876], [87.1438265, 55.3054147], [87.14612509999999, 55.307264], [87.1479596, 55.3083459], [87.1482469, 55.309968600000005], [87.1477828, 55.3107485], [87.14623559999998, 55.3109875], [87.1439812, 55.3108869], [87.13737259999999, 55.30988060000001], [87.1360007, 55.3100644], [87.1349962, 55.310844], [87.1335169, 55.3111662], [87.1313252, 55.31090629999999], [87.13030249999998, 55.311010299999985], [87.1253166, 55.313296900000005], [87.1232638, 55.31336339999999], [87.1217588, 55.313704300000005], [87.11990329999999, 55.313438299999994], [87.1163705, 55.31161109999999], [87.11514319999999, 55.31150470000001], [87.1131628, 55.3127259], [87.1122127, 55.31327779999999], [87.11163989999999, 55.3139962], [87.1086944, 55.315027199999996], [87.1060995, 55.315605899999994], [87.1042644, 55.31657700000001], [87.1030371, 55.3166369], [87.1017981, 55.31653709999999], [87.09762529999999, 55.3158188], [87.09556059999998, 55.3150943], [87.09487239999999, 55.3152953], [87.0941123, 55.3151318], [87.09290919999998, 55.315903600000006], [87.08915719999999, 55.3163891], [87.0871467, 55.31629600000001], [87.0867844, 55.315936799999996], [87.0863519, 55.3152118], [87.08452849999999, 55.314739599999996], [87.08409599999999, 55.3141941], [87.0829505, 55.3136154], [87.08263829999999, 55.3129291], [87.0816886, 55.313137], [87.0796066, 55.315433899999995], [87.079844, 55.31629649999999], [87.08201740000001, 55.31831259999999], [87.0820539, 55.3193103], [87.0816574, 55.3195833], [87.0805799, 55.3198431], [87.0776394, 55.3193339], [87.0747721, 55.31818040000001], [87.0747356, 55.316985200000005], [87.07460619999999, 55.31645519999999], [87.0739867, 55.316215799999995], [87.0723387, 55.316095999999995], [87.0718244, 55.315544], [87.0699892, 55.3149653], [87.0691827, 55.3151316], [87.068797, 55.31573689999999], [87.0683528, 55.3156969], [87.06787359999998, 55.315510700000004], [87.0678152, 55.31517149999999], [87.0668099, 55.3152779], [87.06696189999998, 55.3159896], [87.0664008, 55.31630219999999], [87.0662606, 55.3166614], [87.06550079999998, 55.3168077], [87.065045, 55.3164219], [87.063806, 55.31645519999999], [87.06273059999998, 55.315929700000005], [87.0627423, 55.31538429999999], [87.0624033, 55.3153311], [87.061667, 55.316095999999995], [87.06159679999999, 55.31652839999999], [87.06268389999998, 55.3173731], [87.06268389999998, 55.31775879999999], [87.06109419999999, 55.3178653], [87.06045129999998, 55.318164599999996], [87.06036949999998, 55.318623499999994], [87.0590378, 55.3190745], [87.0583375, 55.31901269999999], [87.05790290000002, 55.3188753], [87.05812019999999, 55.318367], [87.05761319999999, 55.317927299999994], [87.0577218, 55.3174258], [87.05717849999999, 55.31735019999999], [87.056756, 55.31735019999999], [87.05618849999999, 55.3182502], [87.0545466, 55.3190333], [87.0539188, 55.3194043], [87.052965, 55.3212453], [87.0530374, 55.3216437], [87.05337549999999, 55.32180170000001], [87.0548122, 55.3219185], [87.0549933, 55.32214520000001], [87.0545828, 55.3232992], [87.0545345, 55.3243982], [87.0552335, 55.32471009999999], [87.05515860000001, 55.3249513], [87.0546224, 55.32519250000001], [87.05189139999999, 55.32483069999999], [87.0509188, 55.3246391], [87.05040750000002, 55.3247384], [87.0494597, 55.32568199999999], [87.04982139999998, 55.326356000000004], [87.0500209, 55.326732], [87.0525025, 55.3293355], [87.05237779999999, 55.3298392], [87.051879, 55.33038539999999], [87.05175559999999, 55.33287869999999], [87.0514634, 55.3332888], [87.0505281, 55.3334107], [87.04969019999999, 55.33315580000001], [87.04906669999998, 55.33251289999999], [87.04826789999998, 55.33219149999999], [87.04546209999998, 55.3322469], [87.0447411, 55.332967399999994], [87.0423445, 55.333898299999994], [87.03955820000002, 55.33408669999999], [87.0383501, 55.3343638], [87.03682800000001, 55.33380480000001], [87.0356433, 55.333762199999995], [87.03540639999999, 55.3339679], [87.03556849999998, 55.334180700000005], [87.03661599999998, 55.334663000000006], [87.03671569999999, 55.3348758], [87.0363915, 55.3350319], [87.03508209999998, 55.33483329999999], [87.0349076, 55.3349326], [87.0350946, 55.3352517], [87.03489509999999, 55.3354007], [87.03428399999999, 55.33524459999999], [87.03341109999998, 55.335152400000005], [87.03286239999998, 55.3357128], [87.03304949999999, 55.3361951], [87.03341109999998, 55.33628019999999], [87.03454589999998, 55.3362305], [87.034945, 55.33637950000001], [87.0347579, 55.336620599999996], [87.03374779999999, 55.33720929999999], [87.03357319999999, 55.337727], [87.03454589999998, 55.33814550000001], [87.03455839999998, 55.33838660000001], [87.03398479999998, 55.338649000000004], [87.0336231, 55.3390249], [87.03293729999999, 55.33901779999999], [87.03278759999999, 55.3389823], [87.03267539999999, 55.33848590000001], [87.02993189999998, 55.33849300000001], [87.0293084, 55.337975199999995], [87.0284729, 55.3365922], [87.0280739, 55.336499999999994], [87.02746279999998, 55.33667030000001], [87.0268019, 55.3368192], [87.0253179, 55.3365993], [87.0248939, 55.336762500000006], [87.0249314, 55.33699649999999], [87.0253803, 55.337812099999994], [87.02562459999999, 55.3382477], [87.0251375, 55.3384971], [87.0243581, 55.338233900000006], [87.0225801, 55.3371534], [87.0219225, 55.337208799999985], [87.02197119999998, 55.3375274], [87.0226531, 55.338206199999995], [87.01958429999999, 55.3384694], [87.01880489999999, 55.33961910000001], [87.01731919999999, 55.33961910000001], [87.0163937, 55.340006900000006], [87.01300819999999, 55.339965299999996], [87.01227749999998, 55.339646800000004], [87.01198519999998, 55.339535999999995], [87.011352, 55.3396606], [87.01161989999999, 55.34046399999998], [87.01064569999998, 55.3406025], [87.00998179999999, 55.3404545], [87.0090216, 55.33996510000001], [87.00837319999998, 55.340050199999986], [87.007413, 55.340787799999994], [87.00561719999999, 55.341035999999995], [87.0046695, 55.3416601], [87.00281139999998, 55.34157499999999], [87.00088999999998, 55.34123720000001], [86.99991109999999, 55.3417588], [86.9997463, 55.34240919999999], [86.9986952, 55.3429542], [86.99796359999999, 55.3431475], [86.9974381, 55.343094799999996], [86.9973969, 55.34282530000001], [86.9980112, 55.3423755], [86.9980499, 55.3419214], [86.99783089999998, 55.341657700000006], [86.997496, 55.341555099999994], [86.99708839999998, 55.34156800000001], [86.95537209999999, 55.3088099], [86.9337976, 55.31213540000001], [86.91222309999999, 55.29601699999999], [86.899638, 55.2962729], [86.89784009999998, 55.313925899999994], [86.89154749999999, 55.31520479999999], [86.88255809999998, 55.3256902], [86.8762656, 55.33847360000001], [86.89866349999998, 55.356874299999994], [86.92466469999998, 55.3603911], [86.93065129999998, 55.36760410000001], [86.9423375, 55.37066929999999], [86.9364944, 55.3798632], [86.94728169999999, 55.385736], [86.9458068, 55.3911612], [86.90495320000001, 55.436041800000005], [87.0514923, 55.458487999999996], [87.24071309999998, 55.4764698], [87.38486809999999, 55.49152479999999], [87.42743619999999, 55.5298698], [87.464537, 55.526795], [87.48249109999999, 55.532606999999985], [87.4974639, 55.525969999999994], [87.53097289999998, 55.525995], [87.54468689999999, 55.5211197], [87.55389589999999, 55.5167688], [87.5595221, 55.5168896], [87.56182359999998, 55.517272899999995], [87.56385439999998, 55.517119599999994], [87.566359, 55.5168513], [87.56913439999998, 55.51819259999999], [87.57698659999998, 55.5192274], [87.58165739999998, 55.520185399999995], [87.58240199999999, 55.521718199999995], [87.5835527, 55.5225613], [87.58754659999998, 55.52294449999999], [87.5899835, 55.52290609999999], [87.59242039999998, 55.5223697], [87.59607579999998, 55.5222164], [87.59871569999999, 55.52263789999999], [87.6002727, 55.5233276], [87.6094111, 55.5250519], [87.6103588, 55.5262014], [87.61211879999999, 55.52731260000001], [87.61374339999999, 55.5277723], [87.61543569999999, 55.5277723], [87.61807569999999, 55.5268528], [87.6202418, 55.5260098], [87.62294949999999, 55.5255117], [87.6250479, 55.5263164], [87.62626639999999, 55.527849], [87.6257925, 55.5291516], [87.6242356, 55.531067199999995], [87.6224756, 55.532369800000005], [87.6213249, 55.53417029999999], [87.62146029999998, 55.53604730000001], [87.62342329999998, 55.53941809999999], [87.62362639999999, 55.5408353], [87.62322020000002, 55.54301840000001], [87.62322020000002, 55.5449716], [87.62498019999998, 55.5465035], [87.62863559999998, 55.5484948], [87.6305987, 55.549567], [87.6336448, 55.549796799999996], [87.63594629999999, 55.54945209999999], [87.63682629999998, 55.548265], [87.63818019999998, 55.54623539999999], [87.6407525, 55.54359290000001], [87.64298629999999, 55.5416779], [87.64630319999999, 55.5411417], [87.6490786, 55.541639599999996], [87.6513124, 55.5437078], [87.65347859999999, 55.5449716], [87.65686319999999, 55.5451631], [87.658217, 55.544741800000004], [87.65875849999999, 55.54351629999999], [87.659097, 55.5412949], [87.66024779999998, 55.539916], [87.6623462, 55.5392266], [87.66864159999999, 55.53869029999999], [87.67425999999999, 55.53807749999999], [87.6796754, 55.5381924], [87.6847523, 55.53980109999999], [87.6880015, 55.5412949], [87.690303, 55.5418311], [87.6932814, 55.5422907], [87.7024199, 55.5420609], [87.7129798, 55.54661840000001], [87.7146721, 55.54872460000001], [87.7167706, 55.5500648], [87.7232013, 55.55622939999999], [87.72360749999999, 55.56147429999999], [87.7252998, 55.56415390000001], [87.7254351, 55.56633570000001], [87.7265182, 55.56752229999999], [87.72793969999998, 55.5689384], [87.730512, 55.569397699999996], [87.73497970000001, 55.5685557], [87.737643, 55.5697518], [87.7411201, 55.5706444], [87.7474716, 55.5711297], [87.7509048, 55.5718091], [87.7562263, 55.57491459999999], [87.75845789999998, 55.57666139999999], [87.7588013, 55.578019899999994], [87.76034619999999, 55.5791844], [87.7622345, 55.5795725], [87.76446609999999, 55.5795725], [87.76961589999999, 55.5792814], [87.7725342, 55.5798636], [87.77528079999999, 55.5799606], [87.7845505, 55.5819013], [87.78935699999998, 55.58258039999999], [87.79416349999998, 55.58258039999999], [87.7974251, 55.58180419999999], [87.8006866, 55.5820953], [87.80343319999999, 55.5833566], [87.8097847, 55.584909], [87.8127029, 55.58510299999999], [87.81768110000002, 55.5841328], [87.8204277, 55.5841328], [87.82180099999998, 55.58520010000001], [87.82368929999998, 55.58617019999999], [87.8247192, 55.588304599999994], [87.8286674, 55.5890806], [87.83398899999999, 55.5890806], [87.83776549999999, 55.589371699999994], [87.83913879999999, 55.59034179999999], [87.8415421, 55.591020799999995], [87.8444603, 55.5913118], [87.84669189999998, 55.592087799999995], [87.8472069, 55.5938338], [87.8465202, 55.5974226], [87.84669189999998, 55.59868350000001], [87.8461769, 55.6000412], [87.84566189999998, 55.60178689999999], [87.8442886, 55.6036295], [87.84240040000002, 55.6056659], [87.83845209999998, 55.6082839], [87.83725049999998, 55.610417], [87.8374222, 55.61206529999999], [87.84068369999999, 55.61574929999999], [87.8408554, 55.6171065], [87.84016879999999, 55.6188514], [87.8374222, 55.6203054], [87.8346756, 55.622341], [87.83313059999999, 55.625345599999996], [87.82952579999998, 55.62641169999999], [87.8267792, 55.6265086], [87.820771, 55.62573330000001], [87.8145912, 55.6252487], [87.812188, 55.6252487], [87.810128, 55.626121], [87.80858310000002, 55.62776860000001], [87.80738139999998, 55.630385199999985], [87.80841139999998, 55.6336799], [87.8094414, 55.635714699999994], [87.8115013, 55.63794320000001], [87.81424789999998, 55.63968719999999], [87.81922609999998, 55.6421093], [87.820256, 55.6441437], [87.822316, 55.6494714], [87.8231743, 55.6524739], [87.822316, 55.6558636], [87.82265929999998, 55.657316299999984], [87.8259209, 55.65954359999999], [87.82660749999998, 55.66225490000001], [87.8248909, 55.66486919999999], [87.8193977, 55.669322799999996], [87.809613, 55.67338860000001], [87.8068665, 55.6754214], [87.8056648, 55.677647699999994], [87.80446319999999, 55.681422299999994], [87.8022316, 55.6836483], [87.79962539999998, 55.6881526], [87.8235772, 55.6767687], [87.8474323, 55.66381380000001], [87.88299409999999, 55.6841785], [87.9182245, 55.66244329999999], [87.9440676, 55.6681741], [87.95036269999999, 55.6851124], [87.95047309999998, 55.688038500000005], [87.92694929999999, 55.6902796], [87.9567948, 55.74012249999999], [87.9567462, 55.74242519999999], [87.9606823, 55.74842779999999], [87.9413331, 55.7462894], [87.93002399999999, 55.7538974], [87.93894759999999, 55.759266800000006], [87.9174946, 55.7882831], [87.9230608, 55.793498699999994], [87.9280969, 55.8022396], [87.9403778, 55.8161911], [87.9560956, 55.8201409], [87.98305189999999, 55.82735869999999], [88.001871, 55.8250758], [87.9971883, 55.8160918], [88.0558542, 55.8161911], [88.0555891, 55.83246979999999], [88.11774649999998, 55.863145599999996], [88.1313626, 55.8755824], [88.12883009999999, 55.904181599999994], [88.1266213, 55.9048255], [88.1299787, 55.9097779], [88.13015539999999, 55.9180471], [88.13581, 55.91824509999999], [88.15551249999999, 55.9309672], [88.1599301, 55.9316601], [88.16063689999999, 55.9333428], [88.1739134, 55.940051], [88.1748978, 55.939661799999996], [88.17550579999998, 55.9395159], [88.1756505, 55.9388511], [88.17880619999998, 55.9389159], [88.17880619999998, 55.939840200000006], [88.18045639999998, 55.9402618], [88.1842201, 55.9402618], [88.18482809999999, 55.9397105], [88.18500179999998, 55.9389808], [88.18430689999998, 55.938397099999996], [88.18291729999999, 55.9379593], [88.1828015, 55.9373269], [88.1838727, 55.9366458], [88.1851755, 55.93690519999999], [88.185465, 55.93782949999999], [88.1859861, 55.93794299999999], [88.1868836, 55.9375701], [88.18743369999999, 55.9375863], [88.1881864, 55.938202499999996], [88.1892287, 55.938234900000005], [88.19082099999999, 55.93779709999999], [88.19145789999999, 55.9371809], [88.2237808, 55.954788], [88.2217353, 55.95683929999999], [88.2369434, 55.9599768], [88.2561354, 55.9621975], [88.2669039, 55.9656708], [88.2743891, 55.966295], [88.27671079999999, 55.959185299999994], [88.3043184, 55.9653242], [88.3062093, 55.96934559999999], [88.31944580000001, 55.9714621], [88.3202548, 55.96762989999999], [88.33230409999999, 55.9615139], [88.3351865, 55.95204479999999], [88.3678535, 55.9445751], [88.356508, 55.93356090000001], [88.41021029999999, 55.921272099999996], [88.4014191, 55.89679189999999], [88.3952816, 55.88513009999999], [88.48849469999999, 55.867197499999996], [88.4945457, 55.886503399999995], [88.6201033, 55.873351], [88.6560309, 55.87780630000001], [88.6813694, 55.87313880000001], [88.6980095, 55.8718658], [88.68411889999999, 55.8578341], [88.7074642, 55.858283899999996], [88.7203225, 55.85234040000001], [88.73960989999999, 55.8618921], [88.7592756, 55.85701040000001], [88.77780669999999, 55.8654999], [88.8035233, 55.81580999999999], [88.8299963, 55.8234587], [88.8613857, 55.819847], [88.8719749, 55.7900908], [88.8879501, 55.7889113], [88.9094153, 55.7873265], [88.94572109999999, 55.790728599999994], [88.9589576, 55.795406099999994], [88.9714377, 55.796469], [88.9744632, 55.8009332], [88.99268379999998, 55.7992518], [88.9998016, 55.7985949], [89.01795449999999, 55.8045466], [89.0236273, 55.8034839], [89.0232491, 55.7822228], [89.0323256, 55.7809468], [89.06295859999999, 55.7822228], [89.07090049999998, 55.7777565], [89.0727914, 55.76031179999998], [89.08224609999999, 55.7592478], [89.0909443, 55.75201209999999], [89.09056609999999, 55.74456219999999], [89.0996426, 55.73689799999999], [89.10228989999999, 55.729658199999996], [89.1155264, 55.721138999999994], [89.13254469999998, 55.700898599999995], [89.13522879999998, 55.695961399999995], [89.1336741, 55.6964046], [89.1315676, 55.69638169999999], [89.1298463, 55.6956982], [89.1304126, 55.69449939999999], [89.13120209999998, 55.69353449999999], [89.1311407, 55.69240599999999], [89.1300536, 55.69177090000001], [89.1267908, 55.6917681], [89.12421359999999, 55.6927639], [89.1219582, 55.693872999999996], [89.12053099999999, 55.69473000000001], [89.1187723, 55.6952954], [89.11818309999998, 55.6960784], [89.1174823, 55.696744499999994], [89.11496799999999, 55.6969662], [89.11494549999999, 55.69655040000001], [89.1158503, 55.695761999999995], [89.115579, 55.6946371], [89.1135649, 55.6943745], [89.11135019999999, 55.69429379999999], [89.1098972, 55.6946754], [89.109413, 55.6954566], [89.108948, 55.69659409999999], [89.1087825, 55.697429299999996], [89.10872209999998, 55.69826259999999], [89.1073901, 55.6989394], [89.1052007, 55.699333700000004], [89.1031833, 55.699011599999984], [89.1006018, 55.69798569999999], [89.0969209, 55.6980486], [89.0953243, 55.6977192], [89.0935559, 55.69614429999999], [89.092565, 55.6953289], [89.09174269999998, 55.6956996], [89.08976359999998, 55.696089999999984], [89.08837119999998, 55.6956381], [89.08684189999998, 55.694594], [89.08447779999999, 55.69368299999999], [89.08246719999998, 55.69347940000001], [89.0804818, 55.6937508], [89.0780632, 55.6937918], [89.07509359999999, 55.6933664], [89.0736214, 55.6933913], [89.0704949, 55.6939792], [89.0705294, 55.69463249999999], [89.069627, 55.69548000000001], [89.06774029999998, 55.6956307], [89.0649778, 55.69514219999999], [89.063898, 55.6946253], [89.0625641, 55.6932804], [89.06149059999998, 55.6928823], [89.05957909999998, 55.692557699999995], [89.0579216, 55.69306110000001], [89.0563723, 55.693622100000006], [89.0548105, 55.6939455], [89.052271, 55.6936907], [89.0506812, 55.69347949999999], [89.0498606, 55.68986689999999], [89.0504629, 55.687300500000006], [89.03959599999999, 55.684746999999994], [89.0324306, 55.688611099999996], [89.0321895, 55.68802060000001], [89.0339803, 55.686029100000006], [89.03554829999999, 55.6838035], [89.0377686, 55.6819832], [89.03688429999998, 55.68116559999999], [89.0338171, 55.680859799999986], [89.0331931, 55.67694650000001], [89.02357699999999, 55.67205239999999], [89.0134355, 55.675310499999995], [89.01273159999998, 55.67389529999999], [89.0074153, 55.6727935], [89.0035415, 55.673154000000004], [89.0016648, 55.6734819], [88.99194510000001, 55.6788715], [88.99089689999998, 55.6789479], [88.99008559999999, 55.6774749], [88.9901243, 55.67616640000001], [88.99046939999998, 55.6746746], [88.990403, 55.67336780000001], [88.9884839, 55.672863899999996], [88.98638469999999, 55.6729574], [88.9852285, 55.67297609999999], [88.98255879999999, 55.672187], [88.98002419999999, 55.6719901], [88.97633049999999, 55.6717524], [88.97316529999999, 55.6715656], [88.9705198, 55.6712514], [88.9672198, 55.6704721], [88.96599810000001, 55.669183800000006], [88.9654794, 55.667230399999994], [88.96549809999999, 55.665506099999995], [88.96419829999999, 55.66475410000001], [88.9619469, 55.6638984], [88.9598482, 55.6639914], [88.95732909999998, 55.664090999999985], [88.95566249999999, 55.664414799999996], [88.9537857, 55.664742], [88.951903, 55.664950299999994], [88.949039, 55.6644608], [88.9478417, 55.6636475], [88.9478966, 55.66263609999999], [88.94996579999999, 55.661949299999996], [88.9503388, 55.660992199999995], [88.9492201, 55.6596427], [88.9476901, 55.658478], [88.9455194, 55.65816429999999], [88.94546589999999, 55.6581566], [88.9425268, 55.658262599999986], [88.9403791, 55.65948559999999], [88.93778449999999, 55.6601805], [88.93302119999998, 55.661682400000004], [88.92902229999999, 55.66162640000001], [88.92522769999998, 55.661448299999996], [88.9224927, 55.66143170000001], [88.9191039, 55.66094970000001], [88.9163485, 55.6605172], [88.9135991, 55.6602035], [88.9126273, 55.6596836], [88.91320269999999, 55.65854509999999], [88.91400850000001, 55.65781919999999], [88.9139679, 55.65698750000001], [88.9131686, 55.65569219999999], [88.91218250000001, 55.65487530000001], [88.9103877, 55.6547249], [88.9090334, 55.6549838], [88.9077727, 55.655003400000005], [88.90753649999999, 55.654472], [88.9083366, 55.65362729999998], [88.9068368, 55.6530562], [88.90470960000002, 55.6525542], [88.90398869999999, 55.6528626], [88.9028157, 55.6525242], [88.90243710000001, 55.6512222], [88.90325159999999, 55.6506745], [88.90373939999999, 55.649894200000006], [88.9027507, 55.6490178], [88.9008253, 55.648334299999995], [88.90077639999998, 55.6473244], [88.90145119999998, 55.6460656], [88.90256919999999, 55.6452754], [88.90506709999998, 55.6447611], [88.9073403, 55.643952899999995], [88.9075977, 55.64276000000001], [88.9067228, 55.642060199999996], [88.9038524, 55.6413915], [88.90219209999998, 55.641833299999995], [88.90148849999999, 55.6424982], [88.8992713, 55.6422947], [88.89790309999998, 55.642256499999995], [88.8980368, 55.6428489], [88.89678789999999, 55.643106], [88.89592749999998, 55.6427032], [88.8956859, 55.64205299999999], [88.89503279999998, 55.64158749999999], [88.8939595, 55.64112849999999], [88.893823, 55.64047670000001], [88.8949467, 55.6398054], [88.8941886, 55.6393415], [88.8925082, 55.63936749999999], [88.8912307, 55.63903049999999], [88.89045549999999, 55.6382102], [88.89154769999999, 55.63688549999999], [88.89256639999999, 55.63621590000001], [88.893985, 55.635123899999996], [88.8951229, 55.6347497], [88.8947677, 55.633922899999995], [88.8925052, 55.632768899999995], [88.8925272, 55.6310446], [88.89183989999998, 55.62986619999999], [88.8903442, 55.6293543], [88.88875779999998, 55.6291409], [88.88750639999999, 55.6293386], [88.8875578, 55.6304078], [88.88651059999998, 55.6304834], [88.8851342, 55.63026669999999], [88.88402149999999, 55.628976], [88.8832552, 55.6283339], [88.88133389999999, 55.6277094], [88.8797306, 55.62713959999999], [88.87857279999999, 55.62709780000001], [88.87711999999999, 55.62747679999998], [88.8749321, 55.627866899999994], [88.8720888, 55.627732], [88.87097939999998, 55.6265006], [88.8709228, 55.62531249999999], [88.87087459999998, 55.62430259999999], [88.8712464, 55.62328639999999], [88.87119829999999, 55.6222765], [88.8698876, 55.62122639999999], [88.869011, 55.620467], [88.8674849, 55.619301300000004], [88.86603559999999, 55.61754], [88.8642173, 55.6168543], [88.8622145, 55.6167064], [88.8614114, 55.6174914], [88.8608153, 55.6182138], [88.85852009999999, 55.61854579999999], [88.85706449999999, 55.61886510000001], [88.85605689999998, 55.61977209999999], [88.8563062, 55.620600599999996], [88.8559312, 55.6215574], [88.85573809999998, 55.621917], [88.8533067, 55.621597099999995], [88.8516508, 55.6198981], [88.85149259999999, 55.618771], [88.85058839999999, 55.6174174], [88.84946879999998, 55.6159481], [88.84833529999999, 55.6141818], [88.8479561, 55.612820299999996], [88.84695849999999, 55.6117058], [88.84565159999998, 55.6107149], [88.84395009999999, 55.610264900000004], [88.84215200000001, 55.609994699999994], [88.84196439999998, 55.6104731], [88.8406195, 55.61090939999999], [88.83763919999998, 55.6100624], [88.83664459999999, 55.60900729999999], [88.83639029999999, 55.60806], [88.83791819999999, 55.6066343], [88.83727499999999, 55.6049125], [88.83229469999999, 55.601715299999995], [88.83117199999998, 55.601594799999994], [88.8297328, 55.6018912], [88.8286064, 55.6016498], [88.82799779999999, 55.6010939], [88.8279158, 55.60051489999999], [88.82791439999998, 55.5996858], [88.8279281, 55.5977238], [88.82557299999999, 55.59674830000001], [88.8245681, 55.59545549999999], [88.82387249999998, 55.5940391], [88.8232956, 55.5929182], [88.82199539999999, 55.5920458], [88.8205794, 55.590937399999994], [88.81793220000002, 55.59044170000001], [88.8145535, 55.59001610000001], [88.81340789999999, 55.590211399999994], [88.81259880000002, 55.5908773], [88.81199680000002, 55.591480700000005], [88.80969989999998, 55.5917524], [88.8074779, 55.5913691], [88.8055706, 55.59098109999999], [88.80408830000002, 55.59070559999999], [88.8038485, 55.5900553], [88.80433209999998, 55.589156500000016], [88.8063088, 55.58877069999999], [88.80670379999998, 55.58822980000001], [88.80687809999999, 55.587454399999984], [88.80663009999999, 55.58662580000001], [88.8038675, 55.5858937], [88.8012399, 55.58581349999999], [88.7987976, 55.585195399999996], [88.79750639999999, 55.584501], [88.797557, 55.5833114], [88.7979385, 55.582473500000006], [88.79789499999998, 55.581523000000004], [88.7970261, 55.58088179999999], [88.7945924, 55.58044189999999], [88.7913169, 55.5799548], [88.79092449999999, 55.58055499999999], [88.78862, 55.580648100000005], [88.78682100000002, 55.5803177], [88.78512409999999, 55.5799263], [88.7824862, 55.579608], [88.781978, 55.579972100000006], [88.78190809999998, 55.58074589999999], [88.78152629999998, 55.58158370000001], [88.7799343, 55.58119069999999], [88.7788372, 55.5801366], [88.7798402, 55.5791115], [88.7814831, 55.57831480000001], [88.7814622, 55.577852099999994], [88.78143469999999, 55.57724549999999], [88.7812733, 55.5759994], [88.78027579999998, 55.57482499999999], [88.778996, 55.574367999999986], [88.77740919999998, 55.574352], [88.7765816, 55.5743436], [88.77437689999998, 55.5743161], [88.7729923, 55.5738606], [88.7721107, 55.572922199999994], [88.7712397, 55.57222139999999], [88.7689143, 55.57183890000001], [88.76777959999998, 55.5722714], [88.7664894, 55.57157659999999], [88.76656489999999, 55.57092159999999], [88.7668154, 55.569491299999996], [88.7670926, 55.5686551], [88.7683427, 55.56845870000001], [88.76917609999998, 55.568327800000006], [88.76914399999998, 55.567614899999995], [88.767112, 55.5667525], [88.76519289999999, 55.5660668], [88.76349429999999, 55.56561570000001], [88.76280299999999, 55.56657679999999], [88.76136449999998, 55.567251399999996], [88.759577, 55.567158199999994], [88.75881919999999, 55.566634], [88.7584516, 55.5654504], [88.7591535, 55.564727000000005], [88.7599603, 55.564002], [88.7615977, 55.56308680000001], [88.7623884, 55.5620054], [88.76232779999998, 55.5617543], [88.7622597, 55.561472200000004], [88.76013129999998, 55.56078949999999], [88.7587341, 55.56003669999999], [88.7580601, 55.5590358], [88.75749619999999, 55.558152199999995], [88.75495149999999, 55.55753479999999], [88.75263229999999, 55.5572708], [88.75165729999999, 55.556571399999996], [88.75078969999998, 55.5559298], [88.7495188, 55.5556508], [88.7476032, 55.5550242], [88.74589469999998, 55.5543352], [88.7443331, 55.5545952], [88.74307549999999, 55.55461309999999], [88.74229709999999, 55.55361359999999], [88.7412123, 55.55279680000001], [88.7393153, 55.55258599999999], [88.73784809999998, 55.5526068], [88.73586469999998, 55.5528133], [88.7342141, 55.5534311], [88.73144479999999, 55.5524597], [88.729674, 55.55034459999999], [88.73062789999999, 55.5481911], [88.73191179999999, 55.5463896], [88.7333395, 55.5454777], [88.7346546, 55.54438909999999], [88.73461800000001, 55.54355730000001], [88.7331406, 55.5433405], [88.731129, 55.542893299999996], [88.7305581, 55.5418314], [88.7305477, 55.54159369999999], [88.7283135, 55.54085249999999], [88.7268181, 55.540219699999994], [88.72589079999999, 55.5405894], [88.7239053, 55.5407363], [88.72261429999999, 55.539981600000004], [88.7227875, 55.539147], [88.72274589999999, 55.5381964], [88.7220965, 55.537729999999996], [88.72116149999998, 55.537921399999995], [88.71926009999999, 55.5375915], [88.71714939999998, 55.537264400000005], [88.7157978, 55.53752109999999], [88.71307399999999, 55.5375593], [88.71192409999999, 55.537634800000006], [88.7106334, 55.536880000000004], [88.7093634, 55.5366005], [88.70776629999999, 55.5360283], [88.7066165, 55.536103799999985], [88.7047077, 55.53559539999999], [88.7046794, 55.5349419], [88.70382589999998, 55.5345971], [88.7034782, 55.5338291], [88.70263689999999, 55.533179999999994], [88.70208569999998, 55.533102], [88.7015721, 55.5332459], [88.7012135, 55.5339268], [88.7008452, 55.5342972], [88.70036239999999, 55.5344369], [88.69974009999999, 55.53427289999999], [88.6989891, 55.5337872], [88.6987793, 55.53322839999999], [88.6990535, 55.53271250000001], [88.6999204, 55.5319908], [88.7002801, 55.531375700000005], [88.70014099999999, 55.530617899999996], [88.69894829999998, 55.52977359999999], [88.6967361, 55.52926359999999], [88.6955644, 55.52875840000001], [88.6948209, 55.527777999999984], [88.6937219, 55.52711959999999], [88.6928951, 55.5269438], [88.69224069999999, 55.5269621], [88.6917187, 55.52709380000001], [88.691436, 55.527356799999986], [88.6912429, 55.5277272], [88.69092099999999, 55.5279094], [88.6903524, 55.527951900000005], [88.6893654, 55.527958], [88.68859289999999, 55.5279094], [88.68794909999998, 55.527958], [88.68734829999998, 55.5280005], [88.6868231, 55.52789640000001], [88.6862954, 55.52770360000001], [88.68585699999998, 55.527435700000005], [88.6855244, 55.5271382], [88.6854171, 55.5268124], [88.6856854, 55.5265673], [88.6863134, 55.526333000000015], [88.6867261, 55.5260268], [88.68680139999998, 55.5256917], [88.68667430000002, 55.525344299999986], [88.68401529999998, 55.5241206], [88.6839099, 55.5231884], [88.68368259999998, 55.5227842], [88.6830038, 55.5223995], [88.6815868, 55.5223277], [88.68045509999999, 55.5222266], [88.6796451, 55.5219245], [88.67921049999998, 55.521395999999996], [88.6793786, 55.52098919999999], [88.679983, 55.5207264], [88.6804254, 55.520466299999995], [88.68019749999999, 55.5200552], [88.6799313, 55.5197757], [88.6795031, 55.519326], [88.6771667, 55.518020500000006], [88.67673680000001, 55.51795249999999], [88.67617429999999, 55.5180038], [88.6756905, 55.5181762], [88.67497259999999, 55.51834389999999], [88.6740395, 55.51846299999998], [88.6729127, 55.518438], [88.67175799999998, 55.5180915], [88.670979, 55.517724399999985], [88.6702142, 55.516547200000005], [88.66986649999998, 55.514853299999984], [88.6698011, 55.5133086], [88.66954889999998, 55.5123015], [88.6680731, 55.51208379999999], [88.66687619999999, 55.5110301], [88.6667313, 55.5100809], [88.66753369999999, 55.5092378], [88.66832849999999, 55.50821640000001], [88.6683084, 55.5077411], [88.667027, 55.5071641], [88.66576829999998, 55.5071217], [88.66398359999998, 55.507027099999995], [88.66254559999999, 55.5077006], [88.6617181, 55.5079496], [88.65969399999999, 55.5071448], [88.659664, 55.50643190000001], [88.6597287, 55.505479799999996], [88.65958899999998, 55.5046495], [88.6589335, 55.50400450000001], [88.658891, 55.5029945], [88.6580161, 55.50211469999999], [88.65729839999999, 55.502481], [88.6565832, 55.5029068], [88.6552025, 55.50244999999999], [88.65389659999998, 55.50127870000001], [88.6530792, 55.49926859999999], [88.6537222, 55.4971199], [88.6545794, 55.49508709999999], [88.65645249999999, 55.492649099999994], [88.65692139999999, 55.4913705], [88.65772359999998, 55.49017], [88.6594325, 55.4884824], [88.65928789999998, 55.4875332], [88.6599579, 55.486038], [88.66082949999999, 55.484361699999994], [88.66088419999998, 55.483171999999996], [88.6602936, 55.48157500000001], [88.6585873, 55.48082540000001], [88.65604659999998, 55.48014640000001], [88.65497049999999, 55.47944759999999], [88.6541959, 55.478447499999994], [88.6536505, 55.4779199], [88.65287839999999, 55.47697920000001], [88.6521238, 55.4764543], [88.64995559999998, 55.4764911], [88.64920839999999, 55.4761735], [88.6488488, 55.4757257], [88.6496567, 55.4746384], [88.65034339999998, 55.4739222], [88.6505128, 55.47296879999999], [88.6504706, 55.4719588], [88.65061519999999, 55.4704112], [88.6490017, 55.469363], [88.6463524, 55.46856640000001], [88.64477379999998, 55.4683498], [88.6405503, 55.4687117], [88.638901, 55.4693399], [88.6365448, 55.4693235], [88.63423049999999, 55.4689667], [88.6332117, 55.4696342], [88.6342895, 55.470392600000004], [88.634837, 55.4709797], [88.6336188, 55.47188770000001], [88.63247319999999, 55.47202179999999], [88.63128829999998, 55.4712054], [88.6310374, 55.4701982], [88.6297603, 55.4696802], [88.6279505, 55.4689315], [88.62813019999999, 55.4682157], [88.6285094, 55.46725959999999], [88.6277381, 55.4663187], [88.62605749999999, 55.4661627], [88.6235086, 55.46524540000001], [88.6227228, 55.463947999999995], [88.6210884, 55.4623647], [88.61956109999998, 55.4608393], [88.618372, 55.4599039], [88.6167646, 55.458973999999984], [88.6145252, 55.45793359999999], [88.61259219999998, 55.45671070000001], [88.61140579999999, 55.45583469999999], [88.6112649, 55.45494479999999], [88.6126095, 55.4545705], [88.61403669999999, 55.453660000000006], [88.615143, 55.4525753], [88.61708799999998, 55.4515391], [88.616947, 55.4506492], [88.6161934, 55.4501242], [88.61546889999998, 55.450312100000005], [88.6130597, 55.450224999999996], [88.6129018, 55.4489193], [88.61264909999998, 55.44785259999999], [88.6114557, 55.44679829999999], [88.6094624, 55.4466462], [88.60858260000002, 55.44558769999999], [88.6071634, 55.44412030000001], [88.6075404, 55.44310469999999], [88.60749689999999, 55.442035299999986], [88.60682639999999, 55.44097409999999], [88.6048334, 55.44082190000001], [88.6041895, 55.440414200000006], [88.60384459999999, 55.439646], [88.60297719999998, 55.4388845], [88.6033784, 55.4384632], [88.6052498, 55.43820079999999], [88.60595479999999, 55.4375377], [88.60528679999999, 55.43653590000001], [88.60504399999999, 55.4357068], [88.60406979999999, 55.43488729999999], [88.6037346, 55.434356699999995], [88.60131919999999, 55.43409119999999], [88.5995139, 55.4334014], [88.5980126, 55.4324699], [88.5979622, 55.4312222], [88.59942619999998, 55.4286469], [88.6012577, 55.427377400000005], [88.6025603, 55.42600139999999], [88.60455529999999, 55.4245741], [88.60670369999998, 55.422499200000004], [88.60842889999999, 55.4212282], [88.60921139999999, 55.419910099999996], [88.61102869999999, 55.4183405], [88.61150499999998, 55.41720480000001], [88.61175059999998, 55.415537099999995], [88.6110731, 55.4142976], [88.60861299999999, 55.412903299999996], [88.60697549999999, 55.4120914], [88.6054999, 55.41086359999999], [88.60317589999998, 55.4102402], [88.6007387, 55.4103477], [88.5984922, 55.41007739999999], [88.59477099999998, 55.4091018], [88.59032059999998, 55.407554700000006], [88.5893115, 55.405843899999994], [88.58643499999998, 55.40445449999999], [88.5826902, 55.40224409999998], [88.57799179999999, 55.39968929999999], [88.57638319999998, 55.39864000000001], [88.57436169999998, 55.3977149], [88.57308769999999, 55.397196300000004], [88.57190389999998, 55.39631980000001], [88.5718591, 55.39519090000001], [88.573622, 55.394871], [88.57466589999999, 55.3948576], [88.5755936, 55.39454839999999], [88.57566020000002, 55.39359639999999], [88.57457379999998, 55.39254040000001], [88.5745525, 55.3920057], [88.57509849999998, 55.391462499999996], [88.57654489999999, 55.39073789999999], [88.5781038, 55.3896231], [88.5785953, 55.3886246], [88.5794992, 55.3877212], [88.5794055, 55.3873691], [88.57901539999999, 55.386982], [88.57812339999998, 55.3867169], [88.5767228, 55.3863776], [88.5759307, 55.3861344], [88.57469549999999, 55.38548589999999], [88.574786, 55.385060200000005], [88.5752213, 55.384651000000005], [88.575865, 55.3844864], [88.5763907, 55.38451080000001], [88.57691049999998, 55.3843788], [88.57722749999999, 55.3841329], [88.5774814, 55.3838343], [88.5774314, 55.3833832], [88.577249, 55.3830237], [88.5769335, 55.38265809999999], [88.5762406, 55.38193759999999], [88.57433389999998, 55.3812488], [88.5738928, 55.38066], [88.5736416, 55.3795932], [88.5725392, 55.37812129999999], [88.5701823, 55.376606], [88.56931219999998, 55.3757255], [88.56707639999999, 55.3746247], [88.5660142, 55.37416270000001], [88.5637141, 55.37407329999999], [88.5627469, 55.3733723], [88.56303879999999, 55.3728336], [88.56309869999998, 55.37170329999999], [88.561835, 55.371422300000006], [88.5603884, 55.3717974], [88.55862639999998, 55.37211709999999], [88.55673899999998, 55.37190339999999], [88.55566310000002, 55.37108489999999], [88.5541652, 55.3701528], [88.55300129999999, 55.3697515], [88.55154069999999, 55.369769999999995], [88.5490089, 55.36908879999999], [88.5484479, 55.3680853], [88.5480792, 55.3666633], [88.54697799999998, 55.3651911], [88.546227, 55.364665599999995], [88.54476889999998, 55.3647435], [88.54447679999998, 55.3652822], [88.5443933, 55.3658182], [88.54366999999999, 55.3660057], [88.54231149999998, 55.3659634], [88.54121519999998, 55.36461], [88.53950699999999, 55.36362100000001], [88.53864249999998, 55.3628591], [88.53893699999999, 55.3623798], [88.5392199, 55.361603399999986], [88.5376162, 55.36061300000001], [88.5362326, 55.35991709999999], [88.53611449999998, 55.3595619], [88.53673799999999, 55.3594946], [88.53798959999999, 55.3594789], [88.53817979999998, 55.359000900000005], [88.53785759999998, 55.35876719999999], [88.53659679999998, 55.3585453], [88.53523169999998, 55.358324599999996], [88.5339503, 55.3575679], [88.5339296, 55.357033200000004], [88.53474330000002, 55.35648799999999], [88.5364005, 55.35616989999998], [88.5369035, 55.355688], [88.5355945, 55.35421829999999], [88.5351359, 55.35315409999998], [88.5342856, 55.35274859999999], [88.5342534, 55.3519168], [88.5344321, 55.35114180000001], [88.53460619999998, 55.3502479], [88.5343396, 55.3497627], [88.53396699999999, 55.349282900000006], [88.53349449999999, 55.3484785], [88.5338151, 55.347910399999996], [88.5346244, 55.3463425], [88.5351174, 55.345426599999996], [88.535199, 55.3448279], [88.5352549, 55.343458000000005], [88.534959, 55.3430755], [88.5339376, 55.3430359], [88.53288169999999, 55.34338429999999], [88.53141099999999, 55.343223999999985], [88.5302289, 55.343019899999994], [88.52878719999998, 55.34256140000001], [88.52714529999999, 55.3419514], [88.5259512, 55.3412941], [88.5243325, 55.34054400000001], [88.52264039999999, 55.3402813], [88.52033669999999, 55.340058], [88.51970179999999, 55.339734], [88.518633, 55.339004599999996], [88.5173956, 55.338634899999995], [88.5154715, 55.3381097], [88.5136892, 55.3375641], [88.51031059999998, 55.33666749999999], [88.50824469999999, 55.3363144], [88.5066718, 55.3360282], [88.504925, 55.335596100000004], [88.5044837, 55.33508479999999], [88.50421039999999, 55.33433440000001], [88.5043373, 55.333204099999996], [88.5051743, 55.33236600000001], [88.5058289, 55.3316866], [88.50608309999998, 55.33122550000001], [88.5063667, 55.330505], [88.5063345, 55.3302084], [88.5061903, 55.3299225], [88.50512740000002, 55.3291824], [88.5036816, 55.328607000000005], [88.50255419999999, 55.3285003], [88.5017842, 55.328553400000004], [88.50114489999999, 55.32872340000001], [88.50039759999999, 55.32891059999999], [88.499245, 55.32911940000001], [88.49737149999999, 55.3295096], [88.49544199999998, 55.329469599999996], [88.4940802, 55.32956459999998], [88.4931511, 55.32978819999999], [88.4921201, 55.32993160000001], [88.4901845, 55.3299866], [88.4883499, 55.3302704], [88.48774289999999, 55.330025299999996], [88.4873025, 55.329610900000006], [88.4867569, 55.328963599999994], [88.4871493, 55.328304899999985], [88.4874308, 55.32746929999999], [88.48708099999999, 55.326452999999994], [88.4862377, 55.32551599999999], [88.48599669999999, 55.32411879999999], [88.4846248, 55.3233219], [88.4797325, 55.32032589999999], [88.4779491, 55.319253100000005], [88.4770691, 55.318733], [88.4766121, 55.3184714], [88.4760941, 55.31821719999999], [88.47514559999999, 55.3177684], [88.474672, 55.3175718], [88.47415649999999, 55.3173792], [88.4736563, 55.31718519999998], [88.4731347, 55.3170018], [88.4725791, 55.3168277], [88.4720155, 55.31666130000001], [88.47129149999999, 55.31645449999999], [88.4674326, 55.3154277], [88.4634634, 55.3143135], [88.4588303, 55.313099599999994], [88.45635839999998, 55.3124298], [88.45516969999998, 55.312049200000004], [88.4549409, 55.311965699999995], [88.4540174, 55.311629], [88.45241329999999, 55.3108888], [88.44963089999999, 55.30943210000001], [88.4489622, 55.3091332], [88.44544879999998, 55.30730510000001], [88.4434699, 55.30628320000001], [88.44292359999999, 55.3059722], [88.44238519999999, 55.305641800000004], [88.4421304, 55.30546389999999], [88.4418782, 55.30526050000001], [88.44140979999999, 55.3048421], [88.4412478, 55.30225949999999], [88.4409476, 55.301192500000006], [88.44213820000002, 55.30099510000001], [88.4433412, 55.3006489], [88.44467510000001, 55.299739200000005], [88.44504160000001, 55.2984359], [88.44581759999998, 55.29700960000001], [88.44589749999999, 55.29635919999999], [88.44626609999999, 55.2951149], [88.44631369999999, 55.293579199999996], [88.44637849999998, 55.2925157], [88.44684190000001, 55.291034100000005], [88.4466891, 55.2896779], [88.44362349999999, 55.287883799999996], [88.4412971, 55.2864943], [88.438781, 55.285579299999995], [88.43721069999998, 55.28506639999999], [88.4372928, 55.28447499999999], [88.4383055, 55.2838726], [88.4382884, 55.28340039999999], [88.43723729999999, 55.2829405], [88.4362982, 55.2827153], [88.4342365, 55.2829167], [88.4335148, 55.28298420000001], [88.4325438, 55.28187380000001], [88.4325034, 55.2807525], [88.4329673, 55.27927090000001], [88.4329226, 55.2780315], [88.4328652, 55.276438], [88.4349958, 55.27529119999999], [88.43589219999998, 55.27433589999999], [88.43647409999998, 55.273266299999996], [88.4377903, 55.2724832], [88.43910429999998, 55.27164109999999], [88.4399056, 55.2709231], [88.4396861, 55.2705715], [88.4364603, 55.270018999999984], [88.4350067, 55.269859], [88.4349855, 55.2692688], [88.43603349999998, 55.268346699999995], [88.4369888, 55.2674739], [88.4381066, 55.2669294], [88.43952589999999, 55.2661451], [88.44092809999998, 55.2648886], [88.4416216, 55.264053800000006], [88.44113319999998, 55.2628614], [88.43969919999999, 55.2624056], [88.43873389999999, 55.2621107], [88.4366681, 55.26145519999999], [88.4340632, 55.2608954], [88.4326879, 55.260025899999995], [88.43275719999998, 55.25908040000001], [88.4330354, 55.258191499999995], [88.43319109999999, 55.256772600000005], [88.43510330000001, 55.2553331], [88.43845139999999, 55.2535814], [88.44053499999998, 55.254029100000004], [88.4413744, 55.2543735], [88.44192529999998, 55.25531170000001], [88.4432985, 55.2561221], [88.44283529999998, 55.2576036], [88.44257449999999, 55.2589647], [88.4441589, 55.25989070000001], [88.444763, 55.2607287], [88.4452096, 55.2611568], [88.4455391, 55.2616899], [88.4462619, 55.2625928], [88.44817599999999, 55.262323], [88.4494162, 55.2623082], [88.44960349999998, 55.261774599999995], [88.45114299999999, 55.26146109999999], [88.45238529999999, 55.26150539999998], [88.454112, 55.260658199999995], [88.455225, 55.2599954], [88.4567708, 55.259858900000005], [88.45767279999998, 55.259080600000004], [88.45558229999999, 55.258456], [88.4543206, 55.2578806], [88.4540924, 55.25729290000001], [88.4544583, 55.25598960000001], [88.4558682, 55.254969], [88.4570909, 55.2544821], [88.4572695, 55.2537124], [88.4573274, 55.252471699999994], [88.45978979999998, 55.2519699], [88.4621662, 55.2519415], [88.4658269, 55.251763100000005], [88.4670225, 55.25145429999999], [88.4676576, 55.250985799999995], [88.4686144, 55.250210800000005], [88.46949629999999, 55.24890119999999], [88.4704501, 55.247689199999996], [88.4719875, 55.2463913], [88.47359020000002, 55.245014000000005], [88.47522769999999, 55.2445809], [88.4762344, 55.2438602], [88.47671020000001, 55.2430345], [88.4777525, 55.242611399999994], [88.48065889999998, 55.2426801], [88.4823752, 55.2422505], [88.4838719, 55.24081529999999], [88.48476409999999, 55.2398007], [88.48804949999999, 55.23922919999999], [88.4900445, 55.23731549999999], [88.49010369999999, 55.23613379999998], [88.49047039999999, 55.2348894], [88.49116019999998, 55.233995300000004], [88.4914501, 55.2334604], [88.49255509999999, 55.23262019999999], [88.4944029, 55.2323024], [88.4957033, 55.2311646], [88.4960521, 55.229448], [88.4959112, 55.22844599999999], [88.4948761, 55.227438299999996], [88.49385629999999, 55.227310100000004], [88.4921342, 55.2268981], [88.49082499999999, 55.22779969999999], [88.4901464, 55.2289889], [88.4894302, 55.22917480000001], [88.4880856, 55.229132199999995], [88.4866179, 55.2285596], [88.4827732, 55.227956899999995], [88.48202849999998, 55.227375499999994], [88.4819868, 55.2262542], [88.4812443, 55.22573179999999], [88.47914859999999, 55.2249306], [88.4788147, 55.22428519999999], [88.47878409999998, 55.2234589], [88.4789533, 55.22245310000001], [88.4792434, 55.221918200000005], [88.4804581, 55.2212539], [88.48252289999999, 55.22122890000001], [88.4845087, 55.2218542], [88.4860859, 55.2226026], [88.4875533, 55.2231751], [88.4895348, 55.2236824], [88.49201049999999, 55.2235931], [88.4949692, 55.2226121], [88.49555099999999, 55.22160120000001], [88.4943534, 55.2199627], [88.4936853, 55.2186718], [88.49272749999999, 55.217915999999995], [88.49218040000001, 55.2170961], [88.49194819999998, 55.2166952], [88.49167930000002, 55.21573020000001], [88.49095659999999, 55.2147492], [88.4905984, 55.2134546], [88.4899504, 55.212695], [88.4901326, 55.2120432], [88.4909451, 55.211679], [88.49322019999998, 55.21176929999999], [88.4960615, 55.2104355], [88.4984043, 55.209580100000004], [88.49961839999999, 55.208915700000006], [88.50144280000002, 55.208007599999995], [88.5027845, 55.20799099999999], [88.5040363, 55.20832989999999], [88.50446, 55.20920749999999], [88.5049456, 55.209873], [88.50564900000002, 55.2100223], [88.50743929999999, 55.2109449], [88.5081997, 55.211939199999996], [88.51001019999998, 55.21339300000001], [88.51094809999998, 55.213617500000005], [88.5130102, 55.21353289999999], [88.5139101, 55.2127542], [88.5143925, 55.2118625], [88.5138092, 55.21009839999999], [88.51200769999998, 55.208880799999996], [88.51166899999998, 55.2081174], [88.511945, 55.2072283], [88.51240079999998, 55.2066326], [88.5135246, 55.2053193], [88.5147616, 55.2046091], [88.5163446, 55.20345379999999], [88.51856989999999, 55.2022452], [88.51893089999999, 55.200882699999994], [88.5156357, 55.1983848], [88.51312359999999, 55.1974712], [88.50988719999998, 55.1965076], [88.5066553, 55.1956619], [88.50404929999999, 55.194985499999994], [88.5020535, 55.1940654], [88.5018793, 55.1921781], [88.50262209999998, 55.191268699999995], [88.50326419999999, 55.19076179999999], [88.5040764, 55.1903038], [88.50540319999999, 55.1898319], [88.50638129999999, 55.18840269999999], [88.507357, 55.1878941], [88.50993579999998, 55.186882600000004], [88.5118621, 55.185973100000005], [88.5132682, 55.1849518], [88.5144701, 55.1839922], [88.5151584, 55.183097999999994], [88.5159289, 55.18205879999999], [88.51747009999998, 55.18147499999999], [88.5194184, 55.18115549999999], [88.5220887, 55.180827], [88.52391129999998, 55.1799185], [88.5251173, 55.179076800000004], [88.5257828, 55.1775923], [88.52575119999999, 55.17676610000001], [88.5251792, 55.1752971], [88.52359189999999, 55.17425409999999], [88.522935, 55.17389149999999], [88.5218932, 55.173488699999986], [88.52159220000001, 55.1732163], [88.5202158, 55.17228870000001], [88.5193415, 55.171000600000006], [88.5182498, 55.16942], [88.5179943, 55.16812420000001], [88.51794269999999, 55.16676679999999], [88.5186285, 55.16581349999999], [88.51918639999998, 55.1642123], [88.518848, 55.16344900000001], [88.5165711, 55.1632411], [88.5150225, 55.1632013], [88.51243190000001, 55.162879200000006], [88.5120017, 55.1624122], [88.51195919999999, 55.1612909], [88.511845, 55.1609971], [88.5100636, 55.16025159999999], [88.5092367, 55.1602028], [88.508197, 55.1599794], [88.5080783, 55.15956760000001], [88.50826439999999, 55.1590339], [88.50875309999999, 55.158319299999995], [88.50976369999998, 55.15777539999999], [88.5126364, 55.15738549999999], [88.51603339999998, 55.1572252], [88.519148, 55.15777679999999], [88.5201271, 55.15640659999999], [88.52079909999999, 55.15509920000001], [88.5205571, 55.1541575], [88.51905579999999, 55.152640999999996], [88.5184151, 55.1520585], [88.5181551, 55.1506447], [88.5181215, 55.14975939999999], [88.51815059999998, 55.14781049999999], [88.5172657, 55.1462273], [88.51763979999998, 55.145218899999996], [88.5181371, 55.1447403], [88.51829829999998, 55.1435574], [88.51910910000001, 55.14319299999999], [88.5208779, 55.143451], [88.52220589999999, 55.1433145], [88.523939, 55.1428141], [88.52557119999999, 55.1423447], [88.5266015, 55.1423318], [88.52838469999999, 55.14313609999999], [88.52941729999999, 55.1431822], [88.5311553, 55.1428061], [88.53278119999999, 55.1421952], [88.53396559999999, 55.1408222], [88.5345769, 55.1406374], [88.5377827, 55.1404392], [88.53989019999999, 55.13976999999999], [88.54148, 55.1386711], [88.54277399999998, 55.1377271], [88.54458569999998, 55.1362759], [88.54547299999999, 55.1350924], [88.54472119999998, 55.13385949999999], [88.54405569999999, 55.1321051], [88.5435478, 55.1317302], [88.5428398, 55.13146940000001], [88.54275710000002, 55.131133399999996], [88.54357789999999, 55.13053769999999], [88.5445135, 55.129466699999995], [88.5463604, 55.1284906], [88.54822129999998, 55.12780709999999], [88.5492499, 55.127406300000004], [88.549456, 55.127298], [88.5495928, 55.127192199999996], [88.5496706, 55.1271002], [88.5497457, 55.12695449999999], [88.5497913, 55.1267659], [88.54974959999998, 55.126531299999996], [88.54975909999999, 55.1264009], [88.54983589999999, 55.12628289999999], [88.55000849999999, 55.1261693], [88.55023379999999, 55.126065], [88.55038939999999, 55.12594850000001], [88.55044949999998, 55.1258491], [88.5504484, 55.12574450000001], [88.55036969999999, 55.12561610000001], [88.55018559999999, 55.1255528], [88.54990930000001, 55.125454600000005], [88.54956059999999, 55.125379499999994], [88.5493223, 55.1253008], [88.5491073, 55.1251924], [88.54895979999999, 55.1250145], [88.5488934, 55.12484949999999], [88.54888740000001, 55.1246418], [88.54897319999999, 55.12446239999999], [88.5491073, 55.124299799999996], [88.5493058, 55.1241499], [88.5503041, 55.1236284], [88.55252249999998, 55.122627699999995], [88.5546176, 55.1220569], [88.5568633, 55.1213386], [88.557862, 55.1210114], [88.55840379999998, 55.120756799999995], [88.5589285, 55.12046480000001], [88.5597128, 55.120011399999996], [88.56009899999998, 55.11972920000001], [88.5602546, 55.11953899999999], [88.5604531, 55.1191371], [88.5605372, 55.11880299999999], [88.56055499999998, 55.118514299999994], [88.56050129999998, 55.118347099999994], [88.5605348, 55.118163100000004], [88.5604477, 55.117963599999996], [88.56046649999999, 55.11777189999999], [88.56039139999999, 55.117652299999996], [88.5602465, 55.1175449], [88.56002929999998, 55.1174759], [88.559643, 55.11742979999999], [88.5595089, 55.117363899999994], [88.55943379999998, 55.1172764], [88.55934549999999, 55.11716569999999], [88.55906099999999, 55.117006499999995], [88.558892, 55.1168531], [88.55881689999998, 55.11676719999999], [88.55878470000002, 55.116672099999995], [88.5587862, 55.11658140000001], [88.5589269, 55.11630850000001], [88.55900759999999, 55.1159319], [88.5591012, 55.1156535], [88.5594433, 55.11498809999999], [88.5596269, 55.1145751], [88.5596967, 55.114194600000005], [88.55966449999998, 55.113808000000006], [88.5595295, 55.1133154], [88.5594982, 55.1129827], [88.5596402, 55.1116816], [88.55975569999998, 55.11146999999998], [88.55993, 55.1113074], [88.5602385, 55.111129399999996], [88.5606414, 55.1075072], [88.561079, 55.1065853], [88.56176959999999, 55.10580879999999], [88.5619571, 55.10533399999999], [88.56189949999998, 55.1038586], [88.5618673, 55.10303239999998], [88.5618351, 55.102206100000004], [88.56102479999998, 55.0999137], [88.56077069999999, 55.098677], [88.56074079999999, 55.0979097], [88.56091439999999, 55.097080899999995], [88.5611909, 55.09625069999999], [88.56115179999999, 55.0952474], [88.56101669999998, 55.09442249999999], [88.56036009999998, 55.09342710000001], [88.5603234, 55.0924828], [88.56024519999998, 55.0904762], [88.55947209999998, 55.089128099999996], [88.55862129999998, 55.0884304], [88.557151, 55.087681599999996], [88.5553058, 55.08788229999999], [88.5544415, 55.0868305], [88.5544802, 55.0851767], [88.55463559999998, 55.08387569999999], [88.5544824, 55.08257859999999], [88.5543337, 55.0813996], [88.5541942, 55.0804566], [88.5539518, 55.079515], [88.55349909999998, 55.07845789999999], [88.55262129999998, 55.077051999999995], [88.5524819, 55.076109], [88.5524613, 55.075577900000006], [88.5526053, 55.073981800000006], [88.55266929999999, 55.07297719999999], [88.552891, 55.07073059999999], [88.5527561, 55.0699056], [88.5526921, 55.06825309999999], [88.55247039999999, 55.0678426], [88.55169569999998, 55.0664354], [88.5521779, 55.0656026], [88.5513369, 55.0651409], [88.5503772, 55.0642675], [88.5513873, 55.063782199999984], [88.5513598, 55.06307400000001], [88.55098739999998, 55.0614254], [88.5499845, 55.0594306], [88.5496235, 55.0580771], [88.54944779999998, 55.05618989999999], [88.5494981, 55.0548312], [88.54964669999998, 55.053353099999995], [88.55018599999998, 55.0513386], [88.5482673, 55.04959169999999], [88.5463647, 55.048257799999995], [88.54468360000001, 55.0473344], [88.54082379999998, 55.045907099999994], [88.5393123, 55.0440368], [88.5378789, 55.0415159], [88.5378495, 55.0407486], [88.53829779999998, 55.039030600000004], [88.5385472, 55.03749220000001], [88.5393082, 55.0358883], [88.54117679999999, 55.033680000000004], [88.54283289999998, 55.031297099999996], [88.54641819999999, 55.0282992], [88.55006, 55.02411959999999], [88.55201429999998, 55.0214966], [88.5549064, 55.0192159], [88.5565633, 55.016891799999996], [88.5562916, 55.0151829], [88.5560153, 55.01335600000001], [88.55533279999999, 55.01165240000001], [88.5539407, 55.01019399999999], [88.55140089999999, 55.008277799999995], [88.54938599999998, 55.0066502], [88.54828869999999, 55.00483369999999], [88.54833909999999, 55.003475], [88.54905069999998, 55.002862199999996], [88.550427, 55.001677], [88.55658290000001, 55.00060489999999], [88.55893039999998, 54.999802], [88.56128939999999, 54.999296199999996], [88.5632232, 54.9984985], [88.5659106, 54.9984639], [88.5684098, 54.99890729999999], [88.56968269999999, 54.99972319999999], [88.5707581, 55.0007794], [88.5717256, 55.001718100000005], [88.5742957, 55.0022289], [88.5762136, 55.001758800000005], [88.57661500000002, 55.00151739999999], [88.5798796, 55.0009437], [88.5839933, 55.001067299999995], [88.5882167, 55.00136650000001], [88.59265020000001, 55.00178090000001], [88.595945, 55.00197389999999], [88.5995408, 55.001985700000006], [88.600649, 55.0014397], [88.60177999999999, 55.000680200000005], [88.60177019999999, 55.0004344], [88.6021576, 54.999775299999996], [88.6034435, 54.9957158], [88.60456749999999, 54.992787899999996], [88.6037398, 54.9901831], [88.60342649999998, 54.987512], [88.6019373, 54.9864615], [88.60072259999998, 54.9845157], [88.60063739999998, 54.98237660000001], [88.60105229999999, 54.97981480000001], [88.6023196, 54.9778957], [88.6050307, 54.9758981], [88.60719860000002, 54.97393120000001], [88.6091863, 54.9712655], [88.6088218, 54.969902999999995], [88.6078044, 54.9677168], [88.6064962, 54.96601009999999], [88.60612939999999, 54.96458810000001], [88.6062909, 54.9634565], [88.6081818, 54.961648], [88.6122577, 54.9602266], [88.61575179999998, 54.95976410000001], [88.61863589999999, 54.9595474], [88.6208861, 54.9589823], [88.6241615, 54.958225199999994], [88.6259985, 54.957665600000006], [88.62838539999998, 54.9579309], [88.6300952, 54.9593348], [88.6308758, 54.96075110000001], [88.6319758, 54.96240100000001], [88.63326079999999, 54.96351320000001], [88.63526399999999, 54.96449700000001], [88.6377497, 54.9646419], [88.6414675, 54.9645917], [88.6442558, 54.964554], [88.64674399999998, 54.964758200000006], [88.65122119999998, 54.9655892], [88.6538103, 54.9657323], [88.6566824, 54.9652176], [88.6593087, 54.963755], [88.66183149999999, 54.9622937], [88.66303679999999, 54.9608502], [88.66390909999998, 54.9600656], [88.66570629999998, 54.9585548], [88.6679015, 54.9566817], [88.66968609999999, 54.95487369999999], [88.6727755, 54.952155899999994], [88.67394029999998, 54.95035639999999], [88.6736819, 54.94911140000001], [88.6717646, 54.947711], [88.6686358, 54.9469812], [88.666129, 54.9463021], [88.6654801, 54.9455976], [88.66542359999998, 54.944231], [88.66733799999999, 54.943075199999996], [88.66986169999998, 54.9416732], [88.67177579999999, 54.9405173], [88.67408539999998, 54.9389398], [88.6762644, 54.9367101], [88.6770769, 54.9339047], [88.67726769999999, 54.9310484], [88.6768006, 54.9297469], [88.6756236, 54.928752499999995], [88.672754, 54.926770699999985], [88.66928040000002, 54.92515389999999], [88.6661632, 54.92466159999999], [88.66263349999998, 54.9241749], [88.6610248, 54.92271060000001], [88.659996, 54.920287200000004], [88.65961799999998, 54.9186277], [88.66003339999999, 54.91618459999999], [88.6598667, 54.9146411], [88.6581969, 54.914188300000006], [88.65599429999999, 54.91332659999999], [88.65427099999998, 54.9115666], [88.65292859999998, 54.90902839999999], [88.6532632, 54.9071215], [88.6547418, 54.905436699999996], [88.65459719999998, 54.904427999999996], [88.65320069999999, 54.903079600000005], [88.6514828, 54.9014384], [88.64840520000001, 54.89934], [88.6465554, 54.896987], [88.64752089999999, 54.8953687], [88.64945049999999, 54.89462909999999], [88.6531423, 54.89410329999999], [88.65578850000001, 54.893235000000004], [88.65747509999998, 54.8916068], [88.65815029999999, 54.89046799999999], [88.65975800000001, 54.8894354], [88.6624921, 54.888209], [88.66583469999999, 54.88673630000001], [88.6678544, 54.88569789999999], [88.6680973, 54.88408940000001], [88.6699106, 54.8830538], [88.671643, 54.88255439999999], [88.6750168, 54.8818539], [88.6773032, 54.87980100000001], [88.6819668, 54.8778935], [88.6847876, 54.8763087], [88.6878342, 54.8751962], [88.6877932, 54.876683099999994], [88.68694529999999, 54.878597299999996], [88.6866957, 54.8800276], [88.6872681, 54.8813871], [88.6889667, 54.8825525], [88.69325189999999, 54.8839196], [88.69750239999999, 54.884454799999986], [88.7017054, 54.8838609], [88.7046262, 54.8846523], [88.7077709, 54.8858566], [88.71124009999998, 54.887412999999995], [88.71479749999999, 54.888611299999994], [88.7187446, 54.889268900000005], [88.7248041, 54.8910854], [88.727829, 54.89187479999999], [88.7320006, 54.89294490000001], [88.73479659999998, 54.89320229999999], [88.73683009999999, 54.892519199999995], [88.74035850000001, 54.890625699999994], [88.7436882, 54.88891329999999], [88.7462189, 54.88542869999999], [88.74675499999998, 54.883518599999995], [88.74698439999999, 54.8816722], [88.74719839999999, 54.8794694], [88.74693599999999, 54.8757872], [88.7455583, 54.8725371], [88.7434258, 54.8709031], [88.7389606, 54.8677567], [88.7389818, 54.8658539], [88.73891269999999, 54.8642497], [88.73978599999998, 54.862988699999995], [88.741491, 54.8618941], [88.74246469999999, 54.8605722], [88.7426143, 54.8592621], [88.7434874, 54.858001099999996], [88.745604, 54.85690050000001], [88.74896919999999, 54.8560792], [88.7528364, 54.85495329999999], [88.7553722, 54.8540249], [88.757877, 54.8523834], [88.7595785, 54.8512292], [88.75993089999999, 54.84985660000001], [88.758422, 54.8483327], [88.75556190000002, 54.84653109999999], [88.75175999999999, 54.8443863], [88.7493946, 54.8421018], [88.7478685, 54.840161800000004], [88.7479819, 54.8380199], [88.7480851, 54.8356403], [88.7479849, 54.83332310000001], [88.7500384, 54.83079649999999], [88.7529665, 54.829446299999994], [88.754451, 54.8280574], [88.7550402, 54.8273949], [88.7543686, 54.826156100000006], [88.75318759999999, 54.8250436], [88.75094429999999, 54.82317350000001], [88.7504812, 54.8219911], [88.75072049999999, 54.82038250000001], [88.75145359999999, 54.81829100000001], [88.7518729, 54.8160852], [88.75182399999998, 54.8149563], [88.7517623, 54.81353039999999], [88.75213269999999, 54.8125738], [88.753416, 54.81130670000001], [88.75416689999999, 54.8096312], [88.75450620000001, 54.807961599999985], [88.75341840000002, 54.8066099], [88.75341059999998, 54.8040535], [88.75356999999998, 54.80298109999999], [88.75473979999998, 54.8014779], [88.75530649999999, 54.8001758], [88.75516369999998, 54.797012699999996], [88.7543742, 54.7930408], [88.7541633, 54.79054679999999], [88.7534916, 54.78968760000001], [88.7530464, 54.7888741], [88.75163399999998, 54.786778399999996], [88.7501074, 54.78477899999999], [88.7487697, 54.78312079999999], [88.7479103, 54.781540799999995], [88.746132, 54.780853], [88.7441507, 54.7802275], [88.74185089999999, 54.7793688], [88.74026559999999, 54.7783808], [88.7387577, 54.776797200000004], [88.73741469999999, 54.774260000000005], [88.73488289999999, 54.77037239999999], [88.7324532, 54.7688613], [88.72694319999998, 54.767453599999996], [88.72206029999998, 54.7662745], [88.71843599999998, 54.765672], [88.716273, 54.7655837], [88.7123682, 54.76563889999999], [88.7091801, 54.7656244], [88.7050747, 54.7658011], [88.7020946, 54.765843], [88.69921479999998, 54.765823899999994], [88.6954608, 54.764568499999996], [88.6947142, 54.76400869999999], [88.69429319999999, 54.763693], [88.6921959, 54.76271160000001], [88.69044419999999, 54.762617199999994], [88.6899576, 54.7632779], [88.6884806, 54.76484429999999], [88.68706179999998, 54.765339600000004], [88.6840941, 54.7656782], [88.6803922, 54.765670099999994], [88.67443939999998, 54.76593080000001], [88.6713761, 54.76644859999999], [88.6679066, 54.7670909], [88.66586839999998, 54.767535099999996], [88.6630961, 54.76763259999999], [88.6597978, 54.76744], [88.6576963, 54.76633919999999], [88.6546846, 54.76560740000001], [88.65273449999998, 54.7656935], [88.64944849999999, 54.7657977], [88.6467694, 54.7656557], [88.64582530000001, 54.7651929], [88.6445222, 54.7634865], [88.64301139999999, 54.761723399999994], [88.6406048, 54.7606859], [88.63893189999999, 54.7599951], [88.63774649999999, 54.75864370000001], [88.6358108, 54.756529500000006], [88.6359827, 54.75569490000001], [88.6362238, 54.754026999999994], [88.6367827, 54.7525926], [88.63755169999999, 54.75127419999999], [88.6390638, 54.7505404], [88.6399355, 54.74922060000001], [88.639873, 54.7476757], [88.6388478, 54.7451926], [88.6424756, 54.7434194], [88.6446485, 54.7412496], [88.64580379999998, 54.739331500000006], [88.6448097, 54.7376209], [88.6424927, 54.73622540000001], [88.6407824, 54.7345839], [88.64133849999999, 54.7330901], [88.64406749999999, 54.73198300000001], [88.6460512, 54.73023189999999], [88.64829209999999, 54.72722879999999], [88.64864719999998, 54.72585660000001], [88.64448299999998, 54.7244863], [88.64112819999998, 54.7228077], [88.64052609999999, 54.7206161], [88.6396258, 54.718666299999995], [88.63904539999999, 54.7170095], [88.63722629999998, 54.7151911], [88.6335288, 54.7126251], [88.63160509999999, 54.7107485], [88.62811129999999, 54.70812010000001], [88.6268133, 54.70647290000001], [88.6271595, 54.704862999999996], [88.6266753, 54.7030265], [88.6257689, 54.70089839999999], [88.6237435, 54.6990231], [88.620754, 54.6987064], [88.6173305, 54.6978009], [88.61513360000001, 54.6967601], [88.61114560000001, 54.694554], [88.6078906, 54.6921651], [88.60660060000001, 54.691225499999994], [88.6041784, 54.689449], [88.60163199999998, 54.687545799999995], [88.5983636, 54.685329800000005], [88.5954009, 54.6830502], [88.59406539999999, 54.680392399999995], [88.5937811, 54.6783748], [88.5642275, 54.6731272], [88.5339257, 54.6573233], [88.51092879999999, 54.65638419999999], [88.47374939999999, 54.645583699999996], [88.46998199999999, 54.6385785], [88.46033569999999, 54.63446720000001], [88.4354579, 54.6146636], [88.41050139999999, 54.62148740000001], [88.3910178, 54.62566150000001], [88.38611869999998, 54.63076709999999], [88.39080389999998, 54.63963439999999], [88.41001299999999, 54.6607662], [88.42758169999999, 54.666981500000006], [88.4284258, 54.668296], [88.40364439999999, 54.6734834], [88.3958243, 54.675717], [88.3872734, 54.6836583], [88.3852672, 54.6978448], [88.38844289999999, 54.7031517], [88.39856329999999, 54.709955], [88.4204246, 54.7158228], [88.4216524, 54.728823299999995], [88.44252539999998, 54.7420559], [88.44012939999999, 54.7699778], [88.41487849999999, 54.780890299999996], [88.3835899, 54.790695599999985], [88.34389029999998, 54.793998999999985], [88.339862, 54.82216390000001], [88.2999725, 54.8314567], [88.24356070000002, 54.832484699999995], [88.1818522, 54.8296316], [88.1651973, 54.8209645], [88.1416733, 54.80514910000001], [88.12708849999999, 54.8026639], [88.0719021, 54.80021609999999], [88.0700997, 54.8081442], [88.0731131, 54.81426809999999], [88.0746758, 54.82533269999999], [88.077135, 54.83144649999999], [88.0812978, 54.8357226], [88.08155529999999, 54.8378728], [88.08157059999999, 54.840282399999985], [88.0795728, 54.85368969999999], [88.087233, 54.8670296], [88.1009819, 54.87889609999999], [88.09607159999999, 54.900473], [88.08860789999999, 54.90521609999999], [88.09934619999999, 54.9172108], [88.1235143, 54.92580890000001], [88.1169927, 54.93065839999999], [88.1185272, 54.93572759999999], [88.1384755, 54.93572759999999], [88.1311867, 54.94255909999999], [88.148617, 54.9537333], [88.1464308, 54.9569463], [88.13745669999999, 54.9648484], [88.12773029999998, 54.96592149999999], [88.1131442, 54.96391440000001], [87.9836339, 54.9848752], [87.9799093, 54.9857025], [87.9455787, 54.993326800000006], [87.87633329999998, 55.05381210000001], [87.8554307, 55.06306180000001], [87.8395217, 55.071672199999995], [87.77716859999998, 55.124804999999995], [87.75302740000001, 55.131812499999995], [87.6267502, 55.1394555], [87.58849569999998, 55.13372340000001]]]]}}, {"type": "Feature", "properties": {"id": "mo-32531000", "name": "Топкинский муниципальный округ", "region": "Кемеровская область", "isCity": false, "sourceOktmo": "32-531-000-000", "sourceAgg": "Кемерово", "excelNames": ["Топкинский муниципальный округ"], "oktmo": "32531000", "vgp": [{"year": 2019, "value": 13386875.534319982}, {"year": 2020, "value": 12628853.150542937}, {"year": 2021, "value": 11362953.748181123}, {"year": 2022, "value": 23432087.31958178}, {"year": 2023, "value": 20955358.99592904}, {"year": 2024, "value": 19786369.103156514}], "population": [{"year": 2019, "value": 43010.0}, {"year": 2020, "value": 42891.0}, {"year": 2021, "value": 42615.0}, {"year": 2022, "value": 42200.0}, {"year": 2023, "value": 40738.0}, {"year": 2024, "value": 40525.0}, {"year": 2025, "value": 40199.0}], "shipments": [{"year": 2019, "value": 12209643.1}, {"year": 2020, "value": 12102000.4}, {"year": 2021, "value": 13925087.9}, {"year": 2022, "value": 16001313.2}, {"year": 2023, "value": 18352371.0}, {"year": 2024, "value": 20021564.4}], "employees": [{"year": 2019, "value": 8023.0}, {"year": 2020, "value": 7821.0}, {"year": 2021, "value": 7423.0}, {"year": 2022, "value": 7315.0}, {"year": 2023, "value": 7112.0}, {"year": 2024, "value": 7018.0}], "investments": [{"year": 2019, "value": 501504.0}, {"year": 2020, "value": 520042.0}, {"year": 2021, "value": 754156.0}, {"year": 2022, "value": 836386.0}, {"year": 2023, "value": 1330667.0}, {"year": 2024, "value": 1556104.0}], "vgp2024": 19786369.103156514, "pop2024": 40525.0, "ship2024": 20021564.4, "emp2024": 7018.0, "inv2024": 1556104.0}, "geometry": {"type": "MultiPolygon", "coordinates": [[[[85.0274967, 55.12706579999999], [85.0277693, 55.127186099999996], [85.0282091, 55.12721680000001], [85.0286812, 55.12708179999999], [85.02908889999999, 55.1266156], [85.0297498, 55.12601069999999], [85.03187409999998, 55.1246488], [85.03275379999998, 55.12322559999999], [85.0334448, 55.1225054], [85.03451769999998, 55.12203910000001], [85.0355863, 55.121937200000005], [85.03619139999999, 55.12199], [85.0367021, 55.12247709999999], [85.03702389999998, 55.1234709], [85.036642, 55.1241986], [85.0366635, 55.124848899999996], [85.03730289999999, 55.1253973], [85.0401948, 55.12688659999999], [85.0401611, 55.1275358], [85.0392985, 55.1277774], [85.0382513, 55.1277934], [85.03657330000001, 55.1278264], [85.0358867, 55.1280228], [85.0355262, 55.1285418], [85.0358652, 55.128857], [85.036406, 55.128971099999994], [85.0378007, 55.12879939999999], [85.03960319999999, 55.12894659999999], [85.04129579999999, 55.12953420000001], [85.04223809999999, 55.13008380000001], [85.04209749999998, 55.131360199999996], [85.04267009999998, 55.132277800000004], [85.0443721, 55.1332248], [85.04467859999998, 55.1339201], [85.04443639999998, 55.134243000000005], [85.0438785, 55.13447599999999], [85.0421738, 55.1346839], [85.03762469999998, 55.13659729999999], [85.036466, 55.137958899999994], [85.0357675, 55.13900199999999], [85.0358534, 55.13963979999999], [85.03638019999998, 55.140105299999995], [85.03748409999999, 55.14027759999999], [85.03886929999999, 55.140190999999994], [85.0405215, 55.1398967], [85.041294, 55.140093], [85.04298309999999, 55.1412913], [85.0445159, 55.1420791], [85.04544559999998, 55.142830200000006], [85.0454446, 55.144234000000004], [85.0472796, 55.1451892], [85.04845879999999, 55.14619960000001], [85.048213, 55.146991799999995], [85.0471521, 55.14836880000001], [85.0471938, 55.14889859999999], [85.0477195, 55.149284800000004], [85.0491808, 55.1497667], [85.0501402, 55.15020470000001], [85.0515116, 55.151327999999985], [85.05293789999999, 55.1516197], [85.0540066, 55.15212329999999], [85.054233, 55.1525089], [85.0539529, 55.1527425], [85.05327699999998, 55.1527732], [85.0525474, 55.152577], [85.0519156, 55.15265600000001], [85.05098100000001, 55.15303060000001], [85.0505761, 55.153574500000005], [85.05100519999999, 55.1539586], [85.051657, 55.1540421], [85.0527595, 55.15393019999999], [85.0535817, 55.1535607], [85.05412459999998, 55.1536008], [85.05442499999998, 55.1538735], [85.0543891, 55.154182500000005], [85.0849218, 55.1584471], [85.0838408, 55.1675001], [85.0851762, 55.172505], [85.0699765, 55.17053030000001], [85.06774360000001, 55.170298100000004], [85.0692753, 55.1930364], [85.06888749999999, 55.19309049999999], [85.0685039, 55.19322669999999], [85.06828399999999, 55.19325589999999], [85.0676564, 55.1932206], [85.06746049999998, 55.19309049999999], [85.06743909999999, 55.1926955], [85.06729419999999, 55.1925271], [85.0669831, 55.19263419999999], [85.06668809999998, 55.1928455], [85.0664735, 55.19283630000001], [85.0657976, 55.1924444], [85.0659907, 55.1922331], [85.0664306, 55.1921259], [85.0664574, 55.191997300000004], [85.06610869999999, 55.191920800000005], [85.0656688, 55.191978899999995], [85.06505729999999, 55.19196670000001], [85.0636411, 55.19201259999999], [85.0633782, 55.192138199999995], [85.0632173, 55.19244749999999], [85.0632441, 55.1927996], [85.0631261, 55.1929098], [85.06282570000002, 55.19302309999999], [85.0624072, 55.1930293], [85.06203169999999, 55.1931824], [85.0616455, 55.193145599999994], [85.06138799999998, 55.19301699999999], [85.0611627, 55.1928272], [85.0612378, 55.19257299999999], [85.0610715, 55.1923831], [85.0609267, 55.192340300000005], [85.06053510000001, 55.19234329999999], [85.0603312, 55.192276], [85.06039019999999, 55.1921504], [85.06066919999999, 55.192046299999994], [85.06082469999998, 55.191838100000005], [85.06028289999999, 55.1915043], [85.05986449999999, 55.1914124], [85.0595158, 55.1913971], [85.05946749999998, 55.19130529999999], [85.0596714, 55.19107249999999], [85.05964989999998, 55.19081529999999], [85.0593978, 55.1906438], [85.05911349999998, 55.190701999999995], [85.0588828, 55.19088570000001], [85.0584108, 55.1911123], [85.0581533, 55.1911185], [85.0576973, 55.190928599999985], [85.0570911, 55.19052129999999], [85.0566512, 55.1906928], [85.05609869999999, 55.1908643], [85.0558627, 55.190818400000005], [85.0548005, 55.190221199999996], [85.05413529999998, 55.190000700000006], [85.0538242, 55.18999149999999], [85.0537705, 55.1901784], [85.05412459999998, 55.1903437], [85.05422649999998, 55.1904478], [85.054146, 55.19059480000001], [85.0536579, 55.19068059999999], [85.0526762, 55.190554999999996], [85.0518715, 55.19051210000001], [85.05109909999999, 55.19000380000001], [85.0505446, 55.189910999999995], [85.0487355, 55.190703799999994], [85.0479984, 55.190818400000005], [85.0469911, 55.19072249999999], [85.0457561, 55.1904448], [85.0439965, 55.1897393], [85.042787, 55.1898853], [85.0405674, 55.190041599999994], [85.0389857, 55.18873829999999], [85.03739119999999, 55.18823129999999], [85.03662519999999, 55.1874082], [85.0371776, 55.1870632], [85.0386005, 55.186853], [85.0397459, 55.186909799999995], [85.0407003, 55.1863854], [85.0402247, 55.185887400000006], [85.03727219999999, 55.185463199999994], [85.03160560000002, 55.18548320000001], [85.03039179999999, 55.1853083], [85.02899049999999, 55.18488829999999], [85.0270146, 55.182766], [85.0255378, 55.18139589999999], [85.0240226, 55.1799195], [85.0222518, 55.17878129999999], [85.0202618, 55.17765099999999], [85.0189885, 55.1768678], [85.0155447, 55.176735], [85.0096225, 55.177678500000006], [85.0036358, 55.1791488], [85.00014889999999, 55.17973080000001], [84.9972967, 55.17999489999999], [84.9884742, 55.17652189999999], [84.9665665, 55.1704439], [84.94729239999998, 55.16322679999998], [84.92743590000002, 55.163673599999996], [84.92701199999999, 55.1637281], [84.92700889999999, 55.1636832], [84.9189749, 55.1638898], [84.91796479999998, 55.1793578], [84.91706629999999, 55.18351590000001], [84.9016768, 55.18346929999999], [84.8407377, 55.21542749999999], [84.82410329999999, 55.223313], [84.81539249999999, 55.22767809999999], [84.83010079999998, 55.2433945], [84.83465629999999, 55.2450877], [84.8389085, 55.24658529999999], [84.8579445, 55.253512099999995], [84.85950089999999, 55.25411150000001], [84.8588544, 55.25419019999998], [84.8580766, 55.254174899999995], [84.8573685, 55.2540924], [84.8562044, 55.2540679], [84.8555661, 55.25418100000001], [84.8552924, 55.25432779999999], [84.8545897, 55.25479250000001], [84.85424640000001, 55.2554284], [84.8542035, 55.255786099999995], [84.8544395, 55.25626], [84.8549813, 55.2567491], [84.85554459999999, 55.25711909999999], [84.8561749, 55.257622], [84.8562741, 55.2577641], [84.85638409999999, 55.25805299999999], [84.85638409999999, 55.2582517], [84.8563251, 55.2584474], [84.85618829999999, 55.2585406], [84.85587979999998, 55.25860479999999], [84.85532469999998, 55.2586415], [84.85491719999999, 55.25856339999999], [84.8550513, 55.2588691], [84.85509399999998, 55.258993], [84.8547828, 55.25924679999999], [84.8546165, 55.25944849999999], [84.8545897, 55.2596197], [84.8549545, 55.260081299999996], [84.8555499, 55.260387], [84.8564565, 55.260723299999995], [84.86031889999998, 55.2619093], [84.8647947, 55.262628899999996], [84.8728624, 55.263254299999986], [84.8793597, 55.26541999999999], [84.8800816, 55.2663224], [84.88721049999998, 55.26803700000001], [84.8892861, 55.267676099999996], [84.89136159999998, 55.2683077], [84.89433950000002, 55.268127299999996], [84.8965052, 55.2697742], [84.8984905, 55.269503500000006], [84.90489759999998, 55.27184969999998], [84.90616089999999, 55.27347399999999], [84.908056, 55.273383700000004], [84.9110878, 55.275032999999986], [84.91190309999999, 55.27480080000001], [84.9127293, 55.2751613], [84.9125469, 55.2761453], [84.9136646, 55.2764267], [84.9150436, 55.27723650000001], [84.91576099999999, 55.277748], [84.9157977, 55.278357499999984], [84.91480919999998, 55.2785492], [84.9134053, 55.27896069999999], [84.91175299999999, 55.2824456], [84.9119191, 55.283216999999986], [84.9123538, 55.2845476], [84.9114261, 55.285981599999985], [84.9105989, 55.2875767], [84.9103117, 55.2885665], [84.91130429999998, 55.2898298], [84.9087381, 55.294695100000006], [84.9090171, 55.295477000000005], [84.91058499999998, 55.2962373], [84.9118456, 55.2977032], [84.91300429999998, 55.2992393], [84.9136888, 55.3008364], [84.91334489999998, 55.30229719999999], [84.9141703, 55.3034168], [84.91436009999998, 55.304418699999985], [84.9139953, 55.30555460000001], [84.91477939999999, 55.306259], [84.9156053, 55.3078826], [84.91536859999998, 55.3088277], [84.9145532, 55.3094261], [84.9133234, 55.31027649999999], [84.9123859, 55.31094050000001], [84.9117208, 55.31131899999999], [84.9110985, 55.311404499999995], [84.91032599999998, 55.3110992], [84.9099398, 55.3110992], [84.9094462, 55.3112946], [84.9091421, 55.31192850000001], [84.90895269999999, 55.3124059], [84.9092531, 55.314041299999985], [84.9115062, 55.3163012], [84.91628680000001, 55.3199973], [84.91709119999999, 55.3216561], [84.9168508, 55.324694], [84.91637709999999, 55.32501849999999], [84.9122938, 55.326439799999996], [84.91163479999999, 55.32673129999999], [84.9103755, 55.32728840000001], [84.9097681, 55.3277284], [84.9090814, 55.3278871], [84.9088454, 55.3282228], [84.9081158, 55.3303528], [84.90667819999999, 55.33150020000001], [84.9065512, 55.3319298], [84.906764, 55.332354599999995], [84.9074077, 55.333331], [84.90750470000002, 55.33412319999999], [84.90708219999999, 55.3352352], [84.90560499999998, 55.3373073], [84.90307329999999, 55.34050700000001], [84.9021945, 55.340722], [84.9005413, 55.3423374], [84.89794980000002, 55.3444224], [84.8969578, 55.34543669999999], [84.89384649999998, 55.346205399999995], [84.89283799999998, 55.347657299999995], [84.8921728, 55.3480721], [84.89083509999999, 55.348668399999994], [84.8898018, 55.3494142], [84.88943109999998, 55.3504684], [84.889444, 55.3551871], [84.87800749999998, 55.3632755], [84.96345659999999, 55.390845399999996], [84.9408582, 55.4050816], [85.0012202, 55.42481620000001], [85.0248434, 55.4098265], [85.0371154, 55.41439720000001], [85.0392337, 55.41516250000001], [85.09759740000001, 55.453238600000006], [85.09762409999999, 55.453592699999994], [85.0995258, 55.4548413], [85.10049329999998, 55.45562040000001], [85.1011269, 55.45632429999999], [85.0925378, 55.46210919999999], [85.09155959999998, 55.46332919999999], [85.09014479999999, 55.46419], [85.0864604, 55.47014839999999], [85.10180789999998, 55.4758401], [85.0920206, 55.48615949999999], [85.09631739999999, 55.49413949999999], [85.0958344, 55.509554], [85.1011276, 55.5085012], [85.10390719999998, 55.50780610000001], [85.18190389999998, 55.4982015], [85.18438379999999, 55.5025148], [85.1819518, 55.51795849999999], [85.188553, 55.537819899999995], [85.1948067, 55.5347725], [85.2170423, 55.5360505], [85.2215589, 55.5406705], [85.23864149999999, 55.53903199999999], [85.23571609999999, 55.5369352], [85.2421772, 55.5264234], [85.24570529999998, 55.52612059999999], [85.248853, 55.5244097], [85.25574609999998, 55.52648639999999], [85.2630838, 55.52686400000001], [85.2695321, 55.5283742], [85.2697545, 55.529632699999986], [85.27442389999999, 55.5304508], [85.2749798, 55.531835], [85.2790934, 55.5317721], [85.2802052, 55.5344776], [85.28498579999999, 55.534981], [85.28520819999999, 55.5360505], [85.29110059999998, 55.53667959999999], [85.2911549, 55.5383138], [85.2934887, 55.5386682], [85.2981564, 55.5366711], [85.2995795, 55.5368322], [85.3033933, 55.53911909999999], [85.3033933, 55.540343], [85.3074918, 55.540794], [85.3129564, 55.53544699999999], [85.3158586, 55.535668999999984], [85.320754, 55.5368286], [85.335554, 55.533510699999994], [85.34036739999999, 55.533880899999986], [85.34500319999998, 55.535024699999994], [85.3484186, 55.5379882], [85.3521755, 55.5448485], [85.3587786, 55.545331499999996], [85.3591825, 55.546303200000004], [85.3614061, 55.546428999999996], [85.3621844, 55.5454226], [85.3647414, 55.5454226], [85.36362969999999, 55.54328399999999], [85.3656309, 55.5430324], [85.3664091, 55.541522699999994], [85.36852149999999, 55.5414598], [85.370745, 55.538817599999994], [85.37396919999999, 55.538817599999994], [85.3743027, 55.5394467], [85.378194, 55.5378111], [85.3798616, 55.5378111], [85.38019520000002, 55.5384402], [85.381974, 55.538062700000005], [85.3825299, 55.5368045], [85.3808622, 55.536427], [85.38008399999998, 55.5324632], [85.3825299, 55.53151939999999], [85.3889782, 55.5337845], [85.3945371, 55.53447659999999], [85.3967607, 55.53397330000001], [85.4049878, 55.534728300000005], [85.4066555, 55.537307799999994], [85.40476549999998, 55.538566], [85.40517119999998, 55.53917349999999], [85.4057085, 55.5393227], [85.4064381, 55.53919520000001], [85.4075449, 55.5394467], [85.408879, 55.5415856], [85.407939, 55.54195529999999], [85.4069745, 55.541908799999995], [85.4063201, 55.5423398], [85.4058147, 55.54287789999999], [85.4054287, 55.5439449], [85.4056871, 55.5449317], [85.40678139999999, 55.54561759999999], [85.4070175, 55.5461517], [85.40721059999998, 55.54636419999999], [85.40798309999998, 55.546698], [85.4084412, 55.547003299999986], [85.4082405, 55.547760200000006], [85.4086804, 55.54864030000001], [85.40874479999998, 55.5491015], [85.40812319999999, 55.5510511], [85.4088843, 55.55264579999999], [85.4088897, 55.553759199999995], [85.422275, 55.556189], [85.4197647, 55.562925599999986], [85.4282688, 55.56296759999999], [85.44189889999998, 55.55850349999999], [85.4711386, 55.5454226], [85.49637599999998, 55.5301981], [85.5265971, 55.5210331], [85.530263, 55.5285181], [85.53586359999998, 55.538915100000004], [85.5419117, 55.54877809999999], [85.5481376, 55.5619082], [85.5698396, 55.5767936], [85.5904742, 55.586094200000005], [85.59785639999998, 55.5883059], [85.6025703, 55.5854909], [85.6110198, 55.5831283], [85.6127097, 55.587401099999994], [85.61440519999998, 55.60318759999999], [85.61396049999999, 55.6148679], [85.61551699999998, 55.615872499999995], [85.61685109999999, 55.6182583], [85.61829639999999, 55.619074499999996], [85.61951939999999, 55.62139729999999], [85.6214094, 55.62196230000001], [85.6239665, 55.62547759999999], [85.6227577, 55.62786539999999], [85.6232274, 55.62800969999999], [85.6234395, 55.628928699999996], [85.62486249999999, 55.630710699999995], [85.62593049999998, 55.6313179], [85.6254525, 55.6325012], [85.627066, 55.63384799999999], [85.6279625, 55.636782799999985], [85.62998979999999, 55.6387678], [85.6313137, 55.64158539999999], [85.6312616, 55.64315839999999], [85.63190969999998, 55.643718799999995], [85.6327372, 55.64393669999999], [85.63309579999999, 55.64424799999999], [85.6327096, 55.64563339999999], [85.6329993, 55.6461548], [85.63732839999999, 55.6472391], [85.6494596, 55.63646289999999], [85.6548003, 55.6332367], [85.6592443, 55.63055200000001], [85.680702, 55.6236709], [85.69597979999999, 55.617952], [85.70484419999998, 55.612267], [85.7061078, 55.6114565], [85.70661489999999, 55.6111889], [85.7157369, 55.6063755], [85.71915409999998, 55.604572099999984], [85.723789, 55.603020599999994], [85.7322004, 55.601662899999994], [85.74061179999998, 55.5988504], [85.7573887, 55.5938302], [85.7657952, 55.5923366], [85.7720119, 55.5915392], [85.7754318, 55.591100600000004], [85.78226399999998, 55.58943439999999], [85.79069029999998, 55.5864], [85.79331179999998, 55.58507600000001], [85.796364, 55.58347349999999], [85.79860489999999, 55.5817579], [85.80275319999998, 55.57915729999999], [85.8141007, 55.5701614], [85.81768769999998, 55.567317299999985], [85.8267858, 55.559163099999985], [85.8271717, 55.5588721], [85.8350255, 55.552949299999995], [85.83327469999999, 55.550994700000004], [85.8320129, 55.5499028], [85.8312352, 55.5487865], [85.8302287, 55.5478746], [85.8284734, 55.547383], [85.8271836, 55.546709499999984], [85.8259469, 55.5464932], [85.82369159999999, 55.544711299999996], [85.8130708, 55.542010099999985], [85.80460099999999, 55.53995170000001], [85.79453619999998, 55.5380308], [85.7761462, 55.5213266], [85.7723252, 55.5076688], [85.77134389999999, 55.5014229], [85.7726681, 55.4993878], [85.7766662, 55.4948301], [85.7739373, 55.49393549999999], [85.7708677, 55.492638], [85.7599927, 55.4869701], [85.75660939999999, 55.48547159999999], [85.7513251, 55.4823424], [85.75057359999998, 55.482262799999994], [85.75009379999999, 55.4819437], [85.7503057, 55.48158359999999], [85.7503044, 55.4813025], [85.7497385, 55.4811995], [85.74967989999999, 55.4801283], [85.74599939999999, 55.4770527], [85.7428426, 55.475362399999995], [85.7414739, 55.474677], [85.7406813, 55.474211499999996], [85.7400082, 55.4732638], [85.7391822, 55.472097899999994], [85.73933239999998, 55.4715992], [85.7384553, 55.47110949999999], [85.73757289999999, 55.47020659999999], [85.7358777, 55.4690936], [85.73612449999999, 55.4688504], [85.73541099999998, 55.468163100000005], [85.7346332, 55.4678986], [85.73368909999999, 55.4673786], [85.73299169999999, 55.46776169999999], [85.732187, 55.4677252], [85.7316465, 55.467513100000005], [85.729186, 55.4669148], [85.7279596, 55.466749400000005], [85.727359, 55.46644799999999], [85.72644709999999, 55.4663264], [85.72434870000001, 55.465193], [85.7231748, 55.465237699999996], [85.72096469999998, 55.464757199999994], [85.7200197, 55.4642165], [85.7184863, 55.46393], [85.7177621, 55.4638828], [85.7171264, 55.46391320000001], [85.71684319999999, 55.4639553], [85.7166678, 55.4640166], [85.71631369999999, 55.464214299999995], [85.71602139999999, 55.464298], [85.7158199, 55.46429979999999], [85.71808279999999, 55.4621975], [85.7114594, 55.45921520000001], [85.6954401, 55.451494799999985], [85.6915663, 55.4486869], [85.68792309999999, 55.4486653], [85.68634359999999, 55.44813899999999], [85.6798571, 55.4458123], [85.6794209, 55.4456264], [85.6834497, 55.4391146], [85.6898209, 55.4262074], [85.6899429, 55.425857400000005], [85.7249228, 55.41376180000001], [85.73860389999999, 55.4083929], [85.76702250000001, 55.40454249999999], [85.77719829999998, 55.39469810000001], [85.794123, 55.37474830000001], [85.7946786, 55.374197699999996], [85.80167199999998, 55.368265599999994], [85.8029051, 55.3646338], [85.8033975, 55.3631322], [85.8034989, 55.3628229], [85.80375959999999, 55.362355699999995], [85.80455339999999, 55.362446899999995], [85.80529239999998, 55.3625013], [85.8061446, 55.36251789999999], [85.8069326, 55.362497199999986], [85.807587, 55.36245610000001], [85.808342, 55.3623843], [85.809025, 55.362289200000006], [85.81002140000001, 55.3621139], [85.81084529999998, 55.3619196], [85.8114651, 55.36173740000001], [85.8121353, 55.361492], [85.81278199999998, 55.361216], [85.814018, 55.360633], [85.8183821, 55.3585755], [85.8193135, 55.3581578], [85.81988829999999, 55.35793269999999], [85.8204532, 55.3577475], [85.82124139999999, 55.3575412], [85.8220169, 55.3573739], [85.82288829999999, 55.35722909999999], [85.8236023, 55.3571542], [85.8242975, 55.357104499999984], [85.8251109, 55.357087899999996], [85.8259088, 55.3571111], [85.82668729999999, 55.35716519999998], [85.82741619999999, 55.357248899999995], [85.8281382, 55.35736899999999], [85.82888330000002, 55.35753400000001], [85.8295802, 55.357724999999995], [85.8307695, 55.35810999999999], [85.8318303, 55.35846389999999], [85.8331177, 55.35880559999999], [85.83455699999999, 55.35903689999999], [85.8352908, 55.359102799999995], [85.83602999999998, 55.35914290000001], [85.8369395, 55.3591377], [85.8376971, 55.3591014], [85.83846149999998, 55.359023799999996], [85.83939249999999, 55.3588746], [85.8402076, 55.35870349999999], [85.8410269, 55.3584811], [85.8436233, 55.35760470000001], [85.8448254, 55.357237000000005], [85.846211, 55.35695050000001], [85.84702449999999, 55.3568174], [85.8488478, 55.3565905], [85.85142579999999, 55.35629839999999], [85.8522452, 55.35623979999999], [85.85278129999999, 55.3562175], [85.8533699, 55.3562041], [85.8545348, 55.35622709999999], [85.85501319999999, 55.3562576], [85.85543229999999, 55.35629509999999], [85.8560915, 55.35635669999999], [85.856666, 55.356434300000004], [85.8572711, 55.35653469999999], [85.85881089999998, 55.35687899999999], [85.8625808, 55.35790419999999], [85.8625318, 55.35777840000001], [85.8620334, 55.3564994], [85.86048169999998, 55.352752100000004], [85.85591799999999, 55.3499874], [85.85017219999999, 55.34653949999999], [85.8477398, 55.3451556], [85.8473264, 55.3448679], [85.8374784, 55.338824], [85.83720619999998, 55.33842709999999], [85.83704419999998, 55.33832499999999], [85.8367585, 55.338386699999994], [85.8342066, 55.336800899999986], [85.834695, 55.336504999999995], [85.8338726, 55.33595770000001], [85.8334124, 55.335996400000006], [85.83311609999998, 55.336151400000006], [85.83150299999998, 55.3351737], [85.8189849, 55.3275855], [85.8172978, 55.3264553], [85.78044309999999, 55.3042982], [85.75009809999999, 55.26682849999999], [85.74942059999998, 55.2658232], [85.7496026, 55.2658035], [85.7503805, 55.26562079999999], [85.75092629999999, 55.265511999999994], [85.75167729999998, 55.26541069999999], [85.75213460000002, 55.265331999999994], [85.7527467, 55.2652569], [85.7530914, 55.2651686], [85.75337919999998, 55.2651547], [85.7538806, 55.265184], [85.7541315, 55.26516920000001], [85.7544638, 55.26502510000001], [85.7546582, 55.2648535], [85.75472299999998, 55.264817], [85.754794, 55.2648086], [85.7551149, 55.2648476], [85.75538809999999, 55.26481239999999], [85.75558039999999, 55.264735400000006], [85.75582000000001, 55.26470539999999], [85.7563321, 55.2646932], [85.7571924, 55.264363], [85.7576613, 55.26406399999999], [85.75773949999999, 55.2636056], [85.757882, 55.2633655], [85.75833800000001, 55.26332899999999], [85.75857259999998, 55.26303409999999], [85.75915489999998, 55.26293729999998], [85.75969959999999, 55.26294540000001], [85.7603019, 55.262817199999986], [85.76139819999999, 55.2624588], [85.7621124, 55.26242739999999], [85.76235660000002, 55.26238419999999], [85.7625817, 55.262193], [85.76296149999999, 55.2623621], [85.7633181, 55.2626231], [85.76334159999999, 55.2626668], [85.7636701, 55.26277329999999], [85.76407099999999, 55.2629865], [85.76524139999998, 55.2637336], [85.76558859999999, 55.26386409999999], [85.7658043, 55.2639915], [85.765999, 55.2640353], [85.76660849999999, 55.264055799999994], [85.7669279, 55.2641402], [85.7677396, 55.2641326], [85.76792750000001, 55.2641881], [85.76825599999998, 55.2643929], [85.7684888, 55.2644483], [85.7694444, 55.2644853], [85.7728719, 55.261345199999994], [85.7695303, 55.257237299999986], [85.7653216, 55.25439409999999], [85.7813991, 55.2510104], [85.78196729999999, 55.25079780000001], [85.78720639999999, 55.2488373], [85.78802790000002, 55.248634], [85.7900049, 55.2481807], [85.79040349999998, 55.2482517], [85.79060149999998, 55.24800339999999], [85.7977616, 55.2454301], [85.7979094, 55.24488809999999], [85.79766399999998, 55.24430439999998], [85.79630439999998, 55.243103999999995], [85.7961221, 55.2426176], [85.79714159999999, 55.24154740000001], [85.79740319999999, 55.2403865], [85.79776779999999, 55.2397744], [85.7977171, 55.2389545], [85.7978095, 55.2385667], [85.79873629999999, 55.237156199999994], [85.7986692, 55.2366678], [85.7981176, 55.23604439999998], [85.79811209999998, 55.23583039999999], [85.7983451, 55.235472399999985], [85.79948949999999, 55.235224], [85.8044242, 55.2352789], [85.8053839, 55.235466599999995], [85.8057037, 55.23565119999999], [85.81020369999999, 55.2342972], [85.81204559999999, 55.23360419999999], [85.812371, 55.2317214], [85.8127984, 55.22779969999999], [85.81240139999998, 55.2268755], [85.8109025, 55.225425699999995], [85.8109029, 55.225255499999996], [85.8146092, 55.2254488], [85.8164037, 55.22580549999999], [85.8168762, 55.22571969999999], [85.8225911, 55.2204791], [85.8244083, 55.2184716], [85.8259517, 55.21608929999999], [85.82674039999999, 55.2154781], [85.82680519999998, 55.21460960000001], [85.8257676, 55.21348210000001], [85.8278753, 55.2083095], [85.8280037, 55.2069399], [85.82736799999999, 55.205560199999994], [85.82589409999999, 55.2045191], [85.82521249999999, 55.2034206], [85.82897539999999, 55.20230049999999], [85.8321798, 55.20040209999999], [85.8335839, 55.1997642], [85.832668, 55.1974941], [85.8326357, 55.1959596], [85.83328040000002, 55.19522059999999], [85.8357452, 55.1956823], [85.8378183, 55.19653269999999], [85.84104039999998, 55.1971144], [85.841943, 55.19756700000001], [85.8421683, 55.1979344], [85.84466809999999, 55.1988468], [85.8463955, 55.1996367], [85.84719229999999, 55.20015679999999], [85.8474469, 55.20006990000001], [85.848848, 55.19999969999999], [85.84971069999999, 55.20015409999999], [85.850046, 55.2002995], [85.85034099999999, 55.2003179], [85.8508292, 55.2002995], [85.8509689, 55.20026699999998], [85.8551262, 55.196863099999995], [85.85514829999998, 55.195501799999995], [85.8561841, 55.1946469], [85.85855459999999, 55.19368430000001], [85.86083689999998, 55.19320509999999], [85.86245809999998, 55.19330999999998], [85.8688939, 55.19515429999999], [85.8746646, 55.1968773], [85.87565649999999, 55.197260299999996], [85.881093, 55.1921694], [85.88655729999999, 55.1875399], [85.9033368, 55.1898057], [85.9056288, 55.1871125], [85.90962969999998, 55.1868994], [85.91343869999999, 55.1869897], [85.91835379999999, 55.18724759999999], [85.9210386, 55.187625800000006], [85.92209809999999, 55.1838971], [85.9223342, 55.18118340000001], [85.9232935, 55.1757863], [85.92863249999999, 55.17425550000001], [85.93102120000002, 55.1724897], [85.9310675, 55.17234259999999], [85.9317381, 55.17220609999999], [85.9325705, 55.17165990000001], [85.935842, 55.169513], [85.9370112, 55.1687457], [85.9409275, 55.1667438], [85.9420333, 55.165901899999994], [85.9425741, 55.16549010000001], [85.9430971, 55.1650215], [85.94352669999999, 55.1648636], [85.94467119999999, 55.1639928], [85.947606, 55.1628134], [85.9496219, 55.1618267], [85.95051349999999, 55.161783799999995], [85.9512879, 55.1616726], [85.95377500000001, 55.1608123], [85.95573139999999, 55.1605902], [85.95692399999999, 55.1601075], [85.95817389999999, 55.159375000000004], [85.95940079999998, 55.15897199999999], [85.9645951, 55.1592187], [85.9711924, 55.15999119999999], [85.9722018, 55.15993580000001], [85.9730387, 55.16000019999999], [85.97447629999999, 55.15978259999999], [85.9753078, 55.1595497], [85.97597879999998, 55.159265799999986], [85.9765148, 55.15885709999999], [85.97659529999999, 55.1574718], [85.97680989999999, 55.157005999999996], [85.97719289999999, 55.1567312], [85.97828509999998, 55.15646350000001], [85.97954569999999, 55.1562734], [85.9809619, 55.1561907], [85.9827958, 55.1564198], [85.9847707, 55.156921700000005], [85.985873, 55.15727570000001], [85.98609029999999, 55.1574442], [85.98621899999999, 55.157468699999995], [85.99022819999999, 55.1594417], [85.99066079999999, 55.1599573], [85.99108459999998, 55.1605886], [85.99158880000002, 55.160977800000005], [85.9924096, 55.16129649999999], [85.9941691, 55.161722499999996], [85.9943783, 55.1618481], [85.9944105, 55.162589700000005], [85.9945423, 55.16285359999999], [85.9951508, 55.1632332], [85.99592859999998, 55.1636102], [85.9968674, 55.1638614], [85.99732339999998, 55.1641495], [85.99779009999999, 55.164345600000004], [85.9985197, 55.1643119], [85.99879859999999, 55.16437009999999], [85.9992063, 55.1648297], [85.9996244, 55.165157900000004], [86.00169689999998, 55.16563070000001], [86.001635, 55.1657368], [86.0020468, 55.1658792], [86.00217149999999, 55.1657582], [86.0022902, 55.16562559999999], [86.0038247, 55.163577499999995], [86.00460709999999, 55.16235220000001], [86.0056415, 55.160040800000004], [86.0094442, 55.1515134], [86.0110289, 55.1482832], [86.0112387, 55.14759269999999], [86.0116979, 55.146621999999994], [86.0121293, 55.14593399999998], [86.01216, 55.14593669999999], [86.01232229999998, 55.14576159999999], [86.01227399999999, 55.145712700000004], [86.0122707, 55.14563979999999], [86.0135887, 55.1439592], [86.01419929999999, 55.143365300000006], [86.0154954, 55.142104899999985], [86.01599359999999, 55.14161159999999], [86.0168429, 55.1408519], [86.0173921, 55.1403258], [86.0211225, 55.1370252], [86.0217352, 55.1364063], [86.02408349999999, 55.13270649999999], [86.02555699999999, 55.1303595], [86.02745159999999, 55.128032600000004], [86.0275837, 55.127602199999984], [86.0282605, 55.1262238], [86.0287178, 55.12514480000001], [86.0288667, 55.12458380000001], [86.0288579, 55.1242212], [86.02874329999999, 55.1236733], [86.02876689999998, 55.12357360000001], [86.0287428, 55.123530599999995], [86.02867569999998, 55.1234869], [86.02860730000002, 55.12336119999999], [86.02885219999999, 55.1231482], [86.0293797, 55.122220299999995], [86.0296118, 55.1215513], [86.02953589999998, 55.119799400000005], [86.0304939, 55.1154996], [86.03027799999998, 55.113255200000005], [86.0291408, 55.1107848], [86.0296718, 55.1065329], [86.03338829999998, 55.1017743], [86.03369679999999, 55.10143909999999], [86.03472409999999, 55.1007017], [86.03547239999999, 55.10026130000001], [86.0383703, 55.0988487], [86.0413553, 55.097493199999995], [86.04229029999999, 55.0969198], [86.04449829999999, 55.0952683], [86.0447019, 55.0949251], [86.04489759999998, 55.0943067], [86.0453393, 55.092517699999995], [86.0453907, 55.092157199999995], [86.04553879999999, 55.0919091], [86.0463988, 55.0911921], [86.0478991, 55.08950690000001], [86.04832950000001, 55.08886780000001], [86.0485819, 55.0883108], [86.0491501, 55.0858872], [86.04532810000002, 55.08477469999999], [86.04480349999999, 55.0850134], [86.0391802, 55.083105499999995], [86.0352466, 55.0803029], [86.0336538, 55.076807599999995], [86.0302027, 55.0736666], [86.0281675, 55.07229869999999], [86.0262207, 55.0704748], [86.0243624, 55.06991750000001], [86.02256279999999, 55.0688537], [86.022319, 55.0692468], [86.0203052, 55.0701997], [86.0190332, 55.070075], [86.01867589999999, 55.07015789999999], [86.01850209999999, 55.07033450000001], [86.01839609999999, 55.0708146], [86.01785569999998, 55.071096199999985], [86.0171493, 55.0712217], [86.01708859999998, 55.07142180000001], [86.01720569999999, 55.07150750000001], [86.0173944, 55.071524700000005], [86.0176438, 55.0714802], [86.01780689999998, 55.071579199999995], [86.0176492, 55.0717888], [86.01712469999998, 55.0720293], [86.01662720000002, 55.0720975], [86.0163349, 55.072076], [86.0161598, 55.07199069999999], [86.01629009999999, 55.0714388], [86.01550989999998, 55.070803399999996], [86.01557310000001, 55.07063399999999], [86.01582799999998, 55.0703591], [86.0158594, 55.0702549], [86.01569379999998, 55.07017789999999], [86.0154229, 55.0701395], [86.0145669, 55.0701507], [86.01387490000002, 55.07031119999999], [86.01307309999999, 55.0703398], [86.01208449999999, 55.07064379999999], [86.0104277, 55.0704971], [86.0095953, 55.07015549999999], [86.00892659999998, 55.07014559999999], [86.00870959999999, 55.07035429999999], [86.0087733, 55.0706262], [86.00902089999998, 55.070918], [86.0088353, 55.0714351], [86.00858969999999, 55.0721399], [86.00802, 55.072397], [86.007278, 55.0723974], [86.0058655, 55.0720954], [86.0055773, 55.071741199999984], [86.00430259999999, 55.071174299999996], [86.00362049999998, 55.070363300000004], [86.0029131, 55.0703529], [86.00231729999999, 55.0705445], [86.00212989999999, 55.070898099999994], [86.0023179, 55.0715639], [85.9960598, 55.0716284], [85.98361849999999, 55.070613899999984], [85.97319259999999, 55.0704334], [85.9636795, 55.07140239999999], [85.9610492, 55.07297749999999], [85.9589693, 55.0744156], [85.95068989999999, 55.081559299999995], [85.95047849999999, 55.0897656], [85.95026859999999, 55.0900551], [85.94956829999998, 55.090285599999994], [85.94873539999999, 55.0904506], [85.948447, 55.090796299999994], [85.9482577, 55.09082699999998], [85.9480727, 55.0907702], [85.9479761, 55.090653499999995], [85.94782329999998, 55.090632199999995], [85.9477267, 55.090745600000005], [85.9476552, 55.0908828], [85.9475389, 55.0909037], [85.94742639999998, 55.090872299999994], [85.94739939999998, 55.090771700000005], [85.94725789999998, 55.0906738], [85.9468818, 55.0906339], [85.9457192, 55.09057109999999], [85.945106, 55.0905684], [85.94499610000001, 55.0900105], [85.94398919999999, 55.0895888], [85.94350859999999, 55.089709299999996], [85.94257499999999, 55.0896779], [85.9419571, 55.0895103], [85.9416413, 55.0896229], [85.94171, 55.0897905], [85.9415315, 55.090023599999995], [85.9416596, 55.0902489], [85.9414537, 55.09048729999999], [85.9411287, 55.0903877], [85.9404513, 55.0898874], [85.9392339, 55.089981699999996], [85.9386435, 55.090285599999994], [85.9384055, 55.090563199999984], [85.9380073, 55.090762299999994], [85.93780599999998, 55.09112369999999], [85.93709659999999, 55.09101369999999], [85.93688139999999, 55.090688899999996], [85.9358196, 55.0910661], [85.93593399999999, 55.09143279999999], [85.9355999, 55.091951400000006], [85.93430929999998, 55.092380899999995], [85.9336182, 55.09246209999999], [85.9321856, 55.092373], [85.9320209, 55.092724], [85.9310506, 55.092663800000004], [85.9306341, 55.0933107], [85.928872, 55.09336570000001], [85.9284169, 55.0945767], [85.9282155, 55.09478359999999], [85.92739629999998, 55.094671], [85.9263299, 55.094343599999995], [85.92606899999998, 55.094126200000005], [85.92557929999998, 55.09422579999999], [85.9254511, 55.094508600000005], [85.92432529999999, 55.0945636], [85.92350599999999, 55.09434100000001], [85.92300260000002, 55.094529599999994], [85.9228378, 55.094440500000005], [85.92307579999999, 55.0942284], [85.92271419999999, 55.0941681], [85.92220619999999, 55.09445619999999], [85.92161579999998, 55.0943803], [85.92147849999999, 55.0940241], [85.92070959999998, 55.0941865], [85.9207004, 55.0938617], [85.9193274, 55.094058199999985], [85.91917179999999, 55.0943017], [85.9197713, 55.094508600000005], [85.9197942, 55.094621199999985], [85.9187187, 55.09477569999999], [85.91859509999999, 55.0946972], [85.9185264, 55.094087], [85.91830219999999, 55.0940555], [85.918055, 55.09413669999999], [85.91774379999998, 55.093953400000004], [85.91798639999999, 55.0937963], [85.9183296, 55.0937648], [85.9183159, 55.093628599999995], [85.91798639999999, 55.0936103], [85.9175562, 55.0933824], [85.9169599, 55.093056999999995], [85.91620369999998, 55.09278429999999], [85.9159368, 55.0928624], [85.9145928, 55.09310059999999], [85.9145038, 55.093173400000005], [85.9137667, 55.0931352], [85.9131248, 55.09322790000001], [85.91285479999999, 55.09336609999998], [85.9126164, 55.0934279], [85.91236859999998, 55.0933116], [85.9120445, 55.0932697], [85.91189519999999, 55.0931334], [85.9123972, 55.092826099999996], [85.91210169999998, 55.092687899999994], [85.9119238, 55.09270240000001], [85.91148209999999, 55.0923715], [85.9110278, 55.092422400000004], [85.91073859999999, 55.0926552], [85.9102493, 55.09284430000001], [85.909903, 55.092884299999994], [85.9097536, 55.0930279], [85.909385, 55.093084299999994], [85.9091817, 55.0929243], [85.9088576, 55.09289520000001], [85.90819029999999, 55.092893399999994], [85.9082062, 55.09284610000001], [85.90803779999999, 55.0927897], [85.9072848, 55.09289150000001], [85.90686850000002, 55.092807900000004], [85.90670199999998, 55.09292309999999], [85.9067334, 55.0932676], [85.9063919, 55.09341679999999], [85.9055393, 55.0941479], [85.90524269999999, 55.0944668], [85.9050585, 55.0945156], [85.90492819999999, 55.0943794], [85.90445629999999, 55.094420499999984], [85.90453269999999, 55.09455929999999], [85.90433049999999, 55.094713599999984], [85.90438889999999, 55.09487299999999], [85.90423619999999, 55.0950607], [85.9039441, 55.0950633], [85.9037688, 55.095209899999986], [85.90334639999999, 55.09525869999999], [85.90307229999999, 55.09489359999999], [85.902295, 55.0951533], [85.9025826, 55.095510699999984], [85.9024028, 55.095585299999996], [85.9018321, 55.0952999], [85.90138729999998, 55.09529729999999], [85.9010503, 55.0951276], [85.90045259999998, 55.0953539], [85.9000931, 55.0953024], [85.8998235, 55.09540270000001], [85.899855, 55.09573439999999], [85.8994596, 55.0958141], [85.89896079999998, 55.09561870000001], [85.8985968, 55.095852699999995], [85.898143, 55.0958887], [85.89662339999998, 55.096375699999996], [85.89654069999999, 55.09718289999999], [85.8963851, 55.0972211], [85.89621349999999, 55.0975792], [85.896331, 55.0977974], [85.8965153, 55.098355500000004], [85.89675999999999, 55.098769999999995], [85.89714760000001, 55.0992773], [85.89697289999998, 55.099666299999996], [85.89666149999998, 55.09979349999998], [85.8963342, 55.100019], [85.8959434, 55.10045890000001], [85.8956002, 55.10045159999999], [85.8949902, 55.10017710000001], [85.8942244, 55.09980079999999], [85.8936938, 55.0996772], [85.8933443, 55.0992518], [85.892998, 55.09940809999999], [85.8925404, 55.0995209], [85.89213049999998, 55.099988100000004], [85.8916687, 55.1002125], [85.8916822, 55.1004825], [85.89129129999999, 55.100783299999996], [85.89101269999999, 55.100775500000005], [85.8910711, 55.10095040000001], [85.89142609999999, 55.10112], [85.8913272, 55.101264], [85.89096319999999, 55.10133600000001], [85.8909497, 55.101479999999995], [85.8912553, 55.10154169999999], [85.89139910000002, 55.1017653], [85.89126429999999, 55.10191699999999], [85.8910078, 55.1018623], [85.8907282, 55.1017605], [85.88995919999999, 55.10205860000001], [85.8893492, 55.1019713], [85.88865019999999, 55.1020295], [85.88849759999998, 55.101913200000006], [85.8881608, 55.101855], [85.88741099999999, 55.1015023], [85.88673739999999, 55.1016187], [85.88595799999999, 55.101625899999995], [85.8856698, 55.1014005], [85.88572699999999, 55.1012006], [85.8855236, 55.1011388], [85.8849496, 55.101159], [85.88446679999998, 55.100978000000005], [85.8841319, 55.10109880000001], [85.8805358, 55.0993326], [85.8663478, 55.091891000000004], [85.849983, 55.08617269999999], [85.84702659999999, 55.08980499999999], [85.84357649999998, 55.0941991], [85.84316609999999, 55.09468420000001], [85.8428174, 55.095080100000004], [85.84251169999999, 55.095371699999994], [85.8420664, 55.09574009999999], [85.84161449999999, 55.096077], [85.8362782, 55.0998654], [85.8357552, 55.100226], [85.83529650000001, 55.1005206], [85.83488309999998, 55.100765100000004], [85.83419409999999, 55.1011145], [85.83354769999998, 55.10139379999998], [85.83290799999999, 55.10162710000001], [85.83223209999998, 55.1018365], [85.82705539999999, 55.10328820000001], [85.82372549999998, 55.10420659999999], [85.8228779, 55.104468999999995], [85.8223575, 55.1046393], [85.8217487, 55.1048771], [85.82123909999999, 55.105099599999996], [85.820751, 55.10534500000001], [85.82033249999999, 55.1055891], [85.8199784, 55.1058177], [85.8196763, 55.10604450000001], [85.8194527, 55.1062105], [85.8192301, 55.10641], [85.81785179999999, 55.105314199999995], [85.7811702, 55.07510740000001], [85.77265499999999, 55.0734281], [85.74965039999998, 55.0744355], [85.70654799999998, 55.07614600000001], [85.69305539999999, 55.10429369999999], [85.6858902, 55.1040313], [85.68379059999998, 55.1035398], [85.6831589, 55.103473099999995], [85.68302079999998, 55.1034416], [85.68220339999999, 55.10314009999999], [85.68153619999998, 55.10306489999999], [85.680348, 55.10310789999999], [85.6801522, 55.1030741], [85.6797633, 55.10289610000001], [85.6788889, 55.102845499999994], [85.67863139999999, 55.10277339999999], [85.67808960000002, 55.10250020000001], [85.67789430000002, 55.1024574], [85.6772768, 55.102443400000006], [85.6767645, 55.1023867], [85.6758526, 55.10209360000001], [85.67533759999999, 55.1019647], [85.6747448, 55.101950900000006], [85.6742634, 55.1018422], [85.6728512, 55.101243399999994], [85.67195, 55.100997899999996], [85.6714269, 55.100931899999985], [85.67089319999998, 55.1008306], [85.6698038, 55.1004215], [85.6691363, 55.10026130000001], [85.66810639999999, 55.099928299999995], [85.6670389, 55.099759500000005], [85.6653201, 55.099111300000004], [85.6650793, 55.098986999999994], [85.6650902, 55.0988886], [85.66502049999998, 55.0987681], [85.6648555, 55.098653799999994], [85.66433119999999, 55.098480300000006], [85.66391809999999, 55.098277], [85.6634568, 55.0981255], [85.66331099999998, 55.098286699999996], [85.6627098, 55.0980959], [85.6623396, 55.098012999999995], [85.66175759999999, 55.0977736], [85.6608027, 55.09750510000001], [85.6599228, 55.09704159999999], [85.65954479999999, 55.09693870000001], [85.65851509999999, 55.0969204], [85.6580883, 55.0968497], [85.65772619999998, 55.0966932], [85.65762790000001, 55.0965913], [85.6565219, 55.0962665], [85.65506819999999, 55.0953242], [85.6540221, 55.0949527], [85.65320670000001, 55.094559800000006], [85.6522483, 55.0942583], [85.64215239999999, 55.0927222], [85.6402998, 55.0928664], [85.63927529999998, 55.09277629999999], [85.6379666, 55.0921422], [85.63660379999999, 55.0918001], [85.63582419999999, 55.0916726], [85.6345019, 55.09119989999999], [85.6338465, 55.0911063], [85.63262509999998, 55.09122300000001], [85.63218889999999, 55.0910787], [85.63159279999999, 55.090669000000005], [85.63141639999999, 55.09091289999999], [85.6313413, 55.091355], [85.6311965, 55.0914655], [85.6308928, 55.0915468], [85.6304669, 55.09155299999999], [85.6297427, 55.091476300000004], [85.6293565, 55.0913796], [85.6291312, 55.09139179999998], [85.6290239, 55.09145319999999], [85.6290962, 55.091619], [85.6291902, 55.09173859999999], [85.62522049999998, 55.0916558], [85.6242549, 55.0915914], [85.6185499, 55.091466999999994], [85.59763499999998, 55.100865999999996], [85.5583906, 55.0989738], [85.54932159999998, 55.098462299999994], [85.5437924, 55.0977581], [85.5219255, 55.096885500000006], [85.52106919999999, 55.09681290000001], [85.51433099999998, 55.0917093], [85.4993734, 55.082018399999995], [85.4981669, 55.0827207], [85.49712359999998, 55.0830163], [85.4957962, 55.083084499999984], [85.49481750000001, 55.0834636], [85.49411419999998, 55.0834523], [85.4930289, 55.083159699999996], [85.4906917, 55.083133000000004], [85.4877198, 55.0829702], [85.48582399999998, 55.083274800000005], [85.4842275, 55.083185199999996], [85.4808284, 55.08233229999999], [85.4785037, 55.0825741], [85.4724929, 55.0825274], [85.46678869999998, 55.0814137], [85.46558940000001, 55.0816556], [85.4594301, 55.081891899999995], [85.4562911, 55.0820277], [85.4527549, 55.08373689999999], [85.4428312, 55.0837836], [85.43845439999998, 55.084659900000005], [85.4296376, 55.09094660000001], [85.4143022, 55.09083329999999], [85.4038437, 55.08869589999999], [85.3879334, 55.0889844], [85.37607469999999, 55.097760400000006], [85.3547582, 55.11530479999999], [85.3354103, 55.1102512], [85.27900249999999, 55.0985317], [85.2267725, 55.093694299999996], [85.22343110000001, 55.09341760000001], [85.2126353, 55.113718], [85.2072375, 55.112351499999995], [85.20343239999998, 55.1132119], [85.2033439, 55.11225030000001], [85.2018396, 55.111794700000004], [85.2001583, 55.11103549999999], [85.19706119999998, 55.11037749999999], [85.19307919999999, 55.108859], [85.1920173, 55.10779600000001], [85.1898935, 55.108099700000004], [85.1880353, 55.1080491], [85.185646, 55.107340499999985], [85.1841417, 55.1076948], [85.18299139999999, 55.1077454], [85.1804252, 55.10728979999999], [85.15833540000001, 55.1123298], [85.1323549, 55.10981929999999], [85.0998616, 55.1057293], [85.0728893, 55.1009626], [85.0535404, 55.09816289999999], [85.0175516, 55.10018749999999], [85.0121356, 55.1003395], [85.0122358, 55.10176469999999], [85.0124431, 55.1023314], [85.0131404, 55.1027365], [85.01408899999998, 55.1029328], [85.00523709999999, 55.1143504], [85.00298729999999, 55.131743], [85.0274967, 55.12706579999999]]]]}}, {"type": "Feature", "properties": {"id": "mo-32534000", "name": "Тяжинский муниципальный округ", "region": "Кемеровская область", "isCity": false, "sourceOktmo": "32-534-000-000", "sourceAgg": "Кемерово", "excelNames": ["Тяжинский муниципальный округ"], "oktmo": "32534000", "vgp": [{"year": 2019, "value": 5306613.459532499}, {"year": 2020, "value": 5004086.483160338}, {"year": 2021, "value": 4631328.453295055}, {"year": 2022, "value": 9355101.394018149}, {"year": 2023, "value": 8138445.254783129}, {"year": 2024, "value": 7484905.434528178}], "population": [{"year": 2019, "value": 21900.0}, {"year": 2020, "value": 21484.0}, {"year": 2021, "value": 21112.0}, {"year": 2022, "value": 20636.0}, {"year": 2023, "value": 18850.0}, {"year": 2024, "value": 18381.0}, {"year": 2025, "value": 17891.0}], "shipments": [{"year": 2019, "value": 7144997.3}, {"year": 2020, "value": 6656159.7}, {"year": 2021, "value": 7913577.4}, {"year": 2022, "value": 2084469.0}, {"year": 2023, "value": 1953674.1}, {"year": 2024, "value": 2824509.1}], "employees": [{"year": 2019, "value": 3806.0}, {"year": 2020, "value": 3640.0}, {"year": 2021, "value": 3621.0}, {"year": 2022, "value": 3612.0}, {"year": 2023, "value": 3498.0}, {"year": 2024, "value": 3488.0}], "investments": [{"year": 2019, "value": 287194.0}, {"year": 2020, "value": 151492.0}, {"year": 2021, "value": 130592.0}, {"year": 2022, "value": 200714.0}, {"year": 2023, "value": 449573.0}, {"year": 2024, "value": 317259.0}], "vgp2024": 7484905.434528178, "pop2024": 18381.0, "ship2024": 2824509.1, "emp2024": 3488.0, "inv2024": 317259.0}, "geometry": {"type": "MultiPolygon", "coordinates": [[[[89.24417329999999, 56.00893259999999], [89.24467459999998, 56.008740899999985], [89.24736989999998, 56.0069108], [89.2485118, 56.00569050000001], [89.2485118, 56.002769799999996], [89.2455522, 55.999777699999996], [89.2420475, 55.99594809999999], [89.24164709999998, 55.995096000000004], [89.2415787, 55.99401009999999], [89.24163829999999, 55.9927817], [89.243385, 55.9913219], [89.25008569999999, 55.9877548], [89.25279349999998, 55.985670400000004], [89.2561155, 55.9832061], [89.2573689, 55.978693699999994], [89.2620116, 55.965129399999995], [89.263728, 55.96273420000001], [89.26710059999999, 55.9606868], [89.2690571, 55.959199700000006], [89.2715028, 55.95679319999999], [89.2737667, 55.95210039999999], [89.2775974, 55.9478962], [89.2795324, 55.9444543], [89.2806242, 55.94247699999999], [89.27812709999999, 55.9420839], [89.2743303, 55.941595], [89.27234009999998, 55.94113420000001], [89.2693452, 55.9397681], [89.2676519, 55.93898819999999], [89.26630879999999, 55.9379535], [89.265522, 55.9373408], [89.2644497, 55.936035399999994], [89.26349349999998, 55.93495159999999], [89.2628783, 55.9336425], [89.2628567, 55.9330105], [89.2632739, 55.932469700000006], [89.2643049, 55.9315459], [89.26588530000001, 55.9305693], [89.26905259999998, 55.9293977], [89.271486, 55.929196399999995], [89.27280579999999, 55.9288335], [89.27367339999999, 55.9280679], [89.27419189999999, 55.927419300000004], [89.27442289999999, 55.9265038], [89.2744897, 55.92573430000001], [89.27519489999999, 55.9247422], [89.2762202, 55.923989799999994], [89.27753329999999, 55.9227374], [89.2792431, 55.921107600000006], [89.281296, 55.9191345], [89.2819454, 55.9182949], [89.2822046, 55.9175939], [89.28262289999999, 55.916765600000005], [89.2836312, 55.9158152], [89.2846726, 55.91483399999999], [89.2850614, 55.91430660000001], [89.28511839999999, 55.9138258], [89.2849262, 55.9134414], [89.28417759999999, 55.91296549999999], [89.2836487, 55.9125997], [89.28326959999998, 55.9121245], [89.2831841, 55.9114451], [89.2830498, 55.9107538], [89.28261119999999, 55.9101276], [89.2806776, 55.90902619999999], [89.2791075, 55.908232100000006], [89.27787709999998, 55.9074154], [89.2761134, 55.90643630000001], [89.27467489999998, 55.905389299999996], [89.2731317, 55.90394659999999], [89.2724395, 55.90293650000001], [89.27170199999999, 55.90170990000001], [89.2712449, 55.900782099999994], [89.27095750000001, 55.8998533], [89.2708993, 55.898750799999995], [89.27085049999998, 55.89776189999999], [89.2710983, 55.89672579999999], [89.27157739999998, 55.896273900000004], [89.2722874, 55.8958916], [89.2736352, 55.8954604], [89.2745807, 55.894975300000006], [89.2751787, 55.89436500000001], [89.27544279999998, 55.893702], [89.27564439999999, 55.892810600000004], [89.2761134, 55.89232439999999], [89.2771775, 55.8919081], [89.2787843, 55.89167349999999], [89.281654, 55.8916977], [89.2832466, 55.8918315], [89.28389499999999, 55.8917241], [89.28424999999999, 55.89143649999999], [89.28458959999999, 55.89097780000001], [89.2851119, 55.890210200000006], [89.2855235, 55.889765], [89.2861495, 55.8894561], [89.2868589, 55.8893005], [89.2875238, 55.88931629999999], [89.2881699, 55.8895786], [89.2888995, 55.8899754], [89.28906209999998, 55.8905044], [89.2890703, 55.891201099999996], [89.288786, 55.891834700000004], [89.2887951, 55.8923157], [89.28942279999998, 55.8931681], [89.2904953, 55.8936602], [89.291919, 55.8941096], [89.2939338, 55.894560199999994], [89.29614679999999, 55.89509609999999], [89.29690579999999, 55.8954556], [89.2975031, 55.8955251], [89.29819629999999, 55.89531019999999], [89.29908419999998, 55.89505849999999], [89.2999429, 55.8950196], [89.3008809, 55.8951385], [89.30157699999998, 55.8954777], [89.30223699999999, 55.8960393], [89.30307029999999, 55.8965329], [89.3039493, 55.896732], [89.3050925, 55.896777199999995], [89.30573549999998, 55.8966656], [89.3060234, 55.8962783], [89.3059609, 55.89580310000001], [89.30574519999999, 55.89509850000001], [89.30578919999999, 55.89466589999999], [89.30611, 55.89429609999999], [89.30660959999999, 55.89397590000001], [89.3072787, 55.89380059999999], [89.3081063, 55.8936877], [89.3086637, 55.89373230000001], [89.3096389, 55.894028999999996], [89.3101573, 55.89430699999999], [89.31082449999998, 55.8944005], [89.31163039999998, 55.8943047], [89.3124518, 55.8940037], [89.31298369999999, 55.8936877], [89.31343729999999, 55.89314110000001], [89.31396639999998, 55.892295], [89.3148523, 55.8916348], [89.31582989999998, 55.8908069], [89.31716249999998, 55.8901716], [89.31847429999999, 55.889696300000004], [89.31924959999999, 55.889307], [89.31981309999999, 55.88871799999999], [89.32012719999999, 55.8881311], [89.32094069999998, 55.887192199999994], [89.32176499999998, 55.8865995], [89.3228454, 55.8862378], [89.32366789999999, 55.8861174], [89.32468159999999, 55.8862506], [89.32574989999999, 55.88658429999999], [89.3260711, 55.8869884], [89.3262683, 55.88749690000001], [89.3261876, 55.8880965], [89.3256598, 55.8888166], [89.3250184, 55.8891961], [89.32420629999999, 55.889442100000004], [89.3228383, 55.88959380000001], [89.3215711, 55.8898038], [89.3209581, 55.89003], [89.3207598, 55.890285299999995], [89.32063349999999, 55.8906847], [89.3208578, 55.8911693], [89.32136969999999, 55.891626300000006], [89.3222259, 55.8922526], [89.32275729999999, 55.8929489], [89.3234536, 55.893725599999996], [89.32431189999998, 55.894185699999994], [89.3253532, 55.894274100000004], [89.32654119999998, 55.8942201], [89.32726009999999, 55.8940012], [89.3278874, 55.8936438], [89.3287071, 55.893311100000005], [89.32969849999999, 55.8932496], [89.3306229, 55.89349059999999], [89.3312716, 55.8937948], [89.3316478, 55.894240800000006], [89.33216909999999, 55.89472409999999], [89.33293589999998, 55.8949814], [89.33379049999999, 55.89507210000001], [89.334982, 55.8950653], [89.3358772, 55.89500329999999], [89.33644699999999, 55.8947443], [89.3366905, 55.89443090000001], [89.3368418, 55.894107299999995], [89.33674909999999, 55.8936877], [89.336402, 55.8933136], [89.3358114, 55.893055800000006], [89.334522, 55.8928825], [89.33326639999999, 55.8928905], [89.33220969999999, 55.89286369999999], [89.3315786, 55.89279799999999], [89.3310692, 55.8925224], [89.33031049999998, 55.892295399999995], [89.32954099999999, 55.8919107], [89.32916689999999, 55.891526500000005], [89.32901369999999, 55.89115029999999], [89.329122, 55.8906296], [89.3294742, 55.89014819999999], [89.3303402, 55.8894949], [89.3315523, 55.889369599999995], [89.33317849999999, 55.8892989], [89.3337109, 55.88925259999999], [89.3351631, 55.88926589999999], [89.3359204, 55.88942769999999], [89.3361627, 55.88956279999999], [89.33667770000001, 55.88988280000001], [89.33738989999999, 55.89012040000001], [89.3379624, 55.8900521], [89.3384045, 55.8897453], [89.33835149999999, 55.88923520000001], [89.33823519999999, 55.88888010000001], [89.33776899999998, 55.8882806], [89.3372246, 55.88743699999999], [89.3371582, 55.8870499], [89.33697559999999, 55.8867186], [89.3364934, 55.8865103], [89.3359616, 55.886310299999984], [89.3353198, 55.8860115], [89.3348772, 55.8856706], [89.3346799, 55.8851992], [89.33458, 55.884809700000005], [89.33467179999998, 55.8843996], [89.3348772, 55.88412759999999], [89.3352003, 55.8838874], [89.3358339, 55.88362729999999], [89.33637099999999, 55.88344659999999], [89.3369204, 55.8833424], [89.3373603, 55.88334270000001], [89.33811489999998, 55.88352429999999], [89.3388969, 55.883628], [89.3394662, 55.88366369999999], [89.3399808, 55.8835996], [89.340558, 55.88342730000001], [89.3409225, 55.883254900000004], [89.34178859999999, 55.8828568], [89.3427914, 55.88194589999999], [89.3434389, 55.8814567], [89.34449929999998, 55.8811909], [89.34623949999998, 55.8812177], [89.34708740000002, 55.881296], [89.3488981, 55.881814399999996], [89.3500623, 55.88195640000001], [89.35097869999998, 55.8818837], [89.3517682, 55.881687099999986], [89.3523776, 55.8813236], [89.3527249, 55.880914], [89.35282589999998, 55.8802537], [89.3536433, 55.8792459], [89.35545019999999, 55.87866050000001], [89.35687999999999, 55.878501], [89.3581046, 55.8786964], [89.35905469999999, 55.879016199999995], [89.36016319999999, 55.879519599999995], [89.3607122, 55.8798157], [89.36094439999998, 55.8802835], [89.3613139, 55.880834199999995], [89.36155669999998, 55.881071], [89.3619042, 55.881295800000004], [89.3626288, 55.88143180000001], [89.3635359, 55.881360199999996], [89.3644071, 55.8809941], [89.36565589999998, 55.88011039999999], [89.3666029, 55.87942480000001], [89.3676707, 55.8788629], [89.36796509999999, 55.8782699], [89.36796469999999, 55.8776542], [89.36726579999998, 55.87742399999999], [89.3662756, 55.8769435], [89.36552530000002, 55.8764131], [89.36537689999999, 55.8758102], [89.36554719999998, 55.8752853], [89.3661353, 55.8747413], [89.3673526, 55.874404], [89.3685501, 55.8744801], [89.3693746, 55.8745517], [89.37023999999998, 55.8745029], [89.3712928, 55.8740874], [89.3719355, 55.8737974], [89.3721161, 55.87314939999999], [89.37241289999999, 55.87229070000001], [89.3728973, 55.8716025], [89.37355179999999, 55.871249500000005], [89.3742555, 55.871029199999995], [89.3752235, 55.87092], [89.3764108, 55.8709989], [89.3774843, 55.8713321], [89.37807019999998, 55.871750600000006], [89.37847249999999, 55.872709], [89.3789569, 55.873320099999994], [89.37965739999999, 55.87372599999999], [89.38074169999999, 55.87393230000001], [89.38176239999999, 55.8738562], [89.38296929999998, 55.87352159999999], [89.3832721, 55.8729382], [89.3830343, 55.8722987], [89.3823325, 55.87184839999999], [89.3813931, 55.8713479], [89.3810023, 55.8709007], [89.3809751, 55.870299300000006], [89.38101779999998, 55.869383299999996], [89.38154619999999, 55.8684011], [89.3819516, 55.86790830000001], [89.38247159999999, 55.86748879999999], [89.383134, 55.867180399999995], [89.3838215, 55.86706], [89.3847555, 55.8670666], [89.3859379, 55.8674116], [89.38675259999998, 55.867863], [89.3877756, 55.86808639999999], [89.38884939999998, 55.86790069999999], [89.3901201, 55.867858999999996], [89.3910248, 55.8679413], [89.39143659999999, 55.8680495], [89.3920666, 55.868373600000005], [89.3924375, 55.8692086], [89.39279329999998, 55.870016899999996], [89.3936583, 55.8706296], [89.39445699999999, 55.870776199999995], [89.39552709999998, 55.87080399999999], [89.3961215, 55.87061889999999], [89.39694379999999, 55.8698943], [89.3981695, 55.8694287], [89.39913369999998, 55.8693441], [89.40010999999998, 55.8695243], [89.40089549999999, 55.869439], [89.401436, 55.8690788], [89.40196479999999, 55.8685106], [89.4023214, 55.867572700000004], [89.4025398, 55.8668882], [89.4026437, 55.86656249999999], [89.4025293, 55.8659656], [89.4018414, 55.865543699999996], [89.40040979999999, 55.86524109999999], [89.39931619999999, 55.8649181], [89.39784939999998, 55.864610799999994], [89.3967305, 55.864736], [89.3962504, 55.865084], [89.39644749999998, 55.865590700000006], [89.39642779999998, 55.86616449999999], [89.39589079999999, 55.86663649999999], [89.3952961, 55.8668232], [89.3943887, 55.8668958], [89.3935563, 55.8667521], [89.39282439999998, 55.8664706], [89.39236489999999, 55.8661035], [89.39209529999998, 55.8655342], [89.3918588, 55.86495130000001], [89.3912129, 55.86454789999999], [89.3906427, 55.86414559999999], [89.3906004, 55.86367640000001], [89.3909185, 55.863183699999986], [89.39167459999999, 55.86280550000001], [89.3930834, 55.86264800000001], [89.39415, 55.8623258], [89.3950505, 55.8618643], [89.39590419999999, 55.861240299999984], [89.39677409999999, 55.8605436], [89.39691759999998, 55.86011229999999], [89.3967577, 55.8597346], [89.39637709999998, 55.8593824], [89.3954998, 55.85903849999999], [89.3942742, 55.859026899999996], [89.39337409999999, 55.8589507], [89.39228109999999, 55.8589368], [89.3908453, 55.8590174], [89.38997669999999, 55.8590002], [89.38913939999999, 55.8587472], [89.3888522, 55.858439100000005], [89.3888084, 55.857904299999994], [89.3891483, 55.8573737], [89.38970519999998, 55.857074], [89.39046859999999, 55.8568964], [89.39275379999998, 55.8567255], [89.39564409999998, 55.856657799999994], [89.3972301, 55.8566616], [89.3987234, 55.85664959999999], [89.39985669999999, 55.8565621], [89.40065049999998, 55.856315599999995], [89.400887, 55.85561400000001], [89.40097579999998, 55.854675500000006], [89.40100939999999, 55.85385560000001], [89.4006465, 55.853106399999994], [89.40000139999998, 55.85275699999999], [89.3983408, 55.8525091], [89.3967743, 55.8524556], [89.39505939999998, 55.8526151], [89.39362769999998, 55.85300509999999], [89.3930455, 55.85358999999999], [89.3926038, 55.8539803], [89.3917703, 55.8542821], [89.390799, 55.854301], [89.3897517, 55.8541736], [89.3884801, 55.8537532], [89.3876787, 55.85338019999999], [89.3871844, 55.85288839999999], [89.38693999999998, 55.852398199999996], [89.3869563, 55.8518312], [89.3873617, 55.8514045], [89.388225, 55.85112809999998], [89.3892764, 55.8511576], [89.3904021, 55.8513097], [89.39126339999999, 55.8513854], [89.3918209, 55.8513287], [89.3924206, 55.85112009999999], [89.39264859999999, 55.850764500000004], [89.3927947, 55.8504509], [89.3928241, 55.850043299999996], [89.39274989999998, 55.8495888], [89.3921044, 55.848999799999994], [89.3912551, 55.8484888], [89.3907763, 55.84805780000001], [89.3905288, 55.84764010000001], [89.390571, 55.84713760000001], [89.3910909, 55.8465928], [89.3919054, 55.846122900000005], [89.39293209999998, 55.84565889999999], [89.3941434, 55.84501809999999], [89.3954473, 55.843956999999996], [89.39639379999998, 55.843212599999994], [89.3981827, 55.842325], [89.3992952, 55.84184119999998], [89.3999624, 55.8413006], [89.40013859999999, 55.840745], [89.3999286, 55.8402289], [89.39934949999999, 55.83982120000001], [89.3983441, 55.839471700000004], [89.39753849999998, 55.8392472], [89.3968317, 55.83891380000001], [89.3960801, 55.8383289], [89.39460929999998, 55.83749089999999], [89.3931967, 55.8368939], [89.3914464, 55.836214999999996], [89.38897479999999, 55.8358895], [89.3865873, 55.83558419999999], [89.38326629999999, 55.83528609999999], [89.3819397, 55.835107], [89.3801459, 55.83476979999999], [89.37819189999999, 55.8342551], [89.3751716, 55.833264599999985], [89.37327129999998, 55.833205099999994], [89.3715961, 55.8326981], [89.36916819999999, 55.831975], [89.36656589999998, 55.831158900000005], [89.3647079, 55.830364399999986], [89.3632598, 55.8298457], [89.36264840000001, 55.829798999999994], [89.3618892, 55.8300442], [89.36091489999998, 55.8303913], [89.3599046, 55.8304889], [89.35878349999999, 55.830354599999986], [89.3579832, 55.830020499999996], [89.35744479999998, 55.829623299999994], [89.3565137, 55.8291285], [89.3558613, 55.828976999999995], [89.35480439999999, 55.8288915], [89.3536057, 55.82908449999999], [89.3527661, 55.8294971], [89.3518243, 55.8301367], [89.350889, 55.8306194], [89.3499706, 55.830987], [89.3489993, 55.8310818], [89.34804689999999, 55.8309267], [89.3472997, 55.830500799999996], [89.34713109999998, 55.829950299999986], [89.34718359999998, 55.8288939], [89.3467989, 55.82792239999999], [89.3462845, 55.8274884], [89.3453093, 55.8267384], [89.3451816, 55.82595589999999], [89.3455578, 55.825211599999996], [89.34657369999998, 55.824662000000004], [89.34734299999998, 55.8239161], [89.3483659, 55.8231835], [89.34977940000002, 55.8227538], [89.3513309, 55.82200699999999], [89.3511338, 55.8217559], [89.35029689999999, 55.82062689999999], [89.34930459999998, 55.81993249999999], [89.34821409999999, 55.8193588], [89.34681429999999, 55.818909899999994], [89.3460473, 55.8184489], [89.34568439999998, 55.81768300000001], [89.3325347, 55.811452900000006], [89.33439669999999, 55.7790757], [89.3331986, 55.7784445], [89.33155419999999, 55.777405599999994], [89.33023309999999, 55.7764794], [89.33201959999998, 55.7746025], [89.3398559, 55.77159979999999], [89.34266109999999, 55.7708924], [89.3492746, 55.773869600000005], [89.3501329, 55.773399], [89.350841, 55.7727593], [89.3509269, 55.77198679999999], [89.3505835, 55.771166099999995], [89.3496823, 55.7706953], [89.34858119999998, 55.770388], [89.347172, 55.769978], [89.34468270000002, 55.7698625], [89.34247249999999, 55.7695125], [89.34093059999998, 55.76881120000001], [89.339211, 55.7674846], [89.33800929999998, 55.7668207], [89.33680769999998, 55.7664464], [89.33539149999999, 55.766374], [89.3343186, 55.7664827], [89.333117, 55.766579199999995], [89.3315451, 55.76644989999999], [89.3299253, 55.7660217], [89.3283626, 55.7654286], [89.327414, 55.7652609], [89.3254755, 55.76516269999999], [89.3238687, 55.7650703], [89.32204479999999, 55.76459950000001], [89.3205642, 55.76374239999999], [89.3194226, 55.7633429], [89.31807989999999, 55.762984900000006], [89.31710959999998, 55.7624385], [89.3162513, 55.7623178], [89.31558609999999, 55.76253510000001], [89.3146205, 55.76257129999998], [89.3138265, 55.76257129999998], [89.31268929999999, 55.762112599999995], [89.3118739, 55.7612796], [89.3109434, 55.7606728], [89.31048989999998, 55.7603356], [89.30945939999998, 55.75973859999999], [89.30831979999999, 55.759288399999996], [89.30676549999998, 55.7587901], [89.3052197, 55.7583194], [89.3042993, 55.758236999999994], [89.30354829999999, 55.75858720000001], [89.3027758, 55.7587562], [89.3013811, 55.75896149999999], [89.30047989999998, 55.759082199999995], [89.29951429999998, 55.75911839999999], [89.2989778, 55.7588528], [89.2983126, 55.75829739999999], [89.29723979999999, 55.757742], [89.29597380000001, 55.757536699999996], [89.2946648, 55.7575971], [89.29350609999999, 55.7579835], [89.29279799999999, 55.758454400000005], [89.29236889999999, 55.75886489999999], [89.29212179999999, 55.759421800000005], [89.29222939999998, 55.75986699999999], [89.2925084, 55.76046459999999], [89.29261559999999, 55.76103810000001], [89.29202560000002, 55.761357999999994], [89.2910054, 55.76180899999999], [89.29060929999999, 55.7617685], [89.29028749999999, 55.76135200000001], [89.2899334, 55.76091739999999], [89.28937549999999, 55.7607061], [89.28828119999999, 55.7608027], [89.28764820000002, 55.76103810000001], [89.28724049999998, 55.7615512], [89.28647869999999, 55.76188320000001], [89.2858779, 55.7622454], [89.2857599, 55.7626619], [89.28414149999999, 55.7621254], [89.28335469999999, 55.7610036], [89.28316270000002, 55.7602406], [89.2830165, 55.75911429999999], [89.2828631, 55.7584604], [89.2825398, 55.75785389999999], [89.2818224, 55.757162400000006], [89.2810714, 55.75660100000001], [89.2802867, 55.7562476], [89.2793763, 55.756051599999985], [89.27831409999999, 55.755900699999984], [89.27746799999998, 55.7559319], [89.2768467, 55.7560675], [89.27613609999999, 55.756341400000004], [89.275508, 55.7566483], [89.2751491, 55.7569934], [89.27490059999998, 55.7573451], [89.2748165, 55.757735999999994], [89.27489159999999, 55.75812839999998], [89.2752027, 55.7585208], [89.2757412, 55.758804899999994], [89.2766064, 55.759009199999994], [89.27961119999999, 55.759607300000006], [89.2801273, 55.75985489999999], [89.280535, 55.76012659999999], [89.280653, 55.7604586], [89.2805779, 55.76084490000001], [89.2799774, 55.761269899999995], [89.2793211, 55.7615969], [89.27390379999999, 55.75985730000001], [89.26377329999998, 55.746480700000006], [89.25240119999998, 55.74437529999999], [89.2458057, 55.740786299999996], [89.2333183, 55.735215800000006], [89.19228809999998, 55.73188339999999], [89.1915454, 55.7323282], [89.1906198, 55.7319657], [89.1880193, 55.7318391], [89.1848, 55.733427600000006], [89.1832888, 55.7340394], [89.18267469999999, 55.73455700000001], [89.1821623, 55.7345136], [89.1814166, 55.734579999999994], [89.1809772, 55.734385399999994], [89.18187659999998, 55.733463799999996], [89.18180469999999, 55.73305640000001], [89.1812599, 55.73242729999998], [89.18083809999999, 55.7322851], [89.1798843, 55.73201319999999], [89.1792196, 55.731750100000006], [89.1787391, 55.7313333], [89.1786411, 55.7308092], [89.178918, 55.730373099999994], [89.1792859, 55.729983399999995], [89.1801544, 55.729683599999994], [89.1817937, 55.7293893], [89.18354469999998, 55.7289103], [89.1842402, 55.728576499999996], [89.1844782, 55.7282913], [89.1845445, 55.7278341], [89.1842441, 55.7273804], [89.1837933, 55.7271529], [89.1831181, 55.72695], [89.18205609999998, 55.7268355], [89.1811088, 55.7268978], [89.1800813, 55.72696], [89.17924719999999, 55.7269414], [89.1785744, 55.7267329], [89.1780072, 55.7263813], [89.17775619999999, 55.725846], [89.1778207, 55.7251495], [89.1781705, 55.72413989999999], [89.1784922, 55.72353940000001], [89.1787056, 55.72298309999999], [89.1785588, 55.7224289], [89.1781551, 55.721971399999994], [89.1775922, 55.72157339999999], [89.1768371, 55.7213717], [89.1761595, 55.7212428], [89.1752608, 55.7211787], [89.17409669999999, 55.7212574], [89.17313899999999, 55.72151249999999], [89.17246539999998, 55.721894199999994], [89.17204199999999, 55.7223874], [89.1719546, 55.7228877], [89.17199939999999, 55.7234157], [89.17244619999998, 55.72398989999999], [89.17307819999999, 55.724382999999996], [89.1736281, 55.7248013], [89.1738464, 55.725311299999994], [89.17378599999999, 55.72588], [89.173306, 55.72626600000001], [89.172591, 55.7266329], [89.17165409999998, 55.72701740000001], [89.1704115, 55.72731790000001], [89.16903029999999, 55.72732839999999], [89.167986, 55.727484000000004], [89.1670464, 55.7274472], [89.16621669999999, 55.7272118], [89.165656, 55.7267489], [89.16534499999999, 55.7260404], [89.16516559999998, 55.725280899999994], [89.16465760000001, 55.72448880000001], [89.1639381, 55.7238288], [89.1625251, 55.7229457], [89.1619205, 55.7223593], [89.16146309999999, 55.7216115], [89.16104509999998, 55.7209854], [89.1604742, 55.72065709999999], [89.15968309999998, 55.7200567], [89.1594226, 55.71948090000001], [89.1595105, 55.718826799999995], [89.1599278, 55.7181797], [89.1604228, 55.7173715], [89.160434, 55.716517599999996], [89.1601645, 55.7156815], [89.15979229999999, 55.71509940000001], [89.1589146, 55.71463459999999], [89.15866839999998, 55.7145711], [89.15782089999999, 55.71435249999999], [89.1557561, 55.7151022], [89.1539838, 55.7154305], [89.15167569999998, 55.71558989999999], [89.14996949999998, 55.7152037], [89.1496245, 55.714674599999995], [89.14892469999998, 55.713438399999994], [89.1479257, 55.71250469999998], [89.1459073, 55.71218329999999], [89.14514150000001, 55.7116617], [89.144353, 55.710724199999994], [89.14460679999999, 55.709590299999995], [89.14603389999999, 55.708733], [89.1484966, 55.7075604], [89.1497002, 55.70646920000001], [89.15007849999999, 55.70568980000001], [89.14941149999999, 55.705047500000006], [89.1471473, 55.7040765], [89.1455337, 55.7034507], [89.14556079999998, 55.70202350000001], [89.1454794, 55.7005386], [89.1455823, 55.698575], [89.14467909999999, 55.6974612], [89.1437695, 55.6962287], [89.14256400000001, 55.69535799999999], [89.1405173, 55.6945019], [89.13784949999999, 55.693834999999986], [89.13680119999998, 55.693912700000006], [89.1361299, 55.69511339999999], [89.13522879999998, 55.695961399999995], [89.13254469999998, 55.700898599999995], [89.1155264, 55.721138999999994], [89.10228989999999, 55.729658199999996], [89.0996426, 55.73689799999999], [89.09056609999999, 55.74456219999999], [89.0909443, 55.75201209999999], [89.08224609999999, 55.7592478], [89.0727914, 55.76031179999998], [89.07090049999998, 55.7777565], [89.06295859999999, 55.7822228], [89.0323256, 55.7809468], [89.0232491, 55.7822228], [89.0236273, 55.8034839], [89.01795449999999, 55.8045466], [88.9998016, 55.7985949], [88.99268379999998, 55.7992518], [88.9744632, 55.8009332], [88.9714377, 55.796469], [88.9589576, 55.795406099999994], [88.94572109999999, 55.790728599999994], [88.9094153, 55.7873265], [88.8879501, 55.7889113], [88.8719749, 55.7900908], [88.8613857, 55.819847], [88.8299963, 55.8234587], [88.8035233, 55.81580999999999], [88.77780669999999, 55.8654999], [88.7592756, 55.85701040000001], [88.73960989999999, 55.8618921], [88.7203225, 55.85234040000001], [88.7074642, 55.858283899999996], [88.68411889999999, 55.8578341], [88.6980095, 55.8718658], [88.6813694, 55.87313880000001], [88.6560309, 55.87780630000001], [88.6201033, 55.873351], [88.4945457, 55.886503399999995], [88.48849469999999, 55.867197499999996], [88.3952816, 55.88513009999999], [88.4014191, 55.89679189999999], [88.41021029999999, 55.921272099999996], [88.356508, 55.93356090000001], [88.3678535, 55.9445751], [88.3351865, 55.95204479999999], [88.33230409999999, 55.9615139], [88.3202548, 55.96762989999999], [88.31944580000001, 55.9714621], [88.3062093, 55.96934559999999], [88.3043184, 55.9653242], [88.27671079999999, 55.959185299999994], [88.2743891, 55.966295], [88.2669039, 55.9656708], [88.2561354, 55.9621975], [88.2369434, 55.9599768], [88.2217353, 55.95683929999999], [88.2128992, 55.96452120000001], [88.1999391, 55.9659592], [88.1957791, 55.9723086], [88.1742225, 55.98246550000001], [88.1382949, 55.9858505], [88.14472409999999, 56.0015025], [88.1745473, 56.01548090000001], [88.18462789999998, 56.0186002], [88.19615449999999, 56.014274300000004], [88.2618559, 56.0496956], [88.3092795, 56.07957139999999], [88.31882999999999, 56.08232799999999], [88.30252819999998, 56.100884], [88.30038749999999, 56.11915559999999], [88.28622629999998, 56.1208079], [88.2788404, 56.12537669999999], [88.27764969999998, 56.133055500000005], [88.28020119999998, 56.1411119], [88.266253, 56.1413962], [88.2662334, 56.14294939999999], [88.26591149999999, 56.168428000000006], [88.27507469999999, 56.1644011], [88.2759421, 56.1655891], [88.27249089999998, 56.1664118], [88.2660252, 56.16941059999999], [88.26611369999999, 56.19894349999999], [88.3228971, 56.198904799999994], [88.31871669999998, 56.20657839999999], [88.35125389999999, 56.2318752], [88.34575850000002, 56.2347941], [88.33171499999999, 56.23751670000001], [88.32409459999998, 56.2410861], [88.32431229999999, 56.24253800000001], [88.33149729999998, 56.2491312], [88.336505, 56.2500989], [88.35020169999999, 56.263257599999996], [88.35678599999999, 56.2736407], [88.3429129, 56.29191939999999], [88.3552755, 56.2973416], [88.341341, 56.302113399999996], [88.3292027, 56.323156700000006], [88.2807583, 56.345259299999995], [88.26905539999998, 56.34065880000001], [88.2216996, 56.340508], [88.22088309999998, 56.372850699999994], [88.2214972, 56.3734856], [88.2215859, 56.37382929999998], [88.22202049999999, 56.3744531], [88.2225881, 56.375086599999996], [88.22253489999999, 56.375405799999996], [88.22175779999999, 56.37615110000001], [88.22131440000001, 56.37638679999999], [88.2206315, 56.3765489], [88.2199664, 56.376769900000006], [88.21985989999999, 56.37699580000001], [88.2200196, 56.37736410000001], [88.2206581, 56.3774623], [88.22158930000002, 56.37721680000001], [88.22208599999999, 56.3768681], [88.2225117, 56.376656899999986], [88.22300829999999, 56.376656899999986], [88.22400160000001, 56.37636719999999], [88.2244805, 56.3763132], [88.22491509999999, 56.37666190000001], [88.2253674, 56.3769467], [88.22618330000002, 56.3772364], [88.2267953, 56.377339500000005], [88.2276555, 56.3773346], [88.2284094, 56.37727569999999], [88.2289326, 56.3770253], [88.2289504, 56.3766373], [88.2281965, 56.3761855], [88.2270436, 56.3760627], [88.2262454, 56.3758614], [88.22609459999998, 56.3755323], [88.22618330000002, 56.3751836], [88.22672429999999, 56.3749086], [88.22811669999999, 56.37489389999999], [88.2287819, 56.3751345], [88.23026290000001, 56.37543900000001], [88.23168189999998, 56.375807300000005], [88.2327994, 56.37589570000001], [88.2334113, 56.375713999999995], [88.2339523, 56.3757386], [88.2345199, 56.3756895], [88.2346884, 56.375483200000005], [88.2346796, 56.375164], [88.23386359999999, 56.374751499999995], [88.2326752, 56.374442099999996], [88.2321342, 56.3741228], [88.2318416, 56.374024600000006], [88.2315046, 56.373995099999995], [88.2309547, 56.3740541], [88.2305734, 56.3739362], [88.2302984, 56.37322900000001], [88.2305201, 56.37286559999999], [88.23129169999999, 56.3726495], [88.2322584, 56.37278699999999], [88.2332074, 56.373042399999996], [88.2339346, 56.3730669], [88.23499, 56.37321920000001], [88.235664, 56.3738527], [88.2356108, 56.374594300000005], [88.235797, 56.374957699999996], [88.23634689999999, 56.3753359], [88.2363203, 56.37575330000001], [88.2361518, 56.3760431], [88.2363203, 56.376357399999996], [88.2367992, 56.3766668], [88.2375796, 56.37675519999999], [88.23836899999999, 56.376475199999994], [88.2388213, 56.3760431], [88.23938, 56.37535059999999], [88.2392026, 56.3750216], [88.2385729, 56.3748644], [88.2378546, 56.374505899999996], [88.2370386, 56.374191599999996], [88.2367992, 56.3738773], [88.2370298, 56.37352369999999], [88.2372692, 56.37327320000001], [88.237961, 56.3730325], [88.2385907, 56.373042399999996], [88.2393977, 56.37326339999999], [88.24026689999998, 56.37339109999999], [88.2410739, 56.37333699999999], [88.2415528, 56.373042399999996], [88.2415972, 56.37263960000001], [88.2411183, 56.37235969999999], [88.2408965, 56.37183910000001], [88.2409054, 56.37160819999999], [88.24119809999999, 56.371387199999994], [88.2416592, 56.3713676], [88.2422535, 56.37151], [88.2428743, 56.3718734], [88.24337979999999, 56.3725414], [88.2438321, 56.37275749999999], [88.24502939999999, 56.3728213], [88.2456324, 56.373008], [88.2459517, 56.3737103], [88.2458009, 56.3740197], [88.2456413, 56.374304599999995], [88.2455792, 56.374687599999994], [88.2443287, 56.374977400000006], [88.24390299999999, 56.3748792], [88.24325559999998, 56.37466309999999], [88.2426703, 56.374756399999995], [88.2418721, 56.37470239999999], [88.24108279999999, 56.3747711], [88.24081669999998, 56.37511], [88.2409231, 56.375404599999996], [88.2413666, 56.37568460000001], [88.24212039999999, 56.3759252], [88.24298959999999, 56.3760283], [88.2443642, 56.37588099999999], [88.24514469999998, 56.3757042], [88.2454905, 56.37566], [88.2461025, 56.3757631], [88.24677649999998, 56.375841699999995], [88.24747709999998, 56.3754636], [88.2475658, 56.3751149], [88.2471933, 56.374751499999995], [88.24671439999999, 56.374387999999996], [88.2467499, 56.3741425], [88.247282, 56.374005], [88.24787620000001, 56.374088500000006], [88.24819549999998, 56.3742505], [88.2483817, 56.3745452], [88.2486921, 56.374658200000006], [88.249038, 56.3747122], [88.2495524, 56.374618899999994], [88.24974749999998, 56.3742898], [88.2500845, 56.3740394], [88.2509359, 56.37398530000001], [88.25158330000001, 56.3741425], [88.25197359999999, 56.3743979], [88.25226619999998, 56.3748153], [88.2525944, 56.3751542], [88.25311760000001, 56.3755471], [88.25295799999999, 56.3758024], [88.2525855, 56.3757975], [88.25192919999999, 56.3756306], [88.25158330000001, 56.375301500000006], [88.251131, 56.3752033], [88.2507142, 56.3753555], [88.250661, 56.3757877], [88.25092710000001, 56.37605289999999], [88.2514503, 56.3761462], [88.25209770000001, 56.376097099999996], [88.25269189999999, 56.3762739], [88.25304669999998, 56.37661769999998], [88.25331269999998, 56.3771824], [88.25312649999998, 56.37755069999999], [88.2532152, 56.3778601], [88.25356989999999, 56.3781989], [88.254306, 56.3785083], [88.25510419999999, 56.3787145], [88.2556541, 56.3792203], [88.25584919999999, 56.3794855], [88.2563631, 56.3795893], [88.2597254, 56.3802538], [88.2597254, 56.3849234], [88.2616934, 56.3867911], [88.2604282, 56.3908374], [88.2716739, 56.4011847], [88.2722362, 56.40546280000001], [88.2772967, 56.40476280000001], [88.277859, 56.406785], [88.2832007, 56.4094294], [88.29964749999999, 56.4141731], [88.3132829, 56.41767229999999], [88.31735949999998, 56.4205491], [88.32242009999999, 56.4211711], [88.3241069, 56.423037], [88.3376017, 56.425602399999995], [88.3426623, 56.44192400000001], [88.410277, 56.4362511], [88.4154591, 56.45520729999999], [88.5338271, 56.453587500000005], [88.5871335, 56.4485712], [88.59341589999998, 56.4306641], [88.6503167, 56.424333], [88.6964836, 56.4181825], [88.6957471, 56.3823514], [88.695147, 56.36643020000001], [88.78867879999999, 56.36957340000001], [88.8150812, 56.370735], [88.86249879999998, 56.37324099999999], [88.86449989999998, 56.369322600000004], [88.86561879999998, 56.3682013], [88.8671486, 56.366632800000005], [88.86687939999999, 56.36550749999999], [88.86880559999999, 56.3654785], [88.8687678, 56.364706299999995], [88.86874749999998, 56.3642905], [88.86969019999998, 56.3638602], [88.8696553, 56.3631475], [88.868883, 56.3626836], [88.8679025, 56.362341699999995], [88.8679834, 56.3618055], [88.86890279999999, 56.3609001], [88.8684254, 56.3598968], [88.86657159999999, 56.3592114], [88.8665193, 56.35814229999999], [88.8677626, 56.357291399999994], [88.87017679999998, 56.3563039], [88.8713216, 56.3556328], [88.87199780000002, 56.354136600000004], [88.8735617, 56.3532808], [88.8754436, 56.3523607], [88.88022999999998, 56.349553900000004], [88.88413799999998, 56.34848399999999], [88.8990428, 56.34468999999999], [88.9031785, 56.343913199999996], [88.90631289999999, 56.342378999999994], [88.9089094, 56.34079349999999], [88.9126672, 56.33889289999999], [88.92076339999998, 56.33389340000001], [88.92058779999999, 56.332529], [88.9198717, 56.331054], [88.9188737, 56.3303562], [88.9183537, 56.3285216], [88.91729919999999, 56.3266952], [88.9165565, 56.32468570000001], [88.9153301, 56.3236942], [88.9143561, 56.3234715], [88.91388099999999, 56.3225277], [88.9128833, 56.3218299], [88.9116007, 56.3218497], [88.9096381, 56.32110720000001], [88.9076756, 56.3203647], [88.90613779999998, 56.3195562], [88.9043803, 56.3186322], [88.9027416, 56.3179441], [88.9017532, 56.31742429999999], [88.8989684, 56.31734809999999], [88.8969113, 56.3168447], [88.8946375, 56.316285099999995], [88.8929814, 56.31524050000001], [88.89378639999998, 56.3142177], [88.8937482, 56.3134455], [88.8941227, 56.3123698], [88.8957139, 56.31210769999999], [88.8967118, 56.31066589999999], [88.8986655, 56.30909039999999], [88.8999838, 56.307643600000006], [88.901008, 56.30673629999999], [88.900753, 56.305908], [88.9001804, 56.30514410000001], [88.90024009999999, 56.30419210000001], [88.9007018, 56.30289799999999], [88.9007955, 56.302070199999996], [88.9694731, 56.30108909999999], [89.0398982, 56.300781199999996], [89.0394307, 56.2776651], [89.0384644, 56.25120170000001], [89.0371255, 56.205903799999994], [89.0372746, 56.20125410000001], [89.09711419999998, 56.20148249999999], [89.0972769, 56.1975442], [89.1150301, 56.18960630000001], [89.12737599999998, 56.1849258], [89.0991274, 56.1638998], [89.104815, 56.15102230000001], [89.13626649999999, 56.14970960000001], [89.1381058, 56.1483105], [89.14092219999999, 56.1472511], [89.1436387, 56.14631229999999], [89.14696679999999, 56.1448872], [89.1498427, 56.14299439999999], [89.15030819999998, 56.1417973], [89.15098979999999, 56.14065599999999], [89.1517611, 56.139215799999995], [89.1528989, 56.1390823], [89.1530871, 56.1389535], [89.1530871, 56.13873530000001], [89.15327489999999, 56.138532000000005], [89.15379519999999, 56.138615699999995], [89.154219, 56.13875019999999], [89.1548842, 56.1387233], [89.1552329, 56.1389266], [89.15505049999999, 56.139333099999995], [89.1551105, 56.1395719], [89.1557211, 56.13964089999999], [89.15632719999999, 56.1398053], [89.15751959999999, 56.1402573], [89.15928659999999, 56.14051119999999], [89.162408, 56.1411105], [89.16452529999998, 56.140895099999994], [89.1679158, 56.1405978], [89.1714955, 56.139881], [89.17606249999999, 56.1396817], [89.1785089, 56.13963859999999], [89.1791773, 56.1401618], [89.18014129999999, 56.14026369999999], [89.1819294, 56.1398755], [89.18475219999999, 56.14083620000001], [89.18576009999998, 56.14171], [89.1872729, 56.1420994], [89.1891875, 56.1420655], [89.1904302, 56.1414489], [89.1929289, 56.1404535], [89.19814679999999, 56.13981209999999], [89.20160780000002, 56.139526399999994], [89.19300810000001, 56.1361138], [89.19306699999999, 56.113948900000004], [89.19099960000001, 56.1140316], [89.1915267, 56.11116260000001], [89.1921508, 56.1080802], [89.19229669999999, 56.1077264], [89.1931265, 56.107815], [89.1930702, 56.106500699999984], [89.19296409999998, 56.0811486], [89.1929948, 56.0808345], [89.23241, 56.073796200000004], [89.229234, 56.07039400000001], [89.229632, 56.0703288], [89.22986269999998, 56.07041709999999], [89.2300129, 56.070375199999994], [89.2300317, 56.0702973], [89.2300504, 56.0701716], [89.23028919999999, 56.0700368], [89.23049299999998, 56.07001739999999], [89.2306486, 56.0700787], [89.23095429999998, 56.0702554], [89.23123599999998, 56.0704276], [89.23144519999998, 56.070462], [89.23157130000001, 56.0704006], [89.2316329, 56.07028390000001], [89.23176969999999, 56.0701626], [89.23182610000002, 56.0700488], [89.2318073, 56.0699695], [89.23176439999999, 56.06987959999999], [89.231708, 56.0698018], [89.2317215, 56.06974040000001], [89.2318019, 56.069708899999995], [89.2319816, 56.0696835], [89.23218549999999, 56.069688000000006], [89.2323947, 56.0697928], [89.2325208, 56.0699695], [89.2328775, 56.0701311], [89.23315380000001, 56.07017009999999], [89.23338439999999, 56.07014459999999], [89.2337465, 56.06998140000001], [89.2339101, 56.06982419999999], [89.23385379999999, 56.0697284], [89.23384309999999, 56.0696521], [89.23386719999999, 56.0695293], [89.2338297, 56.0692987], [89.23377599999999, 56.069145999999996], [89.2335802, 56.068887], [89.23367409999999, 56.0688436], [89.2340282, 56.068833100000006], [89.23451359999999, 56.068925899999996], [89.2348382, 56.06905020000001], [89.2349535, 56.069291199999995], [89.23506349999998, 56.069493400000006], [89.23520029999999, 56.0695937], [89.23544440000002, 56.069608599999995], [89.2357421, 56.0695637], [89.2359969, 56.0694799], [89.2360371, 56.0693601], [89.23596199999999, 56.069256800000005], [89.2358896, 56.0691236], [89.2360827, 56.069015799999995], [89.2363885, 56.06896780000001], [89.23687129999999, 56.06896929999999], [89.23734609999998, 56.0689708], [89.2380676, 56.0690487], [89.2384511, 56.06914449999999], [89.2386791, 56.06939599999999], [89.2387918, 56.0695862], [89.2387059, 56.06980630000001], [89.2385665, 56.0699455], [89.2384189, 56.0699455], [89.23823919999998, 56.0698946], [89.2379495, 56.06990510000001], [89.23787179999998, 56.069965], [89.237802, 56.0700623], [89.2379254, 56.070143099999996], [89.2381936, 56.070212000000005], [89.23845379999999, 56.0702704], [89.2388266, 56.070203], [89.23906529999998, 56.07023], [89.23932019999998, 56.07036469999999], [89.2394838, 56.0704006], [89.23977079999999, 56.070366199999995], [89.24000409999998, 56.0702674], [89.24020259999999, 56.0700713], [89.24060229999999, 56.06993949999999], [89.24105019999999, 56.06980630000001], [89.2412862, 56.0697913], [89.2413801, 56.0698482], [89.2415813, 56.069990399999995], [89.2418173, 56.070150599999984], [89.241879, 56.07036469999999], [89.24176099999998, 56.0705938], [89.2414284, 56.0707046], [89.2412916, 56.07086029999999], [89.2412862, 56.07097699999999], [89.2414364, 56.0710519], [89.2416698, 56.07104139999999], [89.24186289999999, 56.0709411], [89.24204529999999, 56.070774899999996], [89.24221689999999, 56.070665600000005], [89.2423913, 56.0705039], [89.2425978, 56.07045750000001], [89.24278289999998, 56.070489], [89.24299749999999, 56.07059979999998], [89.2432952, 56.070700099999996], [89.2436439, 56.070782400000006], [89.24391479999998, 56.070758399999995], [89.24463360000001, 56.070628199999994], [89.2452398, 56.0705024], [89.2457145, 56.0702629], [89.24617049999999, 56.0700668], [89.24664259999999, 56.06991709999999], [89.24708779999999, 56.0698587], [89.24764569999999, 56.0699455], [89.2480883, 56.07008469999999], [89.2487079, 56.070399099999996], [89.249019, 56.0706536], [89.2495233, 56.071182099999994], [89.25000069999999, 56.0717151], [89.250167, 56.07205940000001], [89.2504781, 56.0723394], [89.25063639999999, 56.0727406], [89.2505103, 56.07321069999998], [89.25051299999998, 56.0736164], [89.2504674, 56.07392620000001], [89.25017509999999, 56.0741029], [89.24995780000002, 56.07432589999999], [89.24995509999998, 56.0744652], [89.25030109999999, 56.0746343], [89.2504647, 56.07479899999999], [89.2506793, 56.07502050000001], [89.25093409999998, 56.0751418], [89.25119969999999, 56.075161200000004], [89.2515188, 56.07513279999999], [89.25193459999998, 56.07504749999999], [89.25220279999999, 56.075016], [89.25251659999999, 56.075046], [89.2527258, 56.0751538], [89.25292159999998, 56.07530940000001], [89.253037, 56.075562399999995], [89.25331859999999, 56.07575249999999], [89.2538738, 56.0759801], [89.25423059999999, 56.0760295], [89.2547214, 56.0760684], [89.25495209999998, 56.07617020000001], [89.2551291, 56.0763857], [89.2551425, 56.0765968], [89.25527929999998, 56.07681680000001], [89.2555502, 56.077057800000006], [89.25592029999999, 56.077104199999994], [89.2564085, 56.07706829999999], [89.2571139, 56.07698149999999], [89.25798029999999, 56.076845299999995], [89.25866419999998, 56.0767869], [89.25954939999998, 56.0766492], [89.26032719999999, 56.07634530000001], [89.2611855, 56.07585729999999], [89.261966, 56.0752002], [89.2623121, 56.07467619999999], [89.2626205, 56.074388799999994], [89.26287260000001, 56.0740849], [89.26288870000002, 56.0736643], [89.26298799999999, 56.07317919999999], [89.26298799999999, 56.072655299999994], [89.26311669999998, 56.072239100000004], [89.26330449999999, 56.0717061], [89.26320789999998, 56.071236000000006], [89.2632455, 56.0708977], [89.26353509999998, 56.0702958], [89.2638087, 56.07011920000001], [89.26468849999999, 56.0701132], [89.2653751, 56.070221000000004], [89.2659599, 56.0704755], [89.2665553, 56.07068809999999], [89.2673471, 56.0708456], [89.2680411, 56.070859], [89.2684006, 56.069390399999996], [89.26923509999999, 56.0656352], [89.26923509999999, 56.062297199999996], [89.2693949, 56.0612189], [89.27102399999998, 56.06019090000001], [89.277245, 56.0591204], [89.2801378, 56.0586672], [89.28160189999998, 56.057650900000006], [89.282448, 56.0565948], [89.28230889999999, 56.0549258], [89.2811468, 56.053696], [89.27910999999999, 56.05270050000001], [89.2764777, 56.0520166], [89.27356939999999, 56.0514683], [89.269474, 56.05103329999999], [89.26746069999999, 56.0511742], [89.2661744, 56.05121], [89.2626347, 56.0508416], [89.2612004, 56.05005140000001], [89.26099079999999, 56.0494508], [89.26086749999999, 56.0488893], [89.26131159999998, 56.0480785], [89.26278209999998, 56.0470198], [89.26362059999998, 56.04610960000001], [89.26436719999998, 56.045190000000005], [89.26427309999998, 56.044025899999994], [89.2633255, 56.04309769999998], [89.2612384, 56.042082300000004], [89.2597422, 56.04125049999999], [89.25903319999999, 56.039709], [89.25941759999999, 56.035402999999995], [89.2588039, 56.03336799999999], [89.258224, 56.0322042], [89.25727399999998, 56.031003599999984], [89.2559783, 56.0302712], [89.2540857, 56.02949369999999], [89.25245639999999, 56.02940400000001], [89.24417329999999, 56.00893259999999]]]]}}, {"type": "Feature", "properties": {"id": "mo-32537000", "name": "Чебулинский муниципальный округ", "region": "Кемеровская область", "isCity": false, "sourceOktmo": "32-537-000-000", "sourceAgg": "Кемерово", "excelNames": ["Чебулинский муниципальный округ"], "oktmo": "32537000", "vgp": [{"year": 2019, "value": 4103352.545256163}, {"year": 2020, "value": 3968965.2869413164}, {"year": 2021, "value": 3960127.871630197}, {"year": 2022, "value": 8147393.82116015}, {"year": 2023, "value": 7265204.356888711}, {"year": 2024, "value": 7104225.771402315}], "population": [{"year": 2019, "value": 14312.0}, {"year": 2020, "value": 14159.0}, {"year": 2021, "value": 13996.0}, {"year": 2022, "value": 13820.0}, {"year": 2023, "value": 13270.0}, {"year": 2024, "value": 12997.0}, {"year": 2025, "value": 12877.0}], "shipments": [{"year": 2019, "value": 1207217.8}, {"year": 2020, "value": 1557947.8}, {"year": 2021, "value": 2692172.2}, {"year": 2022, "value": 2582919.9}, {"year": 2023, "value": 2555112.9}, {"year": 2024, "value": 2933695.1}], "employees": [{"year": 2019, "value": 3243.0}, {"year": 2020, "value": 3272.0}, {"year": 2021, "value": 3284.0}, {"year": 2022, "value": 3239.0}, {"year": 2023, "value": 3187.0}, {"year": 2024, "value": 3177.0}], "investments": [{"year": 2019, "value": 467412.0}, {"year": 2020, "value": 843777.0}, {"year": 2021, "value": 1129387.0}, {"year": 2022, "value": 1204538.0}, {"year": 2023, "value": 1165463.0}, {"year": 2024, "value": 5016791.0}], "vgp2024": 7104225.771402315, "pop2024": 12997.0, "ship2024": 2933695.1, "emp2024": 3177.0, "inv2024": 5016791.0}, "geometry": {"type": "MultiPolygon", "coordinates": [[[[86.8315591, 55.4370402], [86.86578189999999, 55.538476800000005], [86.9006501, 55.6415582], [86.90221399999999, 55.6420079], [86.9047435, 55.64195689999999], [86.9065502, 55.6413961], [86.907273, 55.6403254], [86.9065502, 55.6385918], [86.90627919999999, 55.63670520000001], [86.9071826, 55.63573639999999], [86.9112479, 55.6344615], [86.9133257, 55.6344105], [86.91440969999998, 55.6343595], [86.91465039999999, 55.6328925], [86.91534419999999, 55.63192639999999], [86.9170093, 55.6310648], [86.9199696, 55.63101259999999], [86.92177349999999, 55.63137809999999], [86.9232998, 55.6320309], [86.92579749999999, 55.63190029999999], [86.92792519999999, 55.63260530000001], [86.92755519999999, 55.6333103], [86.9256125, 55.6333364], [86.9241787, 55.633519199999995], [86.9235774, 55.634302399999996], [86.9244562, 55.6352423], [86.9246875, 55.6359212], [86.9256588, 55.6367566], [86.9273702, 55.6368349], [86.9281102, 55.635973400000005], [86.92815649999999, 55.63513789999999], [86.93014539999999, 55.6340413], [86.9321805, 55.6338064], [86.9344007, 55.6343808], [86.93518699999998, 55.6352423], [86.934817, 55.63612999999999], [86.93389189999999, 55.63706989999999], [86.9339844, 55.63764419999999], [86.93467819999998, 55.6382186], [86.9360196, 55.638244699999994], [86.9368522, 55.6376181], [86.9368522, 55.6368349], [86.93726839999998, 55.6360778], [86.9394424, 55.6360778], [86.9414313, 55.63631279999999], [86.9436514, 55.636047100000006], [86.94470959999998, 55.636220300000005], [86.9457443, 55.6366254], [86.9459014, 55.6370584], [86.9463804, 55.637539800000006], [86.9471362, 55.63779619999999], [86.9478491, 55.6378739], [86.9487527, 55.63761689999999], [86.9494981, 55.63662990000001], [86.95068199999999, 55.6360256], [86.95281359999998, 55.63487589999999], [86.95481679999999, 55.63413589999999], [86.95593489999999, 55.63363309999999], [86.9568894, 55.633751999999994], [86.957573, 55.63411339999998], [86.95781489999999, 55.63448079999999], [86.9577205, 55.635080200000004], [86.9575418, 55.6353815], [86.9578771, 55.635879199999984], [86.9585882, 55.636070600000004], [86.9596979, 55.63577899999999], [86.9610394, 55.6355001], [86.9621996, 55.6354319], [86.963037, 55.635294299999984], [86.96414179999998, 55.6352685], [86.96468279999999, 55.63579060000001], [86.9636276, 55.6368325], [86.9638643, 55.63743540000001], [86.9644243, 55.63773], [86.96504869999998, 55.6376975], [86.96590799999998, 55.6372307], [86.9667816, 55.636777499999994], [86.9671667, 55.63671539999999], [86.96770199999999, 55.6368894], [86.96782629999998, 55.637158], [86.96751209999998, 55.637374], [86.9677074, 55.6378579], [86.9684845, 55.6383602], [86.96917749999999, 55.6385837], [86.97033979999999, 55.639053999999994], [86.9707206, 55.63945309999998], [86.97038649999999, 55.6397751], [86.9705711, 55.6401504], [86.9711835, 55.64023929999999], [86.9721363, 55.6401855], [86.97306499999999, 55.6401027], [86.9737363, 55.639807999999995], [86.9745455, 55.6395386], [86.9747325, 55.639142099999994], [86.9754277, 55.63868850000001], [86.97704249999998, 55.63815949999999], [86.97838789999999, 55.6378531], [86.9798218, 55.6379836], [86.9806348, 55.6376146], [86.98153989999999, 55.6372057], [86.9826895, 55.636860999999996], [86.9841696, 55.6368088], [86.9859587, 55.636537499999996], [86.9873344, 55.635911099999994], [86.98795829999999, 55.63549429999999], [86.9882934, 55.63471809999999], [86.9890335, 55.6338826], [86.9906061, 55.63343879999999], [86.99231749999998, 55.633334299999994], [86.9943989, 55.633543199999984], [86.9958328, 55.63364769999999], [86.9971279, 55.6330471], [86.99782169999999, 55.6324205], [86.99772919999998, 55.631428299999996], [86.99833049999998, 55.63046219999999], [86.99957929999998, 55.63007050000001], [87.0016607, 55.63007050000001], [87.0026783, 55.6308539], [87.002447, 55.6316894], [87.0033259, 55.63283830000001], [87.0047135, 55.6329166], [87.00503729999998, 55.632185499999984], [87.0048985, 55.6309844], [87.0057773, 55.6305144], [87.0086913, 55.6307494], [87.01026389999998, 55.6317416], [87.01202159999998, 55.63390879999999], [87.0136404, 55.63471809999999], [87.0150843, 55.63489189999999], [87.01563579999998, 55.63535339999999], [87.01641609999999, 55.63628440000001], [87.0166157, 55.636653100000004], [87.01698920000001, 55.6369727], [87.017723, 55.63724740000001], [87.0186197, 55.6375405], [87.0195609, 55.638033799999995], [87.02080969999999, 55.6383993], [87.02196299999999, 55.6382405], [87.02693939999999, 55.66367209999999], [87.0374326, 55.68299009999999], [87.03839709999998, 55.69561070000001], [87.0157133, 55.69256669999999], [87.0035226, 55.7289055], [87.08145000000002, 55.731338400000006], [87.09148030000001, 55.749667699999996], [87.07265429999998, 55.755746599999995], [87.07249989999998, 55.7619113], [87.0595378, 55.766339], [87.0445695, 55.77684169999999], [87.0444152, 55.781614700000006], [87.06256669999999, 55.80344449999999], [87.074333, 55.8035529], [87.15220919999999, 55.85946570000001], [87.16005979999998, 55.861446199999996], [87.11825149999999, 55.9026078], [87.16049779999999, 55.931081199999994], [87.1721213, 55.93909440000001], [87.1831511, 55.935668400000004], [87.18719659999998, 55.941353500000005], [87.1943566, 55.9452941], [87.19314529999998, 55.960996699999995], [87.2003957, 55.96035249999999], [87.20474289999999, 55.9607949], [87.205665, 55.95895139999998], [87.2109343, 55.958435200000004], [87.21449109999999, 55.9575503], [87.2185748, 55.956886600000004], [87.2266105, 55.9523141], [87.23609519999998, 55.94951129999999], [87.24557989999998, 55.9509127], [87.24953179999999, 55.948257399999996], [87.24953179999999, 55.9412493], [87.25559149999998, 55.93874089999999], [87.30692899999998, 55.98166389999999], [87.33323329999999, 55.9749184], [87.34800999999999, 55.98721849999999], [87.3523325, 55.9965435], [87.3659174, 56.004370200000004], [87.3906172, 56.0073623], [87.3923343, 56.0106107], [87.3955258, 56.01664749999998], [87.4724097, 56.070246], [87.54529579999999, 56.097396499999995], [87.57727509999998, 56.1293784], [87.59912159999999, 56.123093299999994], [87.6184456, 56.1172422], [87.6229976, 56.1160352], [87.6625352, 56.1021264], [87.6738171, 56.107965799999995], [87.68835939999998, 56.1109498], [87.6949279, 56.11860179999999], [87.71338579999998, 56.1319853], [87.7270349, 56.1383106], [87.7293304, 56.1360866], [87.7525757, 56.14945850000001], [87.7554619, 56.14834750000001], [87.7595194, 56.146429700000006], [87.7611268, 56.14566990000001], [87.76490329999999, 56.1428966], [87.7700532, 56.1409838], [87.7765886, 56.1392548], [87.78206470000002, 56.1377728], [87.78910759999998, 56.13629709999999], [87.7988923, 56.13266209999999], [87.806617, 56.1292181], [87.81083769999998, 56.128385400000006], [87.8152001, 56.127783], [87.82018959999999, 56.12796960000001], [87.83113249999998, 56.1291274], [87.8363145, 56.130461799999985], [87.8393195, 56.1331572], [87.8421576, 56.1349121], [87.84532099999998, 56.1360321], [87.84982759999998, 56.136505099999994], [87.85262229999998, 56.13620139999999], [87.85451059999998, 56.1352449], [87.85605549999998, 56.13294909999999], [87.8562499, 56.12816569999999], [87.85602819999998, 56.127006599999994], [87.85708549999998, 56.12443429999999], [87.8598321, 56.120893900000006], [87.86309359999998, 56.1198412], [87.8660119, 56.1181187], [87.87081840000002, 56.1160133], [87.87270670000001, 56.113429200000006], [87.87253499999998, 56.11094070000001], [87.8718039, 56.109336899999995], [87.8718484, 56.1075905], [87.87270670000001, 56.105292999999996], [87.87655669999998, 56.103760199999996], [87.87888849999999, 56.10358819999999], [87.8811996, 56.1038562], [87.88273089999998, 56.1044323], [87.8840697, 56.105834800000004], [87.8856171, 56.10744], [87.88775449999999, 56.10855359999999], [87.89051949999998, 56.1092419], [87.8937588, 56.10909530000001], [87.9013744, 56.112372099999995], [87.9087093, 56.1125601], [87.91511669999998, 56.1099276], [87.9136835, 56.1063546], [87.91877729999999, 56.106347400000004], [87.92217669999998, 56.1071372], [87.9271057, 56.1061578], [87.93305199999999, 56.105977799999984], [87.93456549999999, 56.1065903], [87.93512249999999, 56.107421599999995], [87.935373, 56.1076131], [87.936145, 56.10780599999999], [87.9434434, 56.1092043], [87.94471959999998, 56.10916079999999], [87.94806099999998, 56.107134], [87.95121419999998, 56.104187200000005], [87.9523063, 56.1017193], [87.95822470000002, 56.0951693], [87.95875169999998, 56.091936], [87.96164979999999, 56.089290299999995], [87.9633623, 56.0828223], [87.97824799999998, 56.07613270000001], [87.99043329999999, 56.07613270000001], [87.99907819999999, 56.076936800000006], [88.0036065, 56.0770517], [88.00896959999999, 56.0780754], [88.0209836, 56.074664199999994], [88.0446625, 56.04712059999999], [88.0543777, 56.0499715], [88.0612936, 56.0491438], [88.06623359999999, 56.0470286], [88.07957149999999, 56.05135090000001], [88.08747539999999, 56.0522704], [88.08978069999999, 56.0542014], [88.1034479, 56.04684470000001], [88.11036389999998, 56.04647680000001], [88.1144805, 56.0490519], [88.13115159999998, 56.03666559999999], [88.1306177, 56.034427], [88.1409916, 56.031299], [88.14510820000001, 56.0286307], [88.1456022, 56.023385700000006], [88.15350619999998, 56.02044089999999], [88.1745473, 56.01548090000001], [88.14472409999999, 56.0015025], [88.1382949, 55.9858505], [88.1742225, 55.98246550000001], [88.1957791, 55.9723086], [88.1999391, 55.9659592], [88.2128992, 55.96452120000001], [88.2217353, 55.95683929999999], [88.2237808, 55.954788], [88.19145789999999, 55.9371809], [88.19082099999999, 55.93779709999999], [88.1892287, 55.938234900000005], [88.1881864, 55.938202499999996], [88.18743369999999, 55.9375863], [88.1868836, 55.9375701], [88.1859861, 55.93794299999999], [88.185465, 55.93782949999999], [88.1851755, 55.93690519999999], [88.1838727, 55.9366458], [88.1828015, 55.9373269], [88.18291729999999, 55.9379593], [88.18430689999998, 55.938397099999996], [88.18500179999998, 55.9389808], [88.18482809999999, 55.9397105], [88.1842201, 55.9402618], [88.18045639999998, 55.9402618], [88.17880619999998, 55.939840200000006], [88.17880619999998, 55.9389159], [88.1756505, 55.9388511], [88.17550579999998, 55.9395159], [88.1748978, 55.939661799999996], [88.1739134, 55.940051], [88.16063689999999, 55.9333428], [88.1599301, 55.9316601], [88.15551249999999, 55.9309672], [88.13581, 55.91824509999999], [88.13015539999999, 55.9180471], [88.1299787, 55.9097779], [88.1266213, 55.9048255], [88.12883009999999, 55.904181599999994], [88.1313626, 55.8755824], [88.11774649999998, 55.863145599999996], [88.0555891, 55.83246979999999], [88.0558542, 55.8161911], [87.9971883, 55.8160918], [88.001871, 55.8250758], [87.98305189999999, 55.82735869999999], [87.9560956, 55.8201409], [87.9403778, 55.8161911], [87.9280969, 55.8022396], [87.9230608, 55.793498699999994], [87.9174946, 55.7882831], [87.93894759999999, 55.759266800000006], [87.93002399999999, 55.7538974], [87.9413331, 55.7462894], [87.9606823, 55.74842779999999], [87.9567462, 55.74242519999999], [87.9567948, 55.74012249999999], [87.92694929999999, 55.6902796], [87.95047309999998, 55.688038500000005], [87.95036269999999, 55.6851124], [87.9440676, 55.6681741], [87.9182245, 55.66244329999999], [87.88299409999999, 55.6841785], [87.8474323, 55.66381380000001], [87.8235772, 55.6767687], [87.79962539999998, 55.6881526], [87.8022316, 55.6836483], [87.80446319999999, 55.681422299999994], [87.8056648, 55.677647699999994], [87.8068665, 55.6754214], [87.809613, 55.67338860000001], [87.8193977, 55.669322799999996], [87.8248909, 55.66486919999999], [87.82660749999998, 55.66225490000001], [87.8259209, 55.65954359999999], [87.82265929999998, 55.657316299999984], [87.822316, 55.6558636], [87.8231743, 55.6524739], [87.822316, 55.6494714], [87.820256, 55.6441437], [87.81922609999998, 55.6421093], [87.81424789999998, 55.63968719999999], [87.8115013, 55.63794320000001], [87.8094414, 55.635714699999994], [87.80841139999998, 55.6336799], [87.80738139999998, 55.630385199999985], [87.80858310000002, 55.62776860000001], [87.810128, 55.626121], [87.812188, 55.6252487], [87.8145912, 55.6252487], [87.820771, 55.62573330000001], [87.8267792, 55.6265086], [87.82952579999998, 55.62641169999999], [87.83313059999999, 55.625345599999996], [87.8346756, 55.622341], [87.8374222, 55.6203054], [87.84016879999999, 55.6188514], [87.8408554, 55.6171065], [87.84068369999999, 55.61574929999999], [87.8374222, 55.61206529999999], [87.83725049999998, 55.610417], [87.83845209999998, 55.6082839], [87.84240040000002, 55.6056659], [87.8442886, 55.6036295], [87.84566189999998, 55.60178689999999], [87.8461769, 55.6000412], [87.84669189999998, 55.59868350000001], [87.8465202, 55.5974226], [87.8472069, 55.5938338], [87.84669189999998, 55.592087799999995], [87.8444603, 55.5913118], [87.8415421, 55.591020799999995], [87.83913879999999, 55.59034179999999], [87.83776549999999, 55.589371699999994], [87.83398899999999, 55.5890806], [87.8286674, 55.5890806], [87.8247192, 55.588304599999994], [87.82368929999998, 55.58617019999999], [87.82180099999998, 55.58520010000001], [87.8204277, 55.5841328], [87.81768110000002, 55.5841328], [87.8127029, 55.58510299999999], [87.8097847, 55.584909], [87.80343319999999, 55.5833566], [87.8006866, 55.5820953], [87.7974251, 55.58180419999999], [87.79416349999998, 55.58258039999999], [87.78935699999998, 55.58258039999999], [87.7845505, 55.5819013], [87.77528079999999, 55.5799606], [87.7725342, 55.5798636], [87.76961589999999, 55.5792814], [87.76446609999999, 55.5795725], [87.7622345, 55.5795725], [87.76034619999999, 55.5791844], [87.7588013, 55.578019899999994], [87.75845789999998, 55.57666139999999], [87.7562263, 55.57491459999999], [87.7509048, 55.5718091], [87.7474716, 55.5711297], [87.7411201, 55.5706444], [87.737643, 55.5697518], [87.73497970000001, 55.5685557], [87.730512, 55.569397699999996], [87.72793969999998, 55.5689384], [87.7265182, 55.56752229999999], [87.7254351, 55.56633570000001], [87.7252998, 55.56415390000001], [87.72360749999999, 55.56147429999999], [87.7232013, 55.55622939999999], [87.7167706, 55.5500648], [87.7146721, 55.54872460000001], [87.7129798, 55.54661840000001], [87.7024199, 55.5420609], [87.6932814, 55.5422907], [87.690303, 55.5418311], [87.6880015, 55.5412949], [87.6847523, 55.53980109999999], [87.6796754, 55.5381924], [87.67425999999999, 55.53807749999999], [87.66864159999999, 55.53869029999999], [87.6623462, 55.5392266], [87.66024779999998, 55.539916], [87.659097, 55.5412949], [87.65875849999999, 55.54351629999999], [87.658217, 55.544741800000004], [87.65686319999999, 55.5451631], [87.65347859999999, 55.5449716], [87.6513124, 55.5437078], [87.6490786, 55.541639599999996], [87.64630319999999, 55.5411417], [87.64298629999999, 55.5416779], [87.6407525, 55.54359290000001], [87.63818019999998, 55.54623539999999], [87.63682629999998, 55.548265], [87.63594629999999, 55.54945209999999], [87.6336448, 55.549796799999996], [87.6305987, 55.549567], [87.62863559999998, 55.5484948], [87.62498019999998, 55.5465035], [87.62322020000002, 55.5449716], [87.62322020000002, 55.54301840000001], [87.62362639999999, 55.5408353], [87.62342329999998, 55.53941809999999], [87.62146029999998, 55.53604730000001], [87.6213249, 55.53417029999999], [87.6224756, 55.532369800000005], [87.6242356, 55.531067199999995], [87.6257925, 55.5291516], [87.62626639999999, 55.527849], [87.6250479, 55.5263164], [87.62294949999999, 55.5255117], [87.6202418, 55.5260098], [87.61807569999999, 55.5268528], [87.61543569999999, 55.5277723], [87.61374339999999, 55.5277723], [87.61211879999999, 55.52731260000001], [87.6103588, 55.5262014], [87.6094111, 55.5250519], [87.6002727, 55.5233276], [87.59871569999999, 55.52263789999999], [87.59607579999998, 55.5222164], [87.59242039999998, 55.5223697], [87.5899835, 55.52290609999999], [87.58754659999998, 55.52294449999999], [87.5835527, 55.5225613], [87.58240199999999, 55.521718199999995], [87.58165739999998, 55.520185399999995], [87.57698659999998, 55.5192274], [87.56913439999998, 55.51819259999999], [87.566359, 55.5168513], [87.56385439999998, 55.517119599999994], [87.56182359999998, 55.517272899999995], [87.5595221, 55.5168896], [87.55389589999999, 55.5167688], [87.54468689999999, 55.5211197], [87.53097289999998, 55.525995], [87.4974639, 55.525969999999994], [87.48249109999999, 55.532606999999985], [87.464537, 55.526795], [87.42743619999999, 55.5298698], [87.38486809999999, 55.49152479999999], [87.24071309999998, 55.4764698], [87.0514923, 55.458487999999996], [86.90495320000001, 55.436041800000005], [86.8862165, 55.4265267], [86.8800054, 55.4280539], [86.8744154, 55.425293100000005], [86.851331, 55.433222699999995], [86.8315591, 55.4370402]]]]}}, {"type": "Feature", "properties": {"id": "mo-32540000", "name": "Юргинский муниципальный округ", "region": "Кемеровская область", "isCity": false, "sourceOktmo": "32-540-000-000", "sourceAgg": "Кемерово", "excelNames": ["Юргинский муниципальный округ"], "oktmo": "32540000", "vgp": [{"year": 2019, "value": 4201148.60113706}, {"year": 2020, "value": 4153461.1419571233}, {"year": 2021, "value": 3385642.556685573}, {"year": 2022, "value": 6571475.565867253}, {"year": 2023, "value": 5705519.714888904}, {"year": 2024, "value": 5163913.766035521}], "population": [{"year": 2019, "value": 20753.0}, {"year": 2020, "value": 20468.0}, {"year": 2021, "value": 20112.0}, {"year": 2022, "value": 19744.0}, {"year": 2023, "value": 19524.0}, {"year": 2024, "value": 19321.0}, {"year": 2025, "value": 19250.0}], "shipments": [{"year": 2019, "value": 16451520.3}, {"year": 2020, "value": 15296036.5}, {"year": 2021, "value": 20565662.1}, {"year": 2022, "value": 21220335.9}, {"year": 2023, "value": 21512514.1}, {"year": 2024, "value": 1162116.8}], "employees": [{"year": 2019, "value": 2826.0}, {"year": 2020, "value": 2850.0}, {"year": 2021, "value": 2492.0}, {"year": 2022, "value": 2320.0}, {"year": 2023, "value": 2274.0}, {"year": 2024, "value": 2254.0}], "investments": [{"year": 2019, "value": 142215.0}, {"year": 2020, "value": 1364099.0}, {"year": 2021, "value": 1176612.0}, {"year": 2022, "value": 1322186.0}, {"year": 2023, "value": 1214549.0}, {"year": 2024, "value": 890772.0}], "vgp2024": 5163913.766035521, "pop2024": 19321.0, "ship2024": 1162116.8, "emp2024": 2254.0, "inv2024": 890772.0}, "geometry": {"type": "MultiPolygon", "coordinates": [[[[84.4723407, 56.0158053], [84.4626977, 56.026017], [84.4563966, 56.0328632], [84.4534388, 56.03621160000001], [84.4480046, 56.041509], [84.44789469999999, 56.041570899999996], [84.44931859999998, 56.041758699999995], [84.45010719999999, 56.0416749], [84.45013399999999, 56.0414231], [84.4501769, 56.04132270000001], [84.45034859999998, 56.04121030000001], [84.4506973, 56.04135120000001], [84.45144829999998, 56.0418546], [84.45166799999998, 56.04220569999999], [84.4521994, 56.0425018], [84.4522095, 56.0428327], [84.4528431, 56.04331690000001], [84.45274229999998, 56.0448849], [84.45325890000001, 56.04545300000001], [84.45404389999999, 56.0459664], [84.4546188, 56.04612480000001], [84.45794499999998, 56.0460067], [84.4586634, 56.0460795], [84.46033709999999, 56.04652889999999], [84.4608366, 56.04669009999999], [84.460948, 56.04734989999999], [84.46098469999998, 56.048068199999996], [84.4610721, 56.0485355], [84.4612598, 56.0487819], [84.46250329999998, 56.0490341], [84.4645353, 56.0493295], [84.4658945, 56.05017229999999], [84.4662577, 56.0505655], [84.466534, 56.05059080000001], [84.4669354, 56.050717199999994], [84.46818039999998, 56.0518625], [84.4678044, 56.052544600000004], [84.4680042, 56.052816299999996], [84.4697356, 56.052556599999996], [84.471538, 56.05277230000001], [84.4729543, 56.052988], [84.4750571, 56.052628500000004], [84.47638249999999, 56.05277649999999], [84.4788569, 56.053345500000006], [84.4795418, 56.05388670000001], [84.48001379999998, 56.0538507], [84.4810003, 56.0534174], [84.48354979999999, 56.05496889999999], [84.4854049, 56.0553062], [84.4901453, 56.05644100000001], [84.495217, 56.0569106], [84.49837369999999, 56.057013], [84.5002454, 56.057751599999996], [84.5071491, 56.06079729999999], [84.51002660000002, 56.061546], [84.510355, 56.062369200000006], [84.5116746, 56.0628127], [84.51393839999999, 56.06198580000001], [84.51667770000002, 56.061741000000005], [84.51928939999999, 56.062140500000005], [84.5223344, 56.06268000000001], [84.524272, 56.06322560000001], [84.52551379999998, 56.0641476], [84.52731229999999, 56.065846400000005], [84.52756529999999, 56.066773999999995], [84.53228719999998, 56.068629], [84.5342266, 56.0716646], [84.5354318, 56.0720947], [84.53712699999998, 56.0734612], [84.54139689999998, 56.074739], [84.54350190000001, 56.075206099999996], [84.54729629999999, 56.07758810000001], [84.5488141, 56.07733519999999], [84.5519339, 56.0787686], [84.55215969999999, 56.07939589999999], [84.55303430000001, 56.0797357], [84.55382819999998, 56.0796519], [84.5535545, 56.078683000000005], [84.5555502, 56.0784634], [84.5561403, 56.078143100000005], [84.55702009999999, 56.0781371], [84.5571542, 56.0782329], [84.55695029999998, 56.0784005], [84.55666059999999, 56.078454400000005], [84.5557656, 56.0791375], [84.55543719999999, 56.0805605], [84.55568429999998, 56.08108870000001], [84.5563448, 56.081180200000006], [84.5603612, 56.07939499999999], [84.5652222, 56.078646], [84.56912749999998, 56.0790651], [84.57229019999998, 56.079225399999984], [84.57723029999998, 56.0792958], [84.5822052, 56.0800547], [84.58591869999998, 56.0809463], [84.5887457, 56.08179509999999], [84.59181779999999, 56.08250000000001], [84.5922394, 56.08368049999999], [84.59460039999999, 56.08570419999999], [84.5963711, 56.0849453], [84.5967084, 56.0865474], [84.5995277, 56.085940699999995], [84.6010699, 56.086952100000005], [84.602108, 56.0863231], [84.6038226, 56.0880811], [84.6047648, 56.087217300000006], [84.60470339999999, 56.088204], [84.60620839999999, 56.08820899999999], [84.60638609999998, 56.0891647], [84.6075997, 56.0889812], [84.6075808, 56.089308599999995], [84.60762869999999, 56.0897717], [84.60850869999999, 56.089520799999995], [84.609024, 56.0883661], [84.60988279999998, 56.0885707], [84.6102916, 56.08802219999999], [84.61160299999999, 56.0886494], [84.6120965, 56.0887033], [84.61224669999999, 56.0885357], [84.6123111, 56.0883442], [84.6127939, 56.0882424], [84.6136415, 56.088421999999994], [84.61373799999998, 56.08877509999999], [84.61327669999999, 56.0892121], [84.61356639999998, 56.08940359999999], [84.61382549999999, 56.0894144], [84.61484309999999, 56.08908040000001], [84.6153366, 56.08912229999999], [84.6157336, 56.08939170000001], [84.6163022, 56.08945750000001], [84.6176863, 56.0893318], [84.6187591, 56.0889001], [84.61992859999998, 56.088685000000005], [84.6199822, 56.08912229999999], [84.62035769999999, 56.08996629999999], [84.6210444, 56.0904511], [84.6216237, 56.0904032], [84.6221065, 56.0902775], [84.6231852, 56.090786900000005], [84.62369439999999, 56.09081019999999], [84.6242523, 56.0904032], [84.6251106, 56.0912412], [84.62489599999999, 56.0920432], [84.62695600000002, 56.093659200000005], [84.62793229999998, 56.09410799999999], [84.6274924, 56.09454490000001], [84.62950939999999, 56.0950835], [84.6304669, 56.095795200000005], [84.6327766, 56.09490809999999], [84.63523859999998, 56.0953948], [84.6352601, 56.0963164], [84.63579649999998, 56.09703449999999], [84.63529379999999, 56.0984187], [84.636848, 56.098817800000006], [84.63762040000002, 56.0988418], [84.63766329999999, 56.099284600000004], [84.63742729999998, 56.0998471], [84.63780189999999, 56.100141], [84.6387148, 56.09993089999999], [84.6396589, 56.099464099999985], [84.6412253, 56.09976329999999], [84.64403539999999, 56.100010499999996], [84.64384859999998, 56.10116699999999], [84.64553829999998, 56.1008763], [84.6467983, 56.1013667], [84.64933629999999, 56.10060109999999], [84.6497118, 56.10138489999999], [84.6502567, 56.10172089999999], [84.6508276, 56.10151059999999], [84.6514928, 56.1009242], [84.65296719999999, 56.10064109999999], [84.6529949, 56.1016363], [84.65431449999998, 56.1016482], [84.65377809999998, 56.10228849999999], [84.65522709999999, 56.1025053], [84.65611699999998, 56.1025458], [84.6565568, 56.101738], [84.6571911, 56.1008287], [84.65891129999999, 56.100889699999996], [84.6580052, 56.101414899999995], [84.6575332, 56.102037200000005], [84.65780739999998, 56.1025026], [84.6592283, 56.10229449999999], [84.6605545, 56.1019042], [84.66043509999999, 56.1031407], [84.662563, 56.10242099999999], [84.663595, 56.102611599999996], [84.6638417, 56.10340740000001], [84.6652077, 56.10371309999999], [84.6658265, 56.1026774], [84.66621949999998, 56.10278719999999], [84.6671549, 56.1035107], [84.6685409, 56.10366470000001], [84.6684015, 56.1027731], [84.66926109999999, 56.1023085], [84.66947969999998, 56.1024949], [84.669249, 56.10312619999999], [84.6708265, 56.1039388], [84.67175400000002, 56.1030113], [84.6733561, 56.1036016], [84.67369339999999, 56.10292700000001], [84.67672899999998, 56.1027584], [84.67790949999998, 56.1040232], [84.6789213, 56.1037702], [84.6821255, 56.10452909999999], [84.68229409999998, 56.106046899999996], [84.6839805, 56.1063842], [84.68532969999998, 56.10587829999999], [84.68887119999998, 56.1069745], [84.69055760000002, 56.10798629999999], [84.69209069999998, 56.1085887], [84.69332479999998, 56.1073074], [84.6938461, 56.1086609], [84.6964601, 56.1089139], [84.69780919999998, 56.10994680000001], [84.69932699999998, 56.1097782], [84.70059179999998, 56.1104527], [84.70025449999999, 56.1118862], [84.7022781, 56.1133196], [84.7031214, 56.11256079999999], [84.70455479999998, 56.1133196], [84.7063256, 56.1129824], [84.7065785, 56.114331500000006], [84.7088552, 56.11399419999999], [84.70809629999998, 56.1128137], [84.70936109999998, 56.11256079999999], [84.71003569999999, 56.1135726], [84.71121619999998, 56.11348829999999], [84.71501059999999, 56.11475310000001], [84.7201542, 56.1144159], [84.72226219999999, 56.1158493], [84.7257194, 56.115849399999995], [84.7280804, 56.116608299999996], [84.72993539999999, 56.1178731], [84.7378616, 56.11848440000001], [84.74106579999999, 56.1180628], [84.7434268, 56.119412], [84.74367979999998, 56.12008649999999], [84.7433692, 56.1204743], [84.7435623, 56.1206149], [84.7440666, 56.1207106], [84.74466739999998, 56.120728499999984], [84.74539159999999, 56.1204325], [84.7456759, 56.1203876], [84.7459012, 56.120468299999985], [84.7459227, 56.1206866], [84.7460461, 56.1209169], [84.74649669999998, 56.1209049], [84.7468454, 56.1207135], [84.74709209999999, 56.1208003], [84.74724769999999, 56.1211083], [84.7490283, 56.1221916], [84.74944669999998, 56.1224906], [84.7497901, 56.1225205], [84.75068059999998, 56.1224787], [84.75120629999999, 56.1225325], [84.75149599999999, 56.12263419999999], [84.7514745, 56.1228016], [84.7511419, 56.1228674], [84.7508522, 56.1230707], [84.7507986, 56.1236389], [84.7504123, 56.124129200000006], [84.7504445, 56.1243386], [84.7506698, 56.12445819999999], [84.75112039999999, 56.12418310000001], [84.7515496, 56.1240575], [84.7520002, 56.12415320000001], [84.7521719, 56.124302699999994], [84.7518822, 56.1243625], [84.75161399999999, 56.1245837], [84.75138869999999, 56.124990399999994], [84.75112039999999, 56.1252236], [84.75145299999998, 56.1253193], [84.7517856, 56.1251877], [84.75249369999999, 56.12503819999999], [84.75299799999999, 56.1247033], [84.7533199, 56.1245778], [84.7534486, 56.124990399999994], [84.7538456, 56.1250502], [84.75441419999999, 56.124846899999994], [84.7549828, 56.1248768], [84.75566949999998, 56.12518169999999], [84.75569089999999, 56.1253671], [84.7548112, 56.1255047], [84.7543927, 56.12628800000001], [84.75452149999998, 56.1264495], [84.75482189999998, 56.12648539999999], [84.7554871, 56.12639570000001], [84.7560128, 56.126473399999995], [84.75657070000001, 56.126491399999985], [84.7571393, 56.126114599999994], [84.7574075, 56.1261565], [84.757193, 56.1266349], [84.7566673, 56.1268382], [84.7563132, 56.1270953], [84.75650629999998, 56.12725679999999], [84.7571715, 56.1270714], [84.7576436, 56.1270236], [84.7584482, 56.12732849999999], [84.7590812, 56.127382299999994], [84.7603902, 56.1270056], [84.76072279999998, 56.1267604], [84.7602936, 56.1264973], [84.76087299999999, 56.1261027], [84.7614952, 56.1255465], [84.76176349999999, 56.125702000000004], [84.76198879999998, 56.12612659999999], [84.76295439999998, 56.12609669999999], [84.763362, 56.125678099999995], [84.763877, 56.1260608], [84.7644778, 56.12593520000001], [84.7654005, 56.1256123], [84.7660228, 56.1255884], [84.76610859999998, 56.125438900000006], [84.7652718, 56.1253073], [84.7653791, 56.12507409999999], [84.7661515, 56.1249784], [84.76668799999999, 56.1251459], [84.7675678, 56.125205699999995], [84.7678789, 56.125379099999996], [84.7686192, 56.12574390000001], [84.7689089, 56.1250861], [84.7694989, 56.124727299999996], [84.77038939999998, 56.125438900000006], [84.77101169999999, 56.1250502], [84.7723528, 56.126006999999994], [84.77326479999999, 56.1261326], [84.77390849999999, 56.1259472], [84.7745308, 56.1260369], [84.7746488, 56.12619829999999], [84.7744664, 56.1263359], [84.77387629999998, 56.12629399999999], [84.7735974, 56.126491399999985], [84.7744986, 56.12729859999999], [84.77514229999998, 56.127179], [84.7759577, 56.1275558], [84.77719150000001, 56.1269219], [84.7780713, 56.1275438], [84.77883299999999, 56.1272627], [84.78012049999998, 56.1276694], [84.7805389, 56.1278667], [84.7810432, 56.12740029999999], [84.78201949999999, 56.1277949], [84.7826847, 56.12808199999999], [84.7825881, 56.128464699999995], [84.7831138, 56.12888319999999], [84.78282419999998, 56.1291523], [84.78245940000001, 56.1288294], [84.7817084, 56.128668000000005], [84.7812041, 56.12879350000001], [84.78121479999999, 56.1289191], [84.7819659, 56.1292061], [84.78259889999998, 56.12940940000001], [84.78301729999998, 56.129379500000006], [84.7837361, 56.12940940000001], [84.7842296, 56.12974419999999], [84.7838541, 56.129851900000006], [84.7832962, 56.13007309999999], [84.78296359999999, 56.13031229999999], [84.7829958, 56.1304917], [84.78410089999998, 56.1306411], [84.7844657, 56.1308205], [84.78515229999998, 56.13114339999999], [84.7859033, 56.1311793], [84.7864183, 56.1312929], [84.78665440000002, 56.1315141], [84.7868475, 56.13218369999999], [84.7863539, 56.13250060000001], [84.7859248, 56.1327816], [84.78753409999999, 56.133128400000004], [84.78785599999999, 56.1329431], [84.78753409999999, 56.13229729999999], [84.78793109999998, 56.13229139999999], [84.7884032, 56.13244679999999], [84.7895619, 56.1325066], [84.78937949999998, 56.132721800000006], [84.7890683, 56.13288920000001], [84.78910050000002, 56.1330866], [84.78948679999999, 56.1333137], [84.789755, 56.1336486], [84.79002319999998, 56.1340431], [84.7903236, 56.1341747], [84.7906026, 56.1341328], [84.7909352, 56.13370239999999], [84.791257, 56.13360069999999], [84.791418, 56.13370239999999], [84.791418, 56.1339116], [84.79181489999999, 56.13402520000001], [84.7927698, 56.13372629999999], [84.79254449999999, 56.13349310000001], [84.79254449999999, 56.1330268], [84.7930273, 56.1327816], [84.7933921, 56.1327876], [84.7937676, 56.1329072], [84.79338129999998, 56.13318819999999], [84.79330619999999, 56.1336366], [84.79410019999999, 56.1339535], [84.79463659999999, 56.1340431], [84.7947868, 56.1342943], [84.79543049999998, 56.134647], [84.7961172, 56.1346589], [84.79638539999999, 56.1342225], [84.79608499999999, 56.13355289999999], [84.796321, 56.133355599999994], [84.7968682, 56.133511], [84.79696479999998, 56.1338459], [84.79784449999998, 56.134085], [84.7990783, 56.13412089999999], [84.79986149999999, 56.13388170000001], [84.79986149999999, 56.1334991], [84.8002156, 56.133200099999996], [84.8016425, 56.13355289999999], [84.80130989999999, 56.134383899999996], [84.80200729999999, 56.1349818], [84.80241499999998, 56.13519699999999], [84.8030802, 56.13541219999999], [84.8037347, 56.135292699999994], [84.80438909999998, 56.1348742], [84.80489339999998, 56.1348383], [84.8053225, 56.134934], [84.8056766, 56.134921999999996], [84.80617010000002, 56.13463499999999], [84.80672799999999, 56.13489809999999], [84.80649199999999, 56.13538229999999], [84.80668509999998, 56.135531799999995], [84.80785449999999, 56.13541219999999], [84.8080369, 56.13562749999999], [84.80775799999999, 56.1358427], [84.8075863, 56.13612369999999], [84.80794039999999, 56.13635680000001], [84.80905620000001, 56.1363927], [84.81093370000002, 56.1363389], [84.8118993, 56.1365601], [84.8119851, 56.136751399999994], [84.811792, 56.1370563], [84.8120602, 56.13715189999999], [84.8123714, 56.1370742], [84.8123714, 56.136596000000004], [84.8126825, 56.136315], [84.8130902, 56.136374800000006], [84.81353009999998, 56.136446500000005], [84.81356229999999, 56.136207399999996], [84.8128971, 56.1359144], [84.8132941, 56.13579490000001], [84.8140451, 56.13596230000001], [84.81427039999998, 56.13622530000001], [84.81430259999999, 56.1364824], [84.8140129, 56.13678129999999], [84.81403429999999, 56.1369427], [84.8144206, 56.1370563], [84.81448499999999, 56.13739110000001], [84.8144742, 56.13783339999999], [84.81479609999998, 56.137953], [84.81524669999999, 56.1377856], [84.81571879999998, 56.1372595], [84.8163196, 56.137229600000005], [84.817017, 56.1373193], [84.8177358, 56.1373671], [84.81856189999999, 56.1369487], [84.81906619999998, 56.1370682], [84.8198279, 56.136990499999996], [84.8198279, 56.137169899999996], [84.819506, 56.1376003], [84.81970989999999, 56.1377677], [84.8202571, 56.1377019], [84.82105099999998, 56.1370085], [84.82153380000001, 56.1369068], [84.8219951, 56.1371878], [84.8223921, 56.13745680000001], [84.8234864, 56.13769589999998], [84.82393709999998, 56.137941], [84.8235079, 56.13810840000001], [84.8227891, 56.138132299999995], [84.8228213, 56.13830569999999], [84.8234972, 56.1385926], [84.8242482, 56.138622500000004], [84.8245808, 56.13837149999999], [84.82516009999999, 56.1381144], [84.8256, 56.1379052], [84.8255786, 56.1372237], [84.8258146, 56.1370563], [84.8265334, 56.1372655], [84.82794959999998, 56.137492699999996], [84.82835729999998, 56.13756440000001], [84.82828219999999, 56.13775569999999], [84.82791749999998, 56.1377438], [84.82729519999998, 56.137851399999995], [84.82712349999998, 56.138060599999996], [84.82731659999999, 56.13843719999999], [84.8276707, 56.1385329], [84.82825009999999, 56.13834750000001], [84.8289152, 56.1382698], [84.8291298, 56.1384791], [84.8291191, 56.1388377], [84.8293444, 56.139118700000004], [84.8296448, 56.1393757], [84.8300525, 56.139429500000006], [84.8302778, 56.1389633], [84.83071769999998, 56.13875999999999], [84.83106100000002, 56.138772], [84.83115759999998, 56.13928009999999], [84.8313292, 56.139579], [84.83169399999998, 56.1395551], [84.83198369999998, 56.1389693], [84.83229479999999, 56.139047], [84.83238069999999, 56.139489299999994], [84.83198369999998, 56.139746399999986], [84.83111459999999, 56.1401887], [84.83111459999999, 56.14045169999999], [84.8317798, 56.141222899999995], [84.8325845, 56.14096579999998], [84.83285269999999, 56.1411033], [84.8321768, 56.141456], [84.83175839999998, 56.14186839999999], [84.83223039999999, 56.1420956], [84.8331102, 56.14236449999999], [84.8330029, 56.1424961], [84.8321232, 56.1425618], [84.83216609999998, 56.1428487], [84.83279909999999, 56.1428726], [84.83348569999998, 56.14265739999999], [84.8339471, 56.1427531], [84.83423669999999, 56.142514], [84.83471950000002, 56.1418864], [84.8350736, 56.1421673], [84.83503069999999, 56.1424482], [84.83488049999998, 56.142741099999995], [84.83438689999998, 56.14293239999999], [84.8340544, 56.143147600000006], [84.83414019999998, 56.1433329], [84.8344406, 56.14344640000001], [84.83494479999999, 56.14352409999999], [84.83542759999999, 56.1432193], [84.835728, 56.1432193], [84.8363181, 56.1431296], [84.8366507, 56.14266940000001], [84.83690819999998, 56.14265739999999], [84.8374768, 56.143081800000004], [84.8381742, 56.1434405], [84.8389145, 56.1436975], [84.83937589999998, 56.143572000000006], [84.8396012, 56.14310570000001], [84.8398694, 56.14310570000001], [84.8401269, 56.143320900000006], [84.8401591, 56.143601800000006], [84.83950459999998, 56.143817], [84.83955820000001, 56.14403819999999], [84.83981569999999, 56.144343], [84.8401805, 56.144564200000005], [84.8407599, 56.1445163], [84.8414465, 56.144343], [84.8421654, 56.14429519999999], [84.8421332, 56.1440501], [84.8415645, 56.1436616], [84.84217609999999, 56.1433568], [84.84262669999998, 56.1433568], [84.84303439999998, 56.1439605], [84.84337769999999, 56.14448649999999], [84.8440536, 56.144193599999994], [84.8446115, 56.1444506], [84.8447617, 56.144928799999995], [84.84518019999999, 56.14495860000001], [84.84541619999999, 56.145126], [84.8450943, 56.14534119999999], [84.84511579999999, 56.14563399999999], [84.8453089, 56.1459388], [84.84575949999999, 56.145908999999996], [84.846414, 56.14555039999999], [84.84698259999999, 56.14537700000001], [84.84730449999999, 56.145460699999994], [84.8475834, 56.1456281], [84.84794819999999, 56.145598199999995], [84.8480448, 56.1454069], [84.84774429999999, 56.14529329999999], [84.8471864, 56.145233600000005], [84.847165, 56.1448989], [84.84773359999998, 56.14473749999999], [84.8486027, 56.14481519999999], [84.84875289999998, 56.14509610000001], [84.8485168, 56.14553840000001], [84.8488816, 56.145652], [84.84936439999998, 56.145914899999994], [84.84889229999999, 56.14637519999999], [84.84865629999999, 56.1468652], [84.84814129999998, 56.14704450000001], [84.84808769999998, 56.1472657], [84.8483452, 56.1473314], [84.84870989999999, 56.14719989999999], [84.8492464, 56.146996699999995], [84.8496433, 56.14696680000001], [84.8499652, 56.14718799999999], [84.85012609999998, 56.147486799999996], [84.8499652, 56.147737799999994], [84.8499652, 56.1479769], [84.8501476, 56.14810839999999], [84.8506519, 56.1481383], [84.8508664, 56.14804259999999], [84.8509845, 56.147737799999994], [84.8509415, 56.1473613], [84.85055529999998, 56.14714609999999], [84.8505982, 56.14687719999999], [84.85107029999999, 56.1466859], [84.85127409999998, 56.1467457], [84.85160669999999, 56.147020600000005], [84.85198219999998, 56.1472956], [84.8522397, 56.14745690000001], [84.8525831, 56.147247699999994], [84.8530658, 56.147217899999994], [84.8533555, 56.14731350000001], [84.8536237, 56.147696], [84.8539671, 56.1477797], [84.85428889999999, 56.147606299999985], [84.8548361, 56.147558499999995], [84.85535110000001, 56.147403100000005], [84.8561128, 56.147433], [84.85657419999998, 56.147522699999996], [84.85678879999999, 56.14789919999999], [84.85670289999999, 56.14826970000001], [84.8566922, 56.1484371], [84.8570677, 56.1485267], [84.85747539999998, 56.148401199999995], [84.8576256, 56.14804259999999], [84.85718569999999, 56.14757650000001], [84.8576792, 56.147403100000005], [84.8584625, 56.1474928], [84.85936369999999, 56.14776169999999], [84.8597177, 56.14789919999999], [84.8597606, 56.14810839999999], [84.85949239999998, 56.14832349999999], [84.8591276, 56.14848490000001], [84.85861269999998, 56.1485745], [84.8584839, 56.1489212], [84.85884869999998, 56.1492738], [84.8592135, 56.149477], [84.8597499, 56.14968609999999], [84.8603722, 56.14959050000001], [84.8606619, 56.1493036], [84.8605117, 56.1489451], [84.86001809999999, 56.14865819999999], [84.8600396, 56.1485267], [84.86074769999999, 56.1483355], [84.8613271, 56.1484371], [84.86174549999998, 56.148735899999984], [84.86197079999998, 56.1490048], [84.8621746, 56.1495786], [84.8624643, 56.14975189999999], [84.86304369999999, 56.14968609999999], [84.86353719999998, 56.149477], [84.86330119999998, 56.1490048], [84.8626789, 56.1486403], [84.86248579999999, 56.148341499999994], [84.8626789, 56.1479709], [84.86319389999998, 56.14792310000001], [84.8635586, 56.148036700000006], [84.8643526, 56.1485745], [84.86513579999999, 56.1495128], [84.86531819999999, 56.149835499999995], [84.8657581, 56.14998489999999], [84.86699189999999, 56.1496503], [84.86800039999999, 56.14975189999999], [84.8683759, 56.15008650000001], [84.8682042, 56.150516799999984], [84.8675605, 56.150767800000004], [84.86706699999999, 56.1509531], [84.86635889999998, 56.150935100000005], [84.86597259999999, 56.1510845], [84.86563999999998, 56.151431099999996], [84.8657795, 56.15171800000001], [84.8661228, 56.151849500000004], [84.86646619999999, 56.15174789999999], [84.86688459999999, 56.1517897], [84.8676141, 56.1518435], [84.86810769999998, 56.15182560000001], [84.8685154, 56.1523514], [84.8684939, 56.1526682], [84.8683008, 56.15275179999999], [84.8676249, 56.1526323], [84.8671314, 56.152710000000006], [84.86672369999998, 56.1529789], [84.8668524, 56.153206], [84.86712059999999, 56.1533255], [84.8683115, 56.15400669999999], [84.86863339999998, 56.153923000000006], [84.86909469999999, 56.15348079999999], [84.86909469999999, 56.153194], [84.86932, 56.15302069999999], [84.86964190000002, 56.1530446], [84.871262, 56.1539708], [84.8712727, 56.1541621], [84.87038219999998, 56.154377200000006], [84.8704036, 56.1545804], [84.87075769999998, 56.154861200000006], [84.87165889999999, 56.1550464], [84.87218459999998, 56.1552436], [84.87271029999998, 56.1549688], [84.8736116, 56.1550345], [84.874427, 56.1546521], [84.87488829999998, 56.1545983], [84.8751994, 56.15475959999999], [84.8752086, 56.1549236], [84.8751088, 56.1554605], [84.87527189999999, 56.15593940000001], [84.87558599999998, 56.1560405], [84.8759703, 56.15601889999999], [84.8765277, 56.155354800000005], [84.87702009999998, 56.1550715], [84.87744209999998, 56.15512329999999], [84.87781889999998, 56.1552744], [84.87784729999998, 56.1557097], [84.8768125, 56.1566066], [84.87685379999999, 56.1570114], [84.87707369999998, 56.1576062], [84.8771846, 56.1577703], [84.8773254, 56.1578542], [84.877485, 56.1578629], [84.8780188, 56.15775980000001], [84.87818959999998, 56.157752300000006], [84.87830979999998, 56.157761300000004], [84.8783799, 56.1577692], [84.87846540000001, 56.1577807], [84.87861019999998, 56.157797900000006], [84.8787215, 56.15779719999999], [84.87881679999998, 56.157786], [84.87887089999998, 56.15776809999999], [84.8790434, 56.157650800000006], [84.8793572, 56.1572953], [84.8798783, 56.1566765], [84.880119, 56.15664099999999], [84.8803884, 56.156857499999994], [84.88073279999999, 56.1572809], [84.8801444, 56.157851199999996], [84.8802211, 56.1581003], [84.8806937, 56.15867300000001], [84.8808192, 56.1592371], [84.8813428, 56.1594865], [84.88265219999998, 56.15931199999999], [84.8829162, 56.15872860000001], [84.883429, 56.15841399999999], [84.88381579999998, 56.1587259], [84.88398370000002, 56.159616099999994], [84.88366069999998, 56.16017060000001], [84.88379969999998, 56.16054220000001], [84.8846462, 56.160445100000004], [84.8852636, 56.160602], [84.8853226, 56.160849899999995], [84.8851397, 56.161401], [84.8846274, 56.1616639], [84.88494439999998, 56.161833900000005], [84.8856563, 56.16197609999999], [84.8859642, 56.161628699999994], [84.8864229, 56.161121099999995], [84.8871911, 56.16100339999999], [84.88755959999999, 56.161332300000005], [84.8879528, 56.1613945], [84.8894178, 56.1611764], [84.88975359999999, 56.1612854], [84.89009269999998, 56.1616182], [84.8905798, 56.16150979999999], [84.8906865, 56.161218500000004], [84.890782, 56.16082509999998], [84.89140479999999, 56.16071099999999], [84.89180549999999, 56.160798799999995], [84.89238699999999, 56.160738499999994], [84.89294009999999, 56.160478899999994], [84.89371849999999, 56.1603328], [84.8941412, 56.1603238], [84.89449559999998, 56.1603125], [84.8946297, 56.1603887], [84.89461359999999, 56.160472399999996], [84.89445809999998, 56.1605814], [84.89413959999999, 56.1606306], [84.8936434, 56.1609694], [84.89380429999999, 56.1613485], [84.8943627, 56.1612899], [84.8947586, 56.1610518], [84.8948155, 56.1607325], [84.8951631, 56.16061390000001], [84.8957672, 56.1607307], [84.89656109999999, 56.160511400000004], [84.89703209999999, 56.1605344], [84.897318, 56.16086330000001], [84.89738669999998, 56.161179700000005], [84.8972247, 56.161700100000004], [84.89722569999999, 56.1620367], [84.8981779, 56.162253699999994], [84.9052387, 56.15893789999999], [84.91367089999999, 56.15387870000001], [84.91813989999999, 56.1524453], [84.92168139999998, 56.1530356], [84.92193429999999, 56.1545533], [84.926825, 56.1541318], [84.94141269999999, 56.146269], [84.9609754, 56.1356237], [84.97134699999998, 56.1283722], [84.97581609999999, 56.12329189999999], [84.97750269999999, 56.112414599999994], [84.98061349999999, 56.1110675], [84.9808385, 56.1086545], [84.9780919, 56.1047297], [84.96760039999998, 56.0981084], [84.96504569999999, 56.09649590000001], [84.9502828, 56.090463], [84.9384382, 56.0870153], [84.9259069, 56.08078940000001], [84.9095991, 56.07293370000001], [84.90015769999998, 56.0667055], [84.8961121, 56.0630057], [84.89393449999999, 56.0599822], [84.8928691, 56.05850279999999], [84.89151699999998, 56.05432530000001], [84.88796970000001, 56.0403443], [84.88814139999998, 56.033727199999994], [84.89277619999999, 56.0256701], [84.89979359999998, 56.017894999999996], [84.9068525, 56.0103186], [84.9144422, 56.000301799999995], [84.9179522, 55.9975181], [84.92221229999998, 55.9949585], [84.92866299999999, 55.991852499999986], [84.93853809999999, 55.9874045], [84.9506261, 55.98132590000001], [84.96315739999999, 55.9745066], [84.9701955, 55.9685507], [84.97774859999998, 55.95826989999999], [84.9868467, 55.94327609999999], [84.9950864, 55.933469300000006], [85.00658769999998, 55.9259683], [85.01516989999999, 55.92148019999999], [85.01688, 55.91998819999999], [85.0179751, 55.9181833], [85.01833049999999, 55.9159559], [85.0174024, 55.898067399999995], [85.0141408, 55.890270799999996], [85.0055578, 55.88266509999998], [84.99233979999998, 55.8669678], [84.98821379999998, 55.86424999999999], [84.98049520000001, 55.85993570000001], [84.9683073, 55.85521479999999], [84.95234269999999, 55.8498187], [84.93689319999999, 55.8445183], [84.9323607, 55.84288239999999], [84.9248769, 55.8401811], [84.91783879999998, 55.83555419999999], [84.9140963, 55.830371799999995], [84.91332739999999, 55.8270321], [84.91339449999998, 55.82233449999999], [84.913865, 55.8194821], [84.91542139999999, 55.8146298], [84.91649359999998, 55.80984769999999], [84.91629389999999, 55.8041151], [84.91409359999999, 55.7922562], [84.91337559999998, 55.78838600000001], [84.9154355, 55.77728499999999], [84.9173415, 55.7705622], [84.9193592, 55.7682869], [84.9217927, 55.76603319999999], [84.91431, 55.7655557], [84.91445709999999, 55.7649487], [84.90872209999999, 55.76509949999999], [84.9085205, 55.76403299999999], [84.90322, 55.7606588], [84.9038379, 55.7585809], [84.9035626, 55.75688949999999], [84.9025312, 55.7557527], [84.90269269999999, 55.755395799999995], [84.8986958, 55.7538993], [84.89279639999998, 55.75340519999999], [84.8906957, 55.75248689999999], [84.8866532, 55.75138389999999], [84.88509899999998, 55.75048509999999], [84.88156739999998, 55.7497285], [84.87697839999998, 55.7481143], [84.8761789, 55.7473947], [84.8755431, 55.7469808], [84.87139989999999, 55.7434882], [84.8662602, 55.74203020000001], [84.86381679999998, 55.7419264], [84.8617712, 55.74127589999999], [84.86083499999998, 55.7408935], [84.85952969999998, 55.741031299999996], [84.85775529999998, 55.740606500000005], [84.8545532, 55.7410887], [84.8460363, 55.7403828], [84.84076909999999, 55.739388], [84.8397946, 55.74048429999999], [84.8399962, 55.74125780000001], [84.8370297, 55.744756800000005], [84.8263743, 55.74140169999999], [84.81293239999998, 55.7359807], [84.8086994, 55.7380624], [84.8036689, 55.7393827], [84.80103869999999, 55.7343916], [84.8017774, 55.7340394], [84.8000945, 55.731553899999994], [84.80640649999998, 55.7303483], [84.8058453, 55.729240999999995], [84.80643610000001, 55.726928099999995], [84.80959879999999, 55.709484700000004], [84.82159119999999, 55.7104067], [84.8218997, 55.70954199999999], [84.82408029999999, 55.70983799999998], [84.82554079999998, 55.7088433], [84.8275892, 55.7074211], [84.8292803, 55.70434360000001], [84.83127799999998, 55.704687], [84.83176769999999, 55.7044584], [84.83157929999999, 55.704271500000004], [84.8323244, 55.7037477], [84.83250509999999, 55.7038864], [84.8329901, 55.7038678], [84.83338149999999, 55.704186400000005], [84.8360725, 55.703004], [84.8386672, 55.70461869999999], [84.84063239999999, 55.7041145], [84.8501452, 55.7079511], [84.8522399, 55.707986600000005], [84.85205449999998, 55.7054397], [84.8631986, 55.70791990000001], [84.8709941, 55.7083519], [84.87568049999999, 55.7084009], [84.8775923, 55.708043599999996], [84.87812079999999, 55.70811209999999], [84.88235729999998, 55.70674699999999], [84.88360529999999, 55.7060762], [84.8897588, 55.7043924], [84.8927512, 55.702877400000006], [84.8791915, 55.693540399999996], [84.86946589999998, 55.69743499999999], [84.85878159999999, 55.689623], [84.86489439999998, 55.6869655], [84.8610898, 55.684271599999995], [84.8822244, 55.6770262], [84.8865577, 55.679475399999994], [84.8892301, 55.67887789999999], [84.90140779999999, 55.6743708], [84.91462839999998, 55.676324099999995], [84.903481, 55.682339000000006], [84.88663379999998, 55.6904663], [84.8871517, 55.6911086], [84.88990079999999, 55.69218], [84.8956952, 55.693317], [84.90465489999998, 55.6957884], [84.90752659999998, 55.69561370000001], [84.9110114, 55.695727000000005], [84.91697669999999, 55.6900973], [84.91708069999999, 55.68896339999999], [84.9211038, 55.68642189999999], [84.9287337, 55.6886506], [84.93735559999999, 55.691344799999996], [84.95163189999998, 55.6875555], [84.9519398, 55.6872365], [84.96011539999999, 55.68749460000001], [84.9627821, 55.68805119999999], [84.9711774, 55.6843546], [84.9722557, 55.683587800000005], [84.97172529999999, 55.68274919999999], [84.9796915, 55.67914], [84.98905499999998, 55.686513999999995], [84.9939256, 55.6842621], [84.9996111, 55.683936999999986], [85.00970669999998, 55.68382259999999], [85.01127619999998, 55.68949059999999], [85.0120119, 55.6899882], [85.0113525, 55.698278300000005], [85.00793310000002, 55.69838570000001], [85.0081238, 55.7031291], [85.01208089999999, 55.7033586], [85.02688929999998, 55.7041735], [85.04139439999999, 55.7042628], [85.05431419999998, 55.70366260000001], [85.06684089999999, 55.7019077], [85.0749901, 55.700509000000004], [85.0827304, 55.7003494], [85.090667, 55.70111699999999], [85.0974038, 55.7008567], [85.1025993, 55.6997221], [85.10685179999999, 55.69854180000001], [85.1156105, 55.6957518], [85.1274789, 55.6910351], [85.13675609999999, 55.686463499999995], [85.1420773, 55.6830154], [85.1475217, 55.68033069999999], [85.161598, 55.6766528], [85.18511559999999, 55.67074790000001], [85.2003934, 55.66571359999999], [85.2144697, 55.660194399999995], [85.2261426, 55.6568051], [85.23884559999999, 55.65477130000001], [85.2554967, 55.65380280000001], [85.2707746, 55.65380280000001], [85.28255569999999, 55.6527499], [85.2894168, 55.6529557], [85.2984566, 55.653805], [85.30443959999998, 55.654554999999995], [85.315656, 55.657161499999994], [85.3206859, 55.6587944], [85.3259911, 55.6612646], [85.3297109, 55.6640686], [85.33257269999999, 55.6669722], [85.33500049999999, 55.6696584], [85.3382375, 55.6772335], [85.345619, 55.6849761], [85.3579786, 55.69203989999999], [85.3682598, 55.695494399999994], [85.3758314, 55.6980383], [85.39454239999999, 55.700553400000004], [85.42441149999999, 55.7017868], [85.462692, 55.7020044], [85.4748495, 55.701413099999996], [85.4861032, 55.699296200000006], [85.52081819999998, 55.6875095], [85.5356531, 55.68439109999999], [85.55350089999999, 55.68139539999999], [85.5780485, 55.6748137], [85.6032643, 55.66701169999999], [85.6108358, 55.66387399999999], [85.61993099999998, 55.65982369999999], [85.6270337, 55.65631479999999], [85.62882799999998, 55.6551587], [85.6316155, 55.6528325], [85.63732839999999, 55.6472391], [85.6329993, 55.6461548], [85.6327096, 55.64563339999999], [85.63309579999999, 55.64424799999999], [85.6327372, 55.64393669999999], [85.63190969999998, 55.643718799999995], [85.6312616, 55.64315839999999], [85.6313137, 55.64158539999999], [85.62998979999999, 55.6387678], [85.6279625, 55.636782799999985], [85.627066, 55.63384799999999], [85.6254525, 55.6325012], [85.62593049999998, 55.6313179], [85.62486249999999, 55.630710699999995], [85.6234395, 55.628928699999996], [85.6232274, 55.62800969999999], [85.6227577, 55.62786539999999], [85.6239665, 55.62547759999999], [85.6214094, 55.62196230000001], [85.61951939999999, 55.62139729999999], [85.61829639999999, 55.619074499999996], [85.61685109999999, 55.6182583], [85.61551699999998, 55.615872499999995], [85.61396049999999, 55.6148679], [85.61440519999998, 55.60318759999999], [85.6127097, 55.587401099999994], [85.6110198, 55.5831283], [85.6025703, 55.5854909], [85.59785639999998, 55.5883059], [85.5904742, 55.586094200000005], [85.5698396, 55.5767936], [85.5481376, 55.5619082], [85.5419117, 55.54877809999999], [85.53586359999998, 55.538915100000004], [85.530263, 55.5285181], [85.5265971, 55.5210331], [85.49637599999998, 55.5301981], [85.4711386, 55.5454226], [85.44189889999998, 55.55850349999999], [85.4282688, 55.56296759999999], [85.4197647, 55.562925599999986], [85.422275, 55.556189], [85.4088897, 55.553759199999995], [85.4088843, 55.55264579999999], [85.40812319999999, 55.5510511], [85.40874479999998, 55.5491015], [85.4086804, 55.54864030000001], [85.4082405, 55.547760200000006], [85.4084412, 55.547003299999986], [85.40798309999998, 55.546698], [85.40721059999998, 55.54636419999999], [85.4070175, 55.5461517], [85.40678139999999, 55.54561759999999], [85.4056871, 55.5449317], [85.4054287, 55.5439449], [85.4058147, 55.54287789999999], [85.4063201, 55.5423398], [85.4069745, 55.541908799999995], [85.407939, 55.54195529999999], [85.408879, 55.5415856], [85.4075449, 55.5394467], [85.4064381, 55.53919520000001], [85.4057085, 55.5393227], [85.40517119999998, 55.53917349999999], [85.40476549999998, 55.538566], [85.4066555, 55.537307799999994], [85.4049878, 55.534728300000005], [85.3967607, 55.53397330000001], [85.3945371, 55.53447659999999], [85.3889782, 55.5337845], [85.3825299, 55.53151939999999], [85.38008399999998, 55.5324632], [85.3808622, 55.536427], [85.3825299, 55.5368045], [85.381974, 55.538062700000005], [85.38019520000002, 55.5384402], [85.3798616, 55.5378111], [85.378194, 55.5378111], [85.3743027, 55.5394467], [85.37396919999999, 55.538817599999994], [85.370745, 55.538817599999994], [85.36852149999999, 55.5414598], [85.3664091, 55.541522699999994], [85.3656309, 55.5430324], [85.36362969999999, 55.54328399999999], [85.3647414, 55.5454226], [85.3621844, 55.5454226], [85.3614061, 55.546428999999996], [85.3591825, 55.546303200000004], [85.3587786, 55.545331499999996], [85.3521755, 55.5448485], [85.3484186, 55.5379882], [85.34500319999998, 55.535024699999994], [85.34036739999999, 55.533880899999986], [85.335554, 55.533510699999994], [85.320754, 55.5368286], [85.3158586, 55.535668999999984], [85.3129564, 55.53544699999999], [85.3074918, 55.540794], [85.3033933, 55.540343], [85.3033933, 55.53911909999999], [85.2995795, 55.5368322], [85.2981564, 55.5366711], [85.2934887, 55.5386682], [85.2911549, 55.5383138], [85.29110059999998, 55.53667959999999], [85.28520819999999, 55.5360505], [85.28498579999999, 55.534981], [85.2802052, 55.5344776], [85.2790934, 55.5317721], [85.2749798, 55.531835], [85.27442389999999, 55.5304508], [85.2697545, 55.529632699999986], [85.2695321, 55.5283742], [85.2630838, 55.52686400000001], [85.25574609999998, 55.52648639999999], [85.248853, 55.5244097], [85.24570529999998, 55.52612059999999], [85.2421772, 55.5264234], [85.23571609999999, 55.5369352], [85.23864149999999, 55.53903199999999], [85.2215589, 55.5406705], [85.2170423, 55.5360505], [85.1948067, 55.5347725], [85.188553, 55.537819899999995], [85.1819518, 55.51795849999999], [85.18438379999999, 55.5025148], [85.18190389999998, 55.4982015], [85.10390719999998, 55.50780610000001], [85.1011276, 55.5085012], [85.0958344, 55.509554], [85.09631739999999, 55.49413949999999], [85.0920206, 55.48615949999999], [85.10180789999998, 55.4758401], [85.0864604, 55.47014839999999], [85.09014479999999, 55.46419], [85.09155959999998, 55.46332919999999], [85.0925378, 55.46210919999999], [85.1011269, 55.45632429999999], [85.10049329999998, 55.45562040000001], [85.0995258, 55.4548413], [85.09762409999999, 55.453592699999994], [85.09759740000001, 55.453238600000006], [85.0392337, 55.41516250000001], [85.0371154, 55.41439720000001], [85.0248434, 55.4098265], [85.0012202, 55.42481620000001], [84.9408582, 55.4050816], [84.96345659999999, 55.390845399999996], [84.87800749999998, 55.3632755], [84.8749584, 55.3622772], [84.8659301, 55.368228499999994], [84.856239, 55.3738631], [84.8171915, 55.361532399999994], [84.7571474, 55.37745479999999], [84.7493173, 55.3768743], [84.69193359999998, 55.372619300000004], [84.6626013, 55.3783305], [84.65276119999999, 55.380405999999994], [84.63119739999999, 55.3961301], [84.62079099999998, 55.40421639999999], [84.6789672, 55.42756130000001], [84.6840707, 55.42965490000001], [84.7249902, 55.44655349999999], [84.73327179999998, 55.45059569999999], [84.7405723, 55.4561423], [84.7422643, 55.45738660000001], [84.74285889999999, 55.4578241], [84.74304319999999, 55.45796], [84.74311140000002, 55.4580101], [84.7450147, 55.45940949999999], [84.74898139999999, 55.46242170000001], [84.74902889999998, 55.46245799999999], [84.7505806, 55.46363610000001], [84.7514052, 55.4642575], [84.75248229999998, 55.4650701], [84.752483, 55.4650698], [84.75365869999999, 55.46595550000001], [84.7538386, 55.466091399999996], [84.75564789999999, 55.467454], [84.7548596, 55.46896490000001], [84.7547634, 55.4691488], [84.7536953, 55.47119399999999], [84.75344429999998, 55.47164949999999], [84.74208109999998, 55.4921939], [84.74107459999999, 55.49385830000001], [84.7402189, 55.495606599999995], [84.7394327, 55.496328399999996], [84.73898739999998, 55.49667079999999], [84.73886949999999, 55.496881699999996], [84.73877719999999, 55.4972133], [84.73870889999999, 55.497464099999995], [84.73858219999998, 55.4977705], [84.73826529999998, 55.4982206], [84.7381348, 55.49853770000001], [84.7379804, 55.498634399999986], [84.73765829999999, 55.4987431], [84.7371854, 55.49880639999999], [84.7367156, 55.498842], [84.7360654, 55.4988367], [84.735648, 55.49888049999999], [84.73500929999999, 55.499027699999985], [84.7340877, 55.4992114], [84.7337548, 55.499249899999995], [84.73147749999998, 55.4996938], [84.7309953, 55.4995365], [84.7308162, 55.4995443], [84.7307548, 55.4996233], [84.7306689, 55.49977669999999], [84.73055139999998, 55.499862499999985], [84.72833049999998, 55.5002284], [84.7276953, 55.5002102], [84.72720019999998, 55.50028840000001], [84.7270279, 55.5004127], [84.7268212, 55.5006668], [84.7266803, 55.5008524], [84.7264708, 55.50114039999999], [84.7264619, 55.50138439999999], [84.7265585, 55.50151499999999], [84.72671279999999, 55.5015498], [84.7268354, 55.5016676], [84.7269131, 55.501794200000006], [84.7268487, 55.50190930000001], [84.72684889999998, 55.5020619], [84.72677659999998, 55.5023063], [84.7265092, 55.5026691], [84.7263508, 55.5029014], [84.72615630000001, 55.503191399999984], [84.72603239999998, 55.5036038], [84.72592409999999, 55.504069099999995], [84.72578489999998, 55.504172], [84.72540339999999, 55.50430020000001], [84.72522379999998, 55.50444159999999], [84.72527799999999, 55.504958599999995], [84.7251527, 55.50503170000001], [84.724685, 55.50515], [84.724586, 55.505229199999995], [84.72450449999998, 55.5055523], [84.72452909999998, 55.5056369], [84.7246692, 55.5057078], [84.7249313, 55.5057332], [84.7250077, 55.505798399999996], [84.7249969, 55.5059618], [84.72485559999998, 55.50613680000001], [84.72473459999999, 55.5065322], [84.7246708, 55.50682119999999], [84.7244822, 55.507049499999994], [84.7241562, 55.50715179999999], [84.7237875, 55.5071993], [84.7235745, 55.50734310000001], [84.72354289999998, 55.5074325], [84.723584, 55.50757419999999], [84.7236893, 55.5077642], [84.7236729, 55.507851300000006], [84.7234116, 55.5080145], [84.7233966, 55.5081504], [84.7234148, 55.508275399999995], [84.7235245, 55.5083372], [84.7237392, 55.50854839999999], [84.723806, 55.508677199999994], [84.72388849999999, 55.509130400000004], [84.72392589999998, 55.5092827], [84.72402249999999, 55.509412399999995], [84.72417099999998, 55.5095214], [84.7244573, 55.5096251], [84.72463530000002, 55.50971270000001], [84.724724, 55.5098266], [84.72472719999999, 55.5104012], [84.72476519999998, 55.5105769], [84.72486119999999, 55.5106758], [84.72497569999999, 55.5107703], [84.7250907, 55.5108881], [84.72508, 55.511040900000005], [84.7248816, 55.51119090000001], [84.72489169999999, 55.51129469999999], [84.72497589999999, 55.5115231], [84.7249402, 55.511589099999995], [84.72480369999998, 55.51166130000001], [84.72483620000001, 55.51176699999999], [84.72487339999999, 55.5120551], [84.72496309999998, 55.51234709999999], [84.7252198, 55.5127478], [84.72540959999999, 55.5128693], [84.72559259999998, 55.51295050000001], [84.7259379, 55.5130791], [84.7262308, 55.5131362], [84.72667509999998, 55.5132684], [84.7267673, 55.5133651], [84.72681519999999, 55.51407729999999], [84.7273352, 55.5148417], [84.7275683, 55.5150476], [84.72768219999999, 55.515265199999995], [84.72773169999999, 55.51544909999999], [84.7278073, 55.5156288], [84.727956, 55.51589469999999], [84.7282404, 55.5161978], [84.72832799999999, 55.5164133], [84.7283264, 55.51665719999999], [84.72840049999999, 55.516771099999985], [84.7285638, 55.5168759], [84.72879789999999, 55.5169864], [84.7290089, 55.517041899999995], [84.7293719, 55.5170581], [84.7298057, 55.5170715], [84.7300158, 55.517110100000004], [84.7301266, 55.517196199999994], [84.7302508, 55.51738180000001], [84.73039769999998, 55.5175799], [84.73035499999999, 55.517665], [84.7302023, 55.5176875], [84.72995809999999, 55.51778279999999], [84.72990449999999, 55.51788080000001], [84.72997019999998, 55.51796720000001], [84.73022029999998, 55.518103], [84.7303957, 55.51824150000001], [84.730497, 55.5184019], [84.73049339999999, 55.5185546], [84.73040019999999, 55.51871429999999], [84.73042589999999, 55.51884140000001], [84.7305458, 55.5189995], [84.73070779999999, 55.5190554], [84.7309591, 55.51929799999999], [84.73106579999998, 55.5194702], [84.7310929, 55.51965440000001], [84.7310233, 55.51971429999999], [84.7307049, 55.519823], [84.7306737, 55.5199264], [84.730745, 55.5200074], [84.7309327, 55.5201119], [84.7311127, 55.5202059], [84.731122, 55.52028430000001], [84.7309276, 55.520505299999996], [84.73087, 55.52067019999999], [84.73089740000002, 55.52083229999999], [84.7311625, 55.520998000000006], [84.7311638, 55.5211994], [84.7310714, 55.5213889], [84.7308843, 55.5215262], [84.7308198, 55.5216306], [84.7307729, 55.5218515], [84.72986300000001, 55.52222580000001], [84.7297639, 55.5223029], [84.7298045, 55.5225803], [84.7296876, 55.52267879999999], [84.7295355, 55.52272469999999], [84.7293633, 55.522723899999995], [84.72926569999998, 55.52270130000001], [84.7291596, 55.522645], [84.729038, 55.52257180000001], [84.72882899999999, 55.5225756], [84.72860360000001, 55.5226877], [84.7285907, 55.52276629999999], [84.7285449, 55.5228706], [84.7283847, 55.5228889], [84.72825699999999, 55.5228814], [84.72812809999999, 55.5227976], [84.7279494, 55.5228245], [84.7278615, 55.522901499999996], [84.72774879999999, 55.52304509999999], [84.72782019999998, 55.5231102], [84.74166129999999, 55.5234588], [84.742476, 55.5235057], [84.7439436, 55.5235365], [84.74974729999998, 55.5236925], [84.7668281, 55.5241196], [84.76990569999998, 55.5241208], [84.78204189999998, 55.52416100000001], [84.783825, 55.524160900000005], [84.78425139999999, 55.524915499999985], [84.7843909, 55.5251843], [84.7845277, 55.5254682], [84.7847342, 55.525976799999995], [84.78494079999999, 55.526532399999994], [84.78509629999999, 55.52705319999998], [84.78522780000002, 55.52762400000001], [84.7853297, 55.528070299999996], [84.78541279999999, 55.5285258], [84.7854289, 55.5287823], [84.7854316, 55.5289964], [84.78541279999999, 55.52928629999999], [84.7853833, 55.52949430000001], [84.7853243, 55.529799499999996], [84.7852358, 55.53006969999999], [84.78515799999998, 55.530289800000006], [84.78480929999999, 55.5311869], [84.7829544, 55.536284599999995], [84.78108279999998, 55.54082379999999], [84.7683942, 55.572707099999995], [84.7674662, 55.5750089], [84.7665516, 55.5773015], [84.7661814, 55.57805359999998], [84.7657871, 55.5787268], [84.76535529999998, 55.579315], [84.7585854, 55.588774], [84.7552219, 55.59342190000001], [84.75458619999999, 55.59432819999999], [84.7531754, 55.59625749999999], [84.75186109999999, 55.5980866], [84.751566, 55.5984913], [84.7512978, 55.59887919999999], [84.75109669999999, 55.5992232], [84.75091159999998, 55.5996354], [84.7507775, 55.5999885], [84.7506621, 55.6003567], [84.7506031, 55.6006946], [84.75054139999999, 55.6010977], [84.750528, 55.6014462], [84.75054139999999, 55.601843200000005], [84.75063, 55.602420499999994], [84.75080429999998, 55.6032206], [84.75118789999999, 55.605051], [84.75163579999999, 55.607334999999985], [84.75185839999999, 55.60799479999999], [84.75197639999999, 55.60859169999999], [84.7521293, 55.609397699999995], [84.75245389999999, 55.610920300000004], [84.7525477, 55.61149899999999], [84.75279179999998, 55.61276999999999], [84.7528642, 55.61322439999999], [84.75288569999998, 55.6134729], [84.75290449999999, 55.613896999999994], [84.7529098, 55.614254499999994], [84.75288569999998, 55.6145332], [84.7528401, 55.614898299999986], [84.7527999, 55.6152028], [84.7527054, 55.6155824], [84.75259599999998, 55.615960099999995], [84.7524995, 55.616251], [84.75240289999999, 55.6165085], [84.7522151, 55.616923500000006], [84.75202309999999, 55.6172896], [84.7517619, 55.6177323], [84.75162239999999, 55.617973199999994], [84.7514051, 55.61829729999999], [84.7512066, 55.61855179999999], [84.7510886, 55.618701], [84.7502303, 55.61969679999999], [84.74930359999999, 55.62068810000001], [84.7490689, 55.62096149999999], [84.7449681, 55.6258769], [84.74388219999999, 55.62727009999999], [84.7431137, 55.6287244], [84.74274659999999, 55.62952189999999], [84.74242519999999, 55.6303712], [84.742028, 55.63173580000001], [84.74185729999999, 55.633099699999995], [84.741694, 55.64170949999998], [84.6955192, 55.64194979999999], [84.6919456, 55.6421699], [84.6894251, 55.64525149999999], [84.6827208, 55.6516612], [84.69731569999999, 55.6513694], [84.70631539999998, 55.651409599999994], [84.70880799999999, 55.66277139999999], [84.7104342, 55.668358], [84.69794570000002, 55.668559899999984], [84.6840601, 55.68134320000001], [84.6449407, 55.685450200000005], [84.6439848, 55.684228299999994], [84.63890789999999, 55.685181799999995], [84.63388679999998, 55.6866756], [84.63029889999999, 55.6883885], [84.6313032, 55.6891707], [84.6316356, 55.689557799999996], [84.6316883, 55.689803899999994], [84.6314968, 55.6900518], [84.63108839999998, 55.69024819999999], [84.63059399999999, 55.6903659], [84.63013789999998, 55.6903347], [84.6293609, 55.6902158], [84.6290557, 55.6902048], [84.6288585, 55.690261899999996], [84.6286941, 55.690386000000004], [84.62866809999998, 55.690607899999996], [84.6292895, 55.69171029999999], [84.62973059999999, 55.6921193], [84.6299082, 55.6923784], [84.62985439999999, 55.6925903], [84.62944769999999, 55.6931943], [84.6290246, 55.6935738], [84.62871959999998, 55.6937776], [84.62827969999998, 55.69383379999999], [84.6280128, 55.6937633], [84.6277918, 55.6936358], [84.6277776, 55.6934266], [84.6277275, 55.69328639999999], [84.62762389999999, 55.693061799999995], [84.6274315, 55.69243240000001], [84.6270804, 55.6923727], [84.62635679999998, 55.6924402], [84.6262184, 55.6924306], [84.6259505, 55.692314599999996], [84.6257578, 55.692187399999995], [84.62562069999998, 55.692161899999995], [84.62545229999999, 55.6921945], [84.62538590000001, 55.6925599], [84.6255205, 55.693013499999985], [84.6254341, 55.69312810000001], [84.62509789999999, 55.69320999999999], [84.62477069999998, 55.6932614], [84.624561, 55.6932312], [84.6244629, 55.69313249999999], [84.6244295, 55.69269409999999], [84.62429319999998, 55.6925891], [84.62401889999998, 55.6924969], [84.6238176, 55.6925197], [84.62352170000001, 55.69270459999999], [84.62367589999998, 55.693015200000005], [84.6238493, 55.6932422], [84.6237736, 55.6934244], [84.6236142, 55.6935355], [84.6233673, 55.69361549999999], [84.6230199, 55.6936167], [84.6227796, 55.693569399999994], [84.6223446, 55.6933194], [84.6220299, 55.69331369999999], [84.6218813, 55.6933745], [84.6217913, 55.6934521], [84.6218247, 55.69356839999999], [84.62200859999999, 55.69372079999999], [84.62212219999999, 55.69386449999999], [84.6220488, 55.6939365], [84.6219214, 55.6940116], [84.6218, 55.6942498], [84.62158039999998, 55.69439049999999], [84.62130659999998, 55.694428300000006], [84.6210757, 55.69447509999999], [84.6210546, 55.6946898], [84.6211655, 55.6948229], [84.6214822, 55.6950145], [84.6214488, 55.695311199999985], [84.62185659999999, 55.69539029999999], [84.62231829999999, 55.6953632], [84.6228515, 55.6952851], [84.6231982, 55.6952654], [84.6233644, 55.69534899999999], [84.6234606, 55.6954504], [84.62345839999999, 55.695563], [84.62303950000002, 55.6958152], [84.62221509999999, 55.69619879999998], [84.62211229999998, 55.6963136], [84.62200059999999, 55.69657019999999], [84.62171889999999, 55.696771], [84.62165539999998, 55.6968695], [84.6216077, 55.6970355], [84.62133749999998, 55.697130200000004], [84.6211164, 55.69710659999999], [84.6206861, 55.6969745], [84.6204937, 55.696860699999995], [84.62049029999999, 55.6965068], [84.62023419999998, 55.69617999999999], [84.61984049999998, 55.6958899], [84.61972389999998, 55.69571719999998], [84.6195651, 55.6954467], [84.6191709, 55.6953302], [84.6190886, 55.695283299999986], [84.61846109999999, 55.6956514], [84.61829669999999, 55.695644699999995], [84.6181924, 55.6955978], [84.6180086, 55.69555669999998], [84.6178584, 55.6955551], [84.61773269999999, 55.6956011], [84.6175568, 55.69571359999999], [84.6173858, 55.695826199999985], [84.6172238, 55.6959281], [84.6170458, 55.695939900000006], [84.61689939999998, 55.69590909999999], [84.6168276, 55.6958381], [84.6168537, 55.6957504], [84.61697390000002, 55.695664799999996], [84.6170278, 55.695563699999994], [84.616923, 55.6954927], [84.6167867, 55.6954805], [84.6166142, 55.695532199999995], [84.61652689999998, 55.69560969999999], [84.61656269999999, 55.69596459999999], [84.6164905, 55.6960844], [84.6163462, 55.696138399999995], [84.61606049999999, 55.69616169999999], [84.6157645, 55.6961479], [84.6156437, 55.69619649999999], [84.6155521, 55.6962978], [84.61555099999998, 55.69645289999999], [84.615579, 55.6967667], [84.61530620000002, 55.696945], [84.61458259999999, 55.697307999999985], [84.6143181, 55.6973589], [84.61407259999999, 55.69730510000001], [84.61387779999998, 55.69718319999999], [84.613799, 55.697016700000006], [84.61384519999999, 55.6968853], [84.6142255, 55.6964704], [84.6142487, 55.6963946], [84.61416869999998, 55.696373], [84.6137598, 55.6963441], [84.6134346, 55.69628019999999], [84.6132163, 55.696177000000006], [84.61315729999998, 55.6959991], [84.61329499999998, 55.69586549999999], [84.6133388, 55.6957274], [84.61324339999999, 55.69564859999999], [84.61296989999998, 55.69560289999999], [84.61272999999998, 55.6955781], [84.6124842, 55.6954923], [84.6122964, 55.69548830000001], [84.6121187, 55.6955187], [84.6116528, 55.6956679], [84.61143969999999, 55.695579300000006], [84.611153, 55.69535599999999], [84.6109424, 55.69516140000001], [84.6108536, 55.6949765], [84.61088700000002, 55.6947987], [84.6110292, 55.6946519], [84.6109611, 55.6945411], [84.6108079, 55.6944044], [84.6106925, 55.69428059999999], [84.610755, 55.69414230000001], [84.61095359999999, 55.693987199999995], [84.6111377, 55.6938347], [84.61107919999999, 55.69373709999999], [84.6110434, 55.6936075], [84.61103139999999, 55.693485700000004], [84.6109356, 55.69340410000001], [84.6108184, 55.6934023], [84.6107201, 55.6934162], [84.61009159999999, 55.69364079999999], [84.6098897, 55.6936369], [84.609771, 55.69357679999999], [84.60973610000002, 55.69348170000001], [84.6098135, 55.6933671], [84.60996619999999, 55.693283799999996], [84.6099214, 55.69316499999999], [84.6098343, 55.69304629999999], [84.60984549999999, 55.692918999999996], [84.6099096, 55.692841599999994], [84.6098745, 55.692743899999996], [84.6097503, 55.6926547], [84.6095902, 55.69262659999999], [84.6094209, 55.69261459999999], [84.60930329999998, 55.69259679999998], [84.60921769999999, 55.692547100000006], [84.6091228, 55.69249740000001], [84.6091167, 55.69242849999999], [84.60911079999998, 55.692365], [84.6090344, 55.69231779999999], [84.6089501, 55.69233429999999], [84.6085918, 55.69246939999999], [84.6080641, 55.692579099999996], [84.6079366, 55.69254290000001], [84.60795749999998, 55.6924342], [84.6081796, 55.6922868], [84.6081816, 55.6921595], [84.60814299999998, 55.69210150000001], [84.6079808, 55.6920046], [84.6078736, 55.69182509999999], [84.60790309999999, 55.6916712], [84.60784279999999, 55.6914914], [84.60753739999998, 55.69126549999999], [84.607402, 55.6910757], [84.60734709999998, 55.6909408], [84.6073193, 55.690755499999995], [84.6073515, 55.6905167], [84.60752669999998, 55.6903644], [84.607841, 55.690265499999995], [84.6081454, 55.690229], [84.6082654, 55.6901433], [84.60825789999998, 55.69000539999999], [84.60797249999999, 55.68984309999999], [84.6079625, 55.689588699999995], [84.60802749999999, 55.6893629], [84.60800129999998, 55.689023799999994], [84.60798, 55.688896699999994], [84.6078565, 55.6888418], [84.6074937, 55.688772799999995], [84.6072661, 55.68867099999999], [84.60713730000002, 55.6885713], [84.607041, 55.688458], [84.6069688, 55.688344], [84.60681569999998, 55.68825269999999], [84.6066787, 55.688205999999994], [84.6064722, 55.6882075], [84.6063181, 55.68822719999999], [84.6059279, 55.68883689999999], [84.605702, 55.689021499999996], [84.6055572, 55.689038399999994], [84.60534029999998, 55.68898959999999], [84.60518239999999, 55.68886880000001], [84.6051466, 55.68873119999999], [84.6052512, 55.6885794], [84.6054804, 55.688251900000004], [84.6053577, 55.68809079999999], [84.6051582, 55.6879808], [84.60482449999999, 55.68796199999999], [84.6045608, 55.6879215], [84.6044321, 55.6878243], [84.6043977, 55.6875462], [84.60423549999999, 55.687229299999984], [84.60399649999998, 55.68712229999999], [84.60377929999999, 55.6869561], [84.60185539999999, 55.69013120000001], [84.6000755, 55.6928048], [84.59921079999998, 55.6942106], [84.5974701, 55.6969501], [84.5952729, 55.700584], [84.59436550000001, 55.7018989], [84.59339799999998, 55.70340519999999], [84.5932064, 55.703832399999996], [84.59317589999999, 55.7038587], [84.59200009999999, 55.70360590000001], [84.57712279999998, 55.7004489], [84.5770014, 55.700632500000005], [84.56779609999998, 55.698770200000006], [84.56731159999998, 55.7000901], [84.5670574, 55.700950899999995], [84.5670125, 55.70144969999999], [84.5668724, 55.7020612], [84.56515889999999, 55.7073596], [84.5647184, 55.70890229999999], [84.56331639999999, 55.713728399999994], [84.5619461, 55.717747], [84.5610912, 55.7209404], [84.55991919999998, 55.7209259], [84.5595466, 55.72082129999999], [84.55959029999998, 55.7203905], [84.5592408, 55.7202062], [84.55866779999998, 55.72010819999999], [84.5569608, 55.719687099999994], [84.5555778, 55.7192935], [84.5550658, 55.7192546], [84.5546332, 55.719393100000005], [84.5544988, 55.7194182], [84.5541393, 55.71948549999999], [84.5534324, 55.7194605], [84.5512677, 55.71905509999999], [84.55115809999998, 55.7195605], [84.5509424, 55.7196722], [84.55058199999999, 55.719670300000004], [84.5503237, 55.7195321], [84.55004579999999, 55.719186300000004], [84.54977309999998, 55.719077799999994], [84.5490447, 55.7190869], [84.54806499999998, 55.718945], [84.5475072, 55.7188639], [84.5469528, 55.7185665], [84.5466892, 55.71853430000001], [84.54578469999998, 55.71840029999999], [84.5452365, 55.7184082], [84.54497439999999, 55.7184396], [84.54456409999999, 55.7185865], [84.54430089999998, 55.71857970000001], [84.5440275, 55.7184247], [84.5437884, 55.718146399999995], [84.54362019999999, 55.7179991], [84.543348, 55.717911799999996], [84.5430695, 55.71789239999999], [84.5428761, 55.717965799999995], [84.5424961, 55.7181295], [84.5420003, 55.718128300000004], [84.54148029999999, 55.7180513], [84.54107229999998, 55.71794359999999], [84.5406514, 55.7179422], [84.5400453, 55.7180522], [84.53999789999999, 55.7182385], [84.5395503, 55.7198554], [84.5388821, 55.72226799999999], [84.5387654, 55.7226879], [84.53836329999999, 55.7241404], [84.5382882, 55.7244114], [84.5378843, 55.72586939999999], [84.5375523, 55.72706730000001], [84.53591539999998, 55.7329766], [84.5345985, 55.737235], [84.53392289999998, 55.73941899999999], [84.5339004, 55.7394907], [84.5336127, 55.7405356], [84.5330552, 55.74225179999999], [84.5324175, 55.744169199999995], [84.5322296, 55.7447355], [84.53155079999999, 55.7468372], [84.53067319999998, 55.7499483], [84.53031839999998, 55.75103690000001], [84.5300584, 55.7519415], [84.5285137, 55.757052], [84.5283586, 55.75749259999999], [84.52807350000002, 55.75860659999999], [84.5272851, 55.7610334], [84.5310081, 55.7610631], [84.5398627, 55.7610533], [84.5454397, 55.761016600000005], [84.5499842, 55.7610208], [84.55685099999998, 55.76104839999999], [84.57587479999998, 55.7609877], [84.5799273, 55.7616044], [84.58669979999999, 55.7645258], [84.5878357, 55.7645391], [84.5891814, 55.7648435], [84.5899807, 55.764927], [84.5909201, 55.765247], [84.59094059999998, 55.7654929], [84.59314969999998, 55.766064699999994], [84.5953148, 55.766354899999996], [84.59686849999999, 55.76653470000001], [84.59777209999999, 55.76658780000001], [84.5991399, 55.7668708], [84.60185209999999, 55.7667201], [84.60385359999998, 55.7660742], [84.6051533, 55.76600560000001], [84.60774599999999, 55.765559], [84.60781929999999, 55.7789761], [84.60780119999998, 55.785889], [84.6077714, 55.7996464], [84.59310579999999, 55.7969041], [84.5788351, 55.8028976], [84.5520873, 55.80160469999999], [84.5529361, 55.80427720000001], [84.55435120000001, 55.8065103], [84.55497739999998, 55.8128637], [84.5591123, 55.823698699999994], [84.5634127, 55.824360999999996], [84.57493329999998, 55.826388499999986], [84.5748506, 55.8328536], [84.5716261, 55.8328733], [84.5697818, 55.832786199999994], [84.56885159999999, 55.8329728], [84.5675215, 55.8329627], [84.5664643, 55.832859600000006], [84.5651643, 55.83284509999999], [84.56280199999999, 55.833017899999994], [84.561913, 55.83302390000001], [84.5612495, 55.8329902], [84.5605952, 55.833417499999996], [84.56008399999999, 55.83390829999999], [84.55989039999999, 55.83464339999999], [84.5599792, 55.835090999999984], [84.56053119999999, 55.8369742], [84.5602467, 55.837236], [84.5591243, 55.83797299999999], [84.5588105, 55.8383268], [84.55868969999999, 55.838789899999995], [84.55872569999998, 55.8391779], [84.5585421, 55.8396475], [84.55837589999999, 55.839808399999995], [84.55695000000001, 55.840629], [84.5566039, 55.8410046], [84.5566584, 55.841681], [84.5576555, 55.843312], [84.55724769999999, 55.84401930000001], [84.5568159, 55.84443519999999], [84.55658089999999, 55.844540999999985], [84.5562005, 55.8446026], [84.5552855, 55.84460479999999], [84.55392829999998, 55.8444631], [84.55004559999999, 55.84561060000001], [84.5486082, 55.8459653], [84.5468827, 55.846598799999995], [84.54528579999999, 55.84687180000001], [84.54356759999999, 55.848112099999994], [84.54132599999998, 55.84872439999999], [84.5398835, 55.8495203], [84.5384549, 55.85028619999999], [84.53786289999998, 55.850972], [84.5377679, 55.851434000000005], [84.5378506, 55.852197499999996], [84.5380453, 55.8528662], [84.53788809999999, 55.853187], [84.53725199999998, 55.8535116], [84.53653949999999, 55.8537545], [84.5340659, 55.8538782], [84.5325273, 55.8544855], [84.5315222, 55.85466399999999], [84.53071459999998, 55.854799], [84.5294794, 55.854857900000006], [84.52862189999999, 55.854952499999996], [84.52803189999999, 55.855043300000006], [84.52709399999999, 55.855445799999984], [84.5263777, 55.8556433], [84.5259688, 55.8557244], [84.52285189999999, 55.8559363], [84.52172969999998, 55.8558149], [84.5210093, 55.8556075], [84.5185622, 55.8570395], [84.5166661, 55.8776004], [84.51647019999999, 55.88082039999999], [84.5082311, 55.8800813], [84.49698659999999, 55.878822199999995], [84.4901003, 55.8740628], [84.4771596, 55.8733422], [84.47089259999998, 55.8729926], [84.4690135, 55.8730312], [84.46647139999999, 55.8771731], [84.46437300000001, 55.8808445], [84.46141939999998, 55.88572430000001], [84.45948339999998, 55.88862329999999], [84.4576039, 55.89193209999999], [84.4560665, 55.8943035], [84.4772021, 55.8984948], [84.48276390000001, 55.8996442], [84.49376999999998, 55.901843500000005], [84.4914791, 55.9085726], [84.48997289999998, 55.914184], [84.4904474, 55.9142119], [84.4909991, 55.9144676], [84.49157469999999, 55.9147232], [84.49213520000002, 55.914829], [84.49262629999998, 55.9150987], [84.4933342, 55.9153057], [84.49429960000002, 55.9157742], [84.4967087, 55.9171491], [84.49808799999998, 55.91752249999999], [84.499305, 55.917658], [84.5008269, 55.91787359999999], [84.5014864, 55.91818469999999], [84.50184000000002, 55.9187242], [84.5022938, 55.918966899999994], [84.50266189999999, 55.919171199999994], [84.5031105, 55.91926560000001], [84.5043403, 55.91932419999999], [84.50535399999998, 55.9196111], [84.5060591, 55.91966119999999], [84.50637739999999, 55.9197819], [84.50753739999999, 55.9194952], [84.50877239999998, 55.919317], [84.5114081, 55.91932919999999], [84.512868, 55.91946999999999], [84.51453129999999, 55.9194785], [84.51520789999998, 55.91932419999999], [84.51594739999999, 55.9192186], [84.51675309999999, 55.9194644], [84.5177251, 55.91950589999999], [84.51817639999999, 55.9196052], [84.52033699999998, 55.92087559999999], [84.52048999999998, 55.9211244], [84.52070319999999, 55.9220639], [84.52100789999999, 55.922354299999995], [84.5224301, 55.9227367], [84.52321549999999, 55.9231544], [84.5246565, 55.9235405], [84.5263332, 55.9235845], [84.52830099999998, 55.923644700000004], [84.5293534, 55.9234333], [84.53091509999999, 55.9232188], [84.5327072, 55.922961699999995], [84.53384170000001, 55.922613600000005], [84.53623779999998, 55.92217019999998], [84.5372446, 55.9251071], [84.54004859999999, 55.932629199999994], [84.4998955, 55.9426384], [84.48779369999998, 55.945756800000005], [84.48293369999999, 55.9520587], [84.48076039999998, 55.9553241], [84.48214, 55.9581435], [84.4890224, 55.9582925], [84.50735619999999, 55.958492400000004], [84.5284828, 55.95278569999999], [84.5322644, 55.957617299999995], [84.5337842, 55.959669], [84.53720889999998, 55.963948300000006], [84.53548149999999, 55.96543179999999], [84.5319271, 55.964732700000006], [84.52500739999999, 55.9724585], [84.5245911, 55.97292329999999], [84.5281846, 55.9738344], [84.5266886, 55.9773838], [84.5423271, 55.98323529999999], [84.53450489999999, 55.9897396], [84.54135389999999, 55.992276899999986], [84.54532110000001, 55.99364799999999], [84.5505355, 55.9958648], [84.5648649, 55.999013199999986], [84.5679845, 56.001923], [84.5711958, 56.00484199999999], [84.5635573, 56.00827780000001], [84.55979439999999, 56.011046799999995], [84.5540349, 56.01466039999999], [84.55730659999999, 56.02006709999999], [84.54696, 56.02561910000001], [84.53937929999998, 56.02413359999999], [84.531082, 56.0245775], [84.52845499999998, 56.0270732], [84.52702889999999, 56.028763299999994], [84.5189151, 56.02947319999999], [84.50116339999998, 56.02427269999999], [84.4944766, 56.022292199999995], [84.4773425, 56.01733139999999], [84.4723407, 56.0158053]]]]}}, {"type": "Feature", "properties": {"id": "mo-32543000", "name": "Яйский муниципальный округ", "region": "Кемеровская область", "isCity": false, "sourceOktmo": "32-543-000-000", "sourceAgg": "Кемерово", "excelNames": ["Яйский муниципальный округ"], "oktmo": "32543000", "vgp": [{"year": 2019, "value": 4736486.761192124}, {"year": 2020, "value": 4633795.057320634}, {"year": 2021, "value": 4138580.4866618025}, {"year": 2022, "value": 8376862.9156872835}, {"year": 2023, "value": 8200297.0604088195}, {"year": 2024, "value": 8589582.340921076}], "population": [{"year": 2019, "value": 17352.0}, {"year": 2020, "value": 17135.0}, {"year": 2021, "value": 16920.0}, {"year": 2022, "value": 16472.0}, {"year": 2023, "value": 15662.0}, {"year": 2024, "value": 15502.0}, {"year": 2025, "value": 15225.0}], "shipments": [{"year": 2019, "value": 860599.9}, {"year": 2020, "value": 853305.0}, {"year": 2021, "value": 847677.2}, {"year": 2022, "value": 929900.6}, {"year": 2023, "value": 1116980.1}, {"year": 2024, "value": 1105947.7}], "employees": [{"year": 2019, "value": 3293.0}, {"year": 2020, "value": 3356.0}, {"year": 2021, "value": 3329.0}, {"year": 2022, "value": 3305.0}, {"year": 2023, "value": 3329.0}, {"year": 2024, "value": 3485.0}], "investments": [{"year": 2019, "value": 81198.0}, {"year": 2020, "value": 151595.0}, {"year": 2021, "value": 159716.0}, {"year": 2022, "value": 130089.0}, {"year": 2023, "value": 1622673.0}, {"year": 2024, "value": 836811.0}], "vgp2024": 8589582.340921076, "pop2024": 15502.0, "ship2024": 1105947.7, "emp2024": 3485.0, "inv2024": 836811.0}, "geometry": {"type": "MultiPolygon", "coordinates": [[[[85.99466259999998, 56.13075740000001], [85.9621617, 56.1354101], [85.96748550000001, 56.1411342], [85.9646474, 56.142711999999996], [85.96562929999999, 56.14368700000001], [85.963948, 56.144363600000005], [85.9623373, 56.1439963], [85.9493482, 56.140596], [85.9476445, 56.139416], [85.94483299999999, 56.139823500000006], [85.9401476, 56.140960899999996], [85.92728119999998, 56.1315703], [85.9233967, 56.1305929], [85.9241317, 56.12666509999999], [85.91820080000001, 56.1252367], [85.9190255, 56.1887736], [85.8679029, 56.18911229999999], [85.86739409999998, 56.194870099999996], [85.86773159999998, 56.210475], [85.69396, 56.2114538], [85.6699068, 56.2129046], [85.6718019, 56.23423649999999], [85.58504099999999, 56.26258930000001], [85.57117809999998, 56.26705689999999], [85.57086900000002, 56.26935859999999], [85.56665289999998, 56.2730686], [85.56690579999999, 56.2751766], [85.5653037, 56.27736899999999], [85.5657252, 56.2788024], [85.56249239999998, 56.28070700000001], [85.5796381, 56.2898695], [85.597514, 56.29950319999999], [85.6264978, 56.31647120000001], [85.62799999999999, 56.3172218], [85.6347799, 56.3157513], [85.6376507, 56.316304200000005], [85.6460828, 56.3170631], [85.6556111, 56.31756909999999], [85.65721320000002, 56.31866519999999], [85.66201949999999, 56.31942409999999], [85.6625254, 56.3205414], [85.6711262, 56.32155329999999], [85.67348719999998, 56.32281809999999], [85.6782091, 56.3239986], [85.6804858, 56.323324], [85.6834371, 56.3229024], [85.6859667, 56.3240829], [85.68605099999999, 56.3247575], [85.6904357, 56.3247575], [85.6904357, 56.326022299999984], [85.69220639999999, 56.32686549999998], [85.6916161, 56.3281303], [85.69220639999999, 56.3293108], [85.69229059999999, 56.332515], [85.69423, 56.3341171], [85.6969283, 56.3341171], [85.6993736, 56.332768], [85.70148159999998, 56.333779799999995], [85.70106000000001, 56.33479169999999], [85.7026621, 56.3342014], [85.70527609999999, 56.3341171], [85.70578199999999, 56.3359089], [85.70789, 56.335909], [85.70932349999998, 56.33464419999999], [85.7119375, 56.3343912], [85.7120218, 56.33666789999999], [85.71412979999998, 56.33624629999999], [85.7138768, 56.33759539999999], [85.715226, 56.337426799999996], [85.7155633, 56.33641490000001], [85.71708099999998, 56.3358247], [85.7157319, 56.33827], [85.7178399, 56.3375111], [85.71994789999998, 56.3375111], [85.7202009, 56.33827], [85.72188729999999, 56.33827], [85.7224776, 56.3391132], [85.724164, 56.3386916], [85.7234894, 56.34130549999999], [85.7255131, 56.3413899], [85.72483849999999, 56.3422331], [85.7282957, 56.3419801], [85.7277054, 56.3430763], [85.7282957, 56.34391949999999], [85.72956049999999, 56.3419801], [85.72930760000001, 56.3409683], [85.73158419999999, 56.3402094], [85.7316464, 56.341267200000004], [85.7316685, 56.34164280000001], [85.7327647, 56.3416429], [85.7336923, 56.3402094], [85.7351257, 56.34147420000001], [85.7358003, 56.3398721], [85.74010069999999, 56.339619199999994], [85.74017700000002, 56.338550100000006], [85.740185, 56.3384387], [85.74111259999998, 56.3381014], [85.74220869999999, 56.33919759999999], [85.7438952, 56.3389447], [85.74414819999998, 56.33658369999999], [85.74617189999998, 56.337932800000004], [85.7465935, 56.33649940000001], [85.74878579999998, 56.337174], [85.7493761, 56.33649940000001], [85.75131549999999, 56.3368367], [85.7566277, 56.3377642], [85.7570493, 56.3365838], [85.7583141, 56.3368367], [85.7592417, 56.33810149999999], [85.7601692, 56.33692109999999], [85.761687, 56.33793289999999], [85.76092809999999, 56.33953499999999], [85.76430089999998, 56.340125199999996], [85.7633734, 56.3391134], [85.7633734, 56.338270200000004], [85.7653971, 56.33793289999999], [85.7681797, 56.34012529999999], [85.77307029999999, 56.34012529999999], [85.77576859999999, 56.338691899999986], [85.77526269999998, 56.3364152], [85.777961, 56.336330899999986], [85.77829829999999, 56.3354877], [85.7797318, 56.335066100000006], [85.7800691, 56.33405429999999], [85.7832733, 56.3343072], [85.78436949999998, 56.333379699999995], [85.7862245, 56.3336327], [85.7849597, 56.3352348], [85.78892280000001, 56.33489749999998], [85.79052489999998, 56.3332111], [85.7922957, 56.3339911], [85.794741, 56.334497], [85.7930545, 56.3361834], [85.79499389999998, 56.3378698], [85.796898, 56.3380676], [85.80036339999998, 56.339453199999994], [85.8024677, 56.33987629999999], [85.79751539999998, 56.3473643], [85.7823797, 56.3870588], [85.80273349999999, 56.3862662], [85.80429639999998, 56.412062899999995], [85.88643809999999, 56.42877300000001], [85.88894789999999, 56.424434], [85.9139391, 56.42954759999999], [85.9412898, 56.4322038], [85.98657859999999, 56.43673639999999], [85.9860581, 56.4371568], [85.985114, 56.43729030000001], [85.9844273, 56.4375483], [85.98401429999998, 56.437960499999996], [85.9845346, 56.43843209999999], [85.98502810000001, 56.4388947], [85.98485109999999, 56.43942549999999], [85.98460439999998, 56.439677599999996], [85.9839177, 56.43991479999999], [85.98322569999999, 56.440036400000004], [85.98308619999999, 56.4403982], [85.9832311, 56.440765899999995], [85.9836334, 56.4410684], [85.9837031, 56.4415132], [85.9836334, 56.4421863], [85.98403569999999, 56.4425718], [85.9844434, 56.4429988], [85.9846902, 56.443473299999994], [85.9850757, 56.443740999999996], [85.98567719999998, 56.4439536], [85.98628879999998, 56.4439625], [85.9867555, 56.444134500000004], [85.9871954, 56.4448847], [85.98776939999999, 56.445780199999994], [85.9881663, 56.4462931], [85.98838089999998, 56.44693649999999], [85.9889871, 56.4473368], [85.98952889999998, 56.4475236], [85.9900063, 56.447683700000006], [85.9901887, 56.4478734], [85.9902102, 56.44825], [85.9900117, 56.4485079], [85.98926599999999, 56.4488785], [85.9890836, 56.4492165], [85.9889066, 56.44977089999999], [85.9886652, 56.4505151], [85.9886384, 56.451786899999995], [85.9883219, 56.4529164], [85.9881288, 56.4537583], [85.9876943, 56.45437489999999], [85.9872007, 56.4547425], [85.98654089999998, 56.45503589999999], [85.98614389999999, 56.45541829999999], [85.9860665, 56.4556414], [85.9861761, 56.45620679999999], [85.98652479999998, 56.45666329999999], [85.9864819, 56.4570664], [85.98611179999999, 56.45749329999999], [85.985114, 56.45798529999999], [85.98457749999999, 56.4581098], [85.98387479999998, 56.4581632], [85.98366020000002, 56.4580831], [85.9835046, 56.4579705], [85.983569, 56.4578045], [85.9837782, 56.45757629999999], [85.983848, 56.45723540000001], [85.98372459999999, 56.457022], [85.98330079999998, 56.45689449999999], [85.98270529999999, 56.4568026], [85.98217959999998, 56.4567759], [85.981788, 56.456855999999995], [85.98143929999999, 56.45710199999999], [85.9810477, 56.4575259], [85.98039329999999, 56.457848999999996], [85.97995339999999, 56.45797939999999], [85.9791112, 56.45808019999999], [85.97823139999998, 56.458015], [85.9776252, 56.4580268], [85.97715319999999, 56.4582758], [85.9770888, 56.45866709999999], [85.9774432, 56.45913290000001], [85.9780383, 56.459381400000005], [85.9784406, 56.4597222], [85.97842449999999, 56.459989], [85.9781027, 56.4603061], [85.97771110000001, 56.46045139999999], [85.9770888, 56.4604988], [85.97643429999998, 56.4604158], [85.9759623, 56.46042169999999], [85.9754366, 56.4606025], [85.9753185, 56.460955199999994], [85.9756082, 56.4611775], [85.975914, 56.46123679999999], [85.97628949999998, 56.46167539999998], [85.9766704, 56.4617199], [85.9776413, 56.46180590000001], [85.9782475, 56.4619629], [85.9788161, 56.462366], [85.97912189999998, 56.463024], [85.9789342, 56.4634092], [85.97862839999999, 56.463655200000005], [85.97786129999999, 56.464002], [85.9771907, 56.4639842], [85.976944, 56.4641324], [85.97709950000001, 56.46440799999999], [85.9774482, 56.46449100000001], [85.9780651, 56.4643546], [85.97862839999999, 56.4644732], [85.97932579999998, 56.4643309], [85.98006069999998, 56.4639931], [85.98066689999999, 56.46377079999999], [85.9809565, 56.463344], [85.9809351, 56.4628284], [85.9809834, 56.4624875], [85.98128379999999, 56.4622919], [85.98186849999999, 56.4622949], [85.98237809999999, 56.46251720000001], [85.9832686, 56.462769099999996], [85.98398210000002, 56.462858], [85.9847438, 56.462863899999995], [85.9853339, 56.4627365], [85.98589719999998, 56.4627128], [85.9864497, 56.46284020000001], [85.98693249999998, 56.4631277], [85.9870225, 56.463472100000004], [85.98686809999998, 56.46383899999999], [85.98637999999998, 56.4640049], [85.9862941, 56.4643546], [85.9863585, 56.4646955], [85.98673939999999, 56.464867299999995], [85.98727579999999, 56.46504809999999], [85.98793569999998, 56.46511039999999], [85.98879399999998, 56.465030299999995], [85.9900063, 56.46477250000001], [85.99066079999999, 56.464571], [85.9914395, 56.4642409], [85.99216279999999, 56.4642153], [85.9928548, 56.4643635], [85.9936541, 56.4645502], [85.9938526, 56.46476359999999], [85.99402429999999, 56.4653178], [85.99422809999999, 56.4657771], [85.99517759999999, 56.46613570000001], [85.99659919999999, 56.46637580000001], [85.99758619999999, 56.4666425], [85.9979939, 56.4670573], [85.9978229, 56.46748319999999], [85.996885, 56.468017999999994], [85.99676009999999, 56.4684205], [85.9969908, 56.46898349999999], [85.99654389999999, 56.469930600000005], [85.9960306, 56.4703347], [85.99592859999998, 56.47088290000001], [85.99656159999999, 56.47185770000001], [85.99642219999998, 56.4722577], [85.9952366, 56.4724918], [85.99430859999998, 56.472435499999996], [85.9935147, 56.47226659999999], [85.9928012, 56.47245329999999], [85.9923774, 56.4727733], [85.9925222, 56.4732177], [85.99302109999999, 56.4742873], [85.99306939999998, 56.4751999], [85.99328399999999, 56.47541910000001], [85.99362729999999, 56.4755524], [85.9941745, 56.47553169999999], [85.99471629999998, 56.47543689999999], [85.9958696, 56.47488289999999], [85.9982835, 56.4735801], [85.9988415, 56.4735525], [85.9992289, 56.4737263], [85.9994799, 56.47417769999999], [85.9991312, 56.4746992], [85.99862159999999, 56.4750073], [85.997981, 56.475271899999996], [85.9972912, 56.4755673], [85.99717849999999, 56.47609169999999], [85.9975702, 56.4768471], [85.9976613, 56.4774841], [85.99766669999998, 56.4781092], [85.9981012, 56.4787165], [85.99889519999999, 56.4792261], [85.9996033, 56.4794749], [86.0002202, 56.4795756], [86.0007137, 56.47937120000001], [86.0004187, 56.4787698], [86.0004133, 56.4783669], [86.00130879999999, 56.4778408], [86.00206549999999, 56.47774480000001], [86.00274579999999, 56.4781749], [86.00267169999998, 56.4790602], [86.00287019999999, 56.4796112], [86.0028971, 56.48022149999999], [86.00259119999998, 56.480742799999994], [86.00203869999999, 56.481175300000004], [86.0013628, 56.48141819999999], [86.000625, 56.4823184], [86.05422209999999, 56.477528099999994], [86.0830522, 56.48543879999999], [86.1156865, 56.50094899999999], [86.1069908, 56.5392193], [86.1454031, 56.5511952], [86.152418, 56.5550226], [86.195642, 56.5787586], [86.19582249999999, 56.5788341], [86.19509339999999, 56.5809028], [86.19481980000002, 56.58156749999999], [86.1948305, 56.5819221], [86.19501739999998, 56.58226079999999], [86.1958551, 56.5834436], [86.1962736, 56.5838719], [86.19639159999998, 56.5842383], [86.19632719999998, 56.584598699999994], [86.196, 56.5849], [86.1956406, 56.5850684], [86.19535879999998, 56.5853167], [86.19519959999998, 56.58564930000001], [86.19430969999999, 56.5878599], [86.1906671, 56.589968799999994], [86.18884580000001, 56.5923173], [86.18879789999998, 56.5939948], [86.1876955, 56.59595989999999], [86.18716829999998, 56.598260499999995], [86.1872641, 56.6004653], [86.1883186, 56.60209489999999], [86.1890998, 56.60263140000001], [86.1902945, 56.60294919999999], [86.1924623, 56.602983899999984], [86.19656319999999, 56.60275980000001], [86.1988587, 56.6026366], [86.20119809999998, 56.60303139999999], [86.2028289, 56.603185], [86.2041795, 56.60340980000001], [86.20641229999998, 56.6041535], [86.2072491, 56.6045432], [86.20756460000001, 56.60510959999999], [86.2076354, 56.605677], [86.2076377, 56.606778], [86.2073564, 56.6078146], [86.2070381, 56.60852130000001], [86.20649810000002, 56.6097868], [86.20591959999999, 56.610403], [86.2048673, 56.61121560000001], [86.2029362, 56.6122075], [86.2003612, 56.613317499999994], [86.19723999999998, 56.614629099999995], [86.19508119999999, 56.615286], [86.19111299999999, 56.6161631], [86.1889422, 56.616780500000004], [86.2046226, 56.62399700000001], [86.2475153, 56.630248599999994], [86.2684672, 56.6318905], [86.30568759999998, 56.6342171], [86.33888739999999, 56.6360745], [86.333732, 56.6064874], [86.30827139999998, 56.609078499999995], [86.3073291, 56.6056016], [86.2873583, 56.60323149999999], [86.28545980000001, 56.5925175], [86.28106089999999, 56.593007699999994], [86.2777373, 56.59279320000001], [86.2769853, 56.5813196], [86.2781897, 56.579831799999994], [86.28236129999999, 56.5784835], [86.28851219999999, 56.5759448], [86.29344739999999, 56.575815000000006], [86.29719439999998, 56.574710700000004], [86.3027958, 56.573099899999995], [86.3093882, 56.56866960000001], [86.31373809999998, 56.56706549999999], [86.31650289999999, 56.56539819999999], [86.29902189999999, 56.55837699999999], [86.30507399999999, 56.54999389999999], [86.33751399999998, 56.55386130000001], [86.3430851, 56.5050784], [86.3378398, 56.501225000000005], [86.33384269999999, 56.4998476], [86.3323099, 56.49903689999999], [86.4050464, 56.47881180000001], [86.4417029, 56.41511630000001], [86.43702519999998, 56.400881899999995], [86.4906066, 56.3900554], [86.4974106, 56.39135], [86.5310053, 56.3855827], [86.5310053, 56.37051299999999], [86.5741681, 56.3700419], [86.5777827, 56.338352], [86.59032759999998, 56.338587799999985], [86.5926665, 56.312533], [86.60526819999998, 56.3134367], [86.60308509999999, 56.2871686], [86.58118469999998, 56.2870506], [86.57353019999998, 56.2824478], [86.5592844, 56.2528113], [86.58607509999999, 56.23946149999999], [86.58883919999998, 56.228276699999995], [86.54331359999999, 56.2279457], [86.54116949999998, 56.2272085], [86.5254895, 56.2240122], [86.5141288, 56.2092919], [86.5261779, 56.207994299999996], [86.5340314, 56.2070634], [86.5351901, 56.206872399999995], [86.5361342, 56.2066337], [86.53707839999998, 56.20632340000001], [86.5379983, 56.2059812], [86.53840879999998, 56.20577439999999], [86.53896669999999, 56.20541639999999], [86.54407359999999, 56.20109560000001], [86.54458859999998, 56.20071360000001], [86.5453181, 56.2003794], [86.5459189, 56.20014069999999], [86.54651979999998, 56.199925799999995], [86.5471635, 56.19975869999999], [86.54785009999999, 56.1996393], [86.55126929999999, 56.199266], [86.54248699999998, 56.1856607], [86.54346899999999, 56.1577207], [86.5507083, 56.1233192], [86.5322685, 56.105132999999995], [86.53115089999999, 56.10193199999999], [86.5309111, 56.1016503], [86.5305375, 56.101452699999996], [86.5298484, 56.100861899999984], [86.52820549999998, 56.1001169], [86.5276087, 56.10001510000001], [86.52709829999999, 56.100092499999995], [86.52614039999999, 56.1002084], [86.5259721, 56.1001386], [86.52557329999999, 56.099973], [86.52503769999998, 56.0995301], [86.5250314, 56.0992173], [86.52541579999999, 56.098953699999996], [86.5262539, 56.099023999999986], [86.52670759999998, 56.098936099999996], [86.5268147, 56.098760399999996], [86.52660679999998, 56.0985144], [86.52629169999999, 56.098328099999996], [86.52529139999999, 56.0981639], [86.52421219999998, 56.09800820000001], [86.5231976, 56.0977763], [86.5218995, 56.097639199999996], [86.5211594, 56.09751889999999], [86.5199965, 56.0974916], [86.51900719999999, 56.0975794], [86.51790019999999, 56.09793139999999], [86.5170474, 56.09827539999999], [86.51673229999999, 56.0985144], [86.5168899, 56.0987217], [86.51676809999998, 56.09890959999999], [86.5164047, 56.0992314], [86.5159068, 56.0995828], [86.5155161, 56.1001206], [86.5156858, 56.1004027], [86.51370590000002, 56.0985698], [86.5048226, 56.082973599999995], [86.49254269999999, 56.0848202], [86.47460599999998, 56.05054439999999], [86.48672570000001, 56.050307], [86.4911908, 56.05743089999999], [86.5209582, 56.0491195], [86.5292506, 56.042587899999994], [86.51925719999998, 56.03558000000001], [86.5185638, 56.032086400000004], [86.5140724, 56.029645], [86.51081119999999, 56.0281244], [86.5094483, 56.027222900000005], [86.5078799, 56.026459799999984], [86.50675529999998, 56.0261613], [86.49355889999998, 56.032180700000005], [86.49164789999999, 56.0328377], [86.4910354, 56.0325881], [86.4917135, 56.0319469], [86.49232509999999, 56.0310477], [86.49264789999998, 56.0296582], [86.4924737, 56.02712760000001], [86.4916899, 56.0257649], [86.49033389999998, 56.0254692], [86.4886043, 56.02547630000001], [86.48568059999998, 56.0255702], [86.48330639999999, 56.0253893], [86.4817541, 56.0255007], [86.4801438, 56.025514699999995], [86.4791453, 56.0253603], [86.4787768, 56.024949], [86.47844569999998, 56.024558600000006], [86.4780818, 56.0235261], [86.4779234, 56.022504], [86.47792619999998, 56.021878199999996], [86.47839599999999, 56.021252399999995], [86.47921359999998, 56.02103489999999], [86.4801247, 56.0212141], [86.48093380000002, 56.02191129999999], [86.4814626, 56.0224936], [86.4820847, 56.02302739999999], [86.48281879999999, 56.02338369999999], [86.48400709999999, 56.02348279999999], [86.48515810000002, 56.0233314], [86.485976, 56.02295420000001], [86.4867939, 56.02247249999999], [86.48749719999999, 56.02218419999999], [86.4880884, 56.021728799999984], [86.4886914, 56.0215185], [86.48957469999999, 56.02127689999999], [86.490371, 56.020969199999996], [86.4907937, 56.0206511], [86.4907784, 56.02022199999999], [86.49035219999999, 56.019062], [86.48934449999999, 56.018336999999995], [86.4881686, 56.018008699999996], [86.4871018, 56.0178451], [86.48610969999999, 56.0175771], [86.48493069999999, 56.01713399999999], [86.4842001, 56.0165655], [86.4828066, 56.01578659999999], [86.4826324, 56.0122328], [86.4826135, 56.01048709999999], [86.48266009999999, 56.00952019999999], [86.48315499999998, 56.0085325], [86.48446130000002, 56.0073639], [86.48535079999999, 56.0070038], [86.48653909999999, 56.006873500000005], [86.4872543, 56.00702459999999], [86.4880068, 56.007562199999995], [86.48866329999998, 56.0080856], [86.48883399999998, 56.00866119999999], [86.48950589999998, 56.0090908], [86.4903459, 56.0094055], [86.4912731, 56.00935690000001], [86.4918267, 56.0091099], [86.4923803, 56.00878310000001], [86.49282179999999, 56.0082267], [86.49230529999998, 56.0073622], [86.4922745, 56.006644], [86.4924361, 56.00600059999999], [86.49308329999998, 56.0053675], [86.4940287, 56.00466660000001], [86.4949741, 56.0041119], [86.49656699999998, 56.003619699999994], [86.4975995, 56.0031378], [86.4986602, 56.0024927], [86.49938469999998, 56.0017118], [86.4998232, 56.0012752], [86.50041119999999, 56.0008386], [86.50175510000001, 55.9999968], [86.50303889999999, 55.99928619999999], [86.50447209999999, 55.9985546], [86.50511429999999, 55.997961399999994], [86.5052287, 55.997383], [86.50515629999998, 55.9968045], [86.50497409999998, 55.99553269999999], [86.50509539999999, 55.9944098], [86.50568949999999, 55.9937365], [86.50630229999999, 55.99318860000001], [86.5074891, 55.9923972], [86.50822759999998, 55.991564], [86.5101903, 55.9893961], [86.51103009999999, 55.98789279999999], [86.5120192, 55.9864209], [86.51177359999998, 55.9854846], [86.5114159, 55.984485600000006], [86.5116988, 55.98377589999999], [86.51213109999999, 55.983128799999996], [86.51267239999999, 55.98185169999999], [86.5129149, 55.9804282], [86.513365, 55.97949849999999], [86.5135909, 55.9785688], [86.5130125, 55.97834069999998], [86.5122473, 55.978217], [86.5109128, 55.9784659], [86.5098025, 55.9787461], [86.5082936, 55.979393400000006], [86.50710220000002, 55.9801348], [86.50670769999999, 55.9804046], [86.5057716, 55.9804653], [86.504975, 55.9800201], [86.5046828, 55.9793136], [86.5046828, 55.977510699999996], [86.50514289999998, 55.9767378], [86.5061446, 55.97617399999999], [86.5095599, 55.97565889999999], [86.51286929999999, 55.9744893], [86.5171368, 55.9738071], [86.5189657, 55.973855799999995], [86.5206205, 55.9730273], [86.52140429999999, 55.971370300000004], [86.5217526, 55.96995689999999], [86.52070749999999, 55.96956699999999], [86.5174852, 55.9704443], [86.515395, 55.9715165], [86.51356609999999, 55.97219879999999], [86.5099762, 55.9720559], [86.5079617, 55.9718356], [86.50562969999999, 55.97160499999999], [86.5045523, 55.9712899], [86.5032801, 55.9710237], [86.5018959, 55.97088289999999], [86.4999297, 55.97024939999999], [86.49880399999999, 55.96948], [86.4977687, 55.9688882], [86.4962102, 55.968129100000006], [86.4955272, 55.96766089999999], [86.4951057, 55.967130000000004], [86.49456150000002, 55.9660576], [86.49497199999999, 55.964347999999994], [86.49330839999999, 55.96095449999999], [86.4881859, 55.9539426], [86.47336709999999, 55.885012], [86.4716861, 55.8799416], [86.437168, 55.8833512], [86.41459459999999, 55.8845066], [86.37468330000002, 55.8842177], [86.34886709999999, 55.88894839999999], [86.34059119999999, 55.8729906], [86.2865728, 55.8718559], [86.286664, 55.87216130000001], [86.2869778, 55.87216139999999], [86.28726479999999, 55.8722351], [86.2874633, 55.8724382], [86.2873292, 55.8728852], [86.28722189999999, 55.8733547], [86.2868678, 55.8737941], [86.285634, 55.87413109999999], [86.2821579, 55.8745103], [86.28159999999998, 55.8748955], [86.2814498, 55.875347000000005], [86.2820935, 55.8755516], [86.2828767, 55.8755636], [86.2838638, 55.875274700000006], [86.28519409999998, 55.87493169999999], [86.28569839999999, 55.87493169999999], [86.2861758, 55.87510319999999], [86.28658889999998, 55.87541319999999], [86.28662109999999, 55.8757502], [86.2859023, 55.87637010000001], [86.28458799999999, 55.87685760000001], [86.2843466, 55.877212699999994], [86.2834346, 55.8773151], [86.2812593, 55.8775136], [86.27948029999999, 55.87720840000001], [86.2782311, 55.87686969999999], [86.27713449999999, 55.8763509], [86.27549519999998, 55.8745146], [86.27352769999999, 55.8730019], [86.27070949999998, 55.870951500000004], [86.26756379999999, 55.8688525], [86.26619299999999, 55.868230999999994], [86.2649372, 55.8680049], [86.26036409999999, 55.8682869], [86.2522326, 55.86869099999999], [86.25036689999999, 55.869132199999996], [86.2492434, 55.8688693], [86.24796399999998, 55.8680772], [86.24692689999999, 55.8665867], [86.24697399999998, 55.86575620000001], [86.2492426, 55.8634899], [86.2507428, 55.86289620000001], [86.2517619, 55.8614465], [86.251649, 55.86054769999999], [86.2498491, 55.859348], [86.24853859999999, 55.8589392], [86.2470211, 55.857966399999995], [86.2468072, 55.8573316], [86.2472931, 55.8563089], [86.2496982, 55.8551222], [86.25086530000002, 55.8542359], [86.250685, 55.8533659], [86.2492443, 55.8519685], [86.24828199999999, 55.8515511], [86.2465407, 55.85062930000001], [86.2436608, 55.8492147], [86.24161549999998, 55.8481442], [86.2405283, 55.8473138], [86.23910889999999, 55.84648859999999], [86.23615860000001, 55.8456857], [86.23327009999998, 55.84443710000001], [86.23128819999998, 55.8441381], [86.2289212, 55.8433138], [86.227637, 55.8425276], [86.2246743, 55.84191740000001], [86.2211667, 55.8407298], [86.21750970000001, 55.8397432], [86.21543599999998, 55.838824499999994], [86.2134453, 55.837729999999986], [86.2127392, 55.83693699999999], [86.21170349999998, 55.8364083], [86.21044519999998, 55.83634930000001], [86.2082622, 55.83680019999999], [86.20685119999999, 55.837383700000004], [86.20514839999998, 55.8381199], [86.2041951, 55.83831149999999], [86.20310059999998, 55.8382256], [86.20199250000002, 55.83808609999999], [86.2014883, 55.83834459999999], [86.2014177, 55.8390781], [86.20189989999999, 55.8399303], [86.20338519999999, 55.842334499999986], [86.2037558, 55.8443322], [86.2034958, 55.84631029999999], [86.2033054, 55.848262500000004], [86.2026145, 55.84938879999999], [86.20248449999998, 55.8505254], [86.20180209999998, 55.8511808], [86.1996121, 55.85047370000001], [86.19833429999998, 55.850383400000005], [86.19694699999998, 55.8505662], [86.19461499999998, 55.85121550000001], [86.19293879999998, 55.85142919999999], [86.19125219999998, 55.85133139999999], [86.1895217, 55.8510204], [86.1879235, 55.8505513], [86.18692429999999, 55.84989650000001], [86.1864872, 55.8481747], [86.18631739999998, 55.84736529999999], [86.1857579, 55.8462608], [86.18577649999999, 55.845062], [86.1864463, 55.84364229999999], [86.18688639999999, 55.8412802], [86.1872956, 55.8384239], [86.18720199999998, 55.836220299999994], [86.18674429999999, 55.8352708], [86.18523759999998, 55.8337255], [86.1847608, 55.833415200000005], [86.18431679999999, 55.8332061], [86.1835839, 55.8331971], [86.1829984, 55.833567099999996], [86.18187089999999, 55.8348088], [86.18060939999998, 55.8349988], [86.1792857, 55.8348769], [86.1782174, 55.83459830000001], [86.1770666, 55.8339774], [86.1764298, 55.832685], [86.1756989, 55.832047100000004], [86.17433619999998, 55.83182899999999], [86.17205069999999, 55.83124140000001], [86.17095279999998, 55.8312006], [86.1697234, 55.8314234], [86.1690816, 55.8317227], [86.16870080000001, 55.832146], [86.1684578, 55.83286619999999], [86.168655, 55.83333509999999], [86.16923459999998, 55.8338972], [86.16931539999999, 55.8345623], [86.1687766, 55.8350829], [86.1680812, 55.83522570000001], [86.1672257, 55.835099099999994], [86.1659193, 55.8347957], [86.1653059, 55.83449829999999], [86.16430290000001, 55.833340199999995], [86.1634326, 55.8331966], [86.16256499999999, 55.83339529999999], [86.1621851, 55.833811299999994], [86.16230999999999, 55.83435730000001], [86.16317579999999, 55.8351799], [86.1632443, 55.8356817], [86.1627494, 55.8361837], [86.1613266, 55.836415099999996], [86.1601844, 55.836943999999995], [86.15942, 55.8375305], [86.158506, 55.8384572], [86.1569315, 55.83987520000001], [86.15687129999999, 55.8404487], [86.1578704, 55.8414465], [86.15788959999999, 55.841953], [86.1574101, 55.84232469999999], [86.1558552, 55.84250010000001], [86.15486499999999, 55.842792200000005], [86.1542206, 55.843238], [86.1543119, 55.843743700000005], [86.15494639999999, 55.8447299], [86.15534129999999, 55.84642079999999], [86.1551357, 55.8475891], [86.15466, 55.848509400000005], [86.15416819999999, 55.850515099999996], [86.1530762, 55.85197590000001], [86.1522904, 55.8535415], [86.1519034, 55.8545918], [86.1510872, 55.85523920000001], [86.1508938, 55.8557311], [86.15197789999999, 55.8570096], [86.15188749999999, 55.8573133], [86.1507172, 55.85781839999999], [86.1497263, 55.858445999999994], [86.1493102, 55.859321200000004], [86.148209, 55.8601527], [86.14817529999999, 55.860690600000005], [86.14934199999999, 55.8623654], [86.14988889999998, 55.862907699999994], [86.14780759999998, 55.86288909999999], [86.12274879999998, 55.863211099999994], [86.12004319999998, 55.86229569999999], [86.11434429999998, 55.8566289], [86.11051799999998, 55.85638899999999], [86.1088137, 55.85643329999999], [86.10553979999999, 55.855323199999994], [86.1059535, 55.8534296], [86.106803, 55.8515072], [86.1030292, 55.847945499999994], [86.1020123, 55.84782379999999], [86.1015111, 55.8477785], [86.1008831, 55.84815369999999], [86.1005493, 55.84808509999999], [86.1003819, 55.8478497], [86.1000823, 55.8478173], [86.0994198, 55.84799199999999], [86.0991951, 55.8483574], [86.099391, 55.84885229999999], [86.0997079, 55.8491304], [86.099633, 55.8492889], [86.09872849999999, 55.84930829999998], [86.0979853, 55.84914659999999], [86.097559, 55.849098], [86.0970693, 55.84926620000001], [86.09671210000002, 55.84971579999999], [86.09633759999998, 55.8497319], [86.09630879999999, 55.8495896], [86.0964471, 55.84935999999999], [86.09614749999999, 55.84935029999999], [86.0958537, 55.8496317], [86.09536979999999, 55.8496317], [86.0948743, 55.849418199999995], [86.0944077, 55.84935029999999], [86.09399859999999, 55.8490754], [86.0935838, 55.84895899999999], [86.0933188, 55.8490916], [86.09348589999999, 55.8493632], [86.09337069999998, 55.8495735], [86.0926851, 55.84965429999999], [86.0917864, 55.849547599999994], [86.09108349999998, 55.8495929], [86.09070329999999, 55.8494797], [86.08955679999998, 55.8496381], [86.08936669999999, 55.8498063], [86.0894877, 55.85012329999999], [86.08989099999998, 55.85014910000001], [86.0899774, 55.8503335], [86.0896605, 55.8505663], [86.0892573, 55.85076359999999], [86.0890194, 55.8507773], [86.0889208, 55.850726699999996], [86.0891166, 55.8506423], [86.0891824, 55.85053070000001], [86.08881360000001, 55.8504596], [86.0884565, 55.8504596], [86.08809929999998, 55.8502494], [86.08781869999999, 55.850321], [86.0878027, 55.850438700000005], [86.0878748, 55.85061219999999], [86.08779599999998, 55.850813200000005], [86.0875958, 55.85089529999999], [86.08745559999998, 55.850837000000006], [86.08721209999999, 55.8506633], [86.0869931, 55.8504628], [86.0863018, 55.85042719999999], [86.086129, 55.85058250000001], [86.0863133, 55.85110319999999], [86.0864977, 55.8512357], [86.0863076, 55.8514427], [86.0856393, 55.8515721], [86.08491339999999, 55.8516723], [86.08448, 55.85166379999999], [86.08417020000002, 55.85177259999998], [86.0837266, 55.85179200000001], [86.0833982, 55.8516335], [86.08334059999999, 55.85131979999999], [86.0834443, 55.8511517], [86.0832139, 55.850989999999996], [86.08265960000001, 55.85100919999999], [86.07062019999998, 55.8661425], [86.0666224, 55.88372609999999], [86.0625443, 55.8963337], [86.06243129999999, 55.8991381], [86.060466, 55.904310599999995], [86.0607171, 55.9050207], [86.0743946, 55.9121832], [86.09127700000002, 55.9119321], [86.10635860000001, 55.919692199999986], [86.10594109999998, 55.918363500000005], [86.10858399999998, 55.916048], [86.1093508, 55.913577100000005], [86.111651, 55.9127893], [86.1117149, 55.9111778], [86.10954239999998, 55.90963779999999], [86.10973409999998, 55.9083843], [86.1115232, 55.9077038], [86.11561259999999, 55.90662929999999], [86.1154848, 55.906056299999996], [86.1124178, 55.904731], [86.1135679, 55.903943000000005], [86.1154209, 55.903549], [86.11708219999998, 55.9026535], [86.12257729999999, 55.9029759], [86.1264111, 55.9040504], [86.1319061, 55.90498169999999], [86.13567599999999, 55.9046952], [86.13708169999998, 55.90344150000001], [86.13919029999998, 55.901614699999996], [86.1386791, 55.89985939999999], [86.13644279999998, 55.8986772], [86.14200169999998, 55.8966352], [86.1464745, 55.8947722], [86.1549856, 55.89698630000001], [86.1608227, 55.9080002], [86.1852377, 55.912634499999996], [86.1878728, 55.9283607], [86.1882352, 55.939392299999994], [86.20235869999999, 55.938921799999996], [86.2043356, 55.9774033], [86.23782729999999, 55.9769887], [86.2381247, 55.98639390000001], [86.23401989999999, 55.987145700000006], [86.23060559999999, 55.9878149], [86.227025, 55.9948978], [86.2239382, 55.9956761], [86.2203725, 55.995055699999995], [86.2047753, 55.98888199999999], [86.20362009999998, 56.0192881], [86.20097019999999, 56.0193936], [86.1927658, 56.0223504], [86.18797119999999, 56.026127699999996], [86.19122499999999, 56.03127039999999], [86.17618969999998, 56.0343181], [86.1864559, 56.05086769999998], [86.18533629999999, 56.054936699999985], [86.189821, 56.053596], [86.1959838, 56.053563100000005], [86.2007471, 56.0563858], [86.20344600000001, 56.0586763], [86.2143217, 56.06080789999999], [86.22010839999999, 56.0596948], [86.2261525, 56.057618100000006], [86.22848279999998, 56.05891739999999], [86.23020479999998, 56.057892900000006], [86.2390472, 56.056931], [86.2435292, 56.0557524], [86.2474613, 56.053955], [86.2498186, 56.0521072], [86.25625589999999, 56.0519874], [86.2649248, 56.054192099999995], [86.26827699999998, 56.05323560000001], [86.2699043, 56.051531700000005], [86.27146379999999, 56.051456], [86.2741082, 56.0530842], [86.2767409, 56.0554037], [86.2871991, 56.0554708], [86.3427356, 56.0326756], [86.3455005, 56.0339181], [86.3447792, 56.03573140000001], [86.35238249999999, 56.040956], [86.35083680000001, 56.0409052], [86.34710899999999, 56.042835199999985], [86.33710749999999, 56.042479699999994], [86.3360164, 56.0439525], [86.3409262, 56.04964], [86.34601789999999, 56.04750730000001], [86.3504731, 56.04989390000001], [86.3494729, 56.050807899999995], [86.3475636, 56.0504524], [86.3436539, 56.05187420000001], [86.3457451, 56.0574082], [86.3498366, 56.05806819999999], [86.34901829999998, 56.0590835], [86.35038219999998, 56.0621801], [86.35210969999999, 56.06324600000001], [86.35174599999999, 56.0647688], [86.34783629999998, 56.064312], [86.34619969999999, 56.0658347], [86.34065349999999, 56.06852469999999], [86.33638009999999, 56.09297990000001], [86.3369299, 56.09757159999999], [86.33576609999999, 56.09834240000001], [86.3192895, 56.0984076], [86.3139896, 56.096848699999995], [86.29100439999999, 56.1045162], [86.2912954, 56.10557080000001], [86.28904049999998, 56.10841020000001], [86.2829305, 56.1063821], [86.2763114, 56.1064632], [86.2745656, 56.10784230000001], [86.27020749999998, 56.10569089999999], [86.2686739, 56.10398880000001], [86.2644578, 56.105437800000004], [86.2617638, 56.1070716], [86.25361709999999, 56.1096269], [86.24990749999999, 56.109748599999996], [86.2440157, 56.1075989], [86.2379058, 56.10812620000001], [86.2347053, 56.1066255], [86.22801340000001, 56.1057736], [86.2277256, 56.10344150000001], [86.2288135, 56.098431], [86.2263404, 56.098349899999995], [86.2248129, 56.091087], [86.230632, 56.0862578], [86.230632, 56.0852027], [86.23303229999999, 56.0841068], [86.2321595, 56.07785609999999], [86.23245039999999, 56.0771254], [86.2260492, 56.0742888], [86.2076622, 56.07657749999999], [86.16302829999998, 56.077458400000005], [86.1355789, 56.08106540000001], [86.1353445, 56.084010199999994], [86.13821979999999, 56.0899483], [86.136107, 56.0933357], [86.13838789999998, 56.0939777], [86.1325061, 56.1000489], [86.1259619, 56.09845190000001], [86.124097, 56.1004195], [86.12194709999999, 56.0999476], [86.1206385, 56.1010266], [86.1201546, 56.1076521], [86.13126749999999, 56.111537999999996], [86.1454197, 56.11516779999999], [86.1483049, 56.1170891], [86.15057929999999, 56.119026999999996], [86.14889179999999, 56.1352136], [86.13872789999999, 56.13434289999999], [86.1063766, 56.138328800000004], [86.0661404, 56.14950520000001], [86.0637402, 56.1509164], [86.06360499999998, 56.1518669], [86.0763466, 56.15985549999999], [86.0764217, 56.162794899999994], [86.07324599999998, 56.1618211], [86.07214089999998, 56.162310999999995], [86.07659339999998, 56.1650531], [86.0766363, 56.1667496], [86.0579252, 56.1666779], [86.05427740000002, 56.171504299999995], [86.05200290000002, 56.1712654], [86.0552322, 56.1666421], [86.04170319999999, 56.166558499999994], [86.0415798, 56.16363429999999], [86.0403138, 56.1636104], [86.03453629999998, 56.157549200000005], [86.0255927, 56.1598196], [86.0255885, 56.1603945], [86.0046729, 56.160193], [86.00473039999999, 56.1563609], [85.993063, 56.1555355], [85.9786218, 56.1550595], [85.9942493, 56.142369399999986], [85.99598430000002, 56.1333403], [85.99466259999998, 56.13075740000001]]]]}}, {"type": "Feature", "properties": {"id": "mo-32546000", "name": "Яшкинский муниципальный округ", "region": "Кемеровская область", "isCity": false, "sourceOktmo": "32-546-000-000", "sourceAgg": "Кемерово", "excelNames": ["Яшкинский муниципальный округ"], "oktmo": "32546000", "vgp": [{"year": 2019, "value": 9731521.917348307}, {"year": 2020, "value": 9236183.031631865}, {"year": 2021, "value": 9333755.95337804}, {"year": 2022, "value": 18745736.22392835}, {"year": 2023, "value": 16807263.391542602}, {"year": 2024, "value": 16103629.545337057}], "population": [{"year": 2019, "value": 27314.0}, {"year": 2020, "value": 27047.0}, {"year": 2021, "value": 26842.0}, {"year": 2022, "value": 26508.0}, {"year": 2023, "value": 26287.0}, {"year": 2024, "value": 26089.0}, {"year": 2025, "value": 25792.0}], "shipments": [{"year": 2019, "value": 123023739.3}, {"year": 2020, "value": 93106391.3}, {"year": 2021, "value": 128393006.3}, {"year": 2022, "value": 130207452.5}, {"year": 2023, "value": 125503949.8}, {"year": 2024, "value": 32522220.7}], "employees": [{"year": 2019, "value": 5883.0}, {"year": 2020, "value": 5778.0}, {"year": 2021, "value": 5978.0}, {"year": 2022, "value": 5975.0}, {"year": 2023, "value": 5835.0}, {"year": 2024, "value": 5823.0}], "investments": [{"year": 2019, "value": 1405527.0}, {"year": 2020, "value": 2992051.0}, {"year": 2021, "value": 1180995.0}, {"year": 2022, "value": 1092429.0}, {"year": 2023, "value": 1328816.0}, {"year": 2024, "value": 2224057.0}], "vgp2024": 16103629.545337057, "pop2024": 26089.0, "ship2024": 32522220.7, "emp2024": 5823.0, "inv2024": 2224057.0}, "geometry": {"type": "MultiPolygon", "coordinates": [[[[85.30717179999999, 56.22257179999999], [85.3201629, 56.221305900000004], [85.35771260000001, 56.2141315], [85.35340459999999, 56.21169230000001], [85.37378059999999, 56.205423399999994], [85.3986967, 56.20469520000001], [85.4291417, 56.196259299999994], [85.4279954, 56.1943563], [85.4273463, 56.19200240000001], [85.4326071, 56.183301300000004], [85.42448789999999, 56.180531599999995], [85.4105411, 56.17375579999999], [85.41636309999998, 56.1663179], [85.4223267, 56.161785900000005], [85.42905209999999, 56.1614964], [85.4243506, 56.1496552], [85.42363349999998, 56.13912799999999], [85.4231309, 56.1350303], [85.4231739, 56.132011399999996], [85.43098569999998, 56.1263817], [85.43893719999998, 56.118530299999996], [85.45145459999999, 56.1121934], [85.4560242, 56.1117545], [85.46385079999999, 56.1130112], [85.4704262, 56.1113756], [85.47912769999999, 56.1110835], [85.4835797, 56.109172900000004], [85.48652619999999, 56.1061997], [85.49500499999999, 56.1002165], [85.4962474, 56.0997886], [85.49628599999998, 56.0987498], [85.4914718, 56.09559039999999], [85.49421219999999, 56.0939253], [85.4999456, 56.0961903], [85.5027201, 56.0951603], [85.50316749999999, 56.0913318], [85.5020909, 56.0902671], [85.5061526, 56.08936619999999], [85.50703339999998, 56.089803], [85.50693559999999, 56.09463499999999], [85.50429299999999, 56.09406169999999], [85.50422429999999, 56.0957456], [85.5070213, 56.096798299999996], [85.50849539999999, 56.09640389999999], [85.5128932, 56.0990855], [85.51159929999999, 56.100644299999985], [85.5210971, 56.0995], [85.530796, 56.0959813], [85.5412673, 56.09382680000001], [85.56135169999999, 56.0851118], [85.57067039999998, 56.0839617], [85.56993479999998, 56.07462239999999], [85.5604076, 56.0744308], [85.56272500000001, 56.0669571], [85.569554, 56.066630499999995], [85.5686334, 56.06022990000001], [85.56805419999999, 56.05656569999999], [85.5674059, 56.05224840000001], [85.5666611, 56.049783899999994], [85.58211699999998, 56.0426562], [85.57804579999998, 56.040212499999996], [85.57635999999998, 56.0385886], [85.5729609, 56.0297911], [85.53141809999998, 56.00751339999999], [85.54183639999998, 56.0023929], [85.5428338, 56.00219659999999], [85.54379939999998, 56.0019146], [85.54507599999998, 56.001942899999996], [85.54656480000001, 56.0020661], [85.5477127, 56.002060099999994], [85.54974889999998, 56.001371], [85.5507428, 56.0007435], [85.55098769999998, 56.00018079999999], [85.5511036, 55.9996584], [85.5538469, 56.00033080000001], [85.5553262, 56.00083119999999], [85.5593262, 56.001336200000004], [85.56141609999999, 56.0018487], [85.56476429999998, 56.00291699999999], [85.58252469999998, 56.006605199999996], [85.5845904, 56.006953599999996], [85.5861139, 56.00707359999999], [85.5877018, 56.0068517], [85.5905554, 56.0060046], [85.5921135, 56.00578969999999], [85.59414109999999, 56.0058045], [85.5973876, 56.0062814], [85.6271284, 56.0127552], [85.63074279999998, 56.0087442], [85.6454482, 56.006863], [85.65822659999999, 56.003679], [85.6596155, 56.00041709999999], [85.66294899999998, 55.99894140000001], [85.6657269, 55.9990967], [85.66808809999999, 55.9949799], [85.6711438, 55.9906296], [85.68308879999998, 55.98565729999999], [85.6836444, 55.9822384], [85.6805887, 55.98029569999999], [85.681561, 55.978741500000005], [85.68558889999998, 55.9776536], [85.6876724, 55.97501119999999], [85.6879502, 55.969492699999996], [85.68558889999998, 55.9687931], [85.68933910000001, 55.966150199999994], [85.6910058, 55.9666166], [85.69558939999999, 55.9651396], [85.6975339, 55.9654505], [85.70031179999998, 55.9646731], [85.70558979999998, 55.9607082], [85.7089233, 55.96086369999998], [85.7110068, 55.9629628], [85.71059009999999, 55.966150199999994], [85.71420129999998, 55.969881400000006], [85.71295130000001, 55.9715137], [85.70822889999998, 55.9727573], [85.7103123, 55.97547749999999], [85.7125346, 55.9766433], [85.713368, 55.97982950000001], [85.7147569, 55.9804512], [85.7208683, 55.98068430000001], [85.72461849999999, 55.9844141], [85.72809089999998, 55.98456949999999], [85.73086880000001, 55.983481700000006], [85.75910119999999, 55.9964824], [85.7630925, 55.99832], [85.7704539, 56.00018409999999], [85.7764264, 56.0010384], [85.7737874, 56.0037567], [85.77656529999999, 56.006863], [85.7768431, 56.0092703], [85.7778153, 56.0151713], [85.78003769999998, 56.018199], [85.7828156, 56.020528000000006], [85.78559349999999, 56.02960939999999], [85.7905937, 56.03116150000001], [85.79364939999999, 56.03108389999999], [85.79551139999998, 56.0304419], [85.8082186, 56.036803799999994], [85.8066915, 56.040021499999995], [85.8073568, 56.047027099999994], [85.81402230000002, 56.04689270000001], [85.82572470000001, 56.0480678], [85.8318311, 56.0482865], [85.8374476, 56.0469363], [85.8404536, 56.0465669], [85.84506639999998, 56.046337699999995], [85.8531117, 56.04670859999999], [85.8593789, 56.0472197], [85.86236899999999, 56.04777790000001], [85.8681106, 56.04971660000001], [85.8702505, 56.0502007], [85.87525599999998, 56.051058700000006], [85.8793087, 56.0519513], [85.88480469999999, 56.0523289], [85.89204049999998, 56.05239009999999], [85.8920411, 56.0529128], [85.9024858, 56.053335499999996], [85.90281429999999, 56.0534984], [85.91074289999999, 56.0539113], [85.91363819999998, 56.054130199999996], [85.91574129999998, 56.0544708], [85.91717299999999, 56.0549172], [85.9223854, 56.0567635], [85.92309059999998, 56.0567144], [85.9272855, 56.0584756], [85.9283747, 56.058876999999995], [85.9284711, 56.0537668], [85.92898149999999, 56.046632800000005], [85.9308976, 56.03333859999999], [85.93327969999999, 55.9999563], [86.0971211, 55.998433600000006], [86.09699259999998, 55.996071500000006], [86.09713099999999, 55.99450010000001], [86.09803149999999, 55.9939165], [86.0992069, 55.9936352], [86.101841, 55.9934765], [86.10091539999999, 55.955821900000004], [86.10193919999999, 55.95526780000001], [86.10177809999999, 55.9547568], [86.1023688, 55.95367449999999], [86.104463, 55.9523818], [86.1059665, 55.95154], [86.10741629999998, 55.9507583], [86.1089735, 55.94997659999999], [86.1103159, 55.949736099999996], [86.1120192, 55.950000700000004], [86.1129471, 55.950608], [86.11310599999999, 55.9507963], [86.11369899999998, 55.95095609999999], [86.11432469999998, 55.950769999999984], [86.1145549, 55.95048349999999], [86.11452699999998, 55.94917289999999], [86.11462889999999, 55.9484987], [86.1150559, 55.9479877], [86.1158757, 55.9475119], [86.11637959999999, 55.9471538], [86.11702429999998, 55.9467851], [86.11882199999998, 55.94594589999999], [86.1204826, 55.945347299999995], [86.1216388, 55.94499059999998], [86.121916, 55.9442716], [86.1214764, 55.94354200000001], [86.1207937, 55.9434416], [86.11940019999999, 55.9436366], [86.1182812, 55.94378879999999], [86.11680129999999, 55.94332200000001], [86.114825, 55.9430711], [86.1128934, 55.942459400000004], [86.1112825, 55.94182790000001], [86.11047699999999, 55.9407153], [86.10922569999998, 55.939715799999995], [86.10756229999998, 55.93875499999999], [86.10654779999999, 55.9378645], [86.1061852, 55.937135999999995], [86.1064447, 55.93649009999999], [86.1070602, 55.93607709999999], [86.10815179999999, 55.9360081], [86.1087307, 55.9356553], [86.10903849999998, 55.9350417], [86.10933339999998, 55.93414959999999], [86.1103173, 55.9331357], [86.111253, 55.9328445], [86.11218859999998, 55.9324369], [86.1119807, 55.9318836], [86.1104213, 55.931446799999996], [86.108394, 55.93098089999999], [86.10673059999999, 55.9308353], [86.1048593, 55.930660599999996], [86.102936, 55.930136399999995], [86.10090869999999, 55.9292046], [86.10018099999999, 55.9287387], [86.0991414, 55.928098000000006], [86.097426, 55.927224300000006], [86.09571059999999, 55.926117700000006], [86.09581459999998, 55.925302200000004], [86.0964903, 55.9246615], [86.09784179999998, 55.9243411], [86.09898540000002, 55.9249236], [86.09986909999999, 55.925651699999996], [86.1012206, 55.9263507], [86.1030919, 55.9265836], [86.1045474, 55.9266419], [86.10548309999999, 55.92617589999999], [86.10579489999999, 55.925302200000004], [86.10579489999999, 55.924224599999995], [86.10641869999999, 55.923438299999994], [86.1079262, 55.92314700000001], [86.1089658, 55.922477099999995], [86.1088099, 55.9215742], [86.1078222, 55.92052559999999], [86.10635860000001, 55.919692199999986], [86.09127700000002, 55.9119321], [86.0743946, 55.9121832], [86.0607171, 55.9050207], [86.0493891, 55.8991649], [86.0482765, 55.8975533], [86.0432838, 55.896187000000005], [86.0386477, 55.892121], [86.0334768, 55.88375449999999], [86.0095238, 55.888021300000005], [85.9841443, 55.8995528], [85.928428, 55.90088109999999], [85.92882599999999, 55.86518109999999], [85.8976084, 55.863167600000004], [85.8836029, 55.8506138], [85.85838979999998, 55.8135103], [85.8632536, 55.805311399999994], [85.89694959999999, 55.7863413], [85.8748912, 55.7716489], [85.85551649999998, 55.7596875], [85.8517497, 55.73611840000001], [85.8336539, 55.7351352], [85.8218629, 55.7213051], [85.81168179999999, 55.718502799999996], [85.7981114, 55.7144243], [85.787866, 55.7311123], [85.7772916, 55.7289864], [85.7776185, 55.7305611], [85.77764279999998, 55.73181489999999], [85.7757862, 55.7331426], [85.76179329999998, 55.731089999999995], [85.7480634, 55.738404], [85.7483698, 55.742764099999995], [85.7449522, 55.7445624], [85.74807269999998, 55.7502913], [85.73985019999999, 55.7549514], [85.7382566, 55.7531336], [85.7330649, 55.7482006], [85.70906779999999, 55.7368267], [85.7252271, 55.7241193], [85.72367149999998, 55.7133959], [85.7201193, 55.7029835], [85.72021209999998, 55.698587499999995], [85.72471629999998, 55.6967164], [85.72750239999999, 55.69364139999999], [85.7350481, 55.690304399999995], [85.7379503, 55.69017349999999], [85.74236159999998, 55.688930199999994], [85.7443351, 55.685265599999994], [85.74015589999999, 55.68048799999999], [85.7443351, 55.673811400000005], [85.75733689999998, 55.66713369999999], [85.7605755, 55.666911699999986], [85.76723259999999, 55.66727290000001], [85.7699456, 55.66620279999999], [85.77392219999999, 55.6670872], [85.77531669999999, 55.6677192], [85.77892179999999, 55.669610399999996], [85.7804029, 55.670277999999996], [85.7825804, 55.668342800000005], [85.7851747, 55.6654428], [85.78570629999999, 55.664960699999995], [85.785453, 55.66486640000001], [85.7851687, 55.66484829999999], [85.78494339999999, 55.6646667], [85.7852519, 55.66398439999999], [85.7850453, 55.663775599999994], [85.7853022, 55.66349300000001], [85.7860297, 55.6632264], [85.7863837, 55.66324459999999], [85.78687999999998, 55.663087299999994], [85.78703819999998, 55.6626591], [85.78764709999999, 55.6628111], [85.78782809999998, 55.662676899999994], [85.7856974, 55.660057999999985], [85.7858258, 55.6598888], [85.78671629999998, 55.6598691], [85.78701139999998, 55.6602065], [85.787521, 55.6602277], [85.7876873, 55.6601143], [85.78772159999998, 55.6598815], [85.7874674, 55.659698199999994], [85.78767899999998, 55.65931189999999], [85.78763899999998, 55.6591232], [85.78724739999998, 55.6591232], [85.78679949999999, 55.6592155], [85.78652279999999, 55.65878049999999], [85.7857427, 55.6588372], [85.78565149999999, 55.6586889], [85.7860029, 55.6585104], [85.7860377, 55.6582199], [85.78629259999998, 55.6579611], [85.7865581, 55.657952099999996], [85.7868934, 55.65820169999999], [85.78708110000001, 55.65842109999999], [85.78719379999998, 55.658466499999996], [85.787285, 55.65839989999999], [85.7872823, 55.6582335], [85.7873768, 55.65793339999999], [85.7871658, 55.65703500000001], [85.78759339999999, 55.6568429], [85.7876511, 55.656745900000004], [85.7873735, 55.65650999999999], [85.78704189999999, 55.65598719999999], [85.7868665, 55.65540239999999], [85.7873467, 55.6550695], [85.7870731, 55.6547365], [85.7871637, 55.654265], [85.7869792, 55.6540586], [85.78663049999999, 55.6540132], [85.786306, 55.654220499999994], [85.7859897, 55.6541626], [85.785858, 55.65345479999999], [85.7862389, 55.65340340000001], [85.7867646, 55.653137], [85.78643199999999, 55.6527496], [85.78574539999998, 55.652713299999995], [85.7854385, 55.65219929999999], [85.78569249999998, 55.6515796], [85.78526529999999, 55.65157219999998], [85.78486559999999, 55.651498100000005], [85.7846779, 55.6514088], [85.78440960000002, 55.65150409999999], [85.7843426, 55.65174019999999], [85.78412529999999, 55.65183399999999], [85.7838008, 55.651773500000004], [85.78373999999998, 55.6514708], [85.7841709, 55.650718699999985], [85.78476099999999, 55.65048859999999], [85.7848097, 55.650330399999994], [85.78400459999999, 55.6499484], [85.7839993, 55.64978039999999], [85.7842675, 55.6495306], [85.7842299, 55.6493294], [85.7840288, 55.6492764], [85.7837686, 55.64929300000001], [85.78348959999998, 55.64939290000001], [85.7833663, 55.649402], [85.78327239999999, 55.6493142], [85.7830706, 55.6489849], [85.782854, 55.6486468], [85.78288079999999, 55.6483062], [85.7831973, 55.6480444], [85.7835327, 55.648016999999996], [85.7839563, 55.64785669999999], [85.78423259999998, 55.647858199999995], [85.78433449999999, 55.6479415], [85.78436940000002, 55.6480565], [85.7846323, 55.648052], [85.7847798, 55.6479566], [85.7848484, 55.647666199999996], [85.78452499999999, 55.6471666], [85.7839, 55.64693049999999], [85.78340379999999, 55.64659290000001], [85.78334750000002, 55.6464416], [85.78341919999998, 55.646271999999996], [85.78329919999999, 55.6461797], [85.7830954, 55.64617520000001], [85.782803, 55.64643550000001], [85.7826072, 55.6464507], [85.7825026, 55.6463356], [85.7827467, 55.646095], [85.78235239999998, 55.64581499999999], [85.78205729999999, 55.64562579999999], [85.7817864, 55.645613600000004], [85.78169769999998, 55.645865199999996], [85.7813412, 55.6463916], [85.78116149999998, 55.646452200000006], [85.7809683, 55.646418199999985], [85.7807645, 55.646044999999994], [85.78053650000001, 55.64576499999999], [85.78053539999999, 55.6455671], [85.7794445, 55.645510999999985], [85.77990049999998, 55.63975729999999], [85.7768866, 55.639461499999996], [85.7782625, 55.6360223], [85.77302109999998, 55.63480189999999], [85.76922109999998, 55.6360963], [85.7607037, 55.63398829999999], [85.75669339999999, 55.633712700000004], [85.7519461, 55.6322612], [85.74772559999998, 55.6308107], [85.7454866, 55.6294537], [85.7443151, 55.6302986], [85.74423759999999, 55.632389700000004], [85.7433897, 55.6336529], [85.7394483, 55.631806799999985], [85.7367024, 55.63304600000001], [85.7341873, 55.63032039999999], [85.73233680000001, 55.63125109999999], [85.73148659999998, 55.63132780000001], [85.7176496, 55.6333187], [85.71693539999998, 55.6330862], [85.71583769999998, 55.63208139999999], [85.7153186, 55.6314869], [85.7141616, 55.630716500000005], [85.71324909999998, 55.6297283], [85.7112458, 55.6268244], [85.72260590000002, 55.6176565], [85.71885099999999, 55.6088993], [85.7157369, 55.6063755], [85.70661489999999, 55.6111889], [85.7061078, 55.6114565], [85.70484419999998, 55.612267], [85.69597979999999, 55.617952], [85.680702, 55.6236709], [85.6592443, 55.63055200000001], [85.6548003, 55.6332367], [85.6494596, 55.63646289999999], [85.63732839999999, 55.6472391], [85.6316155, 55.6528325], [85.62882799999998, 55.6551587], [85.6270337, 55.65631479999999], [85.61993099999998, 55.65982369999999], [85.6108358, 55.66387399999999], [85.6032643, 55.66701169999999], [85.5780485, 55.6748137], [85.55350089999999, 55.68139539999999], [85.5356531, 55.68439109999999], [85.52081819999998, 55.6875095], [85.4861032, 55.699296200000006], [85.4748495, 55.701413099999996], [85.462692, 55.7020044], [85.42441149999999, 55.7017868], [85.39454239999999, 55.700553400000004], [85.3758314, 55.6980383], [85.3682598, 55.695494399999994], [85.3579786, 55.69203989999999], [85.345619, 55.6849761], [85.3382375, 55.6772335], [85.33500049999999, 55.6696584], [85.33257269999999, 55.6669722], [85.3297109, 55.6640686], [85.3259911, 55.6612646], [85.3206859, 55.6587944], [85.315656, 55.657161499999994], [85.30443959999998, 55.654554999999995], [85.2984566, 55.653805], [85.2894168, 55.6529557], [85.28255569999999, 55.6527499], [85.2707746, 55.65380280000001], [85.2554967, 55.65380280000001], [85.23884559999999, 55.65477130000001], [85.2261426, 55.6568051], [85.2144697, 55.660194399999995], [85.2003934, 55.66571359999999], [85.18511559999999, 55.67074790000001], [85.161598, 55.6766528], [85.1475217, 55.68033069999999], [85.1420773, 55.6830154], [85.13675609999999, 55.686463499999995], [85.1274789, 55.6910351], [85.1156105, 55.6957518], [85.10685179999999, 55.69854180000001], [85.1025993, 55.6997221], [85.0974038, 55.7008567], [85.090667, 55.70111699999999], [85.0827304, 55.7003494], [85.0749901, 55.700509000000004], [85.06684089999999, 55.7019077], [85.05431419999998, 55.70366260000001], [85.04139439999999, 55.7042628], [85.02688929999998, 55.7041735], [85.01208089999999, 55.7033586], [85.0081238, 55.7031291], [84.9983163, 55.70307199999999], [84.9928427, 55.7037702], [84.98346559999999, 55.70723300000001], [84.97731859999999, 55.7121413], [84.97311379999998, 55.7177684], [84.9616125, 55.7255996], [84.95491639999999, 55.73003569999999], [84.9516071, 55.732227900000005], [84.9469754, 55.7388366], [84.94023549999999, 55.7451987], [84.9370404, 55.7482144], [84.930791, 55.754484100000006], [84.9244109, 55.76340309999999], [84.9217927, 55.76603319999999], [84.9193592, 55.7682869], [84.9173415, 55.7705622], [84.9154355, 55.77728499999999], [84.91337559999998, 55.78838600000001], [84.91409359999999, 55.7922562], [84.91629389999999, 55.8041151], [84.91649359999998, 55.80984769999999], [84.91542139999999, 55.8146298], [84.913865, 55.8194821], [84.91339449999998, 55.82233449999999], [84.91332739999999, 55.8270321], [84.9140963, 55.830371799999995], [84.91783879999998, 55.83555419999999], [84.9248769, 55.8401811], [84.9323607, 55.84288239999999], [84.93689319999999, 55.8445183], [84.95234269999999, 55.8498187], [84.9683073, 55.85521479999999], [84.98049520000001, 55.85993570000001], [84.98821379999998, 55.86424999999999], [84.99233979999998, 55.8669678], [85.0055578, 55.88266509999998], [85.0141408, 55.890270799999996], [85.0174024, 55.898067399999995], [85.01833049999999, 55.9159559], [85.0179751, 55.9181833], [85.01688, 55.91998819999999], [85.01516989999999, 55.92148019999999], [85.00658769999998, 55.9259683], [84.9950864, 55.933469300000006], [84.9868467, 55.94327609999999], [84.97774859999998, 55.95826989999999], [84.9701955, 55.9685507], [84.96315739999999, 55.9745066], [84.9506261, 55.98132590000001], [84.93853809999999, 55.9874045], [84.92866299999999, 55.991852499999986], [84.92221229999998, 55.9949585], [84.9179522, 55.9975181], [84.9144422, 56.000301799999995], [84.9068525, 56.0103186], [84.89979359999998, 56.017894999999996], [84.89277619999999, 56.0256701], [84.88814139999998, 56.033727199999994], [84.88796970000001, 56.0403443], [84.89151699999998, 56.05432530000001], [84.8928691, 56.05850279999999], [84.89393449999999, 56.0599822], [84.8961121, 56.0630057], [84.90015769999998, 56.0667055], [84.9095991, 56.07293370000001], [84.9259069, 56.08078940000001], [84.9384382, 56.0870153], [84.9502828, 56.090463], [84.96504569999999, 56.09649590000001], [84.96760039999998, 56.0981084], [84.9780919, 56.1047297], [84.9808385, 56.1086545], [84.98061349999999, 56.1110675], [84.9868625, 56.10777699999999], [84.9930179, 56.10828299999999], [84.9991734, 56.1083673], [85.0026305, 56.1089576], [85.00338939999999, 56.1098851], [85.0051602, 56.1103911], [85.0053288, 56.1113186], [85.00819569999999, 56.113089300000006], [85.0110626, 56.1129207], [85.0118215, 56.11426980000001], [85.0144354, 56.1144596], [85.0155316, 56.11564], [85.01797689999998, 56.11597729999999], [85.0192417, 56.1169049], [85.0210968, 56.11682059999998], [85.0233734, 56.1188443], [85.0258187, 56.1188443], [85.02758949999999, 56.1200248], [85.02978179999998, 56.12019339999999], [85.0311309, 56.121795500000005], [85.0335762, 56.1215426], [85.03467239999999, 56.122722999999986], [85.0394398, 56.124346], [85.04239929999999, 56.1253534], [85.0432731, 56.12561110000001], [85.04156839999999, 56.1282514], [85.03831909999998, 56.1333047], [85.0655176, 56.15154879999999], [85.0773911, 56.15270339999999], [85.09058549999999, 56.1603632], [85.09719849999999, 56.1599936], [85.1027267, 56.1721889], [85.1062244, 56.17356009999999], [85.10668189999998, 56.1742641], [85.1068505, 56.175781900000004], [85.1034776, 56.17982920000001], [85.1038149, 56.18168429999999], [85.11174099999998, 56.1882613], [85.11612559999999, 56.194100500000005], [85.1198486, 56.195557400000006], [85.12000429999999, 56.19561829999999], [85.12202799999999, 56.1962929], [85.12556949999998, 56.19696739999999], [85.12759329999999, 56.1945222], [85.1318208, 56.194451199999996], [85.13375779999998, 56.19494370000001], [85.137882, 56.198242699999994], [85.175319, 56.1980949], [85.20778039999999, 56.1978317], [85.2065179, 56.20101520000001], [85.20365089999999, 56.20599010000001], [85.2018799, 56.2168674], [85.2287293, 56.22152369999999], [85.2313899, 56.225184899999995], [85.22825189999999, 56.22658959999999], [85.22818409999998, 56.2282121], [85.2611264, 56.2244386], [85.2912702, 56.2228222], [85.30538129999998, 56.222746300000004], [85.30717179999999, 56.22257179999999]]]]}}]}