{"type": "FeatureCollection", "features": [{"type": "Feature", "properties": {"id": "city-71701000", "name": "ГО Тюмень", "region": "Тюменская область", "isCity": true, "sourceOktmo": "71-701-000-000", "sourceAgg": "Тюмень", "excelNames": ["ГО Тюмень"], "oktmo": "71701000", "vgp": [{"year": 2019, "value": 931148177.5045774}, {"year": 2020, "value": 913716211.6118797}, {"year": 2021, "value": 1190427443.595366}, {"year": 2022, "value": 1377205296.6718087}, {"year": 2023, "value": 1567574445.147049}, {"year": 2024, "value": 1764834353.9568334}], "population": [{"year": 2019, "value": 788666.0}, {"year": 2020, "value": 807271.0}, {"year": 2021, "value": 816700.0}, {"year": 2022, "value": 849433.0}, {"year": 2023, "value": 855618.0}, {"year": 2024, "value": 861098.0}, {"year": 2025, "value": 872077.0}], "shipments": [{"year": 2019, "value": 712523953.2}, {"year": 2020, "value": 697252979.5}, {"year": 2021, "value": 589224609.1}, {"year": 2022, "value": 627235137.6}, {"year": 2023, "value": 978201722.8}, {"year": 2024, "value": 1041340227.0}], "employees": [{"year": 2019, "value": 201836.0}, {"year": 2020, "value": 203080.0}, {"year": 2021, "value": 203926.0}, {"year": 2022, "value": 205021.0}, {"year": 2023, "value": 210984.0}, {"year": 2024, "value": 211835.0}], "investments": [{"year": 2019, "value": 68998771.0}, {"year": 2020, "value": 79759564.0}, {"year": 2021, "value": 94379302.0}, {"year": 2022, "value": 128577006.0}, {"year": 2023, "value": 139486759.0}, {"year": 2024, "value": 164235050.0}], "vgp2024": 1764834353.9568334, "pop2024": 861098.0, "ship2024": 1041340227.0, "emp2024": 211835.0, "inv2024": 164235050.0}, "geometry": {"type": "MultiPolygon", "coordinates": [[[[65.5680324, 57.0875166], [65.5677036, 57.0881501], [65.5675578, 57.0886711], [65.56665689999998, 57.0902418], [65.5658889, 57.09194089999999], [65.5657055, 57.0924709], [65.56631069999999, 57.0926571], [65.5630346, 57.0962604], [65.5620963, 57.09706299999999], [65.561742, 57.097605], [65.5617283, 57.097727500000005], [65.561647, 57.09801180000001], [65.5613468, 57.0982883], [65.55973770000001, 57.09993829999999], [65.55900089999999, 57.1006488], [65.5583638, 57.10109469999998], [65.5579023, 57.1014301], [65.5579035, 57.1015735], [65.5622971, 57.10460690000001], [65.55550779999999, 57.1071096], [65.5523191, 57.108184], [65.5506315, 57.1076462], [65.5555228, 57.10088079999999], [65.5505229, 57.099253], [65.5461216, 57.09791309999999], [65.54445219999998, 57.097488299999995], [65.5293883, 57.097549], [65.5290902, 57.09784870000001], [65.5283863, 57.097896], [65.52639669999999, 57.098026899999994], [65.5260085, 57.0980512], [65.5264472, 57.1012048], [65.5269738, 57.10274750000001], [65.5281868, 57.1038995], [65.5287898, 57.10408749999999], [65.5321345, 57.104609800000006], [65.53211449999999, 57.104884199999994], [65.5284717, 57.10488800000001], [65.5275607, 57.104913], [65.5255169, 57.1048518], [65.52520259999999, 57.1048388], [65.5248848, 57.1048397], [65.52504039999998, 57.10356169999999], [65.5251261, 57.1027006], [65.5251619, 57.102303799999994], [65.52519629999999, 57.101536], [65.5251941, 57.1009154], [65.52511779999999, 57.099776999999996], [65.52505729999999, 57.0987402], [65.524985, 57.098203899999994], [65.52488720000001, 57.0975559], [65.5247542, 57.0968636], [65.5245827, 57.096135800000006], [65.5242951, 57.09445229999999], [65.5239607, 57.0925753], [65.5233836, 57.092639899999995], [65.52309699999999, 57.092788], [65.51219199999998, 57.096637], [65.510943, 57.096587], [65.50927099999998, 57.09682], [65.50850599999998, 57.09687199999999], [65.50750700000002, 57.09673899999999], [65.506778, 57.09669900000001], [65.505976, 57.097001000000006], [65.505483, 57.097109999999994], [65.50349599999998, 57.097176], [65.50139199999998, 57.097149], [65.498931, 57.097223], [65.497661, 57.09702399999999], [65.4955279, 57.0972553], [65.495281, 57.097282], [65.4918082, 57.098089400000006], [65.4916179, 57.097727199999994], [65.491444, 57.097414], [65.4912044, 57.0971245], [65.489936, 57.097242], [65.487493, 57.09725099999999], [65.486408, 57.097162999999995], [65.48352699999998, 57.09706899999999], [65.482556, 57.097256], [65.434773, 57.09723900000001], [65.43322199999999, 57.097485], [65.43456, 57.098637000000004], [65.437488, 57.100010999999995], [65.438121, 57.100398], [65.43946199999999, 57.10067899999999], [65.440604, 57.100739], [65.441338, 57.10116300000001], [65.445873, 57.102143], [65.447204, 57.10279299999999], [65.44864, 57.10304299999999], [65.450738, 57.10326499999999], [65.452411, 57.10319700000001], [65.454274, 57.103797], [65.456192, 57.103764000000005], [65.457491, 57.104112], [65.458174, 57.104574], [65.458912, 57.105545], [65.45946859999998, 57.106104], [65.46155, 57.10794899999999], [65.46242, 57.108209], [65.4636742, 57.10807580000001], [65.46442829999998, 57.10818270000001], [65.46762999999999, 57.110259], [65.467526, 57.110457999999994], [65.466758, 57.110642999999996], [65.4652714, 57.1110997], [65.4642515, 57.1118073], [65.4675171, 57.1113706], [65.46895420000001, 57.1111474], [65.4726226, 57.1103739], [65.4776734, 57.1131074], [65.47774849999999, 57.1130979], [65.4783198, 57.1134613], [65.47864709999999, 57.1133899], [65.480861, 57.114772], [65.4839177, 57.11742459999999], [65.484365, 57.1178127], [65.4846709, 57.1180781], [65.4849202, 57.11829120000001], [65.4855309, 57.118812999999996], [65.4859446, 57.1191593], [65.4871765, 57.120190300000004], [65.4866607, 57.1204511], [65.48496349999999, 57.1213095], [65.477011, 57.124604], [65.4724708, 57.1217174], [65.4721778, 57.1217414], [65.4719058, 57.1218394], [65.4714168, 57.1239234], [65.4715718, 57.1241174], [65.4716128, 57.12459940000001], [65.4717768, 57.1248314], [65.4720558, 57.124919399999996], [65.4721728, 57.1251444], [65.4722708, 57.12518239999999], [65.47193679999998, 57.12573939999999], [65.4717367, 57.126089199999996], [65.4712893, 57.1263084], [65.4691238, 57.12576639999999], [65.46711329999998, 57.125302], [65.45668299999998, 57.12293799999999], [65.444379, 57.11974], [65.4124293, 57.1137343], [65.4102053, 57.1133552], [65.3984756, 57.1118352], [65.3777292, 57.1093111], [65.3754707, 57.10901669999999], [65.3628588, 57.10740080000001], [65.350371, 57.1058151], [65.348647, 57.109051], [65.348241, 57.11047400000001], [65.349641, 57.112148], [65.34937999999998, 57.112261], [65.348888, 57.112268], [65.348598, 57.11234], [65.34758299999999, 57.113092], [65.346836, 57.113061], [65.346539, 57.112588], [65.346251, 57.11254099999999], [65.34580899999999, 57.112594], [65.34558499999999, 57.112796], [65.345445, 57.113035], [65.344897, 57.112992000000006], [65.344471, 57.112834], [65.344031, 57.112860000000005], [65.343675, 57.113111999999994], [65.342961, 57.11427799999999], [65.34334799999999, 57.114484], [65.344343, 57.114858], [65.344078, 57.115491], [65.34347099999998, 57.117818], [65.343495, 57.11868700000001], [65.34375299999999, 57.11885399999999], [65.343741, 57.119169], [65.34344000000002, 57.119435], [65.343221, 57.119967], [65.34297, 57.12003000000001], [65.34248, 57.119820000000004], [65.34208, 57.119763999999996], [65.34181599999998, 57.119834], [65.34142999999999, 57.120478999999996], [65.34140100000002, 57.12079000000001], [65.341469, 57.12088], [65.341843, 57.12093899999999], [65.341942, 57.121044], [65.341706, 57.121512], [65.34156899999999, 57.122055], [65.341934, 57.122274], [65.34254799999998, 57.122428], [65.342827, 57.12287799999999], [65.342635, 57.123172000000004], [65.342983, 57.123673], [65.342874, 57.124176], [65.344226, 57.125137999999986], [65.34471199999999, 57.125788], [65.34497299999998, 57.126293000000004], [65.345052, 57.12670700000001], [65.345947, 57.126726], [65.346677, 57.126846999999984], [65.34935199999998, 57.127834], [65.349349, 57.129167], [65.349085, 57.12988800000001], [65.34873, 57.130392], [65.348353, 57.130531], [65.34795699999998, 57.130582], [65.34781099999998, 57.131088999999996], [65.34810299999998, 57.131644], [65.348503, 57.131933], [65.348977, 57.13211999999999], [65.349068, 57.132374999999996], [65.348799, 57.132738999999994], [65.349152, 57.13300400000001], [65.349523, 57.13315699999999], [65.34963900000001, 57.13350899999998], [65.34886, 57.134333000000005], [65.348517, 57.134586999999996], [65.348236, 57.135274], [65.348213, 57.135642], [65.34936999999998, 57.136618999999996], [65.34839, 57.137187999999995], [65.347394, 57.13867], [65.347571, 57.139175], [65.349591, 57.13944600000001], [65.350928, 57.138711], [65.351684, 57.138676999999994], [65.352786, 57.13838899999999], [65.35330499999999, 57.138434000000004], [65.355812, 57.13900199999999], [65.358032, 57.13935], [65.35893, 57.139672000000004], [65.361379, 57.140771], [65.362034, 57.140921], [65.363163, 57.141031], [65.362715, 57.1422508], [65.3519536, 57.141287], [65.3519818, 57.1406807], [65.34646509999999, 57.1402571], [65.3457133, 57.14032399999999], [65.3449991, 57.1405697], [65.344479, 57.14070879999999], [65.3436441, 57.1410812], [65.3429045, 57.1414487], [65.3425137, 57.141913599999995], [65.34101899999999, 57.1424767], [65.3405133, 57.14266469999999], [65.33950559999998, 57.1430385], [65.33908689999998, 57.14282039999999], [65.3386538, 57.1427753], [65.3384344, 57.144054499999996], [65.3371956, 57.14389950000001], [65.3362757, 57.1436867], [65.3356063, 57.14360719999999], [65.3345376, 57.14347690000001], [65.3327066, 57.1432537], [65.3332482, 57.144949499999996], [65.33320139999998, 57.1457512], [65.331504, 57.146078], [65.330608, 57.146289], [65.330659, 57.147141999999995], [65.32819, 57.14725299999999], [65.32810199999999, 57.147785999999996], [65.32787499999999, 57.14806], [65.328026, 57.148464999999995], [65.328637, 57.14883], [65.329159, 57.148768999999994], [65.329865, 57.149042], [65.33050799999998, 57.14914399999999], [65.32993499999999, 57.149595000000005], [65.329983, 57.150174], [65.330479, 57.150598], [65.329543, 57.152024], [65.32829999999998, 57.152228], [65.32718699999998, 57.151933], [65.325507, 57.152434], [65.3239035, 57.1524622], [65.32396229999999, 57.1530018], [65.32521229999999, 57.1530672], [65.3265376, 57.15424339999999], [65.3295495, 57.15565649999999], [65.32945919999999, 57.1565141], [65.32854049999999, 57.1569715], [65.3258147, 57.15691429999998], [65.325649, 57.1574697], [65.3232401, 57.1574603], [65.3243915, 57.1625194], [65.3079619, 57.16274859999999], [65.3030167, 57.16119749999999], [65.2923838, 57.156985199999994], [65.28274609999998, 57.15048099999999], [65.2798528, 57.151767499999984], [65.27941129999999, 57.1524289], [65.28058549999999, 57.1528757], [65.2799147, 57.1533357], [65.2797998, 57.15436640000001], [65.28022019999999, 57.15520649999999], [65.2804456, 57.156394799999994], [65.2817375, 57.159555], [65.281554, 57.16264], [65.2806276, 57.1664134], [65.27518490000001, 57.16510809999999], [65.27341379999999, 57.163655799999994], [65.2728652, 57.16358629999999], [65.2689204, 57.1614432], [65.2675009, 57.1600841], [65.2674102, 57.16231859999999], [65.2657866, 57.1635798], [65.2687669, 57.165197899999995], [65.26893849999999, 57.1656982], [65.2683162, 57.1666406], [65.2684141, 57.1668385], [65.27347340000001, 57.168315500000006], [65.2754073, 57.1693945], [65.2768028, 57.174242799999995], [65.2716914, 57.17458260000001], [65.2737361, 57.18009709999999], [65.2737495, 57.180228899999996], [65.2743053, 57.1856906], [65.27279019999999, 57.1893288], [65.2764033, 57.1996521], [65.2784293, 57.2042187], [65.284118, 57.20928219999999], [65.2882273, 57.2148354], [65.2910885, 57.2136326], [65.3073263, 57.20553509999999], [65.31984909999998, 57.1997954], [65.32195, 57.199338], [65.322897, 57.19998199999999], [65.323371, 57.20024500000001], [65.323721, 57.200684], [65.32377499999998, 57.20105999999999], [65.3236918, 57.2011912], [65.3242122, 57.2011647], [65.3246581, 57.2011011], [65.3251402, 57.2010888], [65.3255894, 57.2010628], [65.3259934, 57.2010408], [65.3265664, 57.2010007], [65.3276934, 57.2008835], [65.3290505, 57.2004655], [65.3300618, 57.200473800000005], [65.3306464, 57.2015871], [65.3319047, 57.2017751], [65.3325803, 57.201624900000006], [65.33338169999999, 57.2009637], [65.3352287, 57.20079739999999], [65.3369122, 57.20082669999999], [65.3388753, 57.20115209999999], [65.34058779999998, 57.2021137], [65.3420469, 57.2031536], [65.34296439999999, 57.20400839999999], [65.3434446, 57.2047515], [65.3440813, 57.2058957], [65.34494, 57.20567], [65.345143, 57.206698], [65.346173, 57.206663999999996], [65.346591, 57.206945], [65.34673699999999, 57.20741499999999], [65.346469, 57.207553000000004], [65.34496, 57.207781000000004], [65.34508, 57.20832499999999], [65.345569, 57.20857600000001], [65.346005, 57.20892700000001], [65.346503, 57.209109999999995], [65.347032, 57.209189], [65.347367, 57.20966500000001], [65.347818, 57.209751999999995], [65.348097, 57.209898], [65.348257, 57.210204499999996], [65.3477303, 57.2104118], [65.3476011, 57.210589], [65.347848, 57.210722], [65.348239, 57.2111347], [65.3481934, 57.2113446], [65.34846829999998, 57.21152870000001], [65.3489554, 57.21181829999999], [65.3496639, 57.21144869999999], [65.3505825, 57.2118835], [65.350908, 57.2119773], [65.351434, 57.2119971], [65.3546889, 57.21206929999999], [65.3550103, 57.2120765], [65.355118, 57.208439199999994], [65.3554584, 57.2084171], [65.35931319999999, 57.2084671], [65.36408899999999, 57.208549], [65.3639961, 57.210803199999994], [65.36435869999998, 57.2108011], [65.36823209999999, 57.21087930000001], [65.36845809999998, 57.21086879999999], [65.36998239999998, 57.210799599999994], [65.3717382, 57.2108218], [65.371456, 57.212308], [65.372029, 57.212645], [65.372053, 57.212868], [65.372731, 57.213285000000006], [65.373531, 57.21345899999999], [65.37297899999999, 57.214574999999996], [65.372756, 57.21652], [65.373444, 57.216482], [65.373653, 57.217654], [65.373945, 57.218473], [65.37334499999999, 57.220897], [65.37569899999998, 57.220887000000005], [65.37672, 57.220722], [65.378439, 57.220996], [65.378825, 57.221337999999996], [65.379246, 57.221610000000005], [65.379744, 57.222084], [65.38056899999998, 57.222368], [65.38172799999998, 57.222648], [65.383291, 57.22320800000001], [65.384246, 57.22326999999999], [65.385569, 57.223943000000006], [65.386223, 57.224136999999985], [65.386515, 57.224326], [65.387861, 57.22459099999999], [65.38929799999998, 57.224948999999995], [65.389807, 57.22528], [65.390108, 57.226164], [65.39033899999998, 57.22638799999999], [65.39077399999998, 57.226564999999994], [65.39272899999999, 57.226952000000004], [65.395283, 57.227085], [65.399415, 57.226919], [65.40187999999999, 57.226723], [65.403049, 57.226682], [65.405794, 57.226206], [65.40847500000001, 57.22591500000001], [65.41015899999998, 57.225888999999995], [65.41170729999999, 57.2262221], [65.4132158, 57.2267083], [65.4144289, 57.22731829999999], [65.416018, 57.22821979999999], [65.41860999999999, 57.2298994], [65.419505, 57.2294414], [65.4202419, 57.2289282], [65.420684, 57.229027], [65.42091499999998, 57.2293348], [65.420843, 57.23029799999999], [65.421379, 57.23153899999999], [65.42212899999998, 57.232376], [65.422478, 57.232764], [65.4236625, 57.23403009999999], [65.4247559, 57.2349398], [65.4265192, 57.2368436], [65.4272296, 57.23906060000001], [65.4286195, 57.2397433], [65.4294384, 57.2398755], [65.4305989, 57.24057809999999], [65.42333449999998, 57.24422249999999], [65.4222311, 57.2446624], [65.4209012, 57.2449913], [65.4197162, 57.245216400000004], [65.41784409999998, 57.245634399999986], [65.4160407, 57.245941], [65.41731299999998, 57.247843], [65.41604159999999, 57.24802580000001], [65.4157852, 57.247664], [65.4147549, 57.24774539999999], [65.4113805, 57.24853759999999], [65.410827, 57.248719], [65.408935, 57.249063], [65.40810099999999, 57.24948899999999], [65.40722089999998, 57.250161], [65.40737589999999, 57.250958000000004], [65.4068919, 57.252154], [65.4069019, 57.25240800000001], [65.4067646, 57.2529732], [65.4059384, 57.253054], [65.40539689999999, 57.2532689], [65.4050904, 57.2542907], [65.40407699999999, 57.25495399999999], [65.4037516, 57.255368], [65.403345, 57.255589], [65.402725, 57.255795], [65.4022153, 57.2558918], [65.401701, 57.2559906], [65.40256090000001, 57.2570167], [65.3862905, 57.2606655], [65.3856468, 57.25918010000001], [65.37817949999999, 57.2582053], [65.3828573, 57.2547002], [65.38199899999998, 57.254050299999996], [65.3793811, 57.25414310000001], [65.3737163, 57.2522396], [65.3701973, 57.251984199999995], [65.3680944, 57.2518913], [65.366292, 57.2521467], [65.3629446, 57.2533771], [65.36148539999999, 57.25407349999999], [65.3603267, 57.2545842], [65.35942549999999, 57.2545842], [65.3582668, 57.2537137], [65.3571939, 57.253586], [65.3557777, 57.253388699999995], [65.3551769, 57.252669], [65.3537178, 57.25211190000001], [65.352323, 57.2521351], [65.3489542, 57.25232079999999], [65.3460789, 57.2523556], [65.3441477, 57.2520074], [65.3424096, 57.251961], [65.33923389999998, 57.25219309999999], [65.3381181, 57.251519900000005], [65.3372812, 57.25168239999999], [65.3367448, 57.25240209999999], [65.3351998, 57.2525065], [65.3351354, 57.24826959999999], [65.3194499, 57.249035799999994], [65.31354899999998, 57.2487572], [65.3078627, 57.24845539999999], [65.30530929999999, 57.248617900000006], [65.3016186, 57.24990639999999], [65.29531, 57.25241369999999], [65.2922201, 57.2538297], [65.2910185, 57.254479700000005], [65.2905679, 57.2556171], [65.2899241, 57.2620233], [65.2898168, 57.2650054], [65.3090322, 57.26533609999999], [65.32804370000001, 57.2656378], [65.3453064, 57.26564359999999], [65.3461861, 57.2651447], [65.34861089999998, 57.2651911], [65.3489113, 57.26454129999999], [65.3491902, 57.2637639], [65.351851, 57.26310240000001], [65.3545546, 57.26310240000001], [65.35560609999999, 57.2637406], [65.3569793, 57.264007500000005], [65.3600049, 57.26389150000001], [65.3613996, 57.263787099999995], [65.3637814, 57.2661541], [65.3650903, 57.2694724], [65.36436079999999, 57.2708646], [65.36444659999998, 57.2717579], [65.3653264, 57.2727788], [65.3669143, 57.2732777], [65.3691673, 57.2736257], [65.37064789999998, 57.2740665], [65.3712487, 57.2747045], [65.3739309, 57.27502929999999], [65.37457459999999, 57.2773725], [65.3930497, 57.2712359], [65.3924703, 57.284749], [65.39350029999999, 57.285885500000006], [65.37011139999998, 57.28618699999999], [65.36985399999999, 57.2834965], [65.319879, 57.2845402], [65.3195786, 57.28072459999999], [65.3191066, 57.27920519999999], [65.3180766, 57.27818440000001], [65.3167677, 57.2775117], [65.3151798, 57.27716370000001], [65.2982511, 57.2763581], [65.2908039, 57.2760037], [65.2850318, 57.2768505], [65.2739596, 57.2787876], [65.2720284, 57.2797271], [65.2709341, 57.2808522], [65.27061220000002, 57.2820004], [65.2689493, 57.28233670000001], [65.2680588, 57.282464299999994], [65.2666073, 57.282475000000005], [65.2664924, 57.2824759], [65.2651355, 57.2826666], [65.2643466, 57.28277740000001], [65.26187589999999, 57.2834275], [65.26110649999998, 57.2836299], [65.2610111, 57.28366059999999], [65.2604949, 57.283827], [65.26073100000002, 57.28512589999998], [65.2617717, 57.284749], [65.2625871, 57.2845112], [65.263145, 57.28446490000001], [65.26865960000002, 57.2847374], [65.27570839999998, 57.28503890000001], [65.28184889999999, 57.2851398], [65.2896608, 57.2904111], [65.3027034, 57.292272], [65.3212502, 57.29778790000001], [65.34624699999999, 57.3052208], [65.38781399999999, 57.299268000000005], [65.39113119999999, 57.29883899999999], [65.40102300000001, 57.29829470000001], [65.4451699, 57.299383299999995], [65.4701869, 57.30001789999999], [65.4702327, 57.29917360000001], [65.5042931, 57.2994829], [65.55552689999999, 57.3009518], [65.5790635, 57.3016563], [65.6602499, 57.3035958], [65.6966866, 57.3034306], [65.7253114, 57.3030635], [65.7569169, 57.30157020000001], [65.7657096, 57.3059241], [65.7701683, 57.2973413], [65.7670784, 57.29191529999999], [65.7721209, 57.289039700000004], [65.7718849, 57.2886338], [65.77849389999999, 57.28668570000001], [65.782957, 57.28161769999999], [65.7921839, 57.27247719999999], [65.7925916, 57.2716187], [65.7920122, 57.2712939], [65.7910037, 57.2711779], [65.7907676, 57.2710271], [65.790832, 57.270563], [65.7909393, 57.2703542], [65.7904887, 57.2700525], [65.78988789999998, 57.2696001], [65.7901883, 57.2692984], [65.7911324, 57.269170800000005], [65.7919264, 57.2690896], [65.7928276, 57.2680222], [65.7939863, 57.26783650000001], [65.79535959999998, 57.2676973], [65.7970762, 57.26762769999999], [65.79819199999999, 57.2676857], [65.7987714, 57.2679177], [65.79956529999998, 57.2677553], [65.800724, 57.2675001], [65.80162519999999, 57.26726800000001], [65.8025694, 57.26726800000001], [65.8030844, 57.2673144], [65.80370659999998, 57.267279599999995], [65.8024406, 57.2685791], [65.8115387, 57.2678713], [65.8089423, 57.2608628], [65.7716059, 57.261907199999996], [65.76838730000001, 57.2602129], [65.770812, 57.256069800000006], [65.7822275, 57.2558028], [65.7912397, 57.25232079999999], [65.8025694, 57.24852500000001], [65.8061313, 57.2407813], [65.8063888, 57.2362528], [65.80668919999998, 57.2299816], [65.8070326, 57.2221294], [65.8303785, 57.2208864], [65.8531236, 57.220293899999994], [65.84121459999999, 57.2164483], [65.8324599, 57.21708739999999], [65.82437039999999, 57.2175405], [65.8277821, 57.2121492], [65.82969190000001, 57.2079309], [65.8247566, 57.20272419999999], [65.81894159999999, 57.2033286], [65.8122431, 57.1992526], [65.811849, 57.198731], [65.81129, 57.19838300000001], [65.810214, 57.19748499999999], [65.808908, 57.19689600000001], [65.80825699999998, 57.196000000000005], [65.80852500000002, 57.19325799999999], [65.808508, 57.191283], [65.808845, 57.189761000000004], [65.807759, 57.189517], [65.807725, 57.18847], [65.8080456, 57.18709650000001], [65.808478, 57.185244000000004], [65.809076, 57.184380000000004], [65.81009389999998, 57.18361209999999], [65.810619, 57.1832981], [65.811055, 57.183196], [65.81414599999998, 57.182981], [65.815082, 57.182990999999994], [65.81444059999998, 57.18138619999999], [65.8135761, 57.181233199999994], [65.8128104, 57.181005799999994], [65.8105452, 57.1799152], [65.8101645, 57.1799259], [65.8099194, 57.1797942], [65.8099114, 57.179570899999995], [65.807862, 57.17784760000001], [65.8076292, 57.177589899999994], [65.8074566, 57.17728129999999], [65.8073767, 57.17698070000001], [65.8073874, 57.17665040000001], [65.8074619, 57.176297299999995], [65.80806419999999, 57.1742733], [65.805556, 57.174372999999996], [65.804526, 57.173518], [65.803924, 57.171376], [65.80473399999998, 57.169785], [65.804618, 57.16947999999999], [65.80415, 57.16924599999999], [65.80376439999999, 57.1690815], [65.8026351, 57.166072799999995], [65.810641, 57.165910999999994], [65.8122918, 57.160317799999994], [65.8120486, 57.15971089999999], [65.776506, 57.162888999999986], [65.72533519999999, 57.1672681], [65.67361, 57.171736], [65.673495, 57.17016], [65.679084, 57.165122999999994], [65.68080700000002, 57.16393099999999], [65.68459599999998, 57.163599], [65.687506, 57.162802000000006], [65.68846399999998, 57.162252], [65.69130299999999, 57.161277000000005], [65.69304399999999, 57.16081], [65.696833, 57.15928199999999], [65.69832699999999, 57.158608], [65.70031499999999, 57.158072], [65.701911, 57.158167], [65.703444, 57.158323], [65.704599, 57.158681], [65.709241, 57.15859499999999], [65.711383, 57.158626999999996], [65.712795, 57.15849399999999], [65.714646, 57.15814399999999], [65.716149, 57.157412], [65.717089, 57.156756], [65.7178795, 57.1558673], [65.71818599999999, 57.154987], [65.718333, 57.15430199999999], [65.718312, 57.153248000000005], [65.718091, 57.151376000000006], [65.717456, 57.149705], [65.716942, 57.148739], [65.71671699999999, 57.14801099999999], [65.716189, 57.147234999999995], [65.71592, 57.146408], [65.715256, 57.145321], [65.715233, 57.144586], [65.714767, 57.14362200000001], [65.714584, 57.142648], [65.714323, 57.14180100000001], [65.714916, 57.14080200000001], [65.71622999999998, 57.140221999999994], [65.717969, 57.139559999999996], [65.719608, 57.139466999999996], [65.721664, 57.139844], [65.723362, 57.140352], [65.724698, 57.14117799999999], [65.7255448, 57.1420071], [65.7263826, 57.14286250000001], [65.726896, 57.143243999999996], [65.72850699999998, 57.143909], [65.730418, 57.144354], [65.732224, 57.14469799999999], [65.734033, 57.144893999999994], [65.7360378, 57.144843400000006], [65.7374578, 57.144678199999994], [65.73900459999999, 57.14431040000001], [65.7402672, 57.1438162], [65.741003, 57.1433241], [65.74255799999999, 57.1416577], [65.74356919999998, 57.140245099999994], [65.7444821, 57.13890060000001], [65.74515899999999, 57.1379093], [65.745647, 57.136974], [65.746285, 57.13594799999999], [65.747475, 57.135095], [65.750043, 57.132759], [65.75073, 57.131896], [65.751069, 57.131108999999995], [65.752733, 57.13029499999999], [65.753224, 57.129179], [65.753292, 57.128241], [65.753099, 57.127286], [65.753272, 57.126261], [65.75347849999999, 57.1230932], [65.75315380000002, 57.121984600000005], [65.75222309999998, 57.12043559999999], [65.75058569999999, 57.1189098], [65.74930739999999, 57.11749360000001], [65.7484114, 57.116290400000004], [65.7479062, 57.11522029999998], [65.7478985, 57.11413519999999], [65.748662, 57.112675], [65.749884, 57.112085], [65.75159799999999, 57.111662], [65.752856, 57.111534], [65.755073, 57.111217], [65.756821, 57.11132799999999], [65.764212, 57.111247], [65.769321, 57.111368], [65.772866, 57.110681], [65.775582, 57.109512], [65.777337, 57.108521], [65.77869199999999, 57.106222], [65.779886, 57.104849], [65.781789, 57.104084], [65.782297, 57.10297], [65.782225, 57.09973200000001], [65.782628, 57.096869999999996], [65.78443, 57.083465000000004], [65.7864813, 57.081019000000005], [65.78796699999998, 57.07958299999999], [65.791194, 57.078702], [65.791897, 57.078137000000005], [65.79377599999998, 57.077752], [65.794467, 57.07743299999999], [65.795536, 57.076149], [65.795867, 57.075171000000005], [65.79584969999999, 57.0747906], [65.795765, 57.072925999999995], [65.794874, 57.07176899999999], [65.79107, 57.069626], [65.787065, 57.07126399999999], [65.784474, 57.071968], [65.777236, 57.072953999999996], [65.77212, 57.073497], [65.771065, 57.073443], [65.76946499999998, 57.073579], [65.768282, 57.07360499999999], [65.767889, 57.073784], [65.766947, 57.073849], [65.76600999999998, 57.073834], [65.764473, 57.07393599999999], [65.76281, 57.073915], [65.761407, 57.07337299999999], [65.760425, 57.07201200000001], [65.760621, 57.07126399999999], [65.760987, 57.071054000000004], [65.76135799999999, 57.07096899999999], [65.76170699999999, 57.071423], [65.761833, 57.071736], [65.7618, 57.07198], [65.76224599999999, 57.072154999999995], [65.763013, 57.072261000000005], [65.763333, 57.072227], [65.76356, 57.071704999999994], [65.763022, 57.07085], [65.762257, 57.070431], [65.76027899999998, 57.069748], [65.758345, 57.06927600000001], [65.75668999999999, 57.069233000000004], [65.754625, 57.068866], [65.752898, 57.068923], [65.751873, 57.06913899999999], [65.750821, 57.069675999999994], [65.749822, 57.069867], [65.749535, 57.069762], [65.74953699999999, 57.069379], [65.749925, 57.068822], [65.74999, 57.068490999999995], [65.74967699999999, 57.06835800000001], [65.748969, 57.068332], [65.74835999999999, 57.068523], [65.747493, 57.068991], [65.747033, 57.06942200000001], [65.74688, 57.06980899999999], [65.74690999999999, 57.070192], [65.746396, 57.070557], [65.745883, 57.07072999999999], [65.74502899999999, 57.070642], [65.7447121, 57.0702562], [65.74470669999998, 57.069949], [65.7449864, 57.06963009999999], [65.7459888, 57.068723199999994], [65.7460818, 57.06849029999999], [65.7461456, 57.0682842], [65.7460406, 57.0680967], [65.745912, 57.06800079999999], [65.7457357, 57.06798979999999], [65.7453386, 57.06813759999999], [65.74496809999998, 57.0683005], [65.7445803, 57.0683486], [65.743895, 57.068269099999995], [65.74144549999998, 57.06771969999999], [65.7413174, 57.0677395], [65.7412792, 57.06782460000001], [65.7413078, 57.06789169999999], [65.7419252, 57.068279], [65.7414493, 57.0688717], [65.7411335, 57.06920689999999], [65.74105539999998, 57.069207299999995], [65.74081499999998, 57.0690469], [65.7406765, 57.069021600000006], [65.74056799999998, 57.0690645], [65.7404436, 57.0693627], [65.74032499999998, 57.0694081], [65.740148, 57.0694086], [65.7396893, 57.0692723], [65.73819150000001, 57.068729899999994], [65.7379936, 57.06871180000001], [65.7378866, 57.0687407], [65.7375417, 57.06901400000001], [65.7374051, 57.069048099999996], [65.73689349999998, 57.0689769], [65.7364761, 57.06886209999999], [65.7363521, 57.068764900000005], [65.73622339999999, 57.0684732], [65.7359992, 57.0683832], [65.7358182, 57.0683849], [65.735085, 57.06842259999999], [65.7347326, 57.06842069999999], [65.7341961, 57.068304100000006], [65.7339259, 57.0680987], [65.73389939999998, 57.06807859999999], [65.7339813, 57.0680483], [65.7338304, 57.0679202], [65.7337381, 57.06795700000001], [65.7337443, 57.0678068], [65.7337122, 57.0677193], [65.7336605, 57.0675783], [65.73363029999999, 57.0674959], [65.7340536, 57.0673861], [65.7341925, 57.067254], [65.73442419999999, 57.067004399999995], [65.7343078, 57.0668621], [65.7343658, 57.066773999999995], [65.734399, 57.066716], [65.7346547, 57.066503899999994], [65.7347955, 57.066401799999994], [65.734881, 57.066335], [65.7351866, 57.0660812], [65.73563909999999, 57.0658403], [65.7359384, 57.06574239999999], [65.73630409999998, 57.0657409], [65.7365915, 57.0658119], [65.7369191, 57.0659752], [65.737255, 57.06621], [65.7374435, 57.066398500000005], [65.73762199999999, 57.0664684], [65.7380944, 57.06647499999999], [65.73836630000001, 57.0665329], [65.7387037, 57.0665254], [65.73887329999998, 57.06641489999999], [65.73891179999998, 57.0662781], [65.7388683, 57.0661132], [65.7386997, 57.06580109999999], [65.738239, 57.0653388], [65.73803479999998, 57.064991400000004], [65.7377167, 57.064703099999996], [65.7373505, 57.0639548], [65.7371855, 57.06364730000001], [65.7369381, 57.0634551], [65.7367849, 57.06320519999999], [65.7367484, 57.0628835], [65.73663879999998, 57.062663500000006], [65.73656489999999, 57.0622722], [65.73626340000001, 57.061852099999996], [65.73589, 57.0616194], [65.7355154, 57.06142079999999], [65.730138, 57.06143099999999], [65.72369700000002, 57.066002], [65.718949, 57.069478999999994], [65.71775599999998, 57.070155], [65.7157138, 57.0714945], [65.70392979999998, 57.07994229999999], [65.703854, 57.076229], [65.7008664, 57.0704788], [65.69646729999998, 57.0699674], [65.6959163, 57.0699351], [65.695323, 57.069995], [65.6946194, 57.07001799999999], [65.6935345, 57.0701977], [65.69075, 57.071014], [65.687377, 57.074121999999996], [65.684356, 57.07671399999999], [65.68394, 57.07696000000001], [65.68294699999998, 57.07735199999999], [65.68199, 57.07754800000001], [65.68127999999999, 57.077635], [65.650412, 57.07784999999999], [65.649307, 57.077774999999995], [65.6487783, 57.072205399999994], [65.647848, 57.071920000000006], [65.64732699999999, 57.07226], [65.64521499999998, 57.073412999999995], [65.644503, 57.07377900000001], [65.643145, 57.074346], [65.642631, 57.074611000000004], [65.639403, 57.075917999999994], [65.634558, 57.077617], [65.6313586, 57.0777089], [65.63085969999999, 57.077662200000006], [65.6301999, 57.07740280000001], [65.6304467, 57.0769479], [65.63195939999999, 57.0761957], [65.6356394, 57.0741663], [65.63612219999999, 57.07367059999999], [65.6362188, 57.0734199], [65.6358647, 57.0732682], [65.6353927, 57.07308739999999], [65.6350708, 57.0729941], [65.63472749999998, 57.07303499999999], [65.6344807, 57.0735248], [65.6338799, 57.07358899999999], [65.6323457, 57.073489800000004], [65.631305, 57.073466499999995], [65.6304681, 57.0733265], [65.6289554, 57.0732916], [65.62836530000001, 57.0731224], [65.62728169999998, 57.073005800000004], [65.6257582, 57.072965], [65.624975, 57.07302330000001], [65.624578, 57.072410899999994], [65.6243849, 57.07197349999999], [65.62110180000002, 57.0716178], [65.6129694, 57.0706205], [65.60718649999998, 57.0699148], [65.60703629999999, 57.0696407], [65.6052768, 57.06938399999999], [65.6043756, 57.0691449], [65.6035924, 57.06896989999999], [65.6032276, 57.0690807], [65.60261609999999, 57.069559], [65.60185429999999, 57.069675600000004], [65.60102819999999, 57.0694132], [65.60078139999999, 57.06896989999999], [65.60083509999998, 57.068351699999994], [65.601232, 57.068042500000004], [65.6018758, 57.0678384], [65.6031096, 57.06762259999999], [65.6046653, 57.06740680000001], [65.60392499999999, 57.0670043], [65.5993652, 57.0649686], [65.5862975, 57.05976510000001], [65.57507509999999, 57.0596892], [65.55410029999999, 57.0595317], [65.55254459999999, 57.0595551], [65.5508602, 57.0591758], [65.5492079, 57.0586158], [65.5480063, 57.0582191], [65.54779169999999, 57.05834159999999], [65.54784539999999, 57.06137519999999], [65.54758789999998, 57.0619411], [65.5412364, 57.0647703], [65.5360436, 57.0669576], [65.5340695, 57.06644440000001], [65.52608729999999, 57.064338600000006], [65.5248213, 57.064192799999994], [65.5220747, 57.064338600000006], [65.5199075, 57.064618599999996], [65.5189848, 57.0653011], [65.5184054, 57.0660011], [65.5172467, 57.066263499999984], [65.5145109, 57.06641520000001], [65.51356669999998, 57.0669285], [65.5123758, 57.0672551], [65.5118394, 57.0677859], [65.5115609, 57.06857980000001], [65.50860619999999, 57.0643333], [65.5066044, 57.06141529999999], [65.5057422, 57.0598045], [65.50505879999999, 57.0581688], [65.50468659999999, 57.0563059], [65.5044766, 57.05443389999999], [65.5047, 57.052533], [65.5050837, 57.050683899999996], [65.5070464, 57.04587059999999], [65.5107006, 57.0381336], [65.5106918, 57.03769100000001], [65.5112601, 57.03537939999999], [65.5113459, 57.0346064], [65.5112508, 57.0333389], [65.5108497, 57.032085300000006], [65.5102515, 57.030724], [65.5094366, 57.029485400000006], [65.50769479999998, 57.0271258], [65.5006225, 57.0176439], [65.4980262, 57.0141956], [65.4942983, 57.0104557], [65.4884623, 57.004523999999996], [65.4855791, 57.0015942], [65.483071, 56.9988992], [65.442184, 56.99847549999999], [65.42199269999999, 56.9983379], [65.4165491, 57.001061799999995], [65.3849669, 57.00084149999999], [65.38467, 57.0125061], [65.3860307, 57.012516699999985], [65.3935153, 57.012575], [65.4013636, 57.0126577], [65.409573, 57.0301127], [65.4114183, 57.03854580000001], [65.4127451, 57.0423104], [65.41364419999998, 57.0445015], [65.41641019999999, 57.0492759], [65.418911, 57.0535992], [65.4204663, 57.0558079], [65.4207021, 57.0567953], [65.4204663, 57.05787349999999], [65.4200429, 57.061566], [65.4225785, 57.06162049999999], [65.42401849999999, 57.061854399999994], [65.4258694, 57.0621729], [65.42647669999998, 57.062648800000005], [65.4304, 57.06378209999999], [65.43138389999999, 57.0640603], [65.4315971, 57.0644177], [65.4628034, 57.064534399999985], [65.46323969999999, 57.080591], [65.46326739999999, 57.08161119999998], [65.46496449999998, 57.0816309], [65.4650853, 57.081657099999994], [65.46542649999999, 57.081772], [65.4656861, 57.0818753], [65.465979, 57.0819442], [65.4661843, 57.0819738], [65.4663896, 57.0818835], [65.4665949, 57.08188189999999], [65.4667791, 57.0819508], [65.4669844, 57.082047599999996], [65.4677573, 57.082042699999995], [65.4679203, 57.08207710000001], [65.468029, 57.0821346], [65.4681015, 57.0823249], [65.4683762, 57.08243809999999], [65.4693665, 57.08244140000001], [65.4698707, 57.082375799999994], [65.4709636, 57.0821559], [65.471719, 57.081992799999995], [65.4774811, 57.083479200000006], [65.4786477, 57.08378629999999], [65.47955099999999, 57.08400809999999], [65.4800486, 57.0841459], [65.4808215, 57.0842641], [65.4811717, 57.08433230000001], [65.48138189999999, 57.08433490000001], [65.4821934, 57.083869], [65.4823987, 57.0837719], [65.4826427, 57.0837561], [65.48294219999998, 57.0838008], [65.483261, 57.08390709999999], [65.4833649, 57.08401859999999], [65.4833697, 57.0841932], [65.4838863, 57.0844415], [65.4840409, 57.084499300000004], [65.4842534, 57.08449790000001], [65.4843887, 57.084522899999996], [65.4844104, 57.084616100000005], [65.4838357, 57.0849879], [65.4838121, 57.0850597], [65.4848028, 57.085359600000004], [65.4853929, 57.08543420000001], [65.4861326, 57.08569669999999], [65.4862345, 57.0859981], [65.48523809999999, 57.08633649999999], [65.4822544, 57.08545430000001], [65.48146249999999, 57.086039], [65.4803076, 57.08614359999999], [65.47963859999999, 57.0872183], [65.4797231, 57.0875399], [65.47993749999999, 57.08808290000001], [65.4798831, 57.088225599999994], [65.4798813, 57.089176599999995], [65.4800725, 57.089447500000006], [65.48010149999999, 57.089616500000005], [65.4791182, 57.0898735], [65.4782825, 57.0900756], [65.4779903, 57.0900874], [65.4777632, 57.0901136], [65.4776835, 57.0901622], [65.4776859, 57.09025539999999], [65.478198, 57.0905485], [65.47901889999999, 57.0909176], [65.4796888, 57.091214900000004], [65.4801322, 57.091245699999995], [65.48042469999999, 57.0913533], [65.4815144, 57.0920581], [65.4818965, 57.0923272], [65.4824013, 57.09238870000001], [65.48296269999999, 57.09245279999999], [65.4836656, 57.0925297], [65.4841845, 57.092606599999996], [65.4843874, 57.0926604], [65.48564689999999, 57.0926527], [65.4864112, 57.0925989], [65.48716589999998, 57.0923862], [65.4876849, 57.0920325], [65.48809059999999, 57.0915353], [65.48839249999999, 57.091317399999994], [65.4883736, 57.091020099999994], [65.48850099999999, 57.090868900000004], [65.48868970000001, 57.0908381], [65.4890199, 57.09078689999999], [65.4894869, 57.09081509999999], [65.491396, 57.0909004], [65.49404909999998, 57.0900731], [65.4941759, 57.08998570000001], [65.49424379999999, 57.089932299999994], [65.4961082, 57.0896227], [65.496712, 57.0895817], [65.4973347, 57.089409499999995], [65.4975989, 57.08921670000001], [65.49769699999999, 57.0892024], [65.4979159, 57.089239299999996], [65.49814239999999, 57.089268], [65.49847819999998, 57.08916549999999], [65.498799, 57.08911009999999], [65.49913489999999, 57.0890711], [65.4996104, 57.0887697], [65.4997501, 57.0887574], [65.5018295, 57.0883924], [65.5035958, 57.0881074], [65.50428639999998, 57.08795769999999], [65.50441849999999, 57.0879392], [65.5047015, 57.0880602], [65.5047242, 57.08825910000001], [65.50477699999999, 57.0883288], [65.5048978, 57.0884006], [65.5051771, 57.08839439999999], [65.5080189, 57.087650100000005], [65.50925289999999, 57.0873445], [65.50949069999999, 57.0873056], [65.5096681, 57.08733430000001], [65.5097775, 57.0873815], [65.5097851, 57.087506499999996], [65.50961899999999, 57.0877403], [65.5093435, 57.0880828], [65.50927179999998, 57.0882078], [65.5093926, 57.0884109], [65.5097209, 57.08859129999999], [65.5098832, 57.0886159], [65.51077389999999, 57.0885564], [65.5111362, 57.0885236], [65.5151826, 57.08791279999999], [65.5169601, 57.0877611], [65.51785079999999, 57.087635999999996], [65.517964, 57.08770779999999], [65.51793, 57.08777340000001], [65.5178545, 57.0878431], [65.5178583, 57.0880174], [65.5179112, 57.08810559999999], [65.51812249999999, 57.0882553], [65.5204291, 57.08804820000001], [65.5209499, 57.088009199999995], [65.5220845, 57.0879819], [65.5227109, 57.08779530000001], [65.5227723, 57.087784199999994], [65.5229261, 57.0877563], [65.5229978, 57.0881193], [65.523228, 57.088006500000006], [65.522803, 57.0861865], [65.5220961, 57.084607199999994], [65.5211866, 57.082921599999985], [65.5215454, 57.082926099999995], [65.526495, 57.0830353], [65.530808, 57.083268499999996], [65.5337047, 57.0823589], [65.5421912, 57.0792279], [65.5432534, 57.08142610000001], [65.5448413, 57.08404389999999], [65.546354, 57.0845453], [65.550785, 57.085565499999994], [65.5524587, 57.08821220000001], [65.554739, 57.088042], [65.5543678, 57.0865301], [65.55843389999998, 57.08627409999999], [65.5589277, 57.0880071], [65.5604947, 57.08783909999999], [65.5610633, 57.087617599999994], [65.5614924, 57.0872911], [65.5616319, 57.0875943], [65.5629837, 57.0876001], [65.5634451, 57.087466], [65.5637669, 57.0870171], [65.5643034, 57.08690049999999], [65.5645609, 57.0872095], [65.5663419, 57.0872911], [65.5672431, 57.087262], [65.5680324, 57.0875166]]]]}}, {"type": "Feature", "properties": {"id": "mo-71715000", "name": "ГО Ялуторовск", "region": "Тюменская область", "isCity": false, "sourceOktmo": "71-715-000-000", "sourceAgg": "Тюмень", "excelNames": ["ГО Ялуторовск"], "oktmo": "71715000", "vgp": [{"year": 2019, "value": 20345700.478556424}, {"year": 2020, "value": 19661605.655369934}, {"year": 2021, "value": 23926789.440641724}, {"year": 2022, "value": 27501254.227119632}, {"year": 2023, "value": 29161588.312390044}, {"year": 2024, "value": 32673049.931521922}], "population": [{"year": 2019, "value": 39919.0}, {"year": 2020, "value": 40273.0}, {"year": 2021, "value": 39947.0}, {"year": 2022, "value": 38839.0}, {"year": 2023, "value": 38882.0}, {"year": 2024, "value": 38970.0}, {"year": 2025, "value": 38824.0}], "shipments": [{"year": 2019, "value": 7425531.5}, {"year": 2020, "value": 13621680.3}, {"year": 2021, "value": 12806246.8}, {"year": 2022, "value": 16515465.4}, {"year": 2023, "value": 18844530.2}, {"year": 2024, "value": 20597979.0}], "employees": [{"year": 2019, "value": 7271.0}, {"year": 2020, "value": 6864.0}, {"year": 2021, "value": 6735.0}, {"year": 2022, "value": 6717.0}, {"year": 2023, "value": 6679.0}, {"year": 2024, "value": 6503.0}], "investments": [{"year": 2019, "value": 645238.0}, {"year": 2020, "value": 1398084.0}, {"year": 2021, "value": 1492860.0}, {"year": 2022, "value": 2420462.0}, {"year": 2023, "value": 2525650.0}, {"year": 2024, "value": 2197331.0}], "vgp2024": 32673049.931521922, "pop2024": 38970.0, "ship2024": 20597979.0, "emp2024": 6503.0, "inv2024": 2197331.0}, "geometry": {"type": "MultiPolygon", "coordinates": [[[[66.2486212, 56.631833], [66.23321479999998, 56.63927629999999], [66.225326, 56.643036], [66.2232924, 56.64401469999999], [66.218075, 56.6463941], [66.2183716, 56.6464831], [66.2190726, 56.6464831], [66.22203049999999, 56.6473533], [66.2350348, 56.651483], [66.24298489999998, 56.65765929999999], [66.24378029999998, 56.659415499999994], [66.24479179999999, 56.6607674], [66.2380963, 56.66480309999999], [66.2376171, 56.6647734], [66.2372729, 56.664881], [66.23569349999998, 56.666105], [66.239291, 56.6683859], [66.2415453, 56.6693873], [66.24348239999999, 56.670273599999994], [66.24500779999998, 56.671356499999995], [66.2478898, 56.6734221], [66.2488483, 56.67411919999999], [66.2654521, 56.6689422], [66.26587049999999, 56.668816099999994], [66.2682126, 56.6712935], [66.2702037, 56.67335899999999], [66.2703185, 56.67452339999999], [66.2705345, 56.67497579999999], [66.27128359999999, 56.6757248], [66.2759543, 56.6801223], [66.2761973, 56.680222399999984], [66.27657529999999, 56.6805487], [66.2777767, 56.6810603], [66.2780737, 56.6813124], [66.27812089999999, 56.68155339999999], [66.2779724, 56.68307339999999], [66.2781614, 56.6832551], [66.2787351, 56.68340709999999], [66.28163069999998, 56.6844377], [66.287145, 56.68663600000001], [66.28952759999999, 56.687625700000005], [66.2951432, 56.6882188], [66.2960274, 56.6882892], [66.2965876, 56.688393], [66.2973368, 56.6887229], [66.2986732, 56.689219599999994], [66.30184539999999, 56.6902723], [66.30249339999999, 56.690461400000004], [66.3053484, 56.68837450000001], [66.3081022, 56.685560900000006], [66.3124354, 56.6824432], [66.3147438, 56.6830215], [66.31998810000002, 56.6847717], [66.3230024, 56.68253419999999], [66.3258985, 56.680553799999984], [66.3376133, 56.6846067], [66.343101, 56.682271199999995], [66.34460359999999, 56.6834182], [66.3468917, 56.6824395], [66.348984, 56.6842709], [66.3499897, 56.6853534], [66.35101559999998, 56.68625420000001], [66.359331, 56.6838075], [66.360087, 56.683218], [66.36044469999999, 56.6822689], [66.36142339999999, 56.68106770000001], [66.3616596, 56.6805005], [66.36197689999999, 56.68011859999999], [66.3623346, 56.67976269999998], [66.36323229999999, 56.6792362], [66.3639612, 56.67920650000001], [66.3644607, 56.6792733], [66.3649804, 56.679162], [66.3659861, 56.67883199999999], [66.3672887, 56.67828699999999], [66.36733829999999, 56.678230899999996], [66.3668069, 56.677492], [66.3661018, 56.67534839999999], [66.3613404, 56.67179], [66.3602055, 56.6714344], [66.3570868, 56.669806799999996], [66.35523749999999, 56.6692487], [66.3497258, 56.670072299999994], [66.3467975, 56.6703564], [66.34501709999999, 56.6701743], [66.34353789999999, 56.66948080000001], [66.342778, 56.66868929999999], [66.34267539999999, 56.66750909999999], [66.34341009999999, 56.6667247], [66.3456013, 56.6639162], [66.3465557, 56.6616276], [66.34711410000001, 56.65876719999999], [66.346663, 56.65746660000001], [66.34545769999998, 56.65569059999999], [66.3486501, 56.6549227], [66.3485017, 56.6547482], [66.3595542, 56.6520854], [66.3611872, 56.651625599999996], [66.36250639999999, 56.65116009999999], [66.3637121, 56.650656100000006], [66.3647673, 56.65012689999999], [66.3661874, 56.649286499999995], [66.3670751, 56.6486634], [66.3680898, 56.64778], [66.36917059999999, 56.646558599999985], [66.3749208, 56.638890200000006], [66.3717146, 56.6379277], [66.3707512, 56.63790569999999], [66.3671357, 56.6387613], [66.3666183, 56.63925690000001], [66.36542009999998, 56.63978470000001], [66.36487559999999, 56.63992850000001], [66.3625315, 56.63984429999999], [66.3619425, 56.6394577], [66.3612746, 56.6390406], [66.3610919, 56.6386182], [66.3614032, 56.63804830000001], [66.36175709999999, 56.6377223], [66.3616378, 56.6375735], [66.3609304, 56.637465000000006], [66.36011099999999, 56.637691499999995], [66.3593896, 56.637607399999986], [66.3587003, 56.637671299999994], [66.35741389999998, 56.6375115], [66.3564294, 56.637564899999994], [66.3552772, 56.637580299999996], [66.35480249999999, 56.6374266], [66.3541361, 56.637139399999995], [66.3539262, 56.6369668], [66.35394919999999, 56.6367348], [66.35419769999999, 56.636598299999996], [66.3541596, 56.636242499999994], [66.35403419999999, 56.63585380000001], [66.3540264, 56.63558059999999], [66.3538848, 56.6354607], [66.3536496, 56.635364800000005], [66.3535674, 56.6351585], [66.35345649999998, 56.63504660000001], [66.35304459999999, 56.63489879999999], [66.35240689999999, 56.6346157], [66.3523047, 56.63447500000001], [66.3526163, 56.63419639999999], [66.3526223, 56.63402310000001], [66.3525111, 56.6337326], [66.3523268, 56.6333924], [66.3522898, 56.6327497], [66.3521724, 56.63249], [66.35182829999998, 56.631973599999995], [66.35109539999999, 56.6312675], [66.35021, 56.63061339999999], [66.3489636, 56.6300399], [66.34845699999998, 56.62973120000001], [66.3481234, 56.62939879999999], [66.34785639999998, 56.6289019], [66.3473146, 56.6277678], [66.347161, 56.6270302], [66.3473756, 56.6269789], [66.34710819999998, 56.62573699999999], [66.3467891, 56.6255024], [66.3467545, 56.6253571], [66.3464832, 56.625227300000006], [66.3319118, 56.6256741], [66.3304696, 56.62400509999999], [66.3292008, 56.6227956], [66.3296375, 56.62259319999999], [66.33643549999998, 56.6187398], [66.3239523, 56.61046189999999], [66.3199133, 56.60787289999998], [66.2956234, 56.61566859999999], [66.2962492, 56.616116600000005], [66.2978071, 56.6171738], [66.299199, 56.6181535], [66.3015955, 56.619808], [66.3027614, 56.620616], [66.2868051, 56.623493399999994], [66.2840914, 56.61950519999999], [66.2631929, 56.62624000000001], [66.2610835, 56.6269197], [66.2602339, 56.62719620000001], [66.26012939999998, 56.6272302], [66.2533616, 56.62973670000001], [66.2486212, 56.631833]]]]}}, {"type": "Feature", "properties": {"id": "mo-71644000", "name": "Тюменский муниципальный район", "region": "Тюменская область", "isCity": false, "sourceOktmo": "71-644-000-000", "sourceAgg": "Тюмень", "excelNames": ["Тюменский муниципальный район"], "oktmo": "71644000", "vgp": [{"year": 2019, "value": 57811186.2557516}, {"year": 2020, "value": 53481310.12720343}, {"year": 2021, "value": 69810767.68938573}, {"year": 2022, "value": 93734699.11974475}, {"year": 2023, "value": 103837274.44348866}, {"year": 2024, "value": 116402021.5673709}], "population": [{"year": 2019, "value": 123720.0}, {"year": 2020, "value": 127337.0}, {"year": 2021, "value": 128987.0}, {"year": 2022, "value": 137810.0}, {"year": 2023, "value": 140102.0}, {"year": 2024, "value": 143580.0}, {"year": 2025, "value": 146134.0}], "shipments": [{"year": 2019, "value": 35030079.5}, {"year": 2020, "value": 34123382.3}, {"year": 2021, "value": 38912197.1}, {"year": 2022, "value": 45773856.1}, {"year": 2023, "value": 59317830.9}, {"year": 2024, "value": 61410304.9}], "employees": [{"year": 2019, "value": 19404.0}, {"year": 2020, "value": 17740.0}, {"year": 2021, "value": 17482.0}, {"year": 2022, "value": 17501.0}, {"year": 2023, "value": 17956.0}, {"year": 2024, "value": 18177.0}], "investments": [{"year": 2019, "value": 6000244.0}, {"year": 2020, "value": 6919981.0}, {"year": 2021, "value": 4294809.0}, {"year": 2022, "value": 11648412.0}, {"year": 2023, "value": 14455111.0}, {"year": 2024, "value": 13388645.0}], "vgp2024": 116402021.5673709, "pop2024": 143580.0, "ship2024": 61410304.9, "emp2024": 18177.0, "inv2024": 13388645.0}, "geometry": {"type": "MultiPolygon", "coordinates": [[[[65.7657096, 57.3059241], [65.760434, 57.31597570000001], [65.75992109999999, 57.317083600000004], [65.76263219999998, 57.319101499999995], [65.76600270000002, 57.3264597], [65.7755282, 57.34085540000001], [65.77113179999999, 57.34785350000001], [65.7845334, 57.358980599999995], [65.81554469999999, 57.34984089999999], [65.8654138, 57.349296300000006], [65.8855178, 57.349575800000004], [65.9085419, 57.36172439999999], [65.9437702, 57.3397138], [65.9408671, 57.3295501], [65.92360989999999, 57.32339820000001], [65.9160489, 57.3087827], [65.9610111, 57.3029042], [65.95477419999999, 57.288943399999994], [65.95486789999998, 57.2875496], [65.9603546, 57.285141900000006], [65.9706988, 57.2909299], [65.9732124, 57.2911935], [65.9787647, 57.2917814], [65.9822162, 57.2921868], [65.98268609999998, 57.2918161], [65.98548, 57.2896122], [65.98698069999999, 57.2883552], [65.9889197, 57.288124], [65.9913508, 57.287834100000005], [65.99712109999999, 57.2794185], [66.0050895, 57.2765964], [66.00701290000002, 57.27322939999999], [66.00747079999998, 57.2720409], [66.0093943, 57.27169429999999], [66.0165384, 57.2721895], [66.0264302, 57.2692678], [66.0585948, 57.277544299999995], [66.0603694, 57.277789899999995], [66.0700276, 57.2791215], [66.0763474, 57.26461239999998], [66.0947572, 57.2684754], [66.10245079999999, 57.2580245], [66.129287, 57.251286699999994], [66.1356068, 57.2488588], [66.15126889999999, 57.245390199999996], [66.1740751, 57.2416238], [66.1781051, 57.241376], [66.19102299999999, 57.257155999999995], [66.2163937, 57.2568092], [66.26812069999998, 57.2541742], [66.4775058, 57.24785399999999], [66.47569759999999, 57.2431136], [66.4360428, 57.234593], [66.4238854, 57.2182188], [66.4061392, 57.2170379], [66.4437425, 57.17747789999999], [66.44890669999998, 57.17441689999999], [66.44995819999998, 57.1588811], [66.46083169999999, 57.15839379999999], [66.46956500000002, 57.158964], [66.4841409, 57.15831109999999], [66.4828669, 57.1428344], [66.43890309999999, 57.146747500000004], [66.4116221, 57.1436887], [66.4150372, 57.1410428], [66.4188176, 57.14107409999999], [66.4270526, 57.140043], [66.42977349999998, 57.138692299999995], [66.4318798, 57.136430499999996], [66.43240429999999, 57.135560899999994], [66.4325505, 57.1344024], [66.4320516, 57.13242000000001], [66.4297218, 57.128090500000006], [66.42882829999999, 57.1255281], [66.4285631, 57.12403219999999], [66.42896169999999, 57.122438800000005], [66.4309921, 57.1194259], [66.43308699999999, 57.117514199999995], [66.4350997, 57.1167377], [66.43702979999999, 57.1162181], [66.43878930000001, 57.11609], [66.4406656, 57.1163044], [66.4420115, 57.11700849999999], [66.4435337, 57.11866700000001], [66.4473884, 57.1261777], [66.449462, 57.1300946], [66.44953919999999, 57.1312106], [66.4503819, 57.13184640000001], [66.4522407, 57.13186799999999], [66.4535935, 57.1314602], [66.45537069999999, 57.13068249999999], [66.4555907, 57.1293688], [66.4562612, 57.128026600000005], [66.4572216, 57.1268961], [66.4585089, 57.125607], [66.4600994, 57.124323200000006], [66.4620924, 57.1231377], [66.4642072, 57.1222376], [66.4662123, 57.12170489999999], [66.4690232, 57.121262300000005], [66.4723649, 57.1208154], [66.47462369999998, 57.1202955], [66.4761395, 57.119827199999996], [66.4768767, 57.1193985], [66.4782316, 57.11859249999999], [66.4791298, 57.1179307], [66.4806533, 57.115857000000005], [66.4815759, 57.1144473], [66.48243369999999, 57.1124518], [66.4827561, 57.111651], [66.48364909999998, 57.11068879999999], [66.4848161, 57.109938199999995], [66.48651919999999, 57.1093748], [66.4883351, 57.10899429999999], [66.4916879, 57.10876410000001], [66.4923262, 57.107957199999994], [66.49324889999998, 57.1068386], [66.4943433, 57.1064074], [66.4947295, 57.105078899999995], [66.4954805, 57.10498569999999], [66.49535179999998, 57.1047642], [66.4957595, 57.10455449999999], [66.4960599, 57.1040417], [66.4964247, 57.1034707], [66.4983773, 57.1036571], [66.498785, 57.10316759999999], [66.4994931, 57.10275969999999], [66.50050159999999, 57.10234019999999], [66.50103809999999, 57.1017808], [66.5014457, 57.10138450000001], [66.5020037, 57.101406399999995], [66.5030203, 57.1015855], [66.5036505, 57.1016671], [66.5042996, 57.1013495], [66.5046, 57.10098820000001], [66.5048361, 57.1006969], [66.50550119999998, 57.100592000000006], [66.5061879, 57.1007318], [66.50733259999998, 57.1008186], [66.5077543, 57.1003735], [66.5082959, 57.099377499999996], [66.5082208, 57.09872260000001], [66.5083283, 57.09823759999999], [66.5088057, 57.0975848], [66.5098572, 57.096978699999994], [66.5122371, 57.09667540000001], [66.51386999999998, 57.0969505], [66.5155032, 57.097427499999995], [66.51633739999998, 57.09777129999999], [66.5175819, 57.0985406], [66.51854750000001, 57.1001024], [66.5301509, 57.09717630000001], [66.52888109999999, 57.090817900000005], [66.475105, 57.09418389999999], [66.4730787, 57.094694], [66.4718127, 57.095428399999996], [66.47080419999999, 57.09741], [66.47009549999999, 57.098325300000006], [66.4691949, 57.0986222], [66.4682293, 57.0986105], [66.46728509999998, 57.09903010000001], [66.46664139999999, 57.099741099999996], [66.4656973, 57.100090800000004], [66.4638948, 57.099846], [66.4504223, 57.10218019999999], [66.446187, 57.10016279999999], [66.4417689, 57.0997211], [66.43313509999999, 57.104210699999996], [66.431365, 57.105883], [66.4294123, 57.1096177], [66.4291119, 57.1105732], [66.42838239999999, 57.1110567], [66.4278781, 57.111703399999996], [66.4274812, 57.113124899999995], [66.42709279999998, 57.1133372], [66.4262581, 57.1137191], [66.42611859999998, 57.1142259], [66.42553919999999, 57.1146686], [66.425153, 57.1146686], [66.42500279999999, 57.11523950000001], [66.4244342, 57.11544339999999], [66.4238763, 57.116119100000006], [66.4227283, 57.1174821], [66.4216018, 57.1178899], [66.42119939999999, 57.117907300000006], [66.42066299999999, 57.1179015], [66.42016949999999, 57.11794810000001], [66.4197618, 57.118064600000004], [66.4194345, 57.1181724], [66.4190292, 57.11835829999999], [66.41414799999998, 57.1184901], [66.4099288, 57.118559700000006], [66.40509999999999, 57.11898899999999], [66.3902661, 57.11796919999999], [66.3906224, 57.1132815], [66.3895641, 57.1073516], [66.38863549999999, 57.10608239999999], [66.38814889999999, 57.10554], [66.3873611, 57.10504670000001], [66.3860887, 57.1044931], [66.38133399999998, 57.1035571], [66.37744199999999, 57.1035086], [66.3753901, 57.1040264], [66.373404, 57.1037349], [66.33012789999998, 57.096124700000004], [66.3244387, 57.0932878], [66.3184992, 57.093888699999994], [66.2910376, 57.0704238], [66.2882869, 57.0584264], [66.2881055, 57.054218199999994], [66.2866576, 57.0501643], [66.2624512, 57.046625999999996], [66.2505861, 57.03550359999999], [66.2466794, 57.0325729], [66.2453777, 57.03104679999999], [66.23825239999998, 57.0236775], [66.23702139999999, 57.0209764], [66.22738829999999, 57.0067199], [66.22380439999999, 56.9992671], [66.22102829999999, 56.99296520000001], [66.19820269999998, 56.999229899999996], [66.1964249, 56.9984931], [66.1910098, 56.997735199999994], [66.1879706, 56.9975698], [66.1850524, 56.996903599999996], [66.1702363, 56.9982129], [66.1660617, 56.99106209999999], [66.15759729999999, 56.99093920000001], [66.15167349999999, 56.980948399999996], [66.1600676, 56.9528913], [66.1474482, 56.945607399999986], [66.1407316, 56.9417986], [66.1383206, 56.940660900000005], [66.1164621, 56.9277632], [66.1222996, 56.9133559], [66.1314788, 56.90632500000001], [66.1487704, 56.893087300000005], [66.1501076, 56.8942072], [66.1577304, 56.9057744], [66.1670717, 56.9181598], [66.21650659999999, 56.92342870000001], [66.2309434, 56.9243525], [66.2940891, 56.931522], [66.2654889, 56.908097], [66.2572428, 56.90083460000001], [66.25090589999999, 56.8970743], [66.2479663, 56.897742199999996], [66.2435441, 56.8856464], [66.239222, 56.8766116], [66.24709619999999, 56.8756679], [66.24747259999998, 56.873805899999994], [66.2398426, 56.85635649999999], [66.2206077, 56.85852229999999], [66.2061847, 56.848957399999996], [66.1942148, 56.83982999999999], [66.1441608, 56.83644439999999], [66.1370754, 56.83649729999999], [66.1165851, 56.8347473], [66.10683349999998, 56.8278413], [66.09742409999998, 56.833197], [66.0894897, 56.823993599999994], [66.0738252, 56.8228294], [66.0205754, 56.83034], [65.9803414, 56.8486961], [65.9635331, 56.8453617], [65.9586319, 56.84441830000001], [65.94189189999999, 56.847682899999995], [65.93490579999998, 56.8570512], [65.9234676, 56.8555704], [65.9006362, 56.85327159999999], [65.89667779999999, 56.8488395], [65.8935948, 56.8478103], [65.88761, 56.85104439999999], [65.87578659999998, 56.856470400000006], [65.86455429999998, 56.8431506], [65.8537884, 56.845116600000004], [65.84568250000001, 56.846449699999994], [65.8277417, 56.85032399999999], [65.8258524, 56.8341837], [65.8257545, 56.8313415], [65.82480349999999, 56.8278786], [65.824479, 56.82025289999999], [65.8243552, 56.818059100000006], [65.8239373, 56.81597529999999], [65.82548189999999, 56.8140627], [65.83293429999999, 56.81387599999999], [65.84904109999998, 56.8122854], [65.8672013, 56.783304199999996], [65.8268939, 56.7741589], [65.7801891, 56.76378859999999], [65.7690237, 56.782946800000005], [65.7574824, 56.794190799999996], [65.70147859999999, 56.7873515], [65.6884237, 56.784397799999994], [65.6698819, 56.7825322], [65.6367716, 56.78035549999999], [65.61832439999999, 56.7822212], [65.61347549999999, 56.783106599999996], [65.6061209, 56.78444960000001], [65.5955256, 56.80475810000001], [65.5938228, 56.8068816], [65.58096869999999, 56.8120447], [65.5632667, 56.819153899999996], [65.5334674, 56.8194128], [65.5125606, 56.8113871], [65.4931674, 56.80734770000001], [65.4682755, 56.808163400000005], [65.45674599999998, 56.8071924], [65.4336871, 56.80436], [65.4042721, 56.8126946], [65.4002924, 56.8137335], [65.3880126, 56.81706350000001], [65.3544588, 56.83259319999999], [65.3424859, 56.83542349999999], [65.2916379, 56.83334129999999], [65.2172106, 56.8447965], [65.2247536, 56.8607211], [65.2315603, 56.875159999999994], [65.23532899999998, 56.882486799999995], [65.2432631, 56.89970640000001], [65.2498151, 56.9136278], [65.2531476, 56.9205059], [65.2386734, 56.91949569999999], [65.23221879999998, 56.91912249999999], [65.2273687, 56.91868789999999], [65.22442489999999, 56.91926149999999], [65.22112989999998, 56.919939], [65.2186504, 56.9203088], [65.2136716, 56.919712999999994], [65.2043998, 56.9180203], [65.18534019999998, 56.914934900000006], [65.1712201, 56.9127706], [65.1590815, 56.9108637], [65.1411538, 56.907654300000004], [65.1359307, 56.9068968], [65.133621, 56.9074656], [65.13314, 56.90769259999999], [65.1325316, 56.907748], [65.1321634, 56.90768359999999], [65.1318733, 56.90754700000001], [65.1313979, 56.90725270000001], [65.1309665, 56.907112], [65.130487, 56.907158800000005], [65.13019189999999, 56.90735779999999], [65.12982009999999, 56.90779839999999], [65.1292343, 56.90819929999999], [65.1287394, 56.90833799999999], [65.1281793, 56.9082607], [65.1276638, 56.908037799999995], [65.1269676, 56.907427199999994], [65.1259492, 56.9067352], [65.1250909, 56.9065326], [65.1242277, 56.90624330000001], [65.1238676, 56.9059599], [65.1230764, 56.905539], [65.12247190000001, 56.905143900000006], [65.12245549999999, 56.9048547], [65.12283880000001, 56.90461650000001], [65.1232462, 56.9043346], [65.12323799999999, 56.904189900000006], [65.1226077, 56.9043498], [65.1226822, 56.903721600000004], [65.1223816, 56.903552999999995], [65.1221265, 56.90325339999999], [65.1219193, 56.902866], [65.1217658, 56.9024922], [65.1214636, 56.90229469999999], [65.1209613, 56.90230319999999], [65.12032189999998, 56.90269039999999], [65.1198996, 56.9031753], [65.1193917, 56.9033348], [65.1140207, 56.89204169999999], [65.1110065, 56.886083], [65.1080269, 56.8870617], [65.105253, 56.88852529999999], [65.1029879, 56.8911041], [65.10106279999998, 56.893384], [65.09897219999999, 56.8923833], [65.0940469, 56.894039299999996], [65.08401739999998, 56.89681039999999], [65.078321, 56.898555599999995], [65.0691459, 56.9012703], [65.0635179, 56.90283999999999], [65.0586743, 56.9035279], [65.0561954, 56.9039161], [65.0578964, 56.9081442], [65.06134899999999, 56.91677309999999], [65.0662479, 56.9278319], [65.0683179, 56.933660599999996], [65.0714109, 56.94001519999999], [65.0734827, 56.945213499999994], [65.067734, 56.9471466], [65.0604829, 56.94596549999999], [65.0533546, 56.94567020000001], [65.0459378, 56.945183699999994], [65.03862669999998, 56.9451729], [65.039129, 56.95000700000001], [65.0396878, 56.95223450000001], [65.04089989999999, 56.957686700000004], [65.0429034, 56.9674255], [65.0439944, 56.9684717], [65.01909459999999, 56.96676980000001], [65.011354, 56.96624310000001], [65.00948129999999, 56.96616469999999], [65.0165582, 56.9772119], [65.01792709999998, 56.9797304], [65.021287, 56.98008870000001], [65.0230588, 56.98049429999999], [65.0243318, 56.98123379999999], [65.0260584, 56.98226979999999], [65.0280192, 56.983953500000005], [65.029528, 56.9861004], [65.0298114, 56.986921], [65.0297181, 56.987400199999996], [65.0291645, 56.98819089999999], [65.0276409, 56.9894316], [65.02623759999999, 56.990692], [65.02755309999999, 56.9914741], [65.0284688, 56.9922193], [65.029836, 56.9932177], [65.03082649999999, 56.9938748], [65.03162979999999, 56.9940137], [65.0328222, 56.993994400000005], [65.0340272, 56.9934753], [65.03474919999998, 56.9928556], [65.0354303, 56.9922148], [65.03642579999999, 56.991503800000004], [65.037032, 56.990951], [65.0371347, 56.99064539999999], [65.03699999999999, 56.99036530000001], [65.03677409999999, 56.9898695], [65.0365783, 56.9891996], [65.036662, 56.9885468], [65.037114, 56.9880834], [65.0379178, 56.9875057], [65.03892969999998, 56.9870984], [65.0401788, 56.9866655], [65.0416764, 56.9856856], [65.0425631, 56.985171699999995], [65.04343729999998, 56.985157400000006], [65.0444827, 56.9850867], [65.0447053, 56.9850716], [65.0465381, 56.9851285], [65.0483358, 56.9852727], [65.0500648, 56.98561359999999], [65.0508811, 56.9859911], [65.051112, 56.9865736], [65.0509864, 56.9871836], [65.05077069999999, 56.9875997], [65.0494108, 56.9881866], [65.04850859999999, 56.988418499999995], [65.04570719999998, 56.988833500000005], [65.0439497, 56.9894268], [65.04245839999999, 56.9906185], [65.0414468, 56.99175869999999], [65.04023229999999, 56.995736], [65.0387497, 56.9998535], [65.0354479, 57.0049667], [65.03458559999999, 57.00593620000001], [65.0172363, 57.0133175], [65.0015673, 57.020235299999996], [65.0005236, 57.0208166], [65.00437539999999, 57.02876740000001], [65.0064663, 57.03357609999999], [65.00838429999999, 57.0375276], [65.0085939, 57.0381323], [65.008376, 57.038685900000004], [65.00790409999999, 57.03945579999999], [65.00792649999998, 57.03987039999999], [65.0084062, 57.0402295], [65.0099222, 57.0407649], [65.0109336, 57.0414628], [65.0121438, 57.042234699999995], [65.0127734, 57.0427457], [65.0128795, 57.0430722], [65.0121887, 57.0440483], [65.0114162, 57.044495000000005], [65.01081519999998, 57.0448424], [65.0102867, 57.0455458], [65.0099397, 57.04666120000001], [65.0094304, 57.048049400000004], [65.0081774, 57.0504242], [65.0077185, 57.050779000000006], [65.00739639999999, 57.0510448], [65.0070279, 57.05110859999999], [65.0066897, 57.05107540000001], [65.0063275, 57.05092679999999], [65.005842, 57.05078979999999], [65.00523889999998, 57.050770500000006], [65.0048559, 57.05089240000001], [65.004376, 57.0511896], [65.0038197, 57.05170999999999], [65.0034887, 57.05213990000001], [65.0033013, 57.05260619999999], [65.0032196, 57.05273290000001], [65.00287039999999, 57.0528254], [65.0024972, 57.05280239999999], [65.0021038, 57.05273149999999], [65.001526, 57.05273999999999], [65.0009394, 57.052944800000006], [65.0004018, 57.05332250000001], [64.9996161, 57.05353050000001], [64.9978443, 57.0539279], [64.99595489999999, 57.055016800000004], [64.9958646, 57.0555611], [64.9958083, 57.0559963], [64.995663, 57.05625919999999], [64.99437119999999, 57.056692299999995], [64.9934635, 57.056858799999986], [64.9922984, 57.056681899999994], [64.991281, 57.05628550000001], [64.99102350000001, 57.0559422], [64.9906326, 57.0553404], [64.9898553, 57.0549619], [64.98945599999999, 57.05494649999999], [64.9889477, 57.05512830000001], [64.9885387, 57.05567769999999], [64.98789659999998, 57.05633929999999], [64.98727469999999, 57.0566314], [64.9867594, 57.05668299999999], [64.98548059999999, 57.0566164], [64.9847732, 57.056801400000005], [64.9841334, 57.0575063], [64.9831305, 57.0581302], [64.9841445, 57.05846160000001], [64.98563109999999, 57.058599900000004], [64.9861194, 57.0587876], [64.9824908, 57.0678185], [64.98215669999999, 57.07453759999999], [64.981371, 57.0905542], [64.98070289999998, 57.1032673], [64.99585519999998, 57.1079125], [64.9916304, 57.11618740000001], [64.9819542, 57.118295], [64.9686771, 57.1439579], [64.9625497, 57.155534800000005], [64.9625194, 57.15665899999999], [64.9726137, 57.17570070000001], [64.9774028, 57.1848041], [64.98523379999999, 57.19968500000001], [64.9917235, 57.21155169999999], [65.00508609999999, 57.2338124], [64.9984176, 57.23562999999999], [64.9912438, 57.23737239999999], [64.9534504, 57.2462385], [64.93133760000002, 57.259063999999995], [64.9243817, 57.2632093], [64.9221351, 57.264698499999994], [64.9210293, 57.2657793], [64.9211161, 57.2659082], [64.92277889999998, 57.267055299999996], [64.9235393, 57.26780359999999], [64.9236957, 57.268496], [64.9234391, 57.2689559], [64.92197839999999, 57.2701508], [64.9214815, 57.2706143], [64.921503, 57.2710265], [64.9220141, 57.271605], [64.92222059999999, 57.272492], [64.92224659999998, 57.27299099999999], [64.92270869999999, 57.2733965], [64.9249032, 57.2739709], [64.9269329, 57.2744609], [64.9279237, 57.27501019999999], [64.9287599, 57.2756705], [64.92945749999998, 57.2767454], [64.9296507, 57.2773721], [64.9294799, 57.2779393], [64.92950369999998, 57.2783949], [64.9303389, 57.279033500000004], [64.9310162, 57.279717899999994], [64.9311625, 57.28021499999999], [64.93096879999999, 57.2811082], [64.9309639, 57.2817814], [64.9313975, 57.28240439999999], [64.9318757, 57.2831136], [64.9322897, 57.28412769999999], [64.9323272, 57.284843699999996], [64.9321107, 57.28530299999999], [64.931774, 57.285764099999994], [64.9318058, 57.28637160000001], [64.9323242, 57.28708009999999], [64.9325964, 57.28768389999998], [64.9323123, 57.288383100000004], [64.93195589999999, 57.289235399999995], [64.9319088, 57.2898658], [64.9318216, 57.2904968], [64.9314146, 57.2919143], [64.93164109999998, 57.29241029999999], [64.9322283, 57.2929006], [64.9340828, 57.2938492], [64.9356156, 57.294781], [64.9362475, 57.295357499999994], [64.9374897, 57.2960983], [64.9386711, 57.2972092], [64.9401401, 57.2984458], [64.94023049999998, 57.298639900000005], [64.9386629, 57.298577200000004], [64.9372533, 57.2984686], [64.9354075, 57.2984536], [64.9339132, 57.2982595], [64.9330934, 57.2979247], [64.9302115, 57.297274200000004], [64.9282273, 57.2969138], [64.9270583, 57.2968014], [64.9244533, 57.2968413], [64.92145829999998, 57.29632260000001], [64.9156016, 57.294761799999996], [64.9130386, 57.2940626], [64.9105716, 57.2936659], [64.9086758, 57.2934558], [64.9039174, 57.29140009999999], [64.8992053, 57.2894521], [64.8964637, 57.288386200000005], [64.8943455, 57.2869634], [64.8936106, 57.28622560000001], [64.89335009999999, 57.284666200000004], [64.89313219999998, 57.2839367], [64.8925688, 57.28350549999999], [64.88693249999999, 57.28266200000001], [64.8849972, 57.28186049999999], [64.8834, 57.2806143], [64.86016229999998, 57.290242400000004], [64.8271919, 57.29311969999999], [64.8351868, 57.316021500000005], [64.8414638, 57.3339924], [64.8428842, 57.338905700000005], [64.84327709999998, 57.339535000000005], [64.85927789999998, 57.33793169999999], [64.8732987, 57.3365024], [64.8872659, 57.33404639999999], [64.89335109999999, 57.3329291], [64.8979293, 57.33237160000001], [64.8973183, 57.33337970000001], [64.8909649, 57.3398263], [64.88080979999998, 57.3485523], [64.8752047, 57.354203299999995], [64.87367289999999, 57.35467440000001], [64.8723117, 57.35592419999999], [64.8619779, 57.359064], [64.856224, 57.3645894], [64.8589084, 57.3691652], [64.8539356, 57.371105099999994], [64.86653240000001, 57.378801900000006], [64.87538850000001, 57.37454939999999], [64.8829626, 57.3794005], [64.86993699999998, 57.3882603], [64.8635079, 57.40775], [64.8507204, 57.4467269], [64.8496623, 57.45089479999999], [64.84986309999998, 57.45128270000001], [64.8565815, 57.45152590000001], [64.871465, 57.4519409], [64.8880769, 57.45247479999998], [64.89279849999998, 57.4526482], [64.8952713, 57.45314840000001], [64.8989442, 57.4540702], [64.89969659999998, 57.454596200000005], [64.95561309999998, 57.45300739999999], [64.9663464, 57.4349097], [64.983187, 57.4345005], [65.124191, 57.41567209999999], [65.1305053, 57.400041], [65.1122164, 57.393218700000006], [65.1034236, 57.38911199999999], [65.0988089, 57.386909900000006], [65.1235628, 57.38643080000001], [65.1623077, 57.387170099999985], [65.1619623, 57.37775390000001], [65.2277871, 57.37719], [65.22664929999999, 57.3753535], [65.2271355, 57.36935239999999], [65.2283215, 57.3680691], [65.2308928, 57.366370700000004], [65.2362417, 57.3645925], [65.2376103, 57.3639299], [65.2380824, 57.36175429999999], [65.2369572, 57.3613188], [65.2366908, 57.3602465], [65.2373099, 57.3588262], [65.2381038, 57.3584096], [65.23801799999998, 57.3574605], [65.2378893, 57.3569859], [65.23894809999999, 57.355829500000006], [65.2468586, 57.3541385], [65.2501547, 57.3545849], [65.2497946, 57.349640999999984], [65.24730599999998, 57.3205855], [65.24811199999999, 57.31069339999999], [65.2467865, 57.30494139999998], [65.27039009999999, 57.291598900000004], [65.28184889999999, 57.2851398], [65.27570839999998, 57.28503890000001], [65.26865960000002, 57.2847374], [65.263145, 57.28446490000001], [65.2625871, 57.2845112], [65.2617717, 57.284749], [65.26073100000002, 57.28512589999998], [65.2604949, 57.283827], [65.2610111, 57.28366059999999], [65.26110649999998, 57.2836299], [65.26187589999999, 57.2834275], [65.2643466, 57.28277740000001], [65.2651355, 57.2826666], [65.2664924, 57.2824759], [65.2666073, 57.282475000000005], [65.2680588, 57.282464299999994], [65.2689493, 57.28233670000001], [65.27061220000002, 57.2820004], [65.2709341, 57.2808522], [65.2720284, 57.2797271], [65.2739596, 57.2787876], [65.2850318, 57.2768505], [65.2908039, 57.2760037], [65.2982511, 57.2763581], [65.3151798, 57.27716370000001], [65.3167677, 57.2775117], [65.3180766, 57.27818440000001], [65.3191066, 57.27920519999999], [65.3195786, 57.28072459999999], [65.319879, 57.2845402], [65.36985399999999, 57.2834965], [65.37011139999998, 57.28618699999999], [65.39350029999999, 57.285885500000006], [65.3924703, 57.284749], [65.3930497, 57.2712359], [65.37457459999999, 57.2773725], [65.3739309, 57.27502929999999], [65.3712487, 57.2747045], [65.37064789999998, 57.2740665], [65.3691673, 57.2736257], [65.3669143, 57.2732777], [65.3653264, 57.2727788], [65.36444659999998, 57.2717579], [65.36436079999999, 57.2708646], [65.3650903, 57.2694724], [65.3637814, 57.2661541], [65.3613996, 57.263787099999995], [65.3600049, 57.26389150000001], [65.3569793, 57.264007500000005], [65.35560609999999, 57.2637406], [65.3545546, 57.26310240000001], [65.351851, 57.26310240000001], [65.3491902, 57.2637639], [65.3489113, 57.26454129999999], [65.34861089999998, 57.2651911], [65.3461861, 57.2651447], [65.3453064, 57.26564359999999], [65.32804370000001, 57.2656378], [65.3090322, 57.26533609999999], [65.2898168, 57.2650054], [65.2899241, 57.2620233], [65.2905679, 57.2556171], [65.2910185, 57.254479700000005], [65.2922201, 57.2538297], [65.29531, 57.25241369999999], [65.3016186, 57.24990639999999], [65.30530929999999, 57.248617900000006], [65.3078627, 57.24845539999999], [65.31354899999998, 57.2487572], [65.3194499, 57.249035799999994], [65.3351354, 57.24826959999999], [65.3351998, 57.2525065], [65.3367448, 57.25240209999999], [65.3372812, 57.25168239999999], [65.3381181, 57.251519900000005], [65.33923389999998, 57.25219309999999], [65.3424096, 57.251961], [65.3441477, 57.2520074], [65.3460789, 57.2523556], [65.3489542, 57.25232079999999], [65.352323, 57.2521351], [65.3537178, 57.25211190000001], [65.3551769, 57.252669], [65.3557777, 57.253388699999995], [65.3571939, 57.253586], [65.3582668, 57.2537137], [65.35942549999999, 57.2545842], [65.3603267, 57.2545842], [65.36148539999999, 57.25407349999999], [65.3629446, 57.2533771], [65.366292, 57.2521467], [65.3680944, 57.2518913], [65.3701973, 57.251984199999995], [65.3737163, 57.2522396], [65.3793811, 57.25414310000001], [65.38199899999998, 57.254050299999996], [65.3828573, 57.2547002], [65.37817949999999, 57.2582053], [65.3856468, 57.25918010000001], [65.3862905, 57.2606655], [65.40256090000001, 57.2570167], [65.401701, 57.2559906], [65.4022153, 57.2558918], [65.402725, 57.255795], [65.403345, 57.255589], [65.4037516, 57.255368], [65.40407699999999, 57.25495399999999], [65.4050904, 57.2542907], [65.40539689999999, 57.2532689], [65.4059384, 57.253054], [65.4067646, 57.2529732], [65.4069019, 57.25240800000001], [65.4068919, 57.252154], [65.40737589999999, 57.250958000000004], [65.40722089999998, 57.250161], [65.40810099999999, 57.24948899999999], [65.408935, 57.249063], [65.410827, 57.248719], [65.4113805, 57.24853759999999], [65.4147549, 57.24774539999999], [65.4157852, 57.247664], [65.41604159999999, 57.24802580000001], [65.41731299999998, 57.247843], [65.4160407, 57.245941], [65.41784409999998, 57.245634399999986], [65.4197162, 57.245216400000004], [65.4209012, 57.2449913], [65.4222311, 57.2446624], [65.42333449999998, 57.24422249999999], [65.4305989, 57.24057809999999], [65.4294384, 57.2398755], [65.4286195, 57.2397433], [65.4272296, 57.23906060000001], [65.4265192, 57.2368436], [65.4247559, 57.2349398], [65.4236625, 57.23403009999999], [65.422478, 57.232764], [65.42212899999998, 57.232376], [65.421379, 57.23153899999999], [65.420843, 57.23029799999999], [65.42091499999998, 57.2293348], [65.420684, 57.229027], [65.4202419, 57.2289282], [65.419505, 57.2294414], [65.41860999999999, 57.2298994], [65.416018, 57.22821979999999], [65.4144289, 57.22731829999999], [65.4132158, 57.2267083], [65.41170729999999, 57.2262221], [65.41015899999998, 57.225888999999995], [65.40847500000001, 57.22591500000001], [65.405794, 57.226206], [65.403049, 57.226682], [65.40187999999999, 57.226723], [65.399415, 57.226919], [65.395283, 57.227085], [65.39272899999999, 57.226952000000004], [65.39077399999998, 57.226564999999994], [65.39033899999998, 57.22638799999999], [65.390108, 57.226164], [65.389807, 57.22528], [65.38929799999998, 57.224948999999995], [65.387861, 57.22459099999999], [65.386515, 57.224326], [65.386223, 57.224136999999985], [65.385569, 57.223943000000006], [65.384246, 57.22326999999999], [65.383291, 57.22320800000001], [65.38172799999998, 57.222648], [65.38056899999998, 57.222368], [65.379744, 57.222084], [65.379246, 57.221610000000005], [65.378825, 57.221337999999996], [65.378439, 57.220996], [65.37672, 57.220722], [65.37569899999998, 57.220887000000005], [65.37334499999999, 57.220897], [65.373945, 57.218473], [65.373653, 57.217654], [65.373444, 57.216482], [65.372756, 57.21652], [65.37297899999999, 57.214574999999996], [65.373531, 57.21345899999999], [65.372731, 57.213285000000006], [65.372053, 57.212868], [65.372029, 57.212645], [65.371456, 57.212308], [65.3717382, 57.2108218], [65.36998239999998, 57.210799599999994], [65.36845809999998, 57.21086879999999], [65.36823209999999, 57.21087930000001], [65.36435869999998, 57.2108011], [65.3639961, 57.210803199999994], [65.36408899999999, 57.208549], [65.35931319999999, 57.2084671], [65.3554584, 57.2084171], [65.355118, 57.208439199999994], [65.3550103, 57.2120765], [65.3546889, 57.21206929999999], [65.351434, 57.2119971], [65.350908, 57.2119773], [65.3505825, 57.2118835], [65.3496639, 57.21144869999999], [65.3489554, 57.21181829999999], [65.34846829999998, 57.21152870000001], [65.3481934, 57.2113446], [65.348239, 57.2111347], [65.347848, 57.210722], [65.3476011, 57.210589], [65.3477303, 57.2104118], [65.348257, 57.210204499999996], [65.348097, 57.209898], [65.347818, 57.209751999999995], [65.347367, 57.20966500000001], [65.347032, 57.209189], [65.346503, 57.209109999999995], [65.346005, 57.20892700000001], [65.345569, 57.20857600000001], [65.34508, 57.20832499999999], [65.34496, 57.207781000000004], [65.346469, 57.207553000000004], [65.34673699999999, 57.20741499999999], [65.346591, 57.206945], [65.346173, 57.206663999999996], [65.345143, 57.206698], [65.34494, 57.20567], [65.3440813, 57.2058957], [65.3434446, 57.2047515], [65.34296439999999, 57.20400839999999], [65.3420469, 57.2031536], [65.34058779999998, 57.2021137], [65.3388753, 57.20115209999999], [65.3369122, 57.20082669999999], [65.3352287, 57.20079739999999], [65.33338169999999, 57.2009637], [65.3325803, 57.201624900000006], [65.3319047, 57.2017751], [65.3306464, 57.2015871], [65.3300618, 57.200473800000005], [65.3290505, 57.2004655], [65.3276934, 57.2008835], [65.3265664, 57.2010007], [65.3259934, 57.2010408], [65.3255894, 57.2010628], [65.3251402, 57.2010888], [65.3246581, 57.2011011], [65.3242122, 57.2011647], [65.3236918, 57.2011912], [65.32377499999998, 57.20105999999999], [65.323721, 57.200684], [65.323371, 57.20024500000001], [65.322897, 57.19998199999999], [65.32195, 57.199338], [65.31984909999998, 57.1997954], [65.3073263, 57.20553509999999], [65.2910885, 57.2136326], [65.2882273, 57.2148354], [65.284118, 57.20928219999999], [65.2784293, 57.2042187], [65.2764033, 57.1996521], [65.27279019999999, 57.1893288], [65.2743053, 57.1856906], [65.2737495, 57.180228899999996], [65.2737361, 57.18009709999999], [65.2716914, 57.17458260000001], [65.2768028, 57.174242799999995], [65.2754073, 57.1693945], [65.27347340000001, 57.168315500000006], [65.2684141, 57.1668385], [65.2683162, 57.1666406], [65.26893849999999, 57.1656982], [65.2687669, 57.165197899999995], [65.2657866, 57.1635798], [65.2674102, 57.16231859999999], [65.2675009, 57.1600841], [65.2689204, 57.1614432], [65.2728652, 57.16358629999999], [65.27341379999999, 57.163655799999994], [65.27518490000001, 57.16510809999999], [65.2806276, 57.1664134], [65.281554, 57.16264], [65.2817375, 57.159555], [65.2804456, 57.156394799999994], [65.28022019999999, 57.15520649999999], [65.2797998, 57.15436640000001], [65.2799147, 57.1533357], [65.28058549999999, 57.1528757], [65.27941129999999, 57.1524289], [65.2798528, 57.151767499999984], [65.28274609999998, 57.15048099999999], [65.2923838, 57.156985199999994], [65.3030167, 57.16119749999999], [65.3079619, 57.16274859999999], [65.3243915, 57.1625194], [65.3232401, 57.1574603], [65.325649, 57.1574697], [65.3258147, 57.15691429999998], [65.32854049999999, 57.1569715], [65.32945919999999, 57.1565141], [65.3295495, 57.15565649999999], [65.3265376, 57.15424339999999], [65.32521229999999, 57.1530672], [65.32396229999999, 57.1530018], [65.3239035, 57.1524622], [65.325507, 57.152434], [65.32718699999998, 57.151933], [65.32829999999998, 57.152228], [65.329543, 57.152024], [65.330479, 57.150598], [65.329983, 57.150174], [65.32993499999999, 57.149595000000005], [65.33050799999998, 57.14914399999999], [65.329865, 57.149042], [65.329159, 57.148768999999994], [65.328637, 57.14883], [65.328026, 57.148464999999995], [65.32787499999999, 57.14806], [65.32810199999999, 57.147785999999996], [65.32819, 57.14725299999999], [65.330659, 57.147141999999995], [65.330608, 57.146289], [65.331504, 57.146078], [65.33320139999998, 57.1457512], [65.3332482, 57.144949499999996], [65.3327066, 57.1432537], [65.3345376, 57.14347690000001], [65.3356063, 57.14360719999999], [65.3362757, 57.1436867], [65.3371956, 57.14389950000001], [65.3384344, 57.144054499999996], [65.3386538, 57.1427753], [65.33908689999998, 57.14282039999999], [65.33950559999998, 57.1430385], [65.3405133, 57.14266469999999], [65.34101899999999, 57.1424767], [65.3425137, 57.141913599999995], [65.3429045, 57.1414487], [65.3436441, 57.1410812], [65.344479, 57.14070879999999], [65.3449991, 57.1405697], [65.3457133, 57.14032399999999], [65.34646509999999, 57.1402571], [65.3519818, 57.1406807], [65.3519536, 57.141287], [65.362715, 57.1422508], [65.363163, 57.141031], [65.362034, 57.140921], [65.361379, 57.140771], [65.35893, 57.139672000000004], [65.358032, 57.13935], [65.355812, 57.13900199999999], [65.35330499999999, 57.138434000000004], [65.352786, 57.13838899999999], [65.351684, 57.138676999999994], [65.350928, 57.138711], [65.349591, 57.13944600000001], [65.347571, 57.139175], [65.347394, 57.13867], [65.34839, 57.137187999999995], [65.34936999999998, 57.136618999999996], [65.348213, 57.135642], [65.348236, 57.135274], [65.348517, 57.134586999999996], [65.34886, 57.134333000000005], [65.34963900000001, 57.13350899999998], [65.349523, 57.13315699999999], [65.349152, 57.13300400000001], [65.348799, 57.132738999999994], [65.349068, 57.132374999999996], [65.348977, 57.13211999999999], [65.348503, 57.131933], [65.34810299999998, 57.131644], [65.34781099999998, 57.131088999999996], [65.34795699999998, 57.130582], [65.348353, 57.130531], [65.34873, 57.130392], [65.349085, 57.12988800000001], [65.349349, 57.129167], [65.34935199999998, 57.127834], [65.346677, 57.126846999999984], [65.345947, 57.126726], [65.345052, 57.12670700000001], [65.34497299999998, 57.126293000000004], [65.34471199999999, 57.125788], [65.344226, 57.125137999999986], [65.342874, 57.124176], [65.342983, 57.123673], [65.342635, 57.123172000000004], [65.342827, 57.12287799999999], [65.34254799999998, 57.122428], [65.341934, 57.122274], [65.34156899999999, 57.122055], [65.341706, 57.121512], [65.341942, 57.121044], [65.341843, 57.12093899999999], [65.341469, 57.12088], [65.34140100000002, 57.12079000000001], [65.34142999999999, 57.120478999999996], [65.34181599999998, 57.119834], [65.34208, 57.119763999999996], [65.34248, 57.119820000000004], [65.34297, 57.12003000000001], [65.343221, 57.119967], [65.34344000000002, 57.119435], [65.343741, 57.119169], [65.34375299999999, 57.11885399999999], [65.343495, 57.11868700000001], [65.34347099999998, 57.117818], [65.344078, 57.115491], [65.344343, 57.114858], [65.34334799999999, 57.114484], [65.342961, 57.11427799999999], [65.343675, 57.113111999999994], [65.344031, 57.112860000000005], [65.344471, 57.112834], [65.344897, 57.112992000000006], [65.345445, 57.113035], [65.34558499999999, 57.112796], [65.34580899999999, 57.112594], [65.346251, 57.11254099999999], [65.346539, 57.112588], [65.346836, 57.113061], [65.34758299999999, 57.113092], [65.348598, 57.11234], [65.348888, 57.112268], [65.34937999999998, 57.112261], [65.349641, 57.112148], [65.348241, 57.11047400000001], [65.348647, 57.109051], [65.350371, 57.1058151], [65.3628588, 57.10740080000001], [65.3754707, 57.10901669999999], [65.3777292, 57.1093111], [65.3984756, 57.1118352], [65.4102053, 57.1133552], [65.4124293, 57.1137343], [65.444379, 57.11974], [65.45668299999998, 57.12293799999999], [65.46711329999998, 57.125302], [65.4691238, 57.12576639999999], [65.4712893, 57.1263084], [65.4717367, 57.126089199999996], [65.47193679999998, 57.12573939999999], [65.4722708, 57.12518239999999], [65.4721728, 57.1251444], [65.4720558, 57.124919399999996], [65.4717768, 57.1248314], [65.4716128, 57.12459940000001], [65.4715718, 57.1241174], [65.4714168, 57.1239234], [65.4719058, 57.1218394], [65.4721778, 57.1217414], [65.4724708, 57.1217174], [65.477011, 57.124604], [65.48496349999999, 57.1213095], [65.4866607, 57.1204511], [65.4871765, 57.120190300000004], [65.4859446, 57.1191593], [65.4855309, 57.118812999999996], [65.4849202, 57.11829120000001], [65.4846709, 57.1180781], [65.484365, 57.1178127], [65.4839177, 57.11742459999999], [65.480861, 57.114772], [65.47864709999999, 57.1133899], [65.4783198, 57.1134613], [65.47774849999999, 57.1130979], [65.4776734, 57.1131074], [65.4726226, 57.1103739], [65.46895420000001, 57.1111474], [65.4675171, 57.1113706], [65.4642515, 57.1118073], [65.4652714, 57.1110997], [65.466758, 57.110642999999996], [65.467526, 57.110457999999994], [65.46762999999999, 57.110259], [65.46442829999998, 57.10818270000001], [65.4636742, 57.10807580000001], [65.46242, 57.108209], [65.46155, 57.10794899999999], [65.45946859999998, 57.106104], [65.458912, 57.105545], [65.458174, 57.104574], [65.457491, 57.104112], [65.456192, 57.103764000000005], [65.454274, 57.103797], [65.452411, 57.10319700000001], [65.450738, 57.10326499999999], [65.44864, 57.10304299999999], [65.447204, 57.10279299999999], [65.445873, 57.102143], [65.441338, 57.10116300000001], [65.440604, 57.100739], [65.43946199999999, 57.10067899999999], [65.438121, 57.100398], [65.437488, 57.100010999999995], [65.43456, 57.098637000000004], [65.43322199999999, 57.097485], [65.434773, 57.09723900000001], [65.482556, 57.097256], [65.48352699999998, 57.09706899999999], [65.486408, 57.097162999999995], [65.487493, 57.09725099999999], [65.489936, 57.097242], [65.4912044, 57.0971245], [65.491444, 57.097414], [65.4916179, 57.097727199999994], [65.4918082, 57.098089400000006], [65.495281, 57.097282], [65.4955279, 57.0972553], [65.497661, 57.09702399999999], [65.498931, 57.097223], [65.50139199999998, 57.097149], [65.50349599999998, 57.097176], [65.505483, 57.097109999999994], [65.505976, 57.097001000000006], [65.506778, 57.09669900000001], [65.50750700000002, 57.09673899999999], [65.50850599999998, 57.09687199999999], [65.50927099999998, 57.09682], [65.510943, 57.096587], [65.51219199999998, 57.096637], [65.52309699999999, 57.092788], [65.5233836, 57.092639899999995], [65.5239607, 57.0925753], [65.5242951, 57.09445229999999], [65.5245827, 57.096135800000006], [65.5247542, 57.0968636], [65.52488720000001, 57.0975559], [65.524985, 57.098203899999994], [65.52505729999999, 57.0987402], [65.52511779999999, 57.099776999999996], [65.5251941, 57.1009154], [65.52519629999999, 57.101536], [65.5251619, 57.102303799999994], [65.5251261, 57.1027006], [65.52504039999998, 57.10356169999999], [65.5248848, 57.1048397], [65.52520259999999, 57.1048388], [65.5255169, 57.1048518], [65.5275607, 57.104913], [65.5284717, 57.10488800000001], [65.53211449999999, 57.104884199999994], [65.5321345, 57.104609800000006], [65.5287898, 57.10408749999999], [65.5281868, 57.1038995], [65.5269738, 57.10274750000001], [65.5264472, 57.1012048], [65.5260085, 57.0980512], [65.52639669999999, 57.098026899999994], [65.5283863, 57.097896], [65.5290902, 57.09784870000001], [65.5293883, 57.097549], [65.54445219999998, 57.097488299999995], [65.5461216, 57.09791309999999], [65.5505229, 57.099253], [65.5555228, 57.10088079999999], [65.5506315, 57.1076462], [65.5523191, 57.108184], [65.55550779999999, 57.1071096], [65.5622971, 57.10460690000001], [65.5579035, 57.1015735], [65.5579023, 57.1014301], [65.5583638, 57.10109469999998], [65.55900089999999, 57.1006488], [65.55973770000001, 57.09993829999999], [65.5613468, 57.0982883], [65.561647, 57.09801180000001], [65.5617283, 57.097727500000005], [65.561742, 57.097605], [65.5620963, 57.09706299999999], [65.5630346, 57.0962604], [65.56631069999999, 57.0926571], [65.5657055, 57.0924709], [65.5658889, 57.09194089999999], [65.56665689999998, 57.0902418], [65.5675578, 57.0886711], [65.5677036, 57.0881501], [65.5680324, 57.0875166], [65.5672431, 57.087262], [65.5663419, 57.0872911], [65.5645609, 57.0872095], [65.5643034, 57.08690049999999], [65.5637669, 57.0870171], [65.5634451, 57.087466], [65.5629837, 57.0876001], [65.5616319, 57.0875943], [65.5614924, 57.0872911], [65.5610633, 57.087617599999994], [65.5604947, 57.08783909999999], [65.5589277, 57.0880071], [65.55843389999998, 57.08627409999999], [65.5543678, 57.0865301], [65.554739, 57.088042], [65.5524587, 57.08821220000001], [65.550785, 57.085565499999994], [65.546354, 57.0845453], [65.5448413, 57.08404389999999], [65.5432534, 57.08142610000001], [65.5421912, 57.0792279], [65.5337047, 57.0823589], [65.530808, 57.083268499999996], [65.526495, 57.0830353], [65.5215454, 57.082926099999995], [65.5211866, 57.082921599999985], [65.5220961, 57.084607199999994], [65.522803, 57.0861865], [65.523228, 57.088006500000006], [65.5229978, 57.0881193], [65.5229261, 57.0877563], [65.5227723, 57.087784199999994], [65.5227109, 57.08779530000001], [65.5220845, 57.0879819], [65.5209499, 57.088009199999995], [65.5204291, 57.08804820000001], [65.51812249999999, 57.0882553], [65.5179112, 57.08810559999999], [65.5178583, 57.0880174], [65.5178545, 57.0878431], [65.51793, 57.08777340000001], [65.517964, 57.08770779999999], [65.51785079999999, 57.087635999999996], [65.5169601, 57.0877611], [65.5151826, 57.08791279999999], [65.5111362, 57.0885236], [65.51077389999999, 57.0885564], [65.5098832, 57.0886159], [65.5097209, 57.08859129999999], [65.5093926, 57.0884109], [65.50927179999998, 57.0882078], [65.5093435, 57.0880828], [65.50961899999999, 57.0877403], [65.5097851, 57.087506499999996], [65.5097775, 57.0873815], [65.5096681, 57.08733430000001], [65.50949069999999, 57.0873056], [65.50925289999999, 57.0873445], [65.5080189, 57.087650100000005], [65.5051771, 57.08839439999999], [65.5048978, 57.0884006], [65.50477699999999, 57.0883288], [65.5047242, 57.08825910000001], [65.5047015, 57.0880602], [65.50441849999999, 57.0879392], [65.50428639999998, 57.08795769999999], [65.5035958, 57.0881074], [65.5018295, 57.0883924], [65.4997501, 57.0887574], [65.4996104, 57.0887697], [65.49913489999999, 57.0890711], [65.498799, 57.08911009999999], [65.49847819999998, 57.08916549999999], [65.49814239999999, 57.089268], [65.4979159, 57.089239299999996], [65.49769699999999, 57.0892024], [65.4975989, 57.08921670000001], [65.4973347, 57.089409499999995], [65.496712, 57.0895817], [65.4961082, 57.0896227], [65.49424379999999, 57.089932299999994], [65.4941759, 57.08998570000001], [65.49404909999998, 57.0900731], [65.491396, 57.0909004], [65.4894869, 57.09081509999999], [65.4890199, 57.09078689999999], [65.48868970000001, 57.0908381], [65.48850099999999, 57.090868900000004], [65.4883736, 57.091020099999994], [65.48839249999999, 57.091317399999994], [65.48809059999999, 57.0915353], [65.4876849, 57.0920325], [65.48716589999998, 57.0923862], [65.4864112, 57.0925989], [65.48564689999999, 57.0926527], [65.4843874, 57.0926604], [65.4841845, 57.092606599999996], [65.4836656, 57.0925297], [65.48296269999999, 57.09245279999999], [65.4824013, 57.09238870000001], [65.4818965, 57.0923272], [65.4815144, 57.0920581], [65.48042469999999, 57.0913533], [65.4801322, 57.091245699999995], [65.4796888, 57.091214900000004], [65.47901889999999, 57.0909176], [65.478198, 57.0905485], [65.4776859, 57.09025539999999], [65.4776835, 57.0901622], [65.4777632, 57.0901136], [65.4779903, 57.0900874], [65.4782825, 57.0900756], [65.4791182, 57.0898735], [65.48010149999999, 57.089616500000005], [65.4800725, 57.089447500000006], [65.4798813, 57.089176599999995], [65.4798831, 57.088225599999994], [65.47993749999999, 57.08808290000001], [65.4797231, 57.0875399], [65.47963859999999, 57.0872183], [65.4803076, 57.08614359999999], [65.48146249999999, 57.086039], [65.4822544, 57.08545430000001], [65.48523809999999, 57.08633649999999], [65.4862345, 57.0859981], [65.4861326, 57.08569669999999], [65.4853929, 57.08543420000001], [65.4848028, 57.085359600000004], [65.4838121, 57.0850597], [65.4838357, 57.0849879], [65.4844104, 57.084616100000005], [65.4843887, 57.084522899999996], [65.4842534, 57.08449790000001], [65.4840409, 57.084499300000004], [65.4838863, 57.0844415], [65.4833697, 57.0841932], [65.4833649, 57.08401859999999], [65.483261, 57.08390709999999], [65.48294219999998, 57.0838008], [65.4826427, 57.0837561], [65.4823987, 57.0837719], [65.4821934, 57.083869], [65.48138189999999, 57.08433490000001], [65.4811717, 57.08433230000001], [65.4808215, 57.0842641], [65.4800486, 57.0841459], [65.47955099999999, 57.08400809999999], [65.4786477, 57.08378629999999], [65.4774811, 57.083479200000006], [65.471719, 57.081992799999995], [65.4709636, 57.0821559], [65.4698707, 57.082375799999994], [65.4693665, 57.08244140000001], [65.4683762, 57.08243809999999], [65.4681015, 57.0823249], [65.468029, 57.0821346], [65.4679203, 57.08207710000001], [65.4677573, 57.082042699999995], [65.4669844, 57.082047599999996], [65.4667791, 57.0819508], [65.4665949, 57.08188189999999], [65.4663896, 57.0818835], [65.4661843, 57.0819738], [65.465979, 57.0819442], [65.4656861, 57.0818753], [65.46542649999999, 57.081772], [65.4650853, 57.081657099999994], [65.46496449999998, 57.0816309], [65.46326739999999, 57.08161119999998], [65.46323969999999, 57.080591], [65.4628034, 57.064534399999985], [65.4315971, 57.0644177], [65.43138389999999, 57.0640603], [65.4304, 57.06378209999999], [65.42647669999998, 57.062648800000005], [65.4258694, 57.0621729], [65.42401849999999, 57.061854399999994], [65.4225785, 57.06162049999999], [65.4200429, 57.061566], [65.4204663, 57.05787349999999], [65.4207021, 57.0567953], [65.4204663, 57.0558079], [65.418911, 57.0535992], [65.41641019999999, 57.0492759], [65.41364419999998, 57.0445015], [65.4127451, 57.0423104], [65.4114183, 57.03854580000001], [65.409573, 57.0301127], [65.4013636, 57.0126577], [65.3935153, 57.012575], [65.3860307, 57.012516699999985], [65.38467, 57.0125061], [65.3849669, 57.00084149999999], [65.4165491, 57.001061799999995], [65.42199269999999, 56.9983379], [65.442184, 56.99847549999999], [65.483071, 56.9988992], [65.4855791, 57.0015942], [65.4884623, 57.004523999999996], [65.4942983, 57.0104557], [65.4980262, 57.0141956], [65.5006225, 57.0176439], [65.50769479999998, 57.0271258], [65.5094366, 57.029485400000006], [65.5102515, 57.030724], [65.5108497, 57.032085300000006], [65.5112508, 57.0333389], [65.5113459, 57.0346064], [65.5112601, 57.03537939999999], [65.5106918, 57.03769100000001], [65.5107006, 57.0381336], [65.5070464, 57.04587059999999], [65.5050837, 57.050683899999996], [65.5047, 57.052533], [65.5044766, 57.05443389999999], [65.50468659999999, 57.0563059], [65.50505879999999, 57.0581688], [65.5057422, 57.0598045], [65.5066044, 57.06141529999999], [65.50860619999999, 57.0643333], [65.5115609, 57.06857980000001], [65.5118394, 57.0677859], [65.5123758, 57.0672551], [65.51356669999998, 57.0669285], [65.5145109, 57.06641520000001], [65.5172467, 57.066263499999984], [65.5184054, 57.0660011], [65.5189848, 57.0653011], [65.5199075, 57.064618599999996], [65.5220747, 57.064338600000006], [65.5248213, 57.064192799999994], [65.52608729999999, 57.064338600000006], [65.5340695, 57.06644440000001], [65.5360436, 57.0669576], [65.5412364, 57.0647703], [65.54758789999998, 57.0619411], [65.54784539999999, 57.06137519999999], [65.54779169999999, 57.05834159999999], [65.5480063, 57.0582191], [65.5492079, 57.0586158], [65.5508602, 57.0591758], [65.55254459999999, 57.0595551], [65.55410029999999, 57.0595317], [65.57507509999999, 57.0596892], [65.5862975, 57.05976510000001], [65.5993652, 57.0649686], [65.60392499999999, 57.0670043], [65.6046653, 57.06740680000001], [65.6031096, 57.06762259999999], [65.6018758, 57.0678384], [65.601232, 57.068042500000004], [65.60083509999998, 57.068351699999994], [65.60078139999999, 57.06896989999999], [65.60102819999999, 57.0694132], [65.60185429999999, 57.069675600000004], [65.60261609999999, 57.069559], [65.6032276, 57.0690807], [65.6035924, 57.06896989999999], [65.6043756, 57.0691449], [65.6052768, 57.06938399999999], [65.60703629999999, 57.0696407], [65.60718649999998, 57.0699148], [65.6129694, 57.0706205], [65.62110180000002, 57.0716178], [65.6243849, 57.07197349999999], [65.624578, 57.072410899999994], [65.624975, 57.07302330000001], [65.6257582, 57.072965], [65.62728169999998, 57.073005800000004], [65.62836530000001, 57.0731224], [65.6289554, 57.0732916], [65.6304681, 57.0733265], [65.631305, 57.073466499999995], [65.6323457, 57.073489800000004], [65.6338799, 57.07358899999999], [65.6344807, 57.0735248], [65.63472749999998, 57.07303499999999], [65.6350708, 57.0729941], [65.6353927, 57.07308739999999], [65.6358647, 57.0732682], [65.6362188, 57.0734199], [65.63612219999999, 57.07367059999999], [65.6356394, 57.0741663], [65.63195939999999, 57.0761957], [65.6304467, 57.0769479], [65.6301999, 57.07740280000001], [65.63085969999999, 57.077662200000006], [65.6313586, 57.0777089], [65.634558, 57.077617], [65.639403, 57.075917999999994], [65.642631, 57.074611000000004], [65.643145, 57.074346], [65.644503, 57.07377900000001], [65.64521499999998, 57.073412999999995], [65.64732699999999, 57.07226], [65.647848, 57.071920000000006], [65.6487783, 57.072205399999994], [65.649307, 57.077774999999995], [65.650412, 57.07784999999999], [65.68127999999999, 57.077635], [65.68199, 57.07754800000001], [65.68294699999998, 57.07735199999999], [65.68394, 57.07696000000001], [65.684356, 57.07671399999999], [65.687377, 57.074121999999996], [65.69075, 57.071014], [65.6935345, 57.0701977], [65.6946194, 57.07001799999999], [65.695323, 57.069995], [65.6959163, 57.0699351], [65.69646729999998, 57.0699674], [65.7008664, 57.0704788], [65.703854, 57.076229], [65.70392979999998, 57.07994229999999], [65.7157138, 57.0714945], [65.71775599999998, 57.070155], [65.718949, 57.069478999999994], [65.72369700000002, 57.066002], [65.730138, 57.06143099999999], [65.7355154, 57.06142079999999], [65.73589, 57.0616194], [65.73626340000001, 57.061852099999996], [65.73656489999999, 57.0622722], [65.73663879999998, 57.062663500000006], [65.7367484, 57.0628835], [65.7367849, 57.06320519999999], [65.7369381, 57.0634551], [65.7371855, 57.06364730000001], [65.7373505, 57.0639548], [65.7377167, 57.064703099999996], [65.73803479999998, 57.064991400000004], [65.738239, 57.0653388], [65.7386997, 57.06580109999999], [65.7388683, 57.0661132], [65.73891179999998, 57.0662781], [65.73887329999998, 57.06641489999999], [65.7387037, 57.0665254], [65.73836630000001, 57.0665329], [65.7380944, 57.06647499999999], [65.73762199999999, 57.0664684], [65.7374435, 57.066398500000005], [65.737255, 57.06621], [65.7369191, 57.0659752], [65.7365915, 57.0658119], [65.73630409999998, 57.0657409], [65.7359384, 57.06574239999999], [65.73563909999999, 57.0658403], [65.7351866, 57.0660812], [65.734881, 57.066335], [65.7347955, 57.066401799999994], [65.7346547, 57.066503899999994], [65.734399, 57.066716], [65.7343658, 57.066773999999995], [65.7343078, 57.0668621], [65.73442419999999, 57.067004399999995], [65.7341925, 57.067254], [65.7340536, 57.0673861], [65.73363029999999, 57.0674959], [65.7336605, 57.0675783], [65.7337122, 57.0677193], [65.7337443, 57.0678068], [65.7337381, 57.06795700000001], [65.7338304, 57.0679202], [65.7339813, 57.0680483], [65.73389939999998, 57.06807859999999], [65.7339259, 57.0680987], [65.7341961, 57.068304100000006], [65.7347326, 57.06842069999999], [65.735085, 57.06842259999999], [65.7358182, 57.0683849], [65.7359992, 57.0683832], [65.73622339999999, 57.0684732], [65.7363521, 57.068764900000005], [65.7364761, 57.06886209999999], [65.73689349999998, 57.0689769], [65.7374051, 57.069048099999996], [65.7375417, 57.06901400000001], [65.7378866, 57.0687407], [65.7379936, 57.06871180000001], [65.73819150000001, 57.068729899999994], [65.7396893, 57.0692723], [65.740148, 57.0694086], [65.74032499999998, 57.0694081], [65.7404436, 57.0693627], [65.74056799999998, 57.0690645], [65.7406765, 57.069021600000006], [65.74081499999998, 57.0690469], [65.74105539999998, 57.069207299999995], [65.7411335, 57.06920689999999], [65.7414493, 57.0688717], [65.7419252, 57.068279], [65.7413078, 57.06789169999999], [65.7412792, 57.06782460000001], [65.7413174, 57.0677395], [65.74144549999998, 57.06771969999999], [65.743895, 57.068269099999995], [65.7445803, 57.0683486], [65.74496809999998, 57.0683005], [65.7453386, 57.06813759999999], [65.7457357, 57.06798979999999], [65.745912, 57.06800079999999], [65.7460406, 57.0680967], [65.7461456, 57.0682842], [65.7460818, 57.06849029999999], [65.7459888, 57.068723199999994], [65.7449864, 57.06963009999999], [65.74470669999998, 57.069949], [65.7447121, 57.0702562], [65.74502899999999, 57.070642], [65.745883, 57.07072999999999], [65.746396, 57.070557], [65.74690999999999, 57.070192], [65.74688, 57.06980899999999], [65.747033, 57.06942200000001], [65.747493, 57.068991], [65.74835999999999, 57.068523], [65.748969, 57.068332], [65.74967699999999, 57.06835800000001], [65.74999, 57.068490999999995], [65.749925, 57.068822], [65.74953699999999, 57.069379], [65.749535, 57.069762], [65.749822, 57.069867], [65.750821, 57.069675999999994], [65.751873, 57.06913899999999], [65.752898, 57.068923], [65.754625, 57.068866], [65.75668999999999, 57.069233000000004], [65.758345, 57.06927600000001], [65.76027899999998, 57.069748], [65.762257, 57.070431], [65.763022, 57.07085], [65.76356, 57.071704999999994], [65.763333, 57.072227], [65.763013, 57.072261000000005], [65.76224599999999, 57.072154999999995], [65.7618, 57.07198], [65.761833, 57.071736], [65.76170699999999, 57.071423], [65.76135799999999, 57.07096899999999], [65.760987, 57.071054000000004], [65.760621, 57.07126399999999], [65.760425, 57.07201200000001], [65.761407, 57.07337299999999], [65.76281, 57.073915], [65.764473, 57.07393599999999], [65.76600999999998, 57.073834], [65.766947, 57.073849], [65.767889, 57.073784], [65.768282, 57.07360499999999], [65.76946499999998, 57.073579], [65.771065, 57.073443], [65.77212, 57.073497], [65.777236, 57.072953999999996], [65.784474, 57.071968], [65.787065, 57.07126399999999], [65.79107, 57.069626], [65.794874, 57.07176899999999], [65.795765, 57.072925999999995], [65.79584969999999, 57.0747906], [65.795867, 57.075171000000005], [65.795536, 57.076149], [65.794467, 57.07743299999999], [65.79377599999998, 57.077752], [65.791897, 57.078137000000005], [65.791194, 57.078702], [65.78796699999998, 57.07958299999999], [65.7864813, 57.081019000000005], [65.78443, 57.083465000000004], [65.782628, 57.096869999999996], [65.782225, 57.09973200000001], [65.782297, 57.10297], [65.781789, 57.104084], [65.779886, 57.104849], [65.77869199999999, 57.106222], [65.777337, 57.108521], [65.775582, 57.109512], [65.772866, 57.110681], [65.769321, 57.111368], [65.764212, 57.111247], [65.756821, 57.11132799999999], [65.755073, 57.111217], [65.752856, 57.111534], [65.75159799999999, 57.111662], [65.749884, 57.112085], [65.748662, 57.112675], [65.7478985, 57.11413519999999], [65.7479062, 57.11522029999998], [65.7484114, 57.116290400000004], [65.74930739999999, 57.11749360000001], [65.75058569999999, 57.1189098], [65.75222309999998, 57.12043559999999], [65.75315380000002, 57.121984600000005], [65.75347849999999, 57.1230932], [65.753272, 57.126261], [65.753099, 57.127286], [65.753292, 57.128241], [65.753224, 57.129179], [65.752733, 57.13029499999999], [65.751069, 57.131108999999995], [65.75073, 57.131896], [65.750043, 57.132759], [65.747475, 57.135095], [65.746285, 57.13594799999999], [65.745647, 57.136974], [65.74515899999999, 57.1379093], [65.7444821, 57.13890060000001], [65.74356919999998, 57.140245099999994], [65.74255799999999, 57.1416577], [65.741003, 57.1433241], [65.7402672, 57.1438162], [65.73900459999999, 57.14431040000001], [65.7374578, 57.144678199999994], [65.7360378, 57.144843400000006], [65.734033, 57.144893999999994], [65.732224, 57.14469799999999], [65.730418, 57.144354], [65.72850699999998, 57.143909], [65.726896, 57.143243999999996], [65.7263826, 57.14286250000001], [65.7255448, 57.1420071], [65.724698, 57.14117799999999], [65.723362, 57.140352], [65.721664, 57.139844], [65.719608, 57.139466999999996], [65.717969, 57.139559999999996], [65.71622999999998, 57.140221999999994], [65.714916, 57.14080200000001], [65.714323, 57.14180100000001], [65.714584, 57.142648], [65.714767, 57.14362200000001], [65.715233, 57.144586], [65.715256, 57.145321], [65.71592, 57.146408], [65.716189, 57.147234999999995], [65.71671699999999, 57.14801099999999], [65.716942, 57.148739], [65.717456, 57.149705], [65.718091, 57.151376000000006], [65.718312, 57.153248000000005], [65.718333, 57.15430199999999], [65.71818599999999, 57.154987], [65.7178795, 57.1558673], [65.717089, 57.156756], [65.716149, 57.157412], [65.714646, 57.15814399999999], [65.712795, 57.15849399999999], [65.711383, 57.158626999999996], [65.709241, 57.15859499999999], [65.704599, 57.158681], [65.703444, 57.158323], [65.701911, 57.158167], [65.70031499999999, 57.158072], [65.69832699999999, 57.158608], [65.696833, 57.15928199999999], [65.69304399999999, 57.16081], [65.69130299999999, 57.161277000000005], [65.68846399999998, 57.162252], [65.687506, 57.162802000000006], [65.68459599999998, 57.163599], [65.68080700000002, 57.16393099999999], [65.679084, 57.165122999999994], [65.673495, 57.17016], [65.67361, 57.171736], [65.72533519999999, 57.1672681], [65.776506, 57.162888999999986], [65.8120486, 57.15971089999999], [65.8122918, 57.160317799999994], [65.810641, 57.165910999999994], [65.8026351, 57.166072799999995], [65.80376439999999, 57.1690815], [65.80415, 57.16924599999999], [65.804618, 57.16947999999999], [65.80473399999998, 57.169785], [65.803924, 57.171376], [65.804526, 57.173518], [65.805556, 57.174372999999996], [65.80806419999999, 57.1742733], [65.8074619, 57.176297299999995], [65.8073874, 57.17665040000001], [65.8073767, 57.17698070000001], [65.8074566, 57.17728129999999], [65.8076292, 57.177589899999994], [65.807862, 57.17784760000001], [65.8099114, 57.179570899999995], [65.8099194, 57.1797942], [65.8101645, 57.1799259], [65.8105452, 57.1799152], [65.8128104, 57.181005799999994], [65.8135761, 57.181233199999994], [65.81444059999998, 57.18138619999999], [65.815082, 57.182990999999994], [65.81414599999998, 57.182981], [65.811055, 57.183196], [65.810619, 57.1832981], [65.81009389999998, 57.18361209999999], [65.809076, 57.184380000000004], [65.808478, 57.185244000000004], [65.8080456, 57.18709650000001], [65.807725, 57.18847], [65.807759, 57.189517], [65.808845, 57.189761000000004], [65.808508, 57.191283], [65.80852500000002, 57.19325799999999], [65.80825699999998, 57.196000000000005], [65.808908, 57.19689600000001], [65.810214, 57.19748499999999], [65.81129, 57.19838300000001], [65.811849, 57.198731], [65.8122431, 57.1992526], [65.81894159999999, 57.2033286], [65.8247566, 57.20272419999999], [65.82969190000001, 57.2079309], [65.8277821, 57.2121492], [65.82437039999999, 57.2175405], [65.8324599, 57.21708739999999], [65.84121459999999, 57.2164483], [65.8531236, 57.220293899999994], [65.8303785, 57.2208864], [65.8070326, 57.2221294], [65.80668919999998, 57.2299816], [65.8063888, 57.2362528], [65.8061313, 57.2407813], [65.8025694, 57.24852500000001], [65.7912397, 57.25232079999999], [65.7822275, 57.2558028], [65.770812, 57.256069800000006], [65.76838730000001, 57.2602129], [65.7716059, 57.261907199999996], [65.8089423, 57.2608628], [65.8115387, 57.2678713], [65.8024406, 57.2685791], [65.80370659999998, 57.267279599999995], [65.8030844, 57.2673144], [65.8025694, 57.26726800000001], [65.80162519999999, 57.26726800000001], [65.800724, 57.2675001], [65.79956529999998, 57.2677553], [65.7987714, 57.2679177], [65.79819199999999, 57.2676857], [65.7970762, 57.26762769999999], [65.79535959999998, 57.2676973], [65.7939863, 57.26783650000001], [65.7928276, 57.2680222], [65.7919264, 57.2690896], [65.7911324, 57.269170800000005], [65.7901883, 57.2692984], [65.78988789999998, 57.2696001], [65.7904887, 57.2700525], [65.7909393, 57.2703542], [65.790832, 57.270563], [65.7907676, 57.2710271], [65.7910037, 57.2711779], [65.7920122, 57.2712939], [65.7925916, 57.2716187], [65.7921839, 57.27247719999999], [65.782957, 57.28161769999999], [65.77849389999999, 57.28668570000001], [65.7718849, 57.2886338], [65.7721209, 57.289039700000004], [65.7670784, 57.29191529999999], [65.7701683, 57.2973413], [65.7657096, 57.3059241]]]]}}, {"type": "Feature", "properties": {"id": "mo-71656000", "name": "Ялуторовский муниципальный район", "region": "Тюменская область", "isCity": false, "sourceOktmo": "71-656-000-000", "sourceAgg": "Тюмень", "excelNames": ["Ялуторовский муниципальный район"], "oktmo": "71656000", "vgp": [{"year": 2019, "value": 3663939.5954796346}, {"year": 2020, "value": 3723665.792410713}, {"year": 2021, "value": 4548214.591024367}, {"year": 2022, "value": 5021429.574262443}, {"year": 2023, "value": 5469760.5893861465}, {"year": 2024, "value": 6653396.769169586}], "population": [{"year": 2019, "value": 14116.0}, {"year": 2020, "value": 14068.0}, {"year": 2021, "value": 14050.0}, {"year": 2022, "value": 15933.0}, {"year": 2023, "value": 15967.0}, {"year": 2024, "value": 15981.0}, {"year": 2025, "value": 15949.0}], "shipments": [{"year": 2019, "value": 773162.2}, {"year": 2020, "value": 737366.7}, {"year": 2021, "value": 697316.1}, {"year": 2022, "value": 818341.2}, {"year": 2023, "value": 976180.0}, {"year": 2024, "value": 964168.1}], "employees": [{"year": 2019, "value": 1576.0}, {"year": 2020, "value": 1566.0}, {"year": 2021, "value": 1525.0}, {"year": 2022, "value": 1433.0}, {"year": 2023, "value": 1417.0}, {"year": 2024, "value": 1445.0}], "investments": [{"year": 2019, "value": 586460.0}, {"year": 2020, "value": 509206.0}, {"year": 2021, "value": 322525.0}, {"year": 2022, "value": 617965.0}, {"year": 2023, "value": 1100430.0}, {"year": 2024, "value": 410181.0}], "vgp2024": 6653396.769169586, "pop2024": 15981.0, "ship2024": 964168.1, "emp2024": 1445.0, "inv2024": 410181.0}, "geometry": {"type": "MultiPolygon", "coordinates": [[[[66.15786919999998, 56.51439709999999], [66.1574515, 56.51399969999999], [66.15733619999999, 56.5136898], [66.15748030000002, 56.5134355], [66.157898, 56.513300400000006], [66.15892069999998, 56.5132686], [66.1596841, 56.5134355], [66.1603467, 56.5137136], [66.1613694, 56.51419839999999], [66.16234889999998, 56.514413], [66.16306909999999, 56.51432559999999], [66.1639478, 56.51396], [66.1645239, 56.5133639], [66.1643943, 56.512720200000004], [66.1642214, 56.5123943], [66.1634724, 56.512004899999994], [66.16237769999998, 56.5117585], [66.1610093, 56.51142469999999], [66.1605195, 56.5112976], [66.15951129999999, 56.5107015], [66.1586326, 56.5099861], [66.1578116, 56.50950919999999], [66.157293, 56.5094854], [66.15658719999999, 56.5097], [66.1554349, 56.5101769], [66.1549163, 56.5101372], [66.1547579, 56.5082455], [66.154369, 56.507546], [66.15396559999999, 56.5069101], [66.15338949999999, 56.506329799999996], [66.1533318, 56.5060675], [66.1538072, 56.5059562], [66.1552044, 56.50605960000001], [66.15578059999999, 56.5058211], [66.1561983, 56.5053918], [66.1567024, 56.5039928], [66.1567745, 56.50264929999999], [66.1561983, 56.50214050000001], [66.15474349999998, 56.50217229999999], [66.15328859999998, 56.5026732], [66.1518482, 56.5036033], [66.1511856, 56.504668499999994], [66.1511424, 56.505034099999996], [66.15081110000001, 56.505988], [66.15059499999998, 56.50632189999999], [66.14981719999999, 56.50659209999999], [66.1481751, 56.5065683], [66.1468644, 56.5064491], [66.1465619, 56.506250299999984], [66.1463746, 56.505876699999995], [66.1462738, 56.505280600000006], [66.14617299999999, 56.504851300000006], [66.145784, 56.50440609999999], [66.1452655, 56.5039451], [66.1452943, 56.5036748], [66.1460721, 56.5036033], [66.14672029999998, 56.5033489], [66.1470804, 56.50293549999999], [66.1471524, 56.502379], [66.14692199999999, 56.50206099999999], [66.146461, 56.5018066], [66.1447613, 56.50144089999999], [66.14408429999999, 56.501146799999994], [66.14337849999998, 56.50070949999999], [66.1428744, 56.5003836], [66.14212540000001, 56.5003597], [66.14170759999999, 56.5005028], [66.1404257, 56.5011786], [66.1389276, 56.5014807], [66.137444, 56.5014091], [66.13755919999998, 56.50074129999999], [66.13835149999998, 56.5002087], [66.1401808, 56.4992229], [66.1397487, 56.4984835], [66.1387404, 56.4980541], [66.138726, 56.4972909], [66.1377897, 56.496670699999996], [66.1366518, 56.4964401], [66.1353122, 56.496710400000005], [66.1347648, 56.497243199999986], [66.1363061, 56.4983483], [66.1356435, 56.498857099999995], [66.1345488, 56.498968399999995], [66.13338199999998, 56.49891280000001], [66.1322153, 56.498642499999995], [66.1315383, 56.4982449], [66.1309333, 56.4976089], [66.1309189, 56.496464], [66.13022749999999, 56.496448099999995], [66.12847019999998, 56.4967582], [66.1270298, 56.4972988], [66.1259062, 56.49762479999999], [66.12375999999999, 56.4981654], [66.1217866, 56.498228999999995], [66.1208792, 56.49808589999999], [66.1217146, 56.49744189999999], [66.12291019999999, 56.4970921], [66.12511399999998, 56.4970603], [66.12586299999998, 56.4967184], [66.12619429999998, 56.49593920000001], [66.1259062, 56.495517799999995], [66.1244039, 56.4956969], [66.12271589999999, 56.4943924], [66.1215062, 56.4942527], [66.1205215, 56.4944546], [66.1189179, 56.4937868], [66.1143604, 56.49360039999999], [66.11185649999999, 56.49370909999999], [66.1086493, 56.493895499999994], [66.1063142, 56.493957599999995], [66.1052452, 56.4942527], [66.10327589999999, 56.4941129], [66.10158789999998, 56.4948428], [66.0992528, 56.493383], [66.0988589, 56.49257539999999], [66.0984651, 56.4917056], [66.0960175, 56.48909630000001], [66.0917131, 56.489034200000006], [66.0897438, 56.4867975], [66.1047898, 56.4840538], [66.0997317, 56.4789084], [66.0289738, 56.47847279999999], [66.0273088, 56.47379149999999], [66.0204219, 56.467311999999986], [66.0155631, 56.46539719999999], [66.0123543, 56.45954349999999], [66.00969029999999, 56.4600452], [66.004544, 56.4636579], [65.9958256, 56.4604467], [65.99298, 56.46268789999999], [65.9907399, 56.46767150000001], [65.9917691, 56.46974509999999], [65.9896501, 56.4709825], [65.9874705, 56.4727883], [65.9884997, 56.475229399999996], [66.0132019, 56.4738584], [66.01683460000001, 56.4779378], [66.0171335, 56.4805688], [65.98307719999998, 56.4826061], [65.980996, 56.478897], [65.979577, 56.473829099999996], [65.9637786, 56.48427769999999], [65.9610661, 56.4878025], [65.96111639999998, 56.4883529], [65.9605408, 56.4885395], [65.9594147, 56.48853249999999], [65.959252, 56.48892630000001], [65.9596524, 56.4893753], [65.9675502, 56.4935821], [65.96748889999999, 56.4940002], [65.9668082, 56.49414600000001], [65.9649423, 56.49429630000001], [65.96423759999999, 56.49461459999999], [65.9647902, 56.4950611], [65.9666, 56.49517599999999], [65.9684659, 56.4951495], [65.9709471, 56.4960304], [65.97413489999998, 56.49628210000001], [65.97504839999999, 56.4960887], [65.9750233, 56.49527369999999], [65.97503579999999, 56.49475569999999], [65.9760994, 56.494534699999996], [65.97858939999999, 56.4949491], [65.97951529999999, 56.49483860000001], [65.9803787, 56.4948455], [65.98071649999999, 56.4951494], [65.9802911, 56.4953635], [65.9794027, 56.495536200000004], [65.9783892, 56.495536200000004], [65.97806389999998, 56.4959989], [65.97791369999999, 56.4971109], [65.9784267, 56.49753909999999], [65.97881459999999, 56.497767100000004], [65.9800033, 56.4985682], [65.9812296, 56.4984784], [65.9844328, 56.49723529999999], [65.9861094, 56.49715239999999], [65.9878737, 56.49713860000001], [65.98772359999998, 56.4980157], [65.9882991, 56.4983265], [65.98960049999998, 56.49858199999999], [65.9913022, 56.4987961], [65.9930164, 56.4991691], [65.99351809999999, 56.4996128], [65.9938172, 56.4999564], [65.9930915, 56.500129], [65.9920404, 56.4999149], [65.99102689999998, 56.49953509999999], [65.98980069999999, 56.499196700000006], [65.98938769999998, 56.49976989999999], [65.9881787, 56.5017765], [65.98640539999998, 56.505165899999994], [65.9857993, 56.507561100000004], [65.9834532, 56.5098266], [65.98376139999999, 56.5146211], [65.9827207, 56.5229634], [65.9797306, 56.5401383], [65.9567383, 56.5602118], [65.9515506, 56.56671200000001], [65.94679329999998, 56.5734175], [65.93095119999998, 56.58573299999999], [65.9228392, 56.5948388], [65.9186768, 56.6012445], [65.9135683, 56.605983], [65.9138521, 56.6132717], [65.9117709, 56.618945599999996], [65.9142187, 56.62247180000001], [65.9115581, 56.625074000000005], [65.8973679, 56.62637500000001], [65.8908641, 56.6280012], [65.87490020000001, 56.6271881], [65.8548743, 56.635633999999996], [65.8330689, 56.644828299999986], [65.83277319999999, 56.6666029], [65.8169571, 56.666196799999994], [65.81621810000001, 56.6727755], [65.8104533, 56.68235729999999], [65.80867959999999, 56.6907191], [65.7955828, 56.72279819999999], [65.7854427, 56.74761639999999], [65.7801891, 56.76378859999999], [65.8268939, 56.7741589], [65.8672013, 56.783304199999996], [65.84904109999998, 56.8122854], [65.83293429999999, 56.81387599999999], [65.82548189999999, 56.8140627], [65.8239373, 56.81597529999999], [65.8243552, 56.818059100000006], [65.824479, 56.82025289999999], [65.82480349999999, 56.8278786], [65.8257545, 56.8313415], [65.8258524, 56.8341837], [65.8277417, 56.85032399999999], [65.84568250000001, 56.846449699999994], [65.8537884, 56.845116600000004], [65.86455429999998, 56.8431506], [65.87578659999998, 56.856470400000006], [65.88761, 56.85104439999999], [65.8935948, 56.8478103], [65.89667779999999, 56.8488395], [65.9006362, 56.85327159999999], [65.9234676, 56.8555704], [65.93490579999998, 56.8570512], [65.94189189999999, 56.847682899999995], [65.9586319, 56.84441830000001], [65.9635331, 56.8453617], [65.9803414, 56.8486961], [66.0205754, 56.83034], [66.0738252, 56.8228294], [66.0894897, 56.823993599999994], [66.09742409999998, 56.833197], [66.10683349999998, 56.8278413], [66.1165851, 56.8347473], [66.1370754, 56.83649729999999], [66.1441608, 56.83644439999999], [66.1942148, 56.83982999999999], [66.2061847, 56.848957399999996], [66.2206077, 56.85852229999999], [66.2398426, 56.85635649999999], [66.24747259999998, 56.873805899999994], [66.24709619999999, 56.8756679], [66.239222, 56.8766116], [66.2435441, 56.8856464], [66.2479663, 56.897742199999996], [66.25090589999999, 56.8970743], [66.2572428, 56.90083460000001], [66.2654889, 56.908097], [66.2940891, 56.931522], [66.2309434, 56.9243525], [66.21650659999999, 56.92342870000001], [66.1670717, 56.9181598], [66.1577304, 56.9057744], [66.1501076, 56.8942072], [66.1487704, 56.893087300000005], [66.1314788, 56.90632500000001], [66.1222996, 56.9133559], [66.1164621, 56.9277632], [66.1383206, 56.940660900000005], [66.1407316, 56.9417986], [66.1474482, 56.945607399999986], [66.1600676, 56.9528913], [66.15167349999999, 56.980948399999996], [66.15759729999999, 56.99093920000001], [66.1660617, 56.99106209999999], [66.1702363, 56.9982129], [66.1850524, 56.996903599999996], [66.1879706, 56.9975698], [66.1910098, 56.997735199999994], [66.1964249, 56.9984931], [66.19820269999998, 56.999229899999996], [66.22102829999999, 56.99296520000001], [66.22380439999999, 56.9992671], [66.22738829999999, 57.0067199], [66.23702139999999, 57.0209764], [66.23825239999998, 57.0236775], [66.2453777, 57.03104679999999], [66.2466794, 57.0325729], [66.2505861, 57.03550359999999], [66.2624512, 57.046625999999996], [66.2866576, 57.0501643], [66.2881055, 57.054218199999994], [66.2882869, 57.0584264], [66.2910376, 57.0704238], [66.3184992, 57.093888699999994], [66.3244387, 57.0932878], [66.33012789999998, 57.096124700000004], [66.373404, 57.1037349], [66.3753901, 57.1040264], [66.37744199999999, 57.1035086], [66.38133399999998, 57.1035571], [66.3860887, 57.1044931], [66.3873611, 57.10504670000001], [66.38814889999999, 57.10554], [66.38863549999999, 57.10608239999999], [66.3895641, 57.1073516], [66.3906224, 57.1132815], [66.3902661, 57.11796919999999], [66.40509999999999, 57.11898899999999], [66.4099288, 57.118559700000006], [66.41414799999998, 57.1184901], [66.4190292, 57.11835829999999], [66.4194345, 57.1181724], [66.4197618, 57.118064600000004], [66.42016949999999, 57.11794810000001], [66.42066299999999, 57.1179015], [66.42119939999999, 57.117907300000006], [66.4216018, 57.1178899], [66.4227283, 57.1174821], [66.4238763, 57.116119100000006], [66.4244342, 57.11544339999999], [66.42500279999999, 57.11523950000001], [66.425153, 57.1146686], [66.42553919999999, 57.1146686], [66.42611859999998, 57.1142259], [66.4262581, 57.1137191], [66.42709279999998, 57.1133372], [66.4274812, 57.113124899999995], [66.4278781, 57.111703399999996], [66.42838239999999, 57.1110567], [66.4291119, 57.1105732], [66.4294123, 57.1096177], [66.431365, 57.105883], [66.43313509999999, 57.104210699999996], [66.4417689, 57.0997211], [66.446187, 57.10016279999999], [66.4504223, 57.10218019999999], [66.4638948, 57.099846], [66.4656973, 57.100090800000004], [66.46664139999999, 57.099741099999996], [66.46728509999998, 57.09903010000001], [66.4682293, 57.0986105], [66.4691949, 57.0986222], [66.47009549999999, 57.098325300000006], [66.47080419999999, 57.09741], [66.4718127, 57.095428399999996], [66.4730787, 57.094694], [66.475105, 57.09418389999999], [66.52888109999999, 57.090817900000005], [66.5301509, 57.09717630000001], [66.53179879999999, 57.1030435], [66.5722397, 57.10506169999999], [66.59444319999999, 57.114837200000004], [66.60150289999999, 57.1147033], [66.6611621, 57.1135721], [66.6938183, 57.1328761], [66.70278159999998, 57.1310689], [66.7501128, 57.125174699999995], [66.7584895, 57.1241981], [66.750591, 57.1184098], [66.7483981, 57.1167736], [66.7209638, 57.10705720000001], [66.7132283, 57.084108099999995], [66.7291218, 57.0750667], [66.7318147, 57.074519900000006], [66.7370149, 57.074755399999994], [66.7446392, 57.076643299999986], [66.74843099999998, 57.077106], [66.75094819999998, 57.0767197], [66.75171979999999, 57.0766013], [66.7579093, 57.076779099999996], [66.7634422, 57.077494099999996], [66.7697489, 57.07758870000001], [66.7691685, 57.0809532], [66.7714049, 57.0837636], [66.7733008, 57.08461509999999], [66.7758158, 57.08489899999999], [66.7839728, 57.0836223], [66.7861734, 57.08320179999999], [66.78815639999999, 57.0825841], [66.7926784, 57.080021499999994], [66.7945405, 57.07971920000001], [66.79778089999999, 57.080718], [66.79761159999998, 57.08267609999999], [66.7961123, 57.08473920000001], [66.79599139999999, 57.0886418], [66.79857889999998, 57.090376099999986], [66.80148080000001, 57.0904944], [66.8045277, 57.08957470000001], [66.80622049999998, 57.08881259999999], [66.80830019999999, 57.0894564], [66.8095335, 57.09046810000001], [66.8064381, 57.0936606], [66.8028592, 57.0948824], [66.79495159999999, 57.096248599999996], [66.7935732, 57.09715500000001], [66.79391169999998, 57.0987182], [66.79671689999999, 57.1000055], [66.80087619999999, 57.1001105], [66.80593029999999, 57.100793599999996], [66.8110086, 57.1010563], [66.8163045, 57.10087239999999], [66.81869849999998, 57.09971649999999], [66.8199577, 57.0982933], [66.82223079999999, 57.096625], [66.8244798, 57.09536390000001], [66.8275026, 57.09401080000001], [66.8316619, 57.0929335], [66.8358696, 57.0934065], [66.8379009, 57.095088], [66.8384571, 57.0968352], [66.8371996, 57.09965939999999], [66.8493633, 57.1009335], [66.85265359999998, 57.0927717], [66.8669885, 57.0585802], [66.892102, 57.04333960000001], [66.9191138, 57.0453467], [66.92410890000001, 57.0466058], [66.9260192, 57.047750199999996], [66.92792959999998, 57.049012999999995], [66.9294773, 57.0490393], [66.9303479, 57.04786860000001], [66.9310008, 57.046592700000005], [66.9319681, 57.04622440000001], [66.9407925, 57.047668800000004], [66.95317230000002, 57.0369442], [66.9735782, 57.046965099999994], [66.97598899999998, 57.0379992], [66.98303779999999, 57.02931540000001], [66.97763169999999, 57.02225099999999], [66.9841903, 56.999855], [66.97339889999999, 56.9970784], [66.95526629999999, 56.9924754], [66.95509099999998, 56.9950494], [66.938582, 56.9936372], [66.9250744, 56.994220500000004], [66.9200963, 56.993417], [66.9181719, 56.9929274], [66.9169734, 56.9941452], [66.9161207, 56.9946662], [66.9149569, 56.9946662], [66.9138737, 56.994000799999995], [66.9131477, 56.9938062], [66.91261759999999, 56.9937999], [66.9117418, 56.9941452], [66.91090059999999, 56.994798], [66.91007090000001, 56.993975699999986], [66.9089186, 56.9940824], [66.9077317, 56.994101199999996], [66.9072592, 56.9937372], [66.9072477, 56.9933543], [66.90837699999999, 56.992801899999996], [66.9084116, 56.99143339999999], [66.907893, 56.990880999999995], [66.90697119999999, 56.9902783], [66.90551969999999, 56.98817820000001], [66.90386039999999, 56.9871386], [66.9099433, 56.9804343], [66.9121466, 56.9824085], [66.92840249999999, 56.980768600000005], [66.9271061, 56.977408999999994], [66.9826667, 56.9854501], [66.9983023, 56.9914133], [67.0294295, 56.9660974], [66.9984348, 56.95952259999999], [66.94296989999998, 56.96169079999999], [66.9403411, 56.9665202], [66.9322748, 56.9658037], [66.92293449999998, 56.972291299999995], [66.8978906, 56.9634636], [66.8797428, 56.968710099999996], [66.8879618, 56.9221461], [66.8876541, 56.90412979999999], [66.883752, 56.78878889999999], [66.8813782, 56.78829029999999], [66.8794538, 56.7882461], [66.8794308, 56.7876718], [66.8800991, 56.78709739999999], [66.87906199999999, 56.7870595], [66.8780825, 56.7873751], [66.8773335, 56.7871416], [66.87756399999999, 56.7866492], [66.87756399999999, 56.7853931], [66.8785665, 56.7852227], [66.87877389999998, 56.78454099999999], [66.8798341, 56.783935], [66.87985709999998, 56.783493099999994], [66.880272, 56.78247040000001], [66.88096339999998, 56.78175079999999], [66.8811593, 56.78071550000001], [66.880756, 56.7804566], [66.87721829999998, 56.78003369999999], [66.8737958, 56.77881519999999], [66.8736576, 56.7781397], [66.8746716, 56.7777987], [66.8746831, 56.77718629999998], [66.87565109999998, 56.77657389999999], [66.87708, 56.77656759999999], [66.878071, 56.77622029999999], [66.87736809999998, 56.7756837], [66.87676889999999, 56.774818599999996], [66.8766652, 56.774471399999996], [66.8780134, 56.77446509999999], [66.87984559999998, 56.7736821], [66.87979949999999, 56.7732843], [66.88148189999998, 56.77282339999999], [66.8809403, 56.77147209999999], [66.8809013, 56.76840649999998], [66.8775307, 56.7663067], [66.86429949999999, 56.75356699999998], [66.7248228, 56.772096700000006], [66.7064508, 56.764810499999996], [66.6875568, 56.71918719999999], [66.65560799999999, 56.72295], [66.6396438, 56.72538589999999], [66.6320591, 56.72606509999999], [66.618642, 56.71426759999999], [66.60623819999999, 56.706349200000005], [66.5913478, 56.7034335], [66.5846535, 56.706268200000004], [66.56747660000002, 56.7074701], [66.5927164, 56.653645100000006], [66.57650969999999, 56.61316959999999], [66.55068579999998, 56.60685410000001], [66.5032963, 56.59696689999999], [66.4423498, 56.60244869999999], [66.4218463, 56.6122964], [66.4212386, 56.6048149], [66.41273109999999, 56.60426979999999], [66.4035709, 56.597505299999995], [66.40260309999998, 56.594011099999996], [66.3910123, 56.5936022], [66.3848229, 56.58935170000001], [66.38914419999999, 56.582993599999995], [66.369766, 56.5827952], [66.364385, 56.5887606], [66.3592427, 56.5875549], [66.3567508, 56.586492], [66.35376909999998, 56.5864127], [66.3501969, 56.58665859999999], [66.3488573, 56.58699969999999], [66.3477049, 56.5878643], [66.3475753, 56.5886812], [66.349419, 56.5885543], [66.3504849, 56.589062], [66.3477193, 56.5907355], [66.3471864, 56.5920124], [66.34721519999998, 56.5925199], [66.3461925, 56.5932496], [66.34522740000001, 56.5930117], [66.3447665, 56.59205200000001], [66.34449280000001, 56.59090199999999], [66.3437582, 56.589982000000006], [66.3414391, 56.590561], [66.3403732, 56.591322399999996], [66.3380109, 56.591314399999995], [66.3374347, 56.59221860000001], [66.3288687, 56.59099979999999], [66.3133997, 56.5888453], [66.3063056, 56.5869417], [66.3001298, 56.5852859], [66.2963487, 56.58408609999999], [66.29690689999998, 56.583481199999994], [66.2964388, 56.58243999999999], [66.2950344, 56.5811608], [66.2951604, 56.58032779999999], [66.2960246, 56.5795246], [66.297375, 56.5787411], [66.29852740000001, 56.578294799999995], [66.30410899999998, 56.577491499999994], [66.3052793, 56.5772238], [66.3061616, 56.5766386], [66.30657569999998, 56.5761725], [66.3068818, 56.5748931], [66.3072059, 56.5742583], [66.3080882, 56.5730284], [66.3113831, 56.5712529], [66.31399389999999, 56.570013], [66.31581240000001, 56.56891199999999], [66.3188733, 56.56634269999999], [66.31982759999998, 56.56630299999999], [66.32088989999998, 56.566551], [66.3222223, 56.56806879999999], [66.3223843, 56.5688624], [66.3226364, 56.5695567], [66.3235187, 56.5706776], [66.3241309, 56.5709455], [66.32555329999998, 56.571272799999996], [66.3269757, 56.571054600000004], [66.3311124, 56.56987459999999], [66.3348935, 56.5694977], [66.33694609999999, 56.568803300000006], [66.3375943, 56.5679204], [66.336604, 56.56687879999999], [66.3345874, 56.566015799999995], [66.333255, 56.56562889999999], [66.3316706, 56.5653709], [66.3308963, 56.5654503], [66.3303742, 56.56556930000001], [66.3294019, 56.565956199999995], [66.3281595, 56.56621419999999], [66.32682709999999, 56.566363], [66.32599889999999, 56.566184400000004], [66.3253147, 56.5655495], [66.3277094, 56.5634364], [66.3275294, 56.56128339999999], [66.3272593, 56.5606484], [66.3272413, 56.55812819999999], [66.32682709999999, 56.5570863], [66.3258189, 56.5564711], [66.3242704, 56.55583599999999], [66.3236582, 56.5558261], [66.31687919999999, 56.554638999999995], [66.3166823, 56.55389470000001], [66.3173575, 56.553321], [66.3185954, 56.5530419], [66.3194394, 56.5528093], [66.322112, 56.5529334], [66.32647269999998, 56.5521736], [66.3295955, 56.55204950000001], [66.3205084, 56.5481417], [66.3167948, 56.5463117], [66.3137846, 56.54414040000001], [66.2654798, 56.5429772], [66.2600783, 56.540464400000005], [66.24890399999998, 56.5362973], [66.2047405, 56.52389279999999], [66.19932449999999, 56.5223832], [66.1914886, 56.5201186], [66.19203599999999, 56.5207543], [66.1926121, 56.5211675], [66.1946287, 56.52175549999999], [66.1954498, 56.522351400000005], [66.1957378, 56.5227725], [66.1957523, 56.52330490000001], [66.19519049999998, 56.5235829], [66.1944559, 56.5236544], [66.1899041, 56.5235909], [66.1877291, 56.523368399999995], [66.1868937, 56.523368399999995], [66.1866056, 56.5236227], [66.1867064, 56.524155], [66.1867064, 56.52485419999999], [66.1858133, 56.5251084], [66.1850499, 56.5245523], [66.1842001, 56.524107300000004], [66.1833358, 56.523718], [66.1829757, 56.523598799999995], [66.1824716, 56.52367830000001], [66.1822123, 56.5241153], [66.1813913, 56.52464760000001], [66.179778, 56.524949500000005], [66.1786256, 56.5250925], [66.17686829999998, 56.5251084], [66.1750246, 56.5250925], [66.17296479999999, 56.52490980000001], [66.1715532, 56.52460789999999], [66.1710346, 56.52440920000001], [66.17068889999999, 56.5240835], [66.1708618, 56.52375769999999], [66.1720573, 56.523138], [66.17276309999998, 56.52255], [66.1728496, 56.5218111], [66.1726335, 56.52142179999999], [66.172403, 56.5210801], [66.1718413, 56.52095299999999], [66.1712507, 56.52089730000001], [66.170833, 56.5205875], [66.1704873, 56.519633899999995], [66.170228, 56.519038], [66.1694214, 56.5183705], [66.16913329999998, 56.5179175], [66.1690036, 56.51705139999999], [66.1688596, 56.5165587], [66.1687732, 56.5163441], [66.1683987, 56.5160501], [66.1678945, 56.5158991], [66.16731829999999, 56.516224900000005], [66.1672895, 56.5168368], [66.1670879, 56.5173851], [66.1665549, 56.51771089999999], [66.16546019999998, 56.51759169999998], [66.16285299999998, 56.5165666], [66.160001, 56.51537460000001], [66.15786919999998, 56.51439709999999]], [[66.2486212, 56.631833], [66.2533616, 56.62973670000001], [66.26012939999998, 56.6272302], [66.2602339, 56.62719620000001], [66.2610835, 56.6269197], [66.2631929, 56.62624000000001], [66.2840914, 56.61950519999999], [66.2868051, 56.623493399999994], [66.3027614, 56.620616], [66.3015955, 56.619808], [66.299199, 56.6181535], [66.2978071, 56.6171738], [66.2962492, 56.616116600000005], [66.2956234, 56.61566859999999], [66.3199133, 56.60787289999998], [66.3239523, 56.61046189999999], [66.33643549999998, 56.6187398], [66.3296375, 56.62259319999999], [66.3292008, 56.6227956], [66.3304696, 56.62400509999999], [66.3319118, 56.6256741], [66.3464832, 56.625227300000006], [66.3467545, 56.6253571], [66.3467891, 56.6255024], [66.34710819999998, 56.62573699999999], [66.3473756, 56.6269789], [66.347161, 56.6270302], [66.3473146, 56.6277678], [66.34785639999998, 56.6289019], [66.3481234, 56.62939879999999], [66.34845699999998, 56.62973120000001], [66.3489636, 56.6300399], [66.35021, 56.63061339999999], [66.35109539999999, 56.6312675], [66.35182829999998, 56.631973599999995], [66.3521724, 56.63249], [66.3522898, 56.6327497], [66.3523268, 56.6333924], [66.3525111, 56.6337326], [66.3526223, 56.63402310000001], [66.3526163, 56.63419639999999], [66.3523047, 56.63447500000001], [66.35240689999999, 56.6346157], [66.35304459999999, 56.63489879999999], [66.35345649999998, 56.63504660000001], [66.3535674, 56.6351585], [66.3536496, 56.635364800000005], [66.3538848, 56.6354607], [66.3540264, 56.63558059999999], [66.35403419999999, 56.63585380000001], [66.3541596, 56.636242499999994], [66.35419769999999, 56.636598299999996], [66.35394919999999, 56.6367348], [66.3539262, 56.6369668], [66.3541361, 56.637139399999995], [66.35480249999999, 56.6374266], [66.3552772, 56.637580299999996], [66.3564294, 56.637564899999994], [66.35741389999998, 56.6375115], [66.3587003, 56.637671299999994], [66.3593896, 56.637607399999986], [66.36011099999999, 56.637691499999995], [66.3609304, 56.637465000000006], [66.3616378, 56.6375735], [66.36175709999999, 56.6377223], [66.3614032, 56.63804830000001], [66.3610919, 56.6386182], [66.3612746, 56.6390406], [66.3619425, 56.6394577], [66.3625315, 56.63984429999999], [66.36487559999999, 56.63992850000001], [66.36542009999998, 56.63978470000001], [66.3666183, 56.63925690000001], [66.3671357, 56.6387613], [66.3707512, 56.63790569999999], [66.3717146, 56.6379277], [66.3749208, 56.638890200000006], [66.36917059999999, 56.646558599999985], [66.3680898, 56.64778], [66.3670751, 56.6486634], [66.3661874, 56.649286499999995], [66.3647673, 56.65012689999999], [66.3637121, 56.650656100000006], [66.36250639999999, 56.65116009999999], [66.3611872, 56.651625599999996], [66.3595542, 56.6520854], [66.3485017, 56.6547482], [66.3486501, 56.6549227], [66.34545769999998, 56.65569059999999], [66.346663, 56.65746660000001], [66.34711410000001, 56.65876719999999], [66.3465557, 56.6616276], [66.3456013, 56.6639162], [66.34341009999999, 56.6667247], [66.34267539999999, 56.66750909999999], [66.342778, 56.66868929999999], [66.34353789999999, 56.66948080000001], [66.34501709999999, 56.6701743], [66.3467975, 56.6703564], [66.3497258, 56.670072299999994], [66.35523749999999, 56.6692487], [66.3570868, 56.669806799999996], [66.3602055, 56.6714344], [66.3613404, 56.67179], [66.3661018, 56.67534839999999], [66.3668069, 56.677492], [66.36733829999999, 56.678230899999996], [66.3672887, 56.67828699999999], [66.3659861, 56.67883199999999], [66.3649804, 56.679162], [66.3644607, 56.6792733], [66.3639612, 56.67920650000001], [66.36323229999999, 56.6792362], [66.3623346, 56.67976269999998], [66.36197689999999, 56.68011859999999], [66.3616596, 56.6805005], [66.36142339999999, 56.68106770000001], [66.36044469999999, 56.6822689], [66.360087, 56.683218], [66.359331, 56.6838075], [66.35101559999998, 56.68625420000001], [66.3499897, 56.6853534], [66.348984, 56.6842709], [66.3468917, 56.6824395], [66.34460359999999, 56.6834182], [66.343101, 56.682271199999995], [66.3376133, 56.6846067], [66.3258985, 56.680553799999984], [66.3230024, 56.68253419999999], [66.31998810000002, 56.6847717], [66.3147438, 56.6830215], [66.3124354, 56.6824432], [66.3081022, 56.685560900000006], [66.3053484, 56.68837450000001], [66.30249339999999, 56.690461400000004], [66.30184539999999, 56.6902723], [66.2986732, 56.689219599999994], [66.2973368, 56.6887229], [66.2965876, 56.688393], [66.2960274, 56.6882892], [66.2951432, 56.6882188], [66.28952759999999, 56.687625700000005], [66.287145, 56.68663600000001], [66.28163069999998, 56.6844377], [66.2787351, 56.68340709999999], [66.2781614, 56.6832551], [66.2779724, 56.68307339999999], [66.27812089999999, 56.68155339999999], [66.2780737, 56.6813124], [66.2777767, 56.6810603], [66.27657529999999, 56.6805487], [66.2761973, 56.680222399999984], [66.2759543, 56.6801223], [66.27128359999999, 56.6757248], [66.2705345, 56.67497579999999], [66.2703185, 56.67452339999999], [66.2702037, 56.67335899999999], [66.2682126, 56.6712935], [66.26587049999999, 56.668816099999994], [66.2654521, 56.6689422], [66.2488483, 56.67411919999999], [66.2478898, 56.6734221], [66.24500779999998, 56.671356499999995], [66.24348239999999, 56.670273599999994], [66.2415453, 56.6693873], [66.239291, 56.6683859], [66.23569349999998, 56.666105], [66.2372729, 56.664881], [66.2376171, 56.6647734], [66.2380963, 56.66480309999999], [66.24479179999999, 56.6607674], [66.24378029999998, 56.659415499999994], [66.24298489999998, 56.65765929999999], [66.2350348, 56.651483], [66.22203049999999, 56.6473533], [66.2190726, 56.6464831], [66.2183716, 56.6464831], [66.218075, 56.6463941], [66.2232924, 56.64401469999999], [66.225326, 56.643036], [66.23321479999998, 56.63927629999999], [66.2486212, 56.631833]]]]}}, {"type": "Feature", "properties": {"id": "mo-71632000", "name": "Нижнетавдинский муниципальный район", "region": "Тюменская область", "isCity": false, "sourceOktmo": "71-632-000-000", "sourceAgg": "Тюмень", "excelNames": ["Нижнетавдинский муниципальный район"], "oktmo": "71632000", "vgp": [{"year": 2019, "value": 7837523.844974051}, {"year": 2020, "value": 7029384.005362002}, {"year": 2021, "value": 8421248.060011411}, {"year": 2022, "value": 11052662.782338873}, {"year": 2023, "value": 12250420.155491289}, {"year": 2024, "value": 13483197.846993366}], "population": [{"year": 2019, "value": 21941.0}, {"year": 2020, "value": 21672.0}, {"year": 2021, "value": 21450.0}, {"year": 2022, "value": 26900.0}, {"year": 2023, "value": 27046.0}, {"year": 2024, "value": 27122.0}, {"year": 2025, "value": 27040.0}], "shipments": [{"year": 2019, "value": 2228224.4}, {"year": 2020, "value": 1620760.2}, {"year": 2021, "value": 1613963.1}, {"year": 2022, "value": 3612562.1}, {"year": 2023, "value": 5776966.5}, {"year": 2024, "value": 12838750.6}], "employees": [{"year": 2019, "value": 2917.0}, {"year": 2020, "value": 2657.0}, {"year": 2021, "value": 2536.0}, {"year": 2022, "value": 2854.0}, {"year": 2023, "value": 2970.0}, {"year": 2024, "value": 2914.0}], "investments": [{"year": 2019, "value": 1554613.0}, {"year": 2020, "value": 2972584.0}, {"year": 2021, "value": 1701605.0}, {"year": 2022, "value": 2053432.0}, {"year": 2023, "value": 2457677.0}, {"year": 2024, "value": 2172746.0}], "vgp2024": 13483197.846993366, "pop2024": 27122.0, "ship2024": 12838750.6, "emp2024": 2914.0, "inv2024": 2172746.0}, "geometry": {"type": "MultiPolygon", "coordinates": [[[[66.4771183, 57.2607559], [66.47717869999998, 57.258704], [66.4775058, 57.24785399999999], [66.26812069999998, 57.2541742], [66.2163937, 57.2568092], [66.19102299999999, 57.257155999999995], [66.1781051, 57.241376], [66.1740751, 57.2416238], [66.15126889999999, 57.245390199999996], [66.1356068, 57.2488588], [66.129287, 57.251286699999994], [66.10245079999999, 57.2580245], [66.0947572, 57.2684754], [66.0763474, 57.26461239999998], [66.0700276, 57.2791215], [66.0603694, 57.277789899999995], [66.0585948, 57.277544299999995], [66.0264302, 57.2692678], [66.0165384, 57.2721895], [66.0093943, 57.27169429999999], [66.00747079999998, 57.2720409], [66.00701290000002, 57.27322939999999], [66.0050895, 57.2765964], [65.99712109999999, 57.2794185], [65.9913508, 57.287834100000005], [65.9889197, 57.288124], [65.98698069999999, 57.2883552], [65.98548, 57.2896122], [65.98268609999998, 57.2918161], [65.9822162, 57.2921868], [65.9787647, 57.2917814], [65.9732124, 57.2911935], [65.9706988, 57.2909299], [65.9603546, 57.285141900000006], [65.95486789999998, 57.2875496], [65.95477419999999, 57.288943399999994], [65.9610111, 57.3029042], [65.9160489, 57.3087827], [65.92360989999999, 57.32339820000001], [65.9408671, 57.3295501], [65.9437702, 57.3397138], [65.9085419, 57.36172439999999], [65.8855178, 57.349575800000004], [65.8654138, 57.349296300000006], [65.81554469999999, 57.34984089999999], [65.7845334, 57.358980599999995], [65.77113179999999, 57.34785350000001], [65.7755282, 57.34085540000001], [65.76600270000002, 57.3264597], [65.76263219999998, 57.319101499999995], [65.75992109999999, 57.317083600000004], [65.760434, 57.31597570000001], [65.7657096, 57.3059241], [65.7569169, 57.30157020000001], [65.7253114, 57.3030635], [65.6966866, 57.3034306], [65.6602499, 57.3035958], [65.5790635, 57.3016563], [65.55552689999999, 57.3009518], [65.5042931, 57.2994829], [65.4702327, 57.29917360000001], [65.4701869, 57.30001789999999], [65.4451699, 57.299383299999995], [65.40102300000001, 57.29829470000001], [65.39113119999999, 57.29883899999999], [65.38781399999999, 57.299268000000005], [65.34624699999999, 57.3052208], [65.3212502, 57.29778790000001], [65.3027034, 57.292272], [65.2896608, 57.2904111], [65.28184889999999, 57.2851398], [65.27039009999999, 57.291598900000004], [65.2467865, 57.30494139999998], [65.24811199999999, 57.31069339999999], [65.24730599999998, 57.3205855], [65.2497946, 57.349640999999984], [65.2501547, 57.3545849], [65.2468586, 57.3541385], [65.23894809999999, 57.355829500000006], [65.2378893, 57.3569859], [65.23801799999998, 57.3574605], [65.2381038, 57.3584096], [65.2373099, 57.3588262], [65.2366908, 57.3602465], [65.2369572, 57.3613188], [65.2380824, 57.36175429999999], [65.2376103, 57.3639299], [65.2362417, 57.3645925], [65.2308928, 57.366370700000004], [65.2283215, 57.3680691], [65.2271355, 57.36935239999999], [65.22664929999999, 57.3753535], [65.2277871, 57.37719], [65.1619623, 57.37775390000001], [65.1623077, 57.387170099999985], [65.1235628, 57.38643080000001], [65.0988089, 57.386909900000006], [65.1034236, 57.38911199999999], [65.1122164, 57.393218700000006], [65.1305053, 57.400041], [65.124191, 57.41567209999999], [64.983187, 57.4345005], [64.9663464, 57.4349097], [64.95561309999998, 57.45300739999999], [64.89969659999998, 57.454596200000005], [64.9001924, 57.4554192], [64.9045512, 57.46429340000001], [64.9057557, 57.482204], [64.91475629999998, 57.48954210000001], [64.9268316, 57.500056799999996], [64.92540569999998, 57.509165100000004], [64.9337752, 57.526672799999986], [64.929533, 57.53919500000001], [64.9289461, 57.541842], [64.93359579999999, 57.54558130000001], [64.9344127, 57.5472786], [64.935188, 57.54990469999999], [64.9365366, 57.5547692], [64.93683749999998, 57.55530199999999], [64.93729679999998, 57.555392700000006], [64.9539121, 57.5550878], [64.9607451, 57.56216309999999], [64.99090119999998, 57.56174009999999], [64.989533, 57.564986000000005], [64.9969598, 57.5694609], [64.99688769999999, 57.569804], [64.9890084, 57.570368], [64.96605849999999, 57.6050704], [64.9057004, 57.592512199999994], [64.8991327, 57.62358270000001], [64.8633174, 57.6211847], [64.8573625, 57.6400798], [64.8330882, 57.6482501], [64.8645744, 57.65814599999999], [64.8855022, 57.6654157], [64.9051544, 57.6716154], [64.91758039999999, 57.6759942], [64.9203654, 57.67692900000001], [64.9466552, 57.685385499999995], [64.9750947, 57.69399860000001], [64.98269729999998, 57.696224599999994], [64.9972493, 57.7009135], [65.0231206, 57.70892690000001], [65.0425166, 57.71456990000001], [65.0824306, 57.72665940000001], [65.1495189, 57.7471966], [65.19504469999998, 57.76144560000001], [65.20633849999999, 57.7649795], [65.2433275, 57.7767064], [65.2804232, 57.78780199999999], [65.312506, 57.797415099999995], [65.359843, 57.8114275], [65.3812689, 57.817997], [65.4067547, 57.825821399999995], [65.4178218, 57.83701080000001], [65.4181354, 57.836223100000005], [65.4206285, 57.828781899999996], [65.42583969999998, 57.81006380000001], [65.4261832, 57.8088298], [65.4262351, 57.8086433], [65.42798469999998, 57.807322], [65.4346652, 57.80227670000001], [65.4392606, 57.798805699999996], [65.4416784, 57.7969793], [65.44670189999998, 57.7929217], [65.4475379, 57.79224640000001], [65.4500645, 57.79020539999999], [65.4512978, 57.78912600000001], [65.4523098, 57.788240200000004], [65.45271759999999, 57.7870598], [65.45275429999998, 57.786287200000004], [65.4529435, 57.782299899999984], [65.45320899999999, 57.77812560000001], [65.4538023, 57.77339120000001], [65.4552297, 57.7701715], [65.45765639999999, 57.7664112], [65.4601754, 57.7640171], [65.4620932, 57.7626444], [65.4627561, 57.76253380000001], [65.4742096, 57.762473500000006], [65.4986626, 57.76267750000001], [65.4988204, 57.7623578], [65.50340969999999, 57.74324479999999], [65.5039559, 57.74194059999999], [65.5143598, 57.7414023], [65.5148401, 57.7413775], [65.51974369999999, 57.7412365], [65.526907, 57.751365099999994], [65.53412, 57.7621437], [65.53497289999999, 57.76329919999999], [65.5356723, 57.76400180000001], [65.5366314, 57.76435180000001], [65.54018429999999, 57.7646063], [65.5408323, 57.764615599999985], [65.543967, 57.76466069999999], [65.5442718, 57.764879699999995], [65.5531698, 57.7712724], [65.5607992, 57.76996750000001], [65.5613329, 57.7700436], [65.5799714, 57.77690379999999], [65.58174189999998, 57.7775554], [65.60102739999999, 57.784587699999996], [65.6056851, 57.786337799999984], [65.606836, 57.78677020000001], [65.60748259999998, 57.78727799999999], [65.60723119999999, 57.78773919999999], [65.6060554, 57.788349700000005], [65.6000589, 57.78977589999999], [65.5964682, 57.7906373], [65.59590169999998, 57.79077319999999], [65.5962859, 57.7922842], [65.5971487, 57.795677], [65.59768739999998, 57.796947200000005], [65.59999539999998, 57.79695799999999], [65.6067497, 57.796848], [65.6223533, 57.7966564], [65.62646269999999, 57.7966798], [65.6270391, 57.79677650000001], [65.638342, 57.8058526], [65.6440332, 57.8096863], [65.64621529999998, 57.8117037], [65.65162539999999, 57.8199947], [65.65441099999998, 57.82356299999999], [65.6555649, 57.8248635], [65.6581071, 57.826221800000006], [65.6644847, 57.8288024], [65.66610179999999, 57.8292027], [65.6673618, 57.8291762], [65.66895659999999, 57.829273], [65.6712567, 57.8295503], [65.6731992, 57.82994359999999], [65.6743223, 57.8302674], [65.6770277, 57.832164799999994], [65.6835615, 57.8372503], [65.6846334, 57.8380845], [65.6742943, 57.84197290000001], [65.6644166, 57.8444176], [65.6591842, 57.8458087], [65.65632569999998, 57.8467878], [65.65445699999998, 57.8474278], [65.6513791, 57.8487734], [65.6457522, 57.852018], [65.63793899999999, 57.8571319], [65.63418459999998, 57.85927290000001], [65.6342863, 57.8599036], [65.6346315, 57.862043199999995], [65.63466459999998, 57.8624954], [65.635426, 57.87290619999999], [65.6362589, 57.8731495], [65.6463702, 57.8743071], [65.65372499999998, 57.87510899999999], [65.655795, 57.8755435], [65.6565172, 57.8858868], [65.66683599999999, 57.8903393], [65.67093, 57.8922076], [65.67082019999998, 57.8929266], [65.66799039999998, 57.8975236], [65.6676575, 57.8981676], [65.6676399, 57.89841890000001], [65.6677616, 57.89847699999998], [65.6681281, 57.898469299999995], [65.67240459999998, 57.897565], [65.6760943, 57.896998599999996], [65.68468489999998, 57.89652410000001], [65.6971989, 57.895346700000005], [65.70249089999999, 57.88842619999998], [65.7083015, 57.88859619999999], [65.729681, 57.8892219], [65.7301367, 57.8892352], [65.7343527, 57.889177000000004], [65.7364964, 57.890824699999996], [65.7370962, 57.89227759999999], [65.7371489, 57.89377489999999], [65.73854030000001, 57.8951781], [65.74875109999999, 57.894305900000006], [65.7598883, 57.87999189999999], [65.7947688, 57.874798299999995], [65.7978185, 57.8801237], [65.8040876, 57.8910684], [65.8058794, 57.89419599999999], [65.8080518, 57.896949499999984], [65.80836749999999, 57.9088325], [65.8140387, 57.91561289999999], [65.8191825, 57.9218836], [65.818294, 57.92460700000001], [65.8202655, 57.9271042], [65.8249863, 57.9326348], [65.82949780000001, 57.9331533], [65.8349926, 57.9337148], [65.8438352, 57.93478760000001], [65.8510604, 57.93553769999999], [65.8540974, 57.93599069999999], [65.856661, 57.9366498], [65.8611132, 57.937950300000004], [65.8746734, 57.94207449999999], [65.877775, 57.942558], [65.8929883, 57.94358069999999], [65.90981929999998, 57.9441409], [65.941515, 57.9444208], [65.984069, 57.9448616], [65.9804537, 57.9625708], [65.9803071, 57.96449630000001], [65.98078669999998, 57.965104], [65.99884399999999, 57.97375790000001], [66.00618249999998, 57.97791730000001], [66.0347786, 57.983948700000006], [66.0367339, 57.98458620000001], [66.0293039, 57.9910184], [66.0261598, 57.9930154], [66.0315146, 57.9924969], [66.0336547, 57.9924132], [66.0356972, 57.992625100000005], [66.0397043, 57.99285509999999], [66.0415493, 57.99290869999999], [66.0451441, 57.994060600000005], [66.056967, 57.9980867], [66.0641507, 58.000462], [66.07315999999999, 58.00200379999998], [66.07501209999998, 58.0021328], [66.07601409999998, 58.0018913], [66.0768379, 58.00148049999999], [66.07732589999999, 58.000969100000006], [66.07727729999999, 57.9999278], [66.0762577, 57.99838450000001], [66.07572069999999, 57.99816580000001], [66.07542259999998, 57.9981875], [66.07486109999999, 57.99831700000001], [66.0741584, 57.9983919], [66.0728719, 57.9983361], [66.0704511, 57.997772], [66.06903720000001, 57.99718349999999], [66.06869080000001, 57.996960200000004], [66.06878109999998, 57.9964223], [66.0689815, 57.99589619999998], [66.06978049999998, 57.9953557], [66.07074399999999, 57.9948256], [66.0718733, 57.9943205], [66.0730062, 57.993858700000004], [66.07424549999999, 57.99368400000001], [66.0751459, 57.9936912], [66.0783903, 57.99400359999999], [66.0813848, 57.99426410000001], [66.0830014, 57.994355199999994], [66.0874046, 57.9944403], [66.0904714, 57.99443099999999], [66.09201039999999, 57.9944913], [66.09288159999998, 57.99463299999999], [66.09440429999998, 57.99521490000001], [66.0958187, 57.99596240000001], [66.09620289999998, 57.99614849999999], [66.0968792, 57.9961646], [66.0974218, 57.99605360000001], [66.0981312, 57.995743100000006], [66.0986795, 57.99569720000001], [66.0996506, 57.9955758], [66.1009364, 57.9955444], [66.1022334, 57.9956431], [66.1043017, 57.996146399999986], [66.1072168, 57.99721549999999], [66.11037779999998, 57.998995199999996], [66.115851, 58.0027786], [66.12025649999998, 58.004038800000004], [66.1242467, 58.0047553], [66.1286912, 58.0057537], [66.1334807, 58.00648279999998], [66.13894699999999, 58.00722760000001], [66.14299340000001, 58.00787700000001], [66.1479941, 58.00820939999999], [66.1506448, 58.00833919999999], [66.1557893, 58.0082116], [66.1592745, 58.008059899999985], [66.1619922, 58.008253], [66.1636716, 58.0085044], [66.16572049999999, 58.009463399999994], [66.1674776, 58.01059250000001], [66.16931989999999, 58.01129590000001], [66.1715479, 58.011500999999996], [66.1748784, 58.01167849999999], [66.17677709999998, 58.0116311], [66.1790728, 58.0112153], [66.1817215, 58.0106278], [66.1829349, 58.01046710000001], [66.1844221, 58.01062529999999], [66.1848568, 58.0109699], [66.1863365, 58.0101487], [66.1874347, 58.009606699999985], [66.18934529999999, 58.0089452], [66.19142139999998, 58.008738], [66.1933921, 58.00891329999999], [66.1940089, 58.0092003], [66.19384349999999, 58.0094314], [66.19313639999999, 58.00980599999999], [66.1916621, 58.01045150000001], [66.19122579999998, 58.0108899], [66.1912709, 58.0112405], [66.191978, 58.0116151], [66.1928957, 58.01169480000001], [66.19437, 58.01162310000001], [66.1962054, 58.01148760000001], [66.198477, 58.011192699999995], [66.2008464, 58.0104122], [66.2018102, 58.01012579999998], [66.20275039999999, 58.01010089999998], [66.20357319999998, 58.01023790000001], [66.2042548, 58.010287700000006], [66.2055477, 58.0101631], [66.2078748, 58.010001200000005], [66.2102019, 58.009938999999996], [66.2112127, 58.00971479999999], [66.2123175, 58.009241599999996], [66.21645679999999, 58.005836], [66.21651689999999, 58.004935199999984], [66.2165771, 58.0043294], [66.216878, 58.0040584], [66.21744969999999, 58.003827300000005], [66.2186381, 58.0038512], [66.2205036, 58.003906999999984], [66.2226699, 58.0038033], [66.2250168, 58.00329320000001], [66.228853, 58.00236850000001], [66.23147069999999, 58.001937999999996], [66.2330051, 58.0018822], [66.2348405, 58.00199380000001], [66.23714219999998, 58.0024163], [66.2426032, 58.00233660000001], [66.24380669999998, 58.002209099999995], [66.2446642, 58.0024402], [66.2461987, 58.0028069], [66.24806419999999, 58.00308590000001], [66.2495235, 58.003245400000004], [66.25105790000002, 58.0035244], [66.2523216, 58.003938899999994], [66.2526977, 58.004353399999985], [66.2530889, 58.0048237], [66.2535402, 58.0051903], [66.2543676, 58.0055331], [66.25590209999999, 58.005732300000005], [66.2569101, 58.00591570000001], [66.2575269, 58.0062823], [66.25796309999998, 58.0067685], [66.2588808, 58.00722290000001], [66.26076129999998, 58.0075337], [66.2628073, 58.0075576], [66.26423649999998, 58.00743009999999], [66.2651842, 58.007151099999994], [66.2659816, 58.00655330000001], [66.2664931, 58.0058519], [66.2669594, 58.00526210000001], [66.267832, 58.0048635], [66.2685691, 58.0047121], [66.26956210000002, 58.00469609999998], [66.2703142, 58.0048795], [66.271247, 58.005278], [66.2717886, 58.005947599999985], [66.27195399999998, 58.0064497], [66.2721947, 58.006736599999996], [66.27258589999998, 58.006720699999995], [66.27306729999998, 58.00648959999999], [66.2734584, 58.006250400000006], [66.2740602, 58.006083099999984], [66.2745867, 58.00614679999999], [66.2750682, 58.00636200000001], [66.275685, 58.006641], [66.2763018, 58.0066968], [66.2769336, 58.00644169999999], [66.2775955, 58.005955500000006], [66.2779867, 58.00592359999999], [66.2785283, 58.00624249999999], [66.27917519999998, 58.0066011], [66.2797769, 58.0066809], [66.2803787, 58.0065613], [66.2810707, 58.00624249999999], [66.28168749999999, 58.0057961], [66.2816725, 58.00552509999999], [66.28123619999998, 58.0052063], [66.28123619999998, 58.0047918], [66.28155209999998, 58.00445700000001], [66.2821388, 58.004353399999985], [66.2830716, 58.004480900000004], [66.2840043, 58.00475190000001], [66.2849069, 58.00509470000001], [66.2855689, 58.0051983], [66.2862458, 58.0051186], [66.2872839, 58.004720000000006], [66.2884874, 58.0042976], [66.28939, 58.0041541], [66.2904431, 58.00418599999999], [66.2915564, 58.00436130000001], [66.29217319999998, 58.0043693], [66.29268469999998, 58.004201899999984], [66.2934519, 58.0036758], [66.29418909999998, 58.00321349999999], [66.2952722, 58.00281489999999], [66.2967315, 58.0025758], [66.29779959999999, 58.0025359], [66.29867219999998, 58.0026156], [66.2993341, 58.0027192], [66.29993590000001, 58.00264749999999], [66.3009589, 58.00212929999998], [66.3017712, 58.001563399999995], [66.3025234, 58.00090169999999], [66.30301989999998, 57.9999132], [66.3030801, 57.9994986], [66.3033659, 57.9994508], [66.30390749999998, 57.9997617], [66.3046146, 58.00056689999999], [66.3056526, 58.001491599999994], [66.3074127, 58.00234459999999], [66.3084959, 58.002543900000006], [66.3093384, 58.002527900000004], [66.310587, 58.002225], [66.3117454, 58.0018583], [66.3125126, 58.0016112], [66.31318959999999, 58.00157930000001], [66.31392679999999, 58.00173869999999], [66.3147241, 58.00212929999998], [66.3153108, 58.0027033], [66.3159577, 58.002902600000006], [66.31710109999999, 58.0028787], [66.3185002, 58.0028707], [66.32119299999998, 58.0032533], [66.3235399, 58.0037475], [66.3253602, 58.0042099], [66.3268797, 58.004728], [66.3282932, 58.0055012], [66.3288613, 58.00585830000001], [66.3296026, 58.005995999999996], [66.33038249999998, 58.006026600000006], [66.3309602, 58.006195], [66.3314416, 58.00666940000001], [66.3318652, 58.006807099999996], [66.3324622, 58.0067969], [66.33307839999999, 58.00694479999999], [66.3334828, 58.00718459999999], [66.3339353, 58.00733249999999], [66.3352062, 58.00726619999999], [66.3361305, 58.0073274], [66.33718, 58.007643699999996], [66.3383257, 58.008393500000004], [66.33907669999999, 58.008924], [66.33946189999999, 58.0096433], [66.33940410000001, 58.00990849999999], [66.3391345, 58.010132899999995], [66.3391634, 58.01027059999999], [66.3396159, 58.01023999999999], [66.3405883, 58.010214500000004], [66.34117569999998, 58.0103676], [66.3412719, 58.0106991], [66.34097349999999, 58.01125], [66.3402995, 58.012147599999984], [66.3394137, 58.0133768], [66.3389516, 58.01405510000001], [66.3384316, 58.0143153], [66.33795989999999, 58.0144326], [66.33713179999998, 58.0144989], [66.33647709999998, 58.0146366], [66.3358898, 58.0148712], [66.3356202, 58.015126200000005], [66.33565869999998, 58.01537609999999], [66.33609200000001, 58.0155495], [66.3367082, 58.01560560000001], [66.3374881, 58.0155495], [66.33830649999999, 58.015524], [66.3392212, 58.01574839999999], [66.3397603, 58.01625320000001], [66.3404632, 58.0166459], [66.3410505, 58.0166765], [66.3419555, 58.01633480000001], [66.3429569, 58.01572800000001], [66.3445455, 58.0146876], [66.3454409, 58.014197900000006], [66.3459801, 58.01415200000001], [66.3467022, 58.0143459], [66.3475976, 58.01507519999999], [66.3485701, 58.01574839999999], [66.34961959999998, 58.016447], [66.35066899999998, 58.0169264], [66.35191109999998, 58.01729869999999], [66.3531242, 58.017375200000004], [66.3547417, 58.0170284], [66.3558105, 58.01703349999999], [66.3561378, 58.0172171], [66.3559838, 58.017543499999995], [66.35582969999999, 58.01784440000001], [66.3553291, 58.018237000000006], [66.354347, 58.018961100000006], [66.3540389, 58.0192212], [66.3543759, 58.01949659999998], [66.3560608, 58.020108499999985], [66.357014, 58.0204553], [66.3576976, 58.020904], [66.3580538, 58.0213986], [66.3584479, 58.022107899999995], [66.3587864, 58.022436600000006], [66.3595762, 58.0226955], [66.360272, 58.02294450000001], [66.3606669, 58.0234225], [66.3608362, 58.023990100000006], [66.3612123, 58.024288899999995], [66.3620773, 58.02467729999999], [66.3631304, 58.02487639999999], [66.36378859999999, 58.0251453], [66.3636569, 58.02556349999999], [66.36345009999998, 58.02594190000001], [66.36354409999998, 58.0264199], [66.3640706, 58.0271568], [66.36448430000002, 58.0277642], [66.36448430000002, 58.028232199999984], [66.3642963, 58.02857070000001], [66.3644467, 58.02900879999999], [66.3650861, 58.02957640000001], [66.366158, 58.03022359999999], [66.3674179, 58.0308508], [66.3689411, 58.031338699999985], [66.36895989999998, 58.0314881], [66.3685086, 58.031607499999986], [66.3682453, 58.031916199999976], [66.3682265, 58.032364199999996], [66.3684146, 58.032971499999995], [66.3687907, 58.0335788], [66.36924199999999, 58.034046800000006], [66.3698814, 58.03436529999999], [66.3703139, 58.03448480000001], [66.3711225, 58.0344549], [66.37187469999999, 58.03421600000001], [66.37236359999999, 58.033758000000006], [66.3726269, 58.03339960000001], [66.3733603, 58.03339960000001], [66.3743005, 58.03368829999999], [66.3749023, 58.034006899999994], [66.3751844, 58.0344052], [66.3753348, 58.034902900000006], [66.3755229, 58.03541070000001], [66.3762751, 58.03593829999999], [66.3777419, 58.036625199999996], [66.3792651, 58.03704329999999], [66.37965999999999, 58.03735189999999], [66.3797164, 58.0375012], [66.37984800000001, 58.03838720000001], [66.3798668, 58.038904800000005], [66.3802993, 58.03945230000001], [66.38105149999998, 58.0400196], [66.38338339999999, 58.04102499999998], [66.38680589999998, 58.04004950000001], [66.38957019999998, 58.0404576], [66.38966419999998, 58.04112450000001], [66.3918832, 58.041104600000004], [66.3924286, 58.0404875], [66.39536209999999, 58.04057710000001], [66.3951177, 58.0415127], [66.39728019999998, 58.04134350000001], [66.3980889, 58.04248809999999], [66.3978068, 58.0439015], [66.4007968, 58.04554370000001], [66.4010977, 58.0465688], [66.4033548, 58.047438099999994], [66.4045019, 58.049408500000006], [66.4036102, 58.05348359999999], [66.4056082, 58.0546776], [66.4042213, 58.05526210000001], [66.40212929999998, 58.05649340000001], [66.40412730000001, 58.0604729], [66.4008599, 58.0612439], [66.3967464, 58.0610698], [66.3938316, 58.0605102], [66.3927973, 58.0590055], [66.3928913, 58.05801060000001], [66.3942077, 58.0557596], [66.39256219999999, 58.0545656], [66.3893419, 58.054814399999984], [66.3883311, 58.057600199999996], [66.3871437, 58.06143709999999], [66.3870967, 58.0645085], [66.38876559999999, 58.0663859], [66.3931378, 58.06915850000001], [66.4000721, 58.07045140000001], [66.4045148, 58.070836799999995], [66.40876939999998, 58.06971790000001], [66.4129856, 58.068037399999994], [66.4142784, 58.06628429999999], [66.41818049999999, 58.06469279999999], [66.4238415, 58.064304599999986], [66.4316574, 58.0662474], [66.43682869999999, 58.069200200000004], [66.4455848, 58.073302600000005], [66.45199029999999, 58.0768608], [66.45930659999999, 58.0834168], [66.46500679999998, 58.084985700000004], [66.4681802, 58.08650800000001], [66.4686797, 58.0901736], [66.4676807, 58.091959599999996], [66.4709422, 58.0936524], [66.4740274, 58.09500349999999], [66.47828789999998, 58.096261299999995], [66.4813437, 58.09506559999999], [66.4833123, 58.094755], [66.4863094, 58.0951432], [66.4878667, 58.097177499999994], [66.4907755, 58.099304800000006], [66.4947422, 58.101214600000006], [66.4988852, 58.104816499999984], [66.50255810000002, 58.1066795], [66.5078763, 58.10782819999999], [66.5151927, 58.11083969999999], [66.5197764, 58.1146114], [66.52280279999998, 58.118289600000004], [66.52641689999999, 58.1202449], [66.52841409999999, 58.121932], [66.5330994, 58.1230974], [66.5451994, 58.116179999999986], [66.5455021, 58.10954359999999], [66.5549414, 58.0886792], [66.5672925, 58.0848598], [66.5744772, 58.084689100000006], [66.5831956, 58.07967419999999], [66.5879988, 58.0750001], [66.58185339999999, 58.0608769], [66.5873024, 58.0598946], [66.5898049, 58.05908320000001], [66.5934376, 58.05703319999999], [66.5944063, 58.0563498], [66.596142, 58.0557518], [66.59755469999999, 58.05626439999999], [66.59920959999998, 58.05624300000001], [66.6001783, 58.05536740000001], [66.6008645, 58.0547481], [66.60223679999999, 58.054491799999994], [66.6038917, 58.0543209], [66.6041742, 58.0535521], [66.6038917, 58.0525483], [66.6047797, 58.05203569999998], [66.60562729999998, 58.05259099999999], [66.60679779999998, 58.0524201], [66.60679779999998, 58.0513095], [66.6073629, 58.0500493], [66.6091389, 58.04898139999999], [66.61160109999999, 58.048404600000005], [66.612489, 58.0466103], [66.6143054, 58.04648220000001], [66.6166464, 58.0464394], [66.6170501, 58.04547819999999], [66.61741329999998, 58.044879999999985], [66.61927009999998, 58.0443887], [66.6202388, 58.04398280000001], [66.6210864, 58.04319229999999], [66.62104599999999, 58.04257279999999], [66.6208442, 58.04165409999999], [66.62132859999998, 58.04112000000001], [66.6217726, 58.040244099999995], [66.6207635, 58.0395817], [66.6197544, 58.03900489999999], [66.62035990000001, 58.03823570000001], [66.6219744, 58.036782699999996], [66.6222569, 58.0355434], [66.6219744, 58.03466729999999], [66.6205617, 58.033876699999986], [66.6207635, 58.03319290000001], [66.6222569, 58.0332356], [66.623266, 58.0337912], [66.624154, 58.0337912], [66.6243558, 58.03310739999999], [66.6243558, 58.0324449], [66.6250824, 58.0320175], [66.6262529, 58.0318466], [66.6282307, 58.0316542], [66.6287554, 58.0310131], [66.62960299999999, 58.030799399999985], [66.6306121, 58.0303506], [66.63117719999998, 58.02983770000001], [66.6329128, 58.02915380000001], [66.6352942, 58.02870499999999], [66.6367877, 58.0283203], [66.6369491, 58.0278929], [66.6377564, 58.02748679999999], [66.6379582, 58.026931100000006], [66.6376353, 58.0262471], [66.63820039999999, 58.025584599999995], [66.6402185, 58.025563199999986], [66.64247889999999, 58.02586240000001], [66.6438512, 58.0253067], [66.6449814, 58.024238], [66.6462327, 58.023789099999995], [66.6473628, 58.02381050000001], [66.6492195, 58.0239601], [66.6505919, 58.02370359999999], [66.6528118, 58.02400289999999], [66.65337689999998, 58.0233402], [66.6548704, 58.0231692], [66.6557584, 58.0227203], [66.6557987, 58.02169430000001], [66.6558794, 58.0208179], [66.656606, 58.0205186], [66.65797829999998, 58.020625499999994], [66.6595525, 58.0211385], [66.6600772, 58.0217798], [66.6606423, 58.02216459999998], [66.66177249999998, 58.02244249999999], [66.66274119999999, 58.02205769999998], [66.6625797, 58.021395], [66.66314479999998, 58.0209034], [66.6643154, 58.0210744], [66.6656473, 58.0209247], [66.6668582, 58.020497199999994], [66.6681902, 58.0204544], [66.66915889999999, 58.02086059999999], [66.66976440000002, 58.02120259999999], [66.671056, 58.02120259999999], [66.6716211, 58.021395], [66.6720651, 58.02203630000001], [66.6727916, 58.02210039999999], [66.67416399999999, 58.02203630000001], [66.6751327, 58.02250659999999], [66.6748905, 58.023041000000006], [66.674608, 58.0235326], [66.6758592, 58.0237677], [66.67824059999998, 58.023789099999995], [66.6796937, 58.02410969999999], [66.6809046, 58.02475099999999], [66.6839722, 58.02487920000001], [66.6848198, 58.024601299999986], [66.68603069999999, 58.023896], [66.68720129999998, 58.02355399999998], [66.6885333, 58.02417389999999], [66.6888562, 58.0247937], [66.68829110000001, 58.025071599999976], [66.6879278, 58.02564869999999], [66.6890983, 58.025990699999994], [66.69091469999998, 58.025990699999994], [66.6916412, 58.0257342], [66.6920448, 58.025178499999996], [66.69273099999998, 58.024622699999995], [66.69345759999999, 58.02458], [66.694063, 58.02502880000001], [66.6943052, 58.0257983], [66.695395, 58.0261189], [66.6963637, 58.02581969999999], [66.69680769999998, 58.0251571], [66.6974535, 58.02419519999999], [66.6977764, 58.02363950000001], [66.6993506, 58.0234899], [66.7001982, 58.0237677], [66.7004808, 58.02458], [66.7005615, 58.02541359999999], [66.70132839999998, 58.026097500000006], [66.7034273, 58.0261616], [66.7059701, 58.02750820000001], [66.707181, 58.0284058], [66.7081901, 58.028512699999986], [66.70859369999998, 58.028127999999995], [66.7079076, 58.02737989999999], [66.7087956, 58.026845599999994], [66.71069259999999, 58.02712340000001], [66.7123879, 58.02782879999999], [66.7173526, 58.027764600000005], [66.7176351, 58.0280425], [66.7174736, 58.02870499999999], [66.71815979999998, 58.029111099999994], [66.71929, 58.028876], [66.72090449999999, 58.0275509], [66.7203394, 58.026824199999986], [66.7203394, 58.02519980000001], [66.7216311, 58.024238], [66.7236088, 58.02383189999999], [66.7251426, 58.02417389999999], [66.7259499, 58.02505020000001], [66.7269994, 58.024836500000006], [66.7280488, 58.02368219999999], [66.72966329999998, 58.0229768], [66.7294615, 58.021993599999995], [66.72159069999998, 58.0171195], [66.7213485, 58.0154519], [66.716626, 58.01168880000001], [66.7133566, 58.01046999999999], [66.70972389999999, 58.00925109999999], [66.7071003, 58.0052949], [66.7045079, 57.99891780000001], [66.6995414, 57.99904320000001], [66.6970187, 57.9977898], [66.697807, 57.99152250000001], [66.6948113, 57.99152250000001], [66.69607269999999, 57.9862571], [66.6923675, 57.98011319999999], [66.71798859999998, 57.977061799999994], [66.743103, 57.9822331], [66.7567886, 57.9802603], [66.87277219999999, 57.96285890000001], [67.02740069999999, 57.94031999999999], [67.07026769999999, 57.9042534], [67.0703939, 57.9004331], [67.0652854, 57.897450299999996], [67.0560776, 57.8943666], [67.04838329999998, 57.889874799999994], [67.05475309999999, 57.8818953], [67.0642763, 57.87431660000001], [67.0645286, 57.86814510000001], [67.0590528, 57.8655608], [67.05921049999999, 57.85562139999999], [67.0345353, 57.8492873], [67.0347718, 57.8513848], [67.0320126, 57.85478249999999], [67.0273614, 57.853607999999994], [67.0252329, 57.849916500000006], [67.0187685, 57.8461408], [67.0010726, 57.83269330000001], [66.9833349, 57.8190082], [66.9649665, 57.8252217], [66.9384915, 57.828777], [66.9152196, 57.8226649], [66.9140253, 57.8124932], [66.9130162, 57.8086967], [66.9020424, 57.804866200000006], [66.88936589999999, 57.8033877], [66.87643709999999, 57.8027156], [66.8674815, 57.8027156], [66.8639497, 57.802749199999994], [66.8597242, 57.803353999999985], [66.8557509, 57.8024803], [66.84799359999998, 57.79827949999999], [66.83985789999998, 57.7928008], [66.85011959999999, 57.78962469999999], [66.8577382, 57.786343599999995], [66.8567291, 57.78238970000001], [66.8530459, 57.7794038], [66.84951419999999, 57.7818248], [66.84562919999999, 57.785160099999985], [66.8386666, 57.78715039999999], [66.83483209999999, 57.7879035], [66.8305939, 57.7879573], [66.8241863, 57.78715039999999], [66.819595, 57.785160099999985], [66.8147514, 57.78217449999999], [66.8121782, 57.781044699999995], [66.805695, 57.7814645], [66.80083879999998, 57.78223779999999], [66.797307, 57.78391899999999], [66.7969286, 57.7852639], [66.7967394, 57.78889470000001], [66.7947843, 57.79064279999999], [66.7911264, 57.78939900000001], [66.7891713, 57.78781899999999], [66.7838737, 57.7839526], [66.78166629999998, 57.78297760000001], [66.7796481, 57.78277580000001], [66.77725159999999, 57.7834147], [66.7754857, 57.7835491], [66.7746658, 57.780791999999984], [66.773909, 57.7801531], [66.77100789999999, 57.7801195], [66.7680437, 57.78059030000001], [66.7626199, 57.7804557], [66.76148469999998, 57.77924519999999], [66.76022339999999, 57.77773199999999], [66.7596558, 57.77692489999999], [66.7556194, 57.7767904], [66.750574, 57.7778329], [66.74552859999999, 57.77840450000001], [66.74023099999998, 57.7785054], [66.7320322, 57.77773199999999], [66.7254101, 57.77742929999999], [66.7216261, 57.777765599999995], [66.7197341, 57.7785054], [66.7174006, 57.78129640000001], [66.71557159999999, 57.7839862], [66.7105262, 57.78637329999999], [66.7073098, 57.78570090000001], [66.70384109999999, 57.78358279999999], [66.6952639, 57.778976199999995], [66.69173209999998, 57.777799200000004], [66.6805692, 57.77736209999999], [66.67621749999999, 57.77635320000001], [66.67098289999998, 57.7758152], [66.66682049999999, 57.775411600000005], [66.6619012, 57.77527709999999], [66.6580541, 57.776016899999995], [66.65515299999998, 57.77689130000001], [66.6525042, 57.777093099999995], [66.64985529999998, 57.77618509999999], [66.6461974, 57.7741], [66.6416566, 57.76918950000001], [66.635539, 57.7652203], [66.620592, 57.76478289999999], [66.6180693, 57.76343730000001], [66.6183216, 57.7584244], [66.6139069, 57.7515264], [66.5866617, 57.740756], [66.5836976, 57.7400491], [66.5781476, 57.7397125], [66.5677415, 57.739443200000004], [66.57121020000001, 57.73664899999999], [66.5725977, 57.72573950000001], [66.5623808, 57.7191047], [66.5587859, 57.718431], [66.5534567, 57.717765799999995], [66.526125, 57.7178736], [66.52163139999999, 57.71437869999999], [66.5235234, 57.704102799999994], [66.52549429999999, 57.701322699999984], [66.5281747, 57.69967989999999], [66.53392959999998, 57.69812120000001], [66.5401575, 57.6966467], [66.5421283, 57.69605690000001], [66.5393888, 57.68949589999999], [66.5365508, 57.68692539999999], [66.5304017, 57.68439690000001], [66.523149, 57.68199460000001], [66.5207839, 57.681531], [66.5181036, 57.6819103], [66.51487139999999, 57.683006099999986], [66.5110873, 57.683216800000004], [66.5058054, 57.682331799999986], [66.501706, 57.679760800000004], [66.6210467, 57.6615873], [66.64462679999998, 57.630577100000004], [66.64052740000001, 57.56843899999999], [66.630817, 57.5611032], [66.6821302, 57.5486397], [66.6845268, 57.55371540000001], [66.6989692, 57.553783100000004], [66.6973926, 57.5452554], [66.7302709, 57.53725380000001], [66.7329348, 57.5366905], [66.7351952, 57.5369071], [66.73632539999998, 57.53794709999999], [66.7366886, 57.539051900000004], [66.7479569, 57.543701900000016], [66.761196, 57.537528], [66.78947420000002, 57.52465269999999], [66.789121, 57.521482999999996], [66.7963359, 57.52107659999999], [66.8005741, 57.5197761], [66.81961359999998, 57.51107340000001], [66.8410094, 57.5012912], [66.83480349999999, 57.49936649999999], [66.82668039999999, 57.49706210000001], [66.8233505, 57.49494740000001], [66.8190623, 57.4886349], [66.8158458, 57.483177100000006], [66.81130499999999, 57.47788800000001], [66.8259366, 57.4745311], [66.8260628, 57.4764639], [66.8282071, 57.48188880000001], [66.83104509999998, 57.488601], [66.8339462, 57.49104150000001], [66.8380456, 57.49270219999999], [66.8435325, 57.4937868], [66.8458659, 57.4937868], [66.848704, 57.4927361], [66.8550107, 57.48985509999999], [66.8596147, 57.4858552], [66.87024849999999, 57.4332639], [66.88325619999999, 57.424775899999986], [66.9357872, 57.3842239], [66.8943295, 57.37548049999999], [66.8441282, 57.3648903], [66.80260769999998, 57.35611600000001], [66.6556164, 57.35565950000001], [66.65913610000001, 57.35332539999999], [66.66107349999999, 57.35114790000001], [66.6626557, 57.349127100000004], [66.6647531, 57.3478278], [66.6659827, 57.34706609999999], [66.66607949999998, 57.34478369999999], [66.66488479999998, 57.343058799999994], [66.6635609, 57.3424141], [66.6620109, 57.342535999999996], [66.6606547, 57.3439648], [66.65832979999999, 57.34528900000001], [66.6468021, 57.345219300000004], [66.6452199, 57.343982199999985], [66.6450907, 57.3429194], [66.64935309999998, 57.3412815], [66.65694129999999, 57.339051], [66.6598475, 57.3381274], [66.6633671, 57.3364544], [66.66385150000002, 57.3346942], [66.6625922, 57.33326499999999], [66.6589433, 57.331138700000004], [66.6588788, 57.3303195], [66.6600412, 57.329500199999984], [66.6643036, 57.3278443], [66.6660029, 57.3266132], [66.6669731, 57.3257346], [66.6680049, 57.324800200000006], [66.6680372, 57.323806499999996], [66.6663258, 57.32269070000001], [66.6624186, 57.3210519], [66.65615419999999, 57.31862840000001], [66.6514297, 57.31649139999998], [66.6488788, 57.31649139999998], [66.6467799, 57.3161426], [66.645456, 57.316195], [66.63973699999998, 57.3181903], [66.62494769999999, 57.29753620000001], [66.59751339999998, 57.296990999999984], [66.54316299999999, 57.2888708], [66.5442667, 57.296027299999984], [66.4992523, 57.29555880000001], [66.4766269, 57.2774596], [66.4771183, 57.2607559]]]]}}, {"type": "Feature", "properties": {"id": "mo-71624000", "name": "Исетский муниципальный район", "region": "Тюменская область", "isCity": false, "sourceOktmo": "71-624-000-000", "sourceAgg": "Тюмень", "excelNames": ["Исетский муниципальный район"], "oktmo": "71624000", "vgp": [{"year": 2019, "value": 9256181.736909484}, {"year": 2020, "value": 8895507.254696092}, {"year": 2021, "value": 10942997.998107115}, {"year": 2022, "value": 13741128.33054903}, {"year": 2023, "value": 13698475.609745238}, {"year": 2024, "value": 14732070.07010262}], "population": [{"year": 2019, "value": 25150.0}, {"year": 2020, "value": 24878.0}, {"year": 2021, "value": 24729.0}, {"year": 2022, "value": 26081.0}, {"year": 2023, "value": 26041.0}, {"year": 2024, "value": 25979.0}, {"year": 2025, "value": 25957.0}], "shipments": [{"year": 2019, "value": 2566544.7}, {"year": 2020, "value": 2351997.4}, {"year": 2021, "value": 2571671.9}, {"year": 2022, "value": 4179855.4}, {"year": 2023, "value": 3723506.2}, {"year": 2024, "value": 3444414.8}], "employees": [{"year": 2019, "value": 3634.0}, {"year": 2020, "value": 3516.0}, {"year": 2021, "value": 3416.0}, {"year": 2022, "value": 3509.0}, {"year": 2023, "value": 3345.0}, {"year": 2024, "value": 3219.0}], "investments": [{"year": 2019, "value": 1460903.0}, {"year": 2020, "value": 1458344.0}, {"year": 2021, "value": 1700006.0}, {"year": 2022, "value": 4323135.0}, {"year": 2023, "value": 1694032.0}, {"year": 2024, "value": 1778769.0}], "vgp2024": 14732070.07010262, "pop2024": 25979.0, "ship2024": 3444414.8, "emp2024": 3219.0, "inv2024": 1778769.0}, "geometry": {"type": "MultiPolygon", "coordinates": [[[[65.2172106, 56.8447965], [65.2916379, 56.83334129999999], [65.3424859, 56.83542349999999], [65.3544588, 56.83259319999999], [65.3880126, 56.81706350000001], [65.4002924, 56.8137335], [65.4042721, 56.8126946], [65.4336871, 56.80436], [65.45674599999998, 56.8071924], [65.4682755, 56.808163400000005], [65.4931674, 56.80734770000001], [65.5125606, 56.8113871], [65.5334674, 56.8194128], [65.5632667, 56.819153899999996], [65.58096869999999, 56.8120447], [65.5938228, 56.8068816], [65.5955256, 56.80475810000001], [65.6061209, 56.78444960000001], [65.61347549999999, 56.783106599999996], [65.61832439999999, 56.7822212], [65.6367716, 56.78035549999999], [65.6698819, 56.7825322], [65.6884237, 56.784397799999994], [65.70147859999999, 56.7873515], [65.7574824, 56.794190799999996], [65.7690237, 56.782946800000005], [65.7801891, 56.76378859999999], [65.7854427, 56.74761639999999], [65.7955828, 56.72279819999999], [65.80867959999999, 56.6907191], [65.8104533, 56.68235729999999], [65.81621810000001, 56.6727755], [65.8169571, 56.666196799999994], [65.83277319999999, 56.6666029], [65.8330689, 56.644828299999986], [65.8548743, 56.635633999999996], [65.87490020000001, 56.6271881], [65.8908641, 56.6280012], [65.8973679, 56.62637500000001], [65.9115581, 56.625074000000005], [65.9142187, 56.62247180000001], [65.9117709, 56.618945599999996], [65.9138521, 56.6132717], [65.9135683, 56.605983], [65.9186768, 56.6012445], [65.9228392, 56.5948388], [65.93095119999998, 56.58573299999999], [65.94679329999998, 56.5734175], [65.9515506, 56.56671200000001], [65.9567383, 56.5602118], [65.9797306, 56.5401383], [65.9827207, 56.5229634], [65.98376139999999, 56.5146211], [65.9834532, 56.5098266], [65.9857993, 56.507561100000004], [65.98640539999998, 56.505165899999994], [65.9881787, 56.5017765], [65.98938769999998, 56.49976989999999], [65.98980069999999, 56.499196700000006], [65.99102689999998, 56.49953509999999], [65.9920404, 56.4999149], [65.9930915, 56.500129], [65.9938172, 56.4999564], [65.99351809999999, 56.4996128], [65.9930164, 56.4991691], [65.9913022, 56.4987961], [65.98960049999998, 56.49858199999999], [65.9882991, 56.4983265], [65.98772359999998, 56.4980157], [65.9878737, 56.49713860000001], [65.9861094, 56.49715239999999], [65.9844328, 56.49723529999999], [65.9812296, 56.4984784], [65.9800033, 56.4985682], [65.97881459999999, 56.497767100000004], [65.9784267, 56.49753909999999], [65.97791369999999, 56.4971109], [65.97806389999998, 56.4959989], [65.9783892, 56.495536200000004], [65.9794027, 56.495536200000004], [65.9802911, 56.4953635], [65.98071649999999, 56.4951494], [65.9803787, 56.4948455], [65.97951529999999, 56.49483860000001], [65.97858939999999, 56.4949491], [65.9760994, 56.494534699999996], [65.97503579999999, 56.49475569999999], [65.9750233, 56.49527369999999], [65.97504839999999, 56.4960887], [65.97413489999998, 56.49628210000001], [65.9709471, 56.4960304], [65.9684659, 56.4951495], [65.9666, 56.49517599999999], [65.9647902, 56.4950611], [65.96423759999999, 56.49461459999999], [65.9649423, 56.49429630000001], [65.9668082, 56.49414600000001], [65.96748889999999, 56.4940002], [65.9675502, 56.4935821], [65.9596524, 56.4893753], [65.959252, 56.48892630000001], [65.9594147, 56.48853249999999], [65.9605408, 56.4885395], [65.96111639999998, 56.4883529], [65.9610661, 56.4878025], [65.9584023, 56.486583800000005], [65.95804189999998, 56.486125099999995], [65.95842229999998, 56.4856], [65.9587902, 56.48261699999999], [65.9581195, 56.48214720000001], [65.95603739999999, 56.48223010000001], [65.9550865, 56.4826336], [65.9539153, 56.4838994], [65.9527014, 56.48393149999999], [65.9513527, 56.4839989], [65.94956089999998, 56.4845018], [65.9474888, 56.4844134], [65.9462676, 56.48516510000001], [65.94504640000001, 56.486182], [65.9453967, 56.486640799999996], [65.946618, 56.48698899999999], [65.9468382, 56.4874422], [65.9464078, 56.487923], [65.94517649999999, 56.4884038], [65.9439853, 56.48837619999998], [65.9422236, 56.4865579], [65.94294430000001, 56.48531429999999], [65.9435549, 56.48414809999999], [65.94315450000002, 56.483578800000004], [65.94192329999998, 56.48379429999999], [65.9400314, 56.48464], [65.93733869999998, 56.484938500000005], [65.9354341, 56.4854888], [65.9292365, 56.485478], [65.9264211, 56.4842797], [65.8955035, 56.4778935], [65.8938612, 56.47772069999999], [65.8826781, 56.4764898], [65.8692443, 56.4763902], [65.86903159999999, 56.4748284], [65.8683685, 56.474365399999996], [65.8662038, 56.4740959], [65.8653654, 56.473626], [65.8641768, 56.4735016], [65.8632758, 56.4737089], [65.8627253, 56.47446910000001], [65.8612113, 56.47449670000001], [65.8606607, 56.4741996], [65.8593219, 56.474116599999995], [65.8576077, 56.4745244], [65.8553804, 56.4758236], [65.8551568, 56.476214600000006], [65.8281033, 56.4802769], [65.8116805, 56.4836642], [65.7917737, 56.4880852], [65.7852931, 56.4906731], [65.7752419, 56.486100099999994], [65.7668818, 56.4830325], [65.78877460000001, 56.475966899999996], [65.7985891, 56.47432570000001], [65.8036723, 56.47509229999999], [65.8077585, 56.475589], [65.8158073, 56.4764602], [65.8159501, 56.475801700000005], [65.8148438, 56.4753753], [65.81476879999998, 56.47421429999999], [65.8141682, 56.47358539999999], [65.8141556, 56.4722861], [65.81332979999999, 56.4717056], [65.8127793, 56.471131899999996], [65.8127292, 56.4695768], [65.814506, 56.468014800000006], [65.8147437, 56.466839699999994], [65.8152442, 56.46618999999999], [65.81520669999999, 56.4653259], [65.8091601, 56.45869520000001], [65.80774399999999, 56.4573054], [65.8093296, 56.45565049999999], [65.82813270000001, 56.4501408], [65.83285209999998, 56.43945860000001], [65.8337682, 56.4370642], [65.8240728, 56.43362150000001], [65.82098179999998, 56.432718099999995], [65.8164448, 56.430814299999994], [65.8139521, 56.4278143], [65.8059955, 56.41522919999999], [65.8033833, 56.4110965], [65.7882525, 56.41122549999999], [65.7759245, 56.410308400000005], [65.7795572, 56.3999233], [65.78099759999999, 56.3953236], [65.77410939999999, 56.393058999999994], [65.7710809, 56.3910434], [65.74356099999999, 56.391358999999994], [65.6723806, 56.39217539999999], [65.6552125, 56.3798396], [65.6512999, 56.37677939999999], [65.6530399, 56.3719399], [65.6780409, 56.368828799999996], [65.6798538, 56.355574600000004], [65.68101119999999, 56.3465864], [65.66719909999999, 56.320716399999995], [65.661667, 56.3111962], [65.65788669999999, 56.3042059], [65.65532959999999, 56.2975647], [65.6557675, 56.27150060000001], [65.50009829999999, 56.2819478], [65.4542258, 56.28542840000001], [65.3535498, 56.28569340000001], [65.24920189999999, 56.2765151], [65.2342865, 56.2767289], [65.2079963, 56.288088900000005], [65.1800785, 56.288769599999995], [65.1342696, 56.3038435], [65.1271283, 56.30647040000001], [65.1220021, 56.3075734], [65.1195819, 56.3113135], [65.1176617, 56.31484549999999], [65.11512049999999, 56.3182386], [65.1127013, 56.321770599999994], [65.1058899, 56.3270987], [65.0941513, 56.3349317], [65.12587189999999, 56.345926299999995], [65.1730365, 56.3408476], [65.1760296, 56.3406417], [65.1885081, 56.33712669999999], [65.1921231, 56.3385078], [65.2070906, 56.33850900000001], [65.2190607, 56.3449922], [65.2134319, 56.3642346], [65.2126829, 56.3644416], [65.20556759999998, 56.3651995], [65.1732407, 56.36491720000001], [65.16300639999999, 56.3649131], [65.16013729999999, 56.364429], [65.13677529999998, 56.37214089999999], [65.1309593, 56.397033400000005], [65.1255538, 56.407650600000004], [65.12466969999998, 56.41061560000001], [65.1164184, 56.4119886], [65.11029009999999, 56.41343149999999], [65.10667609999999, 56.4104624], [65.1050622, 56.407840400000005], [65.1043111, 56.40797740000001], [65.1003039, 56.410456399999994], [65.0920426, 56.41375829999999], [65.0924146, 56.41465540000001], [65.09540660000002, 56.4165204], [65.1005277, 56.417215500000005], [65.1016497, 56.41790649999999], [65.1011406, 56.420250599999996], [65.0970105, 56.4218326], [65.0887541, 56.4234105], [65.08737710000001, 56.4238225], [65.0875001, 56.4242365], [65.0889981, 56.4248596], [65.0918682, 56.4259656], [65.0919911, 56.4265866], [65.09136310000001, 56.42720659999999], [65.09048609999999, 56.4276886], [65.087735, 56.427961599999996], [65.08523489999999, 56.4279586], [65.0847339, 56.42809559999999], [65.0848569, 56.4286476], [65.08753969999998, 56.4299008], [65.0874729, 56.4307887], [65.0865928, 56.4320287], [65.08371069999998, 56.43340469999999], [65.08308359999998, 56.433955700000006], [65.08357959999998, 56.4349217], [65.09232779999999, 56.4358968], [65.0937019, 56.43644979999999], [65.0943188, 56.438381899999996], [65.0943138, 56.4396919], [65.0934327, 56.4411389], [65.0829082, 56.4454729], [65.077643, 56.4482949], [65.0606043, 56.4539289], [65.06046719999999, 56.45641189999999], [65.0480768, 56.4572228], [65.0423015, 56.460938799999994], [65.0367802, 56.4638958], [65.0341411, 56.46582279999999], [65.031883, 56.4668538], [65.02016819999999, 56.479594], [65.002895, 56.4985982], [64.99671759999998, 56.504587300000004], [64.9945604, 56.50865129999999], [64.989496, 56.51643550000001], [64.9894829, 56.518366499999985], [64.9989469, 56.5273488], [65.0021949, 56.5289409], [65.0071789, 56.53357], [65.0140349, 56.5398572], [65.0156519, 56.541928299999995], [65.00032329999999, 56.546660200000005], [64.99417, 56.54782120000001], [64.9936379, 56.5523723], [65.0012519, 56.557902500000004], [65.00124590000001, 56.558730499999996], [65.00023879999999, 56.5592115], [64.9981068, 56.55920739999999], [64.9958397, 56.56051349999999], [64.99493649999998, 56.564235499999995], [64.9951654, 56.56754659999999], [64.99590839999999, 56.5688576], [64.9985294, 56.5710007], [65.0065455, 56.5732908], [65.0124256, 56.576128], [65.0116032, 56.5869542], [65.0104682, 56.58784820000001], [65.00441679999999, 56.591630200000004], [65.0087939, 56.59432829999999], [65.0032386, 56.59893829999999], [64.99796339999999, 56.5990673], [64.985273, 56.6000772], [64.98570459999999, 56.6099394], [64.998885, 56.61134359999999], [65.0041662, 56.6105946], [65.0083971, 56.6166708], [65.01313709999998, 56.62198889999999], [65.0201743, 56.621863], [65.0271026, 56.619116], [65.03189580000002, 56.615882000000006], [65.0325289, 56.615056], [65.0335359, 56.61471300000001], [65.034667, 56.614714], [65.0347879, 56.61547300000001], [65.0346559, 56.616507000000006], [65.03018529999999, 56.62884429999999], [65.02890209999998, 56.63332530000001], [65.0287269, 56.64153149999999], [65.02620779999998, 56.64228549999999], [65.02205159999998, 56.643520499999994], [65.01966349999998, 56.6433095], [65.0049782, 56.63962920000001], [64.998946, 56.6394112], [64.9796055, 56.636821899999994], [64.9722661, 56.64322099999999], [64.973485, 56.64832609999999], [64.977621, 56.6501972], [64.981872, 56.6535153], [64.988372, 56.65904449999999], [64.990875, 56.660842499999994], [64.99149699999998, 56.6618096], [64.9914598, 56.6670507], [64.99270279999999, 56.6688297], [64.9929728, 56.67040879999998], [64.9960297, 56.6738029], [64.9978877, 56.6768219], [65.00083459999999, 56.6815901], [64.99055319999998, 56.684836000000004], [64.986165, 56.68635499999999], [64.9787418, 56.6865039], [64.9836007, 56.6936391], [64.98848149999999, 56.7024914], [64.9919434, 56.708185500000006], [64.9939874, 56.710861599999994], [64.99439929999998, 56.71395170000001], [64.9912911, 56.7175277], [64.9822607, 56.721114699999994], [64.96256779999999, 56.72918069999999], [64.945, 56.736347599999995], [64.9427908, 56.742462700000004], [64.94255569999999, 56.7441808], [64.9437385, 56.74919289999999], [64.9444124, 56.753725], [64.94638020000001, 56.7615522], [64.9321766, 56.7663771], [64.9270552, 56.7724002], [64.9482685, 56.770792], [64.953425, 56.7707113], [64.9753844, 56.7703654], [64.9980493, 56.769906600000006], [65.0120524, 56.7698709], [65.0197241, 56.77023539999999], [65.04303079999998, 56.7712238], [65.05391229999998, 56.7716964], [65.0623501, 56.770873099999996], [65.0717986, 56.77009760000001], [65.0849048, 56.7689671], [65.08734900000002, 56.7691868], [65.0976873, 56.768427], [65.1252829, 56.766559], [65.1479854, 56.7652579], [65.1696827, 56.7640353], [65.17124209999999, 56.7700224], [65.172884, 56.7763249], [65.17466059999998, 56.786522], [65.1800079, 56.807080299999996], [65.1827015, 56.8197043], [65.18419889999998, 56.828082], [65.1893703, 56.848480099999996], [65.2172106, 56.8447965]]]]}}, {"type": "Feature", "properties": {"id": "mo-71658000", "name": "Ярковский муниципальный район", "region": "Тюменская область", "isCity": false, "sourceOktmo": "71-658-000-000", "sourceAgg": "Тюмень", "excelNames": ["Ярковский муниципальный район"], "oktmo": "71658000", "vgp": [{"year": 2019, "value": 7757303.825851038}, {"year": 2020, "value": 8744826.91903095}, {"year": 2021, "value": 10117731.248339713}, {"year": 2022, "value": 10577914.813043002}, {"year": 2023, "value": 11480982.407332342}, {"year": 2024, "value": 12984199.719082123}], "population": [{"year": 2019, "value": 23158.0}, {"year": 2020, "value": 23041.0}, {"year": 2021, "value": 22862.0}, {"year": 2022, "value": 23280.0}, {"year": 2023, "value": 23229.0}, {"year": 2024, "value": 23139.0}, {"year": 2025, "value": 23141.0}], "shipments": [{"year": 2019, "value": 1849558.9}, {"year": 2020, "value": 3677062.9}, {"year": 2021, "value": 3410514.4}, {"year": 2022, "value": 1841633.1}, {"year": 2023, "value": 1073430.7}, {"year": 2024, "value": 1469255.3}], "employees": [{"year": 2019, "value": 2915.0}, {"year": 2020, "value": 3064.0}, {"year": 2021, "value": 2810.0}, {"year": 2022, "value": 2580.0}, {"year": 2023, "value": 2612.0}, {"year": 2024, "value": 2651.0}], "investments": [{"year": 2019, "value": 1437691.0}, {"year": 2020, "value": 695098.0}, {"year": 2021, "value": 880701.0}, {"year": 2022, "value": 484244.0}, {"year": 2023, "value": 662780.0}, {"year": 2024, "value": 936411.0}], "vgp2024": 12984199.719082123, "pop2024": 23139.0, "ship2024": 1469255.3, "emp2024": 2651.0, "inv2024": 936411.0}, "geometry": {"type": "MultiPolygon", "coordinates": [[[[66.4775058, 57.24785399999999], [66.47717869999998, 57.258704], [66.4771183, 57.2607559], [66.4766269, 57.2774596], [66.4992523, 57.29555880000001], [66.5442667, 57.296027299999984], [66.54316299999999, 57.2888708], [66.59751339999998, 57.296990999999984], [66.62494769999999, 57.29753620000001], [66.63973699999998, 57.3181903], [66.645456, 57.316195], [66.6467799, 57.3161426], [66.6488788, 57.31649139999998], [66.6514297, 57.31649139999998], [66.65615419999999, 57.31862840000001], [66.6624186, 57.3210519], [66.6663258, 57.32269070000001], [66.6680372, 57.323806499999996], [66.6680049, 57.324800200000006], [66.6669731, 57.3257346], [66.6660029, 57.3266132], [66.6643036, 57.3278443], [66.6600412, 57.329500199999984], [66.6588788, 57.3303195], [66.6589433, 57.331138700000004], [66.6625922, 57.33326499999999], [66.66385150000002, 57.3346942], [66.6633671, 57.3364544], [66.6598475, 57.3381274], [66.65694129999999, 57.339051], [66.64935309999998, 57.3412815], [66.6450907, 57.3429194], [66.6452199, 57.343982199999985], [66.6468021, 57.345219300000004], [66.65832979999999, 57.34528900000001], [66.6606547, 57.3439648], [66.6620109, 57.342535999999996], [66.6635609, 57.3424141], [66.66488479999998, 57.343058799999994], [66.66607949999998, 57.34478369999999], [66.6659827, 57.34706609999999], [66.6647531, 57.3478278], [66.6626557, 57.349127100000004], [66.66107349999999, 57.35114790000001], [66.65913610000001, 57.35332539999999], [66.6556164, 57.35565950000001], [66.80260769999998, 57.35611600000001], [66.8441282, 57.3648903], [66.8943295, 57.37548049999999], [66.9357872, 57.3842239], [66.88325619999999, 57.424775899999986], [66.87024849999999, 57.4332639], [66.8596147, 57.4858552], [66.8550107, 57.48985509999999], [66.848704, 57.4927361], [66.8458659, 57.4937868], [66.8435325, 57.4937868], [66.8380456, 57.49270219999999], [66.8339462, 57.49104150000001], [66.83104509999998, 57.488601], [66.8282071, 57.48188880000001], [66.8260628, 57.4764639], [66.8259366, 57.4745311], [66.81130499999999, 57.47788800000001], [66.8158458, 57.483177100000006], [66.8190623, 57.4886349], [66.8233505, 57.49494740000001], [66.82668039999999, 57.49706210000001], [66.83480349999999, 57.49936649999999], [66.8410094, 57.5012912], [66.81961359999998, 57.51107340000001], [66.8005741, 57.5197761], [66.7963359, 57.52107659999999], [66.789121, 57.521482999999996], [66.78947420000002, 57.52465269999999], [66.761196, 57.537528], [66.7479569, 57.543701900000016], [66.7366886, 57.539051900000004], [66.73632539999998, 57.53794709999999], [66.7351952, 57.5369071], [66.7329348, 57.5366905], [66.7302709, 57.53725380000001], [66.6973926, 57.5452554], [66.6989692, 57.553783100000004], [66.6845268, 57.55371540000001], [66.6821302, 57.5486397], [66.630817, 57.5611032], [66.64052740000001, 57.56843899999999], [66.64462679999998, 57.630577100000004], [66.6210467, 57.6615873], [66.501706, 57.679760800000004], [66.5058054, 57.682331799999986], [66.5110873, 57.683216800000004], [66.51487139999999, 57.683006099999986], [66.5181036, 57.6819103], [66.5207839, 57.681531], [66.523149, 57.68199460000001], [66.5304017, 57.68439690000001], [66.5365508, 57.68692539999999], [66.5393888, 57.68949589999999], [66.5421283, 57.69605690000001], [66.5401575, 57.6966467], [66.53392959999998, 57.69812120000001], [66.5281747, 57.69967989999999], [66.52549429999999, 57.701322699999984], [66.5235234, 57.704102799999994], [66.52163139999999, 57.71437869999999], [66.526125, 57.7178736], [66.5534567, 57.717765799999995], [66.5587859, 57.718431], [66.5623808, 57.7191047], [66.5725977, 57.72573950000001], [66.57121020000001, 57.73664899999999], [66.5677415, 57.739443200000004], [66.5781476, 57.7397125], [66.5836976, 57.7400491], [66.5866617, 57.740756], [66.6139069, 57.7515264], [66.6183216, 57.7584244], [66.6180693, 57.76343730000001], [66.620592, 57.76478289999999], [66.635539, 57.7652203], [66.6416566, 57.76918950000001], [66.6461974, 57.7741], [66.64985529999998, 57.77618509999999], [66.6525042, 57.777093099999995], [66.65515299999998, 57.77689130000001], [66.6580541, 57.776016899999995], [66.6619012, 57.77527709999999], [66.66682049999999, 57.775411600000005], [66.67098289999998, 57.7758152], [66.67621749999999, 57.77635320000001], [66.6805692, 57.77736209999999], [66.69173209999998, 57.777799200000004], [66.6952639, 57.778976199999995], [66.70384109999999, 57.78358279999999], [66.7073098, 57.78570090000001], [66.7105262, 57.78637329999999], [66.71557159999999, 57.7839862], [66.7174006, 57.78129640000001], [66.7197341, 57.7785054], [66.7216261, 57.777765599999995], [66.7254101, 57.77742929999999], [66.7320322, 57.77773199999999], [66.74023099999998, 57.7785054], [66.74552859999999, 57.77840450000001], [66.750574, 57.7778329], [66.7556194, 57.7767904], [66.7596558, 57.77692489999999], [66.76022339999999, 57.77773199999999], [66.76148469999998, 57.77924519999999], [66.7626199, 57.7804557], [66.7680437, 57.78059030000001], [66.77100789999999, 57.7801195], [66.773909, 57.7801531], [66.7746658, 57.780791999999984], [66.7754857, 57.7835491], [66.77725159999999, 57.7834147], [66.7796481, 57.78277580000001], [66.78166629999998, 57.78297760000001], [66.7838737, 57.7839526], [66.7891713, 57.78781899999999], [66.7911264, 57.78939900000001], [66.7947843, 57.79064279999999], [66.7967394, 57.78889470000001], [66.7969286, 57.7852639], [66.797307, 57.78391899999999], [66.80083879999998, 57.78223779999999], [66.805695, 57.7814645], [66.8121782, 57.781044699999995], [66.8147514, 57.78217449999999], [66.819595, 57.785160099999985], [66.8241863, 57.78715039999999], [66.8305939, 57.7879573], [66.83483209999999, 57.7879035], [66.8386666, 57.78715039999999], [66.84562919999999, 57.785160099999985], [66.84951419999999, 57.7818248], [66.8530459, 57.7794038], [66.8567291, 57.78238970000001], [66.8577382, 57.786343599999995], [66.85011959999999, 57.78962469999999], [66.83985789999998, 57.7928008], [66.84799359999998, 57.79827949999999], [66.8557509, 57.8024803], [66.8597242, 57.803353999999985], [66.8639497, 57.802749199999994], [66.8674815, 57.8027156], [66.87643709999999, 57.8027156], [66.88936589999999, 57.8033877], [66.9020424, 57.804866200000006], [66.9130162, 57.8086967], [66.9140253, 57.8124932], [66.9152196, 57.8226649], [66.9384915, 57.828777], [66.9649665, 57.8252217], [66.9833349, 57.8190082], [67.0010726, 57.83269330000001], [67.0187685, 57.8461408], [67.0252329, 57.849916500000006], [67.0273614, 57.853607999999994], [67.0320126, 57.85478249999999], [67.0347718, 57.8513848], [67.0345353, 57.8492873], [67.05921049999999, 57.85562139999999], [67.0590528, 57.8655608], [67.0645286, 57.86814510000001], [67.0642763, 57.87431660000001], [67.05475309999999, 57.8818953], [67.04838329999998, 57.889874799999994], [67.0560776, 57.8943666], [67.0652854, 57.897450299999996], [67.0703939, 57.9004331], [67.07026769999999, 57.9042534], [67.02740069999999, 57.94031999999999], [66.87277219999999, 57.96285890000001], [66.7567886, 57.9802603], [66.743103, 57.9822331], [66.71798859999998, 57.977061799999994], [66.6923675, 57.98011319999999], [66.69607269999999, 57.9862571], [66.6948113, 57.99152250000001], [66.697807, 57.99152250000001], [66.6970187, 57.9977898], [66.6995414, 57.99904320000001], [66.7045079, 57.99891780000001], [66.7071003, 58.0052949], [66.70972389999999, 58.00925109999999], [66.7133566, 58.01046999999999], [66.716626, 58.01168880000001], [66.7213485, 58.0154519], [66.72159069999998, 58.0171195], [66.7294615, 58.021993599999995], [66.72966329999998, 58.0229768], [66.7280488, 58.02368219999999], [66.7269994, 58.024836500000006], [66.7259499, 58.02505020000001], [66.7251426, 58.02417389999999], [66.7236088, 58.02383189999999], [66.7216311, 58.024238], [66.7203394, 58.02519980000001], [66.7203394, 58.026824199999986], [66.72090449999999, 58.0275509], [66.71929, 58.028876], [66.71815979999998, 58.029111099999994], [66.7174736, 58.02870499999999], [66.7176351, 58.0280425], [66.7173526, 58.027764600000005], [66.7123879, 58.02782879999999], [66.71069259999999, 58.02712340000001], [66.7087956, 58.026845599999994], [66.7079076, 58.02737989999999], [66.70859369999998, 58.028127999999995], [66.7081901, 58.028512699999986], [66.707181, 58.0284058], [66.7059701, 58.02750820000001], [66.7034273, 58.0261616], [66.70132839999998, 58.026097500000006], [66.7005615, 58.02541359999999], [66.7004808, 58.02458], [66.7001982, 58.0237677], [66.6993506, 58.0234899], [66.6977764, 58.02363950000001], [66.6974535, 58.02419519999999], [66.69680769999998, 58.0251571], [66.6963637, 58.02581969999999], [66.695395, 58.0261189], [66.6943052, 58.0257983], [66.694063, 58.02502880000001], [66.69345759999999, 58.02458], [66.69273099999998, 58.024622699999995], [66.6920448, 58.025178499999996], [66.6916412, 58.0257342], [66.69091469999998, 58.025990699999994], [66.6890983, 58.025990699999994], [66.6879278, 58.02564869999999], [66.68829110000001, 58.025071599999976], [66.6888562, 58.0247937], [66.6885333, 58.02417389999999], [66.68720129999998, 58.02355399999998], [66.68603069999999, 58.023896], [66.6848198, 58.024601299999986], [66.6839722, 58.02487920000001], [66.6809046, 58.02475099999999], [66.6796937, 58.02410969999999], [66.67824059999998, 58.023789099999995], [66.6758592, 58.0237677], [66.674608, 58.0235326], [66.6748905, 58.023041000000006], [66.6751327, 58.02250659999999], [66.67416399999999, 58.02203630000001], [66.6727916, 58.02210039999999], [66.6720651, 58.02203630000001], [66.6716211, 58.021395], [66.671056, 58.02120259999999], [66.66976440000002, 58.02120259999999], [66.66915889999999, 58.02086059999999], [66.6681902, 58.0204544], [66.6668582, 58.020497199999994], [66.6656473, 58.0209247], [66.6643154, 58.0210744], [66.66314479999998, 58.0209034], [66.6625797, 58.021395], [66.66274119999999, 58.02205769999998], [66.66177249999998, 58.02244249999999], [66.6606423, 58.02216459999998], [66.6600772, 58.0217798], [66.6595525, 58.0211385], [66.65797829999998, 58.020625499999994], [66.656606, 58.0205186], [66.6558794, 58.0208179], [66.6557987, 58.02169430000001], [66.6557584, 58.0227203], [66.6548704, 58.0231692], [66.65337689999998, 58.0233402], [66.6528118, 58.02400289999999], [66.6505919, 58.02370359999999], [66.6492195, 58.0239601], [66.6473628, 58.02381050000001], [66.6462327, 58.023789099999995], [66.6449814, 58.024238], [66.6438512, 58.0253067], [66.64247889999999, 58.02586240000001], [66.6402185, 58.025563199999986], [66.63820039999999, 58.025584599999995], [66.6376353, 58.0262471], [66.6379582, 58.026931100000006], [66.6377564, 58.02748679999999], [66.6369491, 58.0278929], [66.6367877, 58.0283203], [66.6352942, 58.02870499999999], [66.6329128, 58.02915380000001], [66.63117719999998, 58.02983770000001], [66.6306121, 58.0303506], [66.62960299999999, 58.030799399999985], [66.6287554, 58.0310131], [66.6282307, 58.0316542], [66.6262529, 58.0318466], [66.6250824, 58.0320175], [66.6243558, 58.0324449], [66.6243558, 58.03310739999999], [66.624154, 58.0337912], [66.623266, 58.0337912], [66.6222569, 58.0332356], [66.6207635, 58.03319290000001], [66.6205617, 58.033876699999986], [66.6219744, 58.03466729999999], [66.6222569, 58.0355434], [66.6219744, 58.036782699999996], [66.62035990000001, 58.03823570000001], [66.6197544, 58.03900489999999], [66.6207635, 58.0395817], [66.6217726, 58.040244099999995], [66.62132859999998, 58.04112000000001], [66.6208442, 58.04165409999999], [66.62104599999999, 58.04257279999999], [66.6210864, 58.04319229999999], [66.6202388, 58.04398280000001], [66.61927009999998, 58.0443887], [66.61741329999998, 58.044879999999985], [66.6170501, 58.04547819999999], [66.6166464, 58.0464394], [66.6143054, 58.04648220000001], [66.612489, 58.0466103], [66.61160109999999, 58.048404600000005], [66.6091389, 58.04898139999999], [66.6073629, 58.0500493], [66.60679779999998, 58.0513095], [66.60679779999998, 58.0524201], [66.60562729999998, 58.05259099999999], [66.6047797, 58.05203569999998], [66.6038917, 58.0525483], [66.6041742, 58.0535521], [66.6038917, 58.0543209], [66.60223679999999, 58.054491799999994], [66.6008645, 58.0547481], [66.6001783, 58.05536740000001], [66.59920959999998, 58.05624300000001], [66.59755469999999, 58.05626439999999], [66.596142, 58.0557518], [66.5944063, 58.0563498], [66.5934376, 58.05703319999999], [66.5898049, 58.05908320000001], [66.5873024, 58.0598946], [66.58185339999999, 58.0608769], [66.5879988, 58.0750001], [66.5831956, 58.07967419999999], [66.5744772, 58.084689100000006], [66.5672925, 58.0848598], [66.5549414, 58.0886792], [66.5455021, 58.10954359999999], [66.5451994, 58.116179999999986], [66.5330994, 58.1230974], [66.7503934, 58.18841040000001], [66.9340231, 58.16721359999998], [67.1181864, 58.14594259999999], [67.1206772, 58.14464079999999], [67.125562, 58.1434028], [67.13066449999998, 58.143070900000005], [67.1342918, 58.14406650000001], [67.3422631, 58.119220600000006], [67.3994278, 58.11232859999999], [67.4159044, 58.010605700000006], [67.4186854, 58.0105673], [67.42149049999999, 58.01015730000001], [67.42361859999998, 58.00883780000001], [67.4239088, 58.006698199999995], [67.42422309999999, 58.0060576], [67.4242715, 58.0028287], [67.4226126, 58.0004632], [67.4226319, 57.999397], [67.42207089999998, 57.997930999999994], [67.4219161, 57.9971518], [67.4217614, 57.99696719999999], [67.4214132, 57.9955729], [67.42027179999998, 57.99477310000001], [67.4192658, 57.99458860000001], [67.4224138, 57.974507299999985], [67.4312742, 57.974291799999996], [67.4312195, 57.941678], [67.4818006, 57.942146300000005], [67.4981478, 57.93912989999999], [67.51317139999999, 57.9290923], [67.5476941, 57.88420990000001], [67.539442, 57.880352800000004], [67.5539573, 57.8663791], [67.52996399999999, 57.8587663], [67.52996399999999, 57.8573592], [67.5180145, 57.850222], [67.5195732, 57.8490156], [67.5803087, 57.84795679999999], [67.58087539999998, 57.8372478], [67.5903689, 57.837800999999985], [67.597359, 57.839234000000005], [67.6018932, 57.840868099999994], [67.6130397, 57.842753599999995], [67.619652, 57.8432312], [67.6277285, 57.8429295], [67.62914549999999, 57.8410693], [67.6296178, 57.8379015], [67.6275868, 57.8349598], [67.61094939999998, 57.823395700000006], [67.6081912, 57.8230939], [67.5967424, 57.817237999999996], [67.576792, 57.8186467], [67.57365589999999, 57.81858630000001], [67.5711243, 57.819874299999995], [67.569953, 57.821142], [67.5665146, 57.82198720000001], [67.5647765, 57.8218463], [67.5579374, 57.82176580000001], [67.5531765, 57.8208201], [67.5514384, 57.820055399999994], [67.54735769999999, 57.815990199999995], [67.5477355, 57.813011499999995], [67.54214339999999, 57.80950920000001], [67.54082089999999, 57.80731499999999], [67.5399141, 57.8066708], [67.536778, 57.805885700000005], [67.5327728, 57.805845500000004], [67.52283539999999, 57.80642929999999], [67.52155069999999, 57.8059461], [67.5184146, 57.805563600000006], [67.51735659999999, 57.80226189999998], [67.52028729999999, 57.7994217], [67.5256008, 57.801529499999994], [67.5368181, 57.7997363], [67.56402260000002, 57.79598200000001], [67.5910983, 57.78332459999999], [67.5830218, 57.77425879999999], [67.59407379999999, 57.77680250000001], [67.59960469999999, 57.76735020000001], [67.590952, 57.7638838], [67.59166989999999, 57.75944950000001], [67.5775762, 57.7561838], [67.5798811, 57.7513857], [67.57349539999998, 57.7506598], [67.57451559999998, 57.747877399999986], [67.537829, 57.7439906], [67.5445582, 57.7352118], [67.49256310000001, 57.733043800000004], [67.4935264, 57.6836853], [67.5292815, 57.68408740000001], [67.5642058, 57.68451120000001], [67.5650664, 57.64400569999999], [67.70761819999998, 57.6416291], [67.7229568, 57.641373400000006], [67.70217419999999, 57.6031207], [67.7621992, 57.57734669999999], [67.83512410000002, 57.571121], [67.8585876, 57.56757040000001], [67.8689277, 57.587067], [67.9071645, 57.582817799999994], [67.9131102, 57.58275330000001], [67.9172514, 57.58144069999999], [67.91918599999998, 57.57977150000001], [67.91966960000002, 57.5778592], [67.92093919999999, 57.577535000000005], [67.9230551, 57.579820100000006], [67.9246572, 57.5810842], [67.9340581, 57.58275330000001], [67.94684439999999, 57.58144069999999], [67.9529807, 57.579690500000005], [67.9551268, 57.5773243], [67.9572126, 57.57703259999999], [67.9587239, 57.57782670000001], [67.9599935, 57.579787700000004], [67.96216989999999, 57.58088970000001], [67.9643765, 57.5832556], [67.96942459999998, 57.58413059999999], [67.9717521, 57.583838899999996], [67.9737774, 57.58275330000001], [67.9774047, 57.5819754], [67.9812739, 57.58037110000001], [67.98762170000002, 57.57709739999999], [67.9923977, 57.573790999999986], [67.9943323, 57.5703547], [67.9920652, 57.56725839999999], [68.0029775, 57.571927], [68.01280539999999, 57.56170899999999], [67.9919268, 57.5560551], [67.9913223, 57.5540442], [67.9927128, 57.552730600000004], [67.9918361, 57.5517088], [67.9929546, 57.5505897], [67.9916548, 57.54809190000001], [68.00094439999998, 57.525933300000005], [68.0027883, 57.52666359999999], [68.0110405, 57.5267448], [68.0119867, 57.5179449], [67.967655, 57.48966710000001], [67.9793525, 57.4764016], [68.0118473, 57.47536550000001], [68.0241727, 57.4850953], [68.0407678, 57.4854528], [68.03830379999998, 57.47238660000001], [68.0251604, 57.47219110000001], [68.0059154, 57.4326872], [68.0076179, 57.4319291], [67.9726968, 57.419940800000006], [67.96190189999999, 57.41958660000001], [67.95625339999998, 57.415375], [67.9319733, 57.415289400000006], [67.917017, 57.423671500000005], [67.9056816, 57.4241109], [67.8682449, 57.42048170000001], [67.8410096, 57.41595650000001], [67.7833708, 57.3964193], [67.8056474, 57.380477400000004], [67.8770925, 57.32927250000001], [67.86554589999999, 57.3050753], [67.85643469999998, 57.28572119999999], [67.88010719999998, 57.28226190000001], [67.8513222, 57.2088068], [67.7310115, 57.226214199999994], [67.7122062, 57.1933226], [67.7071009, 57.1843881], [67.6929906, 57.1661463], [67.6864887, 57.15182949999999], [67.6305498, 57.15942129999999], [67.62823549999999, 57.16334], [67.6243626, 57.1651839], [67.6181281, 57.1663619], [67.58968989999998, 57.170804399999994], [67.5830303, 57.1688071], [67.5451039, 57.1558989], [67.5318792, 57.15013489999998], [67.5090667, 57.146881], [67.47182799999999, 57.14049369999999], [67.4149296, 57.1556895], [67.4225106, 57.1899765], [67.4249723, 57.197693300000005], [67.2871972, 57.1749341], [67.1535232, 57.151352], [67.121189, 57.136930500000005], [67.0716062, 57.131817799999986], [67.0337682, 57.12028649999999], [66.9950958, 57.1123622], [67.00341589999998, 57.0896233], [66.991399, 57.05975619999999], [66.9735782, 57.046965099999994], [66.95317230000002, 57.0369442], [66.9407925, 57.047668800000004], [66.9319681, 57.04622440000001], [66.9310008, 57.046592700000005], [66.9303479, 57.04786860000001], [66.9294773, 57.0490393], [66.92792959999998, 57.049012999999995], [66.9260192, 57.047750199999996], [66.92410890000001, 57.0466058], [66.9191138, 57.0453467], [66.892102, 57.04333960000001], [66.8669885, 57.0585802], [66.85265359999998, 57.0927717], [66.8493633, 57.1009335], [66.8371996, 57.09965939999999], [66.8384571, 57.0968352], [66.8379009, 57.095088], [66.8358696, 57.0934065], [66.8316619, 57.0929335], [66.8275026, 57.09401080000001], [66.8244798, 57.09536390000001], [66.82223079999999, 57.096625], [66.8199577, 57.0982933], [66.81869849999998, 57.09971649999999], [66.8163045, 57.10087239999999], [66.8110086, 57.1010563], [66.80593029999999, 57.100793599999996], [66.80087619999999, 57.1001105], [66.79671689999999, 57.1000055], [66.79391169999998, 57.0987182], [66.7935732, 57.09715500000001], [66.79495159999999, 57.096248599999996], [66.8028592, 57.0948824], [66.8064381, 57.0936606], [66.8095335, 57.09046810000001], [66.80830019999999, 57.0894564], [66.80622049999998, 57.08881259999999], [66.8045277, 57.08957470000001], [66.80148080000001, 57.0904944], [66.79857889999998, 57.090376099999986], [66.79599139999999, 57.0886418], [66.7961123, 57.08473920000001], [66.79761159999998, 57.08267609999999], [66.79778089999999, 57.080718], [66.7945405, 57.07971920000001], [66.7926784, 57.080021499999994], [66.78815639999999, 57.0825841], [66.7861734, 57.08320179999999], [66.7839728, 57.0836223], [66.7758158, 57.08489899999999], [66.7733008, 57.08461509999999], [66.7714049, 57.0837636], [66.7691685, 57.0809532], [66.7697489, 57.07758870000001], [66.7634422, 57.077494099999996], [66.7579093, 57.076779099999996], [66.75171979999999, 57.0766013], [66.75094819999998, 57.0767197], [66.74843099999998, 57.077106], [66.7446392, 57.076643299999986], [66.7370149, 57.074755399999994], [66.7318147, 57.074519900000006], [66.7291218, 57.0750667], [66.7132283, 57.084108099999995], [66.7209638, 57.10705720000001], [66.7483981, 57.1167736], [66.750591, 57.1184098], [66.7584895, 57.1241981], [66.7501128, 57.125174699999995], [66.70278159999998, 57.1310689], [66.6938183, 57.1328761], [66.6611621, 57.1135721], [66.60150289999999, 57.1147033], [66.59444319999999, 57.114837200000004], [66.5722397, 57.10506169999999], [66.53179879999999, 57.1030435], [66.5301509, 57.09717630000001], [66.51854750000001, 57.1001024], [66.5175819, 57.0985406], [66.51633739999998, 57.09777129999999], [66.5155032, 57.097427499999995], [66.51386999999998, 57.0969505], [66.5122371, 57.09667540000001], [66.5098572, 57.096978699999994], [66.5088057, 57.0975848], [66.5083283, 57.09823759999999], [66.5082208, 57.09872260000001], [66.5082959, 57.099377499999996], [66.5077543, 57.1003735], [66.50733259999998, 57.1008186], [66.5061879, 57.1007318], [66.50550119999998, 57.100592000000006], [66.5048361, 57.1006969], [66.5046, 57.10098820000001], [66.5042996, 57.1013495], [66.5036505, 57.1016671], [66.5030203, 57.1015855], [66.5020037, 57.101406399999995], [66.5014457, 57.10138450000001], [66.50103809999999, 57.1017808], [66.50050159999999, 57.10234019999999], [66.4994931, 57.10275969999999], [66.498785, 57.10316759999999], [66.4983773, 57.1036571], [66.4964247, 57.1034707], [66.4960599, 57.1040417], [66.4957595, 57.10455449999999], [66.49535179999998, 57.1047642], [66.4954805, 57.10498569999999], [66.4947295, 57.105078899999995], [66.4943433, 57.1064074], [66.49324889999998, 57.1068386], [66.4923262, 57.107957199999994], [66.4916879, 57.10876410000001], [66.4883351, 57.10899429999999], [66.48651919999999, 57.1093748], [66.4848161, 57.109938199999995], [66.48364909999998, 57.11068879999999], [66.4827561, 57.111651], [66.48243369999999, 57.1124518], [66.4815759, 57.1144473], [66.4806533, 57.115857000000005], [66.4791298, 57.1179307], [66.4782316, 57.11859249999999], [66.4768767, 57.1193985], [66.4761395, 57.119827199999996], [66.47462369999998, 57.1202955], [66.4723649, 57.1208154], [66.4690232, 57.121262300000005], [66.4662123, 57.12170489999999], [66.4642072, 57.1222376], [66.4620924, 57.1231377], [66.4600994, 57.124323200000006], [66.4585089, 57.125607], [66.4572216, 57.1268961], [66.4562612, 57.128026600000005], [66.4555907, 57.1293688], [66.45537069999999, 57.13068249999999], [66.4535935, 57.1314602], [66.4522407, 57.13186799999999], [66.4503819, 57.13184640000001], [66.44953919999999, 57.1312106], [66.449462, 57.1300946], [66.4473884, 57.1261777], [66.4435337, 57.11866700000001], [66.4420115, 57.11700849999999], [66.4406656, 57.1163044], [66.43878930000001, 57.11609], [66.43702979999999, 57.1162181], [66.4350997, 57.1167377], [66.43308699999999, 57.117514199999995], [66.4309921, 57.1194259], [66.42896169999999, 57.122438800000005], [66.4285631, 57.12403219999999], [66.42882829999999, 57.1255281], [66.4297218, 57.128090500000006], [66.4320516, 57.13242000000001], [66.4325505, 57.1344024], [66.43240429999999, 57.135560899999994], [66.4318798, 57.136430499999996], [66.42977349999998, 57.138692299999995], [66.4270526, 57.140043], [66.4188176, 57.14107409999999], [66.4150372, 57.1410428], [66.4116221, 57.1436887], [66.43890309999999, 57.146747500000004], [66.4828669, 57.1428344], [66.4841409, 57.15831109999999], [66.46956500000002, 57.158964], [66.46083169999999, 57.15839379999999], [66.44995819999998, 57.1588811], [66.44890669999998, 57.17441689999999], [66.4437425, 57.17747789999999], [66.4061392, 57.2170379], [66.4238854, 57.2182188], [66.4360428, 57.234593], [66.47569759999999, 57.2431136], [66.4775058, 57.24785399999999]]]]}}]}