{"type": "FeatureCollection", "features": [{"type": "Feature", "properties": {"id": "city-07701000", "name": "ГО Ставрополь", "region": "Ставропольский край", "isCity": true, "sourceOktmo": "07-701-000-000", "sourceAgg": "Ставрополь", "excelNames": ["ГО Ставрополь"], "oktmo": "07701000", "vgp": [{"year": 2019, "value": 407520167.05397946}, {"year": 2020, "value": 392563878.2819616}, {"year": 2021, "value": 388889722.90241474}, {"year": 2022, "value": 579970107.7039164}, {"year": 2023, "value": 640720234.0624077}, {"year": 2024, "value": 922643194.7737912}], "population": [{"year": 2019, "value": 437552.0}, {"year": 2020, "value": 450863.0}, {"year": 2021, "value": 454671.0}, {"year": 2022, "value": 458348.0}, {"year": 2023, "value": 550260.0}, {"year": 2024, "value": 557402.0}, {"year": 2025, "value": 563103.0}], "shipments": [{"year": 2019, "value": 133297318.5}, {"year": 2020, "value": 138959066.2}, {"year": 2021, "value": 155358036.4}, {"year": 2022, "value": 159090748.3}, {"year": 2023, "value": 211464780.2}, {"year": 2024, "value": 247578410.8}], "employees": [{"year": 2019, "value": 117851.0}, {"year": 2020, "value": 116835.0}, {"year": 2021, "value": 116068.0}, {"year": 2022, "value": 114717.0}, {"year": 2023, "value": 116616.0}, {"year": 2024, "value": 116587.0}], "investments": [{"year": 2019, "value": 18569687.0}, {"year": 2020, "value": 18411967.0}, {"year": 2021, "value": 22817668.0}, {"year": 2022, "value": 22053819.0}, {"year": 2023, "value": 45783937.0}, {"year": 2024, "value": 41041151.0}], "vgp2024": 922643194.7737912, "pop2024": 557402.0, "ship2024": 247578410.8, "emp2024": 116587.0, "inv2024": 41041151.0}, "geometry": {"type": "MultiPolygon", "coordinates": [[[[41.9487685, 45.0993059], [41.948648, 45.100007299999994], [41.9487304, 45.1012847], [41.9494192, 45.10257909999999], [41.95176099999999, 45.1060559], [41.956285699999995, 45.113044], [41.9563641, 45.1130176], [41.9641607, 45.11038959999999], [41.964419899999996, 45.11072179999999], [41.9667051, 45.109972600000006], [41.9676255, 45.1113334], [41.9675052, 45.112140499999995], [41.9672115, 45.1126469], [41.967755600000004, 45.11278840000001], [41.96798149999999, 45.1124893], [41.9707879, 45.108118], [41.97181609999999, 45.105460199999996], [41.97184579999999, 45.1054048], [41.97706529999999, 45.1060779], [41.97924859999999, 45.10633059999999], [41.9823832, 45.10654949999999], [41.9830857, 45.10410050000001], [41.9850654, 45.101940799999994], [41.9854169, 45.0994785], [41.98527419999999, 45.098476999999995], [41.98458759999999, 45.0976588], [41.98388739999999, 45.09684479999999], [41.98244759999999, 45.09546929999999], [41.98383369999999, 45.09452610000001], [41.9877356, 45.095054399999995], [41.9885929, 45.0925269], [41.988406899999994, 45.0924501], [41.987480899999994, 45.090614], [41.9866854, 45.0908847], [41.9863795, 45.0902986], [41.9849369, 45.09021669999999], [41.983582199999994, 45.0895264], [41.9824352, 45.0894774], [41.9803669, 45.0889269], [41.97471319999999, 45.0881781], [41.971520899999994, 45.087419399999995], [41.97209629999999, 45.0849062], [41.97566359999999, 45.08359229999999], [41.9762966, 45.08280760000001], [41.9767031, 45.0820274], [41.9813644, 45.0819522], [41.9891994, 45.08116329999999], [41.9911196, 45.080908], [41.9916851, 45.0804367], [41.992781099999995, 45.07957559999999], [41.99363879999999, 45.0791131], [41.99355539999999, 45.0773145], [41.9947374, 45.0773021], [41.99475519999999, 45.0762949], [41.995475799999994, 45.07626], [41.9965955, 45.0762553], [41.9968075, 45.076738399999996], [41.9978125, 45.0771774], [41.999162199999994, 45.0763428], [42.0009702, 45.0758167], [42.0010542, 45.07777359999999], [42.00121229999999, 45.079146], [42.0012014, 45.0792608], [42.001835199999995, 45.0797092], [42.00238649999999, 45.0801269], [42.002399999999994, 45.080895399999996], [42.0018791, 45.0813384], [42.00260819999999, 45.0846777], [42.0070904, 45.0843852], [42.0171628, 45.08605829999999], [42.0174421, 45.082238399999994], [42.0225894, 45.0827754], [42.0248747, 45.0829486], [42.024043299999995, 45.084678800000006], [42.0210906, 45.08850269999999], [42.0224071, 45.0909762], [42.0229027, 45.0912388], [42.023396299999995, 45.0917357], [42.0241732, 45.0917421], [42.02489529999999, 45.0915614], [42.0264909, 45.091691000000004], [42.0291802, 45.0907901], [42.029830999999994, 45.0903354], [42.030169199999996, 45.09044509999999], [42.0319333, 45.09027729999999], [42.0331306, 45.09049670000001], [42.0338905, 45.0902564], [42.0350205, 45.0895684], [42.0352286, 45.0913762], [42.03952579999999, 45.0911073], [42.0399449, 45.0958042], [42.03706089999999, 45.0969601], [42.03700619999999, 45.0970609], [42.03425239999999, 45.09824989999999], [42.03446509999999, 45.098411500000005], [42.031689, 45.1014622], [42.03078829999999, 45.1026462], [42.0309159, 45.10290679999999], [42.0308756, 45.1030193], [42.03011789999999, 45.1067742], [42.03872969999999, 45.104045199999995], [42.039052399999996, 45.10475859999999], [42.0452842, 45.1032677], [42.0472834, 45.1027993], [42.0485346, 45.1025074], [42.056225899999994, 45.1011051], [42.055908699999996, 45.1003523], [42.0618017, 45.0990913], [42.0659756, 45.09700900000001], [42.06733450000001, 45.09658499999999], [42.0687007, 45.0963273], [42.0698308, 45.096262100000004], [42.0737586, 45.0960069], [42.07659679999999, 45.09581519999999], [42.07936409999999, 45.09568049999999], [42.0794044, 45.09543519999999], [42.0834, 45.0945835], [42.0812075, 45.0894099], [42.07782139999999, 45.0897008], [42.076449, 45.08795359999999], [42.07321379999999, 45.0887527], [42.07271909999999, 45.0876682], [42.0762448, 45.0870262], [42.07691679999999, 45.08578309999999], [42.0772935, 45.0854848], [42.0794698, 45.084977699999996], [42.080707499999995, 45.08377689999999], [42.083198, 45.0842789], [42.0842383, 45.0841893], [42.083720299999996, 45.081791300000006], [42.08371499999999, 45.0739811], [42.079954, 45.073314399999994], [42.0912968, 45.05804279999999], [42.092048199999994, 45.057606799999995], [42.088165599999996, 45.05514939999999], [42.0845808, 45.052656299999995], [42.0839265, 45.0500065], [42.084001, 45.0492688], [42.0732422, 45.0474553], [42.07790649999999, 45.04600039999999], [42.08118149999999, 45.04456359999999], [42.08188679999999, 45.043961599999996], [42.0826452, 45.0437251], [42.0818318, 45.0429184], [42.0723345, 45.037676899999994], [42.07035919999999, 45.036175], [42.0692618, 45.03471859999999], [42.0687498, 45.0350122], [42.064440999999995, 45.0335974], [42.06391239999999, 45.0341717], [42.0564964, 45.03228109999999], [42.053497, 45.03169559999999], [42.05334839999999, 45.0314821], [42.0520372, 45.0313432], [42.0521221, 45.031074399999994], [42.0516575, 45.03096719999999], [42.05176079999999, 45.030695], [42.0506732, 45.0305386], [42.05085969999999, 45.029947799999995], [42.0502386, 45.0298479], [42.048993599999996, 45.02957380000001], [42.04865219999999, 45.0294901], [42.0476481, 45.0293167], [42.048077899999996, 45.028857499999994], [42.0485468, 45.028964699999996], [42.04905070000001, 45.0280353], [42.0462034, 45.0271115], [42.0458077, 45.0273102], [42.045489, 45.027077500000004], [42.04556159999999, 45.026189], [42.04692229999999, 45.02474689999999], [42.048192699999994, 45.02535439999999], [42.0525254, 45.0262545], [42.054433, 45.026102099999996], [42.0568854, 45.027012], [42.05939419999999, 45.0274157], [42.059646400000005, 45.026479899999984], [42.058077499999996, 45.0248122], [42.05696739999999, 45.023865199999996], [42.0558562, 45.02306949999999], [42.05079419999999, 45.02010959999999], [42.0497158, 45.01962619999999], [42.043054899999994, 45.01658729999999], [42.042456699999995, 45.01634889999999], [42.0375714, 45.014294199999995], [42.038525, 45.0121431], [42.0381385, 45.0118659], [42.0378013, 45.01055269999999], [42.035720999999995, 45.01033799999999], [42.034875899999996, 45.00874029999999], [42.03405339999999, 45.0067292], [42.0329585, 45.0064998], [42.0302646, 44.9996434], [42.03107059999999, 44.995299599999996], [42.03062599999999, 44.9952276], [42.0300496, 44.995109899999996], [42.0294725, 44.99515559999999], [42.02952619999999, 44.9949502], [42.02878059999999, 44.9947702], [42.0283779, 44.9953179], [42.02776819999999, 44.9957564], [42.026368299999994, 44.9969843], [42.024029299999995, 44.999789699999994], [42.0235516, 45.0015792], [42.021167999999996, 45.00059139999999], [42.021567, 44.9998526], [42.020976399999995, 44.9986019], [42.016447, 44.9999168], [42.0161785, 45.00041889999999], [42.01291569999999, 44.9999585], [42.0114584, 44.9992831], [42.008753, 44.99561750000001], [42.00933739999999, 44.99535749999999], [42.0113216, 44.9960808], [42.0108244, 44.9973877], [42.0114786, 44.9978773], [42.0132443, 44.9970732], [42.017676099999996, 44.9955503], [42.0178104, 44.9957618], [42.01807999999999, 44.9956844], [42.0179334, 44.9954576], [42.0230382, 44.9936198], [42.02064959999999, 44.989117799999995], [42.0173713, 44.99007209999999], [42.0073722, 44.993506399999994], [42.0033893, 44.9941483], [42.002893099999994, 44.99431529999999], [41.9979585, 44.9948689], [41.9978653, 44.9945487], [41.994252, 44.9949471], [41.99123029999999, 44.994989499999996], [41.98986519999999, 44.9948508], [41.9891329, 44.99838789999999], [41.987528, 44.998295399999996], [41.9864868, 44.997033699999996], [41.98495500000001, 44.9963548], [41.9838483, 44.99303439999999], [41.985294599999996, 44.99190649999999], [41.98486319999999, 44.99061129999999], [41.98568199999999, 44.9904284], [41.985693000000005, 44.990063199999994], [41.9869462, 44.98937149999999], [41.9838858, 44.9877258], [41.9813515, 44.9881029], [41.97901209999999, 44.98927189999999], [41.9763298, 44.98759259999999], [41.97219319999999, 44.98746599999999], [41.9705902, 44.98757739999999], [41.96726449999999, 44.98763679999999], [41.9670885, 44.98708899999999], [41.9670686, 44.98702719999999], [41.967481899999996, 44.9867268], [41.96596279999999, 44.9834967], [41.96511269999999, 44.9821273], [41.9647629, 44.9821054], [41.9643334, 44.98159629999999], [41.963566, 44.9817912], [41.9632323, 44.9810303], [41.9790104, 44.9756088], [41.977869399999996, 44.974364400000006], [41.977824399999996, 44.973310999999995], [41.97619559999999, 44.9736698], [41.9752472, 44.974602499999996], [41.9733474, 44.9750335], [41.97177189999999, 44.9747976], [41.972011699999996, 44.9739603], [41.97104600000001, 44.97394549999999], [41.96854919999999, 44.974239499999996], [41.9661528, 44.9749192], [41.9663735, 44.97552640000001], [41.96545489999999, 44.9748659], [41.9647175, 44.974819499999995], [41.9644039, 44.975371599999995], [41.96384669999999, 44.975136299999996], [41.9637511, 44.97497430000001], [41.963510400000004, 44.9750868], [41.9636247, 44.97521210000001], [41.963339, 44.9753152], [41.96309039999999, 44.974554999999995], [41.962658299999994, 44.974526899999994], [41.9624614, 44.97340909999999], [41.96553449999999, 44.97141009999999], [41.9645277, 44.97033859999999], [41.9602114, 44.972635200000006], [41.95976069999999, 44.9731678], [41.958205899999996, 44.97719359999999], [41.9573216, 44.9771959], [41.95405809999999, 44.9763942], [41.9539245, 44.9738883], [41.953329499999995, 44.973809], [41.95327149999999, 44.973329699999994], [41.954311399999995, 44.9732734], [41.951089499999995, 44.9697951], [41.94990229999999, 44.9700852], [41.950235199999995, 44.970453], [41.9492321, 44.9706427], [41.94794569999999, 44.971631699999996], [41.94746829999999, 44.97133680000001], [41.946903, 44.97170409999999], [41.946919, 44.9717768], [41.9490091, 44.9733543], [41.950299, 44.9746993], [41.95255, 44.97626309999999], [41.95268969999999, 44.976287], [41.952616, 44.977478999999995], [41.9512279, 44.9769469], [41.950573799999994, 44.97693989999999], [41.948092, 44.97816699999999], [41.947582999999995, 44.97736780000001], [41.9466453, 44.97774189999999], [41.94684229999999, 44.9781019], [41.94671379999999, 44.978145899999994], [41.94683899999999, 44.9782727], [41.94691509999999, 44.97823509999999], [41.9471263, 44.97862129999999], [41.94513619999999, 44.9790662], [41.9448185, 44.9779586], [41.94484419999999, 44.9764988], [41.94550670000001, 44.9751605], [41.940851099999996, 44.974663099999994], [41.938940499999994, 44.97386229999999], [41.9390131, 44.9752802], [41.9403165, 44.9762326], [41.9397114, 44.9766334], [41.94096979999999, 44.9786754], [41.941468099999994, 44.97982580000001], [41.94032239999999, 44.97983239999999], [41.939973, 44.97986929999999], [41.9395726, 44.9798851], [41.939198999999995, 44.979376699999996], [41.9386598, 44.979161999999995], [41.93807489999999, 44.9792145], [41.9376173, 44.9792899], [41.9372503, 44.979322499999995], [41.93597439999999, 44.97929239999999], [41.93579009999999, 44.97916039999999], [41.933969499999996, 44.979078799999996], [41.9348564, 44.9775028], [41.9345627, 44.9774726], [41.9338712, 44.9773206], [41.9327708, 44.9783092], [41.93242519999999, 44.978616200000005], [41.9320548, 44.97839539999999], [41.93179729999999, 44.9785618], [41.93134979999999, 44.97872739999999], [41.93086199999999, 44.978354200000005], [41.931166999999995, 44.97766589999999], [41.9321886, 44.9771435], [41.9319004, 44.97685589999999], [41.932312499999995, 44.9754864], [41.9316196, 44.974858], [41.9307129, 44.97482699999999], [41.93044749999999, 44.97530939999999], [41.9295346, 44.975445], [41.9294721, 44.9755653], [41.92924769999999, 44.975511999999995], [41.92923660000001, 44.97538819999999], [41.928839999999994, 44.9752873], [41.928650999999995, 44.9756033], [41.92920569999999, 44.97580690000001], [41.92962289999999, 44.9763647], [41.9290187, 44.976320699999995], [41.9292177, 44.97661039999999], [41.92984, 44.9766427], [41.9304377, 44.9779056], [41.9306854, 44.9780719], [41.9296759, 44.9787631], [41.9236437, 44.9811504], [41.9224635, 44.9810287], [41.9223141, 44.9807683], [41.919869399999996, 44.9803035], [41.9186465, 44.97384799999999], [41.91930579999999, 44.9730777], [41.9201385, 44.9717196], [41.92029659999999, 44.970096], [41.9207673, 44.968465599999995], [41.9166316, 44.96893060000001], [41.913028, 44.96966179999999], [41.9115558, 44.9702511], [41.9095959, 44.9699322], [41.9081223, 44.9704519], [41.9059592, 44.9709947], [41.904187799999995, 44.9712586], [41.90220440000001, 44.97196139999999], [41.8982594, 44.9732656], [41.897104399999996, 44.97400150000001], [41.89573399999999, 44.97424229999999], [41.89484529999999, 44.9728621], [41.89355499999999, 44.9728594], [41.892269899999995, 44.9732124], [41.89062369999999, 44.9749897], [41.8904176, 44.9757192], [41.891023999999994, 44.976774], [41.891650399999996, 44.97699219999999], [41.89215469999999, 44.9766886], [41.8945235, 44.977936699999994], [41.8963973, 44.978911200000006], [41.8984295, 44.9799887], [41.8984987, 44.9804781], [41.898573299999995, 44.98128210000001], [41.8999781, 44.991739], [41.9074215, 44.992095199999994], [41.911617, 44.99221729999999], [41.911622699999995, 44.9924505], [41.91170639999999, 44.9929164], [41.9129278, 44.99287029999999], [41.91294619999999, 44.993199399999995], [41.9158959, 44.9930748], [41.91586029999999, 44.99272139999999], [41.9167587, 44.992681399999995], [41.91675719999999, 44.993060199999995], [41.92101089999999, 44.9931003], [41.9210761, 44.993562299999994], [41.9203294, 44.99361499999999], [41.918967499999994, 44.9939234], [41.918400999999996, 44.9939315], [41.9180199, 44.9939554], [41.91519819999999, 44.994591899999996], [41.91455059999999, 44.9947455], [41.9141003, 44.99521489999999], [41.913704499999994, 44.995233899999995], [41.91365689999999, 44.9950714], [41.9131943, 44.9950695], [41.913196299999996, 44.9949682], [41.9123873, 44.9949711], [41.91238680000001, 44.99468639999999], [41.9120003, 44.9946248], [41.9104306, 44.99481479999999], [41.91050659999999, 44.9951155], [41.910220499999994, 44.99520139999999], [41.90971239999999, 44.99545919999999], [41.9090603, 44.9954615], [41.9069515, 44.9969189], [41.9076457, 44.9974255], [41.90553619999999, 44.9986374], [41.9043806, 44.997792999999994], [41.9020993, 44.9980009], [41.901625599999996, 44.9987441], [41.903038599999995, 44.99960380000001], [41.9008486, 45.000074399999995], [41.9006977, 44.9998017], [41.90034849999999, 44.9995311], [41.8996371, 44.99937349999999], [41.8999824, 44.9982399], [41.8993998, 44.9980412], [41.8996117, 44.997662899999995], [41.8980877, 44.9982412], [41.8981378, 44.998373099999995], [41.8970549, 44.998726899999994], [41.896059799999996, 44.999325899999995], [41.8954193, 44.9999543], [41.8934796, 45.000760099999994], [41.89178269999999, 45.0020363], [41.8795808, 45.005806], [41.8759142, 45.00649059999999], [41.868720599999996, 45.008303999999995], [41.867389499999994, 45.00823499999999], [41.863752299999994, 45.00837049999999], [41.8619512, 45.0082447], [41.858904700000004, 45.007814], [41.8581355, 45.008709599999996], [41.85752759999999, 45.0081797], [41.8570767, 45.0081776], [41.856542899999994, 45.0079887], [41.856093099999995, 45.00800029999999], [41.85423159999999, 45.0088508], [41.852388, 45.00826699999999], [41.8530497, 45.0066916], [41.856441999999994, 45.0067908], [41.85653339999999, 45.0069989], [41.856831099999994, 45.0069478], [41.856811099999994, 45.0067924], [41.8571049, 45.0068018], [41.8570874, 45.0066398], [41.8565723, 45.00595429999999], [41.8549889, 45.006001499999996], [41.8549598, 45.0057176], [41.8554593, 45.00577929999999], [41.8555385, 45.0055676], [41.8549353, 45.005479], [41.85491729999999, 45.00530309999999], [41.8545332, 45.00532599999999], [41.8545438, 45.005147799999996], [41.85590559999999, 45.0050418], [41.8556226, 45.00462259999999], [41.855251499999994, 45.0045882], [41.85505979999999, 45.0043701], [41.85442329999999, 45.0045115], [41.8531656, 45.0043911], [41.85284599999999, 45.0040974], [41.8532504, 45.0032722], [41.8543423, 45.00201899999999], [41.8398438, 44.994207100000004], [41.838562800000005, 44.993226], [41.83353509999999, 44.991275099999996], [41.8296814, 44.990772199999995], [41.8280709, 44.9902228], [41.8275979, 44.9904687], [41.8258268, 44.9902123], [41.825760300000006, 44.99115619999999], [41.8250708, 44.9919054], [41.8245485, 44.9923068], [41.824212499999994, 44.9928699], [41.8241869, 44.99314540000001], [41.8219101, 44.9945184], [41.8202049, 44.9957057], [41.81668689999999, 44.99953049999999], [41.8164078, 44.99957489999999], [41.8158232, 44.999915099999996], [41.8146848, 45.0010945], [41.8146223, 45.001321999999995], [41.813252399999996, 45.0025807], [41.80317889999999, 44.99843039999999], [41.792363099999996, 45.0116181], [41.803132899999994, 45.015401999999995], [41.8031419, 45.016059799999994], [41.8018654, 45.02043259999999], [41.801506, 45.02352619999999], [41.7979015, 45.0294411], [41.7926256, 45.0308123], [41.7896125, 45.0262951], [41.77836419999999, 45.02133669999999], [41.7775425, 45.0203415], [41.7749379, 45.0193395], [41.7704577, 45.0184515], [41.76997179999999, 45.0141358], [41.7702591, 45.00949889999999], [41.7701992, 45.0004951], [41.7705407, 44.99274719999999], [41.7584655, 44.99017369999999], [41.7529068, 44.9952157], [41.750574, 44.9958766], [41.7473785, 44.996328299999995], [41.743026199999996, 44.9992676], [41.740007799999994, 44.99796549999999], [41.7358709, 44.9986006], [41.7322869, 44.9943042], [41.72805939999999, 44.993110900000005], [41.7220424, 44.9929813], [41.713954099999995, 44.99571759999999], [41.7100455, 44.9971805], [41.7039329, 45.0022687], [41.7015083, 45.002582399999994], [41.6983475, 45.0059516], [41.6957414, 45.0205135], [41.6974943, 45.02115379999999], [41.6972345, 45.024200199999996], [41.6967478, 45.026883], [41.6983974, 45.0273437], [41.702884, 45.029236399999995], [41.7149275, 45.037050699999995], [41.71703949999999, 45.044253000000005], [41.72209689999999, 45.0495573], [41.726167499999995, 45.0529628], [41.731726800000004, 45.0569468], [41.7320629, 45.05721509999999], [41.7325779, 45.05782899999999], [41.7332538, 45.0585035], [41.7340134, 45.059021], [41.73505629999999, 45.0609362], [41.7372771, 45.0635658], [41.7377277, 45.0641721], [41.7388971, 45.06771079999999], [41.739691099999995, 45.0692187], [41.7402704, 45.07062809999999], [41.7409356, 45.0726966], [41.741696899999994, 45.0749201], [41.7424921, 45.07628449999999], [41.74869339999999, 45.0834255], [41.750474499999996, 45.083883199999995], [41.7511655, 45.0840289], [41.7541527, 45.08475800000001], [41.7557521, 45.084704599999995], [41.756504099999994, 45.08461839999999], [41.7655743, 45.08357819999999], [41.77513009999999, 45.08197], [41.777848399999996, 45.0803209], [41.78232909999999, 45.07942069999999], [41.785199399999996, 45.07748049999999], [41.7855332, 45.0774757], [41.795939, 45.077298199999994], [41.7989648, 45.074742], [41.8004474, 45.07463159999999], [41.802597299999995, 45.0731119], [41.80398889999999, 45.0703234], [41.8052936, 45.0661473], [41.80725809999999, 45.0634271], [41.807839099999995, 45.0614373], [41.8102809, 45.0576262], [41.80983779999999, 45.0521743], [41.8108991, 45.05226019999999], [41.8118194, 45.0525839], [41.8263048, 45.0559379], [41.82668069999999, 45.056024], [41.8259275, 45.0567907], [41.825632399999996, 45.0572057], [41.8238461, 45.0594698], [41.8234569, 45.0600391], [41.8225506, 45.060604700000006], [41.821835199999995, 45.0612706], [41.823154099999996, 45.0620332], [41.8239958, 45.06269230000001], [41.82417869999999, 45.063067600000004], [41.8243235, 45.06385190000001], [41.8244576, 45.0650492], [41.8243825, 45.0659074], [41.824374500000005, 45.0661802], [41.8245676, 45.06636019999999], [41.825368399999995, 45.066614], [41.82351359999999, 45.069874799999994], [41.8228295, 45.0710695], [41.822826899999995, 45.071404799999996], [41.82286609999999, 45.07159089999999], [41.82329779999999, 45.072640199999995], [41.82351419999999, 45.07269960000001], [41.82336409999999, 45.07312209999999], [41.82353429999999, 45.073595399999995], [41.8215589, 45.07701670000001], [41.83660789999999, 45.07690910000001], [41.8405421, 45.07643], [41.84098339999999, 45.076986399999996], [41.8402165, 45.0776724], [41.8406165, 45.0783977], [41.84156159999999, 45.0795825], [41.8428966, 45.08061399999999], [41.8436314, 45.08009549999999], [41.84608639999999, 45.0771139], [41.846918499999994, 45.0766644], [41.847256099999996, 45.0759434], [41.8477414, 45.07564330000001], [41.8484689, 45.0743029], [41.8489204, 45.072488], [41.84767759999999, 45.0717907], [41.84951209999999, 45.0694891], [41.8459625, 45.06582530000001], [41.846485799999996, 45.0630138], [41.8465164, 45.060543499999994], [41.843675000000005, 45.0604326], [41.8400499, 45.0606014], [41.8392038, 45.0610194], [41.8381613, 45.0618485], [41.837654400000005, 45.06161569999999], [41.836576699999995, 45.061703599999994], [41.8357331, 45.061884000000006], [41.834693699999995, 45.062273], [41.83444389999999, 45.061942699999996], [41.8337379, 45.06212519999999], [41.833676399999995, 45.0615646], [41.8324894, 45.06144269999999], [41.83356319999999, 45.05685540000001], [41.83389699999999, 45.0541836], [41.83414119999999, 45.0541408], [41.83550129999999, 45.05442879999999], [41.8355407, 45.05434400000001], [41.83671639999999, 45.0524636], [41.83615979999999, 45.05226239999999], [41.83533469999999, 45.0518707], [41.836007200000005, 45.0509442], [41.83612469999999, 45.05072959999999], [41.8372367, 45.0498457], [41.8384585, 45.0501872], [41.8390837, 45.04925059999999], [41.8394418, 45.048574599999995], [41.838198999999996, 45.0478117], [41.8384697, 45.0473811], [41.838138799999996, 45.0469877], [41.83635449999999, 45.04612389999999], [41.8353005, 45.0446791], [41.8328194, 45.0444617], [41.832914599999995, 45.0439544], [41.83311979999999, 45.04354599999999], [41.8331812, 45.0432427], [41.8331674, 45.0429604], [41.8330226, 45.042549799999996], [41.8330196, 45.0420899], [41.8331545, 45.0415561], [41.8333555, 45.0411661], [41.8335534, 45.0409654], [41.83394189999999, 45.0408745], [41.834516099999995, 45.04081059999999], [41.834150599999994, 45.0402385], [41.835566299999996, 45.03938360000001], [41.8347201, 45.03899959999999], [41.8358768, 45.0384885], [41.8364317, 45.0380964], [41.837398, 45.03688629999999], [41.840167, 45.03559949999999], [41.8401494, 45.03505749999999], [41.83817140000001, 45.035182199999994], [41.8377341, 45.035231599999996], [41.836542099999996, 45.035404099999994], [41.834367099999994, 45.03601059999999], [41.8334434, 45.03633119999999], [41.831933, 45.0371717], [41.831052299999996, 45.0372105], [41.8295218, 45.038266699999994], [41.82945409999999, 45.03871699999999], [41.829990499999994, 45.03938459999999], [41.82943399999999, 45.0399443], [41.82918459999999, 45.0401069], [41.8288752, 45.0407473], [41.826220799999994, 45.04022200000001], [41.82601329999999, 45.039824700000004], [41.8257294, 45.0398487], [41.82549339999999, 45.03852259999999], [41.825079699999996, 45.0380832], [41.824925, 45.038017499999995], [41.8248573, 45.03785930000001], [41.82309299999999, 45.03593959999999], [41.82041949999999, 45.0343685], [41.8211277, 45.0339651], [41.8227962, 45.0327027], [41.8226894, 45.03246789999999], [41.8221872, 45.0323217], [41.820874399999994, 45.0320328], [41.8205604, 45.032273399999994], [41.81927029999999, 45.0324136], [41.81814909999999, 45.0323719], [41.81799349999999, 45.0323374], [41.818677699999995, 45.0318477], [41.8177199, 45.03195109999999], [41.8199401, 45.031211400000004], [41.8200132, 45.0311019], [41.8204556, 45.03070339999999], [41.8204585, 45.0305825], [41.8206945, 45.0301409], [41.8183207, 45.02952669999999], [41.8177851, 45.0285533], [41.8161951, 45.0230319], [41.815821099999994, 45.0219769], [41.816949099999995, 45.0221188], [41.816738599999994, 45.0223188], [41.81672259999999, 45.022451499999995], [41.817221, 45.022647], [41.8176529, 45.022719099999996], [41.818689299999996, 45.0231313], [41.819057099999995, 45.02342949999999], [41.81980329999999, 45.02382779999999], [41.820617799999994, 45.02490759999999], [41.82102439999999, 45.0258813], [41.821298, 45.026866999999996], [41.821438099999995, 45.0277809], [41.8220222, 45.0276452], [41.8234519, 45.027984], [41.8235914, 45.0289403], [41.8232265, 45.0291968], [41.82260889999999, 45.02956129999999], [41.8223986, 45.0297517], [41.8222239, 45.0306403], [41.8226525, 45.030667799999996], [41.82318020000001, 45.0307501], [41.8239185, 45.0304006], [41.8249431, 45.0301219], [41.8254608, 45.0297769], [41.8263445, 45.0290429], [41.8268636, 45.0282718], [41.8269511, 45.0275076], [41.8266855, 45.0269448], [41.8271761, 45.0261476], [41.82700539999999, 45.02577699999999], [41.8263527, 45.025989300000006], [41.82619029999999, 45.0256121], [41.82577319999999, 45.02486089999999], [41.82558819999999, 45.02351629999999], [41.8262364, 45.02351399999999], [41.8262614, 45.02342339999999], [41.8262655, 45.0232589], [41.8261815, 45.0225236], [41.82654839999999, 45.0225077], [41.826596699999996, 45.0226394], [41.82700439999999, 45.0226129], [41.82713309999999, 45.0226859], [41.832468, 45.0237343], [41.8338427, 45.02397789999999], [41.8346453, 45.0241534], [41.83467689999999, 45.0241535], [41.8345119, 45.0248], [41.8356044, 45.02483509999999], [41.8365687, 45.024611], [41.8387998, 45.0237635], [41.83920940000001, 45.0233605], [41.839464, 45.0233726], [41.83941409999999, 45.0236765], [41.83905649999999, 45.0242613], [41.83898489999999, 45.02576739999999], [41.84091769999999, 45.02576549999999], [41.8412049, 45.02621779999999], [41.8417442, 45.0259805], [41.84258109999999, 45.0260594], [41.84266579999999, 45.026018199999996], [41.8433249, 45.02558369999999], [41.8434046, 45.0253074], [41.843610500000004, 45.0250976], [41.8440764, 45.02505949999999], [41.8452277, 45.0246543], [41.8466159, 45.023966], [41.8467398, 45.02400339999999], [41.8470042, 45.02438539999999], [41.847913299999995, 45.024206899999996], [41.849415900000004, 45.0236319], [41.848890999999995, 45.02283769999999], [41.848397, 45.022461099999994], [41.846531299999995, 45.0222354], [41.844918, 45.022367499999994], [41.8446022, 45.021496299999995], [41.8448004, 45.020900000000005], [41.8451466, 45.0206377], [41.8518307, 45.02229799999999], [41.87369820000001, 45.027368], [41.8744466, 45.027278499999994], [41.87634899999999, 45.02659899999999], [41.8765574, 45.0266073], [41.8767914, 45.0266985], [41.8768849, 45.0268804], [41.876632, 45.0280484], [41.875965199999996, 45.0281375], [41.87585049999999, 45.0280596], [41.8748599, 45.0288734], [41.874774699999996, 45.02882880000001], [41.87440389999999, 45.0290689], [41.8738193, 45.02949649999999], [41.8733885, 45.02988589999999], [41.87375529999999, 45.0300925], [41.87393639999999, 45.0299944], [41.8740269, 45.030056], [41.874116699999995, 45.0300124], [41.87423559999999, 45.030086], [41.87398, 45.0302748], [41.874266399999996, 45.0304861], [41.8745297, 45.030274999999996], [41.8747102, 45.030356], [41.87482349999999, 45.0303664], [41.8761521, 45.031223000000004], [41.8769002, 45.030612899999994], [41.877323999999994, 45.0303086], [41.877381699999994, 45.03033889999999], [41.8775694, 45.0302129], [41.87765389999999, 45.03006599999999], [41.8777838, 45.0299697], [41.880194, 45.032449], [41.880337399999995, 45.03271459999999], [41.8803748, 45.03424609999999], [41.8808053, 45.0347717], [41.88225229999999, 45.0348289], [41.8920043, 45.034689699999994], [41.891590099999995, 45.04416260000001], [41.8978759, 45.044193699999994], [41.8974095, 45.044831499999994], [41.8945065, 45.0488006], [41.8953319, 45.0510961], [41.893597, 45.0522913], [41.89416469999999, 45.052984], [41.89615479999999, 45.0533116], [41.8969333, 45.0536994], [41.897090199999994, 45.05405819999999], [41.89715029999999, 45.05541379999999], [41.896307099999994, 45.0556126], [41.896280299999994, 45.05613869999999], [41.897963, 45.056296200000006], [41.898556299999996, 45.05649319999999], [41.899190299999994, 45.0570563], [41.89884249999999, 45.057648099999994], [41.8981608, 45.0581608], [41.8962565, 45.0587123], [41.9006695, 45.06067169999999], [41.9005445, 45.06106729999999], [41.901744099999995, 45.061389199999994], [41.9018778, 45.0627164], [41.902427, 45.063179399999996], [41.903046599999996, 45.063553199999994], [41.90516949999999, 45.06475669999999], [41.9059096, 45.0648684], [41.9085587, 45.0648951], [41.9085725, 45.065073999999996], [41.91007139999999, 45.06510329999999], [41.9116318, 45.0641137], [41.913982999999995, 45.0645443], [41.9129305, 45.0673049], [41.9140504, 45.0677511], [41.91401419999999, 45.06785099999999], [41.9160091, 45.0684979], [41.915853600000005, 45.06869549999998], [41.9156835, 45.0686211], [41.915638, 45.06870459999999], [41.9164988, 45.06890460000001], [41.9164984, 45.068862], [41.915952499999996, 45.0687161], [41.9159975, 45.0686076], [41.91771129999999, 45.068964799999996], [41.91766629999999, 45.0690733], [41.9166987, 45.06893219999999], [41.9166969, 45.068960499999996], [41.9176893, 45.069123000000005], [41.917841, 45.0688817], [41.9195369, 45.06880919999999], [41.92109409999999, 45.06946469999999], [41.921650799999995, 45.0697507], [41.9222979, 45.0702739], [41.9228058, 45.070923], [41.92213829999999, 45.0711964], [41.9218362, 45.07137209999999], [41.92085550000001, 45.0716073], [41.921084199999996, 45.0728771], [41.9208038, 45.0730979], [41.9211128, 45.073826399999994], [41.9218731, 45.0742885], [41.92201089999999, 45.0747319], [41.9220013, 45.075413], [41.9222857, 45.0757759], [41.9233548, 45.07562589999999], [41.9226004, 45.0780265], [41.92320719999999, 45.0790716], [41.926085699999994, 45.08068229999999], [41.92445339999999, 45.08213659999999], [41.9268955, 45.0822614], [41.9269173, 45.0824038], [41.9271144, 45.082411799999996], [41.92692919999999, 45.083182199999996], [41.9255874, 45.083991899999994], [41.9260465, 45.0856947], [41.9245282, 45.087185899999994], [41.9242381, 45.0873984], [41.9245688, 45.088257899999995], [41.9251463, 45.0885582], [41.92536979999999, 45.08952529999999], [41.9251697, 45.09030099999999], [41.924832099999996, 45.091460399999995], [41.9236191, 45.093225399999994], [41.92236809999999, 45.0935987], [41.91898559999999, 45.0962641], [41.9487685, 45.0993059]]]]}}, {"type": "Feature", "properties": {"id": "mo-07724000", "name": "ГО Невинномысск", "region": "Ставропольский край", "isCity": false, "sourceOktmo": "07-724-000-000", "sourceAgg": "Ставрополь", "excelNames": ["ГО Невинномысск"], "oktmo": "07724000", "vgp": [{"year": 2019, "value": 80005671.19120766}, {"year": 2020, "value": 78041250.99806565}, {"year": 2021, "value": 79132726.71430112}, {"year": 2022, "value": 126260295.61509858}, {"year": 2023, "value": 140331977.26917803}, {"year": 2024, "value": 238562858.87501466}], "population": [{"year": 2019, "value": 116884.0}, {"year": 2020, "value": 116751.0}, {"year": 2021, "value": 115627.0}, {"year": 2022, "value": 114423.0}, {"year": 2023, "value": 115826.0}, {"year": 2024, "value": 114556.0}, {"year": 2025, "value": 113112.0}], "shipments": [{"year": 2019, "value": 110655112.0}, {"year": 2020, "value": 117061376.7}, {"year": 2021, "value": 167415660.6}, {"year": 2022, "value": 183035450.1}, {"year": 2023, "value": 164984508.6}, {"year": 2024, "value": 206120665.6}], "employees": [{"year": 2019, "value": 23256.0}, {"year": 2020, "value": 23081.0}, {"year": 2021, "value": 23984.0}, {"year": 2022, "value": 24252.0}, {"year": 2023, "value": 26377.0}, {"year": 2024, "value": 29972.0}], "investments": [{"year": 2019, "value": 10831975.0}, {"year": 2020, "value": 13411426.0}, {"year": 2021, "value": 11287972.0}, {"year": 2022, "value": 21565005.0}, {"year": 2023, "value": 17694213.0}, {"year": 2024, "value": 20844590.0}], "vgp2024": 238562858.87501466, "pop2024": 114556.0, "ship2024": 206120665.6, "emp2024": 29972.0, "inv2024": 20844590.0}, "geometry": {"type": "MultiPolygon", "coordinates": [[[[41.92417489999999, 44.5950023], [41.9225693, 44.5948132], [41.920766199999996, 44.5951209], [41.918170999999994, 44.5956459], [41.91763509999999, 44.5957974], [41.9147305, 44.596373799999995], [41.9099166, 44.5971052], [41.9114168, 44.598741799999985], [41.9113331, 44.5996549], [41.9105005, 44.60060769999999], [41.907699, 44.6035396], [41.90295209999999, 44.6025856], [41.9023388, 44.603042], [41.9052316, 44.6059001], [41.89737639999999, 44.611710699999996], [41.89834139999999, 44.6131479], [41.8992419, 44.6141951], [41.9009421, 44.61506599999999], [41.903372, 44.6161813], [41.9037582, 44.6157701], [41.9051779, 44.6164658], [41.9049727, 44.6182585], [41.905054099999994, 44.61916329999999], [41.905260199999994, 44.6197167], [41.905792299999995, 44.620097699999995], [41.905921299999996, 44.620590099999994], [41.90657579999999, 44.622046399999995], [41.9067694, 44.62293209999999], [41.9071664, 44.62346819999999], [41.9080229, 44.624052899999995], [41.9103018, 44.62544479999999], [41.91121929999999, 44.62598899999999], [41.9106646, 44.6264297], [41.909566399999996, 44.6269891], [41.9088553, 44.6273647], [41.9086616, 44.627468], [41.9075638, 44.6283109], [41.9035429, 44.6306609], [41.9050605, 44.631613], [41.90560589999999, 44.6319709], [41.9050075, 44.632343999999996], [41.9006288, 44.635186], [41.8958664, 44.6383172], [41.8923338, 44.64024940000001], [41.8918657, 44.64149179999999], [41.89191159999999, 44.64153579999999], [41.8917659, 44.6425496], [41.8967673, 44.6436375], [41.901055799999995, 44.6444669], [41.901973, 44.64410509999999], [41.9027845, 44.6446227], [41.9028939, 44.6450194], [41.9032081, 44.6456915], [41.903428999999996, 44.64620519999999], [41.90446289999999, 44.6465163], [41.905628699999994, 44.64857669999999], [41.9057913, 44.6487884], [41.9061499, 44.64892569999999], [41.9091446, 44.6477423], [41.9100054, 44.6493067], [41.906662499999996, 44.650272599999994], [41.906839, 44.6516851], [41.905704, 44.6518409], [41.9044649, 44.65208959999999], [41.901791, 44.6526383], [41.901298000000004, 44.652949299999996], [41.89525379999999, 44.652937699999995], [41.89378719999999, 44.65330839999999], [41.8935573, 44.653832599999994], [41.89314769999999, 44.6539746], [41.8924703, 44.65411039999999], [41.8919374, 44.6543225], [41.891543199999994, 44.6545773], [41.891344399999994, 44.6551021], [41.891127499999996, 44.65582630000001], [41.890828199999994, 44.6574118], [41.8907493, 44.6579474], [41.8907043, 44.658538899999996], [41.8906509, 44.65909249999999], [41.8904917, 44.65947359999999], [41.8900506, 44.659848100000005], [41.8894661, 44.6602068], [41.88918369999999, 44.6604052], [41.8886341, 44.66080569999999], [41.8883873, 44.6610636], [41.8881082, 44.661507799999995], [41.88701799999999, 44.66300389999999], [41.88447909999999, 44.663951600000004], [41.88362409999999, 44.6641053], [41.883313, 44.665844199999995], [41.88323809999999, 44.666280799999996], [41.883264999999994, 44.6667612], [41.8826939, 44.666974399999994], [41.8826404, 44.667715199999996], [41.882386999999994, 44.66840859999999], [41.88289369999999, 44.669077099999996], [41.8850278, 44.669643199999996], [41.8860238, 44.6701957], [41.886535, 44.6713759], [41.8853239, 44.6722114], [41.88099199999999, 44.6767551], [41.87940389999999, 44.6783686], [41.8786093, 44.6790117], [41.8780549, 44.6796751], [41.87699959999999, 44.6806492], [41.8761978, 44.68140499999999], [41.87591269999999, 44.68208070000001], [41.8744912, 44.6832899], [41.8775413, 44.6850039], [41.8769514, 44.68615479999999], [41.8763095, 44.6883249], [41.87514779999999, 44.69159749999999], [41.8736835, 44.6930556], [41.8666846, 44.69936529999999], [41.86895979999999, 44.70107089999999], [41.8743489, 44.70686370000001], [41.8748468, 44.707217299999996], [41.8766673, 44.7066362], [41.877072, 44.70601229999999], [41.87666269999999, 44.7033251], [41.877814099999995, 44.7025127], [41.8800014, 44.7020039], [41.8814599, 44.7008972], [41.8827694, 44.7002525], [41.884113799999994, 44.6981077], [41.8853388, 44.69704479999999], [41.8869248, 44.6955987], [41.8881238, 44.6946149], [41.88811739999999, 44.694488], [41.88822819999999, 44.69419649999999], [41.88839289999999, 44.6939327], [41.888384099999996, 44.6938413], [41.892818999999996, 44.690086699999995], [41.89780489999999, 44.685884099999996], [41.8963131, 44.6844152], [41.9012869, 44.6803885], [41.901089899999995, 44.6817804], [41.900745199999996, 44.68283079999999], [41.90090529999999, 44.683128399999994], [41.901865599999994, 44.68257700000001], [41.9023211, 44.68181539999999], [41.9056205, 44.679425599999995], [41.90650699999999, 44.678226300000006], [41.9082552, 44.6783401], [41.9082798, 44.6816578], [41.9081813, 44.6851505], [41.9086558, 44.6873681], [41.8928936, 44.6988328], [41.8939549, 44.6999313], [41.8930911, 44.700605499999995], [41.89354999999999, 44.70107860000001], [41.8947632, 44.70071959999999], [41.8975862, 44.703194599999996], [41.9033342, 44.708320699999994], [41.9124539, 44.705988399999995], [41.9131078, 44.7065051], [41.9155548, 44.7060734], [41.91502079999999, 44.7054275], [41.9158497, 44.7052058], [41.91633629999999, 44.706035799999995], [41.9203443, 44.7047439], [41.9207857, 44.704684799999995], [41.9212627, 44.7044682], [41.9214523, 44.7042879], [41.9219027, 44.703876599999994], [41.92216309999999, 44.7036375], [41.9223628, 44.70301499999999], [41.92254049999999, 44.70261630000001], [41.922531, 44.702151099999995], [41.9226765, 44.7014101], [41.923046899999996, 44.7010094], [41.92375369999999, 44.701130199999994], [41.92432290000001, 44.70131419999999], [41.9245312, 44.7014416], [41.92505539999999, 44.700956299999994], [41.92508389999999, 44.7004778], [41.924823, 44.7002618], [41.9245952, 44.70027089999999], [41.924372399999996, 44.7000875], [41.923857399999996, 44.6999168], [41.9238012, 44.69962089999999], [41.9242048, 44.699474099999996], [41.9248836, 44.6994623], [41.925414999999994, 44.69957269999999], [41.9259731, 44.699618699999995], [41.9262303, 44.6996224], [41.926072299999994, 44.69941179999999], [41.92596019999999, 44.69905849999999], [41.9255904, 44.69895180000001], [41.9251248, 44.698866], [41.9250114, 44.6984392], [41.9256014, 44.6983471], [41.92555339999999, 44.69803019999999], [41.92560949999999, 44.6976505], [41.92510879999999, 44.6976572], [41.924877599999995, 44.697523999999994], [41.9248597, 44.69724149999999], [41.92523359999999, 44.6970535], [41.9257021, 44.697272899999994], [41.9260254, 44.69753970000001], [41.9263066, 44.6975638], [41.926847099999996, 44.6974116], [41.9269721, 44.697300299999995], [41.9266834, 44.69701539999999], [41.92658459999999, 44.6966517], [41.9261444, 44.69634789999999], [41.9260209, 44.695822199999995], [41.9261628, 44.6954529], [41.9264116, 44.6952952], [41.926525299999994, 44.69523529999999], [41.927039099999995, 44.69512240000001], [41.926753999999995, 44.69472749999999], [41.92751319999999, 44.69465509999999], [41.9298433, 44.69470849999999], [41.9311977, 44.6946738], [41.93460389999999, 44.6945301], [41.93678619999999, 44.6943209], [41.936036699999995, 44.693050799999995], [41.9372094, 44.69293110000001], [41.938320999999995, 44.69279379999999], [41.940301299999994, 44.69298899999999], [41.942045799999995, 44.6924221], [41.941418399999996, 44.691540599999996], [41.9427057, 44.691037], [41.94750689999999, 44.689735799999994], [41.9542997, 44.6879106], [41.9556162, 44.6861389], [41.95606969999999, 44.6867527], [41.961757399999996, 44.683667], [41.96138169999999, 44.6777382], [41.9599464, 44.6777036], [41.9597205, 44.6772967], [41.9588909, 44.6771909], [41.9621005, 44.672843699999994], [41.9636567, 44.669239000000005], [41.96452570000001, 44.6667772], [41.96438489999999, 44.6658235], [41.96487390000001, 44.6642758], [41.96580380000001, 44.664434099999994], [41.9666553, 44.6641996], [41.9688617, 44.6620408], [41.9708983, 44.65860909999999], [41.970504399999996, 44.65766339999999], [41.9710461, 44.657400599999995], [41.9713656, 44.6574792], [41.971788, 44.657555599999995], [41.9737344, 44.6577373], [41.97450009999999, 44.65730990000001], [41.9748119, 44.6564928], [41.97673519999999, 44.656289], [41.9706938, 44.653125], [41.976721899999994, 44.64784889999999], [41.972649800000006, 44.6444591], [41.98350030000001, 44.6392669], [41.9824205, 44.6380932], [41.9793381, 44.63439549999999], [41.986879, 44.6312004], [41.98900859999999, 44.6302259], [41.99091959999999, 44.62930409999999], [41.99549329999999, 44.6291824], [42.0014824, 44.628877700000004], [42.00011909999999, 44.62617120000001], [41.9984986, 44.621712699999996], [41.996546, 44.616817], [41.99367689999999, 44.609960599999994], [41.998432, 44.609075999999995], [41.99735309999999, 44.6063986], [42.0020088, 44.60553659999999], [42.001678, 44.60417309999999], [42.0042805, 44.60376389999999], [42.0012035, 44.5964642], [41.998034, 44.58974469999999], [41.9968326, 44.5895495], [41.9941635, 44.5891478], [41.9924983, 44.58912209999999], [41.99019659999999, 44.589047099999995], [41.98935170000001, 44.5878234], [41.98816709999999, 44.5873986], [41.984594099999995, 44.5868504], [41.9903541, 44.580732999999995], [41.9830375, 44.5819698], [41.97862539999999, 44.5823461], [41.9757144, 44.5818924], [41.9757862, 44.57969239999999], [41.9738613, 44.579012399999996], [41.97180430000001, 44.57847139999999], [41.970199, 44.5784701], [41.968627399999995, 44.57894259999999], [41.96674929999999, 44.5804081], [41.9639034, 44.57937989999999], [41.9627646, 44.5807989], [41.9584276, 44.581369099999996], [41.952247899999996, 44.582041999999994], [41.9497806, 44.5823257], [41.9464958, 44.58258239999999], [41.9428507, 44.5852359], [41.9411878, 44.586144], [41.9399092, 44.586403000000004], [41.938118499999995, 44.586443], [41.936571, 44.5856982], [41.9351128, 44.585668399999996], [41.9333346, 44.586307299999994], [41.9328608, 44.58723969999999], [41.93305469999999, 44.58774409999999], [41.93298819999999, 44.5880472], [41.932486299999994, 44.5884936], [41.93193339999999, 44.5886767], [41.93046869999999, 44.5885297], [41.93063289999999, 44.589831], [41.9307557, 44.590572099999996], [41.92635049999999, 44.59068769999999], [41.9262959, 44.5888123], [41.9260545, 44.585418899999986], [41.9252665, 44.5852762], [41.9218932, 44.5859801], [41.9220471, 44.58639219999999], [41.919086199999995, 44.58702790000001], [41.921056, 44.59169669999999], [41.9216593, 44.59163529999999], [41.9225826, 44.5937876], [41.9229766, 44.59452840000001], [41.92381379999999, 44.5943399], [41.92387529999999, 44.5944495], [41.924212499999996, 44.5943525], [41.92417489999999, 44.5950023]]]]}}, {"type": "Feature", "properties": {"id": "mo-07520000", "name": "Изобильненский муниципальный округ", "region": "Ставропольский край", "isCity": false, "sourceOktmo": "07-520-000-000", "sourceAgg": "Ставрополь", "excelNames": ["ГО Изобильный"], "oktmo": "07520000", "vgp": [{"year": 2019, "value": 52545125.45378964}, {"year": 2020, "value": 54606898.42015864}, {"year": 2021, "value": 56425682.82166099}, {"year": 2022, "value": 84281670.5841344}, {"year": 2023, "value": 87348141.25550033}, {"year": 2024, "value": 124994799.93100843}], "population": [{"year": 2019, "value": 98921.0}, {"year": 2020, "value": 98962.0}, {"year": 2021, "value": 97935.0}, {"year": 2022, "value": 97037.0}, {"year": 2023, "value": 104897.0}, {"year": 2024, "value": 104095.0}, {"year": 2025, "value": 103379.0}], "shipments": [{"year": 2019, "value": 23248043.9}, {"year": 2020, "value": 25192525.5}, {"year": 2021, "value": 37929335.5}, {"year": 2022, "value": 47334966.8}, {"year": 2023, "value": 65384857.5}, {"year": 2024, "value": 69840877.5}], "employees": [{"year": 2019, "value": 0.0}, {"year": 2020, "value": 15637.0}, {"year": 2021, "value": 16516.0}, {"year": 2022, "value": 16932.0}, {"year": 2023, "value": 16616.0}, {"year": 2024, "value": 16812.0}], "investments": [{"year": 2019, "value": 12836059.0}, {"year": 2020, "value": 13145423.0}, {"year": 2021, "value": 10333583.0}, {"year": 2022, "value": 11405942.0}, {"year": 2023, "value": 13663078.0}, {"year": 2024, "value": 4837304.0}], "vgp2024": 124994799.93100843, "pop2024": 104095.0, "ship2024": 69840877.5, "emp2024": 16812.0, "inv2024": 4837304.0}, "geometry": {"type": "MultiPolygon", "coordinates": [[[[41.3514443, 45.0913906], [41.352481, 45.15089249999999], [41.3526172, 45.161197], [41.352951499999996, 45.177877299999984], [41.365587, 45.177906], [41.365910799999995, 45.186898], [41.35317119999999, 45.186895], [41.3533377, 45.2143651], [41.37875249999999, 45.21405779999999], [41.378606899999994, 45.1958526], [41.38872500000001, 45.19602669999999], [41.38897849999999, 45.2140451], [41.4180705, 45.213631799999995], [41.42255889999999, 45.2135901], [41.43272519999999, 45.2134623], [41.43940899999999, 45.21337619999999], [41.48963729999999, 45.2128945], [41.4949678, 45.2152486], [41.4979441, 45.21605859999999], [41.5027341, 45.2183553], [41.5015353, 45.218813], [41.50069309999999, 45.21911529999999], [41.499587999999996, 45.219304300000005], [41.49924469999999, 45.2194479], [41.49899069999999, 45.21962499999999], [41.4986412, 45.21962359999999], [41.49831399999999, 45.2194819], [41.49781380000001, 45.219184999999996], [41.4976166, 45.21899439999999], [41.4972277, 45.2188527], [41.4967315, 45.21881489999999], [41.4961655, 45.21890369999999], [41.495230899999996, 45.21905679999998], [41.4948874, 45.2192296], [41.4945119, 45.219713299999995], [41.49421149999999, 45.22035569999999], [41.4939862, 45.220756200000004], [41.49384179999999, 45.2210312], [41.49339609999999, 45.2211038], [41.492945500000005, 45.2210056], [41.4925378, 45.2208393], [41.49218280000001, 45.2208324], [41.4918619, 45.22102829999999], [41.49164149999999, 45.221397399999994], [41.491658099999995, 45.2221467], [41.4919359, 45.22299679999999], [41.49226829999999, 45.22339449999999], [41.4927725, 45.22387059999999], [41.492964, 45.22421769999999], [41.492981699999994, 45.2245205], [41.492912, 45.2247207], [41.492734, 45.22487389999999], [41.4924721, 45.22489079999999], [41.492257499999994, 45.22480759999999], [41.491801599999995, 45.2244865], [41.49145819999999, 45.224358], [41.4911962, 45.2243544], [41.49090029999999, 45.22445630000001], [41.49048189999999, 45.22471699999999], [41.49033349999999, 45.22496879999999], [41.4902727, 45.2253706], [41.49020829999999, 45.2259222], [41.490213700000005, 45.226591], [41.490213700000005, 45.227252099999994], [41.49032100000001, 45.227732], [41.4904264, 45.22804769999999], [41.4905785, 45.2284007], [41.490605300000006, 45.22863869999999], [41.49052449999999, 45.2289144], [41.490299500000006, 45.2291034], [41.4899508, 45.229247], [41.48954309999999, 45.22936409999999], [41.4891515, 45.229462299999994], [41.48869019999999, 45.22965119999999], [41.4884475, 45.22985229999999], [41.48811080000001, 45.2299912], [41.48757979999999, 45.2299799], [41.4870809, 45.22998369999999], [41.4866873, 45.2300811], [41.48643179999999, 45.230267], [41.4861445, 45.2307891], [41.48594359999999, 45.23126439999999], [41.48589, 45.2316988], [41.485895299999996, 45.2322164], [41.4858685, 45.232703699999995], [41.485552, 45.23379930000001], [41.4855129, 45.234329699999996], [41.4855735, 45.234686999999994], [41.4857183, 45.23507610000001], [41.48569309999999, 45.23539219999999], [41.4855359, 45.23561260000001], [41.4852248, 45.2358392], [41.4851175, 45.2360205], [41.4851765, 45.23625470000001], [41.485384800000006, 45.236746499999995], [41.485775000000004, 45.23739799999999], [41.4856704, 45.2375268], [41.48566519999999, 45.23788129999999], [41.4860051, 45.23868929999999], [41.4864923, 45.2403502], [41.486500799999995, 45.241311399999994], [41.486120299999996, 45.242215699999996], [41.48579099999999, 45.2426094], [41.484826399999996, 45.2433984], [41.484498699999996, 45.24398819999999], [41.4841394, 45.24416630000001], [41.4838111, 45.2447414], [41.483646199999995, 45.2448746], [41.4833416, 45.2449545], [41.4820365, 45.2449452], [41.481594, 45.24511879999999], [41.4813334, 45.2454581], [41.48042089999999, 45.247418999999994], [41.4800413, 45.248441099999994], [41.4797105, 45.2486778], [41.479101099999994, 45.2488176], [41.477443599999994, 45.249727], [41.4764776, 45.2503787], [41.4757085, 45.2512841], [41.475354, 45.25203100000001], [41.4753017, 45.2524042], [41.4751374, 45.2526207], [41.4749428, 45.2525823], [41.474857, 45.2525555], [41.4748257, 45.25261839999999], [41.474845699999996, 45.2527116], [41.4749252, 45.2534864], [41.4738717, 45.25362779999999], [41.47220149999999, 45.25306559999999], [41.47256409999999, 45.2523239], [41.47116849999999, 45.252392599999986], [41.46879409999999, 45.25230030000001], [41.4651902, 45.2526981], [41.4636818, 45.254673100000005], [41.4650537, 45.256555], [41.46696029999999, 45.2553063], [41.47182229999999, 45.2548962], [41.4747332, 45.2547942], [41.475566799999996, 45.2551284], [41.476567900000006, 45.255667], [41.4769246, 45.2561206], [41.4771731, 45.257275099999994], [41.4779545, 45.2581374], [41.4781329, 45.2586149], [41.47726949999999, 45.25948269999999], [41.4773947, 45.2596587], [41.4779147, 45.259891599999996], [41.478612, 45.260418300000005], [41.4786491, 45.260533900000006], [41.4785565, 45.2608141], [41.478889, 45.2609155], [41.47907669999999, 45.2610762], [41.478963, 45.26117229999999], [41.4784337, 45.261270599999996], [41.47894339999999, 45.2615623], [41.4794776, 45.26289859999999], [41.4792368, 45.263395499999994], [41.4794492, 45.26381], [41.47957689999999, 45.2642261], [41.4799911, 45.264778099999994], [41.480088699999996, 45.265491], [41.479987799999996, 45.265961399999995], [41.47952539999999, 45.2664197], [41.479810799999996, 45.266872799999994], [41.479426700000005, 45.26742699999999], [41.4790816, 45.2679232], [41.478301300000005, 45.2679805], [41.4783432, 45.26845409999999], [41.4779144, 45.2693027], [41.4773654, 45.2700557], [41.48019029999999, 45.2711338], [41.4809117, 45.271071000000006], [41.4844627, 45.2741704], [41.4846335, 45.27771799999999], [41.483564400000006, 45.278353599999996], [41.4825075, 45.278090399999996], [41.4811178, 45.2780478], [41.480876099999996, 45.2774243], [41.4789628, 45.276333], [41.478056499999994, 45.2750858], [41.47608279999999, 45.2745189], [41.47457229999999, 45.274816599999994], [41.47036299999999, 45.27702750000001], [41.4689935, 45.2774951], [41.4678455, 45.27814699999999], [41.4661336, 45.2782037], [41.4650863, 45.2792241], [41.4606152, 45.279507499999994], [41.4565697, 45.2806263], [41.4567203, 45.2868623], [41.4500521, 45.287222699999994], [41.450392, 45.30309139999999], [41.4311617, 45.3035111], [41.43181150000001, 45.3166458], [41.4322493, 45.3307128], [41.4324896, 45.3571236], [41.4326288, 45.3758213], [41.433156999999994, 45.384540599999994], [41.4332811, 45.4020977], [41.4462445, 45.40209879999999], [41.446359799999996, 45.406905], [41.4465229, 45.41113699999999], [41.4464001, 45.4115972], [41.446738499999995, 45.4158265], [41.447361799999996, 45.4247816], [41.44743919999999, 45.4292802], [41.447562000000005, 45.44288769999999], [41.447701, 45.4480459], [41.447804399999995, 45.451884299999996], [41.448180199999996, 45.469869800000005], [41.448440999999995, 45.48327059999999], [41.44867899999999, 45.49233579999999], [41.4613365, 45.4922043], [41.4741212, 45.4920542], [41.4744423, 45.5100989], [41.46171859999999, 45.51017699999999], [41.4620804, 45.5281662], [41.462419, 45.546440999999994], [41.4625477, 45.554862799999995], [41.462552, 45.5551542], [41.4625852, 45.5551539], [41.462612099999994, 45.5569809], [41.4629235, 45.565922099999995], [41.46327019999999, 45.5684513], [41.4685519, 45.5685264], [41.4950404, 45.56821360000001], [41.495107999999995, 45.564231], [41.5008077, 45.56438279999999], [41.5028347, 45.5649939], [41.5046066, 45.56503299999999], [41.50705479999999, 45.56463970000001], [41.50855549999999, 45.5647753], [41.511067499999996, 45.5640481], [41.5132455, 45.56384669999999], [41.514318599999996, 45.562459], [41.520787199999994, 45.5621408], [41.521253, 45.56123289999999], [41.52219959999999, 45.56065619999999], [41.524447699999996, 45.5606448], [41.5262125, 45.5601116], [41.52600859999999, 45.5546788], [41.5249418, 45.5450474], [41.564759699999996, 45.5452301], [41.5649072, 45.547168299999996], [41.5712343, 45.5469681], [41.5709579, 45.571428999999995], [41.57094599999999, 45.575206], [41.570734200000004, 45.5845382], [41.57216729999999, 45.5845235], [41.5913485, 45.584419000000004], [41.610459299999995, 45.5844931], [41.6173556, 45.58451649999999], [41.6202784, 45.5845263], [41.649498799999996, 45.58455], [41.6605165, 45.5846728], [41.660614599999995, 45.6052565], [41.6603909, 45.65407439999999], [41.6603385, 45.656781099999996], [41.6867302, 45.6567604], [41.720897799999996, 45.6568288], [41.73790939999999, 45.65688709999999], [41.7384165, 45.6229785], [41.738649, 45.6008242], [41.741288999999995, 45.60074169999999], [41.7435666, 45.60024179999999], [41.7465785, 45.599142099999995], [41.7476046, 45.59827589999999], [41.7493565, 45.5984551], [41.750167899999994, 45.5975362], [41.7489953, 45.5968331], [41.7487092, 45.596656700000004], [41.7517648, 45.59340069999999], [41.7515002, 45.5927646], [41.7505177, 45.5904909], [41.75055929999999, 45.5903819], [41.753346699999994, 45.5898627], [41.7538985, 45.58968639999999], [41.75775329999999, 45.58818459999999], [41.758522799999994, 45.58801449999999], [41.76389739999999, 45.5868259], [41.7674363, 45.58619869999999], [41.77198719999999, 45.5833128], [41.7714601, 45.58087259999999], [41.775516999999994, 45.57629539999999], [41.7770451, 45.57509019999999], [41.7790098, 45.57540269999999], [41.78052879999999, 45.5766058], [41.7814045, 45.57558749999999], [41.78474429999999, 45.5747066], [41.7934625, 45.5737124], [41.801145399999996, 45.5745134], [41.8133196, 45.57862949999999], [41.8265887, 45.58090289999999], [41.8291082, 45.580394], [41.8303441, 45.572586699999995], [41.830070299999996, 45.57101639999999], [41.829598, 45.57057369999999], [41.827685699999996, 45.57008209999999], [41.8273404, 45.569638499999996], [41.827619399999996, 45.5684762], [41.8268015, 45.567560099999994], [41.8283015, 45.5659724], [41.827856, 45.56448820000001], [41.827303199999996, 45.5643138], [41.8222436, 45.5656303], [41.8219865, 45.5654239], [41.82209799999999, 45.5643819], [41.82043959999999, 45.563858599999996], [41.8196329, 45.563686], [41.8167193, 45.56415359999999], [41.8161637, 45.5638006], [41.8160281, 45.5632067], [41.81743229999999, 45.560846299999994], [41.813188, 45.5600443], [41.8122893, 45.5593666], [41.81228149999999, 45.5588312], [41.8132223, 45.5581482], [41.8162739, 45.5566831], [41.81554549999999, 45.5542029], [41.8132082, 45.5520586], [41.80835139999999, 45.55106719999999], [41.807403099999995, 45.5492909], [41.80777789999999, 45.5486398], [41.8073778, 45.54756209999999], [41.805213599999995, 45.5467132], [41.8016212, 45.546752399999995], [41.8001593, 45.5439802], [41.80044989999999, 45.5428165], [41.7996337, 45.54217400000001], [41.7998815, 45.5407134], [41.7973734, 45.5399747], [41.797197499999996, 45.5384361], [41.7946985, 45.5383188], [41.7925664, 45.5396847], [41.79149379999999, 45.5399084], [41.7904118, 45.5394838], [41.79024429999999, 45.53851250000001], [41.7917625, 45.5372049], [41.7917494, 45.5362864], [41.79064019999999, 45.53506920000001], [41.7893466, 45.5346426], [41.78929659999999, 45.53126329999999], [41.7896157, 45.52206129999999], [41.78922769999999, 45.5105534], [41.800469299999996, 45.51057539999999], [41.800425399999995, 45.5064663], [41.800281999999996, 45.5056094], [41.8000151, 45.5001943], [41.7998521, 45.498758599999995], [41.8000118, 45.4987724], [41.8001614, 45.498667499999996], [41.80027249999999, 45.4986459], [41.80036499999999, 45.49858119999999], [41.800536199999996, 45.498557999999996], [41.800682699999996, 45.49845619999999], [41.80104200000001, 45.4983437], [41.8012872, 45.4984609], [41.8017329, 45.4984007], [41.80186400000001, 45.4984208], [41.8018856, 45.49830049999999], [41.802273099999994, 45.4981694], [41.80235979999999, 45.4982022], [41.8025989, 45.4981212], [41.8029305, 45.4980537], [41.8029786, 45.49795929999999], [41.803164699999996, 45.4978891], [41.8035064, 45.4978274], [41.80386789999999, 45.4976607], [41.804406099999994, 45.4972998], [41.8046982, 45.4971672], [41.8057062, 45.496617], [41.80618609999999, 45.4964356], [41.80643409999999, 45.4963767], [41.8065885, 45.49627879999999], [41.8070365, 45.4960905], [41.8078159, 45.4958834], [41.8084088, 45.4955473], [41.808387100000004, 45.4953611], [41.80922439999999, 45.4952736], [41.811045799999995, 45.4942381], [41.81201999999999, 45.493744], [41.8129096, 45.4934239], [41.81435919999999, 45.492699099999996], [41.8145646, 45.4925294], [41.8145723, 45.492409099999996], [41.8146695, 45.492352], [41.81528479999999, 45.49167369999999], [41.815255400000005, 45.491102999999995], [41.81570249999999, 45.49045], [41.8156378, 45.4901264], [41.8161084, 45.48956749999999], [41.81657319999999, 45.4895558], [41.8170438, 45.4895028], [41.8172674, 45.4890204], [41.81743209999999, 45.48902629999999], [41.8175086, 45.4889321], [41.81737329999999, 45.48876739999999], [41.816943800000004, 45.4886262], [41.816826199999994, 45.48864979999999], [41.8166261, 45.48870269999999], [41.8165085, 45.4886086], [41.8165497, 45.4884556], [41.8163791, 45.4884203], [41.81630849999999, 45.48846739999999], [41.81604959999999, 45.488437999999995], [41.81625549999999, 45.4882615], [41.8161908, 45.4881791], [41.81664969999999, 45.4878085], [41.8169085, 45.4877732], [41.81712619999999, 45.4877555], [41.81716149999999, 45.4876261], [41.817055599999996, 45.4874379], [41.817167399999995, 45.487279], [41.8173851, 45.487279], [41.81804399999999, 45.4873614], [41.8182616, 45.4872967], [41.818373400000006, 45.48734369999999], [41.818585199999994, 45.48740839999999], [41.81873819999999, 45.487255499999996], [41.819126399999995, 45.486820099999996], [41.8191853, 45.48633769999999], [41.819603, 45.486143599999984], [41.81986179999999, 45.4857023], [41.81973239999999, 45.4854964], [41.81970299999999, 45.4853023], [41.8201677, 45.485113999999996], [41.821285499999995, 45.4848611], [41.8215267, 45.484708100000006], [41.8216973, 45.4846963], [41.8217679, 45.484614], [41.8219444, 45.4845905], [41.82227389999999, 45.48431389999999], [41.8222798, 45.4842198], [41.822573899999995, 45.4841963], [41.822973999999995, 45.48400209999999], [41.8231505, 45.48401979999999], [41.82359170000001, 45.4836492], [41.8239917, 45.48332559999999], [41.82410939999999, 45.483172599999996], [41.824132899999995, 45.4830726], [41.8240506, 45.4830138], [41.8238623, 45.4829785], [41.8237211, 45.482596099999995], [41.823826999999994, 45.48253729999999], [41.8238505, 45.4824667], [41.8237035, 45.482343099999994], [41.8234681, 45.482290199999994], [41.823373999999994, 45.482266599999996], [41.823373999999994, 45.4821902], [41.8235564, 45.48202539999999], [41.8237682, 45.4820137], [41.8237623, 45.48187839999999], [41.82383289999999, 45.481778299999995], [41.8244447, 45.4813724], [41.824568299999996, 45.4813783], [41.824733, 45.4813018], [41.82477419999999, 45.4811842], [41.8246565, 45.4810547], [41.82468589999999, 45.4809665], [41.82481539999999, 45.4808018], [41.824850700000006, 45.48058999999999], [41.82519779999999, 45.480395800000004], [41.8252625, 45.480184], [41.825368399999995, 45.48004869999999], [41.8253919, 45.4795663], [41.8253037, 45.4794898], [41.8252978, 45.4794016], [41.82509769999999, 45.4792075], [41.8250683, 45.47897799999999], [41.8252036, 45.4789368], [41.8253037, 45.4785838], [41.825544900000004, 45.4784015], [41.82610369999999, 45.4778779], [41.82610369999999, 45.477754299999994], [41.826491999999995, 45.4776308], [41.8266568, 45.477460199999996], [41.82675679999999, 45.477283699999994], [41.82671559999999, 45.47721899999999], [41.8265626, 45.47726600000001], [41.8263685, 45.47721899999999], [41.826527299999995, 45.4770543], [41.82668029999999, 45.47703659999999], [41.8270509, 45.47663659999999], [41.8267744, 45.4764365], [41.826998, 45.47606], [41.8271274, 45.476054100000006], [41.8272392, 45.475965900000006], [41.82760389999999, 45.4757306], [41.828215799999995, 45.47527169999999], [41.82823929999999, 45.47519520000001], [41.82883939999999, 45.4749305], [41.8290806, 45.4746775], [41.82999829999999, 45.4740833], [41.8309161, 45.47371269999999], [41.83161619999999, 45.4736421], [41.83195739999999, 45.4736833], [41.832133899999995, 45.4735774], [41.8330458, 45.472794900000004], [41.8335458, 45.47207720000001], [41.833498799999994, 45.47182419999999], [41.8337694, 45.4716595], [41.8344753, 45.47104769999999], [41.8349225, 45.4708476], [41.83499299999999, 45.47062999999999], [41.8348872, 45.4703887], [41.8350048, 45.4701593], [41.83524009999999, 45.4700887], [41.8356284, 45.470124], [41.83653439999999, 45.4698475], [41.8366933, 45.46967099999999], [41.8366933, 45.46955919999999], [41.8367638, 45.4695298], [41.83679909999999, 45.4693533], [41.8369815, 45.4692063], [41.83721679999999, 45.469218], [41.837358, 45.4691062], [41.837558099999995, 45.469117999999995], [41.8379875, 45.4689709], [41.8387641, 45.4687238], [41.83894649999999, 45.468565], [41.83909349999999, 45.4685532], [41.839281799999995, 45.468329700000005], [41.83948769999999, 45.468300299999996], [41.8398407, 45.4678532], [41.8399289, 45.4676649], [41.840729, 45.466847099999995], [41.84070549999999, 45.4667766], [41.8413585, 45.4661882], [41.8414938, 45.466052899999994], [41.841693899999996, 45.46611179999999], [41.8419115, 45.4659117], [41.8422351, 45.46582939999999], [41.842529199999994, 45.4658764], [41.8430234, 45.46548229999999], [41.8431058, 45.4653293], [41.8434294, 45.4652764], [41.84356470000001, 45.4651764], [41.843799999999995, 45.4651058], [41.844077299999995, 45.4649936], [41.8443271, 45.4649557], [41.8446747, 45.4648558], [41.8449185, 45.4648458], [41.84514229999999, 45.46479179999999], [41.8451882, 45.46470589999999], [41.845759699999995, 45.4646], [41.845907, 45.46457749999999], [41.8460719, 45.4645451], [41.8462342, 45.4643553], [41.84636909999999, 45.4642828], [41.846474, 45.4643353], [41.8465988, 45.46434279999999], [41.84676869999999, 45.46427779999999], [41.84699599999999, 45.4642204], [41.84704339999999, 45.464093], [41.847105799999994, 45.4640581], [41.847363099999995, 45.464060499999995], [41.8474705, 45.463938199999994], [41.847475499999994, 45.46381079999999], [41.8476328, 45.4637409], [41.847687799999996, 45.463631], [41.8478676, 45.4635261], [41.8485769, 45.46290669999999], [41.8485694, 45.462834199999996], [41.8486493, 45.462779299999994], [41.8487268, 45.462781799999995], [41.8487617, 45.462714399999996], [41.84882669999999, 45.46263189999999], [41.84888159999999, 45.46263189999999], [41.8489216, 45.462552], [41.84888159999999, 45.46251709999999], [41.8489441, 45.462292299999994], [41.8490265, 45.4622698], [41.8490265, 45.4621949], [41.84919630000001, 45.46202749999999], [41.8493512, 45.46188769999999], [41.8494386, 45.4617753], [41.8496658, 45.461563], [41.8499381, 45.4613157], [41.8500255, 45.461230799999996], [41.8501179, 45.461208299999996], [41.8501154, 45.46114339999999], [41.85017040000001, 45.461118400000004], [41.8502303, 45.461018499999994], [41.85015539999999, 45.460948599999995], [41.85022779999999, 45.4608687], [41.8502453, 45.4606913], [41.85018279999999, 45.460559], [41.8502153, 45.4605465], [41.8504176, 45.4603467], [41.850555, 45.4602493], [41.85068489999999, 45.4599396], [41.8509471, 45.459679799999996], [41.8510195, 45.4593127], [41.8511694, 45.459008], [41.85098709999999, 45.4588132], [41.8509446, 45.45857339999999], [41.8509771, 45.4582787], [41.850862199999995, 45.4581238], [41.8509946, 45.45785909999999], [41.8508872, 45.457614299999996], [41.8511319, 45.4573521], [41.8511869, 45.4570424], [41.85150659999999, 45.456970000000005], [41.851516499999995, 45.4566378], [41.851608999999996, 45.45639549999999], [41.8517763, 45.45623069999999], [41.8517438, 45.4561957], [41.851748799999996, 45.456143299999994], [41.8518287, 45.456143299999994], [41.8518912, 45.45603839999999], [41.852051, 45.4558685], [41.852086, 45.4557961], [41.8522009, 45.4557087], [41.852143399999996, 45.4556088], [41.8522283, 45.4555314], [41.8523083, 45.45523419999999], [41.8524481, 45.4551592], [41.8525306, 45.454966899999995], [41.8525031, 45.45488449999999], [41.852538, 45.4547746], [41.8525705, 45.45465969999999], [41.85263049999999, 45.45456229999999], [41.852562999999996, 45.45437749999999], [41.8525355, 45.45425759999999], [41.85240819999999, 45.454245099999994], [41.85241069999999, 45.4540953], [41.8524831, 45.4540129], [41.85248810000001, 45.45391049999999], [41.85242569999999, 45.4538181], [41.85254299999999, 45.4536732], [41.8526155, 45.45358579999999], [41.8525805, 45.4535133], [41.852650399999995, 45.4534234], [41.852765299999994, 45.4533835], [41.8527878, 45.453316], [41.8528902, 45.453226099999995], [41.85302759999999, 45.45321359999999], [41.853319799999994, 45.45302879999999], [41.853322299999995, 45.4529564], [41.853507099999995, 45.45275409999999], [41.8536844, 45.4526542], [41.8536844, 45.452596699999994], [41.8538118, 45.4524569], [41.853806799999994, 45.452277099999996], [41.8538717, 45.4522046], [41.8538742, 45.45212469999999], [41.8540666, 45.45194239999999], [41.854119, 45.45181999999999], [41.854288800000006, 45.4516726], [41.8542788, 45.4514903], [41.8544112, 45.4514254], [41.85456609999999, 45.45147279999999], [41.8548033, 45.4512156], [41.8548158, 45.4510108], [41.854723400000005, 45.45096579999999], [41.85469839999999, 45.450858399999994], [41.854805799999994, 45.45079100000001], [41.8548358, 45.4506711], [41.8546685, 45.4503764], [41.85432629999999, 45.450324], [41.85421389999999, 45.4500218], [41.8542988, 45.4498869], [41.85412649999999, 45.44958969999999], [41.853791799999996, 45.44943979999999], [41.8535745, 45.4493749], [41.85337969999999, 45.4494149], [41.853204899999994, 45.4491401], [41.8528727, 45.4489928], [41.8524481, 45.4489478], [41.85218089999999, 45.44887039999999], [41.8519636, 45.4488954], [41.8518262, 45.448713000000005], [41.85163889999999, 45.44866559999999], [41.8514941, 45.448495699999995], [41.851516499999995, 45.4483034], [41.8509821, 45.447961299999996], [41.8509296, 45.447978799999994], [41.85048999999999, 45.447726499999995], [41.8503702, 45.4475642], [41.85025279999999, 45.4474693], [41.8502628, 45.4473494], [41.8501604, 45.4472719], [41.8501679, 45.44717949999999], [41.85009289999999, 45.44706459999999], [41.8499206, 45.446917299999996], [41.8498706, 45.446892299999995], [41.8497608, 45.4467624], [41.849563399999994, 45.4465901], [41.8495485, 45.4464727], [41.8494386, 45.4463803], [41.8492388, 45.4464378], [41.849008999999995, 45.44637779999999], [41.8488541, 45.4464702], [41.8486718, 45.4464153], [41.8483996, 45.44642029999999], [41.848362099999996, 45.44631789999999], [41.84827969999999, 45.44632539999999], [41.84825219999999, 45.4462629], [41.8481523, 45.44623049999999], [41.848147299999994, 45.44616799999999], [41.84802499999999, 45.446152999999995], [41.84795, 45.44608809999999], [41.8479375, 45.445975700000005], [41.8478326, 45.4458858], [41.8476903, 45.44585579999999], [41.84758289999999, 45.4459108], [41.847318099999995, 45.4455037], [41.846916, 45.44528639999999], [41.8466013, 45.44516149999999], [41.8462792, 45.4448943], [41.84618420000001, 45.44465949999999], [41.8462167, 45.4445821], [41.8461967, 45.444322299999996], [41.8459745, 45.444314799999994], [41.845977, 45.44421489999999], [41.8457821, 45.4441375], [41.845692199999995, 45.4440376], [41.8453326, 45.4439502], [41.844902999999995, 45.443877799999996], [41.84486799999999, 45.443745400000005], [41.8447608, 45.4436669], [41.8446744, 45.4435354], [41.844662799999995, 45.4434851], [41.844617299999996, 45.4434705], [41.844561799999994, 45.44350659999999], [41.84441609999999, 45.4434123], [41.844450699999996, 45.4433689], [41.844434500000006, 45.4432871], [41.84431769999999, 45.44319709999999], [41.8443187, 45.4431766], [41.84421759999999, 45.4430729], [41.84417979999999, 45.4429614], [41.8439783, 45.4428581], [41.8437767, 45.4427742], [41.843745, 45.4425624], [41.8436581, 45.442486699999996], [41.84363859999999, 45.442444800000004], [41.84349339999999, 45.4423404], [41.84344839999999, 45.4421624], [41.8429021, 45.44186899999999], [41.84281779999999, 45.4416473], [41.84302069999999, 45.4414506], [41.84308939999999, 45.4412009], [41.842927, 45.441013600000005], [41.8423963, 45.4406483], [41.84175629999999, 45.44010509999999], [41.8424993, 45.439455699999996], [41.84258119999999, 45.4392104], [41.8425262, 45.4388332], [41.84197679999999, 45.4384286], [41.841554699999996, 45.4380989], [41.8415322, 45.437989], [41.8417945, 45.4377967], [41.8424338, 45.4373547], [41.8425312, 45.436500499999994], [41.8426012, 45.43617329999999], [41.8427853, 45.4357752], [41.843142199999996, 45.435037], [41.84332549999999, 45.43454429999999], [41.843297699999994, 45.4342939], [41.8432445, 45.4341367], [41.8431389, 45.4340082], [41.84305789999999, 45.4338388], [41.843025899999994, 45.43368739999999], [41.84283119999999, 45.4334812], [41.8427878, 45.4333192], [41.8426699, 45.4329934], [41.842458, 45.4329206], [41.842278699999994, 45.4328191], [41.84237529999999, 45.4326775], [41.84220020000001, 45.43257199999999], [41.8420184, 45.4325471], [41.8419199, 45.43249850000001], [41.8419078, 45.43243580000001], [41.84205, 45.4322322], [41.84229959999999, 45.4320122], [41.8424684, 45.431825], [41.84266889999999, 45.4318281], [41.8430382, 45.4314547], [41.84298909999999, 45.431370799999996], [41.843096499999994, 45.4312031], [41.843276599999996, 45.431157], [41.84333999999999, 45.4310261], [41.8434566, 45.43090539999999], [41.84357419999999, 45.430772399999995], [41.84354869999999, 45.4306118], [41.8433942, 45.430446], [41.843387, 45.4302067], [41.84342279999999, 45.4299499], [41.8434996, 45.429731999999994], [41.8435124, 45.429544299999996], [41.84394579999999, 45.429207999999996], [41.84395349999999, 45.429131299999995], [41.84390359999999, 45.4290367], [41.8439369, 45.4289587], [41.8440034, 45.428922799999995], [41.844343499999994, 45.428910099999996], [41.8445008, 45.4287668], [41.8451862, 45.4277451], [41.8451729, 45.4276438], [41.844797899999996, 45.4270823], [41.8446301, 45.4270204], [41.844482199999995, 45.42695239999999], [41.8442085, 45.42639499999999], [41.8441526, 45.42578759999999], [41.84397669999999, 45.425539799999996], [41.84398869999999, 45.425312], [41.844210499999996, 45.4251362], [41.84492379999999, 45.424191099999994], [41.8449778, 45.42397729999999], [41.84495179999999, 45.42385540000001], [41.84478789999999, 45.4236596], [41.8445122, 45.422942299999995], [41.8443723, 45.4225587], [41.8442744, 45.422289], [41.84410549999999, 45.4219002], [41.8439337, 45.42153770000001], [41.8437625, 45.421079], [41.8435827, 45.42079389999999], [41.8430596, 45.420165], [41.842679600000004, 45.4198343], [41.842504899999994, 45.4198168], [41.8423251, 45.4196329], [41.842345, 45.4195036], [41.84220959999999, 45.41924879999999], [41.8423507, 45.418830299999996], [41.842546, 45.41865099999999], [41.842587599999995, 45.41837199999999], [41.84244519999999, 45.41822109999999], [41.8424611, 45.418003399999996], [41.8456084, 45.41652119999999], [41.8468049, 45.4153987], [41.84718349999999, 45.4149587], [41.846973299999995, 45.4141572], [41.8476605, 45.41354689999999], [41.8498821, 45.4113569], [41.8474221, 45.4085568], [41.8453438, 45.40338570000001], [41.84550209999999, 45.401929599999995], [41.845126500000006, 45.40041219999999], [41.84617099999999, 45.3998943], [41.8465352, 45.39964229999999], [41.846506, 45.3979303], [41.8458521, 45.3971986], [41.8458306, 45.3971773], [41.84314849999999, 45.3961273], [41.8432511, 45.3950966], [41.8427753, 45.3942355], [41.840690099999996, 45.3932608], [41.8404, 45.392610299999994], [41.840280299999996, 45.39224449999999], [41.83875919999999, 45.3908261], [41.83863649999999, 45.3903752], [41.83602019999999, 45.38719], [41.84167239999999, 45.387203299999996], [41.85685579999999, 45.387226], [41.859939, 45.386474299999996], [41.8610928, 45.3854107], [41.86250809999999, 45.3870225], [41.86623289999999, 45.387112], [41.8672107, 45.37073169999999], [41.867214399999995, 45.3692389], [41.8689338, 45.369241699999996], [41.87890399999999, 45.369260600000004], [41.879955499999994, 45.3692621], [41.892739, 45.3692745], [41.905502, 45.3692847], [41.9121738, 45.36929070000001], [41.913853499999995, 45.36929159999999], [41.9186981, 45.369298], [41.9264953, 45.3693076], [41.9310847, 45.3693128], [41.9336725, 45.3693156], [41.93698849999999, 45.369320599999995], [41.94383499999999, 45.369330399999996], [41.956486299999995, 45.369281], [41.96159399999999, 45.3691203], [41.965477199999995, 45.36893500000001], [41.96854849999999, 45.3687954], [41.96969729999999, 45.3688581], [41.9812096, 45.3693662], [41.98913399999999, 45.369391], [42.0068394, 45.3696716], [42.0096941, 45.36965099999999], [42.01373009999999, 45.36941169999999], [42.0268965, 45.3693442], [42.03578319999999, 45.369487400000004], [42.0452924, 45.36948379999999], [42.045278599999996, 45.35779269999999], [42.0459152, 45.3512822], [42.04875619999999, 45.3513477], [42.05861869999999, 45.35131989999999], [42.064476799999994, 45.3514106], [42.070167299999994, 45.34747029999999], [42.07102419999999, 45.346875], [42.0765446, 45.3468531], [42.0779705, 45.34685859999999], [42.08411449999999, 45.34683809999999], [42.0968767, 45.3468441], [42.09682639999999, 45.3153721], [42.09681659999999, 45.30631399999999], [42.078019999999995, 45.306356699999995], [42.07131939999999, 45.3063455], [42.071315199999994, 45.3018465], [42.07132039999999, 45.2973882], [42.07132039999999, 45.29314579999999], [42.0713279, 45.288384099999995], [42.0713258, 45.2839814], [42.071333499999994, 45.279391399999994], [42.0713599, 45.27036269999999], [42.0713658, 45.266334099999995], [42.07136499999999, 45.2613845], [42.045766799999996, 45.261389699999995], [42.0330263, 45.26138949999999], [42.0202902, 45.26139140000001], [42.0073127, 45.2614407], [41.9945685, 45.2614196], [41.99457429999999, 45.25692419999999], [41.99359650000001, 45.256934799999996], [41.9675384, 45.25569999999999], [41.967444, 45.2475091], [41.9674268, 45.2413188], [41.9688655, 45.2400946], [41.9685718, 45.2311409], [41.96935659999999, 45.2253912], [41.95935999999999, 45.225420199999995], [41.9432627, 45.225466899999994], [41.9430605, 45.2341457], [41.94285669999999, 45.2341484], [41.9141112, 45.2345228], [41.88807859999999, 45.23439079999999], [41.89275159999999, 45.2313183], [41.89599019999999, 45.229185699999995], [41.8976705, 45.22727270000001], [41.89844879999999, 45.225287999999985], [41.9063871, 45.22087979999999], [41.9070411, 45.2196223], [41.906540699999994, 45.219208599999995], [41.90451169999999, 45.220255300000005], [41.897946499999996, 45.2212475], [41.888889999999996, 45.221170799999996], [41.8871819, 45.2162833], [41.8824167, 45.20259269999999], [41.88157019999999, 45.193486199999995], [41.8838335, 45.192237199999994], [41.8835193, 45.1895673], [41.8823507, 45.1904739], [41.87253739999999, 45.1916236], [41.8594274, 45.1886602], [41.8486361, 45.1862195], [41.8281917, 45.183564], [41.815882, 45.17844650000001], [41.8122023, 45.17703680000001], [41.8107817, 45.1764925], [41.8100323, 45.176668], [41.8102067, 45.178150699999996], [41.81010439999999, 45.1782459], [41.8089793, 45.178600200000005], [41.8086454, 45.1786337], [41.8058702, 45.1789441], [41.802478, 45.1796246], [41.797337799999994, 45.1812887], [41.7920659, 45.182413], [41.787426999999994, 45.183780799999994], [41.7845963, 45.1849996], [41.778811, 45.1858859], [41.7693103, 45.1848483], [41.76096359999999, 45.18693520000001], [41.7538163, 45.18815159999999], [41.7484526, 45.1894115], [41.74461109999999, 45.19002389999999], [41.74371179999999, 45.1903551], [41.739507499999995, 45.192326], [41.72861689999999, 45.19681659999999], [41.6976175, 45.19721319999999], [41.6973733, 45.19275], [41.6804542, 45.1930451], [41.6736877, 45.19313069999999], [41.6722427, 45.1937391], [41.6714169, 45.1937787], [41.67102529999999, 45.193196699999994], [41.6708924, 45.1885587], [41.670773999999994, 45.1840104], [41.67069839999999, 45.18237669999999], [41.6707501, 45.179288199999995], [41.670705399999996, 45.176804], [41.67067419999999, 45.175066599999994], [41.67037489999999, 45.1709247], [41.6704397, 45.161701699999995], [41.682191599999996, 45.157569099999996], [41.683757899999996, 45.15701829999999], [41.6954945, 45.1567337], [41.695217099999994, 45.140270699999995], [41.695238499999995, 45.1350767], [41.692007399999994, 45.1366809], [41.6899295, 45.1368709], [41.6857141, 45.1385586], [41.6834925, 45.140326599999995], [41.6825206, 45.13948489999999], [41.682184799999995, 45.1299743], [41.6579805, 45.13020689999999], [41.65758629999999, 45.1122139], [41.657403, 45.1032226], [41.6574456, 45.1032226], [41.6678021, 45.103116199999995], [41.670131899999994, 45.10309149999999], [41.670033499999995, 45.09859929999999], [41.6699416, 45.0940918], [41.6697264, 45.08510569999999], [41.669625499999995, 45.0806037], [41.66953110000001, 45.0761031], [41.66942199999999, 45.0717542], [41.6693709, 45.069374999999994], [41.6693629, 45.0690038], [41.669320799999994, 45.0670415], [41.6567622, 45.0671936], [41.6413546, 45.0673787], [41.6313253, 45.067494599999996], [41.61860889999999, 45.0676252], [41.6107017, 45.06770509999999], [41.6066812, 45.0688285], [41.6013588, 45.066657799999994], [41.59956559999999, 45.0685811], [41.598484799999994, 45.0684245], [41.5967505, 45.0704252], [41.5957789, 45.07093269999999], [41.5944486, 45.07140309999999], [41.5928142, 45.0727112], [41.59102289999999, 45.07325339999999], [41.5893876, 45.0743425], [41.5881245, 45.07484709999999], [41.587086500000005, 45.0755396], [41.5846785, 45.07553269999999], [41.58391209999999, 45.0761867], [41.583677, 45.076998499999995], [41.58066749999999, 45.077030199999996], [41.567957, 45.0771518], [41.5552722, 45.0772986], [41.55435320000001, 45.077307], [41.54777049999999, 45.0773674], [41.539412, 45.077458], [41.5378621, 45.0774719], [41.535200999999994, 45.0774957], [41.52986769999999, 45.07754349999999], [41.5171657, 45.0776475], [41.50447299999999, 45.07778569999999], [41.5046623, 45.0867794], [41.4983207, 45.08685090000001], [41.4767238, 45.0870638], [41.4647205, 45.0871691], [41.4539051, 45.0872679], [41.4392738, 45.0874009], [41.42851749999999, 45.087499099999995], [41.428363899999994, 45.078511299999995], [41.42825770000001, 45.072136699999994], [41.42793319999999, 45.060536299999995], [41.4100801, 45.060715], [41.409367, 45.0606866], [41.4084031, 45.0604671], [41.40690789999999, 45.06259519999999], [41.40765059999999, 45.062925899999996], [41.4063499, 45.064124199999995], [41.4052466, 45.064320099999996], [41.404497600000006, 45.06503839999999], [41.403841199999995, 45.0650626], [41.40329249999999, 45.0652906], [41.402584, 45.066646799999994], [41.401279599999995, 45.06681119999999], [41.4007042, 45.0673532], [41.400324, 45.067457499999996], [41.4000456, 45.0675214], [41.40016380000001, 45.0678955], [41.39998839999999, 45.068034899999994], [41.399602099999996, 45.06805510000001], [41.3991068, 45.06779569999999], [41.3986976, 45.0679498], [41.3985857, 45.0681139], [41.3985409, 45.0690981], [41.3983361, 45.069280799999994], [41.3979299, 45.069358799999996], [41.39693009999999, 45.0691066], [41.396649499999995, 45.069232199999995], [41.39666439999999, 45.0694887], [41.39685599999999, 45.0701803], [41.396742, 45.0707234], [41.396193399999994, 45.0709764], [41.39533290000001, 45.0710858], [41.3951761, 45.0712012], [41.3950747, 45.0718151], [41.3951005, 45.07224049999999], [41.3952459, 45.0724557], [41.3951866, 45.072605100000004], [41.395045399999994, 45.072677], [41.39424189999999, 45.0728167], [41.393931599999995, 45.0729155], [41.393792499999996, 45.0730452], [41.39348009999999, 45.0742115], [41.3921654, 45.07493649999999], [41.39095, 45.07596649999999], [41.3899316, 45.07726889999999], [41.38969589999999, 45.07725229999999], [41.38942819999999, 45.07711479999999], [41.3886494, 45.077137], [41.388146299999995, 45.077395], [41.387766899999995, 45.0782617], [41.3870003, 45.078511299999995], [41.38610510000001, 45.0784528], [41.38449599999999, 45.0780986], [41.383631199999996, 45.07829559999999], [41.383262499999994, 45.0787898], [41.383002999999995, 45.07932240000001], [41.382779199999995, 45.07966269999999], [41.3824874, 45.0797533], [41.3818958, 45.0795584], [41.38156579999999, 45.0796384], [41.38087159999999, 45.079830199999996], [41.3803762, 45.0800385], [41.3801287, 45.080367499999994], [41.3795583, 45.0812307], [41.3793973, 45.0814309], [41.3790841, 45.0815064], [41.37796879999999, 45.081358], [41.3774069, 45.0814785], [41.3771168, 45.0818259], [41.3767499, 45.081952599999994], [41.3760623, 45.0821622], [41.3757916, 45.0827495], [41.3754646, 45.0830533], [41.374936, 45.0831325], [41.374414699999996, 45.083022899999996], [41.374024399999996, 45.0828204], [41.3737349, 45.082907399999996], [41.3737349, 45.0830654], [41.37382959999999, 45.0832963], [41.37385539999999, 45.08350289999999], [41.373522, 45.083656899999994], [41.37284, 45.08373989999999], [41.3725164, 45.0840382], [41.3721515, 45.084633], [41.37149049999999, 45.08500969999999], [41.370852, 45.08513719999999], [41.370321399999995, 45.0852432], [41.3689323, 45.0860437], [41.3680609, 45.0862563], [41.3678516, 45.08639629999999], [41.3674199, 45.0864681], [41.366776, 45.086368699999994], [41.366707299999995, 45.0869576], [41.366246, 45.0871762], [41.365559299999994, 45.087191499999996], [41.364131, 45.0866557], [41.3633053, 45.0868448], [41.361941, 45.0871393], [41.36127439999999, 45.0875854], [41.36069419999999, 45.08750659999999], [41.3607165, 45.0884519], [41.360051, 45.0884488], [41.3593348, 45.088256300000005], [41.3587811, 45.08797659999999], [41.3581536, 45.08765960000001], [41.3577405, 45.087372099999996], [41.3573932, 45.0873428], [41.35727279999999, 45.087539099999994], [41.3571351, 45.08793829999999], [41.3569061, 45.0884153], [41.3563922, 45.0886478], [41.35561589999999, 45.0885974], [41.3550393, 45.0888169], [41.354785799999995, 45.08923229999999], [41.3547514, 45.08955590000001], [41.354510399999995, 45.089560399999996], [41.35420969999999, 45.089389999999995], [41.353821, 45.088721], [41.353449999999995, 45.08866489999999], [41.353116299999996, 45.088892099999995], [41.35311279999999, 45.089148], [41.353707299999996, 45.0898014], [41.354104199999995, 45.0901977], [41.3540715, 45.090380599999996], [41.353821999999994, 45.0905021], [41.3535982, 45.090547699999995], [41.3533678, 45.09049709999999], [41.3521626, 45.0900559], [41.351946, 45.0901072], [41.3518725, 45.0902765], [41.3520174, 45.09089829999999], [41.3520064, 45.0910643], [41.3519055, 45.09118990000001], [41.3515268, 45.091281], [41.3514443, 45.0913906]]]]}}, {"type": "Feature", "properties": {"id": "mo-07517000", "name": "Грачевский муниципальный округ", "region": "Ставропольский край", "isCity": false, "sourceOktmo": "07-517-000-000", "sourceAgg": "Ставрополь", "excelNames": ["Грачевский муниципальный округ"], "oktmo": "07517000", "vgp": [{"year": 2019, "value": 7237799.547701155}, {"year": 2020, "value": 6909989.743476733}, {"year": 2021, "value": 6715849.908440522}, {"year": 2022, "value": 10005198.688149704}, {"year": 2023, "value": 10709036.005291184}, {"year": 2024, "value": 15290789.116210325}], "population": [{"year": 2019, "value": 11372.0}, {"year": 2020, "value": 11181.0}, {"year": 2021, "value": 10905.0}, {"year": 2022, "value": 10545.0}, {"year": 2023, "value": 10778.0}, {"year": 2024, "value": 10558.0}, {"year": 2025, "value": 10353.0}], "shipments": [{"year": 2019, "value": 2650995.7}, {"year": 2020, "value": 3108011.4}, {"year": 2021, "value": 4987391.2}, {"year": 2022, "value": 1788691.4}, {"year": 2023, "value": 4369248.2}, {"year": 2024, "value": 8329742.2}], "employees": [{"year": 2019, "value": 3073.0}, {"year": 2020, "value": 2983.0}, {"year": 2021, "value": 2880.0}, {"year": 2022, "value": 2750.0}, {"year": 2023, "value": 2792.0}, {"year": 2024, "value": 2842.0}], "investments": [{"year": 2019, "value": 9961090.0}, {"year": 2020, "value": 1201804.0}, {"year": 2021, "value": 177922.0}, {"year": 2022, "value": 406417.0}, {"year": 2023, "value": 490790.0}, {"year": 2024, "value": 298310.0}], "vgp2024": 15290789.116210325, "pop2024": 10558.0, "ship2024": 8329742.2, "emp2024": 2842.0, "inv2024": 298310.0}, "geometry": {"type": "MultiPolygon", "coordinates": [[[[42.379937, 45.5646632], [42.3814175, 45.564062299999996], [42.381947499999995, 45.5637615], [42.38453109999999, 45.5626651], [42.3854373, 45.5622718], [42.38579029999999, 45.5612997], [42.38784739999999, 45.56092389999999], [42.388404599999994, 45.5600585], [42.38737819999999, 45.5593015], [42.3869383, 45.5582198], [42.3871005, 45.5579376], [42.388880199999996, 45.5568375], [42.39344, 45.554441], [42.3960042, 45.552930999999994], [42.396873199999995, 45.55230739999999], [42.39846109999999, 45.5504291], [42.4021625, 45.5487311], [42.4030357, 45.54816929999999], [42.4026561, 45.54660479999999], [42.40559369999999, 45.544904499999994], [42.41201159999999, 45.5413449], [42.414307599999994, 45.54140509999999], [42.4244356, 45.5416605], [42.4551809, 45.5420204], [42.455546, 45.530625099999995], [42.456080799999995, 45.521764899999994], [42.456544199999996, 45.5121779], [42.457469, 45.49135439999999], [42.4576633, 45.4850811], [42.4582825, 45.467149], [42.4584743, 45.46123349999999], [42.45859899999999, 45.458134699999995], [42.4589345, 45.4489368], [42.45898449999999, 45.4475658], [42.4685286, 45.4493017], [42.47356549999999, 45.4493747], [42.4844525, 45.449552499999996], [42.4845604, 45.445962], [42.485051999999996, 45.4316852], [42.4851581, 45.4253755], [42.48108479999999, 45.4169198], [42.476806399999994, 45.4035125], [42.472727299999995, 45.3980717], [42.4731931, 45.3917874], [42.473667199999994, 45.3874728], [42.47615619999999, 45.3845292], [42.48009679999999, 45.3780456], [42.48400209999999, 45.37355389999999], [42.49342970000001, 45.367985499999996], [42.4998235, 45.3651736], [42.4998708, 45.3637144], [42.500281199999996, 45.350749199999996], [42.5008632, 45.33277639999999], [42.50107539999999, 45.32625829999999], [42.5011569, 45.32372949999999], [42.5013235, 45.3184986], [42.5014441, 45.3147824], [42.5015913, 45.3104184], [42.5017594, 45.30578669999999], [42.5092526, 45.305881199999995], [42.51734230000001, 45.3059817], [42.53990979999999, 45.30638], [42.54023839999999, 45.296607699999996], [42.540516399999994, 45.288144900000006], [42.5406224, 45.2848679], [42.54083949999999, 45.2784168], [42.5411968, 45.2676241], [42.5414058, 45.2614104], [42.5417149, 45.25231470000001], [42.5417253, 45.251893], [42.54201969999999, 45.24346909999999], [42.542475599999996, 45.2256155], [42.5420014, 45.219383199999996], [42.5418712, 45.21767259999999], [42.541830999999995, 45.2138749], [42.54178949999999, 45.2090001], [42.5417844, 45.2083965], [42.5416916, 45.1974842], [42.5415924, 45.18847219999999], [42.5415052, 45.17948479999999], [42.54140329999999, 45.17047370000001], [42.56583869999999, 45.1703531], [42.566868799999995, 45.17034470000001], [42.5795799, 45.17028049999999], [42.5883096, 45.1702354], [42.6177508, 45.1701031], [42.6177064, 45.1656279], [42.6431221, 45.16551629999999], [42.65601579999999, 45.16541959999999], [42.6559403, 45.1600253], [42.6558092, 45.1517689], [42.681029099999996, 45.1516682], [42.6957261, 45.1515967], [42.70650859999999, 45.15154419999999], [42.706511, 45.15075229999999], [42.7064373, 45.1462561], [42.70634969999999, 45.1372597], [42.706312, 45.1333711], [42.70625259999999, 45.127831199999996], [42.70612349999999, 45.12063849999999], [42.7060622, 45.11655619999999], [42.70597649999999, 45.1104338], [42.70591449999999, 45.1047832], [42.705817399999994, 45.0975845], [42.68663099999999, 45.0976934], [42.6742546, 45.0977671], [42.6550486, 45.0978774], [42.6549674, 45.08440339999999], [42.6549116, 45.0754163], [42.6549308, 45.070989899999994], [42.6550096, 45.052853799999994], [42.6683273, 45.0528287], [42.6721374, 45.05271069999999], [42.69958259999999, 45.05258529999999], [42.7278244, 45.0522456], [42.7368878, 45.052021999999994], [42.7375205, 45.0496416], [42.76689270000001, 45.04322609999999], [42.7766915, 45.036551], [42.78144459999999, 45.0333122], [42.7907803, 45.03552299999999], [42.80277499999999, 45.0383626], [42.819882799999995, 45.0329507], [42.820888499999995, 45.03193579999999], [42.8218697, 45.0313966], [42.8233927, 45.03013969999999], [42.8244538, 45.02799709999999], [42.82486719999999, 45.0273437], [42.82618289999999, 45.02639820000001], [42.82754799999999, 45.0250774], [42.82883149999999, 45.0216557], [42.829241, 45.0179391], [42.8303096, 45.0179488], [42.83507, 45.0179916], [42.8470347, 45.0181626], [42.853151100000005, 45.018223199999994], [42.858548, 45.0182527], [42.86014569999999, 45.0053634], [42.860081, 45.00483189999999], [42.85340999999999, 45.0048186], [42.8407318, 45.0046437], [42.828067100000005, 45.0044315], [42.828249, 44.997713499999996], [42.828602, 44.98827500000001], [42.828708999999996, 44.98376799999999], [42.8286713, 44.97747629999999], [42.8413924, 44.9776409], [42.8416017, 44.9686284], [42.8420018, 44.9507121], [42.8427289, 44.9237945], [42.82955869999999, 44.9236222], [42.8171811, 44.9235007], [42.8163836, 44.923518699999995], [42.8092992, 44.9234226], [42.8048226, 44.9234431], [42.8049169, 44.9142226], [42.785230299999995, 44.9139401], [42.7805184, 44.9139301], [42.76911869999999, 44.913927199999996], [42.7639722, 44.913596500000004], [42.764610499999996, 44.90444360000001], [42.76449649999999, 44.900185099999995], [42.76383479999999, 44.90003899999999], [42.7637345, 44.900383100000006], [42.7632839, 44.9007326], [42.762605199999996, 44.90086169999999], [42.762106200000005, 44.9008299], [42.7608436, 44.90055989999999], [42.7599378, 44.900495], [42.7593682, 44.9005698], [42.757574999999996, 44.90105869999999], [42.756983, 44.90162109999999], [42.75585679999999, 44.902205], [42.7555241, 44.9028027], [42.7555143, 44.903092699999995], [42.7552428, 44.90326799999999], [42.7547858, 44.90340689999999], [42.754477099999995, 44.9041887], [42.7541875, 44.9043776], [42.7532941, 44.904734], [42.7527508, 44.9050717], [42.7525585, 44.90543029999999], [42.7521309, 44.90593739999999], [42.7509229, 44.906878000000006], [42.7498647, 44.90789529999999], [42.75017509999999, 44.9084041], [42.74980089999999, 44.90895209999999], [42.7489761, 44.909921399999995], [42.7482602, 44.9106589], [42.74631599999999, 44.9116609], [42.74558449999999, 44.91224569999999], [42.7448165, 44.91254099999999], [42.74413049999999, 44.91343069999999], [42.743081999999994, 44.9152067], [42.74351119999999, 44.91645270000001], [42.7431893, 44.9173948], [42.742137899999996, 44.91867109999999], [42.7414512, 44.9188535], [42.7398848, 44.9197347], [42.73868319999999, 44.92035769999999], [42.7379536, 44.9214972], [42.73724549999999, 44.9222873], [42.7366018, 44.922591100000005], [42.73647309999999, 44.9239129], [42.7359366, 44.9243687], [42.734756399999995, 44.924444699999995], [42.7336836, 44.92479409999999], [42.73370499999999, 44.9251284], [42.73175239999999, 44.9256297], [42.7302503, 44.9263286], [42.72926329999999, 44.9268451], [42.7283835, 44.9272857], [42.728126, 44.927771799999995], [42.7275896, 44.9281516], [42.72686, 44.92816680000001], [42.72572279999999, 44.928182], [42.7249503, 44.9278782], [42.72430659999999, 44.9275591], [42.7234053, 44.9273009], [42.72274019999999, 44.9265109], [42.7221179, 44.9259792], [42.7215171, 44.9257817], [42.7204656, 44.9257817], [42.72012229999999, 44.92558420000001], [42.719843399999995, 44.9251284], [42.7194357, 44.9249916], [42.71949999999999, 44.9245662], [42.7203369, 44.924626999999994], [42.7213239, 44.9249613], [42.7213454, 44.9245207], [42.721259599999996, 44.9239129], [42.721774599999996, 44.92329000000001], [42.7218604, 44.9226823], [42.7210879, 44.9225456], [42.7205729, 44.9223784], [42.72052999999999, 44.9219074], [42.72156, 44.9216643], [42.72276159999999, 44.92128449999999], [42.72327659999999, 44.92075270000001], [42.723619899999996, 44.9203425], [42.7234912, 44.92000819999999], [42.723019099999995, 44.9199019], [42.722203699999994, 44.92003859999999], [42.721774599999996, 44.91985629999999], [42.7216244, 44.919309299999995], [42.7217316, 44.9189294], [42.72143119999999, 44.91862549999999], [42.720358399999995, 44.9182761], [42.719628799999995, 44.9179722], [42.71909229999999, 44.91740999999999], [42.719028, 44.9170757], [42.7198648, 44.91642230000001], [42.7204656, 44.916133599999995], [42.7210021, 44.9166806], [42.7212381, 44.9173036], [42.7219033, 44.9175923], [42.7229762, 44.91747079999999], [42.7235555, 44.9172884], [42.7234912, 44.9169541], [42.7226972, 44.9164679], [42.722589899999996, 44.916072799999995], [42.7229547, 44.9154954], [42.7234697, 44.9150851], [42.7239847, 44.9154194], [42.7242636, 44.9156018], [42.7246713, 44.91540419999999], [42.7250361, 44.9150092], [42.72473569999999, 44.9146141], [42.7241564, 44.914067], [42.723577, 44.9136568], [42.723255099999996, 44.9134896], [42.7232981, 44.9132009], [42.7240705, 44.91286660000001], [42.7247572, 44.912669], [42.725229199999994, 44.9129426], [42.7251005, 44.91362639999999], [42.7251649, 44.91400629999999], [42.7255726, 44.914142999999996], [42.7263021, 44.9140215], [42.7265167, 44.9138239], [42.726645399999995, 44.9136112], [42.7262163, 44.9133528], [42.7256799, 44.9131705], [42.7259159, 44.9127906], [42.7264309, 44.912623399999994], [42.7269888, 44.9129426], [42.7274179, 44.9128514], [42.7282548, 44.9125778], [42.7287912, 44.9121372], [42.7290487, 44.9117573], [42.7287054, 44.9115445], [42.7281046, 44.9118484], [42.7277612, 44.91196999999999], [42.7272463, 44.9118636], [42.7266884, 44.9116813], [42.7264952, 44.9113166], [42.7265596, 44.9106631], [42.726731300000004, 44.9099793], [42.7267449, 44.909535500000004], [42.72650599999999, 44.9090599], [42.7254094, 44.9085007], [42.723962199999995, 44.908174599999995], [42.72360389999999, 44.9081525], [42.72308799999999, 44.9086695], [42.722015799999994, 44.908309499999994], [42.7215683, 44.9069265], [42.7222903, 44.9064455], [42.72228109999999, 44.90595590000001], [42.72155059999999, 44.905065400000005], [42.7212844, 44.904582899999994], [42.7210397, 44.9042277], [42.7210911, 44.9032079], [42.72081529999999, 44.9022218], [42.7211869, 44.9013763], [42.7212658, 44.9000959], [42.7208382, 44.8998125], [42.7200502, 44.8994018], [42.71861899999999, 44.8990003], [42.7176903, 44.8985272], [42.71727249999999, 44.8972839], [42.71807359999999, 44.8959431], [42.717650299999995, 44.89494989999999], [42.71683649999999, 44.894351], [42.716558299999996, 44.89341430000001], [42.7163374, 44.8932153], [42.7158095, 44.8931348], [42.7157972, 44.8925001], [42.7162889, 44.89248429999999], [42.71719550000001, 44.89148780000001], [42.7183181, 44.890633599999994], [42.71816019999999, 44.8904856], [42.7176496, 44.8903842], [42.71506879999999, 44.8899641], [42.71569559999999, 44.8892418], [42.71714349999999, 44.8889768], [42.7178612, 44.888354500000005], [42.717706199999995, 44.88803159999999], [42.71680249999999, 44.888006600000004], [42.7156891, 44.8882141], [42.71528489999999, 44.88784679999999], [42.71602899999999, 44.88746080000001], [42.7162646, 44.887248], [42.71664979999999, 44.887121799999996], [42.7166166, 44.886891399999996], [42.71541259999999, 44.885997700000004], [42.71516979999999, 44.8858702], [42.7153245, 44.88560960000001], [42.7149806, 44.8854724], [42.6701215, 44.8857329], [42.6700107, 44.8926027], [42.6700736, 44.89929269999999], [42.6700987, 44.9000569], [42.6679093, 44.9001253], [42.63595409999999, 44.9003362], [42.6192656, 44.8999471], [42.6048959, 44.90024979999999], [42.575942600000005, 44.9005254], [42.576270599999994, 44.8954005], [42.5760431, 44.8914928], [42.55143859999999, 44.8916853], [42.5490559, 44.89149989999999], [42.5237858, 44.8916371], [42.5146343, 44.8916829], [42.499925999999995, 44.89173379999999], [42.4871462, 44.89190880000001], [42.48776099999999, 44.91273639999999], [42.48800169999999, 44.9267226], [42.4880113, 44.9351196], [42.4880362, 44.9365854], [42.4882803, 44.95492350000001], [42.4843616, 44.9549336], [42.4811323, 44.9549272], [42.4651925, 44.9549249], [42.45570649999999, 44.9549492], [42.4486994, 44.9550418], [42.43826769999999, 44.9549795], [42.4126558, 44.954994299999996], [42.3993978, 44.95508319999999], [42.3991922, 44.9550983], [42.39520319999999, 44.9551105], [42.3914427, 44.9551119], [42.3852306, 44.9551308], [42.3596025, 44.955268], [42.3492792, 44.955292099999994], [42.348426999999994, 44.9552923], [42.3477518, 44.955292400000005], [42.3462184, 44.9553061], [42.341552699999994, 44.9552736], [42.3367334, 44.955275], [42.3239483, 44.95531689999999], [42.3175011, 44.95540510000001], [42.3150886, 44.9554259], [42.31019109999999, 44.9554291], [42.2996274, 44.9554191], [42.29660570000001, 44.95537379999999], [42.2918921, 44.95540179999999], [42.28821969999999, 44.9553718], [42.285994, 44.955256], [42.2860042, 44.9599071], [42.2860361, 44.9684831], [42.286088799999995, 44.9775942], [42.2861089, 44.980931], [42.288668099999995, 44.9833094], [42.29015879999999, 44.98553609999999], [42.2903312, 44.9858719], [42.2785579, 44.9943062], [42.27010279999999, 45.0003622], [42.26134759999999, 45.0066484], [42.25694049999999, 45.0098124], [42.25520079999999, 45.0110528], [42.248792699999996, 45.009053599999994], [42.24715249999999, 45.0091471], [42.244130399999996, 45.0083391], [42.24254119999999, 45.008998299999995], [42.2394907, 45.0111906], [42.22958229999999, 45.018314999999994], [42.21108250000001, 45.03159819999999], [42.2079919, 45.033795299999994], [42.21118919999999, 45.03559429999999], [42.2070132, 45.0400806], [42.192333299999994, 45.05678509999999], [42.189217799999994, 45.0609792], [42.17979569999999, 45.071800399999994], [42.1782057, 45.07356099999999], [42.1760623, 45.076087599999994], [42.1736601, 45.078168999999995], [42.17304299999999, 45.0783018], [42.172488, 45.078571], [42.17115359999999, 45.0794428], [42.167232899999995, 45.07984], [42.1653348, 45.080332799999994], [42.16119069999999, 45.080268299999986], [42.1544993, 45.0804525], [42.15363369999999, 45.08076839999999], [42.1508403, 45.080229599999996], [42.1469907, 45.0802504], [42.1470118, 45.08261250000001], [42.147025, 45.088260299999995], [42.1470401, 45.0924409], [42.13935609999999, 45.0921063], [42.13530029999999, 45.093275799999994], [42.13381139999999, 45.1006541], [42.146897, 45.1014501], [42.1683896, 45.106656799999996], [42.1729338, 45.1081536], [42.1719257, 45.1097749], [42.16479429999999, 45.10761819999999], [42.1621968, 45.11090959999999], [42.153880799999996, 45.123187400000006], [42.1534973, 45.1254608], [42.14604919999999, 45.124412199999995], [42.144838199999995, 45.123870999999994], [42.1368855, 45.123842499999995], [42.1316535, 45.1244272], [42.13268709999999, 45.12464], [42.13358869999999, 45.1250724], [42.1346046, 45.125879], [42.135714799999995, 45.12632049999999], [42.136158800000004, 45.1270183], [42.1364212, 45.12837119999999], [42.137488, 45.1293973], [42.13749099999999, 45.1307208], [42.13827820000001, 45.13197389999999], [42.13833879999999, 45.13312729999999], [42.1378745, 45.13379659999999], [42.1385608, 45.1347079], [42.1382378, 45.1360606], [42.138877, 45.1363935], [42.144656499999996, 45.1375129], [42.1480171, 45.1385031], [42.1498596, 45.139315499999995], [42.15007279999999, 45.13990149999999], [42.151176099999994, 45.1399761], [42.152718099999994, 45.1397715], [42.1559405, 45.140779699999996], [42.158482199999995, 45.1414929], [42.160080699999995, 45.1419158], [42.162735399999995, 45.141996299999995], [42.1633919, 45.14227819999999], [42.1641912, 45.14209699999999], [42.1659324, 45.1425399], [42.16742889999999, 45.142587799999994], [42.1691557, 45.1441348], [42.1711721, 45.1446115], [42.1735454, 45.14526919999999], [42.17563199999999, 45.14709979999999], [42.17687839999999, 45.1474917], [42.17979499999999, 45.1480627], [42.1810432, 45.148512399999994], [42.18247529999999, 45.14891909999999], [42.182963099999995, 45.14961089999999], [42.1830063, 45.1506763], [42.1833821, 45.1520855], [42.1842421, 45.156709299999996], [42.1840966, 45.15857679999999], [42.18473889999999, 45.1600481], [42.1849875, 45.1703858], [42.1850393, 45.180388699999995], [42.1913706, 45.18025839999999], [42.19171469999999, 45.18555859999999], [42.19307599999999, 45.18511459999999], [42.1954081, 45.1855135], [42.1967136, 45.1854964], [42.1976515, 45.185062], [42.19946209999999, 45.184755599999995], [42.200504, 45.1848849], [42.203182, 45.18475469999999], [42.2040181, 45.18430819999999], [42.2046003, 45.1839931], [42.205254999999994, 45.18390659999999], [42.20699200000001, 45.183023999999996], [42.2162921, 45.18116979999999], [42.2177528, 45.1813111], [42.21920599999999, 45.1811383], [42.2201323, 45.180788], [42.2246475, 45.1805036], [42.22968, 45.18049179999999], [42.23665789999999, 45.17954579999999], [42.2379993, 45.1789729], [42.23828699999999, 45.17885009999999], [42.238923899999996, 45.1786695], [42.2393162, 45.178637099999996], [42.24075959999999, 45.17874119999999], [42.24222699999999, 45.178742799999995], [42.2437017, 45.178484499999996], [42.244907899999994, 45.178526100000006], [42.2459291, 45.17848649999999], [42.24957899999999, 45.1782494], [42.2520658, 45.17813700000001], [42.2555706, 45.1778549], [42.25897729999999, 45.17777209999999], [42.2643765, 45.178029699999996], [42.265182599999996, 45.17794039999999], [42.266325599999995, 45.177814399999995], [42.2680914, 45.17812240000001], [42.2692916, 45.1784266], [42.27016549999999, 45.18023960000001], [42.2711061, 45.1808092], [42.2718376, 45.1812163], [42.273818399999996, 45.1819605], [42.2739608, 45.1820582], [42.2748354, 45.1827193], [42.27679539999999, 45.1829583], [42.27974679999999, 45.1838043], [42.2822133, 45.183828], [42.2841314, 45.18350709999999], [42.2857113, 45.1832091], [42.2871906, 45.1838678], [42.2877869, 45.1841349], [42.2907625, 45.1834048], [42.291912999999994, 45.1834473], [42.2921859, 45.1836328], [42.2952246, 45.18509649999999], [42.299847799999995, 45.1869925], [42.30278369999999, 45.1879362], [42.3039552, 45.1885371], [42.30532449999999, 45.1891048], [42.3071153, 45.190503199999995], [42.307211499999994, 45.1913697], [42.3084904, 45.1916966], [42.309222399999996, 45.19258159999999], [42.3097472, 45.1927033], [42.31009589999999, 45.1927642], [42.310151, 45.1927707], [42.3134186, 45.1928512], [42.314977500000005, 45.193118], [42.31620920000001, 45.193123199999995], [42.3188984, 45.193642499999996], [42.319998399999996, 45.1937438], [42.323079, 45.1938229], [42.3235376, 45.1939694], [42.32406929999999, 45.194389599999994], [42.3242075, 45.1945775], [42.3245188, 45.19472559999999], [42.32561449999999, 45.194835399999995], [42.326318, 45.1946923], [42.326343, 45.19468599999999], [42.3275836, 45.19451829999999], [42.32865319999999, 45.195452], [42.3286439, 45.195712], [42.327994, 45.19597129999998], [42.3277945, 45.1962801], [42.3273076, 45.197801199999994], [42.327089799999996, 45.19822049999999], [42.32680069999999, 45.1984511], [42.3258988, 45.1988117], [42.3256933, 45.199192999999994], [42.325818999999996, 45.19941899999999], [42.3263505, 45.1998202], [42.32630329999999, 45.2000956], [42.32589899999999, 45.20055479999999], [42.32587829999999, 45.200820199999995], [42.3259494, 45.200999499999995], [42.3269382, 45.20149039999999], [42.32719879999999, 45.201762099999996], [42.32720239999999, 45.2019231], [42.327086699999995, 45.20212320000001], [42.3265921, 45.2027352], [42.32671779999999, 45.2030409], [42.3265059, 45.204791799999995], [42.32606299999999, 45.205317699999995], [42.32610609999999, 45.20544979999998], [42.3267479, 45.205992], [42.3268335, 45.20621839999999], [42.326912, 45.2067804], [42.327095, 45.20709639999999], [42.327099999999994, 45.20731419999999], [42.327935, 45.2075227], [42.3280174, 45.2076165], [42.3279797, 45.20772109999999], [42.327573199999996, 45.2080857], [42.32695129999999, 45.2084053], [42.32549999999999, 45.2093405], [42.3253974, 45.2095311], [42.325419399999994, 45.20990030000001], [42.3255188, 45.2101454], [42.32573489999999, 45.2102284], [42.32686269999999, 45.210357699999996], [42.3273525, 45.21069310000001], [42.327580999999995, 45.2107285], [42.3278822, 45.2106564], [42.3279739, 45.21069619999999], [42.328115499999996, 45.21068459999999], [42.3288413, 45.21079949999999], [42.329710999999996, 45.2107707], [42.3299665, 45.2108152], [42.331005399999995, 45.211154], [42.3315499, 45.21153619999999], [42.332561399999996, 45.2118468], [42.334538, 45.21221119999999], [42.33475849999999, 45.2121935], [42.3353264, 45.2120895], [42.3352826, 45.21335959999999], [42.3346214, 45.2328391], [42.352012499999994, 45.23306749999999], [42.36550739999999, 45.23333950000001], [42.3726638, 45.2334406], [42.3602459, 45.2494374], [42.3543854, 45.2579436], [42.35356089999999, 45.26274479999999], [42.3535395, 45.2643608], [42.3536146, 45.2647158], [42.35657569999999, 45.26504049999999], [42.35784460000001, 45.2655925], [42.3587751, 45.265901299999996], [42.36045959999999, 45.2662789], [42.3608351, 45.2664676], [42.36152169999999, 45.266852699999994], [42.361800699999996, 45.2673058], [42.36197229999999, 45.26808350000001], [42.362015199999995, 45.2691784], [42.3619445, 45.2788275], [42.3610645, 45.296797999999995], [42.360620499999996, 45.303659599999996], [42.348503799999996, 45.30336109999999], [42.335349699999995, 45.303255899999996], [42.3356717, 45.294244799999994], [42.3276449, 45.2942278], [42.3261027, 45.29419479999999], [42.3168468, 45.2940903], [42.3134752, 45.29381939999999], [42.3053578, 45.2937533], [42.28788879999999, 45.293246599999996], [42.282331000000006, 45.2931524], [42.27513849999999, 45.293004599999996], [42.2624296, 45.29277439999999], [42.26244, 45.29715159999999], [42.2624691, 45.30615989999999], [42.2624932, 45.31517639999999], [42.2497509, 45.31520329999999], [42.2460822, 45.3152094], [42.23701319999999, 45.3152259], [42.2194481, 45.3152505], [42.2180967, 45.315252], [42.20973049999999, 45.3228681], [42.20375409999999, 45.3310183], [42.1988038, 45.33102159999999], [42.1988048, 45.3332728], [42.1619276, 45.33328689999999], [42.158952199999995, 45.3400317], [42.1509963, 45.34584749999999], [42.14790729999999, 45.3454552], [42.1479247, 45.3580699], [42.14798449999999, 45.3873319], [42.160746, 45.3873144], [42.17351279999999, 45.3873036], [42.181705, 45.3872945], [42.186286, 45.387292], [42.1972361, 45.3872789], [42.1990449, 45.38727599999999], [42.2031292, 45.38726729999999], [42.2118225, 45.387246899999994], [42.220210699999996, 45.38724229999999], [42.2245806, 45.387234899999996], [42.2373456, 45.3872206], [42.2430141, 45.38735499999999], [42.24325129999999, 45.382414999999995], [42.26280539999999, 45.38284709999999], [42.2755282, 45.3830645], [42.287619899999996, 45.3832745], [42.2881765, 45.38328419999999], [42.326626299999994, 45.38392979999999], [42.333277, 45.384043899999995], [42.33216829999999, 45.4200397], [42.35056029999999, 45.420342399999996], [42.3703505, 45.4206631], [42.3831295, 45.42087780000001], [42.3817919, 45.4476078], [42.3792243, 45.5288744], [42.37844199999999, 45.54709119999999], [42.3780897, 45.5562057], [42.3782335, 45.5582934], [42.3731207, 45.55959969999999], [42.37319279999999, 45.5625633], [42.3730451, 45.5646727], [42.3723399, 45.57310019999999], [42.3742434, 45.5716631], [42.37473469999999, 45.570382], [42.3752832, 45.5695835], [42.37616979999999, 45.5685186], [42.376332299999994, 45.566742100000006], [42.3772891, 45.5647737], [42.3777437, 45.56424419999999], [42.3784118, 45.5643198], [42.3787335, 45.56474759999999], [42.3791228, 45.56487489999999], [42.3793006, 45.564838400000006], [42.379937, 45.5646632]]]]}}, {"type": "Feature", "properties": {"id": "mo-07528000", "name": "Кочубеевский муниципальный округ", "region": "Ставропольский край", "isCity": false, "sourceOktmo": "07-528-000-000", "sourceAgg": "Ставрополь", "excelNames": ["Кочубеевский муниципальный округ"], "oktmo": "07528000", "vgp": [{"year": 2019, "value": 26109067.652102374}, {"year": 2020, "value": 24127776.281513333}, {"year": 2021, "value": 25145729.781771217}, {"year": 2022, "value": 37984675.59304712}, {"year": 2023, "value": 40062971.05440818}, {"year": 2024, "value": 55865924.13667574}], "population": [{"year": 2019, "value": 75526.0}, {"year": 2020, "value": 74628.0}, {"year": 2021, "value": 73791.0}, {"year": 2022, "value": 73088.0}, {"year": 2023, "value": 78120.0}, {"year": 2024, "value": 77707.0}, {"year": 2025, "value": 77577.0}], "shipments": [{"year": 2019, "value": 14842482.5}, {"year": 2020, "value": 14780340.1}, {"year": 2021, "value": 14780309.9}, {"year": 2022, "value": 16007282.2}, {"year": 2023, "value": 12697392.9}, {"year": 2024, "value": 15578210.5}], "employees": [{"year": 2019, "value": 10072.0}, {"year": 2020, "value": 9916.0}, {"year": 2021, "value": 10013.0}, {"year": 2022, "value": 9350.0}, {"year": 2023, "value": 9446.0}, {"year": 2024, "value": 9666.0}], "investments": [{"year": 2019, "value": 7173770.0}, {"year": 2020, "value": 31611354.0}, {"year": 2021, "value": 4805801.0}, {"year": 2022, "value": 18663540.0}, {"year": 2023, "value": 6694926.0}, {"year": 2024, "value": 2462455.0}], "vgp2024": 55865924.13667574, "pop2024": 77707.0, "ship2024": 15578210.5, "emp2024": 9666.0, "inv2024": 2462455.0}, "geometry": {"type": "MultiPolygon", "coordinates": [[[[42.2649309, 44.3308633], [42.26209999999999, 44.33198709999999], [42.2575532, 44.3332667], [42.2542108, 44.3342617], [42.2504065, 44.335061], [42.2484282, 44.3353753], [42.2446151, 44.33624249999999], [42.242418199999996, 44.33744909999999], [42.24125649999999, 44.3375747], [42.2396018, 44.337258199999994], [42.23882319999999, 44.3380234], [42.234057299999996, 44.340558300000005], [42.2287726, 44.343560399999994], [42.2226644, 44.3461733], [42.2201994, 44.348330499999996], [42.20256319999999, 44.34822019999999], [42.1605517, 44.348303699999995], [42.1470308, 44.348557799999995], [42.13582989999999, 44.34941709999999], [42.1219529, 44.348943], [42.122314, 44.3529136], [42.117057599999995, 44.3528966], [42.0945554, 44.3530621], [42.0813805, 44.35306489999999], [42.06344299999999, 44.3530621], [42.04766779999999, 44.3531763], [42.0302756, 44.35274960000001], [42.0278225, 44.354447799999996], [42.026984399999996, 44.3552291], [42.0232681, 44.3556722], [42.0218594, 44.3581569], [42.02115439999999, 44.3603611], [42.0203655, 44.362874999999995], [42.0207863, 44.36446399999999], [42.02106510000001, 44.3649313], [42.02149289999999, 44.3665845], [42.02018669999999, 44.367922199999995], [42.01764519999999, 44.3699069], [42.01498289999999, 44.3724874], [42.0118034, 44.37234759999999], [42.0081542, 44.372728699999996], [42.005417599999994, 44.37357279999999], [42.004048899999994, 44.375183199999995], [42.0024255, 44.376277], [41.997926199999995, 44.378839199999994], [41.99630869999999, 44.3790414], [41.9941343, 44.3795122], [41.992406, 44.37972599999999], [41.9894772, 44.380357499999995], [41.9878247, 44.3825938], [41.9862805, 44.38355849999999], [41.985099299999995, 44.38413], [41.983244799999994, 44.38527259999999], [41.982923299999996, 44.3856942], [41.9824843, 44.3858976], [41.9813528, 44.3864094], [41.9795296, 44.38771390000001], [41.9781049, 44.388483199999996], [41.9757479, 44.389261499999996], [41.9691029, 44.39134469999999], [41.96630259999999, 44.391229], [41.9630823, 44.3908195], [41.960828299999996, 44.39125249999999], [41.959046400000005, 44.39257169999999], [41.9562074, 44.39357389999999], [41.9532603, 44.3942161], [41.9521144, 44.3946907], [41.9509574, 44.3954233], [41.9502235, 44.3959776], [41.9492908, 44.396484099999995], [41.94875069999999, 44.396950499999996], [41.9468067, 44.3980348], [41.9452799, 44.3984395], [41.94231419999999, 44.3991274], [41.9393633, 44.3997636], [41.9365516, 44.3999431], [41.9357251, 44.400156], [41.9347042, 44.400529299999995], [41.93398019999999, 44.4010367], [41.932609799999994, 44.401877999999996], [41.9292983, 44.40337099999999], [41.927408699999994, 44.4045933], [41.9260807, 44.40580030000001], [41.92466569999999, 44.40733920000001], [41.92275519999999, 44.4089222], [41.9210888, 44.4109781], [41.9202314, 44.41271389999999], [41.92071119999999, 44.41502259999999], [41.9210946, 44.41556429999999], [41.923561899999996, 44.42046640000001], [41.92465899999999, 44.4243562], [41.92400479999999, 44.42687359999999], [41.9248887, 44.42960529999999], [41.92599129999999, 44.43216300000001], [41.92686669999999, 44.434993399999996], [41.9264262, 44.4383284], [41.9252582, 44.4425314], [41.9241523, 44.443474], [41.9223179, 44.4452421], [41.922229699999995, 44.44710229999999], [41.9232778, 44.4480114], [41.9239537, 44.4484729], [41.9246982, 44.4495638], [41.9239146, 44.450654699999994], [41.9226248, 44.451681699999995], [41.9222656, 44.45245169999999], [41.923797, 44.4552976], [41.92508999999999, 44.4585699], [41.9252468, 44.46019189999999], [41.9245807, 44.461086900000005], [41.9231701, 44.4619818], [41.9228958, 44.46374349999999], [41.9244631, 44.4651138], [41.92481579999999, 44.46788209999999], [41.927362599999995, 44.47087410000001], [41.9292858, 44.4732149], [41.9293049, 44.4737791], [41.9261088, 44.47585089999999], [41.9244239, 44.47755639999999], [41.9235534, 44.4813265], [41.9213979, 44.4867646], [41.923145299999995, 44.489058], [41.9253611, 44.4900497], [41.9269086, 44.4914368], [41.92778489999999, 44.493077299999996], [41.927745300000005, 44.4941535], [41.924572299999994, 44.49611029999999], [41.8978575, 44.4967344], [41.89705289999999, 44.4967736], [41.86534919999999, 44.4976366], [41.864562, 44.4871835], [41.86259629999999, 44.48706229999999], [41.835950499999996, 44.4857702], [41.8036188, 44.48393409999999], [41.80374569999999, 44.48260859999999], [41.804587899999994, 44.4814917], [41.802216, 44.47871779999999], [41.7995264, 44.478054799999995], [41.7972279, 44.477828], [41.7943921, 44.4762241], [41.79192189999999, 44.473309099999994], [41.792669599999996, 44.4711851], [41.7881878, 44.47250059999999], [41.7735276, 44.4723549], [41.7691206, 44.47128599999999], [41.7675125, 44.47231999999999], [41.7653059, 44.47223739999999], [41.76355219999999, 44.4724047], [41.7600565, 44.4713557], [41.75291949999999, 44.471128199999995], [41.7451447, 44.4717571], [41.7427357, 44.47195489999999], [41.73607799999999, 44.473664899999996], [41.7366406, 44.48343890000001], [41.729531099999996, 44.483809699999995], [41.7292661, 44.48408160000001], [41.725826999999995, 44.48525970000001], [41.72285109999999, 44.485714099999996], [41.716959, 44.4872643], [41.7141479, 44.487783699999994], [41.70899930000001, 44.488786399999995], [41.7038551, 44.48954239999999], [41.6999572, 44.49967469999999], [41.6937186, 44.4984299], [41.65113039999999, 44.49034069999999], [41.6383359, 44.525138299999995], [41.5897072, 44.51592889999999], [41.58479659999999, 44.5292399], [41.580029599999996, 44.54215859999999], [41.56472569999999, 44.583724399999994], [41.5519664, 44.61815229999999], [41.5274524, 44.6139404], [41.53164949999999, 44.602582500000004], [41.4949328, 44.5956913], [41.492950099999995, 44.6017566], [41.488379599999995, 44.6138978], [41.4858477, 44.6210651], [41.4791764, 44.6387115], [41.4764609, 44.64571230000001], [41.476111, 44.647504100000006], [41.474633999999995, 44.64843489999999], [41.47239729999999, 44.64843489999999], [41.4670376, 44.650626599999995], [41.4663017, 44.6506924], [41.46509629999999, 44.65005609999999], [41.46345039999999, 44.65005609999999], [41.461678, 44.65092679999999], [41.4603001, 44.6509792], [41.4586795, 44.650498799999994], [41.45688929999999, 44.65061229999999], [41.45558739999999, 44.6535694], [41.4477758, 44.657198199999996], [41.4483896, 44.6584876], [41.444169499999994, 44.6628702], [41.4270929, 44.70847619999999], [41.43947930000001, 44.7108614], [41.520723499999995, 44.726560899999996], [41.51713829999999, 44.73020739999999], [41.5196807, 44.730752900000006], [41.52477979999999, 44.731603799999995], [41.5350491, 44.7335761], [41.559886199999994, 44.7383883], [41.55517729999999, 44.751347499999994], [41.56683120000001, 44.7536338], [41.5638498, 44.76161269999999], [41.578508799999994, 44.7572273], [41.5785486, 44.7578321], [41.57945, 44.7577316], [41.583917799999995, 44.76726059999999], [41.5839611, 44.7673505], [41.5862941, 44.77236059999999], [41.586835099999995, 44.7724726], [41.5879965, 44.7722748], [41.58841249999999, 44.771521500000006], [41.5899034, 44.771046], [41.5903355, 44.7705398], [41.591243, 44.7704171], [41.593101299999994, 44.7696194], [41.5934228, 44.768874], [41.59422479999999, 44.7682388], [41.5922815, 44.77330789999999], [41.584451099999995, 44.79421219999999], [41.6152512, 44.7999782], [41.6085986, 44.81837960000001], [41.6057904, 44.825969699999995], [41.6116129, 44.8271496], [41.61182099999999, 44.8274741], [41.609271, 44.8347457], [41.6110852, 44.835395999999996], [41.6114322, 44.835395999999996], [41.6118404, 44.83470119999999], [41.613003799999994, 44.8350631], [41.613575299999994, 44.8349183], [41.6141876, 44.8342815], [41.6148572, 44.83432450000001], [41.6139835, 44.83871039999999], [41.6136937, 44.84042589999999], [41.61578539999999, 44.846031], [41.61621379999999, 44.8472172], [41.616942, 44.84889840000001], [41.62232949999999, 44.84755839999999], [41.6235389, 44.84794149999999], [41.6241238, 44.8486738], [41.62450389999999, 44.8496241], [41.6247051, 44.850516199999994], [41.625060899999994, 44.8512248], [41.62581279999999, 44.851642899999995], [41.626725099999994, 44.85161599999999], [41.627623199999995, 44.8513845], [41.6286845, 44.8510523], [41.63006049999999, 44.8507823], [41.630521800000004, 44.8506406], [41.6321566, 44.85375640000001], [41.6364604, 44.86355210000001], [41.6386764, 44.8641035], [41.6387808, 44.8755994], [41.63956319999999, 44.9053969], [41.652161, 44.90531789999999], [41.6539743, 44.986253], [41.6674832, 44.9861103], [41.67704849999999, 44.9860123], [41.6814148, 44.9859692], [41.6941504, 44.985876299999994], [41.6947982, 44.9858716], [41.6959045, 44.9856802], [41.693488499999994, 44.9828543], [41.6912932, 44.98032659999999], [41.69082809999999, 44.9794565], [41.6917658, 44.9785242], [41.6905921, 44.97670599999999], [41.6896743, 44.97690279999999], [41.6884449, 44.9752667], [41.6875712, 44.97441849999999], [41.6866986, 44.97366619999999], [41.6870912, 44.97196139999999], [41.688881599999995, 44.969999099999995], [41.6904057, 44.9679648], [41.6939141, 44.9652618], [41.694716699999994, 44.9641569], [41.6955039, 44.962586099999996], [41.695906099999995, 44.96062830000001], [41.6963538, 44.95854419999999], [41.69520769999999, 44.956555200000004], [41.6930325, 44.954293], [41.697127599999995, 44.95143639999999], [41.696845, 44.9382465], [41.7044992, 44.938254500000006], [41.708722099999996, 44.93776789999999], [41.7088463, 44.9352452], [41.7109039, 44.93517409999999], [41.71276890000001, 44.93483139999999], [41.715862099999995, 44.9337358], [41.7167865, 44.9316386], [41.71806999999999, 44.9301761], [41.719989899999995, 44.92914809999999], [41.724615799999995, 44.927711], [41.7280121, 44.92661999999999], [41.728427599999996, 44.92579740000001], [41.728077199999994, 44.9245533], [41.7282099, 44.91933449999999], [41.727881599999996, 44.911323499999995], [41.72756849999999, 44.90744049999999], [41.72753029999999, 44.9041914], [41.7406344, 44.904034100000004], [41.7404383, 44.89811989999999], [41.7402926, 44.8959586], [41.7741113, 44.896129], [41.773316, 44.8948582], [41.7815291, 44.8892363], [41.781217, 44.8882614], [41.7881118, 44.8854528], [41.7937746, 44.8837529], [41.8007412, 44.88171479999999], [41.8008704, 44.8797881], [41.8001364, 44.8783862], [41.8046849, 44.87651739999999], [41.825375599999994, 44.8684755], [41.82661449999999, 44.869292599999994], [41.832536399999995, 44.874537100000005], [41.83792849999999, 44.87947460000001], [41.842988399999996, 44.87892780000001], [41.84479, 44.877746099999996], [41.84648729999999, 44.8776949], [41.8493053, 44.87603669999999], [41.85105449999999, 44.875274399999995], [41.85406879999999, 44.8726153], [41.8540535, 44.8749994], [41.8583053, 44.87055329999999], [41.8610287, 44.8669569], [41.87018119999999, 44.861383], [41.8717283, 44.8631628], [41.8767513, 44.8603857], [41.8778505, 44.860471200000006], [41.88207, 44.85789119999999], [41.8836285, 44.8564208], [41.8948119, 44.852625200000006], [41.89902849999999, 44.8546926], [41.9128543, 44.8569438], [41.913258299999995, 44.85397979999999], [41.91344869999999, 44.8516304], [41.9143888, 44.8504499], [41.915543199999995, 44.851254], [41.91735959999999, 44.8525192], [41.9224978, 44.8457131], [41.93025730000001, 44.84285630000001], [41.934342699999995, 44.8417013], [41.936357799999996, 44.8414108], [41.939110799999995, 44.8388272], [41.9426428, 44.836318500000004], [41.9465091, 44.83309409999999], [41.94836999999999, 44.8316158], [41.95015, 44.830201699999996], [41.9504282, 44.82730399999999], [41.9514204, 44.82437159999999], [41.954585400000006, 44.8219609], [41.9561446, 44.821818799999996], [41.96003089999999, 44.816373299999995], [41.96222409999999, 44.8139397], [41.962253200000006, 44.8134444], [41.9597569, 44.8119121], [41.9574881, 44.80832800000001], [41.9590544, 44.805995499999995], [41.9607642, 44.8046062], [41.95951699999999, 44.8041983], [41.95847839999999, 44.80398619999999], [41.958504, 44.80322159999999], [41.95790689999999, 44.80225089999999], [41.9597099, 44.8005791], [41.9591662, 44.7987676], [41.9610928, 44.7982045], [41.9618212, 44.7985932], [41.96351229999999, 44.7973714], [41.97310199999999, 44.7952746], [41.975628099999994, 44.7957141], [41.9778778, 44.7949917], [41.983227, 44.79232819999999], [41.9811042, 44.7913436], [41.981280999999996, 44.7908836], [41.9822041, 44.7906048], [41.981935799999995, 44.7895502], [41.98083909999999, 44.7891593], [41.9807801, 44.788116699999996], [41.9803284, 44.7874587], [41.9804757, 44.7863255], [41.9822599, 44.7854612], [41.98527359999999, 44.7842919], [41.9871229, 44.7853044], [41.987741099999994, 44.7861644], [41.9883528, 44.7861455], [41.9884636, 44.785062999999994], [41.9907168, 44.7839013], [41.99131979999999, 44.784548799999996], [41.990976200000006, 44.7873783], [41.99179029999999, 44.7874356], [41.99214109999999, 44.7858474], [41.99230769999999, 44.785709999999995], [41.993111799999994, 44.7863978], [41.9949526, 44.7858975], [41.99376029999999, 44.7841038], [41.994480599999996, 44.78242819999999], [41.99689239999999, 44.7828129], [41.9967376, 44.7838148], [41.998316599999995, 44.784363199999994], [42.0004435, 44.7839788], [42.002064, 44.784921], [41.99956559999999, 44.78668069999999], [41.99929199999999, 44.7879914], [41.998521399999994, 44.7887239], [41.9992784, 44.789038399999995], [41.99998840000001, 44.7893333], [42.0004876, 44.7895407], [41.9995024, 44.79051119999999], [42.001098199999994, 44.7912183], [42.0024022, 44.79184389999999], [42.002128199999994, 44.79251179999999], [41.99956279999999, 44.79305049999999], [41.99768699999999, 44.793342200000005], [41.9976915, 44.794163399999995], [41.9998544, 44.7939933], [42.0003603, 44.7940583], [42.0009327, 44.796411799999994], [42.0007406, 44.798067499999995], [41.9999699, 44.798778], [42.0000211, 44.799262], [42.00259439999999, 44.7996399], [42.003008699999995, 44.801043699999994], [42.00179839999999, 44.80201910000001], [41.9999135, 44.8023474], [41.9995186, 44.8028678], [41.9964953, 44.803486899999996], [41.993731, 44.80454089999999], [41.9940369, 44.8058031], [41.9948926, 44.806637], [41.9940745, 44.8075976], [41.994591699999994, 44.8085915], [41.9939473, 44.80955079999999], [41.99274369999999, 44.8101445], [41.990214, 44.8112873], [41.9829373, 44.8171708], [41.9847888, 44.8188901], [41.995199, 44.8151355], [41.996516799999995, 44.8147021], [41.9990917, 44.8144418], [42.002548299999994, 44.8137001], [42.00361749999999, 44.8121174], [42.00271039999999, 44.808403399999996], [42.0001623, 44.804334100000005], [42.000831, 44.802952299999994], [42.00495719999999, 44.8016508], [42.00884899999999, 44.8004508], [42.010547, 44.795922499999996], [42.015409, 44.7915486], [42.0111412, 44.7889362], [42.0108443, 44.7877186], [42.01047909999999, 44.7861036], [42.0127734, 44.7827371], [42.0125131, 44.778026700000005], [42.0140442, 44.7771555], [42.014578799999995, 44.7766338], [42.0154344, 44.777802699999995], [42.019944699999996, 44.7758913], [42.0194393, 44.7751548], [42.02504179999999, 44.77491349999999], [42.02578750000001, 44.77513929999999], [42.0298373, 44.7757158], [42.0302433, 44.7758646], [42.031999299999995, 44.7765079], [42.03363999999999, 44.7780702], [42.0348572, 44.77872479999999], [42.03614, 44.7802618], [42.0380793, 44.782952699999996], [42.04157969999999, 44.78414769999999], [42.0442067, 44.7850852], [42.0468254, 44.7870554], [42.049361999999995, 44.7886809], [42.05282989999999, 44.7913875], [42.05553749999999, 44.794228600000004], [42.057394200000005, 44.7974466], [42.0619431, 44.797578], [42.0639815, 44.79775239999999], [42.0711061, 44.800998899999996], [42.0717948, 44.798961], [42.07233579999999, 44.7977398], [42.073678, 44.7969897], [42.07476129999999, 44.796254], [42.07521890000001, 44.79521870000001], [42.07748449999999, 44.793588299999996], [42.07783229999999, 44.7931609], [42.07815539999999, 44.79278], [42.0789693, 44.7916311], [42.0783446, 44.7909229], [42.0769607, 44.7897929], [42.0785434, 44.7885191], [42.0810604, 44.786508899999994], [42.0785921, 44.7847841], [42.0811464, 44.7824477], [42.0814139, 44.781999299999995], [42.0823075, 44.7797144], [42.08284419999999, 44.7783782], [42.08299709999999, 44.7772498], [42.0834577, 44.77598009999999], [42.0833032, 44.773947199999995], [42.0836017, 44.7724588], [42.0840186, 44.7712828], [42.10431100000001, 44.761111099999994], [42.11476069999999, 44.756216], [42.1200132, 44.7537003], [42.1252813, 44.7511962], [42.1306198, 44.7486459], [42.1401695, 44.743961600000006], [42.155582499999994, 44.7597348], [42.1597381, 44.7640331], [42.1695676, 44.775867899999994], [42.170686499999995, 44.77594299999999], [42.187678399999996, 44.776252799999995], [42.19961169999999, 44.776317299999995], [42.2142863, 44.77639009999999], [42.221077799999996, 44.776575599999994], [42.22137669999999, 44.762304199999996], [42.2234748, 44.762204600000004], [42.2276412, 44.7621513], [42.235049, 44.76251249999999], [42.26476290000001, 44.7624191], [42.26725849999999, 44.7622794], [42.27034509999999, 44.76229419999999], [42.27051029999999, 44.745247199999994], [42.2810293, 44.7451252], [42.292615399999995, 44.74488000000001], [42.3012777, 44.7443545], [42.3030993, 44.744244], [42.3137531, 44.7441212], [42.33417759999999, 44.7440699], [42.3294244, 44.7317914], [42.3265203, 44.724854699999995], [42.3229925, 44.7156099], [42.32101949999999, 44.7110554], [42.31558390000001, 44.711379799999996], [42.30606319999999, 44.7116036], [42.2953267, 44.711976199999995], [42.273548299999995, 44.71207549999999], [42.2730689, 44.7097903], [42.2727156, 44.70688989999999], [42.25678049999999, 44.7084775], [42.2346077, 44.7023003], [42.22439909999999, 44.70307089999999], [42.2173832, 44.70399439999999], [42.2018875, 44.70697289999999], [42.199564, 44.7012931], [42.211093899999995, 44.6990347], [42.21186169999999, 44.69888999999999], [42.2188169, 44.697523999999994], [42.2355195, 44.696215099999996], [42.25698259999999, 44.702225], [42.260104299999995, 44.7019446], [42.2513872, 44.68035939999999], [42.24884569999999, 44.67211629999999], [42.246125199999994, 44.66517339999999], [42.2321737, 44.66771899999999], [42.21238009999999, 44.67132629999999], [42.2099691, 44.6658611], [42.193262399999995, 44.6690006], [42.186895699999994, 44.6536261], [42.1913331, 44.6529167], [42.19312059999999, 44.65264040000001], [42.18740089999999, 44.6375878], [42.18130959999999, 44.623341], [42.1780231, 44.6187527], [42.16583159999999, 44.6046131], [42.1658081, 44.60437689999999], [42.17366869999999, 44.6011988], [42.1714696, 44.5980384], [42.16437919999999, 44.5865605], [42.154329, 44.5893057], [42.148993999999995, 44.590198799999996], [42.14561479999999, 44.5905672], [42.1325002, 44.5940466], [42.1314353, 44.5918719], [42.1286889, 44.5839025], [42.1141599, 44.55179110000001], [42.11577090000001, 44.54951739999999], [42.11448889999999, 44.542915], [42.1178535, 44.541126299999995], [42.13034429999999, 44.530491700000006], [42.1274942, 44.522114099999996], [42.12262729999999, 44.5099494], [42.1361775, 44.507047], [42.1413159, 44.50615069999999], [42.1445439, 44.504505], [42.1539497, 44.5032214], [42.16527349999999, 44.5015993], [42.1708234, 44.5005315], [42.170089999999995, 44.488351599999994], [42.19543099999999, 44.4875617], [42.195125399999995, 44.47420489999999], [42.207728499999995, 44.4752154], [42.215212699999995, 44.474019600000005], [42.270208, 44.4738447], [42.2703165, 44.4586945], [42.27046039999999, 44.453006], [42.2700643, 44.439049999999995], [42.2845761, 44.438793499999996], [42.3037864, 44.4385374], [42.30441269999999, 44.4382129], [42.308424599999995, 44.4337712], [42.3122597, 44.42885359999999], [42.3006432, 44.41839339999999], [42.2877483, 44.4025209], [42.2853654, 44.3957664], [42.28437689999999, 44.3926353], [42.28431789999999, 44.38314069999999], [42.2836905, 44.381119], [42.2821642, 44.3752044], [42.2789132, 44.36283399999999], [42.27781589999999, 44.3586422], [42.2758432, 44.35046989999999], [42.272224699999995, 44.336196199999996], [42.2706859, 44.3302519], [42.2649309, 44.3308633]], [[41.924212499999996, 44.5943525], [41.92387529999999, 44.5944495], [41.92381379999999, 44.5943399], [41.9229766, 44.59452840000001], [41.9225826, 44.5937876], [41.9216593, 44.59163529999999], [41.921056, 44.59169669999999], [41.919086199999995, 44.58702790000001], [41.9220471, 44.58639219999999], [41.9218932, 44.5859801], [41.9252665, 44.5852762], [41.9260545, 44.585418899999986], [41.9262959, 44.5888123], [41.92635049999999, 44.59068769999999], [41.9307557, 44.590572099999996], [41.93063289999999, 44.589831], [41.93046869999999, 44.5885297], [41.93193339999999, 44.5886767], [41.932486299999994, 44.5884936], [41.93298819999999, 44.5880472], [41.93305469999999, 44.58774409999999], [41.9328608, 44.58723969999999], [41.9333346, 44.586307299999994], [41.9351128, 44.585668399999996], [41.936571, 44.5856982], [41.938118499999995, 44.586443], [41.9399092, 44.586403000000004], [41.9411878, 44.586144], [41.9428507, 44.5852359], [41.9464958, 44.58258239999999], [41.9497806, 44.5823257], [41.952247899999996, 44.582041999999994], [41.9584276, 44.581369099999996], [41.9627646, 44.5807989], [41.9639034, 44.57937989999999], [41.96674929999999, 44.5804081], [41.968627399999995, 44.57894259999999], [41.970199, 44.5784701], [41.97180430000001, 44.57847139999999], [41.9738613, 44.579012399999996], [41.9757862, 44.57969239999999], [41.9757144, 44.5818924], [41.97862539999999, 44.5823461], [41.9830375, 44.5819698], [41.9903541, 44.580732999999995], [41.984594099999995, 44.5868504], [41.98816709999999, 44.5873986], [41.98935170000001, 44.5878234], [41.99019659999999, 44.589047099999995], [41.9924983, 44.58912209999999], [41.9941635, 44.5891478], [41.9968326, 44.5895495], [41.998034, 44.58974469999999], [42.0012035, 44.5964642], [42.0042805, 44.60376389999999], [42.001678, 44.60417309999999], [42.0020088, 44.60553659999999], [41.99735309999999, 44.6063986], [41.998432, 44.609075999999995], [41.99367689999999, 44.609960599999994], [41.996546, 44.616817], [41.9984986, 44.621712699999996], [42.00011909999999, 44.62617120000001], [42.0014824, 44.628877700000004], [41.99549329999999, 44.6291824], [41.99091959999999, 44.62930409999999], [41.98900859999999, 44.6302259], [41.986879, 44.6312004], [41.9793381, 44.63439549999999], [41.9824205, 44.6380932], [41.98350030000001, 44.6392669], [41.972649800000006, 44.6444591], [41.976721899999994, 44.64784889999999], [41.9706938, 44.653125], [41.97673519999999, 44.656289], [41.9748119, 44.6564928], [41.97450009999999, 44.65730990000001], [41.9737344, 44.6577373], [41.971788, 44.657555599999995], [41.9713656, 44.6574792], [41.9710461, 44.657400599999995], [41.970504399999996, 44.65766339999999], [41.9708983, 44.65860909999999], [41.9688617, 44.6620408], [41.9666553, 44.6641996], [41.96580380000001, 44.664434099999994], [41.96487390000001, 44.6642758], [41.96438489999999, 44.6658235], [41.96452570000001, 44.6667772], [41.9636567, 44.669239000000005], [41.9621005, 44.672843699999994], [41.9588909, 44.6771909], [41.9597205, 44.6772967], [41.9599464, 44.6777036], [41.96138169999999, 44.6777382], [41.961757399999996, 44.683667], [41.95606969999999, 44.6867527], [41.9556162, 44.6861389], [41.9542997, 44.6879106], [41.94750689999999, 44.689735799999994], [41.9427057, 44.691037], [41.941418399999996, 44.691540599999996], [41.942045799999995, 44.6924221], [41.940301299999994, 44.69298899999999], [41.938320999999995, 44.69279379999999], [41.9372094, 44.69293110000001], [41.936036699999995, 44.693050799999995], [41.93678619999999, 44.6943209], [41.93460389999999, 44.6945301], [41.9311977, 44.6946738], [41.9298433, 44.69470849999999], [41.92751319999999, 44.69465509999999], [41.926753999999995, 44.69472749999999], [41.927039099999995, 44.69512240000001], [41.926525299999994, 44.69523529999999], [41.9264116, 44.6952952], [41.9261628, 44.6954529], [41.9260209, 44.695822199999995], [41.9261444, 44.69634789999999], [41.92658459999999, 44.6966517], [41.9266834, 44.69701539999999], [41.9269721, 44.697300299999995], [41.926847099999996, 44.6974116], [41.9263066, 44.6975638], [41.9260254, 44.69753970000001], [41.9257021, 44.697272899999994], [41.92523359999999, 44.6970535], [41.9248597, 44.69724149999999], [41.924877599999995, 44.697523999999994], [41.92510879999999, 44.6976572], [41.92560949999999, 44.6976505], [41.92555339999999, 44.69803019999999], [41.9256014, 44.6983471], [41.9250114, 44.6984392], [41.9251248, 44.698866], [41.9255904, 44.69895180000001], [41.92596019999999, 44.69905849999999], [41.926072299999994, 44.69941179999999], [41.9262303, 44.6996224], [41.9259731, 44.699618699999995], [41.925414999999994, 44.69957269999999], [41.9248836, 44.6994623], [41.9242048, 44.699474099999996], [41.9238012, 44.69962089999999], [41.923857399999996, 44.6999168], [41.924372399999996, 44.7000875], [41.9245952, 44.70027089999999], [41.924823, 44.7002618], [41.92508389999999, 44.7004778], [41.92505539999999, 44.700956299999994], [41.9245312, 44.7014416], [41.92432290000001, 44.70131419999999], [41.92375369999999, 44.701130199999994], [41.923046899999996, 44.7010094], [41.9226765, 44.7014101], [41.922531, 44.702151099999995], [41.92254049999999, 44.70261630000001], [41.9223628, 44.70301499999999], [41.92216309999999, 44.7036375], [41.9219027, 44.703876599999994], [41.9214523, 44.7042879], [41.9212627, 44.7044682], [41.9207857, 44.704684799999995], [41.9203443, 44.7047439], [41.91633629999999, 44.706035799999995], [41.9158497, 44.7052058], [41.91502079999999, 44.7054275], [41.9155548, 44.7060734], [41.9131078, 44.7065051], [41.9124539, 44.705988399999995], [41.9033342, 44.708320699999994], [41.8975862, 44.703194599999996], [41.8947632, 44.70071959999999], [41.89354999999999, 44.70107860000001], [41.8930911, 44.700605499999995], [41.8939549, 44.6999313], [41.8928936, 44.6988328], [41.9086558, 44.6873681], [41.9081813, 44.6851505], [41.9082798, 44.6816578], [41.9082552, 44.6783401], [41.90650699999999, 44.678226300000006], [41.9056205, 44.679425599999995], [41.9023211, 44.68181539999999], [41.901865599999994, 44.68257700000001], [41.90090529999999, 44.683128399999994], [41.900745199999996, 44.68283079999999], [41.901089899999995, 44.6817804], [41.9012869, 44.6803885], [41.8963131, 44.6844152], [41.89780489999999, 44.685884099999996], [41.892818999999996, 44.690086699999995], [41.888384099999996, 44.6938413], [41.88839289999999, 44.6939327], [41.88822819999999, 44.69419649999999], [41.88811739999999, 44.694488], [41.8881238, 44.6946149], [41.8869248, 44.6955987], [41.8853388, 44.69704479999999], [41.884113799999994, 44.6981077], [41.8827694, 44.7002525], [41.8814599, 44.7008972], [41.8800014, 44.7020039], [41.877814099999995, 44.7025127], [41.87666269999999, 44.7033251], [41.877072, 44.70601229999999], [41.8766673, 44.7066362], [41.8748468, 44.707217299999996], [41.8743489, 44.70686370000001], [41.86895979999999, 44.70107089999999], [41.8666846, 44.69936529999999], [41.8736835, 44.6930556], [41.87514779999999, 44.69159749999999], [41.8763095, 44.6883249], [41.8769514, 44.68615479999999], [41.8775413, 44.6850039], [41.8744912, 44.6832899], [41.87591269999999, 44.68208070000001], [41.8761978, 44.68140499999999], [41.87699959999999, 44.6806492], [41.8780549, 44.6796751], [41.8786093, 44.6790117], [41.87940389999999, 44.6783686], [41.88099199999999, 44.6767551], [41.8853239, 44.6722114], [41.886535, 44.6713759], [41.8860238, 44.6701957], [41.8850278, 44.669643199999996], [41.88289369999999, 44.669077099999996], [41.882386999999994, 44.66840859999999], [41.8826404, 44.667715199999996], [41.8826939, 44.666974399999994], [41.883264999999994, 44.6667612], [41.88323809999999, 44.666280799999996], [41.883313, 44.665844199999995], [41.88362409999999, 44.6641053], [41.88447909999999, 44.663951600000004], [41.88701799999999, 44.66300389999999], [41.8881082, 44.661507799999995], [41.8883873, 44.6610636], [41.8886341, 44.66080569999999], [41.88918369999999, 44.6604052], [41.8894661, 44.6602068], [41.8900506, 44.659848100000005], [41.8904917, 44.65947359999999], [41.8906509, 44.65909249999999], [41.8907043, 44.658538899999996], [41.8907493, 44.6579474], [41.890828199999994, 44.6574118], [41.891127499999996, 44.65582630000001], [41.891344399999994, 44.6551021], [41.891543199999994, 44.6545773], [41.8919374, 44.6543225], [41.8924703, 44.65411039999999], [41.89314769999999, 44.6539746], [41.8935573, 44.653832599999994], [41.89378719999999, 44.65330839999999], [41.89525379999999, 44.652937699999995], [41.901298000000004, 44.652949299999996], [41.901791, 44.6526383], [41.9044649, 44.65208959999999], [41.905704, 44.6518409], [41.906839, 44.6516851], [41.906662499999996, 44.650272599999994], [41.9100054, 44.6493067], [41.9091446, 44.6477423], [41.9061499, 44.64892569999999], [41.9057913, 44.6487884], [41.905628699999994, 44.64857669999999], [41.90446289999999, 44.6465163], [41.903428999999996, 44.64620519999999], [41.9032081, 44.6456915], [41.9028939, 44.6450194], [41.9027845, 44.6446227], [41.901973, 44.64410509999999], [41.901055799999995, 44.6444669], [41.8967673, 44.6436375], [41.8917659, 44.6425496], [41.89191159999999, 44.64153579999999], [41.8918657, 44.64149179999999], [41.8923338, 44.64024940000001], [41.8958664, 44.6383172], [41.9006288, 44.635186], [41.9050075, 44.632343999999996], [41.90560589999999, 44.6319709], [41.9050605, 44.631613], [41.9035429, 44.6306609], [41.9075638, 44.6283109], [41.9086616, 44.627468], [41.9088553, 44.6273647], [41.909566399999996, 44.6269891], [41.9106646, 44.6264297], [41.91121929999999, 44.62598899999999], [41.9103018, 44.62544479999999], [41.9080229, 44.624052899999995], [41.9071664, 44.62346819999999], [41.9067694, 44.62293209999999], [41.90657579999999, 44.622046399999995], [41.905921299999996, 44.620590099999994], [41.905792299999995, 44.620097699999995], [41.905260199999994, 44.6197167], [41.905054099999994, 44.61916329999999], [41.9049727, 44.6182585], [41.9051779, 44.6164658], [41.9037582, 44.6157701], [41.903372, 44.6161813], [41.9009421, 44.61506599999999], [41.8992419, 44.6141951], [41.89834139999999, 44.6131479], [41.89737639999999, 44.611710699999996], [41.9052316, 44.6059001], [41.9023388, 44.603042], [41.90295209999999, 44.6025856], [41.907699, 44.6035396], [41.9105005, 44.60060769999999], [41.9113331, 44.5996549], [41.9114168, 44.598741799999985], [41.9099166, 44.5971052], [41.9147305, 44.596373799999995], [41.91763509999999, 44.5957974], [41.918170999999994, 44.5956459], [41.920766199999996, 44.5951209], [41.9225693, 44.5948132], [41.92417489999999, 44.5950023], [41.924212499999996, 44.5943525]]]]}}, {"type": "Feature", "properties": {"id": "mo-07554000", "name": "Труновский муниципальный округ", "region": "Ставропольский край", "isCity": false, "sourceOktmo": "07-554-000-000", "sourceAgg": "Ставрополь", "excelNames": ["Труновский муниципальный округ"], "oktmo": "07554000", "vgp": [{"year": 2019, "value": 9950027.2713835}, {"year": 2020, "value": 9308255.644353315}, {"year": 2021, "value": 9456227.068573315}, {"year": 2022, "value": 15082082.88489519}, {"year": 2023, "value": 15664333.51573531}, {"year": 2024, "value": 21405537.538159393}], "population": [{"year": 2019, "value": 31071.0}, {"year": 2020, "value": 30449.0}, {"year": 2021, "value": 29846.0}, {"year": 2022, "value": 29409.0}, {"year": 2023, "value": 32451.0}, {"year": 2024, "value": 32211.0}, {"year": 2025, "value": 31809.0}], "shipments": [{"year": 2019, "value": 3914166.1}, {"year": 2020, "value": 3787516.8}, {"year": 2021, "value": 5340784.3}, {"year": 2022, "value": 7388206.8}, {"year": 2023, "value": 6107544.2}, {"year": 2024, "value": 7011119.1}], "employees": [{"year": 2019, "value": 3964.0}, {"year": 2020, "value": 3850.0}, {"year": 2021, "value": 3763.0}, {"year": 2022, "value": 3649.0}, {"year": 2023, "value": 3756.0}, {"year": 2024, "value": 3799.0}], "investments": [{"year": 2019, "value": 488272.0}, {"year": 2020, "value": 670391.0}, {"year": 2021, "value": 9027799.0}, {"year": 2022, "value": 7097063.0}, {"year": 2023, "value": 7846662.0}, {"year": 2024, "value": 2420204.0}], "vgp2024": 21405537.538159393, "pop2024": 32211.0, "ship2024": 7011119.1, "emp2024": 3799.0, "inv2024": 2420204.0}, "geometry": {"type": "MultiPolygon", "coordinates": [[[[41.7998521, 45.498758599999995], [41.8000151, 45.5001943], [41.800281999999996, 45.5056094], [41.800425399999995, 45.5064663], [41.800469299999996, 45.51057539999999], [41.78922769999999, 45.5105534], [41.7896157, 45.52206129999999], [41.78929659999999, 45.53126329999999], [41.7893466, 45.5346426], [41.79064019999999, 45.53506920000001], [41.7917494, 45.5362864], [41.7917625, 45.5372049], [41.79024429999999, 45.53851250000001], [41.7904118, 45.5394838], [41.79149379999999, 45.5399084], [41.7925664, 45.5396847], [41.7946985, 45.5383188], [41.797197499999996, 45.5384361], [41.7973734, 45.5399747], [41.7998815, 45.5407134], [41.7996337, 45.54217400000001], [41.80044989999999, 45.5428165], [41.8001593, 45.5439802], [41.8016212, 45.546752399999995], [41.805213599999995, 45.5467132], [41.8073778, 45.54756209999999], [41.80777789999999, 45.5486398], [41.807403099999995, 45.5492909], [41.80835139999999, 45.55106719999999], [41.8132082, 45.5520586], [41.81554549999999, 45.5542029], [41.8162739, 45.5566831], [41.8132223, 45.5581482], [41.81228149999999, 45.5588312], [41.8122893, 45.5593666], [41.813188, 45.5600443], [41.81743229999999, 45.560846299999994], [41.8160281, 45.5632067], [41.8161637, 45.5638006], [41.8167193, 45.56415359999999], [41.8196329, 45.563686], [41.82043959999999, 45.563858599999996], [41.82209799999999, 45.5643819], [41.8219865, 45.5654239], [41.8222436, 45.5656303], [41.827303199999996, 45.5643138], [41.827856, 45.56448820000001], [41.8283015, 45.5659724], [41.8268015, 45.567560099999994], [41.827619399999996, 45.5684762], [41.8273404, 45.569638499999996], [41.827685699999996, 45.57008209999999], [41.829598, 45.57057369999999], [41.830070299999996, 45.57101639999999], [41.8303441, 45.572586699999995], [41.8291082, 45.580394], [41.8265887, 45.58090289999999], [41.8133196, 45.57862949999999], [41.801145399999996, 45.5745134], [41.7934625, 45.5737124], [41.78474429999999, 45.5747066], [41.7814045, 45.57558749999999], [41.78052879999999, 45.5766058], [41.7790098, 45.57540269999999], [41.7770451, 45.57509019999999], [41.775516999999994, 45.57629539999999], [41.7714601, 45.58087259999999], [41.77198719999999, 45.5833128], [41.7674363, 45.58619869999999], [41.76389739999999, 45.5868259], [41.758522799999994, 45.58801449999999], [41.75775329999999, 45.58818459999999], [41.7538985, 45.58968639999999], [41.753346699999994, 45.5898627], [41.75055929999999, 45.5903819], [41.7505177, 45.5904909], [41.7515002, 45.5927646], [41.7517648, 45.59340069999999], [41.7487092, 45.596656700000004], [41.7489953, 45.5968331], [41.750167899999994, 45.5975362], [41.7493565, 45.5984551], [41.7476046, 45.59827589999999], [41.7465785, 45.599142099999995], [41.7435666, 45.60024179999999], [41.741288999999995, 45.60074169999999], [41.738649, 45.6008242], [41.7384165, 45.6229785], [41.73790939999999, 45.65688709999999], [41.738108499999996, 45.692805799999995], [41.75702309999999, 45.692956699999996], [41.7628419, 45.69294909999999], [41.782598899999996, 45.6929232], [41.78925129999999, 45.69300530000001], [41.8087998, 45.6928862], [41.8152309, 45.693041799999996], [41.82733919999999, 45.6930645], [41.8349527, 45.6931021], [41.85413479999999, 45.69319519999999], [41.8791614, 45.6899602], [41.878846, 45.7292731], [41.9045669, 45.7294374], [41.90445729999999, 45.739862900000006], [41.916283699999994, 45.7398653], [41.9174621, 45.744896], [41.917450499999994, 45.745493999999994], [41.931016400000004, 45.7496829], [41.9307306, 45.7501456], [41.931286699999994, 45.7513104], [41.931293399999994, 45.7517307], [41.9302341, 45.7527485], [41.9302381, 45.753000699999994], [41.93282959999999, 45.7544091], [41.933667299999996, 45.7544863], [41.9339129, 45.7549048], [41.933855900000005, 45.7550735], [41.933439, 45.75516089999999], [41.9336308, 45.7559583], [41.9353916, 45.75770979999999], [41.934919, 45.75805], [41.934925, 45.7584284], [41.9364213, 45.7585842], [41.939518699999994, 45.7579701], [41.940484, 45.758550799999995], [41.94180109999999, 45.75870809999999], [41.9466789, 45.7573431], [41.9487068, 45.757116], [41.95247489999999, 45.7573368], [41.9571919, 45.75712910000001], [41.96315249999999, 45.7562379], [41.97064459999999, 45.75402989999999], [41.9726708, 45.753718299999996], [41.9748638, 45.7526483], [41.9771852, 45.7521239], [41.982614299999995, 45.7516567], [41.9873706, 45.75027], [41.991410699999996, 45.7503636], [41.9981499, 45.7527357], [41.997772, 45.7786659], [41.99759149999999, 45.7786675], [41.9947839, 45.778718899999994], [41.9935844, 45.8194215], [42.0326733, 45.81926669999999], [42.032559, 45.8013434], [42.043423999999995, 45.8013484], [42.0491064, 45.801299699999994], [42.08653499999999, 45.80133889999999], [42.08652339999999, 45.79235090000001], [42.121698, 45.792227999999994], [42.1223045, 45.7922259], [42.1223266, 45.7995057], [42.122194699999994, 45.8024796], [42.141997999999994, 45.80237689999999], [42.1454908, 45.8023588], [42.14776249999999, 45.8023553], [42.148593899999995, 45.802354], [42.154676, 45.8023447], [42.1548059, 45.8023445], [42.16048130000001, 45.80233580000001], [42.1612886, 45.8023346], [42.1741373, 45.80231489999999], [42.18504839999999, 45.8022982], [42.189600399999996, 45.802265899999995], [42.19322209999999, 45.80224009999999], [42.19368789999999, 45.8022368], [42.1990688, 45.80222289999999], [42.1993595, 45.80222220000001], [42.1990825, 45.78439639999999], [42.1990316, 45.7805688], [42.1993383, 45.774025800000004], [42.199395, 45.765194599999994], [42.1872742, 45.7651724], [42.1735263, 45.7651473], [42.1735634, 45.7549034], [42.17356169999999, 45.7547527], [42.173477399999996, 45.7472365], [42.1750497, 45.74716479999999], [42.18364929999999, 45.7471313], [42.183523199999996, 45.7443582], [42.1835114, 45.7401773], [42.1834477, 45.732326], [42.18345119999999, 45.72901199999999], [42.173459699999995, 45.72909359999999], [42.1735278, 45.7233856], [42.173617199999995, 45.7204331], [42.1735924, 45.7193508], [42.173484599999995, 45.711222], [42.1222002, 45.7113144], [42.1222299, 45.7023158], [42.122079299999996, 45.695833099999994], [42.12222349999999, 45.68263029999999], [42.1222743, 45.6785841], [42.122219199999996, 45.67474659999999], [42.12222299999999, 45.670748], [42.1419297, 45.6707588], [42.1418395, 45.6666596], [42.1416115, 45.6625399], [42.1427263, 45.66201989999999], [42.146013, 45.6620331], [42.1480416, 45.6616988], [42.1478848, 45.6632889], [42.1478502, 45.666339699999995], [42.1596471, 45.6663548], [42.1851135, 45.6663216], [42.1866414, 45.66628419999999], [42.1862203, 45.65375019999999], [42.1880007, 45.6526817], [42.18855039999999, 45.6527274], [42.1893701, 45.65254759999999], [42.190388199999994, 45.65249020000001], [42.191577699999996, 45.6522278], [42.1920664, 45.6520504], [42.19252779999999, 45.6515938], [42.1950814, 45.6526905], [42.1998508, 45.6513887], [42.2061649, 45.6501503], [42.2189681, 45.65010469999999], [42.2506456, 45.6500498], [42.2506659, 45.64717519999999], [42.2507425, 45.645162299999996], [42.250487899999996, 45.64333849999999], [42.25072879999999, 45.63911219999999], [42.2446449, 45.63974], [42.24434769999999, 45.63876590000001], [42.2440967, 45.63810109999999], [42.2340712, 45.6393596], [42.234161699999994, 45.630405399999994], [42.23428429999999, 45.6069196], [42.23508859999999, 45.6055416], [42.2353047, 45.5983061], [42.2490557, 45.5986571], [42.297565199999994, 45.5994547], [42.3024449, 45.59953529999999], [42.30458019999999, 45.5995044], [42.313029, 45.599731999999996], [42.345192, 45.600277999999996], [42.34534089999999, 45.5999863], [42.3466395, 45.59744179999999], [42.3614933, 45.589691], [42.363783600000005, 45.5836508], [42.36452609999999, 45.5788675], [42.372295900000005, 45.57363449999999], [42.3723399, 45.57310019999999], [42.3730451, 45.5646727], [42.37319279999999, 45.5625633], [42.3731207, 45.55959969999999], [42.3782335, 45.5582934], [42.3780897, 45.5562057], [42.37844199999999, 45.54709119999999], [42.3792243, 45.5288744], [42.3817919, 45.4476078], [42.3831295, 45.42087780000001], [42.3703505, 45.4206631], [42.35056029999999, 45.420342399999996], [42.33216829999999, 45.4200397], [42.333277, 45.384043899999995], [42.326626299999994, 45.38392979999999], [42.2881765, 45.38328419999999], [42.287619899999996, 45.3832745], [42.2755282, 45.3830645], [42.26280539999999, 45.38284709999999], [42.24325129999999, 45.382414999999995], [42.2430141, 45.38735499999999], [42.2373456, 45.3872206], [42.2245806, 45.387234899999996], [42.220210699999996, 45.38724229999999], [42.2118225, 45.387246899999994], [42.2031292, 45.38726729999999], [42.1990449, 45.38727599999999], [42.1972361, 45.3872789], [42.186286, 45.387292], [42.181705, 45.3872945], [42.17351279999999, 45.3873036], [42.160746, 45.3873144], [42.14798449999999, 45.3873319], [42.1479247, 45.3580699], [42.14790729999999, 45.3454552], [42.1451591, 45.345033199999996], [42.1435883, 45.3455432], [42.1418988, 45.34680289999999], [42.1223468, 45.3468189], [42.1081104, 45.346828499999994], [42.0968767, 45.3468441], [42.08411449999999, 45.34683809999999], [42.0779705, 45.34685859999999], [42.0765446, 45.3468531], [42.07102419999999, 45.346875], [42.070167299999994, 45.34747029999999], [42.064476799999994, 45.3514106], [42.05861869999999, 45.35131989999999], [42.04875619999999, 45.3513477], [42.0459152, 45.3512822], [42.045278599999996, 45.35779269999999], [42.0452924, 45.36948379999999], [42.03578319999999, 45.369487400000004], [42.0268965, 45.3693442], [42.01373009999999, 45.36941169999999], [42.0096941, 45.36965099999999], [42.0068394, 45.3696716], [41.98913399999999, 45.369391], [41.9812096, 45.3693662], [41.96969729999999, 45.3688581], [41.96854849999999, 45.3687954], [41.965477199999995, 45.36893500000001], [41.96159399999999, 45.3691203], [41.956486299999995, 45.369281], [41.94383499999999, 45.369330399999996], [41.93698849999999, 45.369320599999995], [41.9336725, 45.3693156], [41.9310847, 45.3693128], [41.9264953, 45.3693076], [41.9186981, 45.369298], [41.913853499999995, 45.36929159999999], [41.9121738, 45.36929070000001], [41.905502, 45.3692847], [41.892739, 45.3692745], [41.879955499999994, 45.3692621], [41.87890399999999, 45.369260600000004], [41.8689338, 45.369241699999996], [41.867214399999995, 45.3692389], [41.8672107, 45.37073169999999], [41.86623289999999, 45.387112], [41.86250809999999, 45.3870225], [41.8610928, 45.3854107], [41.859939, 45.386474299999996], [41.85685579999999, 45.387226], [41.84167239999999, 45.387203299999996], [41.83602019999999, 45.38719], [41.83863649999999, 45.3903752], [41.83875919999999, 45.3908261], [41.840280299999996, 45.39224449999999], [41.8404, 45.392610299999994], [41.840690099999996, 45.3932608], [41.8427753, 45.3942355], [41.8432511, 45.3950966], [41.84314849999999, 45.3961273], [41.8458306, 45.3971773], [41.8458521, 45.3971986], [41.846506, 45.3979303], [41.8465352, 45.39964229999999], [41.84617099999999, 45.3998943], [41.845126500000006, 45.40041219999999], [41.84550209999999, 45.401929599999995], [41.8453438, 45.40338570000001], [41.8474221, 45.4085568], [41.8498821, 45.4113569], [41.8476605, 45.41354689999999], [41.846973299999995, 45.4141572], [41.84718349999999, 45.4149587], [41.8468049, 45.4153987], [41.8456084, 45.41652119999999], [41.8424611, 45.418003399999996], [41.84244519999999, 45.41822109999999], [41.842587599999995, 45.41837199999999], [41.842546, 45.41865099999999], [41.8423507, 45.418830299999996], [41.84220959999999, 45.41924879999999], [41.842345, 45.4195036], [41.8423251, 45.4196329], [41.842504899999994, 45.4198168], [41.842679600000004, 45.4198343], [41.8430596, 45.420165], [41.8435827, 45.42079389999999], [41.8437625, 45.421079], [41.8439337, 45.42153770000001], [41.84410549999999, 45.4219002], [41.8442744, 45.422289], [41.8443723, 45.4225587], [41.8445122, 45.422942299999995], [41.84478789999999, 45.4236596], [41.84495179999999, 45.42385540000001], [41.8449778, 45.42397729999999], [41.84492379999999, 45.424191099999994], [41.844210499999996, 45.4251362], [41.84398869999999, 45.425312], [41.84397669999999, 45.425539799999996], [41.8441526, 45.42578759999999], [41.8442085, 45.42639499999999], [41.844482199999995, 45.42695239999999], [41.8446301, 45.4270204], [41.844797899999996, 45.4270823], [41.8451729, 45.4276438], [41.8451862, 45.4277451], [41.8445008, 45.4287668], [41.844343499999994, 45.428910099999996], [41.8440034, 45.428922799999995], [41.8439369, 45.4289587], [41.84390359999999, 45.4290367], [41.84395349999999, 45.429131299999995], [41.84394579999999, 45.429207999999996], [41.8435124, 45.429544299999996], [41.8434996, 45.429731999999994], [41.84342279999999, 45.4299499], [41.843387, 45.4302067], [41.8433942, 45.430446], [41.84354869999999, 45.4306118], [41.84357419999999, 45.430772399999995], [41.8434566, 45.43090539999999], [41.84333999999999, 45.4310261], [41.843276599999996, 45.431157], [41.843096499999994, 45.4312031], [41.84298909999999, 45.431370799999996], [41.8430382, 45.4314547], [41.84266889999999, 45.4318281], [41.8424684, 45.431825], [41.84229959999999, 45.4320122], [41.84205, 45.4322322], [41.8419078, 45.43243580000001], [41.8419199, 45.43249850000001], [41.8420184, 45.4325471], [41.84220020000001, 45.43257199999999], [41.84237529999999, 45.4326775], [41.842278699999994, 45.4328191], [41.842458, 45.4329206], [41.8426699, 45.4329934], [41.8427878, 45.4333192], [41.84283119999999, 45.4334812], [41.843025899999994, 45.43368739999999], [41.84305789999999, 45.4338388], [41.8431389, 45.4340082], [41.8432445, 45.4341367], [41.843297699999994, 45.4342939], [41.84332549999999, 45.43454429999999], [41.843142199999996, 45.435037], [41.8427853, 45.4357752], [41.8426012, 45.43617329999999], [41.8425312, 45.436500499999994], [41.8424338, 45.4373547], [41.8417945, 45.4377967], [41.8415322, 45.437989], [41.841554699999996, 45.4380989], [41.84197679999999, 45.4384286], [41.8425262, 45.4388332], [41.84258119999999, 45.4392104], [41.8424993, 45.439455699999996], [41.84175629999999, 45.44010509999999], [41.8423963, 45.4406483], [41.842927, 45.441013600000005], [41.84308939999999, 45.4412009], [41.84302069999999, 45.4414506], [41.84281779999999, 45.4416473], [41.8429021, 45.44186899999999], [41.84344839999999, 45.4421624], [41.84349339999999, 45.4423404], [41.84363859999999, 45.442444800000004], [41.8436581, 45.442486699999996], [41.843745, 45.4425624], [41.8437767, 45.4427742], [41.8439783, 45.4428581], [41.84417979999999, 45.4429614], [41.84421759999999, 45.4430729], [41.8443187, 45.4431766], [41.84431769999999, 45.44319709999999], [41.844434500000006, 45.4432871], [41.844450699999996, 45.4433689], [41.84441609999999, 45.4434123], [41.844561799999994, 45.44350659999999], [41.844617299999996, 45.4434705], [41.844662799999995, 45.4434851], [41.8446744, 45.4435354], [41.8447608, 45.4436669], [41.84486799999999, 45.443745400000005], [41.844902999999995, 45.443877799999996], [41.8453326, 45.4439502], [41.845692199999995, 45.4440376], [41.8457821, 45.4441375], [41.845977, 45.44421489999999], [41.8459745, 45.444314799999994], [41.8461967, 45.444322299999996], [41.8462167, 45.4445821], [41.84618420000001, 45.44465949999999], [41.8462792, 45.4448943], [41.8466013, 45.44516149999999], [41.846916, 45.44528639999999], [41.847318099999995, 45.4455037], [41.84758289999999, 45.4459108], [41.8476903, 45.44585579999999], [41.8478326, 45.4458858], [41.8479375, 45.445975700000005], [41.84795, 45.44608809999999], [41.84802499999999, 45.446152999999995], [41.848147299999994, 45.44616799999999], [41.8481523, 45.44623049999999], [41.84825219999999, 45.4462629], [41.84827969999999, 45.44632539999999], [41.848362099999996, 45.44631789999999], [41.8483996, 45.44642029999999], [41.8486718, 45.4464153], [41.8488541, 45.4464702], [41.849008999999995, 45.44637779999999], [41.8492388, 45.4464378], [41.8494386, 45.4463803], [41.8495485, 45.4464727], [41.849563399999994, 45.4465901], [41.8497608, 45.4467624], [41.8498706, 45.446892299999995], [41.8499206, 45.446917299999996], [41.85009289999999, 45.44706459999999], [41.8501679, 45.44717949999999], [41.8501604, 45.4472719], [41.8502628, 45.4473494], [41.85025279999999, 45.4474693], [41.8503702, 45.4475642], [41.85048999999999, 45.447726499999995], [41.8509296, 45.447978799999994], [41.8509821, 45.447961299999996], [41.851516499999995, 45.4483034], [41.8514941, 45.448495699999995], [41.85163889999999, 45.44866559999999], [41.8518262, 45.448713000000005], [41.8519636, 45.4488954], [41.85218089999999, 45.44887039999999], [41.8524481, 45.4489478], [41.8528727, 45.4489928], [41.853204899999994, 45.4491401], [41.85337969999999, 45.4494149], [41.8535745, 45.4493749], [41.853791799999996, 45.44943979999999], [41.85412649999999, 45.44958969999999], [41.8542988, 45.4498869], [41.85421389999999, 45.4500218], [41.85432629999999, 45.450324], [41.8546685, 45.4503764], [41.8548358, 45.4506711], [41.854805799999994, 45.45079100000001], [41.85469839999999, 45.450858399999994], [41.854723400000005, 45.45096579999999], [41.8548158, 45.4510108], [41.8548033, 45.4512156], [41.85456609999999, 45.45147279999999], [41.8544112, 45.4514254], [41.8542788, 45.4514903], [41.854288800000006, 45.4516726], [41.854119, 45.45181999999999], [41.8540666, 45.45194239999999], [41.8538742, 45.45212469999999], [41.8538717, 45.4522046], [41.853806799999994, 45.452277099999996], [41.8538118, 45.4524569], [41.8536844, 45.452596699999994], [41.8536844, 45.4526542], [41.853507099999995, 45.45275409999999], [41.853322299999995, 45.4529564], [41.853319799999994, 45.45302879999999], [41.85302759999999, 45.45321359999999], [41.8528902, 45.453226099999995], [41.8527878, 45.453316], [41.852765299999994, 45.4533835], [41.852650399999995, 45.4534234], [41.8525805, 45.4535133], [41.8526155, 45.45358579999999], [41.85254299999999, 45.4536732], [41.85242569999999, 45.4538181], [41.85248810000001, 45.45391049999999], [41.8524831, 45.4540129], [41.85241069999999, 45.4540953], [41.85240819999999, 45.454245099999994], [41.8525355, 45.45425759999999], [41.852562999999996, 45.45437749999999], [41.85263049999999, 45.45456229999999], [41.8525705, 45.45465969999999], [41.852538, 45.4547746], [41.8525031, 45.45488449999999], [41.8525306, 45.454966899999995], [41.8524481, 45.4551592], [41.8523083, 45.45523419999999], [41.8522283, 45.4555314], [41.852143399999996, 45.4556088], [41.8522009, 45.4557087], [41.852086, 45.4557961], [41.852051, 45.4558685], [41.8518912, 45.45603839999999], [41.8518287, 45.456143299999994], [41.851748799999996, 45.456143299999994], [41.8517438, 45.4561957], [41.8517763, 45.45623069999999], [41.851608999999996, 45.45639549999999], [41.851516499999995, 45.4566378], [41.85150659999999, 45.456970000000005], [41.8511869, 45.4570424], [41.8511319, 45.4573521], [41.8508872, 45.457614299999996], [41.8509946, 45.45785909999999], [41.850862199999995, 45.4581238], [41.8509771, 45.4582787], [41.8509446, 45.45857339999999], [41.85098709999999, 45.4588132], [41.8511694, 45.459008], [41.8510195, 45.4593127], [41.8509471, 45.459679799999996], [41.85068489999999, 45.4599396], [41.850555, 45.4602493], [41.8504176, 45.4603467], [41.8502153, 45.4605465], [41.85018279999999, 45.460559], [41.8502453, 45.4606913], [41.85022779999999, 45.4608687], [41.85015539999999, 45.460948599999995], [41.8502303, 45.461018499999994], [41.85017040000001, 45.461118400000004], [41.8501154, 45.46114339999999], [41.8501179, 45.461208299999996], [41.8500255, 45.461230799999996], [41.8499381, 45.4613157], [41.8496658, 45.461563], [41.8494386, 45.4617753], [41.8493512, 45.46188769999999], [41.84919630000001, 45.46202749999999], [41.8490265, 45.4621949], [41.8490265, 45.4622698], [41.8489441, 45.462292299999994], [41.84888159999999, 45.46251709999999], [41.8489216, 45.462552], [41.84888159999999, 45.46263189999999], [41.84882669999999, 45.46263189999999], [41.8487617, 45.462714399999996], [41.8487268, 45.462781799999995], [41.8486493, 45.462779299999994], [41.8485694, 45.462834199999996], [41.8485769, 45.46290669999999], [41.8478676, 45.4635261], [41.847687799999996, 45.463631], [41.8476328, 45.4637409], [41.847475499999994, 45.46381079999999], [41.8474705, 45.463938199999994], [41.847363099999995, 45.464060499999995], [41.847105799999994, 45.4640581], [41.84704339999999, 45.464093], [41.84699599999999, 45.4642204], [41.84676869999999, 45.46427779999999], [41.8465988, 45.46434279999999], [41.846474, 45.4643353], [41.84636909999999, 45.4642828], [41.8462342, 45.4643553], [41.8460719, 45.4645451], [41.845907, 45.46457749999999], [41.845759699999995, 45.4646], [41.8451882, 45.46470589999999], [41.84514229999999, 45.46479179999999], [41.8449185, 45.4648458], [41.8446747, 45.4648558], [41.8443271, 45.4649557], [41.844077299999995, 45.4649936], [41.843799999999995, 45.4651058], [41.84356470000001, 45.4651764], [41.8434294, 45.4652764], [41.8431058, 45.4653293], [41.8430234, 45.46548229999999], [41.842529199999994, 45.4658764], [41.8422351, 45.46582939999999], [41.8419115, 45.4659117], [41.841693899999996, 45.46611179999999], [41.8414938, 45.466052899999994], [41.8413585, 45.4661882], [41.84070549999999, 45.4667766], [41.840729, 45.466847099999995], [41.8399289, 45.4676649], [41.8398407, 45.4678532], [41.83948769999999, 45.468300299999996], [41.839281799999995, 45.468329700000005], [41.83909349999999, 45.4685532], [41.83894649999999, 45.468565], [41.8387641, 45.4687238], [41.8379875, 45.4689709], [41.837558099999995, 45.469117999999995], [41.837358, 45.4691062], [41.83721679999999, 45.469218], [41.8369815, 45.4692063], [41.83679909999999, 45.4693533], [41.8367638, 45.4695298], [41.8366933, 45.46955919999999], [41.8366933, 45.46967099999999], [41.83653439999999, 45.4698475], [41.8356284, 45.470124], [41.83524009999999, 45.4700887], [41.8350048, 45.4701593], [41.8348872, 45.4703887], [41.83499299999999, 45.47062999999999], [41.8349225, 45.4708476], [41.8344753, 45.47104769999999], [41.8337694, 45.4716595], [41.833498799999994, 45.47182419999999], [41.8335458, 45.47207720000001], [41.8330458, 45.472794900000004], [41.832133899999995, 45.4735774], [41.83195739999999, 45.4736833], [41.83161619999999, 45.4736421], [41.8309161, 45.47371269999999], [41.82999829999999, 45.4740833], [41.8290806, 45.4746775], [41.82883939999999, 45.4749305], [41.82823929999999, 45.47519520000001], [41.828215799999995, 45.47527169999999], [41.82760389999999, 45.4757306], [41.8272392, 45.475965900000006], [41.8271274, 45.476054100000006], [41.826998, 45.47606], [41.8267744, 45.4764365], [41.8270509, 45.47663659999999], [41.82668029999999, 45.47703659999999], [41.826527299999995, 45.4770543], [41.8263685, 45.47721899999999], [41.8265626, 45.47726600000001], [41.82671559999999, 45.47721899999999], [41.82675679999999, 45.477283699999994], [41.8266568, 45.477460199999996], [41.826491999999995, 45.4776308], [41.82610369999999, 45.477754299999994], [41.82610369999999, 45.4778779], [41.825544900000004, 45.4784015], [41.8253037, 45.4785838], [41.8252036, 45.4789368], [41.8250683, 45.47897799999999], [41.82509769999999, 45.4792075], [41.8252978, 45.4794016], [41.8253037, 45.4794898], [41.8253919, 45.4795663], [41.825368399999995, 45.48004869999999], [41.8252625, 45.480184], [41.82519779999999, 45.480395800000004], [41.824850700000006, 45.48058999999999], [41.82481539999999, 45.4808018], [41.82468589999999, 45.4809665], [41.8246565, 45.4810547], [41.82477419999999, 45.4811842], [41.824733, 45.4813018], [41.824568299999996, 45.4813783], [41.8244447, 45.4813724], [41.82383289999999, 45.481778299999995], [41.8237623, 45.48187839999999], [41.8237682, 45.4820137], [41.8235564, 45.48202539999999], [41.823373999999994, 45.4821902], [41.823373999999994, 45.482266599999996], [41.8234681, 45.482290199999994], [41.8237035, 45.482343099999994], [41.8238505, 45.4824667], [41.823826999999994, 45.48253729999999], [41.8237211, 45.482596099999995], [41.8238623, 45.4829785], [41.8240506, 45.4830138], [41.824132899999995, 45.4830726], [41.82410939999999, 45.483172599999996], [41.8239917, 45.48332559999999], [41.82359170000001, 45.4836492], [41.8231505, 45.48401979999999], [41.822973999999995, 45.48400209999999], [41.822573899999995, 45.4841963], [41.8222798, 45.4842198], [41.82227389999999, 45.48431389999999], [41.8219444, 45.4845905], [41.8217679, 45.484614], [41.8216973, 45.4846963], [41.8215267, 45.484708100000006], [41.821285499999995, 45.4848611], [41.8201677, 45.485113999999996], [41.81970299999999, 45.4853023], [41.81973239999999, 45.4854964], [41.81986179999999, 45.4857023], [41.819603, 45.486143599999984], [41.8191853, 45.48633769999999], [41.819126399999995, 45.486820099999996], [41.81873819999999, 45.487255499999996], [41.818585199999994, 45.48740839999999], [41.818373400000006, 45.48734369999999], [41.8182616, 45.4872967], [41.81804399999999, 45.4873614], [41.8173851, 45.487279], [41.817167399999995, 45.487279], [41.817055599999996, 45.4874379], [41.81716149999999, 45.4876261], [41.81712619999999, 45.4877555], [41.8169085, 45.4877732], [41.81664969999999, 45.4878085], [41.8161908, 45.4881791], [41.81625549999999, 45.4882615], [41.81604959999999, 45.488437999999995], [41.81630849999999, 45.48846739999999], [41.8163791, 45.4884203], [41.8165497, 45.4884556], [41.8165085, 45.4886086], [41.8166261, 45.48870269999999], [41.816826199999994, 45.48864979999999], [41.816943800000004, 45.4886262], [41.81737329999999, 45.48876739999999], [41.8175086, 45.4889321], [41.81743209999999, 45.48902629999999], [41.8172674, 45.4890204], [41.8170438, 45.4895028], [41.81657319999999, 45.4895558], [41.8161084, 45.48956749999999], [41.8156378, 45.4901264], [41.81570249999999, 45.49045], [41.815255400000005, 45.491102999999995], [41.81528479999999, 45.49167369999999], [41.8146695, 45.492352], [41.8145723, 45.492409099999996], [41.8145646, 45.4925294], [41.81435919999999, 45.492699099999996], [41.8129096, 45.4934239], [41.81201999999999, 45.493744], [41.811045799999995, 45.4942381], [41.80922439999999, 45.4952736], [41.808387100000004, 45.4953611], [41.8084088, 45.4955473], [41.8078159, 45.4958834], [41.8070365, 45.4960905], [41.8065885, 45.49627879999999], [41.80643409999999, 45.4963767], [41.80618609999999, 45.4964356], [41.8057062, 45.496617], [41.8046982, 45.4971672], [41.804406099999994, 45.4972998], [41.80386789999999, 45.4976607], [41.8035064, 45.4978274], [41.803164699999996, 45.4978891], [41.8029786, 45.49795929999999], [41.8029305, 45.4980537], [41.8025989, 45.4981212], [41.80235979999999, 45.4982022], [41.802273099999994, 45.4981694], [41.8018856, 45.49830049999999], [41.80186400000001, 45.4984208], [41.8017329, 45.4984007], [41.8012872, 45.4984609], [41.80104200000001, 45.4983437], [41.800682699999996, 45.49845619999999], [41.800536199999996, 45.498557999999996], [41.80036499999999, 45.49858119999999], [41.80027249999999, 45.4986459], [41.8001614, 45.498667499999996], [41.8000118, 45.4987724], [41.7998521, 45.498758599999995]]]]}}, {"type": "Feature", "properties": {"id": "mo-07558000", "name": "Шпаковский муниципальный округ", "region": "Ставропольский край", "isCity": false, "sourceOktmo": "07-558-000-000", "sourceAgg": "Ставрополь", "excelNames": ["Шпаковский муниципальный округ"], "oktmo": "07558000", "vgp": [{"year": 2019, "value": 35112086.2343469}, {"year": 2020, "value": 34062965.08937441}, {"year": 2021, "value": 36625588.42457875}, {"year": 2022, "value": 60549155.571676664}, {"year": 2023, "value": 66603149.98422228}, {"year": 2024, "value": 97576297.33023143}], "population": [{"year": 2019, "value": 147202.0}, {"year": 2020, "value": 148979.0}, {"year": 2021, "value": 148262.0}, {"year": 2022, "value": 146870.0}, {"year": 2023, "value": 166092.0}, {"year": 2024, "value": 165229.0}, {"year": 2025, "value": 167111.0}], "shipments": [{"year": 2019, "value": 8340666.0}, {"year": 2020, "value": 7878960.3}, {"year": 2021, "value": 11530980.7}, {"year": 2022, "value": 12611783.0}, {"year": 2023, "value": 17427727.5}, {"year": 2024, "value": 23031146.7}], "employees": [{"year": 2019, "value": 11803.0}, {"year": 2020, "value": 12307.0}, {"year": 2021, "value": 13201.0}, {"year": 2022, "value": 13774.0}, {"year": 2023, "value": 14542.0}, {"year": 2024, "value": 15384.0}], "investments": [{"year": 2019, "value": 2212268.0}, {"year": 2020, "value": 2800348.0}, {"year": 2021, "value": 3013106.0}, {"year": 2022, "value": 6062488.0}, {"year": 2023, "value": 8239939.0}, {"year": 2024, "value": 6693541.0}], "vgp2024": 97576297.33023143, "pop2024": 165229.0, "ship2024": 23031146.7, "emp2024": 15384.0, "inv2024": 6693541.0}, "geometry": {"type": "MultiPolygon", "coordinates": [[[[41.576678699999995, 44.987083199999994], [41.5435921, 44.9874831], [41.528542099999996, 44.98766499999999], [41.45647919999999, 44.9882632], [41.455558, 44.9894538], [41.45379499999999, 44.99032189999999], [41.4531031, 44.9908585], [41.45314780000001, 44.991489900000005], [41.45272369999999, 44.99224739999999], [41.45147399999999, 44.99294189999999], [41.450201899999996, 44.9928472], [41.44922, 44.99392039999999], [41.4475239, 44.9949462], [41.44625179999999, 44.99515139999999], [41.445537599999994, 44.99642969999999], [41.4447739, 44.99728929999999], [41.44476310000001, 44.9987776], [41.44438379999999, 44.999882199999995], [41.4443614, 45.00106579999999], [41.4444953, 45.00215459999999], [41.443111699999996, 45.0031645], [41.44324559999999, 45.0040639], [41.44264299999999, 45.005168499999996], [41.4420628, 45.0053105], [41.44112549999999, 45.00635189999999], [41.44134859999999, 45.0071566], [41.440344399999994, 45.00761419999999], [41.4410746, 45.0081494], [41.4403688, 45.0086287], [41.4391693, 45.00886539999999], [41.43914139999999, 45.0096346], [41.438722899999995, 45.0106207], [41.43904739999999, 45.0124075], [41.4379418, 45.0135592], [41.4377745, 45.0139536], [41.4367981, 45.0146439], [41.436156499999996, 45.015472100000004], [41.43492899999999, 45.01570879999999], [41.4338411, 45.0161032], [41.4331081, 45.017194399999994], [41.43107499999999, 45.0178072], [41.4292617, 45.01934529999999], [41.4290385, 45.019936799999996], [41.42758789999999, 45.0210805], [41.428006399999994, 45.0220664], [41.427476299999995, 45.022539699999996], [41.42708579999999, 45.0243931], [41.4254558, 45.0243258], [41.42486999999999, 45.0251737], [41.42436779999999, 45.02525250000001], [41.424479399999996, 45.0259426], [41.4238936, 45.0264553], [41.42300089999999, 45.026337], [41.42255459999999, 45.026613], [41.42247089999999, 45.0281903], [41.4214666, 45.0290775], [41.42071339999999, 45.0301027], [41.4219129, 45.0305167], [41.4204623, 45.031916499999994], [41.420688399999996, 45.032794700000004], [41.4198445, 45.033216], [41.4186617, 45.03432], [41.4182154, 45.0355659], [41.4173004, 45.0367014], [41.417367299999995, 45.037095599999994], [41.4166532, 45.0383415], [41.4176372, 45.039290900000005], [41.4168802, 45.0400175], [41.4169659, 45.0407442], [41.41720870000001, 45.0410167], [41.4169802, 45.0412993], [41.4163089, 45.041561699999995], [41.4159947, 45.04184419999999], [41.4160518, 45.042742399999995], [41.41692299999999, 45.04325709999999], [41.416237499999994, 45.0438727], [41.41653740000001, 45.04433689999999], [41.4165176, 45.0449209], [41.41502340000001, 45.0452956], [41.414237899999996, 45.045638800000006], [41.414123599999996, 45.04594149999999], [41.41526619999999, 45.0464461], [41.415251899999994, 45.0469406], [41.4137808, 45.0474754], [41.4132523, 45.0480001], [41.4123097, 45.0480809], [41.412124, 45.0498871], [41.410540100000006, 45.05054489999999], [41.41055289999999, 45.0508962], [41.4111527, 45.0514512], [41.411126, 45.051885099999986], [41.4104386, 45.05193549999999], [41.41009379999999, 45.05225949999999], [41.41014959999999, 45.052831], [41.4092011, 45.05287040000001], [41.409256899999995, 45.0533434], [41.41012169999999, 45.05403319999999], [41.4099084, 45.0545592], [41.4104786, 45.05523719999999], [41.4098928, 45.0557495], [41.4100044, 45.0562028], [41.411036499999994, 45.05693190000001], [41.41201290000001, 45.0571684], [41.4121803, 45.0579172], [41.411036499999994, 45.05896160000001], [41.4100323, 45.0591587], [41.409307, 45.0582522], [41.4088327, 45.05835069999999], [41.408470099999995, 45.0590207], [41.4084031, 45.0604671], [41.409367, 45.0606866], [41.4100801, 45.060715], [41.42793319999999, 45.060536299999995], [41.42825770000001, 45.072136699999994], [41.428363899999994, 45.078511299999995], [41.42851749999999, 45.087499099999995], [41.4392738, 45.0874009], [41.4539051, 45.0872679], [41.4647205, 45.0871691], [41.4767238, 45.0870638], [41.4983207, 45.08685090000001], [41.5046623, 45.0867794], [41.50447299999999, 45.07778569999999], [41.5171657, 45.0776475], [41.52986769999999, 45.07754349999999], [41.535200999999994, 45.0774957], [41.5378621, 45.0774719], [41.539412, 45.077458], [41.54777049999999, 45.0773674], [41.55435320000001, 45.077307], [41.5552722, 45.0772986], [41.567957, 45.0771518], [41.58066749999999, 45.077030199999996], [41.583677, 45.076998499999995], [41.58391209999999, 45.0761867], [41.5846785, 45.07553269999999], [41.587086500000005, 45.0755396], [41.5881245, 45.07484709999999], [41.5893876, 45.0743425], [41.59102289999999, 45.07325339999999], [41.5928142, 45.0727112], [41.5944486, 45.07140309999999], [41.5957789, 45.07093269999999], [41.5967505, 45.0704252], [41.598484799999994, 45.0684245], [41.59956559999999, 45.0685811], [41.6013588, 45.066657799999994], [41.6066812, 45.0688285], [41.6107017, 45.06770509999999], [41.61860889999999, 45.0676252], [41.6313253, 45.067494599999996], [41.6413546, 45.0673787], [41.6567622, 45.0671936], [41.669320799999994, 45.0670415], [41.6693629, 45.0690038], [41.6693709, 45.069374999999994], [41.66942199999999, 45.0717542], [41.66953110000001, 45.0761031], [41.669625499999995, 45.0806037], [41.6697264, 45.08510569999999], [41.6699416, 45.0940918], [41.670033499999995, 45.09859929999999], [41.670131899999994, 45.10309149999999], [41.6678021, 45.103116199999995], [41.6574456, 45.1032226], [41.657403, 45.1032226], [41.65758629999999, 45.1122139], [41.6579805, 45.13020689999999], [41.682184799999995, 45.1299743], [41.6825206, 45.13948489999999], [41.6834925, 45.140326599999995], [41.6857141, 45.1385586], [41.6899295, 45.1368709], [41.692007399999994, 45.1366809], [41.695238499999995, 45.1350767], [41.695217099999994, 45.140270699999995], [41.6954945, 45.1567337], [41.683757899999996, 45.15701829999999], [41.682191599999996, 45.157569099999996], [41.6704397, 45.161701699999995], [41.67037489999999, 45.1709247], [41.67067419999999, 45.175066599999994], [41.670705399999996, 45.176804], [41.6707501, 45.179288199999995], [41.67069839999999, 45.18237669999999], [41.670773999999994, 45.1840104], [41.6708924, 45.1885587], [41.67102529999999, 45.193196699999994], [41.6714169, 45.1937787], [41.6722427, 45.1937391], [41.6736877, 45.19313069999999], [41.6804542, 45.1930451], [41.6973733, 45.19275], [41.6976175, 45.19721319999999], [41.72861689999999, 45.19681659999999], [41.739507499999995, 45.192326], [41.74371179999999, 45.1903551], [41.74461109999999, 45.19002389999999], [41.7484526, 45.1894115], [41.7538163, 45.18815159999999], [41.76096359999999, 45.18693520000001], [41.7693103, 45.1848483], [41.778811, 45.1858859], [41.7845963, 45.1849996], [41.787426999999994, 45.183780799999994], [41.7920659, 45.182413], [41.797337799999994, 45.1812887], [41.802478, 45.1796246], [41.8058702, 45.1789441], [41.8086454, 45.1786337], [41.8089793, 45.178600200000005], [41.81010439999999, 45.1782459], [41.8102067, 45.178150699999996], [41.8100323, 45.176668], [41.8107817, 45.1764925], [41.8122023, 45.17703680000001], [41.815882, 45.17844650000001], [41.8281917, 45.183564], [41.8486361, 45.1862195], [41.8594274, 45.1886602], [41.87253739999999, 45.1916236], [41.8823507, 45.1904739], [41.8835193, 45.1895673], [41.8838335, 45.192237199999994], [41.88157019999999, 45.193486199999995], [41.8824167, 45.20259269999999], [41.8871819, 45.2162833], [41.888889999999996, 45.221170799999996], [41.897946499999996, 45.2212475], [41.90451169999999, 45.220255300000005], [41.906540699999994, 45.219208599999995], [41.9070411, 45.2196223], [41.9063871, 45.22087979999999], [41.89844879999999, 45.225287999999985], [41.8976705, 45.22727270000001], [41.89599019999999, 45.229185699999995], [41.89275159999999, 45.2313183], [41.88807859999999, 45.23439079999999], [41.9141112, 45.2345228], [41.94285669999999, 45.2341484], [41.9430605, 45.2341457], [41.9432627, 45.225466899999994], [41.95935999999999, 45.225420199999995], [41.96935659999999, 45.2253912], [41.9685718, 45.2311409], [41.9688655, 45.2400946], [41.9674268, 45.2413188], [41.967444, 45.2475091], [41.9675384, 45.25569999999999], [41.99359650000001, 45.256934799999996], [41.99457429999999, 45.25692419999999], [41.9945685, 45.2614196], [42.0073127, 45.2614407], [42.0202902, 45.26139140000001], [42.0330263, 45.26138949999999], [42.045766799999996, 45.261389699999995], [42.07136499999999, 45.2613845], [42.0713658, 45.266334099999995], [42.0713599, 45.27036269999999], [42.071333499999994, 45.279391399999994], [42.0713258, 45.2839814], [42.0713279, 45.288384099999995], [42.07132039999999, 45.29314579999999], [42.07132039999999, 45.2973882], [42.071315199999994, 45.3018465], [42.07131939999999, 45.3063455], [42.078019999999995, 45.306356699999995], [42.09681659999999, 45.30631399999999], [42.09682639999999, 45.3153721], [42.0968767, 45.3468441], [42.1081104, 45.346828499999994], [42.1223468, 45.3468189], [42.1418988, 45.34680289999999], [42.1435883, 45.3455432], [42.1451591, 45.345033199999996], [42.14790729999999, 45.3454552], [42.1509963, 45.34584749999999], [42.158952199999995, 45.3400317], [42.1619276, 45.33328689999999], [42.1988048, 45.3332728], [42.1988038, 45.33102159999999], [42.20375409999999, 45.3310183], [42.20973049999999, 45.3228681], [42.2180967, 45.315252], [42.2194481, 45.3152505], [42.23701319999999, 45.3152259], [42.2460822, 45.3152094], [42.2497509, 45.31520329999999], [42.2624932, 45.31517639999999], [42.2624691, 45.30615989999999], [42.26244, 45.29715159999999], [42.2624296, 45.29277439999999], [42.27513849999999, 45.293004599999996], [42.282331000000006, 45.2931524], [42.28788879999999, 45.293246599999996], [42.3053578, 45.2937533], [42.3134752, 45.29381939999999], [42.3168468, 45.2940903], [42.3261027, 45.29419479999999], [42.3276449, 45.2942278], [42.3356717, 45.294244799999994], [42.335349699999995, 45.303255899999996], [42.348503799999996, 45.30336109999999], [42.360620499999996, 45.303659599999996], [42.3610645, 45.296797999999995], [42.3619445, 45.2788275], [42.362015199999995, 45.2691784], [42.36197229999999, 45.26808350000001], [42.361800699999996, 45.2673058], [42.36152169999999, 45.266852699999994], [42.3608351, 45.2664676], [42.36045959999999, 45.2662789], [42.3587751, 45.265901299999996], [42.35784460000001, 45.2655925], [42.35657569999999, 45.26504049999999], [42.3536146, 45.2647158], [42.3535395, 45.2643608], [42.35356089999999, 45.26274479999999], [42.3543854, 45.2579436], [42.3602459, 45.2494374], [42.3726638, 45.2334406], [42.36550739999999, 45.23333950000001], [42.352012499999994, 45.23306749999999], [42.3346214, 45.2328391], [42.3352826, 45.21335959999999], [42.3353264, 45.2120895], [42.33475849999999, 45.2121935], [42.334538, 45.21221119999999], [42.332561399999996, 45.2118468], [42.3315499, 45.21153619999999], [42.331005399999995, 45.211154], [42.3299665, 45.2108152], [42.329710999999996, 45.2107707], [42.3288413, 45.21079949999999], [42.328115499999996, 45.21068459999999], [42.3279739, 45.21069619999999], [42.3278822, 45.2106564], [42.327580999999995, 45.2107285], [42.3273525, 45.21069310000001], [42.32686269999999, 45.210357699999996], [42.32573489999999, 45.2102284], [42.3255188, 45.2101454], [42.325419399999994, 45.20990030000001], [42.3253974, 45.2095311], [42.32549999999999, 45.2093405], [42.32695129999999, 45.2084053], [42.327573199999996, 45.2080857], [42.3279797, 45.20772109999999], [42.3280174, 45.2076165], [42.327935, 45.2075227], [42.327099999999994, 45.20731419999999], [42.327095, 45.20709639999999], [42.326912, 45.2067804], [42.3268335, 45.20621839999999], [42.3267479, 45.205992], [42.32610609999999, 45.20544979999998], [42.32606299999999, 45.205317699999995], [42.3265059, 45.204791799999995], [42.32671779999999, 45.2030409], [42.3265921, 45.2027352], [42.327086699999995, 45.20212320000001], [42.32720239999999, 45.2019231], [42.32719879999999, 45.201762099999996], [42.3269382, 45.20149039999999], [42.3259494, 45.200999499999995], [42.32587829999999, 45.200820199999995], [42.32589899999999, 45.20055479999999], [42.32630329999999, 45.2000956], [42.3263505, 45.1998202], [42.325818999999996, 45.19941899999999], [42.3256933, 45.199192999999994], [42.3258988, 45.1988117], [42.32680069999999, 45.1984511], [42.327089799999996, 45.19822049999999], [42.3273076, 45.197801199999994], [42.3277945, 45.1962801], [42.327994, 45.19597129999998], [42.3286439, 45.195712], [42.32865319999999, 45.195452], [42.3275836, 45.19451829999999], [42.326343, 45.19468599999999], [42.326318, 45.1946923], [42.32561449999999, 45.194835399999995], [42.3245188, 45.19472559999999], [42.3242075, 45.1945775], [42.32406929999999, 45.194389599999994], [42.3235376, 45.1939694], [42.323079, 45.1938229], [42.319998399999996, 45.1937438], [42.3188984, 45.193642499999996], [42.31620920000001, 45.193123199999995], [42.314977500000005, 45.193118], [42.3134186, 45.1928512], [42.310151, 45.1927707], [42.31009589999999, 45.1927642], [42.3097472, 45.1927033], [42.309222399999996, 45.19258159999999], [42.3084904, 45.1916966], [42.307211499999994, 45.1913697], [42.3071153, 45.190503199999995], [42.30532449999999, 45.1891048], [42.3039552, 45.1885371], [42.30278369999999, 45.1879362], [42.299847799999995, 45.1869925], [42.2952246, 45.18509649999999], [42.2921859, 45.1836328], [42.291912999999994, 45.1834473], [42.2907625, 45.1834048], [42.2877869, 45.1841349], [42.2871906, 45.1838678], [42.2857113, 45.1832091], [42.2841314, 45.18350709999999], [42.2822133, 45.183828], [42.27974679999999, 45.1838043], [42.27679539999999, 45.1829583], [42.2748354, 45.1827193], [42.2739608, 45.1820582], [42.273818399999996, 45.1819605], [42.2718376, 45.1812163], [42.2711061, 45.1808092], [42.27016549999999, 45.18023960000001], [42.2692916, 45.1784266], [42.2680914, 45.17812240000001], [42.266325599999995, 45.177814399999995], [42.265182599999996, 45.17794039999999], [42.2643765, 45.178029699999996], [42.25897729999999, 45.17777209999999], [42.2555706, 45.1778549], [42.2520658, 45.17813700000001], [42.24957899999999, 45.1782494], [42.2459291, 45.17848649999999], [42.244907899999994, 45.178526100000006], [42.2437017, 45.178484499999996], [42.24222699999999, 45.178742799999995], [42.24075959999999, 45.17874119999999], [42.2393162, 45.178637099999996], [42.238923899999996, 45.1786695], [42.23828699999999, 45.17885009999999], [42.2379993, 45.1789729], [42.23665789999999, 45.17954579999999], [42.22968, 45.18049179999999], [42.2246475, 45.1805036], [42.2201323, 45.180788], [42.21920599999999, 45.1811383], [42.2177528, 45.1813111], [42.2162921, 45.18116979999999], [42.20699200000001, 45.183023999999996], [42.205254999999994, 45.18390659999999], [42.2046003, 45.1839931], [42.2040181, 45.18430819999999], [42.203182, 45.18475469999999], [42.200504, 45.1848849], [42.19946209999999, 45.184755599999995], [42.1976515, 45.185062], [42.1967136, 45.1854964], [42.1954081, 45.1855135], [42.19307599999999, 45.18511459999999], [42.19171469999999, 45.18555859999999], [42.1913706, 45.18025839999999], [42.1850393, 45.180388699999995], [42.1849875, 45.1703858], [42.18473889999999, 45.1600481], [42.1840966, 45.15857679999999], [42.1842421, 45.156709299999996], [42.1833821, 45.1520855], [42.1830063, 45.1506763], [42.182963099999995, 45.14961089999999], [42.18247529999999, 45.14891909999999], [42.1810432, 45.148512399999994], [42.17979499999999, 45.1480627], [42.17687839999999, 45.1474917], [42.17563199999999, 45.14709979999999], [42.1735454, 45.14526919999999], [42.1711721, 45.1446115], [42.1691557, 45.1441348], [42.16742889999999, 45.142587799999994], [42.1659324, 45.1425399], [42.1641912, 45.14209699999999], [42.1633919, 45.14227819999999], [42.162735399999995, 45.141996299999995], [42.160080699999995, 45.1419158], [42.158482199999995, 45.1414929], [42.1559405, 45.140779699999996], [42.152718099999994, 45.1397715], [42.151176099999994, 45.1399761], [42.15007279999999, 45.13990149999999], [42.1498596, 45.139315499999995], [42.1480171, 45.1385031], [42.144656499999996, 45.1375129], [42.138877, 45.1363935], [42.1382378, 45.1360606], [42.1385608, 45.1347079], [42.1378745, 45.13379659999999], [42.13833879999999, 45.13312729999999], [42.13827820000001, 45.13197389999999], [42.13749099999999, 45.1307208], [42.137488, 45.1293973], [42.1364212, 45.12837119999999], [42.136158800000004, 45.1270183], [42.135714799999995, 45.12632049999999], [42.1346046, 45.125879], [42.13358869999999, 45.1250724], [42.13268709999999, 45.12464], [42.1316535, 45.1244272], [42.1368855, 45.123842499999995], [42.144838199999995, 45.123870999999994], [42.14604919999999, 45.124412199999995], [42.1534973, 45.1254608], [42.153880799999996, 45.123187400000006], [42.1621968, 45.11090959999999], [42.16479429999999, 45.10761819999999], [42.1719257, 45.1097749], [42.1729338, 45.1081536], [42.1683896, 45.106656799999996], [42.146897, 45.1014501], [42.13381139999999, 45.1006541], [42.13530029999999, 45.093275799999994], [42.13935609999999, 45.0921063], [42.1470401, 45.0924409], [42.147025, 45.088260299999995], [42.1470118, 45.08261250000001], [42.1469907, 45.0802504], [42.1508403, 45.080229599999996], [42.15363369999999, 45.08076839999999], [42.1544993, 45.0804525], [42.16119069999999, 45.080268299999986], [42.1653348, 45.080332799999994], [42.167232899999995, 45.07984], [42.17115359999999, 45.0794428], [42.172488, 45.078571], [42.17304299999999, 45.0783018], [42.1736601, 45.078168999999995], [42.1760623, 45.076087599999994], [42.1782057, 45.07356099999999], [42.17979569999999, 45.071800399999994], [42.189217799999994, 45.0609792], [42.192333299999994, 45.05678509999999], [42.2070132, 45.0400806], [42.21118919999999, 45.03559429999999], [42.2079919, 45.033795299999994], [42.21108250000001, 45.03159819999999], [42.22958229999999, 45.018314999999994], [42.2394907, 45.0111906], [42.24254119999999, 45.008998299999995], [42.244130399999996, 45.0083391], [42.24715249999999, 45.0091471], [42.248792699999996, 45.009053599999994], [42.25520079999999, 45.0110528], [42.25694049999999, 45.0098124], [42.26134759999999, 45.0066484], [42.27010279999999, 45.0003622], [42.2785579, 44.9943062], [42.2903312, 44.9858719], [42.29015879999999, 44.98553609999999], [42.288668099999995, 44.9833094], [42.2861089, 44.980931], [42.286088799999995, 44.9775942], [42.2860361, 44.9684831], [42.2860042, 44.9599071], [42.285994, 44.955256], [42.28821969999999, 44.9553718], [42.2918921, 44.95540179999999], [42.29660570000001, 44.95537379999999], [42.2996274, 44.9554191], [42.31019109999999, 44.9554291], [42.3150886, 44.9554259], [42.3175011, 44.95540510000001], [42.3239483, 44.95531689999999], [42.3367334, 44.955275], [42.341552699999994, 44.9552736], [42.3462184, 44.9553061], [42.3477518, 44.955292400000005], [42.348426999999994, 44.9552923], [42.3492792, 44.955292099999994], [42.3596025, 44.955268], [42.3852306, 44.9551308], [42.3914427, 44.9551119], [42.39520319999999, 44.9551105], [42.3991922, 44.9550983], [42.3993978, 44.95508319999999], [42.3993749, 44.940927], [42.39916459999999, 44.923159000000005], [42.398804899999995, 44.8799942], [42.3988942, 44.8780377], [42.3988341, 44.877042100000004], [42.3989909, 44.858494799999995], [42.398563, 44.819085], [42.398585999999995, 44.8150064], [42.3986891, 44.81369029999999], [42.398919, 44.8045288], [42.398384099999994, 44.7786505], [42.398279499999994, 44.775421], [42.4016437, 44.77535759999999], [42.40463299999999, 44.77531329999999], [42.40450609999999, 44.7591399], [42.4044553, 44.74366489999999], [42.3675318, 44.7437169], [42.3582842, 44.7437585], [42.351169, 44.7438183], [42.34946250000001, 44.7438339], [42.3457171, 44.743865], [42.335026299999996, 44.7440121], [42.33417759999999, 44.7440699], [42.3137531, 44.7441212], [42.3030993, 44.744244], [42.3012777, 44.7443545], [42.292615399999995, 44.74488000000001], [42.2810293, 44.7451252], [42.27051029999999, 44.745247199999994], [42.27034509999999, 44.76229419999999], [42.26725849999999, 44.7622794], [42.26476290000001, 44.7624191], [42.235049, 44.76251249999999], [42.2276412, 44.7621513], [42.2234748, 44.762204600000004], [42.22137669999999, 44.762304199999996], [42.221077799999996, 44.776575599999994], [42.2142863, 44.77639009999999], [42.19961169999999, 44.776317299999995], [42.187678399999996, 44.776252799999995], [42.170686499999995, 44.77594299999999], [42.1695676, 44.775867899999994], [42.1597381, 44.7640331], [42.155582499999994, 44.7597348], [42.1401695, 44.743961600000006], [42.1306198, 44.7486459], [42.1252813, 44.7511962], [42.1200132, 44.7537003], [42.11476069999999, 44.756216], [42.10431100000001, 44.761111099999994], [42.0840186, 44.7712828], [42.0836017, 44.7724588], [42.0833032, 44.773947199999995], [42.0834577, 44.77598009999999], [42.08299709999999, 44.7772498], [42.08284419999999, 44.7783782], [42.0823075, 44.7797144], [42.0814139, 44.781999299999995], [42.0811464, 44.7824477], [42.0785921, 44.7847841], [42.0810604, 44.786508899999994], [42.0785434, 44.7885191], [42.0769607, 44.7897929], [42.0783446, 44.7909229], [42.0789693, 44.7916311], [42.07815539999999, 44.79278], [42.07783229999999, 44.7931609], [42.07748449999999, 44.793588299999996], [42.07521890000001, 44.79521870000001], [42.07476129999999, 44.796254], [42.073678, 44.7969897], [42.07233579999999, 44.7977398], [42.0717948, 44.798961], [42.0711061, 44.800998899999996], [42.0639815, 44.79775239999999], [42.0619431, 44.797578], [42.057394200000005, 44.7974466], [42.05553749999999, 44.794228600000004], [42.05282989999999, 44.7913875], [42.049361999999995, 44.7886809], [42.0468254, 44.7870554], [42.0442067, 44.7850852], [42.04157969999999, 44.78414769999999], [42.0380793, 44.782952699999996], [42.03614, 44.7802618], [42.0348572, 44.77872479999999], [42.03363999999999, 44.7780702], [42.031999299999995, 44.7765079], [42.0302433, 44.7758646], [42.0298373, 44.7757158], [42.02578750000001, 44.77513929999999], [42.02504179999999, 44.77491349999999], [42.0194393, 44.7751548], [42.019944699999996, 44.7758913], [42.0154344, 44.777802699999995], [42.014578799999995, 44.7766338], [42.0140442, 44.7771555], [42.0125131, 44.778026700000005], [42.0127734, 44.7827371], [42.01047909999999, 44.7861036], [42.0108443, 44.7877186], [42.0111412, 44.7889362], [42.015409, 44.7915486], [42.010547, 44.795922499999996], [42.00884899999999, 44.8004508], [42.00495719999999, 44.8016508], [42.000831, 44.802952299999994], [42.0001623, 44.804334100000005], [42.00271039999999, 44.808403399999996], [42.00361749999999, 44.8121174], [42.002548299999994, 44.8137001], [41.9990917, 44.8144418], [41.996516799999995, 44.8147021], [41.995199, 44.8151355], [41.9847888, 44.8188901], [41.9829373, 44.8171708], [41.990214, 44.8112873], [41.99274369999999, 44.8101445], [41.9939473, 44.80955079999999], [41.994591699999994, 44.8085915], [41.9940745, 44.8075976], [41.9948926, 44.806637], [41.9940369, 44.8058031], [41.993731, 44.80454089999999], [41.9964953, 44.803486899999996], [41.9995186, 44.8028678], [41.9999135, 44.8023474], [42.00179839999999, 44.80201910000001], [42.003008699999995, 44.801043699999994], [42.00259439999999, 44.7996399], [42.0000211, 44.799262], [41.9999699, 44.798778], [42.0007406, 44.798067499999995], [42.0009327, 44.796411799999994], [42.0003603, 44.7940583], [41.9998544, 44.7939933], [41.9976915, 44.794163399999995], [41.99768699999999, 44.793342200000005], [41.99956279999999, 44.79305049999999], [42.002128199999994, 44.79251179999999], [42.0024022, 44.79184389999999], [42.001098199999994, 44.7912183], [41.9995024, 44.79051119999999], [42.0004876, 44.7895407], [41.99998840000001, 44.7893333], [41.9992784, 44.789038399999995], [41.998521399999994, 44.7887239], [41.99929199999999, 44.7879914], [41.99956559999999, 44.78668069999999], [42.002064, 44.784921], [42.0004435, 44.7839788], [41.998316599999995, 44.784363199999994], [41.9967376, 44.7838148], [41.99689239999999, 44.7828129], [41.994480599999996, 44.78242819999999], [41.99376029999999, 44.7841038], [41.9949526, 44.7858975], [41.993111799999994, 44.7863978], [41.99230769999999, 44.785709999999995], [41.99214109999999, 44.7858474], [41.99179029999999, 44.7874356], [41.990976200000006, 44.7873783], [41.99131979999999, 44.784548799999996], [41.9907168, 44.7839013], [41.9884636, 44.785062999999994], [41.9883528, 44.7861455], [41.987741099999994, 44.7861644], [41.9871229, 44.7853044], [41.98527359999999, 44.7842919], [41.9822599, 44.7854612], [41.9804757, 44.7863255], [41.9803284, 44.7874587], [41.9807801, 44.788116699999996], [41.98083909999999, 44.7891593], [41.981935799999995, 44.7895502], [41.9822041, 44.7906048], [41.981280999999996, 44.7908836], [41.9811042, 44.7913436], [41.983227, 44.79232819999999], [41.9778778, 44.7949917], [41.975628099999994, 44.7957141], [41.97310199999999, 44.7952746], [41.96351229999999, 44.7973714], [41.9618212, 44.7985932], [41.9610928, 44.7982045], [41.9591662, 44.7987676], [41.9597099, 44.8005791], [41.95790689999999, 44.80225089999999], [41.958504, 44.80322159999999], [41.95847839999999, 44.80398619999999], [41.95951699999999, 44.8041983], [41.9607642, 44.8046062], [41.9590544, 44.805995499999995], [41.9574881, 44.80832800000001], [41.9597569, 44.8119121], [41.962253200000006, 44.8134444], [41.96222409999999, 44.8139397], [41.96003089999999, 44.816373299999995], [41.9561446, 44.821818799999996], [41.954585400000006, 44.8219609], [41.9514204, 44.82437159999999], [41.9504282, 44.82730399999999], [41.95015, 44.830201699999996], [41.94836999999999, 44.8316158], [41.9465091, 44.83309409999999], [41.9426428, 44.836318500000004], [41.939110799999995, 44.8388272], [41.936357799999996, 44.8414108], [41.934342699999995, 44.8417013], [41.93025730000001, 44.84285630000001], [41.9224978, 44.8457131], [41.91735959999999, 44.8525192], [41.915543199999995, 44.851254], [41.9143888, 44.8504499], [41.91344869999999, 44.8516304], [41.913258299999995, 44.85397979999999], [41.9128543, 44.8569438], [41.89902849999999, 44.8546926], [41.8948119, 44.852625200000006], [41.8836285, 44.8564208], [41.88207, 44.85789119999999], [41.8778505, 44.860471200000006], [41.8767513, 44.8603857], [41.8717283, 44.8631628], [41.87018119999999, 44.861383], [41.8610287, 44.8669569], [41.8583053, 44.87055329999999], [41.8540535, 44.8749994], [41.85406879999999, 44.8726153], [41.85105449999999, 44.875274399999995], [41.8493053, 44.87603669999999], [41.84648729999999, 44.8776949], [41.84479, 44.877746099999996], [41.842988399999996, 44.87892780000001], [41.83792849999999, 44.87947460000001], [41.832536399999995, 44.874537100000005], [41.82661449999999, 44.869292599999994], [41.825375599999994, 44.8684755], [41.8046849, 44.87651739999999], [41.8001364, 44.8783862], [41.8008704, 44.8797881], [41.8007412, 44.88171479999999], [41.7937746, 44.8837529], [41.7881118, 44.8854528], [41.781217, 44.8882614], [41.7815291, 44.8892363], [41.773316, 44.8948582], [41.7741113, 44.896129], [41.7402926, 44.8959586], [41.7404383, 44.89811989999999], [41.7406344, 44.904034100000004], [41.72753029999999, 44.9041914], [41.72756849999999, 44.90744049999999], [41.727881599999996, 44.911323499999995], [41.7282099, 44.91933449999999], [41.728077199999994, 44.9245533], [41.728427599999996, 44.92579740000001], [41.7280121, 44.92661999999999], [41.724615799999995, 44.927711], [41.719989899999995, 44.92914809999999], [41.71806999999999, 44.9301761], [41.7167865, 44.9316386], [41.715862099999995, 44.9337358], [41.71276890000001, 44.93483139999999], [41.7109039, 44.93517409999999], [41.7088463, 44.9352452], [41.708722099999996, 44.93776789999999], [41.7044992, 44.938254500000006], [41.696845, 44.9382465], [41.697127599999995, 44.95143639999999], [41.6930325, 44.954293], [41.69520769999999, 44.956555200000004], [41.6963538, 44.95854419999999], [41.695906099999995, 44.96062830000001], [41.6955039, 44.962586099999996], [41.694716699999994, 44.9641569], [41.6939141, 44.9652618], [41.6904057, 44.9679648], [41.688881599999995, 44.969999099999995], [41.6870912, 44.97196139999999], [41.6866986, 44.97366619999999], [41.6875712, 44.97441849999999], [41.6884449, 44.9752667], [41.6896743, 44.97690279999999], [41.6905921, 44.97670599999999], [41.6917658, 44.9785242], [41.69082809999999, 44.9794565], [41.6912932, 44.98032659999999], [41.693488499999994, 44.9828543], [41.6959045, 44.9856802], [41.6947982, 44.9858716], [41.6941504, 44.985876299999994], [41.6814148, 44.9859692], [41.67704849999999, 44.9860123], [41.6674832, 44.9861103], [41.6539743, 44.986253], [41.576678699999995, 44.987083199999994]], [[41.94096979999999, 44.9786754], [41.9397114, 44.9766334], [41.9403165, 44.9762326], [41.9390131, 44.9752802], [41.938940499999994, 44.97386229999999], [41.940851099999996, 44.974663099999994], [41.94550670000001, 44.9751605], [41.94484419999999, 44.9764988], [41.9448185, 44.9779586], [41.94513619999999, 44.9790662], [41.9471263, 44.97862129999999], [41.94691509999999, 44.97823509999999], [41.94683899999999, 44.9782727], [41.94671379999999, 44.978145899999994], [41.94684229999999, 44.9781019], [41.9466453, 44.97774189999999], [41.947582999999995, 44.97736780000001], [41.948092, 44.97816699999999], [41.950573799999994, 44.97693989999999], [41.9512279, 44.9769469], [41.952616, 44.977478999999995], [41.95268969999999, 44.976287], [41.95255, 44.97626309999999], [41.950299, 44.9746993], [41.9490091, 44.9733543], [41.946919, 44.9717768], [41.946903, 44.97170409999999], [41.94746829999999, 44.97133680000001], [41.94794569999999, 44.971631699999996], [41.9492321, 44.9706427], [41.950235199999995, 44.970453], [41.94990229999999, 44.9700852], [41.951089499999995, 44.9697951], [41.954311399999995, 44.9732734], [41.95327149999999, 44.973329699999994], [41.953329499999995, 44.973809], [41.9539245, 44.9738883], [41.95405809999999, 44.9763942], [41.9573216, 44.9771959], [41.958205899999996, 44.97719359999999], [41.95976069999999, 44.9731678], [41.9602114, 44.972635200000006], [41.9645277, 44.97033859999999], [41.96553449999999, 44.97141009999999], [41.9624614, 44.97340909999999], [41.962658299999994, 44.974526899999994], [41.96309039999999, 44.974554999999995], [41.963339, 44.9753152], [41.9636247, 44.97521210000001], [41.963510400000004, 44.9750868], [41.9637511, 44.97497430000001], [41.96384669999999, 44.975136299999996], [41.9644039, 44.975371599999995], [41.9647175, 44.974819499999995], [41.96545489999999, 44.9748659], [41.9663735, 44.97552640000001], [41.9661528, 44.9749192], [41.96854919999999, 44.974239499999996], [41.97104600000001, 44.97394549999999], [41.972011699999996, 44.9739603], [41.97177189999999, 44.9747976], [41.9733474, 44.9750335], [41.9752472, 44.974602499999996], [41.97619559999999, 44.9736698], [41.977824399999996, 44.973310999999995], [41.977869399999996, 44.974364400000006], [41.9790104, 44.9756088], [41.9632323, 44.9810303], [41.963566, 44.9817912], [41.9643334, 44.98159629999999], [41.9647629, 44.9821054], [41.96511269999999, 44.9821273], [41.96596279999999, 44.9834967], [41.967481899999996, 44.9867268], [41.9670686, 44.98702719999999], [41.9670885, 44.98708899999999], [41.96726449999999, 44.98763679999999], [41.9705902, 44.98757739999999], [41.97219319999999, 44.98746599999999], [41.9763298, 44.98759259999999], [41.97901209999999, 44.98927189999999], [41.9813515, 44.9881029], [41.9838858, 44.9877258], [41.9869462, 44.98937149999999], [41.985693000000005, 44.990063199999994], [41.98568199999999, 44.9904284], [41.98486319999999, 44.99061129999999], [41.985294599999996, 44.99190649999999], [41.9838483, 44.99303439999999], [41.98495500000001, 44.9963548], [41.9864868, 44.997033699999996], [41.987528, 44.998295399999996], [41.9891329, 44.99838789999999], [41.98986519999999, 44.9948508], [41.99123029999999, 44.994989499999996], [41.994252, 44.9949471], [41.9978653, 44.9945487], [41.9979585, 44.9948689], [42.002893099999994, 44.99431529999999], [42.0033893, 44.9941483], [42.0073722, 44.993506399999994], [42.0173713, 44.99007209999999], [42.02064959999999, 44.989117799999995], [42.0230382, 44.9936198], [42.0179334, 44.9954576], [42.01807999999999, 44.9956844], [42.0178104, 44.9957618], [42.017676099999996, 44.9955503], [42.0132443, 44.9970732], [42.0114786, 44.9978773], [42.0108244, 44.9973877], [42.0113216, 44.9960808], [42.00933739999999, 44.99535749999999], [42.008753, 44.99561750000001], [42.0114584, 44.9992831], [42.01291569999999, 44.9999585], [42.0161785, 45.00041889999999], [42.016447, 44.9999168], [42.020976399999995, 44.9986019], [42.021567, 44.9998526], [42.021167999999996, 45.00059139999999], [42.0235516, 45.0015792], [42.024029299999995, 44.999789699999994], [42.026368299999994, 44.9969843], [42.02776819999999, 44.9957564], [42.0283779, 44.9953179], [42.02878059999999, 44.9947702], [42.02952619999999, 44.9949502], [42.0294725, 44.99515559999999], [42.0300496, 44.995109899999996], [42.03062599999999, 44.9952276], [42.03107059999999, 44.995299599999996], [42.0302646, 44.9996434], [42.0329585, 45.0064998], [42.03405339999999, 45.0067292], [42.034875899999996, 45.00874029999999], [42.035720999999995, 45.01033799999999], [42.0378013, 45.01055269999999], [42.0381385, 45.0118659], [42.038525, 45.0121431], [42.0375714, 45.014294199999995], [42.042456699999995, 45.01634889999999], [42.043054899999994, 45.01658729999999], [42.0497158, 45.01962619999999], [42.05079419999999, 45.02010959999999], [42.0558562, 45.02306949999999], [42.05696739999999, 45.023865199999996], [42.058077499999996, 45.0248122], [42.059646400000005, 45.026479899999984], [42.05939419999999, 45.0274157], [42.0568854, 45.027012], [42.054433, 45.026102099999996], [42.0525254, 45.0262545], [42.048192699999994, 45.02535439999999], [42.04692229999999, 45.02474689999999], [42.04556159999999, 45.026189], [42.045489, 45.027077500000004], [42.0458077, 45.0273102], [42.0462034, 45.0271115], [42.04905070000001, 45.0280353], [42.0485468, 45.028964699999996], [42.048077899999996, 45.028857499999994], [42.0476481, 45.0293167], [42.04865219999999, 45.0294901], [42.048993599999996, 45.02957380000001], [42.0502386, 45.0298479], [42.05085969999999, 45.029947799999995], [42.0506732, 45.0305386], [42.05176079999999, 45.030695], [42.0516575, 45.03096719999999], [42.0521221, 45.031074399999994], [42.0520372, 45.0313432], [42.05334839999999, 45.0314821], [42.053497, 45.03169559999999], [42.0564964, 45.03228109999999], [42.06391239999999, 45.0341717], [42.064440999999995, 45.0335974], [42.0687498, 45.0350122], [42.0692618, 45.03471859999999], [42.07035919999999, 45.036175], [42.0723345, 45.037676899999994], [42.0818318, 45.0429184], [42.0826452, 45.0437251], [42.08188679999999, 45.043961599999996], [42.08118149999999, 45.04456359999999], [42.07790649999999, 45.04600039999999], [42.0732422, 45.0474553], [42.084001, 45.0492688], [42.0839265, 45.0500065], [42.0845808, 45.052656299999995], [42.088165599999996, 45.05514939999999], [42.092048199999994, 45.057606799999995], [42.0912968, 45.05804279999999], [42.079954, 45.073314399999994], [42.08371499999999, 45.0739811], [42.083720299999996, 45.081791300000006], [42.0842383, 45.0841893], [42.083198, 45.0842789], [42.080707499999995, 45.08377689999999], [42.0794698, 45.084977699999996], [42.0772935, 45.0854848], [42.07691679999999, 45.08578309999999], [42.0762448, 45.0870262], [42.07271909999999, 45.0876682], [42.07321379999999, 45.0887527], [42.076449, 45.08795359999999], [42.07782139999999, 45.0897008], [42.0812075, 45.0894099], [42.0834, 45.0945835], [42.0794044, 45.09543519999999], [42.07936409999999, 45.09568049999999], [42.07659679999999, 45.09581519999999], [42.0737586, 45.0960069], [42.0698308, 45.096262100000004], [42.0687007, 45.0963273], [42.06733450000001, 45.09658499999999], [42.0659756, 45.09700900000001], [42.0618017, 45.0990913], [42.055908699999996, 45.1003523], [42.056225899999994, 45.1011051], [42.0485346, 45.1025074], [42.0472834, 45.1027993], [42.0452842, 45.1032677], [42.039052399999996, 45.10475859999999], [42.03872969999999, 45.104045199999995], [42.03011789999999, 45.1067742], [42.0308756, 45.1030193], [42.0309159, 45.10290679999999], [42.03078829999999, 45.1026462], [42.031689, 45.1014622], [42.03446509999999, 45.098411500000005], [42.03425239999999, 45.09824989999999], [42.03700619999999, 45.0970609], [42.03706089999999, 45.0969601], [42.0399449, 45.0958042], [42.03952579999999, 45.0911073], [42.0352286, 45.0913762], [42.0350205, 45.0895684], [42.0338905, 45.0902564], [42.0331306, 45.09049670000001], [42.0319333, 45.09027729999999], [42.030169199999996, 45.09044509999999], [42.029830999999994, 45.0903354], [42.0291802, 45.0907901], [42.0264909, 45.091691000000004], [42.02489529999999, 45.0915614], [42.0241732, 45.0917421], [42.023396299999995, 45.0917357], [42.0229027, 45.0912388], [42.0224071, 45.0909762], [42.0210906, 45.08850269999999], [42.024043299999995, 45.084678800000006], [42.0248747, 45.0829486], [42.0225894, 45.0827754], [42.0174421, 45.082238399999994], [42.0171628, 45.08605829999999], [42.0070904, 45.0843852], [42.00260819999999, 45.0846777], [42.0018791, 45.0813384], [42.002399999999994, 45.080895399999996], [42.00238649999999, 45.0801269], [42.001835199999995, 45.0797092], [42.0012014, 45.0792608], [42.00121229999999, 45.079146], [42.0010542, 45.07777359999999], [42.0009702, 45.0758167], [41.999162199999994, 45.0763428], [41.9978125, 45.0771774], [41.9968075, 45.076738399999996], [41.9965955, 45.0762553], [41.995475799999994, 45.07626], [41.99475519999999, 45.0762949], [41.9947374, 45.0773021], [41.99355539999999, 45.0773145], [41.99363879999999, 45.0791131], [41.992781099999995, 45.07957559999999], [41.9916851, 45.0804367], [41.9911196, 45.080908], [41.9891994, 45.08116329999999], [41.9813644, 45.0819522], [41.9767031, 45.0820274], [41.9762966, 45.08280760000001], [41.97566359999999, 45.08359229999999], [41.97209629999999, 45.0849062], [41.971520899999994, 45.087419399999995], [41.97471319999999, 45.0881781], [41.9803669, 45.0889269], [41.9824352, 45.0894774], [41.983582199999994, 45.0895264], [41.9849369, 45.09021669999999], [41.9863795, 45.0902986], [41.9866854, 45.0908847], [41.987480899999994, 45.090614], [41.988406899999994, 45.0924501], [41.9885929, 45.0925269], [41.9877356, 45.095054399999995], [41.98383369999999, 45.09452610000001], [41.98244759999999, 45.09546929999999], [41.98388739999999, 45.09684479999999], [41.98458759999999, 45.0976588], [41.98527419999999, 45.098476999999995], [41.9854169, 45.0994785], [41.9850654, 45.101940799999994], [41.9830857, 45.10410050000001], [41.9823832, 45.10654949999999], [41.97924859999999, 45.10633059999999], [41.97706529999999, 45.1060779], [41.97184579999999, 45.1054048], [41.97181609999999, 45.105460199999996], [41.9707879, 45.108118], [41.96798149999999, 45.1124893], [41.967755600000004, 45.11278840000001], [41.9672115, 45.1126469], [41.9675052, 45.112140499999995], [41.9676255, 45.1113334], [41.9667051, 45.109972600000006], [41.964419899999996, 45.11072179999999], [41.9641607, 45.11038959999999], [41.9563641, 45.1130176], [41.956285699999995, 45.113044], [41.95176099999999, 45.1060559], [41.9494192, 45.10257909999999], [41.9487304, 45.1012847], [41.948648, 45.100007299999994], [41.9487685, 45.0993059], [41.91898559999999, 45.0962641], [41.92236809999999, 45.0935987], [41.9236191, 45.093225399999994], [41.924832099999996, 45.091460399999995], [41.9251697, 45.09030099999999], [41.92536979999999, 45.08952529999999], [41.9251463, 45.0885582], [41.9245688, 45.088257899999995], [41.9242381, 45.0873984], [41.9245282, 45.087185899999994], [41.9260465, 45.0856947], [41.9255874, 45.083991899999994], [41.92692919999999, 45.083182199999996], [41.9271144, 45.082411799999996], [41.9269173, 45.0824038], [41.9268955, 45.0822614], [41.92445339999999, 45.08213659999999], [41.926085699999994, 45.08068229999999], [41.92320719999999, 45.0790716], [41.9226004, 45.0780265], [41.9233548, 45.07562589999999], [41.9222857, 45.0757759], [41.9220013, 45.075413], [41.92201089999999, 45.0747319], [41.9218731, 45.0742885], [41.9211128, 45.073826399999994], [41.9208038, 45.0730979], [41.921084199999996, 45.0728771], [41.92085550000001, 45.0716073], [41.9218362, 45.07137209999999], [41.92213829999999, 45.0711964], [41.9228058, 45.070923], [41.9222979, 45.0702739], [41.921650799999995, 45.0697507], [41.92109409999999, 45.06946469999999], [41.9195369, 45.06880919999999], [41.917841, 45.0688817], [41.9176893, 45.069123000000005], [41.9166969, 45.068960499999996], [41.9166987, 45.06893219999999], [41.91766629999999, 45.0690733], [41.91771129999999, 45.068964799999996], [41.9159975, 45.0686076], [41.915952499999996, 45.0687161], [41.9164984, 45.068862], [41.9164988, 45.06890460000001], [41.915638, 45.06870459999999], [41.9156835, 45.0686211], [41.915853600000005, 45.06869549999998], [41.9160091, 45.0684979], [41.91401419999999, 45.06785099999999], [41.9140504, 45.0677511], [41.9129305, 45.0673049], [41.913982999999995, 45.0645443], [41.9116318, 45.0641137], [41.91007139999999, 45.06510329999999], [41.9085725, 45.065073999999996], [41.9085587, 45.0648951], [41.9059096, 45.0648684], [41.90516949999999, 45.06475669999999], [41.903046599999996, 45.063553199999994], [41.902427, 45.063179399999996], [41.9018778, 45.0627164], [41.901744099999995, 45.061389199999994], [41.9005445, 45.06106729999999], [41.9006695, 45.06067169999999], [41.8962565, 45.0587123], [41.8981608, 45.0581608], [41.89884249999999, 45.057648099999994], [41.899190299999994, 45.0570563], [41.898556299999996, 45.05649319999999], [41.897963, 45.056296200000006], [41.896280299999994, 45.05613869999999], [41.896307099999994, 45.0556126], [41.89715029999999, 45.05541379999999], [41.897090199999994, 45.05405819999999], [41.8969333, 45.0536994], [41.89615479999999, 45.0533116], [41.89416469999999, 45.052984], [41.893597, 45.0522913], [41.8953319, 45.0510961], [41.8945065, 45.0488006], [41.8974095, 45.044831499999994], [41.8978759, 45.044193699999994], [41.891590099999995, 45.04416260000001], [41.8920043, 45.034689699999994], [41.88225229999999, 45.0348289], [41.8808053, 45.0347717], [41.8803748, 45.03424609999999], [41.880337399999995, 45.03271459999999], [41.880194, 45.032449], [41.8777838, 45.0299697], [41.87765389999999, 45.03006599999999], [41.8775694, 45.0302129], [41.877381699999994, 45.03033889999999], [41.877323999999994, 45.0303086], [41.8769002, 45.030612899999994], [41.8761521, 45.031223000000004], [41.87482349999999, 45.0303664], [41.8747102, 45.030356], [41.8745297, 45.030274999999996], [41.874266399999996, 45.0304861], [41.87398, 45.0302748], [41.87423559999999, 45.030086], [41.874116699999995, 45.0300124], [41.8740269, 45.030056], [41.87393639999999, 45.0299944], [41.87375529999999, 45.0300925], [41.8733885, 45.02988589999999], [41.8738193, 45.02949649999999], [41.87440389999999, 45.0290689], [41.874774699999996, 45.02882880000001], [41.8748599, 45.0288734], [41.87585049999999, 45.0280596], [41.875965199999996, 45.0281375], [41.876632, 45.0280484], [41.8768849, 45.0268804], [41.8767914, 45.0266985], [41.8765574, 45.0266073], [41.87634899999999, 45.02659899999999], [41.8744466, 45.027278499999994], [41.87369820000001, 45.027368], [41.8518307, 45.02229799999999], [41.8451466, 45.0206377], [41.8448004, 45.020900000000005], [41.8446022, 45.021496299999995], [41.844918, 45.022367499999994], [41.846531299999995, 45.0222354], [41.848397, 45.022461099999994], [41.848890999999995, 45.02283769999999], [41.849415900000004, 45.0236319], [41.847913299999995, 45.024206899999996], [41.8470042, 45.02438539999999], [41.8467398, 45.02400339999999], [41.8466159, 45.023966], [41.8452277, 45.0246543], [41.8440764, 45.02505949999999], [41.843610500000004, 45.0250976], [41.8434046, 45.0253074], [41.8433249, 45.02558369999999], [41.84266579999999, 45.026018199999996], [41.84258109999999, 45.0260594], [41.8417442, 45.0259805], [41.8412049, 45.02621779999999], [41.84091769999999, 45.02576549999999], [41.83898489999999, 45.02576739999999], [41.83905649999999, 45.0242613], [41.83941409999999, 45.0236765], [41.839464, 45.0233726], [41.83920940000001, 45.0233605], [41.8387998, 45.0237635], [41.8365687, 45.024611], [41.8356044, 45.02483509999999], [41.8345119, 45.0248], [41.83467689999999, 45.0241535], [41.8346453, 45.0241534], [41.8338427, 45.02397789999999], [41.832468, 45.0237343], [41.82713309999999, 45.0226859], [41.82700439999999, 45.0226129], [41.826596699999996, 45.0226394], [41.82654839999999, 45.0225077], [41.8261815, 45.0225236], [41.8262655, 45.0232589], [41.8262614, 45.02342339999999], [41.8262364, 45.02351399999999], [41.82558819999999, 45.02351629999999], [41.82577319999999, 45.02486089999999], [41.82619029999999, 45.0256121], [41.8263527, 45.025989300000006], [41.82700539999999, 45.02577699999999], [41.8271761, 45.0261476], [41.8266855, 45.0269448], [41.8269511, 45.0275076], [41.8268636, 45.0282718], [41.8263445, 45.0290429], [41.8254608, 45.0297769], [41.8249431, 45.0301219], [41.8239185, 45.0304006], [41.82318020000001, 45.0307501], [41.8226525, 45.030667799999996], [41.8222239, 45.0306403], [41.8223986, 45.0297517], [41.82260889999999, 45.02956129999999], [41.8232265, 45.0291968], [41.8235914, 45.0289403], [41.8234519, 45.027984], [41.8220222, 45.0276452], [41.821438099999995, 45.0277809], [41.821298, 45.026866999999996], [41.82102439999999, 45.0258813], [41.820617799999994, 45.02490759999999], [41.81980329999999, 45.02382779999999], [41.819057099999995, 45.02342949999999], [41.818689299999996, 45.0231313], [41.8176529, 45.022719099999996], [41.817221, 45.022647], [41.81672259999999, 45.022451499999995], [41.816738599999994, 45.0223188], [41.816949099999995, 45.0221188], [41.815821099999994, 45.0219769], [41.8161951, 45.0230319], [41.8177851, 45.0285533], [41.8183207, 45.02952669999999], [41.8206945, 45.0301409], [41.8204585, 45.0305825], [41.8204556, 45.03070339999999], [41.8200132, 45.0311019], [41.8199401, 45.031211400000004], [41.8177199, 45.03195109999999], [41.818677699999995, 45.0318477], [41.81799349999999, 45.0323374], [41.81814909999999, 45.0323719], [41.81927029999999, 45.0324136], [41.8205604, 45.032273399999994], [41.820874399999994, 45.0320328], [41.8221872, 45.0323217], [41.8226894, 45.03246789999999], [41.8227962, 45.0327027], [41.8211277, 45.0339651], [41.82041949999999, 45.0343685], [41.82309299999999, 45.03593959999999], [41.8248573, 45.03785930000001], [41.824925, 45.038017499999995], [41.825079699999996, 45.0380832], [41.82549339999999, 45.03852259999999], [41.8257294, 45.0398487], [41.82601329999999, 45.039824700000004], [41.826220799999994, 45.04022200000001], [41.8288752, 45.0407473], [41.82918459999999, 45.0401069], [41.82943399999999, 45.0399443], [41.829990499999994, 45.03938459999999], [41.82945409999999, 45.03871699999999], [41.8295218, 45.038266699999994], [41.831052299999996, 45.0372105], [41.831933, 45.0371717], [41.8334434, 45.03633119999999], [41.834367099999994, 45.03601059999999], [41.836542099999996, 45.035404099999994], [41.8377341, 45.035231599999996], [41.83817140000001, 45.035182199999994], [41.8401494, 45.03505749999999], [41.840167, 45.03559949999999], [41.837398, 45.03688629999999], [41.8364317, 45.0380964], [41.8358768, 45.0384885], [41.8347201, 45.03899959999999], [41.835566299999996, 45.03938360000001], [41.834150599999994, 45.0402385], [41.834516099999995, 45.04081059999999], [41.83394189999999, 45.0408745], [41.8335534, 45.0409654], [41.8333555, 45.0411661], [41.8331545, 45.0415561], [41.8330196, 45.0420899], [41.8330226, 45.042549799999996], [41.8331674, 45.0429604], [41.8331812, 45.0432427], [41.83311979999999, 45.04354599999999], [41.832914599999995, 45.0439544], [41.8328194, 45.0444617], [41.8353005, 45.0446791], [41.83635449999999, 45.04612389999999], [41.838138799999996, 45.0469877], [41.8384697, 45.0473811], [41.838198999999996, 45.0478117], [41.8394418, 45.048574599999995], [41.8390837, 45.04925059999999], [41.8384585, 45.0501872], [41.8372367, 45.0498457], [41.83612469999999, 45.05072959999999], [41.836007200000005, 45.0509442], [41.83533469999999, 45.0518707], [41.83615979999999, 45.05226239999999], [41.83671639999999, 45.0524636], [41.8355407, 45.05434400000001], [41.83550129999999, 45.05442879999999], [41.83414119999999, 45.0541408], [41.83389699999999, 45.0541836], [41.83356319999999, 45.05685540000001], [41.8324894, 45.06144269999999], [41.833676399999995, 45.0615646], [41.8337379, 45.06212519999999], [41.83444389999999, 45.061942699999996], [41.834693699999995, 45.062273], [41.8357331, 45.061884000000006], [41.836576699999995, 45.061703599999994], [41.837654400000005, 45.06161569999999], [41.8381613, 45.0618485], [41.8392038, 45.0610194], [41.8400499, 45.0606014], [41.843675000000005, 45.0604326], [41.8465164, 45.060543499999994], [41.846485799999996, 45.0630138], [41.8459625, 45.06582530000001], [41.84951209999999, 45.0694891], [41.84767759999999, 45.0717907], [41.8489204, 45.072488], [41.8484689, 45.0743029], [41.8477414, 45.07564330000001], [41.847256099999996, 45.0759434], [41.846918499999994, 45.0766644], [41.84608639999999, 45.0771139], [41.8436314, 45.08009549999999], [41.8428966, 45.08061399999999], [41.84156159999999, 45.0795825], [41.8406165, 45.0783977], [41.8402165, 45.0776724], [41.84098339999999, 45.076986399999996], [41.8405421, 45.07643], [41.83660789999999, 45.07690910000001], [41.8215589, 45.07701670000001], [41.82353429999999, 45.073595399999995], [41.82336409999999, 45.07312209999999], [41.82351419999999, 45.07269960000001], [41.82329779999999, 45.072640199999995], [41.82286609999999, 45.07159089999999], [41.822826899999995, 45.071404799999996], [41.8228295, 45.0710695], [41.82351359999999, 45.069874799999994], [41.825368399999995, 45.066614], [41.8245676, 45.06636019999999], [41.824374500000005, 45.0661802], [41.8243825, 45.0659074], [41.8244576, 45.0650492], [41.8243235, 45.06385190000001], [41.82417869999999, 45.063067600000004], [41.8239958, 45.06269230000001], [41.823154099999996, 45.0620332], [41.821835199999995, 45.0612706], [41.8225506, 45.060604700000006], [41.8234569, 45.0600391], [41.8238461, 45.0594698], [41.825632399999996, 45.0572057], [41.8259275, 45.0567907], [41.82668069999999, 45.056024], [41.8263048, 45.0559379], [41.8118194, 45.0525839], [41.8108991, 45.05226019999999], [41.80983779999999, 45.0521743], [41.8102809, 45.0576262], [41.807839099999995, 45.0614373], [41.80725809999999, 45.0634271], [41.8052936, 45.0661473], [41.80398889999999, 45.0703234], [41.802597299999995, 45.0731119], [41.8004474, 45.07463159999999], [41.7989648, 45.074742], [41.795939, 45.077298199999994], [41.7855332, 45.0774757], [41.785199399999996, 45.07748049999999], [41.78232909999999, 45.07942069999999], [41.777848399999996, 45.0803209], [41.77513009999999, 45.08197], [41.7655743, 45.08357819999999], [41.756504099999994, 45.08461839999999], [41.7557521, 45.084704599999995], [41.7541527, 45.08475800000001], [41.7511655, 45.0840289], [41.750474499999996, 45.083883199999995], [41.74869339999999, 45.0834255], [41.7424921, 45.07628449999999], [41.741696899999994, 45.0749201], [41.7409356, 45.0726966], [41.7402704, 45.07062809999999], [41.739691099999995, 45.0692187], [41.7388971, 45.06771079999999], [41.7377277, 45.0641721], [41.7372771, 45.0635658], [41.73505629999999, 45.0609362], [41.7340134, 45.059021], [41.7332538, 45.0585035], [41.7325779, 45.05782899999999], [41.7320629, 45.05721509999999], [41.731726800000004, 45.0569468], [41.726167499999995, 45.0529628], [41.72209689999999, 45.0495573], [41.71703949999999, 45.044253000000005], [41.7149275, 45.037050699999995], [41.702884, 45.029236399999995], [41.6983974, 45.0273437], [41.6967478, 45.026883], [41.6972345, 45.024200199999996], [41.6974943, 45.02115379999999], [41.6957414, 45.0205135], [41.6983475, 45.0059516], [41.7015083, 45.002582399999994], [41.7039329, 45.0022687], [41.7100455, 44.9971805], [41.713954099999995, 44.99571759999999], [41.7220424, 44.9929813], [41.72805939999999, 44.993110900000005], [41.7322869, 44.9943042], [41.7358709, 44.9986006], [41.740007799999994, 44.99796549999999], [41.743026199999996, 44.9992676], [41.7473785, 44.996328299999995], [41.750574, 44.9958766], [41.7529068, 44.9952157], [41.7584655, 44.99017369999999], [41.7705407, 44.99274719999999], [41.7701992, 45.0004951], [41.7702591, 45.00949889999999], [41.76997179999999, 45.0141358], [41.7704577, 45.0184515], [41.7749379, 45.0193395], [41.7775425, 45.0203415], [41.77836419999999, 45.02133669999999], [41.7896125, 45.0262951], [41.7926256, 45.0308123], [41.7979015, 45.0294411], [41.801506, 45.02352619999999], [41.8018654, 45.02043259999999], [41.8031419, 45.016059799999994], [41.803132899999994, 45.015401999999995], [41.792363099999996, 45.0116181], [41.80317889999999, 44.99843039999999], [41.813252399999996, 45.0025807], [41.8146223, 45.001321999999995], [41.8146848, 45.0010945], [41.8158232, 44.999915099999996], [41.8164078, 44.99957489999999], [41.81668689999999, 44.99953049999999], [41.8202049, 44.9957057], [41.8219101, 44.9945184], [41.8241869, 44.99314540000001], [41.824212499999994, 44.9928699], [41.8245485, 44.9923068], [41.8250708, 44.9919054], [41.825760300000006, 44.99115619999999], [41.8258268, 44.9902123], [41.8275979, 44.9904687], [41.8280709, 44.9902228], [41.8296814, 44.990772199999995], [41.83353509999999, 44.991275099999996], [41.838562800000005, 44.993226], [41.8398438, 44.994207100000004], [41.8543423, 45.00201899999999], [41.8532504, 45.0032722], [41.85284599999999, 45.0040974], [41.8531656, 45.0043911], [41.85442329999999, 45.0045115], [41.85505979999999, 45.0043701], [41.855251499999994, 45.0045882], [41.8556226, 45.00462259999999], [41.85590559999999, 45.0050418], [41.8545438, 45.005147799999996], [41.8545332, 45.00532599999999], [41.85491729999999, 45.00530309999999], [41.8549353, 45.005479], [41.8555385, 45.0055676], [41.8554593, 45.00577929999999], [41.8549598, 45.0057176], [41.8549889, 45.006001499999996], [41.8565723, 45.00595429999999], [41.8570874, 45.0066398], [41.8571049, 45.0068018], [41.856811099999994, 45.0067924], [41.856831099999994, 45.0069478], [41.85653339999999, 45.0069989], [41.856441999999994, 45.0067908], [41.8530497, 45.0066916], [41.852388, 45.00826699999999], [41.85423159999999, 45.0088508], [41.856093099999995, 45.00800029999999], [41.856542899999994, 45.0079887], [41.8570767, 45.0081776], [41.85752759999999, 45.0081797], [41.8581355, 45.008709599999996], [41.858904700000004, 45.007814], [41.8619512, 45.0082447], [41.863752299999994, 45.00837049999999], [41.867389499999994, 45.00823499999999], [41.868720599999996, 45.008303999999995], [41.8759142, 45.00649059999999], [41.8795808, 45.005806], [41.89178269999999, 45.0020363], [41.8934796, 45.000760099999994], [41.8954193, 44.9999543], [41.896059799999996, 44.999325899999995], [41.8970549, 44.998726899999994], [41.8981378, 44.998373099999995], [41.8980877, 44.9982412], [41.8996117, 44.997662899999995], [41.8993998, 44.9980412], [41.8999824, 44.9982399], [41.8996371, 44.99937349999999], [41.90034849999999, 44.9995311], [41.9006977, 44.9998017], [41.9008486, 45.000074399999995], [41.903038599999995, 44.99960380000001], [41.901625599999996, 44.9987441], [41.9020993, 44.9980009], [41.9043806, 44.997792999999994], [41.90553619999999, 44.9986374], [41.9076457, 44.9974255], [41.9069515, 44.9969189], [41.9090603, 44.9954615], [41.90971239999999, 44.99545919999999], [41.910220499999994, 44.99520139999999], [41.91050659999999, 44.9951155], [41.9104306, 44.99481479999999], [41.9120003, 44.9946248], [41.91238680000001, 44.99468639999999], [41.9123873, 44.9949711], [41.913196299999996, 44.9949682], [41.9131943, 44.9950695], [41.91365689999999, 44.9950714], [41.913704499999994, 44.995233899999995], [41.9141003, 44.99521489999999], [41.91455059999999, 44.9947455], [41.91519819999999, 44.994591899999996], [41.9180199, 44.9939554], [41.918400999999996, 44.9939315], [41.918967499999994, 44.9939234], [41.9203294, 44.99361499999999], [41.9210761, 44.993562299999994], [41.92101089999999, 44.9931003], [41.91675719999999, 44.993060199999995], [41.9167587, 44.992681399999995], [41.91586029999999, 44.99272139999999], [41.9158959, 44.9930748], [41.91294619999999, 44.993199399999995], [41.9129278, 44.99287029999999], [41.91170639999999, 44.9929164], [41.911622699999995, 44.9924505], [41.911617, 44.99221729999999], [41.9074215, 44.992095199999994], [41.8999781, 44.991739], [41.898573299999995, 44.98128210000001], [41.8984987, 44.9804781], [41.8984295, 44.9799887], [41.8963973, 44.978911200000006], [41.8945235, 44.977936699999994], [41.89215469999999, 44.9766886], [41.891650399999996, 44.97699219999999], [41.891023999999994, 44.976774], [41.8904176, 44.9757192], [41.89062369999999, 44.9749897], [41.892269899999995, 44.9732124], [41.89355499999999, 44.9728594], [41.89484529999999, 44.9728621], [41.89573399999999, 44.97424229999999], [41.897104399999996, 44.97400150000001], [41.8982594, 44.9732656], [41.90220440000001, 44.97196139999999], [41.904187799999995, 44.9712586], [41.9059592, 44.9709947], [41.9081223, 44.9704519], [41.9095959, 44.9699322], [41.9115558, 44.9702511], [41.913028, 44.96966179999999], [41.9166316, 44.96893060000001], [41.9207673, 44.968465599999995], [41.92029659999999, 44.970096], [41.9201385, 44.9717196], [41.91930579999999, 44.9730777], [41.9186465, 44.97384799999999], [41.919869399999996, 44.9803035], [41.9223141, 44.9807683], [41.9224635, 44.9810287], [41.9236437, 44.9811504], [41.9296759, 44.9787631], [41.9306854, 44.9780719], [41.9304377, 44.9779056], [41.92984, 44.9766427], [41.9292177, 44.97661039999999], [41.9290187, 44.976320699999995], [41.92962289999999, 44.9763647], [41.92920569999999, 44.97580690000001], [41.928650999999995, 44.9756033], [41.928839999999994, 44.9752873], [41.92923660000001, 44.97538819999999], [41.92924769999999, 44.975511999999995], [41.9294721, 44.9755653], [41.9295346, 44.975445], [41.93044749999999, 44.97530939999999], [41.9307129, 44.97482699999999], [41.9316196, 44.974858], [41.932312499999995, 44.9754864], [41.9319004, 44.97685589999999], [41.9321886, 44.9771435], [41.931166999999995, 44.97766589999999], [41.93086199999999, 44.978354200000005], [41.93134979999999, 44.97872739999999], [41.93179729999999, 44.9785618], [41.9320548, 44.97839539999999], [41.93242519999999, 44.978616200000005], [41.9327708, 44.9783092], [41.9338712, 44.9773206], [41.9345627, 44.9774726], [41.9348564, 44.9775028], [41.933969499999996, 44.979078799999996], [41.93579009999999, 44.97916039999999], [41.93597439999999, 44.97929239999999], [41.9372503, 44.979322499999995], [41.9376173, 44.9792899], [41.93807489999999, 44.9792145], [41.9386598, 44.979161999999995], [41.939198999999995, 44.979376699999996], [41.9395726, 44.9798851], [41.939973, 44.97986929999999], [41.94032239999999, 44.97983239999999], [41.941468099999994, 44.97982580000001], [41.94096979999999, 44.9786754]]]]}}]}